ID	TRAD	SIMP	IPA	JYUTPING	EXPL	NOTE	LEVEL
1	又	又	∅ɐ22	a6	弱讀，進而爲[ə22]，常用於列舉句式，···～好···～好，···也好···也好；甚至可直接省略爲···好···好，粉肝（又）好，沙肝（又）好，切嗮以後要水洗過	(語)	1
2	一	一	∅a55	aa1	弱讀；案，單字讀或作詞尾時（如初一、萬一、統一）不能弱讀	(語)	1
3	丫	丫	∅a55	aa1	丫頭，丫鬟；丫杈，丫角髻（女孩梳在頭頂兩側的圓形髻）		1
4	啊	啊	∅a55	aa1	嘆詞，表驚訝；語氣詞，多用於加強語勢或反問		1
5	鴉	鸦	∅a55	aa1	烏鴉；鴉片		1
6	吖	吖	∅a55	aa1	吖嗪，吖啶黃；嘆詞		3
7	孲	孲	∅a55	aa1			5
8	啞	哑	∅a35	aa2	啞巴，聾啞		1
9	啊	啊	∅a35	aa2	嘆詞，表疑問		1
10	嗄	嗄	∅a35	aa2	同啊字		2
11	亞	亚	∅a33	aa3	亞洲；近指代詞，這，弱讀爲[∅ɐ33/∅ə33]，又作阿字，本字箇		1
12	呀	呀	∅a33	aa3	助詞		1
13	啊	啊	∅a33	aa3	嘆詞，表應諾；語氣詞，弱讀爲[∅ɐ33/∅ə33]		1
14	阿	阿	∅a33	aa3	阿哥；近指代詞，這，弱讀爲[∅ɐ33/∅ə33]，又作亞字，本字箇，上古歌部或魚部		1
15	埡	垭	∅a33	aa3			2
16	婭	娅	∅a33	aa3			2
17	氬	氩	∅a33	aa3			2
18	錒	锕	∅a33	aa3			2
19	掗	挜	∅a33	aa3	掗賈		4
20	啊	啊	∅a21	aa4	嘆詞，表惋惜		1
21	十	十	∅a22	aa6	弱讀，數詞幾十幾的連讀音變	(語)	1
22	啊	啊	∅a22	aa6	句首爲嘆詞，表應答、醒悟或讚歎，句末爲語氣詞		1
23	哎	哎	∅ai55	aai1	哎喲，哎呀		1
24	唉	唉	∅ai55	aai1	應答聲；唉聲嘆氣		1
25	埃	埃	∅ai55	aai1	塵埃；埃及，蘇維埃	(白)	1
26	挨	挨	∅ai55	aai1	挨近，挨住		1
27	噯	嗳	∅ai55	aai1	同哎字		2
28	欸	欸	∅ai35	aai2	欸乃		2
29	隘	隘	∅ai33	aai3	隘口，險隘		1
30	呃	呃	∅ai33	aai3	不平聲		2
31	嗌	嗌	∅ai33	aai3	噎也；〈語〉罵，～人，罵人，捱～，被罵，此義常用；喊叫，此義罕用；一說本字呃，不平聲		2
32	餲	𮩝	∅ai33	aai3		(又)	4
33	唉	唉	∅ai22	aai6	表惋惜		1
34	扼	扼	∅ak3	aak3	鐲子，手～，手鐲，唐代作扼臂，俗字鈪		1
35	軛	轭	∅ak3	aak3	牛軛		2
36	鈪	鈪	∅ak3	aak3	俗字，鐲子，本字扼		4
37	軶	軶	∅ak3	aak3			5
38	俺	俺	∅an35	aan2	北方俗字，我，摹官話音，官話我們的合音		1
39	晏	晏	∅an33	aan3	晚也，起得～，起得晚，～晝，中午、下午，食～，吃午飯		2
40	鷃	𮭨	∅an33	aan3			4
41	罌	罂	∅aŋ55	aang1	罌粟；瓦罐，～煲鑊頭，炊具的總稱		2
42	罃	䓨	∅aŋ55	aang1	長頸瓶		3
43	壓	压	∅ap3	aap3	本讀	(又)	1
44	押	押	∅ap3	aap3	抵押，押送		1
45	鴨	鸭	∅ap3	aap3			1
46	㳌	㳌	∅ap3	aap3			5
47	壓	压	∅at3	aat3	壓扁，氣壓		1
48	遏	遏	∅at3	aat3			1
49	揠	揠	∅at3	aat3			2
50	胺	胺	∅at3	aat3	肉敗		2
51	閼	阏	∅at3	aat3	閼塞		2
52	堨	堨	∅at3	aat3	阻塞；堤堰		3
53	猰	猰	∅at3	aat3			3
54	餲	𮩝	∅at3	aat3	食物腐臭變味		4
55	頞	𱂨	∅at3	aat3			4
56	咹	咹	∅at3	aat3	吃		5
57	凹	凹	∅au55	aau1	凹陷，下凹		1
58	嗷	嗷	∅au55	aau1	嚎聲；詞綴，豬喊～～，豬哇哇地叫	(語)	2
59	㕭	㕭	∅au55	aau1			4
60	拗	拗	∅au35	aau2		(文)	1
61	拗	拗	∅au33	aau3		(文)	1
62	坳	坳	∅au33	aau3	地名，高峯坳；手～，肘窩，過～，過頭	(文)	2
63	靿	靿	∅au33	aau3	靴靿		2
64	詏	詏	∅au33	aau3		(文)	4
65	垇	垇	∅au33	aau3			4
66	哎	哎	∅ɐi55	ai1		(又)	1
67	唉	唉	∅ɐi55	ai1		(又)	1
68	矮	矮	∅ɐi55	ai1		(白)	1
69	矮	矮	∅ɐi35	ai2			1
70	縊	缢	∅ɐi33	ai3			2
71	翳	翳	∅ɐi33	ai3	遮蔽；～氣，喪氣、窩火，～滯，胃口差		2
72	嫕	嫕	∅ɐi33	ai3			3
73	曀	曀	∅ɐi33	ai3			4
74	瞖	瞖	∅ɐi33	ai3	目瞖		4
75	唉	唉	∅ɐi22	ai6		(又)	1
76	啞	哑	∅ɐk5	ak1	笑聲		1
77	扼	扼	∅ɐk5	ak1	扼腕，扼要		1
78	握	握	∅ɐk5	ak1	握手，掌握		1
79	厄	厄	∅ɐk5	ak1			2
80	呃	呃	∅ɐk5	ak1	呃喔，呃逆；打～、打閡[hɐk2]～，打嗝，源自餩		2
81	喔	喔	∅ɐk5	ak1	雞啼聲		2
82	渥	渥	∅ɐk5	ak1			2
83	齷	龌	∅ɐk5	ak1	齷齪		2
84	幄	幄	∅ɐk5	ak1			2
85	偓	偓	∅ɐk5	ak1			3
86	苊	苊	∅ɐk5	ak1			3
87	蚅	蚅	∅ɐk5	ak1	烏蠋；〈語〉～虵[ɛ22]，蛤蚧，擬叫聲得名		4
88	阨	阨	∅ɐk5	ak1			4
89	戹	戹	∅ɐk5	ak1			4
90	搤	搤	∅ɐk5	ak1	同扼字		5
91	餩	餩	∅ɐk5	ak1			5
92	呝	呝	∅ɐk5	ak1			5
93	庵	庵	∅ɐm55	am1	尼姑庵		1
94	鵪	鹌	∅ɐm55	am1	鵪鶉		2
95	唵	唵	∅ɐm55	am1	唵嘛呢叭咪吽		2
96	諳	谙	∅ɐm55	am1			2
97	盦	盦	∅ɐm55	am1			3
98	媕	媕	∅ɐm55	am1			4
99	菴	庵	∅ɐm55	am1	菴藹		4
100	腤	腤	∅ɐm55	am1			4
101	广	广	∅ɐm55	am1	同庵字		5
102	黯	黯	∅ɐm35	am2			1
103	唵	唵	∅ɐm35	am2	含		2
104	垵	垵	∅ɐm35	am2	同埯字；地名，新垵（在福建）		2
105	埯	埯	∅ɐm35	am2	小坑；量詞		2
106	揞	揞	∅ɐm35	am2	用手捂，～住，與搕對轉		4
107	咹	咹	∅ɐm35	am2	同唵字		5
108	罯	罯	∅ɐm35	am2	魚網		5
109	暗	暗	∅ɐm33	am3	黑暗，暗示；沉默的，～狗咬死人，喻指平時不吭氣的人生起氣來更厲害		1
110	窨	窨	∅ɐm33	am3	～熟，捂熱	(白)	2
111	闇	暗	∅ɐm33	am3	愚闇		4
112	唵	唵	∅ɐm21	am4	含，童語	(語)	2
113	恩	恩	∅ɐn55	an1	恩德，報恩		1
114	蒽	蒽	∅ɐn55	an1			2
115	㥯	㥯	∅ɐn33	an3	度量；分～，分寸，～住食/買，有節制地吃/買	(白)	4
116	鶯	莺	∅ɐŋ55	ang1	黃鶯		1
117	哽	哽	∅ɐŋ35	ang2	～腳，硌腳		2
118	蹭	蹭	∅ɐŋ33	ang3	～蹬[nɐŋ22]，不得志、不中用	(白)	1
119	嗯	嗯	∅ɐŋ33	ang3	使勁憋，～屎，拉屎，象聲或啊嗯的合音	(語)	2
120	浥	浥	∅ɐp5	ap1	～汁，陰暗潮溼，另一說本字㳌㴙	(白)	2
121	姶	姶	∅ɐp5	ap1			3
122	搕	搕	∅ɐp5	ap1	捂、敷，～藥，敷藥，與揞對轉		4
123	腌	腌	∅ɐp5	ap1	腌臢（不潔）		4
124	㳌	㳌	∅ɐp5	ap1		(白)	5
125	罯	罯	∅ɐp5	ap1	覆蓋		5
126	一	一	∅ɐt5	at1	又音，弱讀	(語)	1
127	壓	压	∅ɐt5	at1	用力塞，～落去，塞進去，俗字扤	(白)	1
128	區	区	∅ɐu55	au1	姓		1
129	歐	欧	∅ɐu55	au1			1
130	毆	殴	∅ɐu55	au1	毆打，讀同歐		1
131	鷗	鸥	∅ɐu55	au1			1
132	甌	瓯	∅ɐu55	au1			2
133	謳	讴	∅ɐu55	au1			2
134	熰	𬉼	∅ɐu55	au1	旱熱		2
135	嘔	呕	∅ɐu35	au2	嘔吐		1
136	黝	黝	∅ɐu35	au2	深紫色（瘀血色），～血，瘀血，～黑～黑，深紫	(白)	2
137	𠙶	𠙶	∅ɐu35	au2			3
138	塸	𫭟	∅ɐu35	au2			3
139	慪	怄	∅ɐu33	au3	慪氣		2
140	漚	沤	∅ɐu33	au3	漚肥		2
141	熰	𬉼	∅ɐu33	au3	煖		2
142	叭	叭	pa55	baa1	象聲詞；喇叭；唵嘛呢叭咪吽		1
143	吧	吧	pa55	baa1	酒吧，網吧；象聲詞		1
144	巴	巴	pa55	baa1	巴掌，尾巴		1
145	爸	爸	pa55	baa1	爸[pa21]爸，阿爸		1
146	疤	疤	pa55	baa1	傷疤，疤痕		1
147	芭	芭	pa55	baa1			1
148	笆	笆	pa55	baa1			2
149	葩	葩	pa55	baa1	奇葩		2
150	粑	粑	pa55	baa1	餈粑，糌粑		2
151	舥	舥	pa55	baa1			3
152	蚆	蚆	pa55	baa1			3
153	岜	岜	pa55	baa1			3
154	羓	羓	pa55	baa1			3
155	䰾	鲃	pa55	baa1			3
156	峇	峇	pa55	baa1	峇厘島		4
157	豝	豝	pa55	baa1			4
158	夿	夿	pa55	baa1	奤夿屯		4
159	把	把	pa35	baa2	把握；量詞，一把刀，一把赤腳		1
160	靶	靶	pa35	baa2			1
161	鈀	钯	pa35	baa2	金屬元素，符號Pd		2
162	㞎	㞎	pa35	baa2	㞎[pa21]～，屎	(文)	4
163	壩	坝	pa33	baa3	堤壩		1
164	霸	霸	pa33	baa3	霸王，惡霸		1
165	垻	坝	pa33	baa3	平川		1
166	欛	把	pa33	baa3	刀欛（口語稱刀柄）		1
167	灞	灞	pa33	baa3			2
168	叭	叭	pa21	baa4	象聲詞，落雨～～，雨嘩嘩地下，啤[pi21]哩[li21]～啦[la21]，鞭炮聲、雨聲	(語)	1
169	吧	吧	pa22	baa6	語氣詞，本讀		1
170	罷	罢	pa22	baa6			1
171	䶕	𫜨	pa22	baa6			4
172	拜	拜	pai55	baai1	～拜[pai33]，再見，英語bye-bye	(外)	1
173	掰	掰	pai55	baai1	晚起字，掰開		1
174	䠋	䠋	pai55	baai1	蹟䠋		4
175	擺	摆	pai35	baai2	擺放		1
176	襬	摆	pai35	baai2	下襬		1
177	捭	捭	pai35	baai2			2
178	拜	拜	pai33	baai3	拜佛，禮拜，拜山（掃墓），拜拜（祭拜）		1
179	湃	湃	pai33	baai3	澎湃，讀同拜		1
180	㗑	㗑	pai33	baai3			4
181	敗	败	pai22	baai6			1
182	唄	呗	pai22	baai6	唄唱，梵唄		2
183	稗	稗	pai22	baai6	稗官，稗草		2
184	韛	𫖔	pai22	baai6			4
185	啪	啪	pak5	baak1	象聲詞，～～聲，啪啪響；～紐，按扣，扣紐時發啪聲得名；曬～～，陽光猛烈；噼[pɛk5]～筒，類似唧水筒，以溼紙團爲彈	(語)	1
186	伯	伯	pak3	baak3			1
187	柏	柏	pak3	baak3		(文)	1
188	百	百	pak3	baak3			1
189	佰	佰	pak3	baak3			2
190	檗	檗	pak3	baak3		(文)	2
191	薜	薜	pak3	baak3	當歸；山麻		2
192	蘗	蘗	pak3	baak3		(文)	5
193	蔔	卜	pak2	baak6	蘿蔔		1
194	白	白	pak2	baak6			1
195	匐	匐	pak2	baak6		(又)	2
196	帛	帛	pak2	baak6	玉帛，帛書		2
197	僰	僰	pak2	baak6			2
198	菔	菔	pak2	baak6		(又)	2
199	踣	踣	pak2	baak6			3
200	鮊	鲌	pak2	baak6			3
201	斑	斑	pan55	baan1	斑點，雀斑（口語稱墨子）		1
202	班	班	pan55	baan1			1
203	頒	颁	pan55	baan1			1
204	瘢	瘢	pan55	baan1	瘢痕，讀同斑/癍，古讀同盤		2
205	癍	癍	pan55	baan1			2
206	攽	攽	pan55	baan1			3
207	𨭉	𨭉	pan55	baan1			3
208	斒	斒	pan55	baan1			4
209	扳	扳	pan35	baan2	扳手		1
210	板	板	pan35	baan2	黑板，石板，腳板薯		1
211	闆	板	pan35	baan2	老闆		1
212	版	版	pan35	baan2			1
213	阪	阪	pan35	baan2			2
214	鈑	钣	pan35	baan2			2
215	坂	坂	pan35	baan2			2
216	昄	昄	pan35	baan2			3
217	舨	舨	pan35	baan2	舢舨，同舢板		4
218	蝂	蝂	pan35	baan2			4
219	𢴬	𢴬	pan33	baan3	摔、摔打		4
220	辦	办	pan22	baan6			1
221	扮	扮	pan22	baan6			1
222	瓣	瓣	pan22	baan6			1
223	湴	湴	pan22	baan6	淤泥，爛～田，爛泥田，又作埿字		3
224	埿	埿	pan22	baan6	同湴字，淤泥，爛～田，爛泥田		4
225	𦝤	𦝤	pan22	baan6			4
226	乓	乓	paŋ55	baang1	乒乓球；〈語〉橫～乓[paŋ33]，蠻橫；韌[jɐŋ33]～～，（肉食等）韌	(白)	1
227	嗙	嗙	paŋ55	baang1	象聲詞；詞綴，聾～～、聾～嗙[paŋ33]，聾得很	(語)	4
228	嘭	嘭	paŋ21	baang4	象聲詞，呯[peŋ21]呤[leŋ21]～啷[laŋ21]，劈哩啪啦；詞綴，大/闊～～，大/寬貌，源自彭彭	(語)	2
229	甏	甏	paŋ22	baang6	甕		2
230	㼞	㼞	paŋ22	baang6	㼚屬		4
231	嗒	嗒	pap5	baap1	～菸，抽菸，此處端母讀如幫母	(語)	2
232	矺	矺	pap5	baap1	摔，隻手錶捱～落地去，手錶被摔落地下，此處端母讀如幫母	(語)	4
233	八	八	pat3	baat3	豬八怪（豬八戒），王八（口語稱水魚）；用於翻譯的人名，八神庵、八神太一	(文)	1
234	扒	扒	pat3	baat3	扒皮		1
235	捌	捌	pat3	baat3	無齒杷；八字大寫		1
236	朳	朳	pat3	baat3			3
237	拔	拔	pat2	baat6	拔河，選拔		1
238	跋	跋	pat2	baat6	題跋，跋扈		1
239	鈸	钹	pat2	baat6	銅鈸，鐃鈸		2
240	魃	魃	pat2	baat6			2
241	鮁	鲅	pat2	baat6			2
242	胈	胈	pat2	baat6			3
243	菝	菝	pat2	baat6			3
244	妭	妭	pat2	baat6			3
245	茇	茇	pat2	baat6	草根		4
246	鼥	鼥	pat2	baat6			4
247	炦	炦	pat2	baat6	火氣；詞綴，熱～～，熱得很		4
248	坺	坺	pat2	baat6	同墢/垡字；塵貌		5
249	包	包	pau55	baau1	包工，包辦，包圍，包公，麪包，豬油包	(文)	1
250	胞	胞	pau55	baau1	細胞，同胞	(文)	1
251	苞	苞	pau55	baau1		(文)	1
252	褒	褒	pau55	baau1	褒獎，褒貶	(白)	1
253	鮑	鲍	pau55	baau1	鮑魚；姓		1
254	孢	孢	pau55	baau1		(文)	2
255	枹	枹	pau55	baau1	枹樹		3
256	飽	饱	pau35	baau2	飽和，飽學	(文)	1
257	爆	爆	pau33	baau3	爆料，爆紅，爆棚，多用於突然發生或超出負荷義；〈語〉漂亮，～蘭[lan55]，俗稱漂亮女子，意即靚爆鏡的蘭	(文)	1
258	豹	豹	pau33	baau3		(文)	1
259	趵	趵	pau33	baau3		(文)	2
260	齙	龅	pau22	baau6		(文)	2
261	骲	骲	pau22	baau6		(文)	4
262	跛	跛	pɐi55	bai1	瘸，本字䠋，另一說本字即跛，上古歌部	(訓)	1
263	䠋	䠋	pɐi55	bai1	瘸，俗字跛	(白)	4
264	鎞	𫔇	pɐi55	bai1	釵		5
265	㝿	㝿	pɐi55	bai1		(又)	5
266	𨃅	𨃅	pɐi55	bai1	俗字，瘸，本字䠋		5
267	稗	稗	pɐi35	bai2		(又)	2
268	背	背	pɐi33	bai3	～時、～巧[kʰiu33]，倒楣，又作閉時、閉竅，官話借詞	(語)	1
269	蔽	蔽	pɐi33	bai3		(書)	1
270	閉	闭	pɐi33	bai3	關閉，閉幕；巴～，事多、隆重，當源自把柄		1
271	幣	币	pɐi22	bai6	貨幣，錢幣		1
272	弊	弊	pɐi22	bai6	作弊，弊病；糟糕	(書)	1
273	斃	毙	pɐi22	bai6		(書)	1
274	敝	敝	pɐi22	bai6		(書)	2
275	陛	陛	pɐi22	bai6	陛下，階陛		2
276	薜	薜	pɐi22	bai6	薜荔		2
277	鐾	鐾	pɐi22	bai6	鐾刀布，鐾刀		2
278	坒	坒	pɐi22	bai6			3
279	狴	狴	pɐi22	bai6			3
280	梐	梐	pɐi22	bai6			4
281	北	北	pɐk5	bak1			1
282	泵	泵	pɐm55	bam1	水泵，英語pump	(外)	1
283	韸	韸	pɐm35	bam2	鴨韸[pɐm21]～，鴨的嗉胞	(語)	4
284	丼	丼	pɐm35	bam2	重物落水聲，此處端母讀如幫母	(語)	5
285	韸	韸	pɐm21	bam4	響～～，轟轟響；呯[peŋ21]呯[peŋ21]～～，擬炮聲；鴨～韸[pɐm35]，鴨的嗉胞	(語)	4
286	𦝤	𦝤	pɐm22	bam6	虛胖	(語)	4
287	奔	奔	pɐn55	ban1	奔跑；投奔		1
288	賓	宾	pɐn55	ban1			1
289	彬	彬	pɐn55	ban1			1
290	濱	滨	pɐn55	ban1			1
291	繽	缤	pɐn55	ban1			1
292	鬢	鬓	pɐn55	ban1	俗讀，讀同賓	(常)	1
293	斌	斌	pɐn55	ban1			1
294	儐	傧	pɐn55	ban1	尊敬		2
295	嬪	嫔	pɐn55	ban1	俗讀，讀同賓	(常)	2
296	檳	槟	pɐn55	ban1	檳榔		2
297	殯	殡	pɐn55	ban1	俗讀，讀同賓	(常)	2
298	臏	膑	pɐn55	ban1	同髕字；孫臏		2
299	賁	贲	pɐn55	ban1	虎賁；姓		2
300	栟	栟	pɐn55	ban1	栟茶		2
301	玢	玢	pɐn55	ban1	玉名		2
302	豳	豳	pɐn55	ban1			2
303	錛	锛	pɐn55	ban1			2
304	鑌	镔	pɐn55	ban1			2
305	髕	髌	pɐn55	ban1	髕骨，讀同賓		2
306	浜	浜	pɐn55	ban1	同濱字		2
307	攽	攽	pɐn55	ban1		(又)	3
308	犇	犇	pɐn55	ban1			3
309	邠	邠	pɐn55	ban1			3
310	汃	汃	pɐn55	ban1	同邠字		5
311	稟	禀	pɐn35	ban2	稟告，回稟		1
312	鬢	鬓	pɐn33	ban3	鬢角，兩鬢		1
313	儐	傧	pɐn33	ban3	儐相		2
314	殯	殡	pɐn33	ban3	出殯，殯儀		2
315	擯	摈	pɐn33	ban3	擯棄，擯除		2
316	捹	捹	pɐn33	ban3	手亂貌；〈語〉旋轉，～螺[lɔ55]螺[lɔ55]，團團轉，～孖辮，梳辮子，俗字擯		4
317	笨	笨	pɐn22	ban6	笨拙，蠢笨		1
318	坌	坌	pɐn22	ban6	灰塵；聚集		2
319	倴	倴	pɐn22	ban6			3
320	崩	崩	pɐŋ55	bang1	崩塌，山崩		1
321	繃	绷	pɐŋ55	bang1	繃帶，緊繃，繃着臉		1
322	蹦	蹦	pɐŋ55	bang1			1
323	嘣	嘣	pɐŋ55	bang1	象聲詞		2
324	鏰	镚	pɐŋ55	bang1			2
325	祊	祊	pɐŋ55	bang1			3
326	嗙	嗙	pɐŋ55	bang1	喝聲；嗙喻		4
327	絣	絣	pɐŋ55	bang1	振繩墨		4
328	繃	绷	pɐŋ35	bang2	～耿，古板	(語)	1
329	堋	堋	pɐŋ33	bang3	喪葬下土		2
330	嘣	嘣	pɐŋ21	bang4	象聲詞，～一聲	(語)	2
331	唪	唪	pɐŋ22	bang6	俗字，冚～唥，全部，弱讀爲[pɐ22/pə22]，一說源自合不剌/咸朋唥/咸不論；冚唪唥也是猜碼口令，數字十，也說開齊手	(語)	3
332	凭	凭	pɐŋ22	bang6	倚靠		4
333	嗒	嗒	pɐp5	bap1	又音，～菸，抽菸	(語)	2
334	耷	耷	pɐp5	bap1	耷拉、垂下，～耳，耷拉着耳朵，此處端母讀如幫母	(語)	2
335	矺	矺	pɐp5	bap1	（把爛泥）用力甩、糊上，攞泥～住，此處端母讀如幫母	(語)	4
336	卟	卟	pɐp2	bap6	象聲詞，～～聲，卟卟響；～聲跌落地；跳～～，心跳聲；拍～～，卟卟地拍，與踏旁轉（定母讀如並母）；案，心跳聲元曲寫作撲撲/丕丕	(語)	2
337	不	不	pɐt5	bat1	不能，不鏽鋼		1
338	撥	拨	pɐt5	bat1	舀，上古月部，俗字𢳂，另一說本字拂	(白)	1
339	畢	毕	pɐt5	bat1			1
340	泌	泌	pɐt5	bat1	泌瀄		1
341	筆	笔	pɐt5	bat1	筆記，水筆（即自來水筆、鋼筆）		1
342	嗶	哔	pɐt5	bat1			2
343	篳	筚	pɐt5	bat1			2
344	蓽	荜	pɐt5	bat1			2
345	蹕	跸	pɐt5	bat1			2
346	鈈	钚	pɐt5	bat1			2
347	咇	咇	pɐt5	bat1	咇㘉		3
348	珌	珌	pɐt5	bat1		(又)	3
349	𢳂	𢳂	pɐt5	bat1	俗字，舀，本字撥，上古月部，另一說本字拂		4
350	饆	𮩛	pɐt5	bat1			4
351	滭	滭	pɐt5	bat1			5
352	拂	拂	pɐt2	bat6	通弼字		1
353	弼	弼	pɐt2	bat6			2
354	苾	苾	pɐt2	bat6	苾苾		3
355	邲	邲	pɐt2	bat6	古地名；姓		3
356	培	培	pɐu22	bau6	培塿（小土丘）；〈語〉塿[lɐu22]～，不整潔、臃腫，古作培塿/部婁，俗字瘻婄/漏䏽		1
357	啤	啤	pɛ55	be1	啤酒，德語bier		1
358	屄	屄	pɛ55	be1	女陰，㞓～，女陰，源自牝，谿谷也	(白)	4
359	㞎	㞎	pɛ35	be2	㞎[pɛ21]～，屎，童語	(白)	4
360	巴	巴	pɛ21	be4	詞綴，軟～～，軟綿綿，腍[nɐm21]～～，（肉類、瓜果等）軟爛	(白)	1
361	疤	疤	pɛ21	be4	痲～，（臉上的）痲子、長痲子的人	(白)	1
362	唄	呗	pɛ22	be6	語氣詞，本讀		2
363	噼	噼	pɛk5	bek1	～啪[pak5]筒，類似唧水筒，以溼紙團爲彈	(語)	2
364	邊	边	pɛn55	ben1	一/半～，半邊，破～，剖開兩半	(白)	1
365	匾	匾	pɛn35	ben2	牌匾，匾額	(白)	1
366	扁	扁	pɛn35	ben2	扁擔，壓扁，扁桃體；打、揍，又作揙字	(白)	1
367	貶	贬	pɛn35	ben2	貶值，褒貶	(白)	1
368	稨	稨	pɛn35	ben2		(白)	4
369	藊	藊	pɛn35	ben2		(白)	4
370	餅	饼	pɛŋ35	beng2			1
371	鉼	鉼	pɛŋ35	beng2	餅狀金屬塊		5
372	柄	柄	pɛŋ33	beng3	名詞，刀～，刀欛兒	(白)	1
373	病	病	pɛŋ22	beng6			1
374	泌	泌	pɛt5	bet1	象聲詞，擠射，將膿～出去，引申爲驅趕，將人～出去；～瀄，同義複用，引申爲排斥、開除	(白)	1
375	八	八	pɛt3	bet3	八卦，八仙，僅作數字時讀；～匹馬、～騎馬，猜碼口令，數字八	(白)	1
376	捌	捌	pɛt3	bet3	八字大寫	(白)	1
377	拔	拔	pɛt2	bet6	罕讀	(白)	1
378	跋	跋	pɛt2	bet6	罕讀	(白)	1
379	癟	瘪	pɛt2	bet6	詞綴，腍[nɐm21]～～，（肉類、瓜果等）軟爛；溶～～、溶～列[lɛt2]、溶～截[tʃɛt2]，（飯、麪條等）軟爛；淺/矮/皺/溼/爛～～，淺/矮/皺/溼/爛貌；案，癟列源自元代的不剌（語尾助詞）	(白)	1
380	咇	咇	pɛt2	bet6	喃[nam55]～～，囉唆、嘮叨；鴨～～，鴨，童語，又作吡字	(白)	3
381	䏟	䏟	pɛt2	bet6	肚～，肚子、腹部；躽[ɛn35]～～，挺（肚、胸）	(白)	4
382	坺	坺	pɛt2	bet6	罕讀	(白)	5
383	包	包	pɛu55	beu1	打包，書包，皮包，麻包袋，包糉，一包糖	(白)	1
384	胞	胞	pɛu55	beu1	胞胎，胞衣	(白)	1
385	苞	苞	pɛu55	beu1	花苞	(白)	1
386	孢	孢	pɛu55	beu1	孢子	(白)	2
387	飽	饱	pɛu35	beu2	食飽（吃飽），飽嗮（飽了）	(白)	1
388	爆	爆	pɛu33	beu3	爆炸，引爆，爆炒，多用於破裂、迸出或烹調義	(白)	1
389	豹	豹	pɛu33	beu3	虎豹，豹子	(白)	1
390	趵	趵	pɛu33	beu3	跳躍；趵突泉	(白)	2
391	齙	龅	pɛu22	beu6	齙牙	(白)	2
392	骲	骲	pɛu22	beu6	用力擠	(白)	4
393	卑	卑	pi55	bi1			1
394	啤	啤	pi55	bi1	詞綴，青～～，青青的、（臉色）蒼白	(語)	1
395	悲	悲	pi55	bi1			1
396	碑	碑	pi55	bi1			1
397	裨	裨	pi55	bi1	裨益		2
398	羆	罴	pi55	bi1			2
399	蓖	蓖	pi55	bi1	蓖麻		2
400	陂	陂	pi55	bi1	山陂，陂塘		2
401	椑	椑	pi55	bi1	椑柿		3
402	萆	萆	pi55	bi1	萆薢		3
403	鵯	鹎	pi55	bi1			3
404	屄	屄	pi55	bi1	吹牛屄（口語用車大炮、鑿大、礊大）	(文)	4
405	比	比	pi35	bi2	比較；比鄰，古讀去聲		1
406	譬	譬	pi35	bi2	訓讀比	(訓)	1
407	俾	俾	pi35	bi2	使		2
408	妣	妣	pi35	bi2			2
409	媲	媲	pi35	bi2	媲美又作比美，訓讀比	(訓)	2
410	畀	畀	pi35	bi2	給		2
411	秕	秕	pi35	bi2	秕子		2
412	髀	髀	pi35	bi2	大腿		2
413	吡	吡	pi35	bi2	吡啶，吡咯		2
414	沘	沘	pi35	bi2			3
415	芘	芘	pi35	bi2	有機化合物		3
416	舭	舭	pi35	bi2			3
417	䠋	䠋	pi35	bi2	同髀字		4
418	匕	匕	pi33	bi3			1
419	庇	庇	pi33	bi3	包庇，庇護		1
420	泌	泌	pi33	bi3	分泌，泌尿；地名，泌陽（在河南）		1
421	祕	秘	pi33	bi3	祕書，祕密；姓		1
422	臂	臂	pi33	bi3			1
423	費	费	pi33	bi3	費縣		1
424	閉	闭	pi33	bi3		(又)	1
425	痹	痹	pi33	bi3	麻痹		1
426	秘	秘	pi33	bi3	秘魯；同祕字		1
427	賁	贲	pi33	bi3	賁臨		2
428	轡	辔	pi33	bi3			2
429	毖	毖	pi33	bi3			2
430	潷	滗	pi33	bi3	擋住渣滓，把液體倒出		2
431	鉍	铋	pi33	bi3			2
432	肸	肸	pi33	bi3	古地名		3
433	芘	芘	pi33	bi3	通庇字		3
434	詖	诐	pi33	bi3			3
435	邲	邲	pi33	bi3	好貌		3
436	痺	痹	pi33	bi3	痹的俗字		4
437	閟	𮤲	pi33	bi3			4
438	鄪	鄪	pi33	bi3			5
439	啤	啤	pi21	bi4	象聲詞，～哩[li21]叭[pa21]啦[la21]，鞭炮聲、雨聲	(語)	1
440	備	备	pi22	bi6	準備，備用		1
441	幣	币	pi22	bi6		(又)	1
442	弊	弊	pi22	bi6	作弊，弊病	(習)	1
443	憊	惫	pi22	bi6	疲憊，憊乏，讀同備		1
444	斃	毙	pi22	bi6	槍斃，斃命	(習)	1
445	蔽	蔽	pi22	bi6	隱蔽，讀同敝	(習)	1
446	被	被	pi22	bi6	被動		1
447	避	避	pi22	bi6			1
448	鼻	鼻	pi22	bi6	鼻子，鼻涕		1
449	婢	婢	pi22	bi6	婢女		2
450	敝	敝	pi22	bi6	凋敝，敝人	(習)	2
451	陛	陛	pi22	bi6		(又)	2
452	埤	埤	pi22	bi6	低溼地		2
453	箅	箅	pi22	bi6	箅子		2
454	篦	篦	pi22	bi6	篦子，篦頭		2
455	鐾	鐾	pi22	bi6		(又)	2
456	鞴	鞴	pi22	bi6			2
457	坒	坒	pi22	bi6		(又)	3
458	庳	庳	pi22	bi6	房屋矮小；低窪；有庳		3
459	狴	狴	pi22	bi6		(又)	3
460	糒	糒	pi22	bi6			3
461	贔	赑	pi22	bi6			3
462	鞁	鞁	pi22	bi6			3
463	奰	奰	pi22	bi6			4
464	梐	梐	pi22	bi6		(又)	4
465	骳	骳	pi22	bi6			4
466	髲	髲	pi22	bi6			4
467	嚊	嚊	pi22	bi6	喘息聲		4
468	箄	箄	pi22	bi6	漁具		5
469	鎞	𫔇	pi22	bi6	同篦字		5
470	壁	壁	pek5	bik1			1
471	璧	璧	pek5	bik1			1
472	碧	碧	pek5	bik1			1
473	迫	迫	pek5	bik1	訓讀逼	(罕)	1
474	逼	逼	pek5	bik1			1
475	愎	愎	pek5	bik1			2
476	襞	襞	pek5	bik1			2
477	皕	皕	pek5	bik1			3
478	鰏	鲾	pek5	bik1			3
479	愊	愊	pek5	bik1			4
480	湢	湢	pek5	bik1	浴室		4
481	腷	腷	pek5	bik1			4
482	躄	躄	pek5	bik1			4
483	煏	煏	pek5	bik1	用火烤		4
484	偪	偪	pek5	bik1			5
485	蝙	蝙	pin55	bin1		(又)	1
486	辮	辫	pin55	bin1	髮辮，辮子		1
487	邊	边	pin55	bin1	旁邊，邊緣		1
488	鞭	鞭	pin55	bin1			1
489	砭	砭	pin55	bin1	鍼砭		2
490	煸	煸	pin55	bin1		(又)	2
491	籩	笾	pin55	bin1			2
492	鯿	鳊	pin55	bin1	鯿魚		2
493	萹	萹	pin55	bin1	萹蓄		3
494	箯	箯	pin55	bin1			4
495	緶	缏	pin55	bin1	通辮字		4
496	便	便	pin35	bin2	順便，隨便	(白)	1
497	匾	匾	pin35	bin2		(文)	1
498	扁	扁	pin35	bin2		(文)	1
499	貶	贬	pin35	bin2		(文)	1
500	褊	褊	pin35	bin2	褊狹		2
501	碥	碥	pin35	bin2			3
502	稨	稨	pin35	bin2		(文)	4
503	窆	窆	pin35	bin2			4
504	藊	藊	pin35	bin2		(文)	4
505	變	变	pin33	bin3			1
506	便	便	pin22	bin6	方便，便利；邊、面，東～、兩～		1
507	辨	辨	pin22	bin6			1
508	辯	辩	pin22	bin6			1
509	卞	卞	pin22	bin6			2
510	弁	弁	pin22	bin6			2
511	忭	忭	pin22	bin6			2
512	抃	抃	pin22	bin6			2
513	汴	汴	pin22	bin6			2
514	苄	苄	pin22	bin6			2
515	邲	邲	pin22	bin6	水名		3
516	昪	昪	pin22	bin6			3
517	𨚕	𨚕	pin22	bin6			3
518	乒	乒	peŋ55	bing1	乒乓球		1
519	兵	兵	peŋ55	bing1			1
520	冰	冰	peŋ55	bing1			1
521	屏	屏	peŋ55	bing1	屏營		1
522	并	并	peŋ55	bing1	并州		1
523	栟	栟	peŋ55	bing1	栟柑，栟櫚		2
524	掤	掤	peŋ55	bing1			4
525	丙	丙	peŋ35	bing2			1
526	屏	屏	peŋ35	bing2	屏除，屏息		1
527	秉	秉	peŋ35	bing2			1
528	炳	炳	peŋ35	bing2			2
529	邴	邴	peŋ35	bing2			2
530	昺	昺	peŋ35	bing2			3
531	蛃	蛃	peŋ35	bing2			3
532	並	并	peŋ33	bing3		(又)	1
533	併	并	peŋ33	bing3	合併，併入		1
534	并	并	peŋ33	bing3	同併字，合併；〈又〉同並字，並且		1
535	柄	柄	peŋ33	bing3	量詞，把	(文)	1
536	摒	摒	peŋ33	bing3	摒棄，摒除		2
537	迸	迸	peŋ33	bing3	迸裂		2
538	竝	竝	peŋ33	bing3		(又)	5
539	呯	呯	peŋ21	bing4	象聲詞，～呤[leŋ21]嘭[paŋ21]啷[laŋ21]，劈哩啪啦，～～韸[pɐm21]韸[pɐm21]，擬炮聲	(語)	4
540	並	并	peŋ22	bing6	並且，並行，兼容並包		1
541	并	并	peŋ22	bing6	同並字，並且		1
542	竝	竝	peŋ22	bing6	並的本字		5
543	必	必	pit5	bit1			1
544	鉍	铋	pit5	bit1		(又)	2
545	佖	佖	pit5	bit1			3
546	咇	咇	pit5	bit1	咇茀		3
547	珌	珌	pit5	bit1			3
548	觱	觱	pit5	bit1			3
549	𥷑	𥷑	pit5	bit1			5
550	彆	别	pit3	bit3	彆扭		1
551	憋	憋	pit3	bit3			1
552	鱉	鳖	pit3	bit3	魚鱉；吹風～，眼鏡蛇		1
553	蹩	蹩	pit3	bit3	蹩腳，後字調類化	(常)	2
554	鼈	鳖	pit3	bit3			4
555	別	别	pit2	bit6	離別；區別		1
556	癟	瘪	pit2	bit6	癟陷；癟三		1
557	蹩	蹩	pit2	bit6	蹩腳		2
558	苾	苾	pit2	bit6	菜名		3
559	馝	馝	pit2	bit6			3
560	䏟	䏟	pit2	bit6	肥肉也		4
561	彪	彪	piu55	biu1			1
562	標	标	piu55	biu1			1
563	錶	表	piu55	biu1	手錶		1
564	鏢	镖	piu55	biu1			2
565	鑣	镳	piu55	biu1			2
566	驃	骠	piu55	biu1	黃白色的馬		2
567	摽	摽	piu55	biu1	揮去；拋棄		2
568	杓	杓	piu55	biu1	勺子柄		2
569	膘	膘	piu55	biu1	肥膘		2
570	臕	膘	piu55	biu1	肥臕		2
571	颮	飑	piu55	biu1	同飆字		2
572	飆	飙	piu55	biu1	狂飆，飆車，發飆；～蛇，痧氣的一種		2
573	儦	儦	piu55	biu1			3
574	瀌	瀌	piu55	biu1	雨雪瀌瀌		3
575	熛	熛	piu55	biu1	火飛		3
576	瘭	瘭	piu55	biu1			3
577	蔈	蔈	piu55	biu1			3
578	藨	藨	piu55	biu1			3
579	驫	骉	piu55	biu1			3
580	幖	幖	piu55	biu1			3
581	滮	滮	piu55	biu1	水流貌；迸射，～汗，猛出汗		4
582	猋	猋	piu55	biu1	犬奔貌；通飆字		4
583	穮	穮	piu55	biu1	除草		4
584	䅺	䅺	piu55	biu1	稻田秀出者；〈語〉冒出，～芽，發芽，～青[tʃʰɛŋ55]，突出、出衆		4
585	髟	髟	piu55	biu1			5
586	表	表	piu35	biu2	表面		1
587	婊	婊	piu35	biu2			2
588	俵	俵	piu35	biu2			2
589	裱	裱	piu35	biu2			2
590	脿	脿	piu35	biu2			3
591	嫑	嫑	piu33	biu3			5
592	波	波	pɔ55	bo1	波浪；〈外〉球，～鞋，英語ball		1
593	玻	玻	pɔ55	bo1	玻璃		1
594	般	般	pɔ55	bo1	般若		1
595	菠	菠	pɔ55	bo1	菠菜，菠蘿		1
596	啵	啵	pɔ55	bo1	象聲詞；助詞		2
597	嶓	嶓	pɔ55	bo1			3
598	磻	磻	pɔ55	bo1	繳矢所用石塊		3
599	𨨏	𬭛	pɔ55	bo1			3
600	跛	跛	pɔ35	bo2	跛足		1
601	㝿	㝿	pɔ35	bo2			5
602	播	播	pɔ33	bo3			1
603	簸	簸	pɔ33	bo3	〈名〉簸箕；〈動〉簸米，簸穀		1
604	蕃	蕃	pɔ33	bo3	吐蕃，讀同播		2
605	噃	噃	pɔ33	bo3	語氣詞，本地用喎，噃已不用，喎實爲噃的弱讀（即[p-]➔[w-]）		4
606	薄	薄	pɔ22	bo6	薄荷，又作蔢𦽅		1
607	樸	朴	pɔk5	bok1	又音，～碌，柚子，連讀易失去韻尾讀同波，又或合音爲[plɔk5]	(白)	1
608	泡	泡	pɔk5	bok1	泡，豆腐～、魚～；皰，本字𦢊	(語)	1
609	嚗	嚗	pɔk5	bok1	～佬，土包子，源自灰撲撲（土氣、不顯眼），撲讀如㩧	(語)	4
610	㩧	㩧	pɔk5	bok1	敲，～一棍，與𢷕旁轉		4
611	𦢊	𦢊	pɔk5	bok1	泡、皰，俗字泡		4
612	㿺	㿺	pɔk5	bok1			5
613	剝	剥	pɔk3	bok3			1
614	博	博	pɔk3	bok3			1
615	搏	搏	pɔk3	bok3	搏鬥，脈搏；～抵，佔便宜，～爛，耍賴，～懵、～亂，趁機、渾水摸魚		1
616	縛	缚	pɔk3	bok3	讀同博	(又)	1
617	膊	膊	pɔk3	bok3	胳膊，肩膊，源自髆；～頭，肩膀，～布，挑擔時肩上墊布		1
618	駁	驳	pɔk3	bok3			1
619	亳	亳	pɔk3	bok3			2
620	趵	趵	pɔk3	bok3	足擊聲；足擊		2
621	欂	欂	pɔk3	bok3	欂櫨		3
622	鎛	镈	pɔk3	bok3			3
623	嚗	嚗	pɔk3	bok3	象聲詞；怒聲		4
624	壆	壆	pɔk3	bok3	壟		4
625	餺	馎	pɔk3	bok3	餺飥；～鐺[tʃʰaŋ55]，薄烙餅		4
626	髆	髆	pɔk3	bok3	肩胛骨		4
627	㬍	㬍	pɔk3	bok3	暴也；～籮，笸籮；〈語〉阿～，這段時間		4
628	猼	猼	pɔk3	bok3	猼訑		5
629	泊	泊	pɔk2	bok6	淡泊，漂泊，落泊	(文)	1
630	舶	舶	pɔk2	bok6		(文)	1
631	薄	薄	pɔk2	bok6	厚薄		1
632	雹	雹	pɔk2	bok6	冰雹，雹災		1
633	魄	魄	pɔk2	bok6	落魄，又作落泊/落薄	(常)	1
634	帛	帛	pɔk2	bok6		(又)	2
635	箔	箔	pɔk2	bok6			2
636	鉑	铂	pɔk2	bok6			2
637	濼	泺	pɔk2	bok6	同泊字		2
638	礴	礴	pɔk2	bok6	磅礡		2
639	㼎	㼎	pɔk2	bok6			4
640	礡	礡	pɔk2	bok6			5
641	乓	乓	pɔŋ55	bong1		(文)	1
642	幫	帮	pɔŋ55	bong1	幫助，丐幫，一幫；介詞，替，你～我寫封信		1
643	梆	梆	pɔŋ55	bong1			1
644	邦	邦	pɔŋ55	bong1			1
645	浜	浜	pɔŋ55	bong1	小河溝		2
646	𠳐	𠳐	pɔŋ55	bong1			2
647	縍	𫄰	pɔŋ55	bong1			5
648	榜	榜	pɔŋ35	bong2	張榜，榜樣		1
649	綁	绑	pɔŋ35	bong2			1
650	膀	膀	pɔŋ35	bong2	肩膀，翅膀		1
651	謗	谤	pɔŋ35	bong2		(又)	1
652	蒡	蒡	pɔŋ35	bong2	牛蒡		2
653	嗙	嗙	pɔŋ35	bong2	自誇；吹牛		4
654	牓	牓	pɔŋ35	bong2	同榜字；門牓		4
655	髈	髈	pɔŋ35	bong2	同膀字		5
656	搒	搒	pɔŋ33	bong3	划船		3
657	𩐨	𩐨	pɔŋ21	bong4	敲～～，敲大鑼	(語)	4
658	傍	傍	pɔŋ22	bong6	依傍		1
659	棒	棒	pɔŋ22	bong6	棍棒，棒球		1
660	磅	磅	pɔŋ22	bong6	過磅，磅秤；～水，拿錢來、交錢		1
661	謗	谤	pɔŋ22	bong6	誹謗，謗議		1
662	鎊	镑	pɔŋ22	bong6			1
663	塝	塝	pɔŋ22	bong6			3
664	棓	棓	pɔŋ22	bong6	棍、杖，後作棒		3
665	稖	稖	pɔŋ22	bong6			4
666	砵	砵	pɔt5	bot1	又音	(語)	3
667	𦤣	𦤣	pɔt2	bot6	屁聲，～一隻屁，放一個屁，屙屁～～，不停放屁	(語)	4
668	褒	褒	pu55	bu1		(文)	1
669	晡	晡	pu55	bu1			2
670	煲	煲	pu55	bu1	俗字，瓦煲，煲湯，一說本字釜/缶/缹/鍑/褒，另一說英語boil		2
671	逋	逋	pu55	bu1			2
672	峬	峬	pu55	bu1			4
673	餔	𫗦	pu55	bu1	申時食也		4
674	庯	庯	pu55	bu1			4
675	鈽	钸	pu55	bu1			5
676	保	保	pu35	bu2			1
677	堡	堡	pu35	bu2			1
678	寶	宝	pu35	bu2			1
679	補	补	pu35	bu2			1
680	埔	埔	pu35	bu2	黄埔，大埔		2
681	褓	褓	pu35	bu2	襁褓		2
682	葆	葆	pu35	bu2			2
683	鴇	鸨	pu35	bu2			2
684	佈	布	pu33	bu3	佈置，佈告		1
685	布	布	pu33	bu3	布匹，紅布		1
686	怖	怖	pu33	bu3	恐怖		1
687	報	报	pu33	bu3			1
688	餔	𫗦	pu33	bu3	餹餔，餔子		4
689	㘵	㘵	pu33	bu3			4
690	儤	儤	pu33	bu3			5
691	哺	哺	pu22	bu6	本讀	(又)	1
692	埠	埠	pu22	bu6	步的分化字，埠頭，船埠；鄉鎮地名，石埠		1
693	捕	捕	pu22	bu6	本讀	(又)	1
694	暴	暴	pu22	bu6	暴雨，粗暴		1
695	曝	曝	pu22	bu6	俗讀，讀同暴	(常)	1
696	步	步	pu22	bu6			1
697	瀑	瀑	pu22	bu6	水名，瀑河；〈常〉瀑布		1
698	爆	爆	pu22	bu6	爆炸，讀同暴	(又)	1
699	簿	簿	pu22	bu6			1
700	部	部	pu22	bu6			1
701	埗	埗	pu22	bu6	同埠字；地名用字		3
702	蔀	蔀	pu22	bu6			3
703	鵏	𬷕	pu22	bu6			3
704	菢	菢	pu22	bu6	孵		4
705	虣	虣	pu22	bu6			4
706	杯	杯	pui55	bui1			1
707	盃	杯	pui55	bui1	獎盃		1
708	桮	桮	pui55	bui1			4
709	誖	誖	pui55	bui1	吹捧、哄，或爲捧吹的合音	(語)	4
710	狽	狈	pui33	bui3			1
711	背	背	pui33	bui3	背脊，後背，背陰，背風		1
712	貝	贝	pui33	bui3			1
713	輩	辈	pui33	bui3			1
714	唄	呗	pui33	bui3	用於人名、物名、地名，讀同貝，地名多見於西藏、雲南、湖南等省，物名則多見於電子產品或公司名		2
715	褙	褙	pui33	bui3			2
716	邶	邶	pui33	bui3			2
717	鋇	钡	pui33	bui3			2
718	浿	𬇙	pui33	bui3			3
719	揹	揹	pui33	bui3	同背字，揹負，揹槍		4
720	梖	𪱷	pui33	bui3			4
721	悖	悖	pui22	bui6			1
722	背	背	pui22	bui6	背書，耳背，背靜		1
723	焙	焙	pui22	bui6	焙乾		2
724	孛	孛	pui22	bui6	彗星		2
725	鐾	鐾	pui22	bui6	讀同背	(又)	2
726	誖	誖	pui22	bui6	言亂		4
727	苝	苝	pui22	bui6			5
728	卜	卜	pʊk5	buk1		(又)	1
729	樸	朴	pʊk5	buk1	～碌，柚子，合音爲[plʊk5]	(白)	1
730	卟	卟	pʊk5	buk1	卟吩		2
731	伏	伏	pʊk2	buk6	趴，～喺檯，～住	(白)	1
732	暴	暴	pʊk2	buk6	曬，後作曝		1
733	曝	曝	pʊk2	buk6	曝曬，曝光		1
734	樸	朴	pʊk2	buk6	木名		1
735	瀑	瀑	pʊk2	buk6	瀑布		1
736	蹼	蹼	pʊk2	buk6			2
737	濮	濮	pʊk2	buk6			2
738	幞	幞	pʊk2	buk6		(又)	2
739	鏷	镤	pʊk2	buk6			3
740	穙	穙	pʊk2	buk6	穀積也；〈量〉把、串，兩～，兩串，一～稑[lʊk2]，一嘟嚕，與唪對轉，穙稑實爲穙的分音		3
741	襆	襆	pʊk2	buk6		(又)	4
742	𦢊	𦢊	pʊk2	buk6	風～，風疹	(語)	4
743	轐	𫐗	pʊk2	buk6			5
744	搬	搬	pun55	bun1			1
745	般	般	pun55	bun1	一般，百般		1
746	本	本	pun35	bun2			1
747	畚	畚	pun35	bun2			2
748	苯	苯	pun35	bun2			2
749	粄	粄	pun35	bun2			5
750	半	半	pun33	bun3			1
751	靽	靽	pun33	bun3			3
752	伴	伴	pun22	bun6	伴侶，夥伴，伴隨，陪伴		1
753	拌	拌	pun22	bun6	攪拌，拌嘴，本字秚		1
754	畔	畔	pun22	bun6	湖畔，耳畔		1
755	絆	绊	pun22	bun6			1
756	柈	柈	pun22	bun6	柈子		2
757	泮	泮	pun22	bun6	同畔字；地名，泮塘村（在橫縣），泮塘（在賓陽縣）		2
758	秚	秚	pun22	bun6			5
759	韸	韸	pʊŋ55	bung1	脹～～，脹鼓鼓；（蒼蠅）趴，～住	(語)	4
760	捧	捧	pʊŋ35	bung2		(白)	1
761	甭	甭	pʊŋ35	bung2			2
762	渢	沨	pʊŋ35	bung2	重物落水聲	(語)	2
763	琫	琫	pʊŋ35	bung2			2
764	玤	玤	pʊŋ35	bung2			3
765	菶	菶	pʊŋ35	bung2	菶菶		4
766	韸	韸	pʊŋ21	bung4	～～聲，嘭嘭響	(語)	4
767	唪	唪	pʊŋ22	bung6	大笑也；〈量〉簇、串，一～葡萄；一～哢，一嘟嚕，與穙對轉，唪哢實爲唪的分音		3
768	埲	埲	pʊŋ22	bung6	塵起貌		4
769	䭰	䭰	pʊŋ22	bung6			5
770	砵	砵	put5	but1	汽笛聲、汽車喇叭聲；～～車，汽車，童語，與突[tut5]旁轉（定母讀如並母）	(語)	3
771	鉢	钵	put3	but3	鉢盂，衣鉢		2
772	砵	砵	put3	but3	地名用字；同鉢字		3
773	缽	钵	put3	but3	同鉢字		4
774	鱍	𱇣	put3	but3			4
775	勃	勃	put2	but6			1
776	撥	拨	put2	but6	撥開，點撥		1
777	潑	泼	put2	but6	活潑，讀同撥	(又)	1
778	渤	渤	put2	but6			1
779	脖	脖	put2	but6			1
780	荸	荸	put2	but6	荸薺（源自葧臍，口語稱馬蹄）		2
781	孛	孛	put2	but6	同勃字；姓		2
782	餑	饽	put2	but6	麪餑		2
783	鵓	鹁	put2	but6			2
784	哱	哱	put2	but6			3
785	桲	桲	put2	but6			3
786	浡	浡	put2	but6			3
787	襏	袯	put2	but6			3
788	馞	馞	put2	but6			3
789	葧	葧	put2	but6			4
790	𦤣	𦤣	put2	but6	臭敗氣		4
791	𡋯	𡋯	put2	but6	𡋯土		5
792	叉	叉	tʃʰa55	caa1			1
793	喳	喳	tʃʰa55	caa1	擬人聲，嘁嘁喳喳，打喳喳		1
794	差	差	tʃʰa55	caa1	差別，誤差		1
795	杈	杈	tʃʰa55	caa1	枝杈，枒杈		2
796	蹅	蹅	tʃʰa55	caa1	踏		3
797	嗏	嗏	tʃʰa55	caa1	助詞		4
798	扠	扠	tʃʰa55	caa1			4
799	鑔	镲	tʃʰa35	caa2	小鈸，也泛指鈸		2
800	岔	岔	tʃʰa33	caa3	岔路		1
801	詫	诧	tʃʰa33	caa3			2
802	奼	姹	tʃʰa33	caa3			2
803	汊	汊	tʃʰa33	caa3			2
804	衩	衩	tʃʰa33	caa3			2
805	侘	侘	tʃʰa33	caa3			3
806	㤞	㤞	tʃʰa33	caa3			4
807	查	查	tʃʰa21	caa4	調查，查證；瞢～～，模模糊糊，明代小說作夢夢查查		1
808	茶	茶	tʃʰa21	caa4			1
809	茬	茬	tʃʰa21	caa4	麥茬		1
810	搽	搽	tʃʰa21	caa4	搽藥，搽粉		2
811	槎	槎	tʃʰa21	caa4	木筏		2
812	碴	碴	tʃʰa21	caa4	找碴，冰碴，拉碴		2
813	苴	苴	tʃʰa21	caa4	枯草		2
814	嵖	嵖	tʃʰa21	caa4			2
815	餷	馇	tʃʰa21	caa4			2
816	𥻗	𥻗	tʃʰa21	caa4			2
817	垞	垞	tʃʰa21	caa4			3
818	差	差	tʃʰai55	caai1	出差		1
819	猜	猜	tʃʰai55	caai1			1
820	釵	钗	tʃʰai55	caai1			2
821	搋	搋	tʃʰai55	caai1	搓揉，～麪		2
822	偲	偲	tʃʰai55	caai1	多才		3
823	踩	踩	tʃʰai35	caai2	踩踏，本字跐；〈語〉禽類交配		1
824	踹	踹	tʃʰai35	caai2	踩		2
825	跐	跐	tʃʰai35	caai2	俗字踩	(白)	2
826	䐆	䐆	tʃʰai35	caai2	牛～，牛下水	(白)	4
827	䦟	䦷	tʃʰai35	caai2			4
828	跴	跴	tʃʰai35	caai2	同踩字		5
829	啜	啜	tʃʰai33	caai3	姓		2
830	嘬	嘬	tʃʰai33	caai3	咬；吃		2
831	蠆	虿	tʃʰai33	caai3			2
832	瘥	瘥	tʃʰai33	caai3	病癒		3
833	柴	柴	tʃʰai21	caai4	柴火，木柴		1
834	豺	豺	tʃʰai21	caai4	豺狼		1
835	儕	侪	tʃʰai21	caai4	同儕		2
836	茈	茈	tʃʰai21	caai4	茈胡		3
837	喍	喍	tʃʰai21	caai4			5
838	吒	咤	tʃʰak5	caak1	叱吒		2
839	咤	咤	tʃʰak5	caak1	叱咤，同叱吒		4
840	冊	册	tʃʰak3	caak3			1
841	拆	拆	tʃʰak3	caak3	拆開		1
842	柵	栅	tʃʰak3	caak3	柵欄		1
843	策	策	tʃʰak3	caak3			1
844	坼	坼	tʃʰak3	caak3	裂開		2
845	簎	簎	tʃʰak3	caak3	刺也		4
846	㿭	㿭	tʃʰak3	caak3	皴		4
847	䜺	䜺	tʃʰak3	caak3	豆䜺		4
848	箣	箣	tʃʰak3	caak3			4
849	粣	粣	tʃʰak3	caak3	糉也		5
850	蓛	蓛	tʃʰak3	caak3			5
851	賊	贼	tʃʰak2	caak6		(罕)	1
852	參	参	tʃʰam55	caam1	參加，參觀		1
853	攙	搀	tʃʰam55	caam1	攙扶		1
854	摻	掺	tʃʰam55	caam1	摻雜，摻水；同攙字		1
855	驂	骖	tʃʰam55	caam1			2
856	辿	辿	tʃʰam55	caam1		(又)	3
857	慘	惨	tʃʰam35	caam2			1
858	摻	掺	tʃʰam35	caam2	執持		1
859	黲	黪	tʃʰam35	caam2			2
860	穇	䅟	tʃʰam35	caam2	穇子		3
861	旵	旵	tʃʰam35	caam2			3
862	噆	噆	tʃʰam35	caam2	銜也		4
863	憯	憯	tʃʰam35	caam2			4
864	篸	𥮾	tʃʰam35	caam2	撮箕，垃圾～、～箕		4
865	朁	朁	tʃʰam35	caam2			5
866	杉	杉	tʃʰam33	caam3	杉樹，杉木；電燈～，電線杆		1
867	摻	掺	tʃʰam33	caam3	鼓曲名		1
868	懺	忏	tʃʰam33	caam3	懺悔		2
869	儳	儳	tʃʰam33	caam3	儳言		3
870	忏	忏	tʃʰam33	caam3			5
871	慚	惭	tʃʰam21	caam4	慚愧		1
872	攙	搀	tʃʰam21	caam4		(文)	1
873	蠶	蚕	tʃʰam21	caam4	蠶蟲，蠶豆		1
874	饞	馋	tʃʰam21	caam4	嘴饞		1
875	讒	谗	tʃʰam21	caam4	讒言		2
876	巉	巉	tʃʰam21	caam4			2
877	鑱	镵	tʃʰam21	caam4		(文)	2
878	儳	儳	tʃʰam21	caam4	不齊		3
879	劖	劖	tʃʰam21	caam4		(文)	4
880	瀺	瀺	tʃʰam21	caam4			5
881	蚕	蚕	tʃʰam21	caam4			5
882	㔆	㔆	tʃʰam24	caam5	割；剪；刺		4
883	餐	餐	tʃʰan55	caan1			1
884	產	产	tʃʰan35	caan2			1
885	剷	铲	tʃʰan35	caan2		(文)	1
886	鏟	铲	tʃʰan35	caan2	鏟車（後起詞）	(文)	1
887	滻	浐	tʃʰan35	caan2			3
888	剗	刬	tʃʰan35	caan2			3
889	䊲	䊲	tʃʰan35	caan2	植株類似穀子，子實略帶紅色		4
890	燦	灿	tʃʰan33	caan3			1
891	孱	孱	tʃʰan33	caan3	孱頭		2
892	璨	璨	tʃʰan33	caan3			2
893	粲	粲	tʃʰan33	caan3			2
894	羼	羼	tʃʰan33	caan3			2
895	薒	薒	tʃʰan33	caan3			4
896	慚	惭	tʃʰan21	caan4	俗讀	(常)	1
897	殘	残	tʃʰan21	caan4	殘疾，摧殘		1
898	蠶	蚕	tʃʰan21	caan4	俗讀	(常)	1
899	饞	馋	tʃʰan21	caan4	俗讀	(常)	1
900	讒	谗	tʃʰan21	caan4	俗讀	(常)	2
901	蚕	蚕	tʃʰan21	caan4		(又)	5
902	爭	争	tʃʰaŋ55	caang1	欠、差	(又)	1
903	撐	撑	tʃʰaŋ55	caang1	撐船，支撐		1
904	鐺	铛	tʃʰaŋ55	caang1	通鎗字，酒器；平底煎鍋或指烙餅（餺鐺）		1
905	瞠	瞠	tʃʰaŋ55	caang1	瞠目		2
906	牚	牚	tʃʰaŋ55	caang1	同撐字		3
907	橕	橕	tʃʰaŋ55	caang1			4
908	鎗	鎗	tʃʰaŋ55	caang1	鐘聲也；酒器		4
909	橙	橙	tʃʰaŋ35	caang2	橙子，橙色，橙樹		1
910	倀	伥	tʃʰaŋ35	caang2	瘦蜢[maŋ35]～，很瘦，疑本字㾪	(語)	2
911	撐	撑	tʃʰaŋ33	caang3	撐場，硬撐（結實；案，元曲作硬掙），讀同牚；詞綴，舞～～，手舞足蹈，比喻忙亂，佊[mɛ35]～～，歪歪斜斜	(又)	1
912	鋥	锃	tʃʰaŋ33	caang3	鋥光，鋥亮；光～～，亮堂堂		2
913	牚	牚	tʃʰaŋ33	caang3	椅子牚		3
914	盯	盯	tʃʰaŋ21	caang4	直視，又張梗切		1
915	倀	伥	tʃʰaŋ21	caang4	獨立貌		2
916	棖	枨	tʃʰaŋ21	caang4			2
917	朾	朾	tʃʰaŋ21	caang4	朾螘		4
918	掁	掁	tʃʰaŋ21	caang4			5
919	揨	揨	tʃʰaŋ21	caang4			5
920	撜	撜	tʃʰaŋ21	caang4	同掁字		5
921	插	插	tʃʰap3	caap3		(文)	1
922	鍤	锸	tʃʰap3	caap3			2
923	臿	臿	tʃʰap3	caap3			4
924	㮑	㮑	tʃʰap3	caap3	木折聲		4
925	𠝞	𠝞	tʃʰap3	caap3	切物聲		4
926	扱	扱	tʃʰap3	caap3	插；挹取		5
927	刷	刷	tʃʰat3	caat3	刷牙		1
928	察	察	tʃʰat3	caat3			1
929	擦	擦	tʃʰat3	caat3	擦拭，摩擦，本字攃		1
930	獺	獭	tʃʰat3	caat3	水獺，海獺，又作𤞠字		2
931	唰	唰	tʃʰat3	caat3	象聲詞；吃的俗稱，～飯		2
932	嚓	嚓	tʃʰat3	caat3	象聲詞，啪嚓，喀嚓		2
933	欻	欻	tʃʰat3	caat3	急促的聲響		3
934	檫	檫	tʃʰat3	caat3			3
935	攃	攃	tʃʰat3	caat3	摩擦，後作擦		4
936	礤	礤	tʃʰat3	caat3			4
937	䃰	䃰	tʃʰat3	caat3			4
938	㔍	㔍	tʃʰat3	caat3	斷也；割斷聲		5
939	剿	剿	tʃʰau55	caau1		(文)	1
940	抄	抄	tʃʰau55	caau1		(文)	1
941	鈔	钞	tʃʰau55	caau1	鈔票，現鈔；同抄字		1
942	摷	摷	tʃʰau55	caau1	取		4
943	𤙴	𤙴	tʃʰau55	caau1		(文)	4
944	吵	吵	tʃʰau35	caau2	吵嚷，吵鬧，爭吵		1
945	炒	炒	tʃʰau35	caau2	炒更（兼職）	(文)	1
946	㥮	㤘	tʃʰau35	caau2		(又)	2
947	抄	抄	tʃʰau33	caau3		(文)	1
948	耖	耖	tʃʰau33	caau3			2
949	肏	肏	tʃʰau33	caau3	北方俗字，詈語，摹官話音，本字戳，肏本音入		4
950	巢	巢	tʃʰau21	caau4	巢穴，鳥巢		1
951	勦	勦	tʃʰau21	caau4	輕捷也；勞也；〈語〉皺、枯萎		4
952	悽	凄	tʃʰɐi55	cai1	悽慘		1
953	淒	凄	tʃʰɐi55	cai1	淒涼		1
954	妻	妻	tʃʰɐi55	cai1	夫妻，妻子		1
955	棲	栖	tʃʰɐi55	cai1	棲息；棲棲		1
956	萋	萋	tʃʰɐi55	cai1			2
957	郪	郪	tʃʰɐi55	cai1			3
958	凄	凄	tʃʰɐi55	cai1			5
959	栖	栖	tʃʰɐi55	cai1	同棲字		5
960	切	切	tʃʰɐi33	cai3	一切		1
961	妻	妻	tʃʰɐi33	cai3	以女嫁人	(古)	1
962	砌	砌	tʃʰɐi33	cai3			1
963	沏	沏	tʃʰɐi33	cai3	沏茶		2
964	瘛	瘛	tʃʰɐi33	cai3	瘛瘲		2
965	傺	傺	tʃʰɐi33	cai3			3
966	磜	磜	tʃʰɐi33	cai3		(又)	3
967	憏	憏	tʃʰɐi33	cai3			4
968	齊	齐	tʃʰɐi21	cai4	整齊，齊全；完，食～；大～，大家		1
969	薺	荠	tʃʰɐi21	cai4	荸薺（源自葧臍，口語稱馬蹄）；薺菜，讀同齊		2
970	蠐	蛴	tʃʰɐi21	cai4			2
971	鱭	鲚	tʃʰɐi21	cai4			2
972	鮆	𫚖	tʃʰɐi21	cai4	刀魚，又作鱭字		3
973	廁	厕	tʃʰɐk5	cak1	廁足；〈又〉廁所		1
974	測	测	tʃʰɐk5	cak1			1
975	惻	恻	tʃʰɐk5	cak1			2
976	賊	贼	tʃʰɐk2	cak6	做賊，賊佬		1
977	鰂	鲗	tʃʰɐk2	cak6	烏鰂，即烏賊		3
978	蠈	蠈	tʃʰɐk2	cak6			5
979	侵	侵	tʃʰɐm55	cam1	侵佔，入侵，侵略		1
980	參	参	tʃʰɐm55	cam1	參差，俗讀參加之參		1
981	摻	掺	tʃʰɐm55	cam1	～油、～水、～沙，俗字侵	(白)	1
982	駸	骎	tʃʰɐm55	cam1			2
983	棽	棽	tʃʰɐm55	cam1			3
984	祲	祲	tʃʰɐm55	cam1		(又)	3
985	嵾	㟥	tʃʰɐm55	cam1			5
986	諃	諃	tʃʰɐm55	cam1			5
987	寢	寝	tʃʰɐm35	cam2			1
988	磣	碜	tʃʰɐm35	cam2	牙磣，寒磣		2
989	鑔	镲	tʃʰɐm35	cam2	鑔聲，本字鍖	(語)	2
990	梫	梫	tʃʰɐm35	cam2			4
991	踸	踸	tʃʰɐm35	cam2			4
992	鍖	鍖	tʃʰɐm35	cam2	鍖銋；〈語〉鑔聲		4
993	趻	趻	tʃʰɐm35	cam2			4
994	寑	寑	tʃʰɐm35	cam2			5
995	浸	浸	tʃʰɐm33	cam3	量詞，層（用於花生衣、紙皮、灰塵等），與輯對轉，或爲層深的合音	(語)	1
996	滲	渗	tʃʰɐm33	cam3	滲入，滲透	(白)	1
997	讖	谶	tʃʰɐm33	cam3			2
998	吣	吣	tʃʰɐm33	cam3	貓吣，胡吣		2
999	唚	唚	tʃʰɐm33	cam3	同吣字，貓唚，胡唚		4
1000	謲	謲	tʃʰɐm33	cam3	怒也；～氣，囉唆、臉色難看（晦氣義）		4
1001	尋	寻	tʃʰɐm21	cam4	尋找；走訪，～妗婆；〈語〉～日，昨日，昨晚的合音音變，合音後無晚義		1
1002	沈	沈	tʃʰɐm21	cam4	沈沒		1
1003	潛	潜	tʃʰɐm21	cam4		(又)	1
1004	沉	沉	tʃʰɐm21	cam4	同沈字，沉沒		1
1005	岑	岑	tʃʰɐm21	cam4	岑寂；姓；地名，岑溪		2
1006	覃	覃	tʃʰɐm21	cam4	姓，源自鐔		2
1007	撏	挦	tʃʰɐm21	cam4	取也		2
1008	潯	浔	tʃʰɐm21	cam4			2
1009	涔	涔	tʃʰɐm21	cam4			2
1010	蕁	荨	tʃʰɐm21	cam4	蕁麻，蕁麻疹，讀同尋，本字䕭/燅，本音潛		2
1011	鐔	镡	tʃʰɐm21	cam4	姓		2
1012	鱘	鲟	tʃʰɐm21	cam4			2
1013	梣	梣	tʃʰɐm21	cam4			3
1014	蟫	蟫	tʃʰɐm21	cam4	蟫蟫		3
1015	燖	𬊈	tʃʰɐm21	cam4			3
1016	璕	𬍤	tʃʰɐm21	cam4			3
1017	鄩	𬩽	tʃʰɐm21	cam4			3
1018	噚	㖊	tʃʰɐm21	cam4			4
1019	爓	爓	tʃʰɐm21	cam4	同燖字		5
1020	蟳	𫊻	tʃʰɐm21	cam4			5
1021	滲	渗	tʃʰɐm24	cam5	滲入，滲透	(常)	1
1022	親	亲	tʃʰɐn55	can1	親切；〈語〉助詞，動詞、形容詞後表結果，着了，撞～隻頭；後置虛詞，嘅話親的省略，表假設，要飲水～，就去擔水		1
1023	伸	伸	tʃʰɐn55	can1	～手，～懶腰，～直，又作抻/胂字	(白)	1
1024	春	春	tʃʰɐn55	can1			1
1025	椿	椿	tʃʰɐn55	can1	椿樹		1
1026	皴	皴	tʃʰɐn55	can1	皴裂		2
1027	鶉	鹑	tʃʰɐn55	can1	鵪鶉，古讀常倫切		2
1028	嗔	嗔	tʃʰɐn55	can1	生氣		2
1029	抻	抻	tʃʰɐn55	can1	拉、扯（物），抻麪；同伸字		2
1030	瞋	瞋	tʃʰɐn55	can1			2
1031	胂	胂	tʃʰɐn55	can1	伸身也		2
1032	逡	逡	tʃʰɐn55	can1			2
1033	蝽	蝽	tʃʰɐn55	can1			2
1034	鰆	䲠	tʃʰɐn55	can1			3
1035	堾	堾	tʃʰɐn55	can1	石壘擋土牆；地名用字		3
1036	瑃	瑃	tʃʰɐn55	can1			3
1037	捵	捵	tʃʰɐn55	can1	同抻字		4
1038	踆	踆	tʃʰɐn55	can1	踆踆，踆烏		4
1039	膥	膥	tʃʰɐn55	can1	俗字，禽魚蝦之卵，本地不用，而是用蛋，廣東粵客多用，廣西罕用，僅限部分地區，一說避諱亂，改用伸/抻/春		5
1040	疹	疹	tʃʰɐn35	can2	麻疹，溼疹		1
1041	蠢	蠢	tʃʰɐn35	can2	愚蠢，蠢材		1
1042	診	诊	tʃʰɐn35	can2	急診，診療		1
1043	哂	哂	tʃʰɐn35	can2	哂笑		2
1044	畛	畛	tʃʰɐn35	can2			2
1045	縝	缜	tʃʰɐn35	can2			2
1046	胗	胗	tʃʰɐn35	can2	嘴脣潰瘍		2
1047	軫	轸	tʃʰɐn35	can2			2
1048	疢	疢	tʃʰɐn35	can2		(又)	3
1049	矧	矧	tʃʰɐn35	can2			3
1050	稹	稹	tʃʰɐn35	can2			3
1051	袗	袗	tʃʰɐn35	can2			3
1052	鬒	鬒	tʃʰɐn35	can2			3
1053	昣	昣	tʃʰɐn35	can2			3
1054	辴	辴	tʃʰɐn35	can2			4
1055	槙	槙	tʃʰɐn35	can2	木密		5
1056	親	亲	tʃʰɐn33	can3	親家		1
1057	襯	衬	tʃʰɐn33	can3			1
1058	趁	趁	tʃʰɐn33	can3	趁機，趁早，趁墟（趕集）；〈語〉逛，到處～，到處逛		1
1059	齔	龀	tʃʰɐn33	can3			2
1060	櫬	榇	tʃʰɐn33	can3			3
1061	疢	疢	tʃʰɐn33	can3			3
1062	塵	尘	tʃʰɐn21	can4	灰塵，塵土		1
1063	巡	巡	tʃʰɐn21	can4	巡視，出巡；〈語〉來回走動		1
1064	循	循	tʃʰɐn21	can4			1
1065	旬	旬	tʃʰɐn21	can4	上旬，八旬；勻～，均勻		1
1066	秦	秦	tʃʰɐn21	can4			1
1067	臣	臣	tʃʰɐn21	can4			1
1068	陳	陈	tʃʰɐn21	can4			1
1069	溱	溱	tʃʰɐn21	can4	溱潼		2
1070	蓁	蓁	tʃʰɐn21	can4	蓁椒		2
1071	嗪	嗪	tʃʰɐn21	can4			2
1072	紃	𬘓	tʃʰɐn21	can4			3
1073	螓	螓	tʃʰɐn21	can4			4
1074	揗	揗	tʃʰɐn21	can4	撫摩；順從		5
1075	噌	噌	tʃʰɐŋ55	cang1	噌吰		2
1076	蹭	蹭	tʃʰɐŋ33	cang3	磨蹭；蹭蹬		1
1077	層	层	tʃʰɐŋ21	cang4	樓層，層次		1
1078	曾	曾	tʃʰɐŋ21	cang4	曾經		1
1079	嶒	嶒	tʃʰɐŋ21	cang4		(又)	3
1080	鄫	鄫	tʃʰɐŋ21	cang4			3
1081	䁬	䁬	tʃʰɐŋ21	cang4			4
1082	緝	缉	tʃʰɐp5	cap1	緝拿，緝鞋口		1
1083	輯	辑	tʃʰɐp5	cap1	編輯，輯錄		1
1084	戢	戢	tʃʰɐp5	cap1	戢兵，斂戢；姓		2
1085	楫	楫	tʃʰɐp5	cap1	通輯字，聚也；〈又〉舟楫，讀同咠/輯		2
1086	葺	葺	tʃʰɐp5	cap1			2
1087	蕺	蕺	tʃʰɐp5	cap1			2
1088	㮑	㮑	tʃʰɐp5	cap1	脆～～，（蘿蔔等）非常脆，俗字戢	(白)	4
1089	咠	咠	tʃʰɐp5	cap1			5
1090	七	七	tʃʰɐt5	cat1	第七，七夕；～曹[tʃʰu21]曹[tʃʰu35]（假借字）、～巧[kʰiu35]來、～巧，猜碼口令，數字七		1
1091	出	出	tʃʰɐt5	cat1		(又)	1
1092	齣	出	tʃʰɐt5	cat1		(又)	1
1093	漆	漆	tʃʰɐt5	cat1			1
1094	柒	柒	tʃʰɐt5	cat1	七的大寫		1
1095	怵	怵	tʃʰɐt5	cat1		(又)	2
1096	黜	黜	tʃʰɐt5	cat1		(又)	2
1097	詘	诎	tʃʰɐt5	cat1		(又)	3
1098	䢺	䢺	tʃʰɐt5	cat1		(又)	3
1099	桼	桼	tʃʰɐt5	cat1			4
1100	抽	抽	tʃʰɐu55	cau1			1
1101	秋	秋	tʃʰɐu55	cau1	秋天		1
1102	鰍	鳅	tʃʰɐu55	cau1			2
1103	楸	楸	tʃʰɐu55	cau1			2
1104	湫	湫	tʃʰɐu55	cau1	水潭		2
1105	瘳	瘳	tʃʰɐu55	cau1			2
1106	鞧	鞧	tʃʰɐu55	cau1			2
1107	萩	萩	tʃʰɐu55	cau1			3
1108	鶖	鹙	tʃʰɐu55	cau1			3
1109	鞦	秋	tʃʰɐu55	cau1	鞦韆，牛鞦		4
1110	掫	掫	tʃʰɐu55	cau1	拿取東西		4
1111	搊	搊	tʃʰɐu55	cau1	搊起來		4
1112	篘	𥬠	tʃʰɐu55	cau1			4
1113	紬	䌷	tʃʰɐu55	cau1	紬繹		5
1114	丑	丑	tʃʰɐu35	cau2	子丑		1
1115	醜	丑	tʃʰɐu35	cau2	醜惡		1
1116	瞅	瞅	tʃʰɐu35	cau2			1
1117	杻	杻	tʃʰɐu35	cau2	古刑具，似手銬		2
1118	侴	侴	tʃʰɐu35	cau2			3
1119	偢	偢	tʃʰɐu35	cau2	同瞅字		4
1120	矁	矁	tʃʰɐu35	cau2			5
1121	湊	凑	tʃʰɐu33	cau3	拼湊，湊數		1
1122	嗅	嗅	tʃʰɐu33	cau3	嗅覺；用鼻聞		1
1123	臭	臭	tʃʰɐu33	cau3	臭味		1
1124	溴	溴	tʃʰɐu33	cau3			2
1125	糗	糗	tʃʰɐu33	cau3	乾糧		2
1126	腠	腠	tʃʰɐu33	cau3			2
1127	蔟	蔟	tʃʰɐu33	cau3	太蔟		2
1128	輳	辏	tʃʰɐu33	cau3			2
1129	殠	殠	tʃʰɐu33	cau3			4
1130	齅	齅	tʃʰɐu33	cau3			5
1131	仇	仇	tʃʰɐu21	cau4	仇敵，恩仇		1
1132	囚	囚	tʃʰɐu21	cau4			1
1133	愁	愁	tʃʰɐu21	cau4			1
1134	疇	畴	tʃʰɐu21	cau4			1
1135	稠	稠	tʃʰɐu21	cau4			1
1136	籌	筹	tʃʰɐu21	cau4			1
1137	綢	绸	tʃʰɐu21	cau4	綢緞，絲綢		1
1138	酬	酬	tʃʰɐu21	cau4			1
1139	儔	俦	tʃʰɐu21	cau4			2
1140	惆	惆	tʃʰɐu21	cau4			2
1141	泅	泅	tʃʰɐu21	cau4	泅水，泅渡		2
1142	躊	踌	tʃʰɐu21	cau4			2
1143	酋	酋	tʃʰɐu21	cau4			2
1144	遒	遒	tʃʰɐu21	cau4			2
1145	讎	雠	tʃʰɐu21	cau4	校讎，讎定		2
1146	幬	帱	tʃʰɐu21	cau4	牀帳；車帷		3
1147	椆	椆	tʃʰɐu21	cau4	椆木，椆水		3
1148	犨	犨	tʃʰɐu21	cau4			3
1149	蝤	蝤	tʃʰɐu21	cau4	蝤蠐		3
1150	紬	䌷	tʃʰɐu21	cau4	粗綢		5
1151	車	车	tʃʰɛ55	ce1	車輛；〈語〉吹噓，～大炮，吹牛，源自扯/撦		1
1152	硨	砗	tʃʰɛ55	ce1			2
1153	俥	伡	tʃʰɛ55	ce1	船上動力器；掌船動力器者，大俥		4
1154	唓	唓	tʃʰɛ55	ce1	唓嗻；語氣詞，表輕蔑；～咧[lɛ55]，話多、愛表現，源自啁嘐/周遮，語多，元代作遮剌/雕剌		4
1155	且	且	tʃʰɛ35	ce2			1
1156	尺	尺	tʃʰɛ35	ce2	工尺		1
1157	扯	扯	tʃʰɛ35	ce2	拉扯，扯皮		1
1158	撦	撦	tʃʰɛ35	ce2	同扯字		4
1159	跙	跙	tʃʰɛ35	ce2	足利；〈語〉走開、離去，俗字扯		4
1160	奲	𫰂	tʃʰɛ35	ce2	寬大也；奲都		4
1161	趄	趄	tʃʰɛ33	ce3	傾斜；趔趄		2
1162	笡	笡	tʃʰɛ33	ce3	斜、陡		4
1163	斜	斜	tʃʰɛ21	ce4	斜坡，傾斜		1
1164	邪	邪	tʃʰɛ21	ce4	驅邪，邪惡		1
1165	輋	𪨶	tʃʰɛ21	ce4	地名用字		3
1166	㙦	㙦	tʃʰɛ21	ce4			3
1167	刺	刺	tʃʰɛk3	cek3	刺骨，頭刺（頭痛），肉刺（心痛）	(白)	1
1168	尺	尺	tʃʰɛk3	cek3	尺寸		1
1169	呎	呎	tʃʰɛk3	cek3			4
1170	鵮	鹐	tʃʰɛm55	cem1	鳥啄物；〈語〉鵝鴨等扁嘴類動物取食		2
1171	鑔	镲	tʃʰɛm35	cem2	～～，小鈸，本字鍖	(語)	2
1172	鍖	鍖	tʃʰɛm35	cem2	～～，小鈸，擬聲得名	(白)	4
1173	篸	𥮾	tʃʰɛm35	cem2		(白)	4
1174	攙	搀	tʃʰɛm21	cem4	刺入，與插對轉，又作鑱/劖字	(白)	1
1175	鑱	镵	tʃʰɛm21	cem4	長鑱；刺入，與插對轉，又作攙/劖字	(白)	2
1176	劖	劖	tʃʰɛm21	cem4	刺入，與插對轉，又作鑱/攙字	(白)	4
1177	剷	铲	tʃʰɛn35	cen2	剷走，剷除	(白)	1
1178	鏟	铲	tʃʰɛn35	cen2	鑊鏟；鏟走，鏟除	(白)	1
1179	清	清	tʃʰɛŋ55	ceng1	水清	(白)	1
1180	青	青	tʃʰɛŋ55	ceng1	青色，面青青，青菜（綠葉蔬菜總稱），多用於青白色	(白)	1
1181	請	请	tʃʰɛŋ35	ceng2	請假	(白)	1
1182	𠝞	𠝞	tʃʰɛp5	cep1	剪物聲	(語)	4
1183	插	插	tʃʰɛp3	cep3		(白)	1
1184	𠝞	𠝞	tʃʰɛp2	cep6	又音	(語)	4
1185	出	出	tʃʰɛt5	cet1	短/薄律[lɛt5]～，短/薄貌，也作短/薄設[tʃʰɛt5]設[tʃʰɛt5]	(語)	1
1186	切	切	tʃʰɛt5	cet1	切物聲，引申指切開，又作㔍字	(語)	1
1187	設	设	tʃʰɛt5	cet1	詞綴，短/薄～～，短/薄貌，也作短/薄律[lɛt5]出[tʃʰɛt5]；案，設設爲元曲寫法	(語)	1
1188	㔍	㔍	tʃʰɛt5	cet1	切物聲，引申指切開，又作切字	(語)	5
1189	切	切	tʃʰɛt2	cet6	又音	(語)	1
1190	㔍	㔍	tʃʰɛt2	cet6	又音	(語)	5
1191	剿	剿	tʃʰɛu55	ceu1	同抄字，剿襲，剿說	(白)	1
1192	抄	抄	tʃʰɛu55	ceu1	抄書	(白)	1
1193	𤙴	𤙴	tʃʰɛu55	ceu1	牴	(白)	4
1194	吵	吵	tʃʰɛu35	ceu2	吵耳	(白)	1
1195	炒	炒	tʃʰɛu35	ceu2	炒飯，炒菜	(白)	1
1196	抄	抄	tʃʰɛu33	ceu3	翻找、亂翻	(白)	1
1197	差	差	tʃʰi55	ci1	參差，俗讀差別之差		1
1198	雌	雌	tʃʰi55	ci1	雌雄，雌蕊		1
1199	癡	痴	tʃʰi55	ci1	癡情，白癡；〈語〉蠢、傻、瘋		1
1200	嗤	嗤	tʃʰi55	ci1	嗤笑		2
1201	疵	疵	tʃʰi55	ci1	瑕疵，吹毛求疵		2
1202	笞	笞	tʃʰi55	ci1			2
1203	蚩	蚩	tʃʰi55	ci1			2
1204	呲	呲	tʃʰi55	ci1	嫌食也		2
1205	哧	哧	tʃʰi55	ci1	象聲詞		2
1206	嘁	嘁	tʃʰi55	ci1	嘁嘁喳喳		2
1207	媸	媸	tʃʰi55	ci1			2
1208	眥	眦	tʃʰi55	ci1	睚眥，讀同疵		2
1209	眵	眵	tʃʰi55	ci1	眼眵		2
1210	螭	螭	tʃʰi55	ci1			2
1211	郗	郗	tʃʰi55	ci1	姓		2
1212	魑	魑	tʃʰi55	ci1			2
1213	鴟	鸱	tʃʰi55	ci1			2
1214	摛	摛	tʃʰi55	ci1			3
1215	玼	玼	tʃʰi55	ci1	玉的疵點		3
1216	瓻	瓻	tʃʰi55	ci1			3
1217	絺	𫄨	tʃʰi55	ci1	細葛也		3
1218	痴	痴	tʃʰi55	ci1	同癡字		4
1219	胵	胵	tʃʰi55	ci1	膍胵		4
1220	黐	黐	tʃʰi55	ci1	黏、粘		4
1221	飺	飺	tʃʰi55	ci1			5
1222	骴	骴	tʃʰi55	ci1			5
1223	髊	髊	tʃʰi55	ci1			5
1224	齝	齝	tʃʰi55	ci1			5
1225	齹	齹	tʃʰi55	ci1	齒參差		5
1226	蠀	𧏗	tʃʰi55	ci1	蠀螬		5
1227	誺	𫍧	tʃʰi55	ci1	不知		5
1228	侈	侈	tʃʰi35	ci2	奢侈		1
1229	始	始	tʃʰi35	ci2	開始，始終		1
1230	此	此	tʃʰi35	ci2			1
1231	矢	矢	tʃʰi35	ci2	飛矢，矢志		1
1232	恥	耻	tʃʰi35	ci2			1
1233	齒	齿	tʃʰi35	ci2			1
1234	哆	哆	tʃʰi35	ci2	張口		1
1235	褫	褫	tʃʰi35	ci2			2
1236	豕	豕	tʃʰi35	ci2	豬也		2
1237	跐	跐	tʃʰi35	ci2	踏；跐豸		2
1238	泚	泚	tʃʰi35	ci2			3
1239	玼	玼	tʃʰi35	ci2	鮮明		3
1240	胣	胣	tʃʰi35	ci2			3
1241	鮆	𫚖	tʃʰi35	ci2	魚名		3
1242	姼	姼	tʃʰi35	ci2		(又)	4
1243	佌	佌	tʃʰi35	ci2			5
1244	恀	恀	tʃʰi35	ci2			5
1245	誃	誃	tʃʰi35	ci2	離別		5
1246	鉹	鉹	tʃʰi35	ci2			5
1247	伺	伺	tʃʰi33	ci3	伺候，伺機		1
1248	刺	刺	tʃʰi33	ci3	魚刺，刺刀，行刺		1
1249	廁	厕	tʃʰi33	ci3	廁所		1
1250	幟	帜	tʃʰi33	ci3	旗幟		1
1251	次	次	tʃʰi33	ci3			1
1252	翅	翅	tʃʰi33	ci3			1
1253	賜	赐	tʃʰi33	ci3			1
1254	赤	赤	tʃʰi33	ci3	打～肋，赤膊，打～腳，赤腳，語流音變	(語)	1
1255	啻	啻	tʃʰi33	ci3			2
1256	嗣	嗣	tʃʰi33	ci3	俗讀，讀同伺	(常)	2
1257	熾	炽	tʃʰi33	ci3			2
1258	眙	眙	tʃʰi33	ci3	直視		2
1259	笥	笥	tʃʰi33	ci3			2
1260	佁	佁	tʃʰi33	ci3	佁儗		3
1261	佽	佽	tʃʰi33	ci3			3
1262	莿	莿	tʃʰi33	ci3			3
1263	痓	痓	tʃʰi33	ci3			3
1264	覗	𬢊	tʃʰi33	ci3			4
1265	儩	儩	tʃʰi33	ci3			5
1266	庛	庛	tʃʰi33	ci3			5
1267	朿	朿	tʃʰi33	ci3			5
1268	絘	絘	tʃʰi33	ci3			5
1269	翨	翨	tʃʰi33	ci3			5
1270	蚝	蚝	tʃʰi33	ci3	同蛓字		5
1271	蛓	蛓	tʃʰi33	ci3			5
1272	跮	跮	tʃʰi33	ci3	跮踱		5
1273	饎	饎	tʃʰi33	ci3			5
1274	茲	兹	tʃʰi21	ci4	古國名，龜茲		1
1275	匙	匙	tʃʰi21	ci4	匙羹，湯匙		1
1276	弛	弛	tʃʰi21	ci4			1
1277	慈	慈	tʃʰi21	ci4			1
1278	持	持	tʃʰi21	ci4			1
1279	池	池	tʃʰi21	ci4			1
1280	瓷	瓷	tʃʰi21	ci4	瓷器		1
1281	磁	磁	tʃʰi21	ci4	磁石		1
1282	祠	祠	tʃʰi21	ci4	祠堂，宗祠		1
1283	臍	脐	tʃʰi21	ci4	肚臍，臍帶，古讀同齊		1
1284	詞	词	tʃʰi21	ci4			1
1285	辭	辞	tʃʰi21	ci4			1
1286	遲	迟	tʃʰi21	ci4			1
1287	飼	饲	tʃʰi21	ci4	俗讀，讀同詞	(常)	1
1288	馳	驰	tʃʰi21	ci4			1
1289	茬	茬	tʃʰi21	ci4	草盛貌；姓		1
1290	墀	墀	tʃʰi21	ci4			2
1291	踟	踟	tʃʰi21	ci4			2
1292	坻	坻	tʃʰi21	ci4	水中高地		2
1293	篪	篪	tʃʰi21	ci4			2
1294	餈	糍	tʃʰi21	ci4	餈粑		2
1295	茌	茌	tʃʰi21	ci4			2
1296	茨	茨	tʃʰi21	ci4			2
1297	鶿	鹚	tʃʰi21	ci4			2
1298	泜	泜	tʃʰi21	ci4	水名，在河北		3
1299	茈	茈	tʃʰi21	ci4	鳧茈		3
1300	踶	踶	tʃʰi21	ci4	踶躕		3
1301	薋	薋	tʃʰi21	ci4			4
1302	糍	糍	tʃʰi21	ci4	同餈字		4
1303	鷀	鹚	tʃʰi21	ci4			4
1304	柌	柌	tʃʰi21	ci4			5
1305	歭	歭	tʃʰi21	ci4	歭躇，同踟躕		5
1306	濨	濨	tʃʰi21	ci4			5
1307	荎	荎	tʃʰi21	ci4			5
1308	蚳	蚳	tʃʰi21	ci4			5
1309	貾	貾	tʃʰi21	ci4			5
1310	趍	趍	tʃʰi21	ci4	趍趙		5
1311	澬	𫞚	tʃʰi21	ci4	古水名		5
1312	似	似	tʃʰi24	ci5	相似，似乎		1
1313	恃	恃	tʃʰi24	ci5	恃才傲物，有恃無恐		1
1314	姒	姒	tʃʰi24	ci5			2
1315	峙	峙	tʃʰi24	ci5	對峙	(又)	2
1316	汜	汜	tʃʰi24	ci5			2
1317	佀	佀	tʃʰi24	ci5			4
1318	鈶	鈶	tʃʰi24	ci5			5
1319	寺	寺	tʃʰi22	ci6	寺廟，清真寺		1
1320	食	食	tʃʰi22	ci6	簞食壺漿	(古)	1
1321	飼	饲	tʃʰi22	ci6	飼料，飼養		1
1322	嗣	嗣	tʃʰi22	ci6	子嗣，嗣位		2
1323	慼	戚	tʃʰek5	cik1	悲慼		1
1324	戚	戚	tʃʰek5	cik1	親戚；姓		1
1325	斥	斥	tʃʰek5	cik1			1
1326	赤	赤	tʃʰek5	cik1	赤色，赤子，赤口日		1
1327	叱	叱	tʃʰek5	cik1	叱吒，呵叱		2
1328	飭	饬	tʃʰek5	cik1			2
1329	敕	敕	tʃʰek5	cik1	宣敕，敕命；得～，得意		2
1330	槭	槭	tʃʰek5	cik1	槭樹		2
1331	彳	彳	tʃʰek5	cik1			3
1332	抶	抶	tʃʰek5	cik1			4
1333	鶒	𫛶	tʃʰek5	cik1			4
1334	慽	戚	tʃʰek5	cik1			4
1335	鏚	戚	tʃʰek5	cik1	鏚斧		5
1336	殲	歼	tʃʰim55	cim1	殲滅		1
1337	簽	签	tʃʰim55	cim1	簽字，簽收		1
1338	籤	签	tʃʰim55	cim1	抽籤，牙籤		1
1339	纖	纤	tʃʰim55	cim1	纖細		1
1340	遷	迁	tʃʰim55	cim1	遷移，遷徙	(習)	1
1341	箋	笺	tʃʰim55	cim1	便箋，信箋，讀同籤	(習)	2
1342	僉	佥	tʃʰim55	cim1			2
1343	釺	钎	tʃʰim55	cim1	禾～，兩頭尖的扁擔，挑稻草、茅草用	(習)	2
1344	孅	孅	tʃʰim55	cim1			3
1345	籛	篯	tʃʰim55	cim1	馬具；姓		3
1346	襜	襜	tʃʰim55	cim1			3
1347	鋟	锓	tʃʰim55	cim1			3
1348	錟	锬	tʃʰim55	cim1	同銛字，鋒利		3
1349	櫼	櫼	tʃʰim55	cim1			4
1350	銛	铦	tʃʰim55	cim1			4
1351	憸	𪫺	tʃʰim55	cim1	憸佞，憸邪		4
1352	嬐	𫰰	tʃʰim55	cim1			4
1353	䙴	䙴	tʃʰim55	cim1	同遷字		4
1354	牋	牋	tʃʰim55	cim1	同箋字		5
1355	鉆	鉆	tʃʰim55	cim1	鑷子		5
1356	諂	谄	tʃʰim35	cim2			2
1357	僭	僭	tʃʰim33	cim3			2
1358	塹	堑	tʃʰim33	cim3			2
1359	暹	暹	tʃʰim33	cim3	暹羅		2
1360	槧	椠	tʃʰim33	cim3			2
1361	韂	韂	tʃʰim33	cim3			3
1362	潛	潜	tʃʰim21	cim4	潛水，潛伏		1
1363	撏	挦	tʃʰim21	cim4	拔、抽		2
1364	灊	灊	tʃʰim21	cim4			4
1365	千	千	tʃʰin55	cin1	萬千，千金		1
1366	遷	迁	tʃʰin55	cin1		(書)	1
1367	仟	仟	tʃʰin55	cin1	千人之長；千的大寫		2
1368	阡	阡	tʃʰin55	cin1	阡陌		2
1369	扦	扦	tʃʰin55	cin1	扦子，扦插		2
1370	芊	芊	tʃʰin55	cin1	芊綿，芊芊		2
1371	躚	跹	tʃʰin55	cin1	蹁躚，讀同千		2
1372	釺	钎	tʃʰin55	cin1		(書)	2
1373	梴	梴	tʃʰin55	cin1	木長貌		3
1374	籛	篯	tʃʰin55	cin1		(又)	3
1375	圲	圲	tʃʰin55	cin1			3
1376	杄	杄	tʃʰin55	cin1			3
1377	韆	千	tʃʰin55	cin1	鞦韆		4
1378	䙴	䙴	tʃʰin55	cin1		(又)	4
1379	牋	牋	tʃʰin55	cin1		(又)	5
1380	粁	粁	tʃʰin55 mɐi24	cin1 mai5			5
1381	瓩	瓩	tʃʰin55 ŋa24	cin1 ngaa5			4
1382	淺	浅	tʃʰin35	cin2			1
1383	闡	阐	tʃʰin35	cin2	闡述，闡明		1
1384	囅	冁	tʃʰin35	cin2			3
1385	嘽	啴	tʃʰin35	cin2	寬舒		3
1386	蕆	蒇	tʃʰin35	cin2			3
1387	燀	𬊤	tʃʰin35	cin2	炊		3
1388	倩	倩	tʃʰin33	cin3		(又)	2
1389	前	前	tʃʰin21	cin4			1
1390	纏	缠	tʃʰin21	cin4	纏繞；糾纏		1
1391	錢	钱	tʃʰin21	cin4			1
1392	廛	廛	tʃʰin21	cin4			2
1393	瀍	瀍	tʃʰin21	cin4			3
1394	躔	躔	tʃʰin21	cin4			3
1395	辿	辿	tʃʰin21	cin4			3
1396	清	清	tʃʰeŋ55	cing1	清理，清楚		1
1397	稱	称	tʃʰeŋ55	cing1	稱呼；相稱		1
1398	蜻	蜻	tʃʰeŋ55	cing1	蜻蜓		1
1399	青	青	tʃʰeŋ55	cing1	青年，青春，青草，多用於年齡或青綠色		1
1400	圊	圊	tʃʰeŋ55	cing1			2
1401	檉	柽	tʃʰeŋ55	cing1			2
1402	氰	氰	tʃʰeŋ55	cing1	讀同青	(又)	2
1403	蟶	蛏	tʃʰeŋ55	cing1	蟶子		2
1404	偁	偁	tʃʰeŋ55	cing1	同稱字		3
1405	赬	赪	tʃʰeŋ55	cing1			3
1406	鯖	鲭	tʃʰeŋ55	cing1	魚名		3
1407	僜	僜	tʃʰeŋ55	cing1	醉行貌		4
1408	虰	虰	tʃʰeŋ55	cing1	虰螘		5
1409	請	请	tʃʰeŋ35	cing2	請客，邀請，請假		1
1410	騁	骋	tʃʰeŋ35	cing2			2
1411	庱	庱	tʃʰeŋ35	cing2			3
1412	秤	秤	tʃʰeŋ33	cing3	桿秤，秤砣		1
1413	稱	称	tʃʰeŋ33	cing3	稱心；〈又〉相稱		1
1414	倩	倩	tʃʰeŋ33	cing3	請，倩人		2
1415	碃	碃	tʃʰeŋ33	cing3			3
1416	掅	掅	tʃʰeŋ33	cing3			5
1417	呈	呈	tʃʰeŋ21	cing4			1
1418	情	情	tʃʰeŋ21	cing4			1
1419	懲	惩	tʃʰeŋ21	cing4			1
1420	成	成	tʃʰeŋ21	cing4	成數，幾成，一說本字程		1
1421	晴	晴	tʃʰeŋ21	cing4			1
1422	澄	澄	tʃʰeŋ21	cing4	澄清		1
1423	程	程	tʃʰeŋ21	cing4			1
1424	逞	逞	tʃʰeŋ21	cing4	逞強，得逞，讀同呈		1
1425	埕	埕	tʃʰeŋ21	cing4	罈子，～～䍇䍇，罈罈罐罐，酒～，酒罈子，金～，骨灰（或骨殖）罈子，金爲骨的音變		2
1426	氰	氰	tʃʰeŋ21	cing4	碳氮化合物		2
1427	裎	裎	tʃʰeŋ21	cing4			2
1428	郢	郢	tʃʰeŋ21	cing4		(又)	2
1429	餳	饧	tʃʰeŋ21	cing4	飴，糖稀		2
1430	腈	腈	tʃʰeŋ21	cing4	讀同晴	(又)	2
1431	嶒	嶒	tʃʰeŋ21	cing4	崚嶒		3
1432	澂	澂	tʃʰeŋ21	cing4	澄的本字		3
1433	珵	珵	tʃʰeŋ21	cing4			3
1434	酲	酲	tʃʰeŋ21	cing4			3
1435	憕	憕	tʃʰeŋ21	cing4			3
1436	䝼	䞍	tʃʰeŋ21	cing4	受賜		4
1437	妾	妾	tʃʰip3	cip3			2
1438	唼	唼	tʃʰip3	cip3	唼佞		2
1439	切	切	tʃʰit3	cit3	切開		1
1440	徹	彻	tʃʰit3	cit3			1
1441	撤	撤	tʃʰit3	cit3			1
1442	澈	澈	tʃʰit3	cit3			1
1443	竊	窃	tʃʰit3	cit3			1
1444	設	设	tʃʰit3	cit3	建設，設計		1
1445	掣	掣	tʃʰit3	cit3	本讀	(又)	2
1446	沏	沏	tʃʰit3	cit3	水聲		2
1447	㬚	㬚	tʃʰit3	cit3			3
1448	屮	屮	tʃʰit3	cit3			5
1449	悄	悄	tʃʰiu55	ciu1	靜悄悄		1
1450	昭	昭	tʃʰiu55	ciu1	昭然，昭雪，王昭君，展昭		1
1451	超	超	tʃʰiu55	ciu1			1
1452	鍬	锹	tʃʰiu55	ciu1	鐵鍬；〈語〉打嗐[hɐt5]～，打噴嚏		1
1453	釗	钊	tʃʰiu55	ciu1			2
1454	繰	缲	tʃʰiu55	ciu1	繰邊		2
1455	弨	弨	tʃʰiu55	ciu1			3
1456	怊	怊	tʃʰiu55	ciu1			3
1457	幧	幧	tʃʰiu55	ciu1			4
1458	炤	炤	tʃʰiu55	ciu1	同昭字		4
1459	悄	悄	tʃʰiu35	ciu2	悄然，悄聲		1
1460	愀	愀	tʃʰiu35	ciu2			2
1461	俏	俏	tʃʰiu33	ciu3			1
1462	峭	峭	tʃʰiu33	ciu3			1
1463	肖	肖	tʃʰiu33	ciu3	生肖，肖像		1
1464	鞘	鞘	tʃʰiu33	ciu3	刀鞘		2
1465	誚	诮	tʃʰiu33	ciu3			2
1466	偢	偢	tʃʰiu33	ciu3	傻偢		4
1467	帩	帩	tʃʰiu33	ciu3			4
1468	嘲	嘲	tʃʰiu21	ciu4	讀同朝/潮	(又)	1
1469	憔	憔	tʃʰiu21	ciu4			1
1470	朝	朝	tʃʰiu21	ciu4	朝代，朝向；朝鮮，古讀陟遙切		1
1471	潮	潮	tʃʰiu21	ciu4			1
1472	瞧	瞧	tʃʰiu21	ciu4			1
1473	樵	樵	tʃʰiu21	ciu4			2
1474	劁	劁	tʃʰiu21	ciu4	劁刈，劁豬		2
1475	晁	晁	tʃʰiu21	ciu4			2
1476	譙	谯	tʃʰiu21	ciu4			2
1477	嶕	嶕	tʃʰiu21	ciu4			4
1478	初	初	tʃʰɔ55	co1			1
1479	搓	搓	tʃʰɔ55	co1	搓手，揉搓		1
1480	磋	磋	tʃʰɔ55	co1	切磋，磋商		2
1481	蹉	蹉	tʃʰɔ55	co1	蹉跎		2
1482	嵯	嵯	tʃʰɔ55	co1			2
1483	瑳	瑳	tʃʰɔ55	co1			3
1484	楚	楚	tʃʰɔ35	co2			1
1485	礎	础	tʃʰɔ35	co2	基礎		1
1486	濋	濋	tʃʰɔ35	co2			3
1487	脞	脞	tʃʰɔ35	co2			3
1488	憷	憷	tʃʰɔ35	co2			3
1489	齼	𬺓	tʃʰɔ35	co2			3
1490	攞	攞	tʃʰɔ35	co2	又音，助詞，弱讀	(語)	4
1491	挫	挫	tʃʰɔ33	co3			1
1492	措	措	tʃʰɔ33	co3	措施		1
1493	錯	错	tʃʰɔ33	co3	錯誤，過錯；錯雜，交錯，古讀入聲，倉各切		1
1494	銼	锉	tʃʰɔ33	co3			2
1495	莝	莝	tʃʰɔ33	co3	莝草		3
1496	剉	剉	tʃʰɔ33	co3			4
1497	鋤	锄	tʃʰɔ21	co4			1
1498	痤	痤	tʃʰɔ21	co4			2
1499	矬	矬	tʃʰɔ21	co4	矮		2
1500	瘥	瘥	tʃʰɔ21	co4	病疫		3
1501	酇	酂	tʃʰɔ21	co4	古縣名；白酒		3
1502	鹺	鹾	tʃʰɔ21	co4			3
1503	鉏	𬬺	tʃʰɔ21	co4	同鋤字		4
1504	䠡	䠡	tʃʰɔ21	co4	蹋聲		4
1505	蒫	蒫	tʃʰɔ21	co4			5
1506	齹	齹	tʃʰɔ21	co4	齒根		5
1507	坐	坐	tʃʰɔ24	co5	坐車，請坐，保留濁上		1
1508	昨	昨	tʃʰɔ22	co6	又音，語流音變	(語)	1
1509	綽	绰	tʃʰœk3	coek3	寬綽，綽號		1
1510	雀	雀	tʃʰœk3	coek3	麻雀；打麻～，打麻將		1
1511	鵲	鹊	tʃʰœk3	coek3	喜鵲		1
1512	淖	淖	tʃʰœk3	coek3	同綽字		2
1513	焯	焯	tʃʰœk3	coek3	略煮一下，～菜		2
1514	踔	踔	tʃʰœk3	coek3			2
1515	婼	婼	tʃʰœk3	coek3	不順從		3
1516	棤	棤	tʃʰœk3	coek3		(又)	3
1517	碏	碏	tʃʰœk3	coek3			3
1518	逴	逴	tʃʰœk3	coek3			3
1519	㪕	㪕	tʃʰœk3	coek3	㪕起棍子		4
1520	婥	婥	tʃʰœk3	coek3			5
1521	倡	倡	tʃʰœŋ55	coeng1	提倡，倡議；倡優		1
1522	嗆	呛	tʃʰœŋ55	coeng1	吃飯嗆着		1
1523	將	将	tʃʰœŋ55	coeng1	請也，將子無怒		1
1524	搶	抢	tʃʰœŋ55	coeng1	以頭搶地		1
1525	昌	昌	tʃʰœŋ55	coeng1			1
1526	槍	枪	tʃʰœŋ55	coeng1			1
1527	猖	猖	tʃʰœŋ55	coeng1			1
1528	窗	窗	tʃʰœŋ55	coeng1	窗戶，門窗	(舊)	1
1529	倀	伥	tʃʰœŋ55	coeng1	爲虎作倀		2
1530	娼	娼	tʃʰœŋ55	coeng1			2
1531	鏘	锵	tʃʰœŋ55	coeng1			2
1532	戧	戗	tʃʰœŋ55	coeng1	逆		2
1533	箐	箐	tʃʰœŋ55	coeng1	竹名		2
1534	菖	菖	tʃʰœŋ55	coeng1	菖蒲		2
1535	蹌	跄	tʃʰœŋ55	coeng1	動也；蹌蹌，舞貌		2
1536	閶	阊	tʃʰœŋ55	coeng1			2
1537	鯧	鲳	tʃʰœŋ55	coeng1		(書)	2
1538	瑲	玱	tʃʰœŋ55	coeng1			3
1539	錆	锖	tʃʰœŋ55	coeng1			3
1540	鶬	鸧	tʃʰœŋ55	coeng1	鶬鶬；金飾貌		3
1541	鎗	鎗	tʃʰœŋ55	coeng1	同槍字		4
1542	蹡	𬧀	tʃʰœŋ55	coeng1	行貌		4
1543	搶	抢	tʃʰœŋ35	coeng2	搶奪		1
1544	倡	倡	tʃʰœŋ33	coeng3	提倡，倡議	(又)	1
1545	嗆	呛	tʃʰœŋ33	coeng3	油煙嗆人		1
1546	唱	唱	tʃʰœŋ33	coeng3	唱歌，歌唱；〈語〉到處說，～衰，貶損，～票，喊票		1
1547	暢	畅	tʃʰœŋ33	coeng3	通暢，暢快；〈語〉破開，～散紙，將大額鈔票破開		1
1548	悵	怅	tʃʰœŋ33	coeng3			2
1549	戧	戗	tʃʰœŋ33	coeng3	撑		2
1550	熗	炝	tʃʰœŋ33	coeng3	一種烹飪方法，熗菜，熗鍋		2
1551	蹌	跄	tʃʰœŋ33	coeng3	踉蹌		2
1552	瑒	玚	tʃʰœŋ33	coeng3	祭祀之圭		3
1553	鬯	鬯	tʃʰœŋ33	coeng3			3
1554	蹡	𬧀	tʃʰœŋ33	coeng3	踉蹡		4
1555	韔	𮧴	tʃʰœŋ33	coeng3			4
1556	倘	倘	tʃʰœŋ21	coeng4	倘佯，同徜徉		1
1557	償	偿	tʃʰœŋ21	coeng4	賠償，償還		1
1558	場	场	tʃʰœŋ21	coeng4			1
1559	牆	墙	tʃʰœŋ21	coeng4			1
1560	嘗	尝	tʃʰœŋ21	coeng4	嘗試，何嘗		1
1561	常	常	tʃʰœŋ21	coeng4	經常，常識；姓		1
1562	祥	祥	tʃʰœŋ21	coeng4			1
1563	翔	翔	tʃʰœŋ21	coeng4			1
1564	腸	肠	tʃʰœŋ21	coeng4	腸胃，大腸		1
1565	詳	详	tʃʰœŋ21	coeng4			1
1566	長	长	tʃʰœŋ21	coeng4	長短		1
1567	嚐	尝	tʃʰœŋ21	coeng4	品嚐，飽嚐		1
1568	嫦	嫦	tʃʰœŋ21	coeng4			2
1569	庠	庠	tʃʰœŋ21	coeng4			2
1570	戕	戕	tʃʰœŋ21	coeng4			2
1571	薔	蔷	tʃʰœŋ21	coeng4			2
1572	嬙	嫱	tʃʰœŋ21	coeng4			2
1573	徜	徜	tʃʰœŋ21	coeng4	徜徉		2
1574	檣	樯	tʃʰœŋ21	coeng4			2
1575	萇	苌	tʃʰœŋ21	coeng4			2
1576	鱨	鲿	tʃʰœŋ21	coeng4			3
1577	墻	墙	tʃʰœŋ21	coeng4			5
1578	廧	𪪞	tʃʰœŋ21	coeng4			5
1579	出	出	tʃʰœt5	coet1	屈[kʷɐt2]律[lœt5]～，禿貌；案，元曲作出律（光/滑/黑出律）	(語)	1
1580	啋	啋	tʃʰɔi55	coi1			4
1581	彩	彩	tʃʰɔi35	coi2	光彩，彩色		1
1582	綵	彩	tʃʰɔi35	coi2	剪綵，綵球		1
1583	睬	睬	tʃʰɔi35	coi2			1
1584	採	采	tʃʰɔi35	coi2	採摘，採取		1
1585	采	采	tʃʰɔi35	coi2	文采，神采		1
1586	茝	茝	tʃʰɔi35	coi2	香草名		3
1587	䐆	䐆	tʃʰɔi35	coi2			4
1588	寀	采	tʃʰɔi35	coi2			5
1589	菜	菜	tʃʰɔi33	coi3			1
1590	蔡	蔡	tʃʰɔi33	coi3			1
1591	棌	棌	tʃʰɔi33	coi3	棌樹		4
1592	縩	𮉯	tʃʰɔi33	coi3			4
1593	埰	埰	tʃʰɔi33	coi3	埰地		5
1594	才	才	tʃʰɔi21	coi4	才華，人才		1
1595	纔	才	tʃʰɔi21	coi4	剛纔，纔來，纔得		1
1596	材	材	tʃʰɔi21	coi4			1
1597	裁	裁	tʃʰɔi21	coi4			1
1598	豺	豺	tʃʰɔi21	coi4	俗讀，讀同才/材	(常)	1
1599	財	财	tʃʰɔi21	coi4			1
1600	戳	戳	tʃʰɔk3	cok3	戳穿；郵戳		1
1601	剒	剒	tʃʰɔk3	cok3			4
1602	擉	擉	tʃʰɔk3	cok3	剌也；～人，用肘部擊人		4
1603	倉	仓	tʃʰɔŋ55	cong1			1
1604	滄	沧	tʃʰɔŋ55	cong1			1
1605	瘡	疮	tʃʰɔŋ55	cong1			1
1606	窗	窗	tʃʰɔŋ55	cong1		(新)	1
1607	艙	舱	tʃʰɔŋ55	cong1			1
1608	蒼	苍	tʃʰɔŋ55	cong1			1
1609	傖	伧	tʃʰɔŋ55	cong1			2
1610	鯧	鲳	tʃʰɔŋ55	cong1	鯧魚，俗字䱽/倉	(習)	2
1611	鶬	鸧	tʃʰɔŋ55	cong1	鶬鶊		3
1612	䱽	䲝	tʃʰɔŋ55	cong1	同鯧字		4
1613	廠	厂	tʃʰɔŋ35	cong2			1
1614	敞	敞	tʃʰɔŋ35	cong2			1
1615	闖	闯	tʃʰɔŋ35	cong2	闖入，闖禍		1
1616	惝	惝	tʃʰɔŋ35	cong2			2
1617	昶	昶	tʃʰɔŋ35	cong2			2
1618	氅	氅	tʃʰɔŋ35	cong2			2
1619	駔	驵	tʃʰɔŋ35	cong2	駔子（流氓）		3
1620	鋹	𬬮	tʃʰɔŋ35	cong2			3
1621	厂	厂	tʃʰɔŋ35	cong2	同廠字		5
1622	創	创	tʃʰɔŋ33	cong3	創造；創傷，古讀平聲		1
1623	闖	闯	tʃʰɔŋ33	cong3	撞，～爛，～倒，～見		1
1624	愴	怆	tʃʰɔŋ33	cong3			2
1625	刱	刱	tʃʰɔŋ33	cong3			4
1626	幢	幢	tʃʰɔŋ21	cong4	人影幢幢，經幢		1
1627	藏	藏	tʃʰɔŋ21	cong4	隱藏		1
1628	牀	床	tʃʰɔŋ21	cong4	牀鋪，河牀		1
1629	橦	橦	tʃʰɔŋ21	cong4	竿		3
1630	噇	噇	tʃʰɔŋ21	cong4			3
1631	床	床	tʃʰɔŋ21	cong4	同牀字		4
1632	戳	戳	tʃʰɔt2	cot6	俗字，男陰，戳物的合音，又假借字腏；詈語，～頭，男陰，笨～，笨蛋、膿包；後綴成分，～死，要死，貴～死，貴得要死；程度副詞，噉～屎，這麼差勁，也說噉㞓屎，老～屎，裝老成、裝老練，也說老㞓屎	(語)	1
1633	腏	腏	tʃʰɔt2	cot6	假借字，男陰，戳物的合音，俗字戳；詈語，～頭，男陰，笨～，笨蛋、膿包；後綴成分，～死，要死，貴～死，貴得要死；程度副詞，噉～屎，這麼差勁，也說噉㞓屎，老～屎，裝老成、裝老練，也說老㞓屎	(語)	4
1634	操	操	tʃʰu55	cu1	操作，體操；操守，古讀去聲		1
1635	粗	粗	tʃʰu55	cu1			1
1636	麤	麤	tʃʰu55	cu1			4
1637	觕	觕	tʃʰu55	cu1			5
1638	草	草	tʃʰu35	cu2			1
1639	懆	懆	tʃʰu35	cu2			4
1640	騲	草	tʃʰu35	cu2	騲雞		4
1641	噪	噪	tʃʰu33	cu3	噪聲		1
1642	燥	燥	tʃʰu33	cu3			1
1643	糙	糙	tʃʰu33	cu3	粗糙，糙米		1
1644	藻	藻	tʃʰu33	cu3	俗讀，讀同燥/躁	(常)	1
1645	躁	躁	tʃʰu33	cu3			1
1646	醋	醋	tʃʰu33	cu3			1
1647	厝	厝	tʃʰu33	cu3			2
1648	酢	酢	tʃʰu33	cu3	酢漿草；同醋字		2
1649	慥	慥	tʃʰu33	cu3		(又)	3
1650	𥖨	𥖨	tʃʰu33	cu3			3
1651	譟	噪	tʃʰu33	cu3	譟動，鼓譟		4
1652	氉	氉	tʃʰu33	cu3			4
1653	瘄	瘄	tʃʰu33	cu3			4
1654	巢	巢	tʃʰu21	cu4	俗讀，讀同槽	(常)	1
1655	曹	曹	tʃʰu21	cu4			1
1656	槽	槽	tʃʰu21	cu4	馬槽，跳槽		1
1657	嘈	嘈	tʃʰu21	cu4	嘈雜，嘮嘈（同㗦嘈）；～唏巴閉，吵吵嚷嚷，唏實爲喧的音變		2
1658	漕	漕	tʃʰu21	cu4			2
1659	徂	徂	tʃʰu21	cu4			2
1660	殂	殂	tʃʰu21	cu4			2
1661	螬	螬	tʃʰu21	cu4			2
1662	艚	艚	tʃʰu21	cu4			3
1663	𥕢	𥕢	tʃʰu21	cu4			3
1664	催	催	tʃʰui55	cui1			1
1665	吹	吹	tʃʰui55	cui1	吹噓，吹奏		1
1666	崔	崔	tʃʰui55	cui1	姓		1
1667	摧	摧	tʃʰui55	cui1			1
1668	炊	炊	tʃʰui55	cui1			1
1669	衰	衰	tʃʰui55	cui1	減也；同縗字，齊衰	(古)	1
1670	榱	榱	tʃʰui55	cui1			2
1671	璀	璀	tʃʰui55	cui1			2
1672	縗	缞	tʃʰui55	cui1			3
1673	獕	獕	tʃʰui55	cui1			4
1674	嗺	嗺	tʃʰui55	cui1			5
1675	揣	揣	tʃʰui35	cui2	揣度，揣摩		1
1676	漼	漼	tʃʰui35	cui2			3
1677	膪	膪	tʃʰui35	cui2	囊膪（口語稱泡[pʰau55]囊[nɔŋ55]肉）		4
1678	悴	悴	tʃʰui33	cui3			1
1679	粹	粹	tʃʰui33	cui3	純粹		1
1680	翠	翠	tʃʰui33	cui3			1
1681	脆	脆	tʃʰui33	cui3			1
1682	瘁	瘁	tʃʰui33	cui3			2
1683	萃	萃	tʃʰui33	cui3			2
1684	啐	啐	tʃʰui33	cui3	嚐；唾聲		2
1685	毳	毳	tʃʰui33	cui3			2
1686	淬	淬	tʃʰui33	cui3			2
1687	膵	膵	tʃʰui33	cui3	膵臟，膵液		4
1688	綷	𮉬	tʃʰui33	cui3			4
1689	焠	焠	tʃʰui33	cui3			5
1690	脺	脺	tʃʰui33	cui3			5
1691	膬	膬	tʃʰui33	cui3			5
1692	捶	捶	tʃʰui21	cui4	捶背，捶擊		1
1693	椎	椎	tʃʰui21	cui4	同槌/捶字		1
1694	錘	锤	tʃʰui21	cui4	鐵錘，秤錘		1
1695	鎚	锤	tʃʰui21	cui4			1
1696	隋	隋	tʃʰui21	cui4			1
1697	隨	随	tʃʰui21	cui4	隨便，跟隨；〈語〉氣味，貶義，避諱氣/棄		1
1698	槌	槌	tʃʰui21	cui4	棒槌，鼓槌；拳～，拳頭		2
1699	棰	棰	tʃʰui21	cui4			2
1700	搥	搥	tʃʰui21	cui4			4
1701	鬌	鬌	tʃʰui21	cui4	髮落		4
1702	𢶀	𢶀	tʃʰui21	cui4	損		4
1703	沝	沝	tʃʰui21	cui4		(又)	5
1704	促	促	tʃʰʊk5	cuk1	督促，促進		1
1705	束	束	tʃʰʊk5	cuk1			1
1706	畜	畜	tʃʰʊk5	cuk1	畜生；畜牧		1
1707	矗	矗	tʃʰʊk5	cuk1			1
1708	築	筑	tʃʰʊk5	cuk1	建築		1
1709	簇	簇	tʃʰʊk5	cuk1	簇擁，簇新，一簇		1
1710	蓄	蓄	tʃʰʊk5	cuk1	儲蓄		1
1711	觸	触	tʃʰʊk5	cuk1			1
1712	速	速	tʃʰʊk5	cuk1			1
1713	蹙	蹙	tʃʰʊk5	cuk1			2
1714	齪	龊	tʃʰʊk5	cuk1	齷齪		2
1715	俶	俶	tʃʰʊk5	cuk1	始也；整也		2
1716	搐	搐	tʃʰʊk5	cuk1			2
1717	涑	涑	tʃʰʊk5	cuk1			2
1718	簌	簌	tʃʰʊk5	cuk1	簌簌		2
1719	蔟	蔟	tʃʰʊk5	cuk1	蠶蔟		2
1720	觫	觫	tʃʰʊk5	cuk1			2
1721	蹴	蹴	tʃʰʊk5	cuk1			2
1722	亍	亍	tʃʰʊk5	cuk1			3
1723	斶	斶	tʃʰʊk5	cuk1			3
1724	琡	琡	tʃʰʊk5	cuk1			3
1725	蔌	蔌	tʃʰʊk5	cuk1			3
1726	餗	𫗧	tʃʰʊk5	cuk1			3
1727	滀	滀	tʃʰʊk5	cuk1			4
1728	筑	筑	tʃʰʊk5	cuk1	古代弦樂器		4
1729	踧	踧	tʃʰʊk5	cuk1	踧踖		4
1730	諔	𰵴	tʃʰʊk5	cuk1			4
1731	触	触	tʃʰʊk5	cuk1			5
1732	閦	閦	tʃʰʊk5	cuk1			5
1733	𦌊	𦌊	tʃʰʊk5	cuk1			5
1734	充	充	tʃʰʊŋ55	cung1			1
1735	沖	冲	tʃʰʊŋ55	cung1	沖洗，沖茶；地名用字，竹排沖（又稱竹排坑、竹筏坑），廣東多作涌/埇，廣西也有作埇，皆同源，本字潨		1
1736	衝	冲	tʃʰʊŋ55	cung1	衝鋒		1
1737	匆	匆	tʃʰʊŋ55	cung1	匆忙，匆匆		1
1738	囪	囱	tʃʰʊŋ55	cung1	煙囪		1
1739	聰	聪	tʃʰʊŋ55	cung1			1
1740	涌	涌	tʃʰʊŋ55	cung1	小河，本字潨；地名用字，廣東多用，廣西多作沖/埇，皆同源		1
1741	蔥	葱	tʃʰʊŋ55	cung1	蔥花，洋蔥		1
1742	憧	憧	tʃʰʊŋ55	cung1	憧憬		2
1743	舂	舂	tʃʰʊŋ55	cung1	舂米；～坎，石臼		2
1744	忡	忡	tʃʰʊŋ55	cung1			2
1745	樅	枞	tʃʰʊŋ55	cung1	冷杉		2
1746	熜	熜	tʃʰʊŋ55	cung1	微火；熱氣		2
1747	璁	璁	tʃʰʊŋ55	cung1			2
1748	艟	艟	tʃʰʊŋ55	cung1	本讀	(又)	2
1749	蓯	苁	tʃʰʊŋ55	cung1			2
1750	驄	骢	tʃʰʊŋ55	cung1			2
1751	埇	埇	tʃʰʊŋ55	cung1	地名用字，兩廣多用，與地名用字涌、沖同源		3
1752	珫	珫	tʃʰʊŋ55	cung1			3
1753	翀	翀	tʃʰʊŋ55	cung1			3
1754	茺	茺	tʃʰʊŋ55	cung1			3
1755	㳘	㳘	tʃʰʊŋ55	cung1			3
1756	摏	摏	tʃʰʊŋ55	cung1			3
1757	葱	葱	tʃʰʊŋ55	cung1	同蔥字		4
1758	瑽	𪻐	tʃʰʊŋ55	cung1			4
1759	鏦	𫓩	tʃʰʊŋ55	cung1			4
1760	怱	匆	tʃʰʊŋ55	cung1			5
1761	囱	囱	tʃʰʊŋ55	cung1	同囪字		5
1762	寵	宠	tʃʰʊŋ35	cung2			1
1763	蟲	虫	tʃʰʊŋ35	cung2	點蟲～，蟲～飛，飛到隔籬阿婆啲	(白)	1
1764	慫	怂	tʃʰʊŋ35	cung2		(又)	2
1765	埫	埫	tʃʰʊŋ35	cung2			3
1766	銃	铳	tʃʰʊŋ33	cung3	火銃		2
1767	揰	揰	tʃʰʊŋ33	cung3	推擊		4
1768	蹱	蹱	tʃʰʊŋ33	cung3	唦[ʃa21]哩[li55]躘[lʊŋ22]～，莽撞；躘[lʊŋ22]躘[lʊŋ22]～～，踉踉蹌蹌	(白)	4
1769	𥅻	𥅻	tʃʰʊŋ33	cung3			4
1770	叢	丛	tʃʰʊŋ21	cung4			1
1771	從	从	tʃʰʊŋ21	cung4	跟從；從容，古讀七恭切、書容切		1
1772	崇	崇	tʃʰʊŋ21	cung4			1
1773	松	松	tʃʰʊŋ21	cung4	松樹，松子，松香，松木		1
1774	蟲	虫	tʃʰʊŋ21	cung4	蟲子，昆蟲		1
1775	重	重	tʃʰʊŋ21	cung4	重複，重新		1
1776	淙	淙	tʃʰʊŋ21	cung4	淙淙		2
1777	琮	琮	tʃʰʊŋ21	cung4			2
1778	悰	悰	tʃʰʊŋ21	cung4			3
1779	虫	虫	tʃʰʊŋ21	cung4	同蟲字		4
1780	种	种	tʃʰʊŋ21	cung4	姓		4
1781	藂	藂	tʃʰʊŋ21	cung4			4
1782	賨	𰷥	tʃʰʊŋ21	cung4			4
1783	潨	潨	tʃʰʊŋ21	cung4	水流匯合處		4
1784	潀	潀	tʃʰʊŋ21	cung4	同潨字		5
1785	重	重	tʃʰʊŋ24	cung5	輕重，重要，重病，保留濁上		1
1786	差	差	tsʰɿ55	cy1	參差	(老派)	1
1787	雌	雌	tsʰɿ55	cy1		(老派)	1
1788	疵	疵	tsʰɿ55	cy1		(老派)	2
1789	呲	呲	tsʰɿ55	cy1		(老派)	2
1790	眥	眦	tsʰɿ55	cy1		(老派)	2
1791	玼	玼	tsʰɿ55	cy1		(老派)	3
1792	飺	飺	tsʰɿ55	cy1		(老派)	5
1793	骴	骴	tsʰɿ55	cy1		(老派)	5
1794	髊	髊	tsʰɿ55	cy1		(老派)	5
1795	齹	齹	tsʰɿ55	cy1		(老派)	5
1796	蠀	𧏗	tsʰɿ55	cy1		(老派)	5
1797	此	此	tsʰɿ35	cy2		(老派)	1
1798	跐	跐	tsʰɿ35	cy2		(老派)	2
1799	泚	泚	tsʰɿ35	cy2		(老派)	3
1800	玼	玼	tsʰɿ35	cy2		(老派)	3
1801	鮆	𫚖	tsʰɿ35	cy2		(老派)	3
1802	佌	佌	tsʰɿ35	cy2		(老派)	5
1803	伺	伺	tsʰɿ33	cy3		(老派)	1
1804	刺	刺	tsʰɿ33	cy3		(老派)	1
1805	廁	厕	tsʰɿ33	cy3		(老派)	1
1806	次	次	tsʰɿ33	cy3		(老派)	1
1807	賜	赐	tsʰɿ33	cy3		(老派)	1
1808	嗣	嗣	tsʰɿ33	cy3	俗讀，讀同伺	(老派)	2
1809	笥	笥	tsʰɿ33	cy3		(老派)	2
1810	佽	佽	tsʰɿ33	cy3		(老派)	3
1811	莿	莿	tsʰɿ33	cy3		(老派)	3
1812	覗	𬢊	tsʰɿ33	cy3		(老派)	4
1813	儩	儩	tsʰɿ33	cy3		(老派)	5
1814	庛	庛	tsʰɿ33	cy3		(老派)	5
1815	朿	朿	tsʰɿ33	cy3		(老派)	5
1816	絘	絘	tsʰɿ33	cy3		(老派)	5
1817	蚝	蚝	tsʰɿ33	cy3		(老派)	5
1818	蛓	蛓	tsʰɿ33	cy3		(老派)	5
1819	茲	兹	tsʰɿ21	cy4		(老派)	1
1820	慈	慈	tsʰɿ21	cy4		(老派)	1
1821	瓷	瓷	tsʰɿ21	cy4		(老派)	1
1822	磁	磁	tsʰɿ21	cy4		(老派)	1
1823	祠	祠	tsʰɿ21	cy4		(老派)	1
1824	詞	词	tsʰɿ21	cy4		(老派)	1
1825	辭	辞	tsʰɿ21	cy4		(老派)	1
1826	飼	饲	tsʰɿ21	cy4	俗讀，讀同詞	(老派)	1
1827	茬	茬	tsʰɿ21	cy4		(老派)	1
1828	餈	糍	tsʰɿ21	cy4		(老派)	2
1829	茌	茌	tsʰɿ21	cy4		(老派)	2
1830	茨	茨	tsʰɿ21	cy4		(老派)	2
1831	鶿	鹚	tsʰɿ21	cy4		(老派)	2
1832	茈	茈	tsʰɿ21	cy4		(老派)	3
1833	薋	薋	tsʰɿ21	cy4		(老派)	4
1834	糍	糍	tsʰɿ21	cy4		(老派)	4
1835	鷀	鹚	tsʰɿ21	cy4		(老派)	4
1836	柌	柌	tsʰɿ21	cy4		(老派)	5
1837	濨	濨	tsʰɿ21	cy4		(老派)	5
1838	澬	𫞚	tsʰɿ21	cy4		(老派)	5
1839	似	似	tsʰɿ24	cy5		(老派)	1
1840	恃	恃	tsʰɿ24	cy5		(老派)	1
1841	姒	姒	tsʰɿ24	cy5		(老派)	2
1842	汜	汜	tsʰɿ24	cy5		(老派)	2
1843	佀	佀	tsʰɿ24	cy5		(老派)	4
1844	鈶	鈶	tsʰɿ24	cy5		(老派)	5
1845	寺	寺	tsʰɿ22	cy6		(老派)	1
1846	食	食	tsʰɿ22	cy6		(老派)	1
1847	飼	饲	tsʰɿ22	cy6		(老派)	1
1848	嗣	嗣	tsʰɿ22	cy6		(老派)	2
1849	趨	趋	tʃʰy55	cyu1			1
1850	雛	雏	tʃʰy55	cyu1		(又)	1
1851	芻	刍	tʃʰy55	cyu1			2
1852	蛆	蛆	tʃʰy55	cyu1	生蛆		2
1853	貙	䝙	tʃʰy55	cyu1			3
1854	坥	坥	tʃʰy55	cyu1			3
1855	鶵	𬸅	tʃʰy55	cyu1		(又)	4
1856	趍	趍	tʃʰy55	cyu1	同趨字		5
1857	𩿿	𬸅	tʃʰy55	cyu1		(又)	5
1858	取	取	tʃʰy35	cyu2	爭取，取消		1
1859	娶	娶	tʃʰy35	cyu2	娶親，嫁娶		1
1860	處	处	tʃʰy33	cyu3	處所，到處，處暑		1
1861	趣	趣	tʃʰy33	cyu3			1
1862	覷	觑	tʃʰy33	cyu3	小覷，面面相覷		2
1863	覰	觑	tʃʰy33	cyu3			5
1864	儲	储	tʃʰy21	cyu4	儲蓄，儲備		1
1865	廚	厨	tʃʰy21	cyu4			1
1866	徐	徐	tʃʰy21	cyu4			1
1867	櫥	橱	tʃʰy21	cyu4			1
1868	除	除	tʃʰy21	cyu4			1
1869	雛	雏	tʃʰy21	cyu4	雛形，鳳雛		1
1870	躇	躇	tʃʰy21	cyu4			2
1871	滁	滁	tʃʰy21	cyu4			2
1872	躕	蹰	tʃʰy21	cyu4			2
1873	涂	涂	tʃʰy21	cyu4	水名，滁河		4
1874	篨	篨	tʃʰy21	cyu4			4
1875	鉏	𬬺	tʃʰy21	cyu4	古國名；姓		4
1876	鶵	𬸅	tʃʰy21	cyu4			4
1877	𩿿	𬸅	tʃʰy21	cyu4			5
1878	處	处	tʃʰy24	cyu5	相處，處理，讀同杵		1
1879	拄	拄	tʃʰy24	cyu5	讀同柱	(又)	1
1880	柱	柱	tʃʰy24	cyu5	樑柱，柱石		1
1881	貯	贮	tʃʰy24	cyu5	貯備，積貯，讀同眝		1
1882	佇	伫	tʃʰy24	cyu5			2
1883	杵	杵	tʃʰy24	cyu5	杵臼，舂杵		2
1884	苧	苎	tʃʰy24	cyu5	苧麻		2
1885	褚	褚	tʃʰy24	cyu5	裝衣也，讀同貯；姓		2
1886	杼	杼	tʃʰy24	cyu5			2
1887	楮	楮	tʃʰy24	cyu5			2
1888	砫	砫	tʃʰy24	cyu5			3
1889	紵	纻	tʃʰy24	cyu5			3
1890	詝	𬣞	tʃʰy24	cyu5			3
1891	芧	芧	tʃʰy24	cyu5	同苧字		4
1892	竚	竚	tʃʰy24	cyu5			4
1893	宁	宁	tʃʰy24	cyu5	門屏之間		5
1894	眝	𪾣	tʃʰy24	cyu5			5
1895	川	川	tʃʰyn55	cyun1			1
1896	春	春	tʃʰyn55	cyun1		(老派)	1
1897	村	村	tʃʰyn55	cyun1			1
1898	穿	穿	tʃʰyn55	cyun1			1
1899	椿	椿	tʃʰyn55	cyun1		(老派)	1
1900	皴	皴	tʃʰyn55	cyun1		(老派)	2
1901	鶉	鹑	tʃʰyn55	cyun1		(老派)	2
1902	氚	氚	tʃʰyn55	cyun1			2
1903	汆	汆	tʃʰyn55	cyun1	汆丸子，汆湯		2
1904	躥	蹿	tʃʰyn55	cyun1	跳	(又)	2
1905	逡	逡	tʃʰyn55	cyun1		(老派)	2
1906	蝽	蝽	tʃʰyn55	cyun1		(老派)	2
1907	鑹	镩	tʃʰyn55	cyun1			2
1908	鰆	䲠	tʃʰyn55	cyun1		(老派)	3
1909	堾	堾	tʃʰyn55	cyun1		(老派)	3
1910	瑃	瑃	tʃʰyn55	cyun1		(老派)	3
1911	邨	邨	tʃʰyn55	cyun1			3
1912	踆	踆	tʃʰyn55	cyun1		(老派)	4
1913	膥	膥	tʃʰyn55	cyun1		(老派)	5
1914	喘	喘	tʃʰyn35	cyun2			1
1915	蠢	蠢	tʃʰyn35	cyun2		(老派)	1
1916	忖	忖	tʃʰyn35	cyun2			2
1917	舛	舛	tʃʰyn35	cyun2			2
1918	踹	踹	tʃʰyn35	cyun2	足跟		2
1919	堾	堾	tʃʰyn35	cyun2	同踳字		3
1920	踳	踳	tʃʰyn35	cyun2	同舛字		4
1921	串	串	tʃʰyn33	cyun3			1
1922	寸	寸	tʃʰyn33	cyun3			1
1923	竄	窜	tʃʰyn33	cyun3	流竄，竄逃		1
1924	篡	篡	tʃʰyn33	cyun3			1
1925	爨	爨	tʃʰyn33	cyun3			2
1926	釧	钏	tʃʰyn33	cyun3			2
1927	攛	撺	tʃʰyn33	cyun3			2
1928	躥	蹿	tʃʰyn33	cyun3	跳；〈語〉囂張		2
1929	吋	吋	tʃʰyn33	cyun3			4
1930	傳	传	tʃʰyn21	cyun4	傳達，宣傳，傳奇		1
1931	全	全	tʃʰyn21	cyun4			1
1932	存	存	tʃʰyn21	cyun4			1
1933	泉	泉	tʃʰyn21	cyun4			1
1934	痊	痊	tʃʰyn21	cyun4			1
1935	蹲	蹲	tʃʰyn21	cyun4	蹲蹲；蹲了腿		1
1936	荃	荃	tʃʰyn21	cyun4			2
1937	詮	诠	tʃʰyn21	cyun4			2
1938	銓	铨	tʃʰyn21	cyun4			2
1939	攢	攒	tʃʰyn21	cyun4	攢聚		2
1940	椽	椽	tʃʰyn21	cyun4	椽子		2
1941	筌	筌	tʃʰyn21	cyun4			2
1942	遄	遄	tʃʰyn21	cyun4			2
1943	醛	醛	tʃʰyn21	cyun4			2
1944	佺	佺	tʃʰyn21	cyun4			3
1945	圌	圌	tʃʰyn21	cyun4	同篅字		3
1946	瑔	瑔	tʃʰyn21	cyun4			3
1947	輇	辁	tʃʰyn21	cyun4			3
1948	鰁	鳈	tʃʰyn21	cyun4			3
1949	牷	牷	tʃʰyn21	cyun4			4
1950	踆	踆	tʃʰyn21	cyun4	踢		4
1951	篅	篅	tʃʰyn21	cyun4	盛穀具		4
1952	跧	跧	tʃʰyn21	cyun4			5
1953	欑	𪴙	tʃʰyn21	cyun4			5
1954	出	出	tʃʰyt5	cyut1	出去，外出		1
1955	齣	出	tʃʰyt5	cyut1	一齣戲		1
1956	卒	卒	tʃʰyt5	cyut1	通猝字	(古)	1
1957	怵	怵	tʃʰyt5	cyut1			2
1958	黜	黜	tʃʰyt5	cyut1	罷黜，黜退		2
1959	猝	猝	tʃʰyt5	cyut1	倉猝，猝然		2
1960	黢	黢	tʃʰyt5	cyut1	黢黑，黑黢黢		2
1961	焌	焌	tʃʰyt5	cyut1	使火熄滅；一種烹調法		3
1962	詘	诎	tʃʰyt5	cyut1	同黜字		3
1963	䢺	䢺	tʃʰyt5	cyut1			3
1964	撮	撮	tʃʰyt3	cyut3	一撮，撮合		1
1965	打	打	ta55	daa1	量詞，十二個，英語dozen	(外)	1
1966	咑	咑	ta55	daa1	叱驢馬聲		4
1967	打	打	ta35	daa2	擊打，打球；〈語〉處所介詞，相當於喺，～啲，在這/那兒，～個，在，老派用法		1
1968	咑	咑	ta33	daa3	啲～，嗩吶或嗩吶聲	(語)	4
1969	呆	呆	tai55	daai1	書呆子，癡呆，本字懛；〈又〉呆板		1
1970	獃	呆	tai55	daai1	書獃子，癡獃，本字懛；〈又〉獃板		4
1971	懛	懛	tai55	daai1	懛獃		4
1972	大	大	tai35	daai2	老～，老人家	(白)	1
1973	歹	歹	tai35	daai2			1
1974	傣	傣	tai35	daai2	傣族		2
1975	帶	带	tai33	daai3	帶領，鞋帶；交～，交代		1
1976	戴	戴	tai33	daai3	戴帽，愛戴；姓		1
1977	襶	襶	tai33	daai3		(書)	4
1978	大	大	tai22	daai6	大小，大夫，大蒜		1
1979	第	第	tai22	daai6	別，～個，～啲，～笪定[tɛŋ22]，語流音變	(又)	1
1980	軑	轪	tai22	daai6			3
1981	汏	汏	tai22	daai6	洗		4
1982	咑	咑	tak5	daak1	象聲詞		4
1983	脦	脦	tak5	daak1	肋[lak5]～，不整潔	(白)	4
1984	擔	担	tam55	daam1	擔任，承擔，擔心	(動)	1
1985	耽	耽	tam55	daam1	耽誤，耽湎		1
1986	儋	儋	tam55	daam1			2
1987	眈	眈	tam55	daam1	虎視眈眈		2
1988	聃	聃	tam55	daam1			2
1989	覘	觇	tam55	daam1	擡頭		2
1990	鵮	鹐	tam55	daam1		(文)	2
1991	躭	躭	tam55	daam1			4
1992	頕	頕	tam55	daam1			5
1993	膽	胆	tam35	daam2			1
1994	疸	疸	tam35	daam2	黃疸又作黃膽，訓讀膽	(訓)	2
1995	紞	𬘘	tam35	daam2	冕前垂者		3
1996	擔	担	tam33	daam3	擔子，扁擔（口語稱擔潤/竿）；～箕，有梁的簸箕	(名)	1
1997	帎	帎	tam33	daam3	冠俯前		5
1998	氮	氮	tam22	daam6			1
1999	淡	淡	tam22	daam6	淡泊，平淡，淡定（澹定），淡妝，多用於形容心情或顏色	(文)	1
2000	啖	啖	tam22	daam6	吃；姓；〈量〉口		2
2001	澹	澹	tam22	daam6	澹泊，恬澹；澹定，俗作淡定		2
2002	萏	萏	tam22	daam6			2
2003	賧	赕	tam22	daam6	蠻夷贖罪貨；奉獻		2
2004	倓	倓	tam22	daam6	通賧字		3
2005	惔	惔	tam22	daam6	通憺字		3
2006	憺	憺	tam22	daam6			3
2007	啗	啗	tam22	daam6			4
2008	噉	噉	tam22	daam6	同啖字		4
2009	欿	欿	tam22	daam6	坎欿		4
2010	窞	窞	tam22	daam6	深坎		4
2011	髧	髧	tam22	daam6	髮垂		4
2012	黮	黮	tam22	daam6	黑色		4
2013	䐺	䐺	tam22	daam6	肥貌，與𦛚旁轉		4
2014	啿	啿	tam22	daam6			5
2015	丹	丹	tan55	daan1			1
2016	單	单	tan55	daan1	單獨，孤單；～丁，孤單、單獨		1
2017	簞	箪	tan55	daan1			2
2018	殫	殚	tan55	daan1			2
2019	鄲	郸	tan55	daan1			2
2020	癉	瘅	tan55	daan1	火癉		3
2021	襌	襌	tan55	daan1			4
2022	撣	掸	tan35	daan2	雞毛撣子		2
2023	疸	疸	tan35	daan2	黃疸		2
2024	泹	泹	tan35	daan2	～水，用開水焯	(白)	4
2025	撢	撢	tan35	daan2	同撣字		5
2026	旦	旦	tan33	daan3	元旦，花旦		1
2027	誕	诞	tan33	daan3			1
2028	鉭	钽	tan33	daan3		(又)	2
2029	癉	瘅	tan33	daan3	勞病；憎恨		3
2030	䋎	䋎	tan33	daan3	絎、粗縫，～被，做被臥，讀聲符旦，又或上古知組讀如端組遺留	(白)	4
2031	但	但	tan22	daan6			1
2032	彈	弹	tan22	daan6	子彈，彈弓		1
2033	濺	溅	tan22	daan6	訓讀灒/濽	(訓)	1
2034	蛋	蛋	tan22	daan6			1
2035	憚	惮	tan22	daan6			2
2036	亶	亶	tan22	daan6	同但字		2
2037	澶	澶	tan22	daan6	澶漫		2
2038	蜑	蜑	tan22	daan6	蜑家，蜑民，俗字疍		3
2039	僤	𫢸	tan22	daan6			3
2040	燀	𬊤	tan22	daan6	熱甚；過度		3
2041	疍	疍	tan22	daan6	疍家，疍民，本字蜑		3
2042	泹	泹	tan22	daan6	俗字，焯水		4
2043	膻	膻	tan22	daan6	膻中		4
2044	灒	𪷽	tan22	daan6	濺	(語)	4
2045	濽	𪷽	tan22	daan6	濺	(語)	5
2046	噹	当	taŋ55	daang1	象聲詞，金屬撞擊聲	(白)	1
2047	嗒	嗒	tap5	daap1	嘀嗒；吃、咬，狗～一啖肉；咂嘴聲，食得～～聲，與啖對轉		2
2048	搭	搭	tap3	daap3	搭車（乘車），搭橋		1
2049	瘩	瘩	tap3	daap3	瘩背，疙瘩		1
2050	答	答	tap3	daap3			1
2051	疸	疸	tap3	daap3	疙疸，即疙瘩		2
2052	耷	耷	tap3	daap3	大耳		2
2053	褡	褡	tap3	daap3			2
2054	鎝	𨱏	tap3	daap3	翻土農具		3
2055	溚	溚	tap3	daap3	溼，溼溚溚		3
2056	撘	撘	tap3	daap3	同搭字		4
2057	矺	矺	tap3	daap3	擲地聲		4
2058	䐛	䐛	tap3	daap3			4
2059	踏	踏	tap2	daap6			1
2060	蹋	蹋	tap2	daap6			1
2061	沓	沓	tap2	daap6	一沓紙，紛至沓來；三～石，大沙田的三疊石古蹟		2
2062	闒	阘	tap2	daap6	樓上戶		3
2063	遝	遝	tap2	daap6			4
2064	䂿	䂿	tap2	daap6	舂已復擣之		4
2065	噠	哒	tat5	daat1	（竹板打屁股）～～響，啪啪響	(語)	3
2066	躂	跶	tat3	daat3	摔倒；躺倒，～落牀；拍打、用力摔，～膏藥，該義又俗作撻字	(白)	2
2067	靼	靼	tat3	daat3			2
2068	妲	妲	tat3	daat3	妲己		2
2069	怛	怛	tat3	daat3	慘怛，怛惕		2
2070	笪	笪	tat3	daat3	〈名〉竹笪，洞～，茓子；〈量〉塊，一～定[tɛŋ22]，一處地方，俗字墶		2
2071	炟	炟	tat3	daat3			3
2072	墶	垯	tat3	daat3	〈名〉圪墶；〈量〉塊，一～定[tɛŋ22]，一處地方，本字笪		3
2073	㟷	㟷	tat3	daat3	屹㟷，同圪墶		5
2074	達	达	tat2	daat6	到達，達成；十點～四，十點二十分		1
2075	噠	哒	tat2	daat6	象聲詞		3
2076	薘	荙	tat2	daat6			3
2077	鐽	𫟼	tat2	daat6			3
2078	䃮	鿎	tat2	daat6			3
2079	繨	𫄤	tat2	daat6			4
2080	低	低	tɐi55	dai1	高低，低頭		1
2081	底	底	tɐi55	dai1	外～，外面，下～，下面，俗字低	(白)	1
2082	氐	氐	tɐi55	dai1	氐羌；氐宿		2
2083	磾	䃅	tɐi55	dai1			3
2084	羝	羝	tɐi55	dai1			3
2085	鞮	鞮	tɐi55	dai1			3
2086	彽	彽	tɐi55	dai1			5
2087	底	底	tɐi35	dai2	底部，水底；量詞，用於未切開的糕點，整塊、盤，一～年糕、一～蘿蔔糕		1
2088	抵	抵	tɐi35	dai2	抵押，抵抗；～值，划算、值得，～恁，能忍受、吃得虧，搏～，佔便宜		1
2089	氐	氐	tɐi35	dai2	古同柢		2
2090	砥	砥	tɐi35	dai2			2
2091	詆	诋	tɐi35	dai2			2
2092	邸	邸	tɐi35	dai2			2
2093	坻	坻	tɐi35	dai2	寶坻縣		2
2094	柢	柢	tɐi35	dai2	根柢		2
2095	骶	骶	tɐi35	dai2			2
2096	牴	牴	tɐi35	dai2	牴觸，牴牾		4
2097	厎	厎	tɐi35	dai2		(又)	5
2098	阺	阺	tɐi35	dai2			5
2099	帝	帝	tɐi33	dai3			1
2100	締	缔	tɐi33	dai3			1
2101	蒂	蒂	tɐi33	dai3	瓜蒂，根蒂，古字蔕		1
2102	諦	谛	tɐi33	dai3	真諦，諦視；詐～，假裝		2
2103	碲	碲	tɐi33	dai3			2
2104	螮	䗖	tɐi33	dai3			3
2105	禘	禘	tɐi33	dai3			3
2106	媂	媂	tɐi33	dai3			3
2107	𤧛	𤧛	tɐi33	dai3			3
2108	渧	渧	tɐi33	dai3			4
2109	蔕	蔕	tɐi33	dai3	瓜當也，後作蒂		4
2110	䟡	䟡	tɐi33	dai3	蹋也		4
2111	弟	弟	tɐi22	dai6	兄弟，徒弟		1
2112	第	第	tɐi22	dai6	及第，第一；～日，次日、改天；別，～個，～啲，～笪定[tɛŋ22]		1
2113	遞	递	tɐi22	dai6	傳遞，遞交		1
2114	逮	逮	tɐi22	dai6	逮捕；逮老鼠		1
2115	隸	隶	tɐi22	dai6	奴隸，隸書，讀同棣		1
2116	娣	娣	tɐi22	dai6		(又)	2
2117	悌	悌	tɐi22	dai6	孝悌，愷悌		2
2118	棣	棣	tɐi22	dai6			2
2119	埭	埭	tɐi22	dai6			2
2120	睇	睇	tɐi22	dai6	傾視也	(古)	2
2121	杕	杕	tɐi22	dai6			3
2122	踶	踶	tɐi22	dai6	踢		3
2123	嵽	𫶇	tɐi22	dai6	岹嵽		3
2124	俤	俤	tɐi22	dai6			4
2125	得	得	tɐk5	dak1			1
2126	德	德	tɐk5	dak1			1
2127	嘚	嘚	tɐk5	dak1	馬嘟～，馬踏聲		2
2128	鍀	锝	tɐk5	dak1			2
2129	惪	惪	tɐk5	dak1			4
2130	特	特	tɐk2	dak6	特別，獨特；象聲詞，馬蹄聲，馬～～		1
2131	螣	螣	tɐk2	dak6	食禾蟲		3
2132	樴	樴	tɐk2	dak6		(又)	5
2133	揼	揼	tɐm55	dam1	假借字，（以頭）撞，疑本字揕		4
2134	醰	醰	tɐm55	dam1	詞綴，酸～～，很酸，與嗒對轉	(白)	4
2135	抌	抌	tɐm35	dam2	捶，與䂿/撘對轉；搶劫，捱土匪～		4
2136	黕	黕	tɐm35	dam2	污垢；黝黑；詞綴，矮～～，矮矬矬		4
2137	丼	丼	tɐm35	dam2	投物井中聲；姓		5
2138	揼	揼	tɐm33	dam3	假借字，換，疑本字擔		4
2139	髧	髧	tɐm33	dam3	垂下，與耷/塌對轉	(語)	4
2140	𧽼	𧽼	tɐm21	dam4	圓～～、圓～陀[tœ21]，圓溜溜	(語)	4
2141	䂿	䂿	tɐm22	dam6	跺，～腳	(白)	4
2142	噸	吨	tɐn55	dan1	一噸，噸位		1
2143	墩	墩	tɐn55	dan1	墩布，土墩；面～，臉蛋兒、臉頰，另一說本字肫，面頯也，古無舌上音		1
2144	敦	敦	tɐn55	dan1	敦厚，敦促；〈語〉詆也，～～喝喝，喝斥，與咄對轉		1
2145	蹲	蹲	tɐn55	dan1	蹲下，蹲點		1
2146	惇	惇	tɐn55	dan1			2
2147	礅	礅	tɐn55	dan1			2
2148	鐓	镦	tɐn55	dan1	同驐字；衝壓金屬板，使其變形		2
2149	蹾	蹾	tɐn55	dan1	蹲下；猛地往下放		2
2150	扽	扽	tɐn55	dan1	猛地拽、扯、放，～斷，與挃對轉，放義元曲寫作敦		3
2151	驐	驐	tɐn55	dan1	去畜勢，也寫作敦，見宋·朱翌《猗覺寮雜記》卷下		4
2152	撴	撴	tɐn55	dan1			4
2153	吨	吨	tɐn55	dan1	同噸字		5
2154	撉	撉	tɐn55	dan1			5
2155	囤	囤	tɐn35	dan2	米囤，糧囤	(名)	1
2156	墩	墩	tɐn35	dan2	橋～，橋墩，石～，柱下石，草～，蒲團，坐～，坐凳；～監，坐牢；放置（重物）	(白)	1
2157	躉	趸	tɐn35	dan2	躉船，躉賣		2
2158	𣎴	𣎴	tɐn35	dan2			4
2159	頓	顿	tɐn33	dan3	整頓；〈語〉用力往下放	(又)	1
2160	燉	炖	tɐn33	dan3	燉粉糕	(又)	2
2161	扽	扽	tɐn33	dan3	顛簸；震動，～落，震落，姣思～䐁，輕佻、風騷		3
2162	炖	炖	tɐn33	dan3	同燉字		5
2163	屯	屯	tɐn22	dan6	地名，屯里		1
2164	盹	盹	tɐn22	dan6			1
2165	盾	盾	tɐn22	dan6	矛盾		1
2166	鈍	钝	tɐn22	dan6	遲鈍，鈍角		1
2167	頓	顿	tɐn22	dan6	整頓，頓號		1
2168	沌	沌	tɐn22	dan6	混沌		2
2169	燉	炖	tɐn22	dan6	燉品，燉盅，燉粉糕（本地小吃）		2
2170	遁	遁	tɐn22	dan6			2
2171	楯	楯	tɐn22	dan6	同盾字		2
2172	砘	砘	tɐn22	dan6			2
2173	坉	坉	tɐn22	dan6	同沌字；塞		3
2174	炖	炖	tɐn22	dan6		(又)	5
2175	遯	遯	tɐn22	dan6			5
2176	燈	灯	tɐŋ55	dang1			1
2177	登	登	tɐŋ55	dang1	攀登，登山		1
2178	瞪	瞪	tɐŋ55	dang1	瞪眼		1
2179	蹬	蹬	tɐŋ55	dang1	腳向下用力		1
2180	鐙	镫	tɐŋ55	dang1	通豋字，食器，瓦豆；同燈字		2
2181	噔	噔	tɐŋ55	dang1			2
2182	璒	璒	tɐŋ55	dang1			3
2183	簦	簦	tɐŋ55	dang1			4
2184	僜	僜	tɐŋ55	dang1	同登字；僜人		4
2185	等	等	tɐŋ35	dang2	相等，等候；用容器去接，～水，接水		1
2186	戥	戥	tɐŋ35	dang2	小秤，釐～，戥子，本字等		2
2187	凳	凳	tɐŋ33	dang3			1
2188	嶝	嶝	tɐŋ33	dang3			2
2189	磴	磴	tɐŋ33	dang3			2
2190	鐙	镫	tɐŋ33	dang3	鞍鐙，馬鐙		2
2191	澄	澄	tɐŋ22	dang6	水渾，澄一澄		1
2192	蹬	蹬	tɐŋ22	dang6	蹭蹬		1
2193	鄧	邓	tɐŋ22	dang6			1
2194	戥	戥	tɐŋ22	dang6	俗字，相稱、替、湊，～興[heŋ33]，湊熱鬧，本字幐（𦩫、𢯭）		2
2195	蜑	蜑	tɐŋ22	dang6	蜑家，後字逆同化，俗作鄧家	(又)	3
2196	疍	疍	tɐŋ22	dang6	疍家，後字逆同化，俗作鄧家	(又)	3
2197	僜	僜	tɐŋ22	dang6	倰僜		4
2198	幐	幐	tɐŋ22	dang6	相稱、替、湊，～興[heŋ33]，湊熱鬧，俗字戥；案，《玉篇》大亘切，囊也，兩頭有物謂之幐擔		4
2199	塌	塌	tɐp5	dap1	垂下，俗字耷，古讀濁入，堕也		1
2200	嗒	嗒	tɐp5	dap1	詞綴，酸～～，酸不溜丟，與醰對轉	(白)	2
2201	耷	耷	tɐp5	dap1	俗字，垂下，～頭，低頭，膊頭～，溜肩，源自塌，墮也，與髧對轉		2
2202	沓	沓	tɐp2	dap6	厚～～，很厚	(白)	2
2203	䂿	䂿	tɐp2	dap6	砸、捶，～背脊，俗字撘	(白)	4
2204	咄	咄	tɐt5	dat1	咄咄逼人，咄咄怪事		1
2205	窒	窒	tɐt5	dat1	頂撞，知三讀如端	(白)	1
2206	腯	腯	tɐt5	dat1	肥～～，胖乎乎，與肭旁轉	(白)	3
2207	飿	饳	tɐt5	dat1	餶飿		3
2208	挃	挃	tɐt5	dat1	用力往下放，知三讀如端，與扽對轉，俗字𠱂	(白)	4
2209	柮	柮	tɐt5	dat1			4
2210	凸	凸	tɐt2	dat6	凸起，凹凸		1
2211	突	突	tɐt2	dat6	衝突，突然；象聲詞，機槍聲、發動機聲；詞綴，啞～～，啞口無言，渴[kit2]～～，（粥）很稠，矮/厚～～，矮/厚貌		1
2212	腯	腯	tɐt2	dat6	肥也		3
2213	葖	葖	tɐt2	dat6			3
2214	鶟	鶟	tɐt2	dat6			5
2215	兜	兜	tɐu55	dau1	褲兜，兜風，兜售；用力踢，～一腳		1
2216	篼	篼	tɐu55	dau1			2
2217	蔸	蔸	tɐu55	dau1	禾蔸；量詞，棵、叢、條，本字株，上古侯部		2
2218	唗	唗	tɐu55	dau1			4
2219	㨮	㨮	tɐu55	dau1			5
2220	抖	抖	tɐu35	dau2			1
2221	斗	斗	tɐu35	dau2	北斗，斗篷		1
2222	糾	纠	tɐu35	dau2	糾纏，糾正，俗從斗作紏	(習)	1
2223	蚪	蚪	tɐu35	dau2			1
2224	陡	陡	tɐu35	dau2			1
2225	赳	赳	tɐu35	dau2	赳赳，俗從斗作﨣；亢[kʰɐŋ33]～，目中無人、高傲	(習)	2
2226	鈄	钭	tɐu35	dau2			3
2227	枓	枓	tɐu35	dau2	枓栱		4
2228	阧	阧	tɐu35	dau2			4
2229	鬥	斗	tɐu33	dau3	爭鬥，鬥雞；～毒，故意作對；〈語〉～木，拼合木頭，指木工活，本字鬭		1
2230	逗	逗	tɐu33	dau3	挑逗，又作挑鬥；引逗，～鬼崽，逗小孩		1
2231	竇	窦	tɐu33	dau3	窩、巢；簕（竻）～，難打交道	(白)	2
2232	鬭	鬭	tɐu33	dau3	拼合，～木，木工活，～木佬，木匠，俗字鬥		4
2233	毒	毒	tɐu22	dau6	又音，以藥毒殺，～老鼠，或爲上古覺部加-s尾形成的同族詞，另一說本字酘	(白)	1
2234	痘	痘	tɐu22	dau6	水痘，痘苗；～皮，痲子（疤），～皮公/婆，痲子（人）		1
2235	讀	读	tɐu22	dau6	句讀		1
2236	豆	豆	tɐu22	dau6	黃豆；～泥，質量差		1
2237	逗	逗	tɐu22	dau6	逗號，逗遛		1
2238	竇	窦	tɐu22	dau6	情竇；姓；〈語〉老～，父親		2
2239	脰	脰	tɐu22	dau6			4
2240	荳	荳	tɐu22	dau6			4
2241	酘	酘	tɐu22	dau6	酒再釀		4
2242	餖	饾	tɐu22	dau6			4
2243	哣	哣	tɐu22	dau6	俗字，吽～，迷糊、不清醒，本地又指古板、難溝通，疑本字䠗逗/譳䛠		4
2244	爹	爹	tɛ55	de1	爹孃，爹爹		1
2245	哆	哆	tɛ55	de1	嗬[hɔ21]～，嗩吶	(語)	1
2246	嗲	嗲	tɛ35	de2	撒嬌		2
2247	襶	襶	tɛ35	de2	褦襶（衣着不整；吊兒郎當），或與肋脦/襰𧜁同源	(習)	4
2248	嗲	嗲	tɛ21	de4	詞綴，流～～，滴瀝貌，源自沌沌，水流貌；口水流啲～，口水滴瀝貌；昏～～，暈頭轉向、頭暈，源自昏忳/忳忳，昏沉貌		2
2249	迪	迪	tɛk3	dek3	跑、出奔，俗字趯	(白)	1
2250	趯	趯	tɛk3	dek3	跑、出奔，本字迪	(訓)	3
2251	鵮	鹐	tɛm55	dem1	叮、啄；叼、銜	(白)	2
2252	點	点	tɛm35	dem2	蘸，～鹽，～水	(白)	1
2253	丁	丁	tɛŋ55	deng1	人丁，豆丁（小個子），妹丁（女孩兒）	(白)	1
2254	叮	叮	tɛŋ55	deng1	（蚊子）叮，元音象義	(白)	1
2255	盯	盯	tɛŋ55	deng1		(白)	1
2256	訂	订	tɛŋ55	deng1	訂書機，裝訂，訓讀釘	(訓)	1
2257	釘	钉	tɛŋ55	deng1	鐵釘；釘住；〈語〉專指高利貸的利息	(白)	1
2258	疔	疔	tɛŋ55	deng1		(白)	2
2259	頂	顶	tɛŋ35	deng2	名詞，屋頂	(白)	1
2260	碇	碇	tɛŋ33	deng3		(白)	2
2261	掟	掟	tɛŋ33	deng3	擲、扔，本字矴，與扚對轉	(語)	4
2262	椗	椗	tɛŋ33	deng3	蒂，本字矴	(白)	4
2263	矴	矴	tɛŋ33	deng3	擲、扔，俗字掟，與扚對轉；蒂，俗字椗	(白)	4
2264	定	定	tɛŋ22	deng6	地方，～方、笪～，地方，陰～，背陰處，俗字埞，另一說地方的合音	(白)	1
2265	訂	订	tɛŋ22	deng6	訂檯，訂票	(白)	1
2266	埞	埞	tɛŋ22	deng6	俗字，地方，本字定，另一說地方的合音		4
2267	嗒	嗒	tɛp5	dep1	吃，慢慢～，慢慢吃；～嘴脣，咂嘴；～嘴，親嘴，俗字䑜；詞綴，酸～～，酸不溜丟	(白)	2
2268	蹀	蹀	tɛp5	dep1	豬腳～，蹄尖	(白)	2
2269	鰈	鲽	tɛp5	dep1	魚～子/痣，瘊子、魚鱗痣；案，魻鰈，鱗次衆多貌	(語)	2
2270	突	突	tɛt2	det6	象聲詞，手錶聲；詞綴，矮～～，矮貌	(白)	1
2271	鳥	鸟	tɛu55	deu1	男陰，麻～，俗字屌	(白)	1
2272	屌	屌	tɛu55	deu1	男陰，麻～，本字鳥		4
2273	嫋	袅	tɛu21	deu4	又音，軟～～，端組旁轉	(白)	2
2274	掉	掉	tɛu22	deu6	丟棄，已罕用	(白)	1
2275	啲	啲	ti55	di1	俗字，一～，一點兒，本字稚，小也，知三讀如端；阿～嚕～，這裏那裏，當源自底的代詞義；擬聲，～咑，嗩吶或嗩吶聲		4
2276	姼	姼	ti55	di1	公～，老頭子，婆～，老太婆，已罕用，章組讀如端組，俗字啲	(白)	4
2277	弟	弟	ti35	di2	弟[ti21]～、阿～，小弟	(語)	1
2278	啲	啲	ti35	di2	俗字，變調，表程度輕，澀[kip3]澀[kip3]～、瘦瘦～、新新～、舊舊～、酸酸餿[ɬʊk5]餿[ɬʊk5]～		4
2279	地	地	ti22	di6	土地，地方；助詞		1
2280	墬	墬	ti22	di6			4
2281	哋	哋	ti22	di6	俗字，我～，我們，本字等（上古蒸部），與臺（上古之部）字對轉，輩也		4
2282	嘀	嘀	tek5	dik1	嘀嗒		1
2283	底	底	tek5	dik1	舊同的字		1
2284	滴	滴	tek5	dik1	滴水，水滴；～息，小巧，與丁對轉；實～～，小孩結實		1
2285	的	的	tek5	dik1	目的，的確；～士，出租車；油脂～，三輪車		1
2286	嫡	嫡	tek5	dik1	嫡系，嫡親		2
2287	鏑	镝	tek5	dik1	箭鏃；金屬元素，符號Dy		2
2288	玓	玓	tek5	dik1			3
2289	菂	菂	tek5	dik1			3
2290	蹢	蹢	tek5	dik1	蹄		3
2291	扚	扚	tek5	dik1	引也；提，～起，提起，與搦旁轉，已罕用；撞，～銻崽，擊硬幣的遊戲，以撞擊硬幣是否出界定輸贏，又稱撞銻崽		4
2292	樀	樀	tek5	dik1			4
2293	嘀	嘀	tek2	dik6	嘀咕		1
2294	敵	敌	tek2	dik6			1
2295	滌	涤	tek2	dik6			1
2296	笛	笛	tek2	dik6	吹笛，汽笛		1
2297	迪	迪	tek2	dik6	啓迪，愛迪生		1
2298	嫡	嫡	tek2	dik6		(又)	2
2299	狄	狄	tek2	dik6			2
2300	翟	翟	tek2	dik6	長尾野雞		2
2301	荻	荻	tek2	dik6			2
2302	逖	逖	tek2	dik6		(又)	2
2303	鏑	镝	tek2	dik6	箭鏃	(又)	2
2304	糴	籴	tek2	dik6	糴米		2
2305	浟	浟	tek2	dik6	貪利貌		3
2306	覿	觌	tek2	dik6			3
2307	頔	𬱖	tek2	dik6			3
2308	踧	踧	tek2	dik6	踧踧		4
2309	䯼	䯼	tek2	dik6			4
2310	篴	篴	tek2	dik6			5
2311	掂	掂	tim55	dim1	掂量，本字敁，與拈旁轉		1
2312	踮	踮	tim55	dim1			2
2313	敁	敁	tim55	dim1	敁敠		4
2314	典	典	tim35	dim2	經典，典型	(習)	1
2315	點	点	tim35	dim2	點燈，點炮，小數點；〈語〉怎麼，底物的合音，底物即（何）等物，底乃等的俗字		1
2316	碘	碘	tim35	dim2	碘酒	(習)	1
2317	靦	䩄	tim35	dim2	靦顏		2
2318	腆	腆	tim35	dim2	靦腆，腆肚	(習)	2
2319	晪	晪	tim35	dim2			3
2320	淟	淟	tim35	dim2			3
2321	捵	捵	tim35	dim2	推、頂		4
2322	㥏	㥏	tim35	dim2			4
2323	覥	觍	tim35	dim2			4
2324	店	店	tim33	dim3			1
2325	惦	惦	tim33	dim3			1
2326	玷	玷	tim33	dim3			1
2327	坫	坫	tim33	dim3			2
2328	阽	阽	tim33	dim3			3
2329	墊	垫	tim22	dim6	坐墊，墊錢，訓讀簟	(訓)	1
2330	掂	掂	tim22	dim6	妥當，搞～，弄妥當；案，元代作扎掂/扎墊，墊訓讀簟，故本字簟		1
2331	簟	簟	tim22	dim6	蓆		2
2332	扂	扂	tim22	dim6			3
2333	磹	磹	tim22	dim6	石楔；同簟字		3
2334	巔	巅	tin55	din1			1
2335	滇	滇	tin55	din1	滇池；雲南		1
2336	顛	颠	tin55	din1			1
2337	癲	癫	tin55	din1			2
2338	攧	𭣇	tin55	din1			4
2339	槙	槙	tin55	din1	樹梢		5
2340	典	典	tin35	din2		(書)	1
2341	碘	碘	tin35	din2		(書)	1
2342	佃	佃	tin22	din6	佃戶		1
2343	奠	奠	tin22	din6			1
2344	殿	殿	tin22	din6			1
2345	澱	淀	tin22	din6	澱粉，沉澱		1
2346	電	电	tin22	din6			1
2347	甸	甸	tin22	din6			1
2348	靛	靛	tin22	din6			2
2349	癜	癜	tin22	din6			2
2350	鈿	钿	tin22	din6	金花形飾物		2
2351	琔	琔	tin22	din6			3
2352	壂	壂	tin22	din6	地基		4
2353	淀	淀	tin22	din6	白洋淀		4
2354	丁	丁	teŋ55	ding1	丙丁，壯丁，肉丁；單～，孤單、單獨，與滴對轉；奀/瘦～～，瘦貌		1
2355	叮	叮	teŋ55	ding1	叮嚀；叮咬		1
2356	盯	盯	teŋ55	ding1	盯住，盯梢		1
2357	釘	钉	teŋ55	ding1		(文)	1
2358	仃	仃	teŋ55	ding1	伶仃		2
2359	酊	酊	teŋ55	ding1	碘酊		2
2360	玎	玎	teŋ55	ding1			2
2361	町	町	teŋ55	ding1	地名，畹町（在雲南），西門町（在臺灣）		2
2362	疔	疔	teŋ55	ding1	疔瘡，疔毒		2
2363	耵	耵	teŋ55	ding1			3
2364	靪	靪	teŋ55	ding1			4
2365	虰	虰	teŋ55	ding1	虰蛵		5
2366	頂	顶	teŋ35	ding2	動詞，頂住	(文)	1
2367	鼎	鼎	teŋ35	ding2			1
2368	酊	酊	teŋ35	ding2	酩酊		2
2369	碇	碇	teŋ33	ding3	同矴字		2
2370	椗	椗	teŋ33	ding3		(文)	4
2371	飣	饤	teŋ33	ding3			4
2372	矴	矴	teŋ33	ding3	錘舟石		4
2373	定	定	teŋ22	ding6	安定，定時；落～，付定金、放定		1
2374	訂	订	teŋ22	ding6	預訂，修訂，訂婚	(文)	1
2375	錠	锭	teŋ22	ding6	銀錠		2
2376	啶	啶	teŋ22	ding6			2
2377	鋌	铤	teŋ22	ding6	銅鐵礦石；同錠字		2
2378	腚	腚	teŋ22	ding6			2
2379	萣	萣	teŋ22	ding6			3
2380	掟	掟	teŋ22	ding6	天掟		4
2381	跕	跕	tip3	dip3	墜落		4
2382	疊	叠	tip2	dip6			1
2383	碟	碟	tip2	dip6			1
2384	秩	秩	tip2	dip6	俗讀	(又)	1
2385	蝶	蝶	tip2	dip6			1
2386	諜	谍	tip2	dip6			1
2387	迭	迭	tip2	dip6	俗讀	(又)	1
2388	喋	喋	tip2	dip6	喋喋不休，喋血		2
2389	牒	牒	tip2	dip6			2
2390	堞	堞	tip2	dip6			2
2391	渫	渫	tip2	dip6	渫渫		2
2392	蹀	蹀	tip2	dip6	躞蹀，蹀足		2
2393	鰈	鲽	tip2	dip6	鰈魚		2
2394	楪	楪	tip2	dip6	同牒/碟字		3
2395	揲	揲	tip2	dip6	摺揲		4
2396	啲	啲	tit5	dit1	表少量，當爲連讀音變	(又)	4
2397	跌	跌	tit3	dit3	跌跤，跌打；整～，丟失		1
2398	秩	秩	tit2	dit6	秩序，厚秩		1
2399	迭	迭	tit2	dit6	更迭，迭代		1
2400	垤	垤	tit2	dit6			2
2401	帙	帙	tit2	dit6			2
2402	耋	耋	tit2	dit6			2
2403	咥	咥	tit2	dit6	咬		3
2404	昳	昳	tit2	dit6	太陽偏西		3
2405	瓞	瓞	tit2	dit6			3
2406	絰	绖	tit2	dit6			3
2407	嵽	𫶇	tit2	dit6	嵽嵲		3
2408	䏲	䏲	tit2	dit6			3
2409	紩	紩	tit2	dit6			4
2410	螲	螲	tit2	dit6	螲蟷		4
2411	𢲼	𢲼	tit2	dit6	擿也		4
2412	詄	詄	tit2	dit6			5
2413	跮	跮	tit2	dit6	跮跮		5
2414	丟	丢	tiu55	diu1			1
2415	刁	刁	tiu55	diu1			1
2416	叼	叼	tiu55	diu1			1
2417	雕	雕	tiu55	diu1	射雕；雕像，雕刻，雕花		1
2418	鵰	雕	tiu55	diu1	射鵰，一箭雙鵰		1
2419	凋	凋	tiu55	diu1	凋零，凋謝		2
2420	碉	碉	tiu55	diu1			2
2421	貂	貂	tiu55	diu1			2
2422	鯛	鲷	tiu55	diu1			2
2423	椆	椆	tiu55	diu1	椆苕		3
2424	銩	铥	tiu55	diu1			3
2425	汈	汈	tiu55	diu1			3
2426	彫	雕	tiu55	diu1	彫刻；彫弓		4
2427	錭	錭	tiu55	diu1			4
2428	琱	雕	tiu55	diu1	琱琢		4
2429	䯾	䯾	tiu55	diu1	小兒留髮		5
2430	鳥	鸟	tiu35	diu2	性交，俗字屌	(白)	1
2431	屌	屌	tiu35	diu2	性交，本字鳥，～㞓，交合，～咳，臭罵、訓斥，狗～嘅[ɛ33]，狗雜種；單用作語氣詞時會變高降調[tiu53]		4
2432	吊	吊	tiu33	diu3	懸吊，吊起		1
2433	弔	吊	tiu33	diu3	弔唁，憑弔		1
2434	釣	钓	tiu33	diu3			1
2435	窵	窎	tiu33	diu3			3
2436	銱	铞	tiu33	diu3			3
2437	掉	掉	tiu22	diu6	改掉，走掉		1
2438	調	调	tiu22	diu6	音調，調動		1
2439	銚	铫	tiu22	diu6	燒器		2
2440	莜	莜	tiu22	diu6	草田器		2
2441	嬥	嬥	tiu22	diu6	嬥嬈		3
2442	蓧	𦰏	tiu22	diu6			4
2443	藋	藋	tiu22	diu6	灰藋菜		5
2444	多	多	tɔ55	do1	多少，多數		1
2445	哆	哆	tɔ55	do1	哆嗦		1
2446	朵	朵	tɔ35	do2	花朵，耳朵；量詞，一朵		1
2447	跺	跺	tɔ35	do2			1
2448	躲	躲	tɔ35	do2			1
2449	埵	埵	tɔ35	do2			2
2450	哚	哚	tɔ35	do2	吲哚		2
2451	嚲	亸	tɔ35	do2			3
2452	綞	缍	tɔ35	do2	綞子		4
2453	鬌	鬌	tɔ35	do2	小兒翦髮；髪美		4
2454	奲	𫰂	tɔ35	do2	同嚲字		4
2455	垛	垛	tɔ33	do3	柴垛		1
2456	剁	剁	tɔ33	do3	剁肉，剁碎		2
2457	墮	堕	tɔ22	do6			1
2458	惰	惰	tɔ22	do6			1
2459	舵	舵	tɔ22	do6		(又)	1
2460	馱	驮	tɔ22	do6	馱子；地名，馱盧		1
2461	陊	陊	tɔ22	do6			5
2462	豬	猪	tœ55	doe1	～嘴，噘嘴，知三讀如端	(白)	1
2463	哆	哆	tœ55	doe1	又音，嗬[hœ21]～，嗩吶	(語)	1
2464	噘	噘	tœ55	doe1	～嘴，噘嘴，本字豬，知三讀如端；（馬蜂）蟄，（蚊蟲）叮，當源自蛀	(訓)	2
2465	朵	朵	tœ35	doe2	量詞，一朵	(白)	1
2466	遞	递	tœ35	doe2	遞，疑本字柱，支也，知三讀如端	(語)	1
2467	哚	哚	tœ35	doe2		(白)	2
2468	陀	陀	tœ21	doe4	圓𧽼[tɐm21]～，圓溜溜	(語)	2
2469	剁	剁	tœk5	doek1	又音	(訓)	2
2470	斲	斲	tœk5	doek1		(又)	2
2471	啄	啄	tœk3	doek3	啄木鳥，啄食		1
2472	剁	剁	tœk3	doek3	～肉，訓讀斲	(訓)	2
2473	斲	斲	tœk3	doek3	剁，～肉		2
2474	叮	叮	tœŋ55	doeng1	（雞）叮，元音象義，又作啄字	(白)	1
2475	啄	啄	tœŋ55	doeng1	叮，一說啄的陽入對轉，另一說叮[tɛŋ55]的音變；烏～～，糊裏糊塗	(語)	1
2476	凸	凸	tœt5	doet1	吻	(語)	1
2477	代	代	tɔi22	doi6	代表，交代（口語用交帶）		1
2478	待	待	tɔi22	doi6	等待，擔待（口語用擔戴）		1
2479	怠	怠	tɔi22	doi6	怠慢，怠工		1
2480	袋	袋	tɔi22	doi6			1
2481	貸	贷	tɔi22	doi6		(又)	1
2482	岱	岱	tɔi22	doi6			2
2483	殆	殆	tɔi22	doi6			2
2484	玳	玳	tɔi22	doi6			2
2485	黛	黛	tɔi22	doi6			2
2486	埭	埭	tɔi22	doi6		(又)	2
2487	詒	诒	tɔi22	doi6	欺詐		2
2488	迨	迨	tɔi22	doi6			2
2489	駘	骀	tɔi22	doi6	駘蕩		2
2490	靆	叇	tɔi22	doi6			3
2491	紿	绐	tɔi22	doi6			3
2492	垈	垈	tɔi22	doi6			3
2493	甙	甙	tɔi22	doi6			4
2494	突	突	tɔk5	dok1	～頭，奔兒頭、凸額，或爲凸額/殼的合音，又或本字𧰵	(語)	1
2495	度	度	tɔk2	dok6	量度，揣度		1
2496	踱	踱	tɔk2	dok6			1
2497	鐸	铎	tɔk2	dok6			2
2498	凙	𪞝	tɔk2	dok6			4
2499	噹	当	tɔŋ55	dong1	啷噹		1
2500	當	当	tɔŋ55	dong1	應當，當時		1
2501	鐺	铛	tɔŋ55	dong1	鋃鐺		1
2502	襠	裆	tɔŋ55	dong1	褲襠，開襠褲		2
2503	璫	珰	tɔŋ55	dong1			2
2504	簹	筜	tɔŋ55	dong1			3
2505	蟷	𬠅	tɔŋ55	dong1			4
2506	黨	党	tɔŋ35	dong2			1
2507	擋	挡	tɔŋ35	dong2	阻擋		1
2508	檔	档	tɔŋ35	dong2	檔案，檔次，高檔		1
2509	讜	谠	tɔŋ35	dong2			2
2510	壋	垱	tɔŋ35	dong2			2
2511	欓	𣗋	tɔŋ35	dong2			3
2512	攩	攩	tɔŋ35	dong2			4
2513	党	党	tɔŋ35	dong2	党項；同黨字		5
2514	當	当	tɔŋ33	dong3	典當，當作，適當		1
2515	擋	挡	tɔŋ33	dong3	摒擋		1
2516	檔	档	tɔŋ33	dong3	攤檔，拍檔		1
2517	壋	垱	tɔŋ33	dong3		(又)	2
2518	譡	譡	tɔŋ33	dong3	諰[ɬai55]～，奚落諷刺人		4
2519	噹	当	tɔŋ21	dong4	象聲詞，～～響，鑼聲響	(語)	1
2520	盪	荡	tɔŋ22	dong6	盪漾，盪滌		1
2521	蕩	荡	tɔŋ22	dong6	遊蕩，放蕩		1
2522	宕	宕	tɔŋ22	dong6	跌宕，延宕		2
2523	碭	砀	tɔŋ22	dong6			2
2524	菪	菪	tɔŋ22	dong6			2
2525	璗	𬍡	tɔŋ22	dong6			3
2526	刀	刀	tu55	du1			1
2527	叨	叨	tu55	du1	嘮叨		1
2528	都	都	tu55	du1	都城；都是；姓		1
2529	嘟	嘟	tu55	du1	咕嘟，嘟囔；花咕～，花蕾、花骨朵		2
2530	氘	氘	tu55	du1			2
2531	闍	阇	tu55	du1	城門臺		2
2532	忉	忉	tu55	du1			3
2533	舠	舠	tu55	du1			3
2534	魛	鱽	tu55	du1			3
2535	𣱼	𣱼	tu55	du1			4
2536	倒	倒	tu35	du2	倒塌，顛倒；倒立，倒水；～瓤，瓜類過熟		1
2537	堵	堵	tu35	du2			1
2538	島	岛	tu35	du2			1
2539	搗	捣	tu35	du2			1
2540	渡	渡	tu35	du2	花尾～，一種靠駁船拉動的客船，俗字艔	(白)	1
2541	睹	睹	tu35	du2			1
2542	禱	祷	tu35	du2			1
2543	賭	赌	tu35	du2			1
2544	擣	捣	tu35	du2			5
2545	倒	倒	tu33	du3	倒掛，倒退；～反，反而；～矴[tɛŋ33]，倒置		1
2546	到	到	tu33	du3	到底，達到，見到，知到		1
2547	捯	捯	tu33	du3			2
2548	妒	妒	tu22	du6	妒忌，嫉妒		1
2549	導	导	tu22	du6			1
2550	度	度	tu22	du6	長度，度量		1
2551	悼	悼	tu22	du6			1
2552	杜	杜	tu22	du6			1
2553	毒	毒	tu22	du6	以藥毒殺，～老鼠；坊間戲稱吸毒者爲毒友（諧音道友）	(白)	1
2554	渡	渡	tu22	du6	擺渡，渡船		1
2555	盜	盗	tu22	du6			1
2556	稻	稻	tu22	du6			1
2557	蹈	蹈	tu22	du6			1
2558	道	道	tu22	du6	道路，大道；知道（口語用知到，動補結構）		1
2559	鍍	镀	tu22	du6			1
2560	蠹	蠹	tu22	du6			2
2561	燾	焘	tu22	du6	覆蓋		2
2562	纛	纛	tu22	du6			2
2563	幬	帱	tu22	du6	覆蓋		3
2564	芏	芏	tu22	du6			3
2565	𨧀	𬭊	tu22	du6			3
2566	妬	妒	tu22	du6	同妒字		5
2567	堆	堆	tui55	dui1	堆疊，草堆		1
2568	埻	埻	tui55	dui1	欑塗所覆		4
2569	䭔	𫗰	tui55	dui1	煎～，麻團，俗字堆		4
2570	㨃	㨃	tui35	dui2	捅		4
2571	兌	兑	tui33	dui3			1
2572	對	对	tui33	dui3	對錯，比對；～拳、～得住，猜碼口令，數字零		1
2573	敦	敦	tui33	dui3	盛黍稷之器		1
2574	碓	碓	tui33	dui3			2
2575	祋	祋	tui33	dui3			3
2576	隊	队	tui22	dui6			1
2577	懟	怼	tui22	dui6	怨也		2
2578	鐓	镦	tui22	dui6	同錞字		2
2579	錞	𬭚	tui22	dui6	鐏		3
2580	憝	憝	tui22	dui6			4
2581	毒	毒	tʊk5	duk1	身毒，印度的古譯名	(古)	1
2582	督	督	tʊk5	duk1	督促，監督		1
2583	篤	笃	tʊk5	duk1	篤厚，篤信		2
2584	厾	厾	tʊk5	duk1	輕點；同𧰵字		2
2585	㞘	㞘	tʊk5	duk1	同䐁字		4
2586	䐁	䐁	tʊk5	duk1	容器或物體底部，也指方位盡頭，又作㞘字；量詞，泡（用於屎尿），另一說本字涿；地名，葫蘆～，即葫蘆頂，因白沙半島盡頭頂部似葫蘆底得名，上建大橋稱葫蘆頂大橋，後被官員改爲葫蘆鼎，原意已失		4
2587	𧰵	𧰵	tʊk5	duk1	戳、刺、捅，與捅對轉		4
2588	毒	毒	tʊk2	duk6	毒蛇，病毒；鬥～，故意作對		1
2589	獨	独	tʊk2	duk6			1
2590	讀	读	tʊk2	duk6	讀書		1
2591	頓	顿	tʊk2	duk6	古人名，冒頓		1
2592	櫝	椟	tʊk2	duk6			2
2593	瀆	渎	tʊk2	duk6			2
2594	牘	牍	tʊk2	duk6			2
2595	犢	犊	tʊk2	duk6	牛犢		2
2596	黷	黩	tʊk2	duk6			2
2597	碡	碡	tʊk2	duk6	磟碡，又作碌碡		2
2598	纛	纛	tʊk2	duk6		(又)	2
2599	髑	髑	tʊk2	duk6			2
2600	讟	𮙋	tʊk2	duk6			4
2601	東	东	tʊŋ55	dung1			1
2602	冬	冬	tʊŋ55	dung1			1
2603	鼕	冬	tʊŋ55	dung1	鼓聲		2
2604	咚	咚	tʊŋ55	dung1	象聲詞		2
2605	氡	氡	tʊŋ55	dung1			2
2606	鶇	鸫	tʊŋ55	dung1			2
2607	柊	柊	tʊŋ55	dung1		(又)	3
2608	蝀	𬟽	tʊŋ55	dung1			3
2609	崬	岽	tʊŋ55	dung1			3
2610	菄	菄	tʊŋ55	dung1			5
2611	鮗	鮗	tʊŋ55	dung1			5
2612	懂	懂	tʊŋ35	dung2			1
2613	董	董	tʊŋ35	dung2			1
2614	捅	捅	tʊŋ35	dung2	捅，與𧰵對轉	(白)	1
2615	凍	冻	tʊŋ33	dung3	冷凍		1
2616	腖	胨	tʊŋ33	dung3			2
2617	鼕	冬	tʊŋ21	dung4		(語)	2
2618	咚	咚	tʊŋ21	dung4	樓板響聲	(語)	2
2619	動	动	tʊŋ22	dung6			1
2620	棟	栋	tʊŋ22	dung6	棟樑；一棟		1
2621	洞	洞	tʊŋ22	dung6	山洞，洞察		1
2622	恫	恫	tʊŋ22	dung6	恫嚇		2
2623	慟	恸	tʊŋ22	dung6			2
2624	胴	胴	tʊŋ22	dung6			2
2625	侗	侗	tʊŋ22	dung6	侗族		2
2626	垌	垌	tʊŋ22	dung6	田垌；量詞，片，用於農田，一～田，一片田；地名，平垌村，潭垌		2
2627	峒	峒	tʊŋ22	dung6	山洞		2
2628	硐	硐	tʊŋ22	dung6			2
2629	詷	𫍣	tʊŋ22	dung6	說謊		3
2630	戙	戙	tʊŋ22	dung6	船板木；〈語〉豎起，～牀板，熬夜、開夜車，～腳睡，支腿睡		4
2631	突	突	tut5	dut1	～～車，汽車，童語	(語)	1
2632	端	端	tyn55	dyun1			1
2633	耑	耑	tyn55	dyun1	端的古字；姓		3
2634	短	短	tyn35	dyun2			1
2635	斷	断	tyn33	dyun3	判斷，決斷，斷估		1
2636	段	段	tyn22	dyun6			1
2637	緞	缎	tyn22	dyun6	綢緞，緞面		1
2638	鍛	锻	tyn22	dyun6	鍛鍊，鍛造，讀同段		1
2639	椴	椴	tyn22	dyun6			2
2640	籪	簖	tyn22	dyun6			2
2641	煅	煅	tyn22	dyun6			2
2642	塅	塅	tyn22	dyun6			3
2643	瑖	瑖	tyn22	dyun6			3
2644	碫	碫	tyn22	dyun6			4
2645	毈	毈	tyn22	dyun6			5
2646	凸	凸	tyt5	dyut1	吻	(語)	1
2647	腯	腯	tyt5	dyut1	肥～～，胖乎乎	(白)	3
2648	掇	掇	tyt3	dyut3	拾掇；掂掇		2
2649	敠	敠	tyt3	dyut3	敁敠		4
2650	奪	夺	tyt2	dyut6			1
2651	敓	敚	tyt2	dyut6			4
2652	嘅	嘅	∅ɛ35	e2	弱讀	(語)	4
2653	屎	屎	∅ɛ33	e3	又音	(白)	1
2654	擠	挤	∅ɛ33	e3	擠靠、套近乎	(語)	1
2655	嘅	嘅	∅ɛ33	e3	弱讀	(語)	4
2656	嘢	嘢	∅ɛ24	e5	連讀音變，乜嘢口語作[mɐt5jɛ24]➔[mɛ55ɛ24]，也作咩嘢	(語)	4
2657	欸	欸	∅ɛ22	e6	嘆詞		2
2658	誒	诶	∅ɛ22	e6	嘆詞		4
2659	虵	虵	∅ɛ22	e6	蚅～，蛤蚧，擬叫聲得名	(語)	4
2660	膱	膱	∅ɛk3	ek3	弱讀	(白)	4
2661	躽	躽	∅ɛn35	en2	挺，～胸凸肚，挺胸凸肚	(白)	4
2662	䊦	䊦	∅ɛt3	et3	（用芭蕉葉等包裹的）餈粑	(白)	4
2663	吆	吆	∅ɛu55	eu1	叫，喊	(白)	1
2664	拗	拗	∅ɛu35	eu2	～斷，折斷	(白)	1
2665	拗	拗	∅ɛu33	eu3	～頸，擡槓、頂嘴，又作詏字	(白)	1
2666	坳	坳	∅ɛu33	eu3	山坳；手～，肘窩	(白)	2
2667	詏	詏	∅ɛu33	eu3	同拗字，～頸，擡槓、頂嘴	(白)	4
2668	花	花	fa55	faa1	花朵，浪花		1
2669	化	化	fa33	faa3	化學，分化		1
2670	吪	吪	fa21	faa4	詞綴，擬流動聲，水流～～，流水嘩嘩，車開～～，開車飛快	(語)	4
2671	塊	块	fai33	faai3	一塊，土塊		1
2672	快	快	fai33	faai3	快慢，愉快；案，快啲，有連讀音變[fai33ti55]➔[fɐt3ti55]，後字逆同化變讀韻尾		1
2673	筷	筷	fai33	faai3	筷子，碗筷		1
2674	噲	哙	fai33	faai3			2
2675	駃	𫘝	fai33	faai3	快馬；通快字		3
2676	礊	礊	fak3	faak3	抽打，～牛，鞭打牛，～大，吹牛		4
2677	番	番	fan55	faan1	幾番；番茄，番桃		1
2678	翻	翻	fan55	faan1	翻譯，推翻，翻新		1
2679	返	返	fan55	faan1	～屋，回家，～工，上班，～膊，換肩	(白)	1
2680	蕃	蕃	fan55	faan1	通番字，外國、外族		2
2681	幡	幡	fan55	faan1	經幡，幡然醒悟		2
2682	繙	𬙆	fan55	faan1	繙譯		4
2683	噃	噃	fan55	faan1	聲也		4
2684	旛	旛	fan55	faan1			5
2685	反	反	fan35	faan2	反覆；平反，古讀平聲		1
2686	返	返	fan35	faan2	返回，往返		1
2687	橎	橎	fan35	faan2			5
2688	氾	氾	fan33	faan3	氾濫		1
2689	泛	泛	fan33	faan3	廣泛，泛舟		1
2690	範	范	fan33	faan3	模範，師範，前字調感染	(常)	1
2691	販	贩	fan33	faan3			1
2692	畈	畈	fan33	faan3			2
2693	嬎	嬎	fan33	faan3	鳥下蛋		4
2694	嬔	嬔	fan33	faan3	同嬎字		5
2695	汎	泛	fan33	faan3			5
2696	凡	凡	fan21	faan4			1
2697	帆	帆	fan21	faan4	帆船，帆布，風帆		1
2698	氾	氾	fan21	faan4	姓		1
2699	煩	烦	fan21	faan4			1
2700	礬	矾	fan21	faan4			1
2701	繁	繁	fan21	faan4	繁華		1
2702	樊	樊	fan21	faan4			2
2703	蕃	蕃	fan21	faan4	蕃息，蕃茂		2
2704	藩	藩	fan21	faan4	藩籬；藩衍		2
2705	燔	燔	fan21	faan4			2
2706	璠	璠	fan21	faan4			2
2707	蘩	蘩	fan21	faan4			2
2708	袢	袢	fan21	faan4	近身衣		2
2709	釩	钒	fan21	faan4			2
2710	墦	墦	fan21	faan4			3
2711	蹯	蹯	fan21	faan4			3
2712	鐇	𫔍	fan21	faan4			3
2713	鷭	𬸪	fan21	faan4			3
2714	繙	𬙆	fan21	faan4	繙㠾		4
2715	犯	犯	fan22	faan6	犯人，犯法		1
2716	範	范	fan22	faan6	示範，模範，師範		1
2717	范	范	fan22	faan6	姓		1
2718	飯	饭	fan22	faan6			1
2719	梵	梵	fan22	faan6			2
2720	發	发	fat3	faat3	發財		1
2721	髮	发	fat3	faat3	頭髮		1
2722	法	法	fat3	faat3	方法，法律		1
2723	琺	珐	fat3	faat3			2
2724	砝	砝	fat3	faat3	砝碼		2
2725	醱	酦	fat3	faat3	醱酵，同發酵		3
2726	乏	乏	fat2	faat6			1
2727	伐	伐	fat2	faat6			1
2728	拂	拂	fat2	faat6	甩、摔；用鞭抽	(語)	1
2729	筏	筏	fat2	faat6			1
2730	罰	罚	fat2	faat6			1
2731	閥	阀	fat2	faat6			1
2732	垡	垡	fat2	faat6			2
2733	𠲎	𠲎	fat2	faat6			5
2734	揮	挥	fɐi55	fai1		(文)	1
2735	輝	辉	fɐi55	fai1		(文)	1
2736	琿	珲	fɐi55	fai1	璦琿	(文)	2
2737	麾	麾	fɐi55	fai1		(文)	2
2738	翬	翚	fɐi55	fai1		(文)	2
2739	隳	隳	fɐi55	fai1		(文)	2
2740	暉	晖	fɐi55	fai1		(文)	3
2741	撝	㧑	fɐi55	fai1		(文)	3
2742	褘	袆	fɐi55	fai1		(文)	3
2743	煇	𪸩	fɐi55	fai1		(文)	4
2744	噅	𠯠	fɐi55	fai1		(文)	5
2745	廢	废	fɐi33	fai3	廢品，作廢		1
2746	沸	沸	fɐi33	fai3	沸騰，沸水		1
2747	肺	肺	fɐi33	fai3			1
2748	費	费	fɐi33	fai3	費用		1
2749	芾	芾	fɐi33	fai3	蔽芾		2
2750	鐨	镄	fɐi33	fai3			3
2751	砩	砩	fɐi33	fai3	以石攔水		4
2752	䛍	䛍	fɐi33	fai3	言急；〈語〉癡～，瘋癲貌，詐～，裝傻，俗字廢		4
2753	䉬	𫂈	fɐi33	fai3			4
2754	吠	吠	fɐi22	fai6			1
2755	礊	礊	fɐk5	fak1	甩，與揈對轉		4
2756	𦑌	𦑌	fɐk2	fak6	跳～～，（脈搏）跳動貌	(語)	4
2757	分	分	fɐn55	fan1	分開		1
2758	吩	吩	fɐn55	fan1			1
2759	婚	婚	fɐn55	fan1		(文)	1
2760	昏	昏	fɐn55	fan1		(文)	1
2761	氛	氛	fɐn55	fan1			1
2762	燻	熏	fɐn55	fan1		(文)	1
2763	紛	纷	fɐn55	fan1			1
2764	芬	芬	fɐn55	fan1			1
2765	葷	荤	fɐn55	fan1		(文)	1
2766	勳	勋	fɐn55	fan1		(文)	1
2767	熏	熏	fɐn55	fan1		(文)	1
2768	薰	薰	fɐn55	fan1		(文)	2
2769	醺	醺	fɐn55	fan1		(文)	2
2770	曛	曛	fɐn55	fan1		(文)	2
2771	棻	棻	fɐn55	fan1			2
2772	棼	棼	fɐn55	fan1	棼棼		2
2773	玢	玢	fɐn55	fan1	賽璐玢		2
2774	酚	酚	fɐn55	fan1			2
2775	閽	阍	fɐn55	fan1		(文)	2
2776	獯	獯	fɐn55	fan1		(文)	3
2777	翂	翂	fɐn55	fan1			3
2778	纁	𫄸	fɐn55	fan1		(文)	3
2779	錀	𬬭	fɐn55	fan1	兔奄錀		3
2780	勛	勋	fɐn55	fan1		(文)	4
2781	雰	雰	fɐn55	fan1			4
2782	朆	朆	fɐn55	fan1	吳語字，弗曾		4
2783	㬟	㬟	fɐn55	fan1	同朆字		5
2784	粉	粉	fɐn35	fan2	麪粉，粉筆；～崽/妹，吸毒男/女子		1
2785	糞	粪	fɐn33	fan3			1
2786	訓	训	fɐn33	fan3	教訓，訓練		1
2787	馴	驯	fɐn33	fan3	俗讀，讀同訓	(常)	1
2788	瀵	瀵	fɐn33	fan3			3
2789	瞓	瞓	fɐn33	fan3	睡，本字睏/困，罕用		4
2790	墳	坟	fɐn21	fan4			1
2791	焚	焚	fɐn21	fan4			1
2792	汾	汾	fɐn21	fan4			2
2793	賁	贲	fɐn21	fan4	大；三足龜		2
2794	棼	棼	fɐn21	fan4	紛亂		2
2795	鼢	鼢	fɐn21	fan4			2
2796	豶	豮	fɐn21	fan4	牡豕		3
2797	濆	𣸣	fɐn21	fan4	水邊		3
2798	奮	奋	fɐn24	fan5	奮鬥，興奮		1
2799	忿	忿	fɐn24	fan5	忿恨，忿忿不平		1
2800	憤	愤	fɐn24	fan5			1
2801	僨	偾	fɐn24	fan5			2
2802	鱝	鲼	fɐn24	fan5			2
2803	坋	坋	fɐn24	fan5	塵也；地名用字		3
2804	份	份	fɐn22	fan6	兩份，月份		1
2805	分	分	fɐn22	fan6	本分		1
2806	奮	奋	fɐn22	fan6	興奮	(又)	1
2807	忿	忿	fɐn22	fan6	冇～氣/頸，不服氣	(又)	1
2808	揈	揈	fɐŋ33	fang3	甩，與礊對轉		4
2809	揈	揈	fɐŋ21	fang4	甩；喜歡，最～去睇龍船；高興，～溜[lɛu33]溜[lɛu33]，得意貌	(又)	4
2810	佛	佛	fɐt5	fat1	仿佛		1
2811	弗	弗	fɐt5	fat1	弗如，弗要		1
2812	彿	彿	fɐt5	fat1	彷彿		1
2813	忽	忽	fɐt5	fat1	忽然，忽略，疏忽		1
2814	拂	拂	fɐt5	fat1	拂曉，拂塵；甩；摔，～跤，摔跤		1
2815	沸	沸	fɐt5	fat1	灑；泉涌貌		1
2816	窟	窟	fɐt5	fat1	窟窿，洞窟		1
2817	惚	惚	fɐt5	fat1			2
2818	氟	氟	fɐt5	fat1			2
2819	囫	囫	fɐt5	fat1			2
2820	狒	狒	fɐt5	fat1	狒狒，讀同弗/拂	(語)	2
2821	祓	祓	fɐt5	fat1			2
2822	笏	笏	fɐt5	fat1			2
2823	紱	绂	fɐt5	fat1			2
2824	芾	芾	fɐt5	fat1	草木茂盛		2
2825	茀	茀	fɐt5	fat1			2
2826	魆	魆	fɐt5	fat1			2
2827	黻	黻	fɐt5	fat1			2
2828	唿	唿	fɐt5	fat1	唿哨		2
2829	紼	绋	fɐt5	fat1			3
2830	昒	昒	fɐt5	fat1			3
2831	欻	欻	fɐt5	fat1	忽然		3
2832	淴	淴	fɐt5	fat1			3
2833	矻	矻	fɐt5	fat1			3
2834	艴	艴	fɐt5	fat1	淺色；艴然		3
2835	韍	韨	fɐt5	fat1			3
2836	鍃	锪	fɐt5	fat1			3
2837	堀	堀	fɐt5	fat1			4
2838	巿	巿	fɐt5	fat1			4
2839	搰	搰	fɐt5	fat1	搰搰		4
2840	曶	曶	fɐt5	fat1			4
2841	胐	胐	fɐt5	fat1	臀；屎～，屁股，屎～竉，肛門，俗字窟		4
2842	㧾	㧾	fɐt5	fat1	擊也		4
2843	㩿	㩿	fɐt5	fat1			4
2844	㺀	㺀	fɐt5	fat1			4
2845	䬍	䬍	fɐt5	fat1	疾風貌		4
2846	鮄	𫚒	fɐt5	fat1			4
2847	髴	髴	fɐt5	fat1	髣髴		5
2848	佛	佛	fɐt2	fat6	佛教		1
2849	弗	弗	fɐt2	fat6	讀同佛	(又)	1
2850	拂	拂	fɐt2	fat6	讀同佛	(又)	1
2851	怫	怫	fɐt2	fat6	怫鬱，怫然		2
2852	狒	狒	fɐt2	fat6	又音，讀同佛	(語)	2
2853	咈	咈	fɐt2	fat6	違逆；乖戾		4
2854	砩	砩	fɐt2	fat6	砩石		4
2855	不	不	fɐu35	fau2	同否字		1
2856	否	否	fɐu35	fau2	否定		1
2857	缶	缶	fɐu35	fau2			2
2858	殕	殕	fɐu35	fau2	物敗也		4
2859	浮	浮	fɐu21	fau4	浮動，輕浮		1
2860	涪	涪	fɐu21	fau4			2
2861	罘	罘	fɐu21	fau4			2
2862	蜉	蜉	fɐu21	fau4			2
2863	琈	琈	fɐu21	fau4			3
2864	芣	芣	fɐu21	fau4			3
2865	衃	衃	fɐu21	fau4	蚍衃		3
2866	罦	罦	fɐu21	fau4			4
2867	埠	埠	fɐu22	fau6	阜的分化字，商埠，開埠，大埠，蚌埠市		1
2868	阜	阜	fɐu22	fau6			2
2869	啡	啡	fɛ55	fe1	擬風聲，風～～吹；屙啡[fɛ21]～，拉稀；〈外〉茄哩啡，龍套、小角色，英語carefree，後起詞	(語)	1
2870	匪	匪	fɛ35	fe2	指女子妖豔、不正經	(白)	1
2871	飛	飞	fɛ35	fe2	鈔票、錢，英語fare	(外)	1
2872	㹃	㹃	fɛ35	fe2	褦[lɛ24]～，同褦襶	(語)	4
2873	啡	啡	fɛ21	fe4	擬風聲，風吹～～；屙～啡[fɛ55]，拉稀	(語)	1
2874	番	番	fɛn55	fen1	罕讀，幾番	(白)	1
2875	翻	翻	fɛn55	fen1	～開，～書	(白)	1
2876	法	法	fɛt5	fet1	符～，符籙，引申爲戲法、把戲，耍符～，耍把戲、放蠱	(白)	1
2877	唿	唿	fɛt5	fet1	～～，哨子或哨聲；〈外〉風～，花俏，英語flirtatious	(白)	2
2878	艴	艴	fɛt5	fet1	紅～～，（面色）紅潤	(白)	3
2879	咈	咈	fɛt2	fet6	象聲詞，鼻涕～～，吸鼻涕貌，哭～～，抽泣貌	(白)	4
2880	啡	啡	fi55	fi1	咖啡，嗎啡		1
2881	妃	妃	fi55	fi1			1
2882	菲	菲	fi55	fi1	芳菲		1
2883	非	非	fi55	fi1			1
2884	飛	飞	fi55	fi1	飛機；～髮，理髮；票，買～，買票；阿～，青年流氓，後起詞		1
2885	扉	扉	fi55	fi1			2
2886	霏	霏	fi55	fi1			2
2887	緋	绯	fi55	fi1	緋紅，緋聞；紅粉～花，特指臉紅		2
2888	蜚	蜚	fi55	fi1	蜚語		2
2889	鯡	鲱	fi55	fi1			2
2890	騑	𬴂	fi55	fi1			3
2891	匪	匪	fi35	fi2	匪徒，土匪；匪淺		1
2892	菲	菲	fi35	fi2	菲薄		1
2893	誹	诽	fi35	fi2			1
2894	斐	斐	fi35	fi2			2
2895	痱	痱	fi35	fi2	痱子，熱痱		2
2896	翡	翡	fi35	fi2	翡翠		2
2897	悱	悱	fi35	fi2			2
2898	榧	榧	fi35	fi2	香榧		2
2899	蜚	蜚	fi35	fi2	蜚廉		2
2900	朏	朏	fi35	fi2	朏明，朏魄		3
2901	棐	棐	fi35	fi2			3
2902	篚	篚	fi35	fi2			3
2903	疿	痱	fi35	fi2	痱子		5
2904	㹃	㹃	fi33	fi3	覆耕		4
2905	啡	啡	fi21	fi4	～～䬍[fɔt2]䬍[fɔt2]/吙[fɔ22]吙[fɔ22]，風風火火	(語)	1
2906	肥	肥	fi21	fi4			1
2907	痱	痱	fi21	fi4	中風病		2
2908	淝	淝	fi21	fi4			2
2909	腓	腓	fi21	fi4			2
2910	蜰	蜰	fi21	fi4			4
2911	狒	狒	fi22	fi6	獸名		2
2912	剕	剕	fi22	fi6			3
2913	揊	揊	fek5	fik1	甩，與摒對轉	(白)	4
2914	姘	姘	feŋ33	fing3	屌你老～㞓，詈語	(白)	2
2915	摒	摒	feŋ33	fing3	甩，與揊對轉	(白)	2
2916	撇	撇	fit5	fit1	抽打，～一鞭	(白)	1
2917	覅	覅	fiu33	fiu3	吳語字，弗要		4
2918	科	科	fɔ55	fo1	理科，科學		1
2919	蝌	蝌	fɔ55	fo1		(文)	1
2920	窠	窠	fɔ55	fo1	窠巢，窠臼		2
2921	髁	髁	fɔ55	fo1			2
2922	伙	伙	fɔ35	fo2	伙食，傢伙，包伙		1
2923	夥	伙	fɔ35	fo2	夥伴，合夥，小夥子		1
2924	火	火	fɔ35	fo2	着火，火車；差火（差勁）		1
2925	鈥	钬	fɔ35	fo2			3
2926	吙	吙	fɔ35	fo2	讀同火	(又)	4
2927	課	课	fɔ33	fo3		(文)	1
2928	貨	货	fɔ33	fo3			1
2929	騍	骒	fɔ33	fo3		(文)	2
2930	吙	吙	fɔ21	fo4	～～聲，熟睡聲、火旺貌、風嘯聲	(語)	4
2931	吙	吙	fɔ22	fo6	啡[fi21]啡[fi21]～～，風風火火，䬍的連讀音變	(語)	4
2932	坊	坊	fɔŋ55	fong1	街坊，牌坊；地名，三坊街（龍勝街、尚仁里、南倫街的合稱）		1
2933	慌	慌	fɔŋ55	fong1			1
2934	方	方	fɔŋ55	fong1			1
2935	肪	肪	fɔŋ55	fong1	脂肪		1
2936	芳	芳	fɔŋ55	fong1			1
2937	荒	荒	fɔŋ55	fong1			1
2938	謊	谎	fɔŋ55	fong1	說謊，謊話		1
2939	肓	肓	fɔŋ55	fong1			2
2940	枋	枋	fɔŋ55	fong1			2
2941	鈁	钫	fɔŋ55	fong1			2
2942	邡	邡	fɔŋ55	fong1			3
2943	牥	牥	fɔŋ55	fong1			3
2944	蚄	蚄	fɔŋ55	fong1			3
2945	塃	塃	fɔŋ55	fong1			4
2946	仿	仿	fɔŋ35	fong2	相仿，仿效（倣傚），仿佛（髣髴）		1
2947	幌	幌	fɔŋ35	fong2			1
2948	恍	恍	fɔŋ35	fong2			1
2949	晃	晃	fɔŋ35	fong2	晃眼；搖晃		1
2950	紡	纺	fɔŋ35	fong2			1
2951	訪	访	fɔŋ35	fong2			1
2952	謊	谎	fɔŋ35	fong2		(又)	1
2953	彷	彷	fɔŋ35	fong2	彷彿		2
2954	舫	舫	fɔŋ35	fong2			2
2955	昉	昉	fɔŋ35	fong2			2
2956	滉	滉	fɔŋ35	fong2			3
2957	榥	榥	fɔŋ35	fong2			4
2958	倣	仿	fɔŋ35	fong2	倣傚		5
2959	怳	怳	fɔŋ35	fong2			5
2960	髣	髣	fɔŋ35	fong2	髣髴		5
2961	放	放	fɔŋ33	fong3			1
2962	坊	坊	fɔŋ21	fong4	作坊，油坊，酒坊；同防字		1
2963	妨	妨	fɔŋ21	fong4	妨害		1
2964	房	房	fɔŋ21	fong4	房間		1
2965	肪	肪	fɔŋ21	fong4		(又)	1
2966	防	防	fɔŋ21	fong4			1
2967	魴	鲂	fɔŋ21	fong4			2
2968	鰟	鳑	fɔŋ21	fong4	同魴字		3
2969	䬍	䬍	fɔt2	fot6	風聲、風箱聲；啡[fi21]啡[fi21]～～，風風火火，又連讀音變作吙[fɔ22]	(語)	4
2970	乎	乎	fu55	fu1	同呼字		1
2971	俘	俘	fu55	fu1	俘虜		1
2972	呼	呼	fu55	fu1	呼吸，歡呼，嗚呼；～～聲，形容風聲或動作快，也讀[fu21fu35]聲		1
2973	夫	夫	fu55	fu1	夫妻，功夫		1
2974	孵	孵	fu55	fu1	孵化		1
2975	戲	戏	fu55	fu1	於戲	(古)	1
2976	敷	敷	fu55	fu1			1
2977	枯	枯	fu55	fu1		(文)	1
2978	膚	肤	fu55	fu1			1
2979	虎	虎	fu55	fu1	馬虎		1
2980	挎	挎	fu55	fu1	執持		1
2981	孚	孚	fu55	fu1			2
2982	骷	骷	fu55	fu1		(文)	2
2983	麩	麸	fu55	fu1	麩皮		2
2984	刳	刳	fu55	fu1			2
2985	桴	桴	fu55	fu1			2
2986	滹	滹	fu55	fu1			2
2987	稃	稃	fu55	fu1	穀皮		2
2988	莩	莩	fu55	fu1	葭莩		2
2989	趺	趺	fu55	fu1			2
2990	跗	跗	fu55	fu1	跗面		2
2991	郛	郛	fu55	fu1			2
2992	呋	呋	fu55	fu1			2
2993	烀	烀	fu55	fu1			2
2994	垺	垺	fu55	fu1	同郛字		3
2995	枹	枹	fu55	fu1	鼓槌		3
2996	砆	砆	fu55	fu1			3
2997	鄜	鄜	fu55	fu1			3
2998	鈇	𫓧	fu55	fu1			3
2999	玞	玞	fu55	fu1			3
3000	軤	轷	fu55	fu1			3
3001	伕	伕	fu55	fu1	車伕，馬伕，伙伕		4
3002	幠	幠	fu55	fu1			4
3003	罦	罦	fu55	fu1		(又)	4
3004	嘑	嘑	fu55	fu1	同呼字		4
3005	𣗺	𣗺	fu55	fu1	植物種子榨油後壓成的餅狀渣滓，茶～、花生～		4
3006	俯	俯	fu35	fu2			1
3007	唬	唬	fu35	fu2	唬人		1
3008	府	府	fu35	fu2			1
3009	撫	抚	fu35	fu2			1
3010	斧	斧	fu35	fu2			1
3011	父	父	fu35	fu2	尼父，田父；〈白〉舅父，伯父		1
3012	苦	苦	fu35	fu2	辛苦，苦瓜		1
3013	虎	虎	fu35	fu2	老虎；姓		1
3014	輔	辅	fu35	fu2	少數人的新讀	(又)	1
3015	琥	琥	fu35	fu2			2
3016	腑	腑	fu35	fu2	臟腑，肺腑		2
3017	釜	釜	fu35	fu2			2
3018	嘸	呒	fu35	fu2	驚愕		2
3019	拊	拊	fu35	fu2			2
3020	滸	浒	fu35	fu2	水滸		2
3021	滏	滏	fu35	fu2			2
3022	莆	莆	fu35	fu2	萐莆		2
3023	黼	黼	fu35	fu2		(又)	2
3024	簠	簠	fu35	fu2			3
3025	頫	𫖯	fu35	fu2			3
3026	㕮	㕮	fu35	fu2			3
3027	俛	俛	fu35	fu2	同俯字		4
3028	殕	殕	fu35	fu2		(又)	4
3029	鬴	鬴	fu35	fu2			4
3030	副	副	fu33	fu3			1
3031	咐	咐	fu33	fu3	吩咐，囑咐		1
3032	富	富	fu33	fu3			1
3033	庫	库	fu33	fu3			1
3034	褲	裤	fu33	fu3			1
3035	賦	赋	fu33	fu3			1
3036	戽	戽	fu33	fu3	戽水，戽斗		2
3037	絝	绔	fu33	fu3			2
3038	嘑	嘑	fu33	fu3	嘑爾		4
3039	袴	袴	fu33	fu3			4
3040	夫	夫	fu21	fu4	悲夫		1
3041	扶	扶	fu21	fu4	攙扶，扶手		1
3042	符	符	fu21	fu4			1
3043	芙	芙	fu21	fu4	芙蓉		1
3044	鳧	凫	fu21	fu4			2
3045	苻	苻	fu21	fu4			2
3046	蚨	蚨	fu21	fu4			2
3047	榑	榑	fu21	fu4			3
3048	婦	妇	fu24	fu5	專指媳婦，媳婦，弟婦（弟媳）	(白)	1
3049	負	负	fu24	fu5	負氣	(又)	1
3050	仆	仆	fu22	fu6	頓也		1
3051	付	付	fu22	fu6	交付，付款		1
3052	傅	傅	fu22	fu6	師傅；姓		1
3053	婦	妇	fu22	fu6	婦女，夫婦，市婦幼（本地醫院）		1
3054	父	父	fu22	fu6	父母，祖父		1
3055	腐	腐	fu22	fu6	豆腐，腐敗		1
3056	負	负	fu22	fu6	負擔，勝負，負氣		1
3057	赴	赴	fu22	fu6	奔赴，赴會，前赴後繼		1
3058	附	附	fu22	fu6			1
3059	訃	讣	fu22	fu6	訃告，訃聞		2
3060	駙	驸	fu22	fu6			2
3061	賻	赙	fu22	fu6			2
3062	鮒	鲋	fu22	fu6			2
3063	㳇	㳇	fu22	fu6			3
3064	祔	祔	fu22	fu6			4
3065	蝜	𮔅	fu22	fu6			4
3066	嬎	嬎	fu22	fu6	兔崽		4
3067	秿	秿	fu22	fu6	禾捆		4
3068	嬔	嬔	fu22	fu6	同嬎字		5
3069	徽	徽	fui55	fui1			1
3070	恢	恢	fui55	fui1			1
3071	灰	灰	fui55	fui1			1
3072	盔	盔	fui55	fui1		(又)	1
3073	詼	诙	fui55	fui1			2
3074	悝	悝	fui55	fui1	嘲笑；詼諧		2
3075	虺	虺	fui55	fui1	虺隤		2
3076	咴	咴	fui55	fui1			2
3077	豗	豗	fui55	fui1			4
3078	顝	顝	fui55	fui1			5
3079	悔	悔	fui35	fui2	後悔，悔改		1
3080	晦	晦	fui35	fui2	讀同悔	(又)	1
3081	誨	诲	fui35	fui2	讀同悔	(又)	1
3082	賄	贿	fui35	fui2	賄賂，受賄		1
3083	洧	洧	fui35	fui2			2
3084	鮪	鲔	fui35	fui2			2
3085	痏	痏	fui35	fui2			4
3086	晦	晦	fui33	fui3	隱晦，晦氣		1
3087	誨	诲	fui33	fui3	教誨		1
3088	喙	喙	fui33	fui3			2
3089	靧	𫖃	fui33	fui3			4
3090	顪	顪	fui33	fui3			5
3091	餯	餯	fui33	fui3			5
3092	復	复	fʊk5	fuk1	復原；復興，古讀去聲，扶富切	(習)	1
3093	複	复	fʊk5	fuk1	複雜，重複		1
3094	幅	幅	fʊk5	fuk1	幅度，條幅；量詞，一幅被（一張被子），一幅牆（一堵牆）		1
3095	福	福	fʊk5	fuk1			1
3096	腹	腹	fʊk5	fuk1			1
3097	蝠	蝠	fʊk5	fuk1	蝙蝠（口語稱飛鼠或蝠鼠）		1
3098	覆	覆	fʊk5	fuk1	覆蓋，傾覆		1
3099	輻	辐	fʊk5	fuk1			1
3100	馥	馥	fʊk5	fuk1			2
3101	蝮	蝮	fʊk5	fuk1			2
3102	鰒	鳆	fʊk5	fuk1			4
3103	复	复	fʊk5	fuk1	行故道；同復/複字		5
3104	伏	伏	fʊk2	fuk6	埋伏，伏案		1
3105	復	复	fʊk2	fuk6	復原	(書)	1
3106	服	服	fʊk2	fuk6			1
3107	縛	缚	fʊk2	fuk6	束縛，自縛		1
3108	袱	袱	fʊk2	fuk6			1
3109	匐	匐	fʊk2	fuk6	匍匐		2
3110	宓	宓	fʊk2	fuk6	姓		2
3111	茯	茯	fʊk2	fuk6			2
3112	菔	菔	fʊk2	fuk6			2
3113	幞	幞	fʊk2	fuk6	幞頭		2
3114	洑	洑	fʊk2	fuk6			3
3115	襆	襆	fʊk2	fuk6			4
3116	栿	栿	fʊk2	fuk6	房樑		4
3117	寬	宽	fun55	fun1	寬敞，放寬，與闊對轉		1
3118	歡	欢	fun55	fun1			1
3119	髖	髋	fun55	fun1			2
3120	貛	獾	fun55	fun1			2
3121	獾	獾	fun55	fun1			4
3122	嚾	嚾	fun55	fun1	同歡字		5
3123	款	款	fun35	fun2	款項，匯款		1
3124	窾	窾	fun35	fun2			4
3125	豐	丰	fʊŋ55	fung1	豐收，豐富		1
3126	封	封	fʊŋ55	fung1			1
3127	峯	峰	fʊŋ55	fung1	山峯，峯巒		1
3128	楓	枫	fʊŋ55	fung1			1
3129	瘋	疯	fʊŋ55	fung1			1
3130	蜂	蜂	fʊŋ55	fung1			1
3131	鋒	锋	fʊŋ55	fung1			1
3132	風	风	fʊŋ55	fung1			1
3133	丰	丰	fʊŋ55	fung1	丰姿，丰采		1
3134	烽	烽	fʊŋ55	fung1			2
3135	灃	沣	fʊŋ55	fung1			2
3136	葑	葑	fʊŋ55	fung1	蕪菁		2
3137	酆	酆	fʊŋ55	fung1			2
3138	碸	砜	fʊŋ55	fung1			2
3139	崶	崶	fʊŋ55	fung1			3
3140	峰	峰	fʊŋ55	fung1	同峯字		5
3141	飌	飌	fʊŋ55	fung1			5
3142	諷	讽	fʊŋ35	fung2	諷刺，譏諷		1
3143	俸	俸	fʊŋ35	fung2		(又)	2
3144	唪	唪	fʊŋ35	fung2	唪經		3
3145	葑	葑	fʊŋ33	fung3	菰根		2
3146	賵	赗	fʊŋ33	fung3			3
3147	馮	冯	fʊŋ21	fung4	姓		1
3148	縫	缝	fʊŋ21	fung4	縫補	(動)	1
3149	逢	逢	fʊŋ21	fung4	相逢，逢迎；～係/有，凡是/有		1
3150	渢	沨	fʊŋ21	fung4	水聲；宏大聲		2
3151	浲	浲	fʊŋ21	fung4			3
3152	鳳	凤	fʊŋ22	fung6			1
3153	奉	奉	fʊŋ22	fung6			1
3154	縫	缝	fʊŋ22	fung6	裂縫，俗讀縫補之縫	(名)	1
3155	俸	俸	fʊŋ22	fung6	俸祿，薪俸		2
3156	甮	甮	fʊŋ22	fung6			4
3157	豁	豁	fut3	fut3	豁然		1
3158	闊	阔	fut3	fut3	開闊，闊別，與寬對轉		1
3159	蛞	蛞	fut3	fut3	蛞蝓，蛞螻		2
3160	筈	筈	fut3	fut3		(又)	4
3161	适	适	fut3	fut3	疾速		4
3162	𨓈	𨓈	fut3	fut3			4
3163	眓	眓	fut3	fut3			5
3164	䬍	䬍	fut2	fut6	又音，風聲、風箱聲	(語)	4
3165	加	加	ka55	gaa1	加法，更加（口語省略作加）		1
3166	嘉	嘉	ka55	gaa1			1
3167	傢	家	ka55	gaa1	傢俱，傢伙		1
3168	家	家	ka55	gaa1	家庭，商家；〈語〉～下、而～，現在，本字今，受下字逆同化失去韻尾		1
3169	茄	茄	ka55	gaa1	荷莖；雪茄		1
3170	伽	伽	ka55	gaa1	伽利略		2
3171	袈	袈	ka55	gaa1			2
3172	迦	迦	ka55	gaa1			2
3173	嘎	嘎	ka55	gaa1	象聲詞，裂聲、笑聲，～吱聲、～～笑		2
3174	噶	噶	ka55	gaa1	譯音用字，噶倫		2
3175	尕	尕	ka55	gaa1			2
3176	旮	旮	ka55	gaa1	～旯[la55]頭，苤藍或苤藍的莖		2
3177	枷	枷	ka55	gaa1			2
3178	珈	珈	ka55	gaa1			2
3179	痂	痂	ka55	gaa1			2
3180	笳	笳	ka55	gaa1			2
3181	葭	葭	ka55	gaa1			2
3182	跏	跏	ka55	gaa1			2
3183	鎵	镓	ka55	gaa1			2
3184	泇	泇	ka55	gaa1			3
3185	癿	癿	ka55	gaa1		(又)	3
3186	豭	豭	ka55	gaa1			4
3187	㹢	㹢	ka55	gaa1			4
3188	假	假	ka35	gaa2	真假，假如		1
3189	賈	贾	ka35	gaa2	姓		1
3190	嘎	嘎	ka35	gaa2	同玍字，調皮、乖僻，～子		2
3191	叚	叚	ka35	gaa2	借也，後作假		3
3192	嘏	嘏	ka35	gaa2		(又)	3
3193	斝	斝	ka35	gaa2			3
3194	檟	槚	ka35	gaa2			3
3195	瘕	瘕	ka35	gaa2	腹內結塊		3
3196	玍	玍	ka35	gaa2	調皮、乖僻		4
3197	價	价	ka33	gaa3			1
3198	假	假	ka33	gaa3		(文)	1
3199	咖	咖	ka33	gaa3	咖喱		1
3200	嫁	嫁	ka33	gaa3			1
3201	架	架	ka33	gaa3	吵架	(文)	1
3202	稼	稼	ka33	gaa3			1
3203	駕	驾	ka33	gaa3		(文)	1
3204	价	价	ka33	gaa3	同價字		4
3205	㗎	㗎	ka33	gaa3	粵字，語氣詞，嘅啊的合音，本地不合音，常弱讀爲嘅[ɛ33]啊[a22]，佢（渠）好高～		4
3206	嘎	嘎	ka21	gaa4	嘎調，嘎嘎兒（尜尜兒）；譯音用字，～沙佬、～佬，民族語稱大哥		2
3207	尜	尜	ka21	gaa4	尜尜兒		2
3208	架	架	ka22	gaa6	丟～，丟臉，當源自掉價	(語)	1
3209	佳	佳	kai55	gaai1			1
3210	楷	楷	kai55	gaai1	楷樹；〈又〉楷書		1
3211	皆	皆	kai55	gaai1			1
3212	街	街	kai55	gaai1			1
3213	階	阶	kai55	gaai1			1
3214	稭	秸	kai55	gaai1	麥稭		1
3215	偕	偕	kai55	gaai1	偕老，偕同		2
3216	喈	喈	kai55	gaai1			2
3217	鍇	锴	kai55	gaai1		(又)	2
3218	湝	湝	kai55	gaai1			3
3219	薢	薢	kai55	gaai1			3
3220	嚌	哜	kai55	gaai1	嚌嚌		4
3221	痎	痎	kai55	gaai1			4
3222	秸	秸	kai55	gaai1	麥秸，秸稈		4
3223	解	解	kai35	gaai2	解開		1
3224	檞	檞	kai35	gaai2			3
3225	介	介	kai33	gaai3			1
3226	尬	尬	kai33	gaai3	尷尬		1
3227	屆	届	kai33	gaai3			1
3228	戒	戒	kai33	gaai3			1
3229	界	界	kai33	gaai3			1
3230	芥	芥	kai33	gaai3			1
3231	解	解	kai33	gaai3	押解；鋸斷，俗字刉/刏/鎅/𠝹，《說文》判也，此處讀古隘切，音義交錯		1
3232	誡	诫	kai33	gaai3			1
3233	疥	疥	kai33	gaai3			2
3234	廨	廨	kai33	gaai3		(又)	2
3235	玠	玠	kai33	gaai3			2
3236	蚧	蚧	kai33	gaai3			2
3237	悈	悈	kai33	gaai3			3
3238	骱	骱	kai33	gaai3	骨節間銜接處		3
3239	价	价	kai33	gaai3	善也；僕役；介紹		4
3240	岕	岕	kai33	gaai3			4
3241	犗	犗	kai33	gaai3			4
3242	刉	刉	kai33	gaai3	鋸斷，本字解	(訓)	5
3243	刏	刏	kai33	gaai3	鋸斷，本字解	(訓)	5
3244	格	格	kak3	gaak3			1
3245	胳	胳	kak3	gaak3	胳臂，胳膊；～肋底，腋窩，弱讀爲[ka33/kɐ33/kə33]		1
3246	隔	隔	kak3	gaak3			1
3247	革	革	kak3	gaak3			1
3248	膈	膈	kak3	gaak3	膈膜		2
3249	骼	骼	kak3	gaak3			2
3250	嗝	嗝	kak3	gaak3			2
3251	鉻	铬	kak3	gaak3	古兵器		2
3252	鎘	镉	kak3	gaak3	金屬元素		2
3253	鬲	鬲	kak3	gaak3	鬲津，膠鬲		2
3254	塥	塥	kak3	gaak3			3
3255	滆	滆	kak3	gaak3			3
3256	挌	挌	kak3	gaak3	擊也		4
3257	茖	茖	kak3	gaak3			4
3258	槅	槅	kak3	gaak3			4
3259	胳	胳	kak2	gaak6	～肋底，腋窩，弱讀爲[ka22/kɐ22/kə22]	(又)	1
3260	尷	尴	kam55	gaam1		(又)	1
3261	監	监	kam55	gaam1	監視，坐監		1
3262	緘	缄	kam55	gaam1	緘口，緘默；古人名，蘇緘		2
3263	減	减	kam35	gaam2		(文)	1
3264	感	感	kam35	gaam2			1
3265	敢	敢	kam35	gaam2			1
3266	橄	橄	kam35	gaam2	橄欖		1
3267	澉	澉	kam35	gaam2			2
3268	鱤	鳡	kam35	gaam2			3
3269	尷	尴	kam33	gaam3	尷尬，後字調類化		1
3270	監	监	kam33	gaam3	太監，國子監		1
3271	鑑	鉴	kam33	gaam3	銅鑑，印鑑		1
3272	鑒	鉴	kam33	gaam3	鑒定		1
3273	奸	奸	kan55	gaan1	奸詐，內奸		1
3274	姦	奸	kan55	gaan1	強姦，姦淫		1
3275	艱	艰	kan55	gaan1	艱苦，艱辛	(文)	1
3276	間	间	kan55	gaan1		(文)	1
3277	菅	菅	kan55	gaan1			2
3278	揀	拣	kan35	gaan2		(文)	1
3279	柬	柬	kan35	gaan2		(文)	1
3280	鹼	碱	kan35	gaan2		(文)	1
3281	簡	简	kan35	gaan2		(文)	1
3282	繭	茧	kan35	gaan2		(文)	1
3283	筧	笕	kan35	gaan2	引水的長竹管		2
3284	襉	裥	kan35	gaan2			2
3285	梘	枧	kan35	gaan2		(文)	2
3286	鐧	锏	kan35	gaan2		(文)	2
3287	暕	暕	kan35	gaan2	陰雨後晴		3
3288	趼	趼	kan35	gaan2		(文)	3
3289	碱	碱	kan35	gaan2		(文)	4
3290	堿	堿	kan35	gaan2		(文)	5
3291	茧	茧	kan35	gaan2		(文)	5
3292	鹻	鹻	kan35	gaan2		(文)	5
3293	澗	涧	kan33	gaan3			1
3294	間	间	kan33	gaan3	常讀	(文)	1
3295	諫	谏	kan33	gaan3			2
3296	鐧	锏	kan33	gaan3	車鐧		2
3297	瞷	𬑗	kan33	gaan3			4
3298	庚	庚	kaŋ55	gaang1		(罕)	1
3299	更	更	kaŋ55	gaang1	三更		1
3300	經	经	kaŋ55	gaang1	𪐀[na55]～，關係，俗作𪐀耕；疏～，指布不結實，俗作疏耕	(白)	1
3301	羹	羹	kaŋ55	gaang1	匙羹，調羹	(又)	1
3302	耕	耕	kaŋ55	gaang1	耕田，春耕		1
3303	粳	粳	kaŋ55	gaang1		(罕)	2
3304	畊	畊	kaŋ55	gaang1			4
3305	逕	迳	kaŋ33	gaang3	～水，涉水，俗字浭	(白)	3
3306	筻	筻	kaŋ33	gaang3			3
3307	俇	俇	kaŋ22	gaang6	打露～，赤裸，多指裸下身	(語)	4
3308	夾	夹	kap3	gaap3	夾層，夾竹桃；夾衣，同裌衣/袷衣；夾硬（強行）	(文)	1
3309	挾	挟	kap3	gaap3		(文)	1
3310	甲	甲	kap3	gaap3	甲子，盔甲		1
3311	鉀	钾	kap3	gaap3			1
3312	頰	颊	kap3	gaap3			1
3313	鴿	鸽	kap3	gaap3		(又)	1
3314	胛	胛	kap3	gaap3	肩胛，胛骨；前/後～，豬羊牛的前/後腿；上/下～，上/下莊，即熟食鴨鵝的上/下半部分		2
3315	莢	荚	kap3	gaap3		(文)	2
3316	岬	岬	kap3	gaap3			2
3317	柙	柙	kap3	gaap3	木名		2
3318	浹	浃	kap3	gaap3	汗流浹背	(又)	2
3319	蛺	蛱	kap3	gaap3			2
3320	袷	袷	kap3	gaap3	袷衣		2
3321	郟	郏	kap3	gaap3			2
3322	鋏	铗	kap3	gaap3			2
3323	鉿	铪	kap3	gaap3	陷聲		2
3324	餄	饸	kap3	gaap3	餄餅		2
3325	梜	𬂩	kap3	gaap3			3
3326	裌	裌	kap3	gaap3	同袷字，裌衣，裌裙		4
3327	跲	跲	kap3	gaap3			4
3328	䀫	䀫	kap3	gaap3	眼細暗；目睫動		4
3329	舺	舺	kap3	gaap3			5
3330	蛤	蛤	kap2	gaap6	～～，大青蛙，童語，擬叫聲得名，元音象義	(語)	1
3331	戛	戛	kat3	gaat3	戟也；戛然，戛戛		2
3332	嘎	嘎	kat3	gaat3	象聲詞，鴨聲、雁聲		2
3333	恝	恝	kat3	gaat3			3
3334	釓	钆	kat3	gaat3	金屬元素		3
3335	擖	擖	kat3	gaat3	刮聲；斬斷		4
3336	曱	曱	kat2	gaat6	俗字，～甴，蟑螂，本字甲蚻，前字受後字逆同化		4
3337	交	交	kau55	gaau1	成交，外交，交通，交易	(文)	1
3338	教	教	kau55	gaau1	令、使、讓		1
3339	膠	胶	kau55	gaau1		(文)	1
3340	郊	郊	kau55	gaau1	市郊，城郊	(文)	1
3341	跤	跤	kau55	gaau1		(文)	1
3342	蛟	蛟	kau55	gaau1		(文)	2
3343	鮫	鲛	kau55	gaau1	馬鮫，馬鮫魚	(文)	2
3344	艽	艽	kau55	gaau1		(文)	2
3345	茭	茭	kau55	gaau1		(文)	2
3346	鵁	䴔	kau55	gaau1		(文)	3
3347	峧	峧	kau55	gaau1		(文)	3
3348	嘐	嘐	kau55	gaau1		(文)	4
3349	轇	𫐖	kau55	gaau1		(文)	4
3350	攪	搅	kau35	gaau2	打攪	(文)	1
3351	搞	搞	kau35	gaau2	亂搞，搞笑，本字攪		1
3352	狡	狡	kau35	gaau2		(文)	1
3353	絞	绞	kau35	gaau2		(文)	1
3354	餃	饺	kau35	gaau2	餃子	(文)	1
3355	姣	姣	kau35	gaau2		(文)	2
3356	皎	皎	kau35	gaau2			2
3357	佼	佼	kau35	gaau2			2
3358	恔	恔	kau35	gaau2	狡黠		3
3359	筊	筊	kau35	gaau2	竹索也		4
3360	教	教	kau33	gaau3		(文)	1
3361	校	校	kau33	gaau3	校對，上校；～鐘，對錶；地名，校椅鎮（在橫縣）；〈又〉學校		1
3362	窖	窖	kau33	gaau3			1
3363	覺	觉	kau33	gaau3	睡覺	(文)	1
3364	較	较	kau33	gaau3	較勁，比較		1
3365	鉸	铰	kau33	gaau3	牙～，下頜骨；～腳，逃走、溜走	(文)	2
3366	斠	斠	kau33	gaau3	斠訂，斠補		3
3367	滘	滘	kau33	gaau3	河道相通處，本字漖；地名用字		3
3368	漖	漖	kau33	gaau3	水名；地名用字		3
3369	珓	珓	kau33	gaau3			4
3370	窌	窌	kau33	gaau3	地窖		4
3371	筊	筊	kau33	gaau3	同珓字		4
3372	攪	搅	kau22	gaau6	摎[lau35]～，胡搞、搗蛋，當是亂攪鬧之音變	(語)	1
3373	機	机	kɐi55	gai1	打火～；焫～，烙鐵；勾～，扳機；哨～，哨子；吹～，吹哨子；～頭，（電單車、摩托車）車頭；案，偷雞（偷跑；逃學）、走雞（失去機會）的雞也是機（機會）的音變，但已習慣寫作雞	(語)	1
3374	給	给	kɐi55	gai1	表與格、使役或被動等，官話借詞，二十世紀五六十年代產生	(語)	1
3375	肌	肌	kɐi55	gai1	囊[nɐŋ55]～，瘡疤，俗作𤹍雞	(語)	1
3376	雞	鸡	kɐi55	gai1	雞蛋，土雞；比喻個小的，～蕉，一種個小略甜的芭蕉；躲～、躲蒙[mʊŋ55]～，捉迷藏、躲貓貓，該詞也有讀[ki55]，俗作躲機、躲蒙機		1
3377	笄	笄	kɐi55	gai1			2
3378	枅	枅	kɐi55	gai1			3
3379	㚻	㚻	kɐi55	gai1			4
3380	鷄	鸡	kɐi55	gai1	同雞字		4
3381	計	计	kɐi35	gai2	恁～，想辦法；扭～，鬧彆扭	(白)	1
3382	偈	偈	kɐi35	gai2	傾～，聊天，本字傾蓋；大～，大副	(語)	2
3383	繼	继	kɐi33	gai3			1
3384	計	计	kɐi33	gai3	計算，統計		1
3385	髻	髻	kɐi33	gai3	髮髻，丫角髻（女孩梳在頭頂兩側的圓形髻）		2
3386	罽	罽	kɐi33	gai3			2
3387	薊	蓟	kɐi33	gai3			2
3388	瀱	瀱	kɐi33	gai3			3
3389	檵	檵	kɐi33	gai3	枸檵，檵木		4
3390	忌	忌	kɐi22	gai6	怕	(語)	1
3391	偈	偈	kɐi22	gai6	佛偈		2
3392	硌	硌	kɐk2	gak6	卡、阻擋，～住，卡着，與梗對轉，當源自隔，塞也	(語)	2
3393	今	今	kɐm55	gam1			1
3394	柑	柑	kɐm55	gam1	柑橘，柑果		1
3395	甘	甘	kɐm55	gam1			1
3396	金	金	kɐm55	gam1			1
3397	疳	疳	kɐm55	gam1	疳積，牙疳，下疳		2
3398	泔	泔	kɐm55	gam1	泔水		2
3399	苷	苷	kɐm55	gam1			2
3400	錦	锦	kɐm35	gam2	錦繡，織錦		1
3401	噉	噉	kɐm35	gam2	粵字，表狀態，這樣/那樣，箇物（箇麼）的合音；又表程度，這麼/那麼，本地統用噉，未分化出咁		4
3402	禁	禁	kɐm33	gam3	禁止；禁不起，情不自禁		1
3403	贛	赣	kɐm33	gam3	贛江		1
3404	噤	噤	kɐm33	gam3			2
3405	淦	淦	kɐm33	gam3			2
3406	紺	绀	kɐm33	gam3			2
3407	㽏	㽏	kɐm33	gam3			3
3408	咁	咁	kɐm33	gam3	粵字，表程度，這麼/那麼，箇物（箇麼）的合音，本地統用噉，未分化出咁		4
3409	僸	僸	kɐm33	gam3			5
3410	黚	黚	kɐm21	gam4	黃～～，暗黃色；深～～，很深	(語)	4
3411	撳	揿	kɐm22	gam6	俗字，按，本字𠢱		2
3412	𠢱	𠢱	kɐm22	gam6	按，俗字撳		4
3413	巾	巾	kɐn55	gan1			1
3414	斤	斤	kɐn55	gan1			1
3415	根	根	kɐn55	gan1			1
3416	筋	筋	kɐn55	gan1			1
3417	跟	跟	kɐn55	gan1			1
3418	哏	哏	kɐn55	gan1	北方俗字，逗哏，捧哏，當源自嗝兒（笑嗝兒），無折合音，故讀形近字跟		2
3419	釿	𬬱	kɐn55	gan1			3
3420	觔	觔	kɐn55	gan1			4
3421	僅	仅	kɐn35	gan2			1
3422	緊	紧	kɐn35	gan2			1
3423	謹	谨	kɐn35	gan2			1
3424	堇	堇	kɐn35	gan2			2
3425	槿	槿	kɐn35	gan2			2
3426	瑾	瑾	kɐn35	gan2			2
3427	饉	馑	kɐn35	gan2			2
3428	巹	卺	kɐn35	gan2			3
3429	墐	墐	kɐn35	gan2		(又)	3
3430	廑	廑	kɐn35	gan2	小屋；覆蓋；同僅字		3
3431	殣	殣	kɐn35	gan2			3
3432	菫	菫	kɐn35	gan2			5
3433	艮	艮	kɐn33	gan3			2
3434	靳	靳	kɐn33	gan3			2
3435	茛	茛	kɐn33	gan3			3
3436	近	近	kɐn22	gan6	近排，將近，近視，多用於時間、關係、意思等抽象義的近	(文)	1
3437	覲	觐	kɐn22	gan6			2
3438	墐	墐	kɐn22	gan6			3
3439	歏	歏	kɐn22	gan6			4
3440	庚	庚	kɐŋ55	gang1	年庚，庚子		1
3441	更	更	kɐŋ55	gang1	更換		1
3442	羹	羹	kɐŋ55	gang1	羹湯，匙羹，調羹		1
3443	耕	耕	kɐŋ55	gang1	春耕	(又)	1
3444	粳	粳	kɐŋ55	gang1	粳米		2
3445	賡	赓	kɐŋ55	gang1			2
3446	浭	浭	kɐŋ55	gang1	水名		3
3447	鶊	鹒	kɐŋ55	gang1			3
3448	緪	𬘵	kɐŋ55	gang1	繩索；繃緊，繃[mɐŋ55]得～，繃得緊		4
3449	畊	畊	kɐŋ55	gang1		(又)	4
3450	焿	焿	kɐŋ55	gang1			5
3451	梗	梗	kɐŋ35	gang2	桔梗，梗阻；〈語〉～係，肯定是，箇肯的合音		1
3452	耿	耿	kɐŋ35	gang2	耿直，耿耿；〈語〉～板、繃[pɐŋ35]～，古板		1
3453	埂	埂	kɐŋ35	gang2	田埂		1
3454	亙	亘	kɐŋ35	gang2			2
3455	哽	哽	kɐŋ35	gang2	哽咽		2
3456	綆	绠	kɐŋ35	gang2			2
3457	鯁	鲠	kɐŋ35	gang2	骨鯁在喉		2
3458	𬒔	𬒔	kɐŋ35	gang2	地名，石𬒔（在廣東）		3
3459	骾	鲠	kɐŋ35	gang2	骨骾		4
3460	挭	挭	kɐŋ35	gang2			5
3461	更	更	kɐŋ33	gang3	更加（口語省略作加）		1
3462	暅	暅	kɐŋ33	gang3	曝曬		3
3463	緪	𬘵	kɐŋ21	gang4	假借字，跌跫[kʊŋ21]～，倒地有聲	(語)	4
3464	急	急	kɐp5	gap1			1
3465	蛤	蛤	kɐp5	gap1	蛤蚧	(白)	1
3466	芨	芨	kɐp5	gap1	蒴藋		2
3467	忣	忣	kɐp5	gap1			4
3468	合	合	kɐp3	gap3	容量單位，十合爲一升		1
3469	蓋	盖	kɐp3	gap3	姓		1
3470	蛤	蛤	kɐp3	gap3	蛤蜊，蛤乸（田雞）		1
3471	鴿	鸽	kɐp3	gap3	白鴿，鴿子		1
3472	頜	颌	kɐp3	gap3	口；姓		2
3473	閤	𬮤	kɐp3	gap3	小門；姓		4
3474	佮	佮	kɐp3	gap3	合夥，～錢，湊錢，又作敆/㪉字		4
3475	搿	搿	kɐp3	gap3			4
3476	敆	敆	kɐp3	gap3			5
3477	㪉	㪉	kɐp3	gap3			5
3478	及	及	kɐp2	gap6			1
3479	岌	岌	kɐp2	gap6	岌岌可危		2
3480	芨	芨	kɐp2	gap6	白芨		2
3481	㧀	㧀	kɐp2	gap6			4
3482	䀫	䀫	kɐp2	gap6	盯住、盯着，俗字𥄫	(白)	4
3483	𠶲	𠶲	kɐp2	gap6	啃、咬，引申指吃		4
3484	吃	吃	kɐt5	gat1	口吃		1
3485	吉	吉	kɐt5	gat1			1
3486	桔	桔	kɐt5	gat1	桔梗；同橘字，多指小金橘，皮薄、黃色、味酸，本地也指小番茄；案，金～、金錢～，本地指小番茄，與柑橘（柑果）、金橘（金柑）同音但三者不同，易混淆，視語境區分		1
3487	橘	橘	kɐt5	gat1	橘子；小金橘或小番茄（本地用法）則俗作桔；案，柑橘（柑果）、金橘（金柑）、金桔（本地指小番茄）同音但三者不同，易混淆，視語境區分	(習)	1
3488	疙	疙	kɐt5	gat1	疙瘩；～𤶠，疙瘩；麪～𤶠，麪疙瘩；樹～𤶠，樹疙瘩	(白)	1
3489	紇	纥	kɐt5	gat1	紇繨		2
3490	訖	讫	kɐt5	gat1	收訖		2
3491	詰	诘	kɐt5	gat1	詰屈，即佶屈		2
3492	佶	佶	kɐt5	gat1	健壯；佶屈聱牙		2
3493	虼	虼	kɐt5	gat1	虼蚤，虼螂		2
3494	郅	郅	kɐt5	gat1	郅偈		2
3495	姞	姞	kɐt5	gat1			3
3496	咭	咭	kɐt5	gat1	笑貌		4
3497	㓤	㓤	kɐt5	gat1	俗字，刺、扎，本字吉，源自常用詞吉利，利取鋒利的諧趣義，吉既鋒利故可用於刺		4
3498	屹	屹	kɐt2	gat6	屹㟷，同圪墶		1
3499	揭	揭	kɐt2	gat6	擡、扛，翹起；拱～佬，搬運工	(白)	1
3500	疙	疙	kɐt2	gat6	疙瘩；～𤶠，活結，引申爲吝嗇，打～𤶠，打結		1
3501	圪	圪	kɐt2	gat6	圪墶		2
3502	䞘	䞘	kɐt2	gat6	行貌；〈語〉～路，走人、滾蛋，另一說本字趉		4
3503	曱	曱	kɐt2	gat6		(又)	4
3504	趌	趌	kɐt2	gat6			5
3505	趷	趷	kɐt2	gat6			5
3506	勾	勾	kɐu55	gau1		(文)	1
3507	句	句	kɐu55	gau1		(文)	1
3508	溝	沟	kɐu55	gau1			1
3509	鉤	钩	kɐu55	gau1		(文)	1
3510	龜	龟	kɐu55	gau1	古國名，龜茲		1
3511	佝	佝	kɐu55	gau1	佝僂		2
3512	鳩	鸠	kɐu55	gau1	斑鳩；男陰，已罕用；～屎，擺架子、待理不理		2
3513	篝	篝	kɐu55	gau1			2
3514	緱	缑	kɐu55	gau1			2
3515	鬮	阄	kɐu55	gau1	拈鬮		2
3516	韝	鞲	kɐu55	gau1			2
3517	泃	泃	kɐu55	gau1	水聲		3
3518	勼	勼	kɐu55	gau1	聚也		4
3519	摎	摎	kɐu55	gau1	摎蓼		4
3520	軥	軥	kɐu55	gau1		(文)	5
3521	鈎	钩	kɐu55	gau1		(文)	5
3522	久	久	kɐu35	gau2			1
3523	九	九	kɐu35	gau2	九洲，九月；～長久、～長長（九諧音久），猜碼口令，數字九		1
3524	狗	狗	kɐu35	gau2			1
3525	玖	玖	kɐu35	gau2			1
3526	糾	纠	kɐu35	gau2		(書)	1
3527	苟	苟	kɐu35	gau2			1
3528	韭	韭	kɐu35	gau2			1
3529	枸	枸	kɐu35	gau2			2
3530	赳	赳	kɐu35	gau2		(書)	2
3531	岣	岣	kɐu35	gau2			2
3532	氿	氿	kɐu35	gau2	湖名		3
3533	笱	笱	kɐu35	gau2			3
3534	耇	耇	kɐu35	gau2	高壽		3
3535	芶	芶	kɐu35	gau2	姓		4
3536	垢	垢	kɐu33	gau3			1
3537	夠	够	kɐu33	gau3			1
3538	救	救	kɐu33	gau3			1
3539	構	构	kɐu33	gau3		(文)	1
3540	灸	灸	kɐu33	gau3		(文)	1
3541	疚	疚	kɐu33	gau3			1
3542	究	究	kɐu33	gau3	研究，究竟		1
3543	購	购	kɐu33	gau3		(文)	1
3544	咎	咎	kɐu33	gau3			2
3545	媾	媾	kɐu33	gau3		(文)	2
3546	柩	柩	kɐu33	gau3		(又)	2
3547	詬	诟	kɐu33	gau3			2
3548	彀	彀	kɐu33	gau3	彀中，彀弓		2
3549	覯	觏	kɐu33	gau3		(文)	2
3550	廏	厩	kɐu33	gau3	馬廏		2
3551	遘	遘	kɐu33	gau3			3
3552	姤	姤	kɐu33	gau3			3
3553	雊	雊	kɐu33	gau3			3
3554	廄	厩	kɐu33	gau3	同廏字		5
3555	搆	搆	kɐu33	gau3		(文)	5
3556	构	构	kɐu33	gau3		(文)	5
3557	舊	旧	kɐu22	gau6			1
3558	柩	柩	kɐu22	gau6	靈柩		2
3559	䊆	䊆	kɐu22	gau6	塊、團，俗字嚿	(量)	4
3560	爹	爹	kɛ55	ge1	老[lau55]～，父親的口語敘稱，當源自官話老桿子（桿子的合音）或老鬼；案，邕州官話，老桿子[lau54kan54tsɿ54]，老鬼[lau54kuei54]	(訓)	1
3561	嘅	嘅	kɛ35	ge2	俗字，變調，語氣詞，佢（渠）間屋裝修得幾靚～，他家裝修得還不錯		4
3562	嘅	嘅	kɛ33	ge3	俗字，助詞，的，本字個		4
3563	嘎	嘎	kɛ21	ge4	笑～～，笑嘻嘻	(語)	2
3564	忌	忌	kɛ22	ge6	怕	(白)	1
3565	騎	骑	kɛ22	ge6	頭～，第一名；蔑[mɛt55]～，最後一名	(白)	1
3566	兼	兼	kɛm55	gem1	遊戲淘汰、出局，英語GameOver；～波，賽球，英語GameBall	(外)	1
3567	減	减	kɛm35	gem2	減少，加減	(白)	1
3568	黚	黚	kɛm21	gem4	黃～～，中黃色	(語)	4
3569	奸	奸	kɛn55	gen1	罕讀	(白)	1
3570	姦	奸	kɛn55	gen1	罕讀	(白)	1
3571	艱	艰	kɛn55	gen1	艱難，艱鉅	(白)	1
3572	間	间	kɛn55	gen1	中間，時間	(白)	1
3573	揀	拣	kɛn35	gen2	揀選	(白)	1
3574	柬	柬	kɛn35	gen2		(白)	1
3575	鹼	碱	kɛn35	gen2	鹼性，燒鹼，訓讀𨣇；肥皂，俗字梘	(白)	1
3576	簡	简	kɛn35	gen2	簡單，竹簡	(白)	1
3577	繭	茧	kɛn35	gen2	蠶繭；通趼字，起繭	(白)	1
3578	梘	枧	kɛn35	gen2	通水器；肥皂，本字鹼	(白)	2
3579	鐧	锏	kɛn35	gen2	殺手鐧	(白)	2
3580	趼	趼	kɛn35	gen2	足趼，老趼	(白)	3
3581	碱	碱	kɛn35	gen2	鹼的俗字	(白)	4
3582	堿	堿	kɛn35	gen2	同碱字	(白)	5
3583	茧	茧	kɛn35	gen2	同繭字	(白)	5
3584	鹻	鹻	kɛn35	gen2	同鹼字	(白)	5
3585	間	间	kɛn33	gen3	間隔，離間	(白)	1
3586	驚	惊	kɛŋ55	geng1	怕	(白)	1
3587	猄	猄	kɛŋ55	geng1		(白)	3
3588	惊	惊	kɛŋ55	geng1		(白)	5
3589	頸	颈	kɛŋ35	geng2			1
3590	鏡	镜	kɛŋ33	geng3			1
3591	儆	儆	kɛŋ22	geng6	～惜[ɬɛk3]，珍惜（物）；怕，～佢（渠），怕他	(白)	2
3592	笈	笈	kɛp5	gep1	皮夾子、手提箱	(白)	2
3593	篋	箧	kɛp5	gep1	皮夾子、手提箱，本字笈	(語)	2
3594	喼	喼	kɛp5	gep1	～帽，鴨舌帽，英語cap；～紐，按釦；～紙，紙炮，因形似火帽得名，英語cap		4
3595	挾	挟	kɛp3	gep3	挾菜	(白)	1
3596	甲	甲	kɛp3	gep3	指甲	(白)	1
3597	莢	荚	kɛp3	gep3	豆莢，皂莢	(白)	2
3598	夾	夹	kɛp2	gep6	鐵夾；夾住	(白)	1
3599	蛤	蛤	kɛp2	gep6	～～，小青蛙，童語，擬叫聲得名，元音象義	(語)	1
3600	交	交	kɛu55	geu1	交錢，交往，交叉（該詞中又讀[kʰɛu55]）；爭～，吵架，打～，打架	(白)	1
3601	膠	胶	kɛu55	geu1	膠水，膠擦（橡皮），膠箍（橡皮筋）	(白)	1
3602	郊	郊	kɛu55	geu1	郊外，郊區	(白)	1
3603	跤	跤	kɛu55	geu1	跌跤	(白)	1
3604	蛟	蛟	kɛu55	geu1	蛟龍	(白)	2
3605	鮫	鲛	kɛu55	geu1	鮫魚，鮫人	(白)	2
3606	艽	艽	kɛu55	geu1	秦艽	(白)	2
3607	茭	茭	kɛu55	geu1	茭白，茭筍	(白)	2
3608	鵁	䴔	kɛu55	geu1		(白)	3
3609	峧	峧	kɛu55	geu1		(白)	3
3610	嘐	嘐	kɛu55	geu1	雞鳴	(白)	4
3611	轇	𫐖	kɛu55	geu1		(白)	4
3612	攪	搅	kɛu35	geu2	攪動，攪拌	(白)	1
3613	狡	狡	kɛu35	geu2	狡猾，狡詐	(白)	1
3614	矯	矫	kɛu35	geu2	矯詐，又作狡詐	(白)	1
3615	絞	绞	kɛu35	geu2	絞肉，絞刑	(白)	1
3616	餃	饺	kɛu35	geu2	餃子，水餃，粉餃，源自角	(白)	1
3617	姣	姣	kɛu35	geu2	姣好	(白)	2
3618	教	教	kɛu33	geu3	教書；教訓	(白)	1
3619	校	校	kɛu33	geu3	～鐘，對錶	(又)	1
3620	覺	觉	kɛu33	geu3	睡覺	(白)	1
3621	鉸	铰	kɛu33	geu3	鉸刀；～剪，剪刀	(白)	2
3622	撬	撬	kɛu22	geu6	撬開，撬門，源自翹，尾起也		1
3623	其	其	ki55	gi1	夜如何其；古人名，酈食其		1
3624	几	几	ki55	gi1	茶几		1
3625	幾	几	ki55	gi1	幾乎		1
3626	嘰	叽	ki55	gi1	嘰哩咕嚕；譯音用字，咔嘰		1
3627	基	基	ki55	gi1			1
3628	奇	奇	ki55	gi1	奇數		1
3629	己	己	ki55	gi1	自己	(白)	1
3630	期	期	ki55	gi1	期年		1
3631	機	机	ki55	gi1	飛機，機器，機會，時機		1
3632	畸	畸	ki55	gi1		(又)	1
3633	箕	箕	ki55	gi1			1
3634	肌	肌	ki55	gi1	肌肉，胸肌		1
3635	譏	讥	ki55	gi1			1
3636	飢	饥	ki55	gi1	飢餓		1
3637	饑	饥	ki55	gi1	饑荒		1
3638	雞	鸡	ki55	gi1	又音，躲～、躲蒙[mʊŋ55]～，捉迷藏、躲貓貓，俗字機	(語)	1
3639	乩	乩	ki55	gi1			2
3640	姬	姬	ki55	gi1			2
3641	犄	犄	ki55	gi1	犄角		2
3642	璣	玑	ki55	gi1			2
3643	磯	矶	ki55	gi1			2
3644	羈	羁	ki55	gi1	羈絆，羈留；～疙[kɐt2]，梗阻、妨礙		2
3645	剞	剞	ki55	gi1			2
3646	畿	畿	ki55	gi1			2
3647	萁	萁	ki55	gi1	草名		2
3648	觭	觭	ki55	gi1	偏向、側重；同奇字，單數		3
3649	錤	𫓹	ki55	gi1			3
3650	咭	咭	ki55	gi1	同嘰字		4
3651	鞿	鞿	ki55	gi1			4
3652	禨	𥘌	ki55	gi1			4
3653	鷄	鸡	ki55	gi1	又音，躲～、躲蒙[mʊŋ55]～，捉迷藏、躲貓貓，俗字機	(語)	4
3654	刉	刉	ki55	gi1	同刏字		5
3655	机	机	ki55	gi1			5
3656	虮	虮	ki55	gi1	密虮		5
3657	鐖	鐖	ki55	gi1	鉤上的倒刺		5
3658	刏	刏	ki55	gi1	切斷		5
3659	幾	几	ki35	gi2	幾個		1
3660	己	己	ki35	gi2	自己，知己		1
3661	紀	纪	ki35	gi2	紀律；世紀；姓		1
3662	杞	杞	ki35	gi2			2
3663	庋	庋	ki35	gi2		(又)	2
3664	蟣	虮	ki35	gi2	蟣蝨		2
3665	麂	麂	ki35	gi2			2
3666	掎	掎	ki35	gi2	掎角		3
3667	踦	踦	ki35	gi2	腳脛		3
3668	魢	鱾	ki35	gi2			3
3669	虮	虮	ki35	gi2	同蟣字		5
3670	冀	冀	ki33	gi3			1
3671	寄	寄	ki33	gi3			1
3672	既	既	ki33	gi3			1
3673	計	计	ki33	gi3	夥計		1
3674	記	记	ki33	gi3			1
3675	暨	暨	ki33	gi3	及也至也；暨南		2
3676	覬	觊	ki33	gi3			2
3677	驥	骥	ki33	gi3			2
3678	洎	洎	ki33	gi3			2
3679	鱀	𬶨	ki33	gi3			3
3680	塈	塈	ki33	gi3		(又)	4
3681	旣	既	ki33	gi3			5
3682	妓	妓	ki22	gi6	歌妓，妓女		1
3683	忌	忌	ki22	gi6	妒忌，忌諱，忌憚		1
3684	技	技	ki22	gi6			1
3685	騎	骑	ki22	gi6	車騎，鐵騎；姓		1
3686	伎	伎	ki22	gi6	伎倆		2
3687	惎	惎	ki22	gi6			3
3688	芰	芰	ki22	gi6			3
3689	跽	跽	ki22	gi6			3
3690	垍	垍	ki22	gi6			3
3691	汥	汥	ki22	gi6	水分流		5
3692	鬾	鬾	ki22	gi6	冥衣		5
3693	擊	击	kek5	gik1	攻擊，擊敗		1
3694	棘	棘	kek5	gik1	荊棘，棘手		1
3695	激	激	kek5	gik1			1
3696	亟	亟	kek5	gik1	亟待		2
3697	戟	戟	kek5	gik1	畫戟，戈戟		2
3698	墼	墼	kek5	gik1			2
3699	殛	殛	kek5	gik1			2
3700	撠	撠	kek5	gik1			5
3701	極	极	kek2	gik6			1
3702	极	极	kek2	gik6			5
3703	兼	兼	kim55	gim1	兼職，兼顧		1
3704	縑	缣	kim55	gim1			2
3705	搛	搛	kim55	gim1	搛菜		2
3706	蒹	蒹	kim55	gim1			2
3707	鰜	鳒	kim55	gim1	比目魚		3
3708	鶼	鹣	kim55	gim1			3
3709	撿	捡	kim35	gim2			1
3710	檢	检	kim35	gim2			1
3711	瞼	睑	kim35	gim2			2
3712	劍	剑	kim33	gim3			1
3713	儉	俭	kim22	gim6			1
3714	堅	坚	kin55	gin1	堅固，堅強；〈語〉優良的		1
3715	肩	肩	kin55	gin1			1
3716	鞬	鞬	kin55	gin1			2
3717	鰹	鲣	kin55	gin1			2
3718	鈃	钘	kin55	gin1	人名用字		3
3719	靬	靬	kin55	gin1			3
3720	鳽	𫛚	kin55	gin1	鶺鴒		5
3721	件	件	kin35	gin2	條件，文件，零件，郵件，收件人，前字或後字爲陽平則變調	(白)	1
3722	謇	謇	kin35	gin2			2
3723	蹇	蹇	kin35	gin2			2
3724	趼	趼	kin35	gin2		(書)	3
3725	囝	囝	kin35	gin2	閩語字，兒子		4
3726	瀽	瀽	kin35	gin2			4
3727	𠐻	𠐻	kin35	gin2	傲慢		4
3728	建	建	kin33	gin3			1
3729	見	见	kin33	gin3	看見		1
3730	毽	毽	kin33	gin3	拋足之戲具		2
3731	腱	腱	kin33	gin3	肌腱，腱子，讀同建		2
3732	犍	犍	kin33	gin3	犍牛，讀同建		2
3733	件	件	kin22	gin6	一件，計件，配件，軟件，信件，案件		1
3734	健	健	kin22	gin6			1
3735	鍵	键	kin22	gin6	關鍵，鍵盤		1
3736	犍	犍	kin22	gin6	犍爲縣，漢碑作楗		2
3737	踺	踺	kin22	gin6			2
3738	楗	楗	kin22	gin6			3
3739	揵	揵	kin22	gin6	通楗字		4
3740	京	京	keŋ55	ging1			1
3741	兢	兢	keŋ55	ging1			1
3742	驚	惊	keŋ55	ging1	震驚，驚慌		1
3743	經	经	keŋ55	ging1	經濟；經緯		1
3744	荊	荆	keŋ55	ging1			1
3745	涇	泾	keŋ55	ging1			2
3746	矜	矜	keŋ55	ging1	矜持，矜貴		2
3747	猄	猄	keŋ55	ging1		(文)	3
3748	麖	麖	keŋ55	ging1			3
3749	惊	惊	keŋ55	ging1	同驚字		5
3750	境	境	keŋ35	ging2	境界，環境		1
3751	景	景	keŋ35	ging2	風景，景仰		1
3752	警	警	keŋ35	ging2			1
3753	憬	憬	keŋ35	ging2	覺悟；〈語〉假借字，得意、驕傲，見廣的合音，～昏七，得意洋洋，俗字景		2
3754	儆	儆	keŋ35	ging2	儆戒，以儆效尤		2
3755	剄	刭	keŋ35	ging2			2
3756	烴	烃	keŋ35	ging2	溫；焦臭；焦貌		2
3757	璟	璟	keŋ35	ging2			2
3758	璥	璥	keŋ35	ging2			3
3759	憼	憼	keŋ35	ging2	敬也；〈語〉寵愛，得～，得寵，俗字景/儆		4
3760	擏	擏	keŋ35	ging2	同儆字		5
3761	勁	劲	keŋ33	ging3	幹勁，費勁		1
3762	徑	径	keŋ33	ging3	半徑，徑直，途徑		1
3763	敬	敬	keŋ33	ging3			1
3764	競	竞	keŋ33	ging3	俗讀，讀同竟	(常)	1
3765	竟	竟	keŋ33	ging3	究竟，竟然		1
3766	莖	茎	keŋ33	ging3	根莖，讀同逕		1
3767	脛	胫	keŋ33	ging3			2
3768	逕	迳	keŋ33	ging3	至也，過也；同徑字		3
3769	獍	獍	keŋ33	ging3			3
3770	弳	弪	keŋ33	ging3			4
3771	勁	劲	keŋ22	ging6	強勁，勁敵；〈語〉厲害		1
3772	競	竞	keŋ22	ging6	競爭，競賽		1
3773	痙	痉	keŋ22	ging6			2
3774	倞	倞	keŋ22	ging6	強勁		3
3775	劫	劫	kip3	gip3	打劫，劫匪		1
3776	澀	涩	kip3	gip3	苦澀（形容味道），澀味，澀口，本字砝，硬也	(訓)	1
3777	砝	砝	kip3	gip3	硬也		2
3778	袷	袷	kip3	gip3	相交的衣領		2
3779	蜐	蜐	kip3	gip3			3
3780	潔	洁	kit3	git3	清潔，潔白		1
3781	結	结	kit3	git3			1
3782	拮	拮	kit3	git3	拮据		2
3783	絜	絜	kit3	git3	清也，後作潔		3
3784	鮚	鲒	kit3	git3			3
3785	㛃	㛃	kit3	git3			3
3786	袺	袺	kit3	git3			4
3787	䥛	䥛	kit3	git3	鐮刀		4
3788	洁	洁	kit3	git3			5
3789	傑	杰	kit2	git6	傑出		1
3790	杰	杰	kit2	git6	人名用字；同傑字		1
3791	渴	渴	kit2	git6	（粥）稠，後作竭，俗字傑		1
3792	竭	竭	kit2	git6	（粥）稠，古字渴，俗字傑	(白)	1
3793	桀	桀	kit2	git6			2
3794	偈	偈	kit2	git6	武貌；疾馳		2
3795	榤	榤	kit2	git6			4
3796	嬌	娇	kiu55	giu1			1
3797	澆	浇	kiu55	giu1			1
3798	驕	骄	kiu55	giu1			1
3799	徼	徼	kiu55	giu1	抄襲		2
3800	矯	矫	kiu35	giu2	矯健，矯情，矯詐		1
3801	繳	缴	kiu35	giu2	上繳		1
3802	敫	敫	kiu35	giu2	光閃耀；姓		2
3803	皦	皦	kiu35	giu2			3
3804	璬	璬	kiu35	giu2			3
3805	撟	挢	kiu35	giu2			4
3806	蹻	𫏋	kiu35	giu2	蹻蹻		4
3807	儌	儌	kiu35	giu2	儌行		5
3808	叫	叫	kiu33	giu3			1
3809	徼	徼	kiu33	giu3	邊界；巡察		2
3810	敫	敫	kiu33	giu3	人名用字		2
3811	轎	轿	kiu22	giu6	轎車，花轎		1
3812	嶠	峤	kiu22	giu6	山道		2
3813	哥	哥	kɔ55	go1	阿哥，哥[kɔ21]哥		1
3814	戈	戈	kɔ55	go1			1
3815	歌	歌	kɔ55	go1	唱歌，歌曲		1
3816	渦	涡	kɔ55	go1	渦河		1
3817	過	过	kɔ55	go1	古國名；姓		1
3818	鍋	锅	kɔ55	go1			1
3819	堝	埚	kɔ55	go1			2
3820	菏	菏	kɔ55	go1	古湖名		2
3821	咼	呙	kɔ55	go1	姓		3
3822	鎶	鿔	kɔ55	go1			4
3823	滒	滒	kɔ55	go1			5
3824	果	果	kɔ35	go2	水果，如果		1
3825	裹	裹	kɔ35	go2			1
3826	粿	粿	kɔ35	go2			2
3827	舸	舸	kɔ35	go2			2
3828	錁	锞	kɔ35	go2			2
3829	餜	馃	kɔ35	go2	餅也；油～，油炸過的圓形豆腐，俗字果		2
3830	哿	哿	kɔ35	go2			3
3831	蜾	蜾	kɔ35	go2			3
3832	𠜴	𠜴	kɔ35	go2			4
3833	猓	猓	kɔ35	go2			4
3834	笴	笴	kɔ35	go2		(又)	4
3835	嗰	嗰	kɔ35	go2	粵字，那，本字箇，本地用嚕（遠指），偶爾也用不變調且不分遠近指的箇		4
3836	菓	菓	kɔ35	go2			4
3837	個	个	kɔ33	go3	一個，個人		1
3838	過	过	kɔ33	go3	過逾；過失		1
3839	箇	箇	kɔ33	go3	量詞，枚也；代詞，這、那，～啲、～隻、～便、～幾個、～個月，不分近指遠指，偶爾用		4
3840	㰤	㰤	kɔ21	go4	打鼾聲，睡得～～聲、打鼻鼾響～～	(語)	4
3841	撅	撅	kœ55	goe1	～屎胐，撅屁股，當源自鼓（鼓起）	(訓)	2
3842	鋸	锯	kœ33	goe3	動詞，已罕讀	(白)	1
3843	腳	脚	kœk3	goek3	下肢；牀腳，山腳；量詞，兜一～，踢一腳		1
3844	屩	𪨗	kœk3	goek3	履也；踩高～，踩高蹺，俗字腳		4
3845	蹻	𫏋	kœk3	goek3	通屩字		4
3846	僵	僵	kœŋ55	goeng1		(文)	1
3847	姜	姜	kœŋ55	goeng1	姓		1
3848	薑	姜	kœŋ55	goeng1	生薑		1
3849	疆	疆	kœŋ55	goeng1	邊疆，疆域	(文)	1
3850	繮	缰	kœŋ55	goeng1		(文)	1
3851	礓	礓	kœŋ55	goeng1	礓石		2
3852	韁	缰	kœŋ55	goeng1		(文)	4
3853	殭	僵	kœŋ55	goeng1		(文)	4
3854	彊	彊	kœŋ55	goeng1	同疆字	(文)	5
3855	蔃	蔃	kœŋ35	goeng2	根、莖，一說梗的音變		3
3856	糨	糨	kœŋ22	goeng6			2
3857	犟	犟	kœŋ22	goeng6	固執，執拗		2
3858	勥	勥	kœŋ22	goeng6	固執，執拗		4
3859	該	该	kɔi55	goi1			1
3860	賅	赅	kɔi55	goi1			2
3861	垓	垓	kɔi55	goi1			2
3862	陔	陔	kɔi55	goi1			2
3863	胲	胲	kɔi55	goi1	牲蹄		3
3864	荄	荄	kɔi55	goi1			3
3865	隑	𬮿	kɔi55	goi1	梯子		3
3866	晐	晐	kɔi55	goi1			3
3867	改	改	kɔi35	goi2			1
3868	胲	胲	kɔi35	goi2	臉頰		3
3869	丐	丐	kɔi33	goi3		(文)	1
3870	蓋	盖	kɔi33	goi3	瓶蓋；蓋被		1
3871	各	各	kɔk3	gok3			1
3872	國	国	kɔk3	gok3			1
3873	擱	搁	kɔk3	gok3		(文)	1
3874	覺	觉	kɔk3	gok3	覺悟，覺醒，覺意（留意）	(文)	1
3875	角	角	kɔk3	gok3	牛角，角色		1
3876	閣	阁	kɔk3	gok3	樓閣，閣下		1
3877	咯	咯	kɔk3	gok3	雞叫聲；咯噔，咯咯笑		2
3878	幗	帼	kɔk3	gok3			2
3879	蟈	蝈	kɔk3	gok3	蟈蟈		2
3880	桷	桷	kɔk3	gok3	榱桷，椽桷；～子，椽子		2
3881	硌	硌	kɔk3	gok3	硌腳，硌牙		2
3882	虢	虢	kɔk3	gok3	假途滅虢，虞虢；姓		2
3883	鉻	铬	kɔk3	gok3	金屬元素，符號Gr		2
3884	珏	珏	kɔk3	gok3			2
3885	傕	傕	kɔk3	gok3			3
3886	斠	斠	kɔk3	gok3	平斗斛		3
3887	膕	腘	kɔk3	gok3			3
3888	袼	袼	kɔk3	gok3	袼褙		3
3889	漍	𬇹	kɔk3	gok3			3
3890	嘓	啯	kɔk3	gok3			4
3891	玨	玨	kɔk3	gok3			5
3892	乾	干	kɔn55	gon1	乾燥，乾淨		1
3893	干	干	kɔn55	gon1	天干，干涉，干脆		1
3894	杆	杆	kɔn55	gon1	旗杆，欄杆；量詞，用於高爾夫，一杆進洞		1
3895	竿	竿	kɔn55	gon1	竹竿		1
3896	肝	肝	kɔn55	gon1	肝膽，豬肝（口語稱豬潤）		1
3897	玕	玕	kɔn55	gon1			2
3898	矸	矸	kɔn55	gon1	矸石，丹矸		2
3899	酐	酐	kɔn55	gon1	酸酐		2
3900	虷	虷	kɔn55	gon1	侵犯		3
3901	漧	漧	kɔn55	gon1			5
3902	杆	杆	kɔn35	gon2	筆杆，杆秤；量詞，一杆槍		1
3903	桿	杆	kɔn35	gon2	筆桿，桿秤；量詞，一桿槍		1
3904	稈	秆	kɔn35	gon2	稻稈，禾稈		1
3905	趕	赶	kɔn35	gon2			1
3906	擀	擀	kɔn35	gon2	擀麪		2
3907	扞	扞	kɔn35	gon2	同擀字		3
3908	笴	笴	kɔn35	gon2			4
3909	赶	赶	kɔn35	gon2			5
3910	幹	干	kɔn33	gon3	骨幹，幹勁，幹部		1
3911	旰	旰	kɔn33	gon3	宵衣旰食		2
3912	矸	矸	kɔn33	gon3	山石貌		2
3913	榦	干	kɔn33	gon3	同幹字		5
3914	簳	簳	kɔn33	gon3			5
3915	光	光	kɔŋ55	gong1			1
3916	岡	冈	kɔŋ55	gong1			1
3917	剛	刚	kɔŋ55	gong1			1
3918	崗	岗	kɔŋ55	gong1			1
3919	扛	扛	kɔŋ55	gong1	力能扛鼎		1
3920	江	江	kɔŋ55	gong1			1
3921	綱	纲	kɔŋ55	gong1			1
3922	缸	缸	kɔŋ55	gong1			1
3923	肛	肛	kɔŋ55	gong1			1
3924	鋼	钢	kɔŋ55	gong1	鋼鐵，鋼筆	(又)	1
3925	亢	亢	kɔŋ55	gong1	人頸		1
3926	杠	杠	kɔŋ55	gong1	牀前橫木		1
3927	胱	胱	kɔŋ55	gong1			2
3928	罡	罡	kɔŋ55	gong1			2
3929	豇	豇	kɔŋ55	gong1	豇豆		2
3930	咣	咣	kɔŋ55	gong1			2
3931	棡	㭎	kɔŋ55	gong1			3
3932	垙	垙	kɔŋ55	gong1			3
3933	堽	堽	kɔŋ55	gong1	地名，長堽嶺		3
3934	桄	桄	kɔŋ55	gong1		(文)	3
3935	洸	洸	kɔŋ55	gong1			3
3936	玒	玒	kɔŋ55	gong1		(又)	3
3937	珖	珖	kɔŋ55	gong1			3
3938	矼	矼	kɔŋ55	gong1			3
3939	茳	茳	kɔŋ55	gong1			3
3940	㿠	㿠	kɔŋ55	gong1			3
3941	冮	冮	kɔŋ55	gong1			3
3942	輄	𨐈	kɔŋ55	gong1			3
3943	舡	舡	kɔŋ55	gong1		(又)	4
3944	釭	釭	kɔŋ55	gong1			4
3945	阬	阬	kɔŋ55	gong1	大山坡		4
3946	掆	㧏	kɔŋ55	gong1	擡、扛		4
3947	摃	摃	kɔŋ55	gong1			5
3948	瓨	瓨	kɔŋ55	gong1			5
3949	笐	笐	kɔŋ55	gong1	竹列		5
3950	銧	銧	kɔŋ55	gong1			5
3951	廣	广	kɔŋ35	gong2			1
3952	港	港	kɔŋ35	gong2	港口		1
3953	講	讲	kɔŋ35	gong2			1
3954	獷	犷	kɔŋ35	gong2	粗獷，獷悍		2
3955	耩	耩	kɔŋ35	gong2	耩地		2
3956	桄	桄	kɔŋ35	gong2	桄榔	(白)	3
3957	广	广	kɔŋ35	gong2	同廣字		5
3958	虹	虹	kɔŋ33	gong3	雙～，兩道彩虹	(白)	1
3959	鋼	钢	kɔŋ33	gong3	鋼鐵，鋼筆，不鏽鋼；鋼一鋼		1
3960	降	降	kɔŋ33	gong3	下降		1
3961	杠	杠	kɔŋ33	gong3	同槓字，杠桿，單杠		1
3962	絳	绛	kɔŋ33	gong3			2
3963	桄	桄	kɔŋ33	gong3	桄子；一桄線		3
3964	洚	洚	kɔŋ33	gong3			3
3965	鿍	鿍	kɔŋ33	gong3			3
3966	槓	杠	kɔŋ33	gong3	槓桿，單槓		4
3967	逛	逛	kɔŋ22	gong6		(文)	1
3968	割	割	kɔt3	got3	分割，割禾		1
3969	葛	葛	kɔt3	got3			1
3970	噶	噶	kɔt3	got3	象聲詞		2
3971	轕	𮝺	kɔt3	got3			4
3972	嗗	嗗	kɔt2	got6	～～聲，吞咽聲；～酒，飲酒	(又)	4
3973	估	估	ku55	gu1	估計	(又)	1
3974	古	古	ku55	gu1	朱古力，英語chocolate	(外)	1
3975	咕	咕	ku55	gu1	咕嚕，咕嘟，嘀咕；花～嘟，花蕾、花骨朵		1
3976	姑	姑	ku55	gu1	姑媽（父之姐），姑姑（父之妹，又稱阿姑）		1
3977	孤	孤	ku55	gu1			1
3978	沽	沽	ku55	gu1			1
3979	糕	糕	ku55	gu1			1
3980	羔	羔	ku55	gu1			1
3981	股	股	ku55	gu1	屁股	(又)	1
3982	膏	膏	ku55	gu1	牙膏，膏藥	(名)	1
3983	苦	苦	ku55	gu1	苦力，與英語coolie同源，俗作咕哩/咕喱	(語)	1
3984	辜	辜	ku55	gu1			1
3985	高	高	ku55	gu1	高低，上高（上面）		1
3986	菇	菇	ku55	gu1			1
3987	呱	呱	ku55	gu1	呱呱墜地		2
3988	睪	睾	ku55	gu1	同睾字		2
3989	篙	篙	ku55	gu1	竹篙		2
3990	菰	菰	ku55	gu1			2
3991	鴣	鸪	ku55	gu1	鷓鴣		2
3992	槔	槔	ku55	gu1			2
3993	皋	皋	ku55	gu1			2
3994	睾	睾	ku55	gu1	睾丸，附睾		2
3995	胍	胍	ku55	gu1	胍𦘴		2
3996	蛄	蛄	ku55	gu1			2
3997	觚	觚	ku55	gu1			2
3998	酤	酤	ku55	gu1			2
3999	軲	轱	ku55	gu1	軲轆		2
4000	櫜	櫜	ku55	gu1			4
4001	罛	罛	ku55	gu1			4
4002	軱	𮝴	ku55	gu1			4
4003	苽	苽	ku55	gu1			4
4004	估	估	ku35	gu2	估計，低估；猜；謎語，猜～，猜謎語，字～，字謎，開～，揭謎底		1
4005	古	古	ku35	gu2	古代，考古；故事，講～，講故事，～崽，小故事，鬼～，鬼故事		1
4006	咕	咕	ku35	gu2	雞咕[ku21]～，雞崽，童語		1
4007	果	果	ku35	gu2	如果，語流音變	(又)	1
4008	稿	稿	ku35	gu2			1
4009	股	股	ku35	gu2	股票，入股，屁股		1
4010	賈	贾	ku35	gu2	商賈		1
4011	鼓	鼓	ku35	gu2			1
4012	鎬	镐	ku35	gu2	鎬頭		1
4013	槁	槁	ku35	gu2			2
4014	牯	牯	ku35	gu2			2
4015	瞽	瞽	ku35	gu2			2
4016	罟	罟	ku35	gu2	網		2
4017	蠱	蛊	ku35	gu2			2
4018	詁	诂	ku35	gu2			2
4019	鈷	钴	ku35	gu2			2
4020	杲	杲	ku35	gu2			2
4021	縞	缟	ku35	gu2			2
4022	臌	臌	ku35	gu2			2
4023	藁	藁	ku35	gu2			2
4024	嘏	嘏	ku35	gu2			3
4025	筶	筶	ku35	gu2	義未詳		3
4026	羖	羖	ku35	gu2			3
4027	𦙶	𦙶	ku35	gu2			3
4028	䀇	䀇	ku35	gu2	䀇子（湯皿）		4
4029	盬	盬	ku35	gu2	鹽池		4
4030	蛌	蛌	ku35	gu2			5
4031	估	估	ku33	gu3	估衣		1
4032	告	告	ku33	gu3	告狀，報告，忠告		1
4033	固	固	ku33	gu3			1
4034	故	故	ku33	gu3			1
4035	膏	膏	ku33	gu3	膏車，俗讀牙膏之膏	(動)	1
4036	僱	雇	ku33	gu3	同雇字，僱傭，僱用		1
4037	雇	雇	ku33	gu3	雇主，雇員，解雇		1
4038	顧	顾	ku33	gu3			1
4039	誥	诰	ku33	gu3			2
4040	崮	崮	ku33	gu3			2
4041	痼	痼	ku33	gu3			2
4042	郜	郜	ku33	gu3			2
4043	鋯	锆	ku33	gu3			2
4044	錮	锢	ku33	gu3	禁錮		2
4045	鯝	鲴	ku33	gu3			2
4046	堌	堌	ku33	gu3			3
4047	筶	筶	ku33	gu3	卜具		3
4048	咕	咕	ku21	gu4	雞～咕[ku35]，雞崽，童語	(語)	1
4049	癐	𤶊	kui22	gui6	病也；〈語〉累，本字䠩		4
4050	䠩	䠩	kui22	gui6	累，俗字癐/攰		4
4051	攰	攰	kui22	gui6	累，本字䠩	(訓)	5
4052	菊	菊	kʊk5	guk1			1
4053	穀	谷	kʊk5	guk1	五穀；～線，稻穗，又稱禾線		1
4054	谷	谷	kʊk5	guk1	山谷		1
4055	鞠	鞠	kʊk5	guk1	鞠養，鞠躬		1
4056	掬	掬	kʊk5	guk1	雙手捧物		2
4057	轂	毂	kʊk5	guk1			2
4058	鵠	鹄	kʊk5	guk1	鵠的		2
4059	嚳	喾	kʊk5	guk1			2
4060	梏	梏	kʊk5	guk1			2
4061	榖	榖	kʊk5	guk1			2
4062	鋦	锔	kʊk5	guk1	鋦碗；～氣，憋氣		2
4063	鞫	鞫	kʊk5	guk1			2
4064	瀔	瀔	kʊk5	guk1			3
4065	牿	牿	kʊk5	guk1			3
4066	踘	踘	kʊk5	guk1			4
4067	局	局	kʊk2	guk6	局部，郵電局		1
4068	焗	焗	kʊk2	guk6	俗字，燜、悶，～茶，沏茶、泡茶，～熱，悶熱，當爲局的分化字，19世紀粵文獻中寫作局，可能譯自英語cook		2
4069	鋦	锔	kʊk2	guk6	金屬元素，符號Cm		2
4070	跼	跼	kʊk2	guk6			4
4071	侷	局	kʊk2	guk6	侷促，侷限		4
4072	𥕏	𥕏	kʊk2	guk6	硬～～，硬邦邦	(又)	4
4073	冠	冠	kun55	gun1	衣冠		1
4074	官	官	kun55	gun1			1
4075	棺	棺	kun55	gun1			1
4076	觀	观	kun55	gun1	參觀		1
4077	倌	倌	kun55	gun1			2
4078	莞	莞	kun55	gun1	草名，可爲蓆		2
4079	蒄	蒄	kun55	gun1			3
4080	管	管	kun35	gun2			1
4081	館	馆	kun35	gun2			1
4082	莞	莞	kun35	gun2	東莞		2
4083	琯	琯	kun35	gun2			2
4084	脘	脘	kun35	gun2	胃腔		2
4085	筦	筦	kun35	gun2			3
4086	䲘	鳤	kun35	gun2			3
4087	朊	朊	kun35	gun2	胃		4
4088	冠	冠	kun33	gun3	冠軍		1
4089	灌	灌	kun33	gun3			1
4090	罐	罐	kun33	gun3			1
4091	觀	观	kun33	gun3	寺觀		1
4092	貫	贯	kun33	gun3			1
4093	盥	盥	kun33	gun3			2
4094	涫	涫	kun33	gun3			2
4095	瓘	瓘	kun33	gun3			2
4096	鸛	鹳	kun33	gun3			2
4097	毌	毌	kun33	gun3			3
4098	爟	爟	kun33	gun3			3
4099	祼	祼	kun33	gun3			3
4100	鑵	鑵	kun33	gun3			5
4101	供	供	kʊŋ55	gung1	供應，提供；口供		1
4102	公	公	kʊŋ55	gung1	公文，辦公；公公（外祖父），老公（丈夫）		1
4103	功	功	kʊŋ55	gung1			1
4104	宮	宫	kʊŋ55	gung1			1
4105	工	工	kʊŋ55	gung1			1
4106	弓	弓	kʊŋ55	gung1			1
4107	恭	恭	kʊŋ55	gung1			1
4108	攻	攻	kʊŋ55	gung1	攻擊		1
4109	紅	红	kʊŋ55	gung1	女紅		1
4110	蚣	蚣	kʊŋ55	gung1	蜈蚣		1
4111	躬	躬	kʊŋ55	gung1	鞠躬，曲躬，躬親		1
4112	龔	龚	kʊŋ55	gung1			2
4113	芎	芎	kʊŋ55	gung1			2
4114	玒	玒	kʊŋ55	gung1		(又)	3
4115	篢	𬕂	kʊŋ55	gung1	篢笠		3
4116	䢼	䢼	kʊŋ55	gung1			3
4117	塨	塨	kʊŋ55	gung1			4
4118	釭	釭	kʊŋ55	gung1		(又)	4
4119	魟	𫚉	kʊŋ55	gung1	䱑魟		4
4120	碽	䂵	kʊŋ55	gung1			5
4121	鞏	巩	kʊŋ35	gung2	鞏固		1
4122	拱	拱	kʊŋ35	gung2	拱手；～揭[kɐt2]佬，搬運工		1
4123	珙	珙	kʊŋ35	gung2			2
4124	栱	栱	kʊŋ35	gung2			4
4125	供	供	kʊŋ33	gung3	供奉，供品		1
4126	汞	汞	kʊŋ33	gung3	水銀；紅汞（紅藥水），藍汞（藍藥水）		1
4127	貢	贡	kʊŋ33	gung3			1
4128	嗊	唝	kʊŋ33	gung3	地名，嗊吥；〈語〉鑽，拱出，讀聲符貢，推進義本源自拱		3
4129	跫	跫	kʊŋ21	gung4	～～聲，轟轟響；跌～緪[kɐŋ21]，倒地有聲	(語)	4
4130	共	共	kʊŋ22	gung6	總共		1
4131	嗗	嗗	kut2	gut6	象聲詞，飲聲，～～聲，吞咽聲，引申作喝，～茶，喝茶，～酒，飲酒		4
4132	瓜	瓜	kʷa55	gwaa1			1
4133	呱	呱	kʷa55	gwaa1	頂呱呱，呱呱叫；詞綴，吆～～，叫喳喳		2
4134	胍	胍	kʷa55	gwaa1	有機化合物		2
4135	緺	𮉨	kʷa55	gwaa1			4
4136	歄	歄	kʷa55	gwaa1	弱貌；〈語〉死亡		4
4137	寡	寡	kʷa35	gwaa2			1
4138	剮	剐	kʷa35	gwaa2			2
4139	卦	卦	kʷa33	gwaa3	卦相，打卦		1
4140	掛	挂	kʷa33	gwaa3	倒掛，掛念		1
4141	褂	褂	kʷa33	gwaa3	馬褂，大褂，褂笠（汗背心）		1
4142	詿	诖	kʷa33	gwaa3			2
4143	坬	坬	kʷa33	gwaa3			3
4144	罣	罣	kʷa33	gwaa3			4
4145	啩	啩	kʷa33	gwaa3	粵字，語氣詞，嘅哇的合音，本地單用哇		4
4146	挂	挂	kʷa33	gwaa3			5
4147	呱	呱	kʷa21	gwaa4	吆～～，叫喳喳	(語)	2
4148	乖	乖	kʷai55	gwaai1			1
4149	拐	拐	kʷai35	gwaai2	拐彎；拐棍		1
4150	枴	拐	kʷai35	gwaai2	枴棍		1
4151	蒯	蒯	kʷai35	gwaai2		(又)	2
4152	𧊅	𧊅	kʷai35	gwaai2	俗字，蛙類，擬蛙鳴聲得名		4
4153	柺	拐	kʷai35	gwaai2	同枴字，柺棍		5
4154	怪	怪	kʷai33	gwaai3			1
4155	夬	夬	kʷai33	gwaai3			2
4156	摑	掴	kʷak3	gwaak3			2
4157	關	关	kʷan55	gwaan1	關閉，關心，關於，機關，關節，崑崙關；姓	(文)	1
4158	矜	矜	kʷan55	gwaan1	同鰥/瘝字	(古)	2
4159	綸	纶	kʷan55	gwaan1	羽扇綸巾		2
4160	莞	莞	kʷan55	gwaan1	草名，可爲蓆	(又)	2
4161	鰥	鳏	kʷan55	gwaan1	鰥夫，鰥寡		2
4162	瘝	瘝	kʷan55	gwaan1	病也		4
4163	慣	惯	kʷan33	gwaan3	慣性	(文)	1
4164	摜	掼	kʷan33	gwaan3	扔；摔；跌		2
4165	擐	擐	kʷan33	gwaan3			3
4166	躀	躀	kʷan33	gwaan3	俗字，摔，本字摜		5
4167	梗	梗	kʷaŋ35	gwaang2	又音	(白)	1
4168	逛	逛	kʷaŋ22	gwaang6	逛街，遊逛	(白)	1
4169	俇	俇	kʷaŋ22	gwaang6	俇俇；遠行		4
4170	刮	刮	kʷat3	gwaat3		(文)	1
4171	颳	刮	kʷat3	gwaat3		(文)	1
4172	括	括	kʷat3	gwaat3	包括，括號，蒐括		1
4173	栝	栝	kʷat3	gwaat3	櫽；檜樹		2
4174	聒	聒	kʷat3	gwaat3	聒噪，聒耳		2
4175	鴰	鸹	kʷat3	gwaat3			2
4176	筈	筈	kʷat3	gwaat3			4
4177	䒷	䒷	kʷat3	gwaat3			4
4178	歸	归	kʷɐi55	gwai1			1
4179	瑰	瑰	kʷɐi55	gwai1	瑰寶		1
4180	閨	闺	kʷɐi55	gwai1			1
4181	龜	龟	kʷɐi55	gwai1	烏龜		1
4182	硅	硅	kʷɐi55	gwai1	非金屬元素，符號Si；由日文名珪素（荷蘭語keiaarde）而來，後改王字旁爲石		1
4183	傀	傀	kʷɐi55	gwai1	傀奇		2
4184	圭	圭	kʷɐi55	gwai1			2
4185	皈	皈	kʷɐi55	gwai1			2
4186	鮭	鲑	kʷɐi55	gwai1			2
4187	嬀	妫	kʷɐi55	gwai1			2
4188	潙	沩	kʷɐi55	gwai1			2
4189	廆	廆	kʷɐi55	gwai1	山名		3
4190	珪	珪	kʷɐi55	gwai1			3
4191	邽	邽	kʷɐi55	gwai1			3
4192	銈	𫓯	kʷɐi55	gwai1			3
4193	媯	妫	kʷɐi55	gwai1			5
4194	溈	沩	kʷɐi55	gwai1			5
4195	洼	洼	kʷɐi55	gwai1	姓		5
4196	詭	诡	kʷɐi35	gwai2			1
4197	軌	轨	kʷɐi35	gwai2			1
4198	鬼	鬼	kʷɐi35	gwai2	鬼怪，魔鬼；～崽，小孩，老派稱～兒[ji55]；後綴成分，～魂都失/折[ʃit2]、～魂啊失/折[ʃit2]，極了，也省略作鬼魂、鬼魂失		1
4199	傀	傀	kʷɐi35	gwai2	傀儡，讀同鬼	(又)	2
4200	匭	匦	kʷɐi35	gwai2			2
4201	庋	庋	kʷɐi35	gwai2			2
4202	晷	晷	kʷɐi35	gwai2			2
4203	簋	簋	kʷɐi35	gwai2			2
4204	姽	姽	kʷɐi35	gwai2			3
4205	宄	宄	kʷɐi35	gwai2			3
4206	氿	氿	kʷɐi35	gwai2	氿泉		3
4207	佹	佹	kʷɐi35	gwai2			4
4208	季	季	kʷɐi33	gwai3			1
4209	桂	桂	kʷɐi33	gwai3			1
4210	瑰	瑰	kʷɐi33	gwai3	玫瑰		1
4211	癸	癸	kʷɐi33	gwai3	壬癸，癸水		1
4212	貴	贵	kʷɐi33	gwai3			1
4213	悸	悸	kʷɐi33	gwai3			2
4214	蹶	蹶	kʷɐi33	gwai3	動也		2
4215	鱖	鳜	kʷɐi33	gwai3	鱖魚		2
4216	劌	刿	kʷɐi33	gwai3			2
4217	炅	炅	kʷɐi33	gwai3	姓		2
4218	炔	炔	kʷɐi33	gwai3	姓		2
4219	筀	筀	kʷɐi33	gwai3			3
4220	昋	昋	kʷɐi33	gwai3	姓		5
4221	櫃	柜	kʷɐi22	gwai6	櫃檯，櫃桶		1
4222	跪	跪	kʷɐi22	gwai6			1
4223	饋	馈	kʷɐi22	gwai6	反饋，饋贈，俗讀同潰		1
4224	匱	匮	kʷɐi22	gwai6	匱乏		2
4225	簣	篑	kʷɐi22	gwai6			2
4226	蕢	蒉	kʷɐi22	gwai6			3
4227	餽	餽	kʷɐi22	gwai6	祭祀鬼神；姓；通饋字		4
4228	柜	柜	kʷɐi22	gwai6	同櫃字		4
4229	搉	搉	kʷɐk5	gwak1	又音，敲	(白)	4
4230	𥕏	𥕏	kʷɐk2	gwak6	硬～～，硬邦邦		4
4231	軍	军	kʷɐn55	gwan1			1
4232	君	君	kʷɐn55	gwan1			1
4233	均	均	kʷɐn55	gwan1	新讀	(文)	1
4234	鈞	钧	kʷɐn55	gwan1		(文)	1
4235	龜	龟	kʷɐn55	gwan1	通皸字，龜裂		1
4236	筠	筠	kʷɐn55	gwan1	地名，筠連（在四川）		2
4237	皸	皲	kʷɐn55	gwan1	皸裂		2
4238	鋆	鋆	kʷɐn55	gwan1		(文)	2
4239	麇	麇	kʷɐn55	gwan1	獐子		2
4240	莙	莙	kʷɐn55	gwan1			3
4241	褌	裈	kʷɐn55	gwan1			3
4242	鮶	鲪	kʷɐn55	gwan1			3
4243	頵	𫖳	kʷɐn55	gwan1		(又)	3
4244	鵾	鹍	kʷɐn55	gwan1		(文)	3
4245	滾	滚	kʷɐn35	gwan2			1
4246	袞	衮	kʷɐn35	gwan2			2
4247	緄	绲	kʷɐn35	gwan2		(文)	2
4248	輥	辊	kʷɐn35	gwan2	輥軸		2
4249	鯀	鲧	kʷɐn35	gwan2			2
4250	𥕦	磙	kʷɐn35	gwan2			2
4251	棍	棍	kʷɐn33	gwan3			1
4252	捃	捃	kʷɐn33	gwan3		(又)	2
4253	𧥺	𧥺	kʷɐn33	gwan3	欺騙，俗字謴/棍		4
4254	呁	呁	kʷɐn33	gwan3			5
4255	郡	郡	kʷɐn22	gwan6			2
4256	珺	珺	kʷɐn22	gwan6			3
4257	轟	轰	kʷɐŋ55	gwang1		(文)	1
4258	肱	肱	kʷɐŋ55	gwang1			2
4259	薨	薨	kʷɐŋ55	gwang1	公侯之死		2
4260	觥	觥	kʷɐŋ55	gwang1			2
4261	訇	訇	kʷɐŋ55	gwang1	象聲詞；阿訇		2
4262	揈	揈	kʷɐŋ55	gwang1	擊聲；揮也		4
4263	硡	硡	kʷɐŋ55	gwang1	石落聲		4
4264	輷	𫐒	kʷɐŋ55	gwang1			5
4265	訇	訇	kʷɐŋ21	gwang4	詞綴，紅～～，深紅色	(語)	2
4266	旺	旺	kʷɐŋ22	gwang6	月～，月暈，日～，日暈，云母讀如群母，又作暀字	(白)	1
4267	暀	暀	kʷɐŋ22	gwang6	量詞，圈、繞；名詞，月～，月暈，日～，日暈，云母讀如群母，即旺字，日暈	(白)	4
4268	橘	橘	kʷɐt5	gwat1		(書)	1
4269	滑	滑	kʷɐt5	gwat1	滑稽		1
4270	骨	骨	kʷɐt5	gwat1	筋骨，骨頭		1
4271	汩	汩	kʷɐt5	gwat1			2
4272	鶻	鹘	kʷɐt5	gwat1	鶻鵃		2
4273	蓇	蓇	kʷɐt5	gwat1			3
4274	䓛	䓛	kʷɐt5	gwat1		(又)	3
4275	餶	馉	kʷɐt5	gwat1	餶飿		3
4276	榾	榾	kʷɐt5	gwat1			4
4277	倔	倔	kʷɐt2	gwat6	倔強；〈語〉禿、不尖，本字屈		1
4278	屈	屈	kʷɐt2	gwat6	禿、不尖，～袖，短袖，～頭巷，死衚衕，俗字倔/掘/橛	(白)	1
4279	崛	崛	kʷɐt2	gwat6	崛起		1
4280	掘	掘	kʷɐt2	gwat6	挖掘，掘地		1
4281	𡲬	𡲬	kʷɐt2	gwat6	同屈字，短尾也		5
4282	呱	呱	kʷɛ55	gwe1	吆～～，叫喳喳	(白)	2
4283	呱	呱	kʷɛ21	gwe4	吆～～，叫喳喳	(語)	2
4284	關	关	kʷɛn55	gwen1	關門，關燈	(白)	1
4285	慣	惯	kʷɛn33	gwen3	習慣	(白)	1
4286	刮	刮	kʷɛt5	gwet1	擬刮聲，（聲音）尖細、尖亮，聲好～，聲音尖細，吆～～，尖叫	(語)	1
4287	刮	刮	kʷɛt3	gwet3	刮傷，搜刮	(白)	1
4288	颳	刮	kʷɛt3	gwet3	颳風	(白)	1
4289	括	括	kʷɛt3	gwet3	罕讀	(白)	1
4290	擖	擖	kʷɛt3	gwet3	用刀刮，訓讀刮	(訓)	4
4291	洫	洫	kʷek5	gwik1			2
4292	闃	阒	kʷek5	gwik1			2
4293	鶪	䴗	kʷek5	gwik1			3
4294	綌	绤	kʷek5	gwik1			3
4295	馘	馘	kʷek5	gwik1			3
4296	湨	湨	kʷek5	gwik1			4
4297	虩	虩	kʷek5	gwik1			4
4298	扃	扃	kʷeŋ55	gwing1			2
4299	坰	坰	kʷeŋ55	gwing1			3
4300	駉	𬳶	kʷeŋ55	gwing1			3
4301	炯	炯	kʷeŋ35	gwing2			2
4302	迥	迥	kʷeŋ35	gwing2	迥然不同		2
4303	炅	炅	kʷeŋ35	gwing2	火光；明亮		2
4304	熲	颎	kʷeŋ35	gwing2			2
4305	絅	䌹	kʷeŋ35	gwing2			3
4306	冏	冏	kʷeŋ35	gwing2			3
4307	泂	泂	kʷeŋ35	gwing2			3
4308	詗	诇	kʷeŋ35	gwing2			3
4309	囧	囧	kʷeŋ35	gwing2			4
4310	居	居	ky55	gyu1			1
4311	車	车	ky55	gyu1	車馬炮		1
4312	駒	驹	ky55	gyu1		(文)	1
4313	据	据	ky55	gyu1	拮据		1
4314	椐	椐	ky55	gyu1			2
4315	琚	琚	ky55	gyu1			2
4316	裾	裾	ky55	gyu1			2
4317	崌	崌	ky55	gyu1			3
4318	腒	腒	ky55	gyu1			3
4319	俥	伡	ky55	gyu1	象棋紅方棋子名		4
4320	舉	举	ky35	gyu2			1
4321	妓	妓	ky35	gyu2	妓女的合音，老～，妓女，俗作老舉	(語)	1
4322	矩	矩	ky35	gyu2	規矩		1
4323	莒	莒	ky35	gyu2			2
4324	齲	龋	ky35	gyu2			2
4325	櫸	榉	ky35	gyu2			2
4326	蒟	蒟	ky35	gyu2	蒟蒻（即魔芋），蒟醬（即蔞葉），假蒟（即假蔞葉）		2
4327	踽	踽	ky35	gyu2			2
4328	筥	筥	ky35	gyu2			3
4329	弆	弆	ky35	gyu2			3
4330	柜	柜	ky35	gyu2	柜柳		4
4331	椇	椇	ky35	gyu2			4
4332	榘	矩	ky35	gyu2			5
4333	句	句	ky33	gyu3	句子，語句		1
4334	據	据	ky33	gyu3	根據，單據		1
4335	鋸	锯	ky33	gyu3	〈名〉鋸子；〈動〉鋸開		1
4336	据	据	ky33	gyu3	同據字		1
4337	倨	倨	ky33	gyu3			2
4338	瞿	瞿	ky33	gyu3	驚視		2
4339	屨	屦	ky33	gyu3			2
4340	踞	踞	ky33	gyu3			2
4341	俱	俱	ky22	gyu6	俱全，俱樂部，傢俱，讀同具		1
4342	具	具	ky22	gyu6	具體，工具		1
4343	巨	巨	ky22	gyu6	巨大，巨人		1
4344	懼	惧	ky22	gyu6			1
4345	拒	拒	ky22	gyu6		(又)	1
4346	據	据	ky22	gyu6	據說，據點	(又)	1
4347	炬	炬	ky22	gyu6			1
4348	距	距	ky22	gyu6		(又)	1
4349	苣	苣	ky22	gyu6			2
4350	遽	遽	ky22	gyu6			2
4351	颶	飓	ky22	gyu6			2
4352	犋	犋	ky22	gyu6			2
4353	詎	讵	ky22	gyu6			2
4354	岠	岠	ky22	gyu6			3
4355	澽	澽	ky22	gyu6			3
4356	秬	秬	ky22	gyu6			3
4357	窶	窭	ky22	gyu6	貧窮		3
4358	醵	醵	ky22	gyu6			3
4359	鉅	钜	ky22	gyu6	艱鉅，鉅額；姓		3
4360	粔	粔	ky22	gyu6			4
4361	娟	娟	kyn55	gyun1			1
4362	捐	捐	kyn55	gyun1			1
4363	絹	绢	kyn55	gyun1	手絹，絹絲		1
4364	鵑	鹃	kyn55	gyun1			1
4365	涓	涓	kyn55	gyun1			2
4366	蠲	蠲	kyn55	gyun1			2
4367	焆	焆	kyn55	gyun1			3
4368	蜎	蜎	kyn55	gyun1	爬着鑽，讀同捐	(語)	3
4369	卷	卷	kyn35	gyun2	試卷，卷軸，腰卷（春卷兒）		1
4370	捲	卷	kyn35	gyun2	捲起，捲曲，捲筒粉		1
4371	錈	锩	kyn35	gyun2			2
4372	券	券	kyn33	gyun3	票券，證券，因形近字卷轉讀見母	(習)	1
4373	圈	圈	kyn33	gyun3	豬圈		1
4374	眷	眷	kyn33	gyun3	家眷；眷顧		1
4375	絹	绢	kyn33	gyun3		(又)	1
4376	狷	狷	kyn33	gyun3			2
4377	鄄	鄄	kyn33	gyun3			2
4378	桊	桊	kyn33	gyun3			3
4379	睊	睊	kyn33	gyun3			4
4380	睠	睠	kyn33	gyun3	同眷字		5
4381	倦	倦	kyn22	gyun6			1
4382	橛	橛	kyt2	gyut6	木段，本字橜		2
4383	哈	哈	ha55	haa1	哈哈笑；哈巴狗；哈腰，同𨉣腰；姓		1
4384	蝦	虾	ha55	haa1	魚蝦		1
4385	岈	岈	ha55	haa1	㟏岈		2
4386	鉿	铪	ha55	haa1	金屬元素，符號Hf		2
4387	瘕	瘕	ha55	haa1	絣[mɐŋ55]～，哮喘；喉～，嗓子沙啞		3
4388	閜	閜	ha55	haa1	大開		4
4389	㗇	㗇	ha55	haa1	俗字，欺負，～人，欺負人，本字揢，㧖也，引申爲卡、刁難、爲難，進而指欺負	(語)	4
4390	吓	吓	ha55	haa1	嘆詞		4
4391	揢	揢	ha55	haa1	欺負，～人，欺負人，俗字㗇	(白)	4
4392	𨉣	𨉣	ha55	haa1	𨉣腰		4
4393	下	下	ha35	haa2	鄉下，村下，地下（地上；樓下），上下（大約，～十個，十來個）	(白)	1
4394	哈	哈	ha21	haa4	笑～～，笑哈哈；～一口氣	(又)	1
4395	蝦	虾	ha21	haa4	蝦蟆，又作蛤蟆		1
4396	蛤	蛤	ha21	haa4	蛤蟆，同蝦蟆		1
4397	霞	霞	ha21	haa4			1
4398	瑕	瑕	ha21	haa4			2
4399	遐	遐	ha21	haa4			2
4400	叚	叚	ha21	haa4	通瑕/遐字；姓		3
4401	㗇	㗇	ha21	haa4	咽也		4
4402	下	下	ha24	haa5	一下，等下，語流中易變陰去		1
4403	吓	吓	ha24	haa5	同下字		4
4404	奤	奤	ha24	haa5	奤夿屯		4
4405	下	下	ha22	haa6	底下，下山		1
4406	廈	厦	ha22	haa6	大廈；廈門		1
4407	夏	夏	ha22	haa6	春夏；姓		1
4408	暇	暇	ha22	haa6			1
4409	咳	咳	hai55	haai1	嘆詞		1
4410	揩	揩	hai55	haai1	揩油		1
4411	嗨	嗨	hai55	haai1	嘆詞		2
4412	孩	孩	hai21	haai4			1
4413	諧	谐	hai21	haai4	和諧，諧音，詼諧；粗糙，～霫[ɬɐp2/ɬɛp2]霫[ɬɐp2/ɬɛp2]，很粗糙，避諱糙/躁（暴躁），俗字嚡		1
4414	鞋	鞋	hai21	haai4			1
4415	偕	偕	hai21	haai4	讀同諧	(又)	2
4416	骸	骸	hai21	haai4	骸骨，屍骸		2
4417	嚡	嚡	hai21	haai4	俗字，粗糙，本字諧，避諱糙/躁（暴躁）		5
4418	懈	懈	hai24	haai5	鬆懈，懈氣		1
4419	蟹	蟹	hai24	haai5	螃蟹，青蟹，花蟹		1
4420	駭	骇	hai24	haai5	驚駭		1
4421	邂	邂	hai24	haai5			2
4422	澥	澥	hai24	haai5			2
4423	獬	獬	hai24	haai5			2
4424	檞	檞	hai24	haai5		(又)	3
4425	薢	薢	hai24	haai5		(又)	3
4426	觟	觟	hai24	haai5	觟䚦		3
4427	械	械	hai22	haai6	機械		1
4428	解	解	hai22	haai6	曉也、姓，俗讀解開之解		1
4429	嗐	嗐	hai22	haai6	嘆詞	(又)	2
4430	廨	廨	hai22	haai6			2
4431	瀣	瀣	hai22	haai6			2
4432	薤	薤	hai22	haai6			2
4433	齘	𬹼	hai22	haai6			3
4434	嚇	吓	hak3	haak3	嚇一跳；恐嚇		1
4435	客	客	hak3	haak3			1
4436	赫	赫	hak3	haak3	赫赫有名，顯赫		1
4437	喀	喀	hak3	haak3	喀斯特，喀秋莎		2
4438	吓	吓	hak3	haak3	同嚇字		4
4439	揢	揢	hak3	haak3	以手把着		4
4440	諕	諕	hak3	haak3			5
4441	垎	垎	hak2	haak6			3
4442	憨	憨	ham55	haam1	憨厚		1
4443	餡	馅	ham35	haam2	餡料，肉餡，餡餅	(白)	1
4444	闞	阚	ham35	haam2	虎聲		2
4445	喊	喊	ham33	haam3		(文)	1
4446	闞	阚	ham33	haam3	犬聲		2
4447	㘚	㘎	ham33	haam3		(文)	3
4448	函	函	ham21	haam4			1
4449	咸	咸	ham21	haam4	咸豐，咸陽，老少咸宜		1
4450	鹹	咸	ham21	haam4		(文)	1
4451	涵	涵	ham21	haam4			1
4452	銜	衔	ham21	haam4			1
4453	諴	𫍯	ham21	haam4			3
4454	崡	崡	ham21	haam4			3
4455	啣	啣	ham21	haam4			4
4456	咁	咁	ham21	haam4	同銜字		4
4457	菡	菡	ham24	haam5			2
4458	憾	憾	ham22	haam6	遺憾		1
4459	撼	撼	ham22	haam6	震撼，撼動		1
4460	陷	陷	ham22	haam6			1
4461	餡	馅	ham22	haam6		(文)	1
4462	㽉	㽉	ham22	haam6	大瓮		4
4463	慳	悭	han55	haan1	節省，～食～使，省吃儉用		2
4464	羥	羟	han55	haan1	羊名		2
4465	掔	掔	han55	haan1			5
4466	閑	闲	han21	haan4	防閑；通閒字，清閑，閑置	(文)	1
4467	閒	闲	han21	haan4	清閒，閒置	(文)	1
4468	嫺	娴	han21	haan4	嫺熟，嫺靜		2
4469	癇	痫	han21	haan4			2
4470	鷳	鹇	han21	haan4	白鷳		2
4471	嫻	娴	han21	haan4	同嫺字		4
4472	鷴	鹇	han21	haan4	同鷳字		5
4473	限	限	han22	haan6			1
4474	硍	硍	han22	haan6			3
4475	坑	坑	haŋ55	haang1			1
4476	夯	夯	haŋ55	haang1	石夯，夯實		1
4477	阬	阬	haŋ55	haang1	同坑字		4
4478	行	行	haŋ21	haang4	行路，行街		1
4479	恰	恰	hap3	haap3	恰當，恰似		1
4480	挾	挟	hap3	haap3	讀同狹	(又)	1
4481	狹	狭	hap3	haap3	狹窄，後字調類化	(常)	1
4482	掐	掐	hap3	haap3	掐住，掐指；菜～，老菜葉、菜幫子；量詞，一～青菜，一葉青菜		1
4483	呷	呷	hap3	haap3	吸飲		2
4484	嗑	嗑	hap3	haap3	嗑然而笑		2
4485	莢	荚	hap3	haap3	菜～，老菜葉、菜幫子，訓讀掐	(訓)	2
4486	袷	袷	hap3	haap3	袷袢		2
4487	欱	欱	hap3	haap3	大口喝；打～浪，打哈欠		4
4488	俠	侠	hap2	haap6			1
4489	匣	匣	hap2	haap6	匣子，木匣		1
4490	峽	峡	hap2	haap6	峽谷，海峽		1
4491	洽	洽	hap2	haap6	洽談，融洽		1
4492	狹	狭	hap2	haap6	狹窄，狹義		1
4493	狎	狎	hap2	haap6			2
4494	柙	柙	hap2	haap6	藏獸檻		2
4495	硤	硖	hap2	haap6			2
4496	篋	箧	hap2	haap6	書篋，籐篋		2
4497	翈	翈	hap2	haap6			3
4498	烚	烚	hap2	haap6	火貌		4
4499	𫈰	𫈰	hap2	haap6			4
4500	陜	陜	hap2	haap6			5
4501	炠	炠	hap2	haap6			5
4502	瞎	瞎	hat3	haat3			1
4503	哮	哮	hau55	haau1	咆哮，哮喘		1
4504	敲	敲	hau55	haau1	敲門，推敲	(文)	1
4505	烤	烤	hau55	haau1	燒烤，烤火，讀同哮，本字燺		1
4506	酵	酵	hau55	haau1	發酵，酵母，讀同哮		1
4507	嚆	嚆	hau55	haau1			2
4508	尻	尻	hau55	haau1			2
4509	磽	硗	hau55	haau1			2
4510	薅	薅	hau55	haau1	薅草，薅鋤	(白)	2
4511	猇	猇	hau55	haau1			3
4512	虓	虓	hau55	haau1			3
4513	鄗	鄗	hau55	haau1	古山名		3
4514	嘐	嘐	hau55	haau1	誇語；啁嘐		4
4515	毃	毃	hau55	haau1		(文)	5
4516	礉	礉	hau55	haau1	同䂭/磽字		5
4517	茠	茠	hau55	haau1	同薅字	(白)	5
4518	骹	骹	hau55	haau1	小腿		5
4519	巧	巧	hau35	haau2		(文)	1
4520	拷	拷	hau35	haau2	拷打，拷問		1
4521	考	考	hau35	haau2	考試，參考，壽考		1
4522	栲	栲	hau35	haau2			2
4523	洘	洘	hau35	haau2			3
4524	𥬯	𥬯	hau35	haau2			4
4525	攷	考	hau35	haau2	敲擊；同考字，考核		5
4526	孝	孝	hau33	haau3	孝順，戴孝		1
4527	校	校	hau33	haau3	學校	(又)	1
4528	涍	涍	hau33	haau3			3
4529	礉	礉	hau33	haau3	石不平貌		5
4530	姣	姣	hau21	haau4		(文)	2
4531	效	效	hau22	haau6	成效，效果		1
4532	校	校	hau22	haau6	學校		1
4533	恔	恔	hau22	haau6	暢快		3
4534	斆	敩	hau22	haau6	教導		3
4535	滧	滧	hau22	haau6			3
4536	斅	斅	hau22	haau6	教導		4
4537	傚	傚	hau22	haau6	倣傚		5
4538	谿	谿	hɐi55	hai1	女陰，今作㞓		3
4539	㞓	㞓	hɐi55	hai1	假借字，女陰，也作程度副詞，本字谿；詈語，癡～，神經病，黮[nɐm55]～，土包子，老[lau55]～，同老[lau55]佬，老～殼，老傢伙，屌你媽～，肏你媽屄；後綴成分，～魂，極了，嘈得～魂，吵得要死，用法等同鬼魂（都/啊失）		4
4540	喺	喺	hɐi35	hai2	俗字，在，～個，老派也用打、打個，一說本字在，另一說由系詞係變調而來；案，假設本字爲在的演變構擬[*tʃʰɔi24]➔[*hɔi24]➔[hɐi35]		4
4541	兮	兮	hɐi21	hai4	語氣詞		2
4542	奚	奚	hɐi21	hai4		(文)	2
4543	蹊	蹊	hɐi21	hai4	蹊徑	(文)	2
4544	嵇	嵇	hɐi21	hai4		(文)	2
4545	傒	傒	hɐi21	hai4		(文)	3
4546	鼷	鼷	hɐi21	hai4		(文)	3
4547	騱	𫘬	hɐi21	hai4		(文)	3
4548	徯	徯	hɐi21	hai4		(文)	4
4549	郋	郋	hɐi21	hai4			4
4550	豀	豀	hɐi21	hai4		(文)	4
4551	係	系	hɐi22	hai6	關係；是		1
4552	系	系	hɐi22	hai6	系統		1
4553	繫	系	hɐi22	hai6	聯繫，維繫；繫鞋帶，古讀同計		1
4554	禊	禊	hɐi22	hai6			2
4555	克	克	hɐk5	hak1	西哈努克，克林頓，坦克，克隆，多用於翻譯的名詞或動詞	(文)	1
4556	剋	克	hɐk5	hak1		(文)	1
4557	刻	刻	hɐk5	hak1		(文)	1
4558	可	可	hɐk5	hak1	可汗	(古)	1
4559	赫	赫	hɐk5	hak1		(又)	1
4560	黑	黑	hɐk5	hak1			1
4561	氪	氪	hɐk5	hak1		(文)	2
4562	𨭆	𬭶	hɐk5	hak1			3
4563	閡	阂	hɐk2	hak6	打～呃，打嗝，又略作打呃	(語)	2
4564	堪	堪	hɐm55	ham1			1
4565	欣	欣	hɐm55	ham1	俗讀，讀同欽	(常)	1
4566	酣	酣	hɐm55	ham1	酣睡		1
4567	欽	钦	hɐm55	ham1			1
4568	坩	坩	hɐm55	ham1			2
4569	戡	戡	hɐm55	ham1			2
4570	蚶	蚶	hɐm55	ham1	蚶子，毛蚶		2
4571	歆	歆	hɐm55	ham1			2
4572	鑫	鑫	hɐm55	ham1			2
4573	龕	龛	hɐm55	ham1	神龕，佛龕		2
4574	嵁	嵁	hɐm55	ham1			3
4575	嶔	嵚	hɐm55	ham1			3
4576	廞	𫷷	hɐm55	ham1			3
4577	顉	顉	hɐm55	ham1	曲頤；低頭也		4
4578	魽	𫠐	hɐm55	ham1	同蚶字		4
4579	坎	坎	hɐm35	ham2	坎坷，心坎；舂～，石臼，一說本字臽		1
4580	砍	砍	hɐm35	ham2	刀砍，砍伐		1
4581	莰	莰	hɐm35	ham2			3
4582	坅	坅	hɐm35	ham2	坑		4
4583	扻	扻	hɐm35	ham2	磕、碰，～着頭，與磕對轉		4
4584	欿	欿	hɐm35	ham2	貪		4
4585	轗	𫐘	hɐm35	ham2			4
4586	顑	𱂱	hɐm35	ham2			4
4587	𧾏	𧾏	hɐm35	ham2			4
4588	埳	埳	hɐm35	ham2			5
4589	勘	勘	hɐm33	ham3	勘探，勘誤		1
4590	嵌	嵌	hɐm33	ham3			1
4591	瞰	瞰	hɐm33	ham3			2
4592	闞	阚	hɐm33	ham3	姓		2
4593	墈	墈	hɐm33	ham3	險岸		3
4594	崁	崁	hɐm33	ham3			3
4595	磡	磡	hɐm33	ham3	巖崖之下		3
4596	含	含	hɐm21	ham4			1
4597	酣	酣	hɐm21	ham4	本讀	(又)	1
4598	焓	焓	hɐm21	ham4			2
4599	晗	晗	hɐm21	ham4			2
4600	嵅	嵅	hɐm21	ham4			3
4601	琀	琀	hɐm21	ham4			3
4602	浛	浛	hɐm21	ham4			3
4603	唅	唅	hɐm21	ham4	通含/琀字；象聲詞，～唅[hɐm21/35]聲，形容氣勢大；〈語〉詞綴，衝/追/趯[tɛk3]～～，紛紛衝/追/跑貌；撚[nɐn35]～～，做作；嘈～～，嘈雜貌；逳[jʊk5]～～，動得厲害		4
4604	魽	𫠐	hɐm21	ham4	蛤		4
4605	頷	颔	hɐm24	ham5			2
4606	撖	撖	hɐm24	ham5	姓		3
4607	冚	冚	hɐm22	ham6	俗字，～唪唥，全部，一說源自合不剌/咸朋唥/咸不論；冚唪唥也是猜碼口令，數字十，也說開齊手		4
4608	墾	垦	hɐn35	han2			1
4609	很	很	hɐn35	han2			1
4610	懇	恳	hɐn35	han2			1
4611	狠	狠	hɐn35	han2			1
4612	齦	龈	hɐn35	han2	啃		2
4613	哏	哏	hɐn35	han2	俗同很/狠字		2
4614	詪	𬣳	hɐn35	han2			3
4615	豤	豤	hɐn35	han2			5
4616	睏	困	hɐn33	han3	困的分化字，拜/瞌眼～，打瞌睡	(白)	1
4617	痕	痕	hɐn21	han4	傷痕，痕跡；〈語〉癢		1
4618	拫	拫	hɐn21	han4			5
4619	恨	恨	hɐn22	han6	仇恨，怨恨，恨事；〈語〉羨慕		1
4620	吭	吭	hɐŋ55	hang1	不吭聲		1
4621	哼	哼	hɐŋ55	hang1	哼唱		1
4622	亨	亨	hɐŋ55	hang1	亨通，大亨；姓		2
4623	鏗	铿	hɐŋ55	hang1		(文)	2
4624	硜	硁	hɐŋ55	hang1			3
4625	啈	啈	hɐŋ55	hang1	嘆詞		4
4626	脝	脝	hɐŋ55	hang1			4
4627	摼	摼	hɐŋ55	hang1	敲打		4
4628	鳽	𫛚	hɐŋ55	hang1	鵁鶄		5
4629	啃	啃	hɐŋ35	hang2		(文)	1
4630	肯	肯	hɐŋ35	hang2	肯定，中肯		1
4631	恆	恒	hɐŋ21	hang4	永恆，恆心；〈語〉繃緊，本字緪，讀聲符恆		1
4632	行	行	hɐŋ21	hang4	行爲，步行；品行，古讀去聲		1
4633	衡	衡	hɐŋ21	hang4	平衡，衡量		1
4634	姮	姮	hɐŋ21	hang4			2
4635	桁	桁	hɐŋ21	hang4	桁條，瓦桁		2
4636	珩	珩	hɐŋ21	hang4			2
4637	蘅	蘅	hɐŋ21	hang4			2
4638	鴴	鸻	hɐŋ21	hang4			2
4639	緪	𬘵	hɐŋ21	hang4	繃緊，讀聲符恆，俗字衡/拫/恆	(語)	4
4640	恒	恒	hɐŋ21	hang4			5
4641	倖	倖	hɐŋ22	hang6	倖免，倖存		1
4642	幸	幸	hɐŋ22	hang6	幸福，榮幸		1
4643	杏	杏	hɐŋ22	hang6			1
4644	悻	悻	hɐŋ22	hang6			2
4645	荇	荇	hɐŋ22	hang6			2
4646	婞	婞	hɐŋ22	hang6			3
4647	堼	堼	hɐŋ22	hang6			3
4648	莕	莕	hɐŋ22	hang6			4
4649	磕	磕	hɐp5	hap1	磕碰，磕頭（口語稱叩頭、硞[kʰɔk3]頭），與扻對轉	(白)	1
4650	瞌	瞌	hɐp5	hap1	～眼睏[hɐn33]、～一覺、～一～，打瞌睡	(白)	2
4651	匼	匼	hɐp5	hap1	匼匝；匼河（在山西）		3
4652	搕	搕	hɐp5	hap1	敲擊；取		4
4653	䆟	䆟	hɐp5	hap1	合也		4
4654	𧬈	𧬈	hɐp5	hap1	欺負		4
4655	合	合	hɐp2	hap6	合作		1
4656	洽	洽	hɐp2	hap6		(又)	1
4657	盒	盒	hɐp2	hap6	禮盒，菸盒		1
4658	磕	磕	hɐp2	hap6		(文)	1
4659	嗑	嗑	hɐp2	hap6	噬嗑；閒嗑；嗑瓜子		2
4660	溘	溘	hɐp2	hap6			2
4661	盍	盍	hɐp2	hap6			2
4662	瞌	瞌	hɐp2	hap6		(文)	2
4663	闔	阖	hɐp2	hap6			2
4664	鉿	铪	hɐp2	hap6	鉿匝，同匼匝		2
4665	頜	颌	hɐp2	hap6	上下頜		2
4666	耠	耠	hɐp2	hap6			2
4667	餄	饸	hɐp2	hap6	餄餎		2
4668	郃	郃	hɐp2	hap6			3
4669	𬌗	𬌗	hɐp2	hap6			3
4670	峇	峇	hɐp2	hap6	岌峇		4
4671	烚	烚	hɐp2	hap6	㷫～～，熱烘烘，暖～～，暖烘烘	(白)	4
4672	乞	乞	hɐt5	hat1	乞討，乞兒，乞求		1
4673	吃	吃	hɐt5	hat1		(又)	1
4674	屹	屹	hɐt5	hat1	屹立，讀同乞	(又)	1
4675	迄	迄	hɐt5	hat1	迄今		1
4676	喫	吃	hɐt5	hat1		(又)	1
4677	訖	讫	hɐt5	hat1	通迄字；〈又〉收訖，讀同乞		2
4678	仡	仡	hɐt5	hat1	仡佬族，讀同乞		2
4679	嗐	嗐	hɐt5	hat1	打～鍬，打噴嚏，俗字乞	(白)	2
4680	汔	汔	hɐt5	hat1	庶幾		2
4681	忔	忔	hɐt5	hat1	喜也		4
4682	核	核	hɐt2	hat6	核桃，核心，核武器；同覈字		1
4683	轄	辖	hɐt2	hat6	管轄		1
4684	覈	核	hɐt2	hat6	覈對，審覈		1
4685	劾	劾	hɐt2	hat6			2
4686	檄	檄	hɐt2	hat6			2
4687	紇	纥	hɐt2	hat6	回紇		2
4688	閡	阂	hɐt2	hat6	隔閡		2
4689	黠	黠	hɐt2	hat6	狡黠，黠慧		2
4690	嗐	嗐	hɐt2	hat6	大開口		2
4691	翮	翮	hɐt2	hat6			2
4692	覡	觋	hɐt2	hat6			2
4693	齕	龁	hɐt2	hat6	齧也		3
4694	葜	葜	hɐt2	hat6			3
4695	搳	搳	hɐt2	hat6	擖也		4
4696	礉	礉	hɐt2	hat6	苛刻、嚴峻；同覈字		5
4697	候	候	hɐu55	hau1	盯着、俟機，俗字睺	(白)	1
4698	齁	齁	hɐu55	hau1	鼻息也		2
4699	口	口	hɐu35	hau2			1
4700	吼	吼	hɐu35	hau2	吼叫，怒吼		1
4701	吽	吽	hɐu35	hau2	同吼字		2
4702	侯	侯	hɐu21	hau4	諸侯；姓		1
4703	喉	喉	hɐu21	hau4	喉嚨，咽喉；～急，心急、着急；～瘕，嗓子沙啞		1
4704	猴	猴	hɐu21	hau4			1
4705	瘊	瘊	hɐu21	hau4	瘊子		2
4706	篌	篌	hɐu21	hau4			2
4707	骺	骺	hɐu21	hau4			2
4708	餱	糇	hɐu21	hau4			3
4709	鍭	𬭤	hɐu21	hau4			3
4710	睺	睺	hɐu21	hau4	半盲；羅睺		4
4711	厚	厚	hɐu24	hau5			1
4712	垕	垕	hɐu24	hau5	同厚字；姓		3
4713	候	候	hɐu22	hau6	守候，等候		1
4714	后	后	hɐu22	hau6	皇后		1
4715	後	后	hɐu22	hau6	先後，後來		1
4716	逅	逅	hɐu22	hau6			2
4717	鱟	鲎	hɐu22	hau6			2
4718	堠	堠	hɐu22	hau6			3
4719	郈	郈	hɐu22	hau6			3
4720	鮜	鲘	hɐu22	hau6			3
4721	茩	茩	hɐu22	hau6			4
4722	哈	哈	hɛ55	he1	笑～～，嘿嘿笑	(又)	1
4723	憩	憩	hɛ33	he3	離[lɛ21]～，不修邊幅	(白)	2
4724	㹃	㹃	hɛ33	he3	撬，～開隻櫃，或源自撬/擓	(訓)	4
4725	嘻	嘻	hɛ21	he4	笑～～，笑嘻嘻	(又)	1
4726	吃	吃	hɛk3	hek3	吃飯，小吃，本字喫		1
4727	喫	吃	hɛk3	hek3	喫飯，俗字吃		1
4728	餡	馅	hɛm35	hem2	餡料	(罕)	1
4729	喊	喊	hɛm33	hem3	喊人，大喊，東喊西喊	(白)	1
4730	㘚	㘎	hɛm33	hem3		(白)	3
4731	鹹	咸	hɛm21	hem4	鹹淡，鹹魚，鹹菜	(白)	1
4732	慳	悭	hɛn55	hen1	節省；歇息，～一下	(白)	2
4733	齦	龈	hɛn35	hen2	啃，老鼠～	(白)	2
4734	蜆	蚬	hɛn35	hen2	蜆子，蜆肉；～殼，小蛤蜊	(白)	2
4735	閑	闲	hɛn21	hen4	通閒字，得閑	(白)	1
4736	閒	闲	hɛn21	hen4	得閒，閒時	(白)	1
4737	莧	苋	hɛn22	hen6	莧菜	(白)	2
4738	輕	轻	hɛŋ55	heng1	輕鬆，輕重，輕敵，輕[hɛŋ21]輕		1
4739	贏	赢	hɛŋ21	heng4		(罕)	1
4740	勩	勚	hɛt2	het6	器物磨損，疑本字䃒，石地惡也	(訓)	3
4741	敲	敲	hɛu55	heu1	敲門	(白)	1
4742	翹	翘	hɛu55	heu1	翹腳，翹屎胐（撅屁股）	(文)	1
4743	蹺	跷	hɛu55	heu1	蹺腳	(文)	1
4744	橇	橇	hɛu55	heu1		(文)	2
4745	蹻	𫏋	hɛu55	heu1		(文)	4
4746	毃	毃	hɛu55	heu1		(白)	5
4747	繑	繑	hɛu55	heu1		(文)	5
4748	姣	姣	hɛu21	heu4	淫蕩、輕浮，～思扽䐁，輕佻、風騷	(白)	2
4749	嘻	嘻	hi55	hi1	嘻哈，嘻嘻		1
4750	嘿	嘿	hi55	hi1	嘆詞；象聲詞，笑嘿嘿		1
4751	希	希	hi55	hi1			1
4752	戲	戏	hi55	hi1	兒～，不可靠，俗作兒嬉	(白)	1
4753	欺	欺	hi55	hi1			1
4754	熙	熙	hi55	hi1			1
4755	犧	牺	hi55	hi1			1
4756	稀	稀	hi55	hi1			1
4757	僖	僖	hi55	hi1			2
4758	兮	兮	hi55	hi1	俗讀，讀同唏/欷	(常)	2
4759	咦	咦	hi55	hi1	笑貌		2
4760	嬉	嬉	hi55	hi1	嬉戲，嬉笑		2
4761	曦	曦	hi55	hi1			2
4762	熹	熹	hi55	hi1			2
4763	禧	禧	hi55	hi1			2
4764	羲	羲	hi55	hi1			2
4765	唏	唏	hi55	hi1	唏噓		2
4766	晞	晞	hi55	hi1			2
4767	榿	桤	hi55	hi1	榿木		2
4768	浠	浠	hi55	hi1			2
4769	烯	烯	hi55	hi1			2
4770	豨	豨	hi55	hi1			2
4771	郗	郗	hi55	hi1	骨節間；姓		2
4772	醯	醯	hi55	hi1			2
4773	釐	釐	hi55	hi1	同禧字		3
4774	俙	俙	hi55	hi1			3
4775	巇	巇	hi55	hi1			3
4776	爔	爔	hi55	hi1			3
4777	睎	睎	hi55	hi1			3
4778	鱚	𬶮	hi55	hi1			3
4779	娭	娭	hi55	hi1	通嬉字		4
4780	欷	欷	hi55	hi1			4
4781	誒	诶	hi55	hi1	可惡之辭；強笑		4
4782	魌	魌	hi55	hi1			4
4783	譆	𫍻	hi55	hi1			4
4784	琋	琋	hi55	hi1			5
4785	嚱	嚱	hi55	hi1			5
4786	喜	喜	hi35	hi2			1
4787	豈	岂	hi35	hi2			1
4788	起	起	hi35	hi2			1
4789	屺	屺	hi35	hi2			2
4790	芑	芑	hi35	hi2			2
4791	憙	憙	hi35	hi2			3
4792	暿	暿	hi35	hi2			3
4793	玘	玘	hi35	hi2			3
4794	𨭎	𬭳	hi35	hi2			3
4795	蟢	蟢	hi35	hi2	蟢子		4
4796	囍	囍	hi35	hi2			5
4797	器	器	hi33	hi3			1
4798	棄	弃	hi33	hi3			1
4799	戲	戏	hi33	hi3	戲劇，遊戲		1
4800	氣	气	hi33	hi3	空氣，氣人		1
4801	汽	汽	hi33	hi3			1
4802	憩	憩	hi33	hi3	憩息，休憩		2
4803	餼	饩	hi33	hi3			2
4804	咥	咥	hi33	hi3	大笑貌		3
4805	屓	屃	hi33	hi3			3
4806	塈	塈	hi33	hi3			4
4807	愒	愒	hi33	hi3	同憩字		4
4808	㞓	㞓	hi33	hi3	臀部；身體斜坐		4
4809	炁	炁	hi33	hi3			4
4810	屭	屃	hi33	hi3			5
4811	摡	摡	hi33	hi3	取也		5
4812	气	气	hi33	hi3	同氣字		5
4813	嘻	嘻	hi21	hi4	笑～～，笑嘻嘻	(又)	1
4814	吃	吃	hek5	hik1		(又)	1
4815	喫	吃	hek5	hik1		(又)	1
4816	謙	谦	him55	him1			1
4817	鍁	锨	him55	him1	同杴字		2
4818	忺	忺	him55	him1	高興；舒適		3
4819	磏	磏	him55	him1	地名，大磏（在貴州）		3
4820	薟	莶	him55	him1	豨薟；辛味		3
4821	杴	杴	him55	him1	農具名，又作𣔙/鍁字		4
4822	險	险	him35	him2			1
4823	獫	猃	him35	him2			2
4824	嶮	崄	him35	him2			3
4825	肷	肷	him35	him2			3
4826	玁	𤞤	him35	him2			4
4827	欠	欠	him33	him3			1
4828	歉	歉	him33	him3	道歉，歉意		1
4829	慊	慊	him33	him3	不滿、怨恨，古讀上聲		2
4830	芡	芡	him33	him3	芡實，勾芡		2
4831	嫌	嫌	him21	him4		(白)	1
4832	掀	掀	hin55	hin1	掀起，與揭對轉		1
4833	牽	牵	hin55	hin1			1
4834	軒	轩	hin55	hin1	軒昂，軒轅		1
4835	縴	纤	hin55	hin1	縴夫		1
4836	祆	祆	hin55	hin1			2
4837	騫	骞	hin55	hin1			2
4838	愆	愆	hin55	hin1			2
4839	搴	搴	hin55	hin1	取也		2
4840	褰	褰	hin55	hin1			2
4841	岍	岍	hin55	hin1			3
4842	汧	汧	hin55	hin1			3
4843	鶱	𬸣	hin55	hin1			3
4844	攐	攐	hin55	hin1			4
4845	諐	諐	hin55	hin1			4
4846	掔	掔	hin55	hin1		(又)	5
4847	顯	显	hin35	hin2			1
4848	譴	谴	hin35	hin2			1
4849	遣	遣	hin35	hin2			1
4850	繾	缱	hin35	hin2			2
4851	蜆	蚬	hin35	hin2	蜆木，俗字櫶	(文)	2
4852	㬎	㬎	hin35	hin2			3
4853	䘆	䘆	hin35	hin2	蚯蚓		4
4854	櫶	櫶	hin35	hin2	櫶木，即蜆木		4
4855	憲	宪	hin33	hin3			1
4856	獻	献	hin33	hin3	貢獻，獻出；～世，丟臉、出醜，源自現世		1
4857	兄	兄	heŋ55	hing1	兄弟，老兄		1
4858	興	兴	heŋ55	hing1	興旺		1
4859	卿	卿	heŋ55	hing1			1
4860	氫	氢	heŋ55	hing1	氫氣，氫彈		1
4861	馨	馨	heŋ55	hing1			1
4862	蛵	蛵	heŋ55	hing1			5
4863	興	兴	heŋ33	hing3	高興		1
4864	慶	庆	heŋ33	hing3			1
4865	磬	磬	heŋ33	hing3	鐘磬		2
4866	罄	罄	heŋ33	hing3			2
4867	綮	綮	heŋ33	hing3	肯綮		2
4868	詗	诇	heŋ33	hing3		(又)	3
4869	夐	夐	heŋ33	hing3	遠		3
4870	謦	謦	heŋ33	hing3			4
4871	㷫	㷫	heŋ33	hing3	熱、燙，～烚[hɐp2]烚[hɐp2]，熱烘烘		4
4872	敻	敻	heŋ33	hing3	遠		5
4873	協	协	hip3	hip3	協助，妥協；〈語〉帶～，提攜，本作帶挈，韻尾音變		1
4874	怯	怯	hip3	hip3	畏怯		1
4875	挾	挟	hip3	hip3	挾持，要挾		1
4876	脅	胁	hip3	hip3	兩脅，威脅		1
4877	愜	惬	hip3	hip3			2
4878	勰	勰	hip3	hip3			2
4879	慊	慊	hip3	hip3	滿足		2
4880	叶	叶	hip3	hip3	同協字，叶韻		4
4881	歇	歇	hit3	hit3	歇息，停歇		1
4882	蠍	蝎	hit3	hit3		(文)	1
4883	挈	挈	hit3	hit3	帶～，提攜、關照	(又)	2
4884	蝎	蝎	hit3	hit3		(文)	5
4885	僥	侥	hiu55	hiu1	僥倖，讀同驍		1
4886	囂	嚣	hiu55	hiu1			1
4887	梟	枭	hiu55	hiu1			2
4888	嘵	哓	hiu55	hiu1			2
4889	徼	徼	hiu55	hiu1	徼倖，也作僥倖		2
4890	枵	枵	hiu55	hiu1			2
4891	驍	骁	hiu55	hiu1			2
4892	鴞	鸮	hiu55	hiu1			2
4893	儌	儌	hiu55	hiu1	同僥字		5
4894	曉	晓	hiu35	hiu2			1
4895	噷	噷	hm55	hm1			4
4896	哼	哼	hŋ22	hng6	嘆詞		1
4897	啈	啈	hŋ22	hng6	發狠聲		4
4898	呵	呵	hɔ55	ho1	呵欠，呵斥；地名，呵叻（在泰國）		1
4899	坷	坷	hɔ55	ho1	坷垃		1
4900	嚄	嚄	hɔ55	ho1	嘆詞		2
4901	訶	诃	hɔ55	ho1			2
4902	嚯	嚯	hɔ55	ho1			2
4903	㰤	㰤	hɔ55	ho1	同呵字		4
4904	𪽇	𪽇	hɔ55	ho1			4
4905	可	可	hɔ35	ho2	可以		1
4906	呵	呵	hɔ35	ho2	句末語氣詞，係麼的合音，表輕微徵詢以求確認，用於明知某事仍需當面確認的情況，今晚你主持，～？工資又低，～？好似你有隻崽，～？	(語)	1
4907	坷	坷	hɔ35	ho2	坎坷		1
4908	岢	岢	hɔ35	ho2			2
4909	舸	舸	hɔ35	ho2		(又)	2
4910	哿	哿	hɔ35	ho2		(又)	3
4911	炣	炣	hɔ35	ho2			3
4912	閜	閜	hɔ35	ho2	閜砢		4
4913	何	何	hɔ21	ho4			1
4914	和	和	hɔ21	ho4	連詞，我和你，官話借詞	(語)	1
4915	河	河	hɔ21	ho4			1
4916	荷	荷	hɔ21	ho4	荷花；薄荷，又作蔢𦽅		1
4917	菏	菏	hɔ21	ho4	地名，菏澤（在山東）		2
4918	嗬	嗬	hɔ21	ho4	嘆詞；象聲詞；～哆[tɛ55]，嗩吶		2
4919	蚵	蚵	hɔ21	ho4			5
4920	荷	荷	hɔ22	ho6	荷載，負荷		1
4921	賀	贺	hɔ22	ho6			1
4922	靴	靴	hœ55	hoe1			1
4923	吙	吙	hœ55	hoe1	吐氣；吐氣聲		4
4924	㗾	㗾	hœ55	hoe1	吐氣聲		4
4925	嗬	嗬	hœ21	hoe4	～哆[tœ55]，嗩吶	(又)	2
4926	㗾	㗾	hœ21	hoe4	～㗾[hœ35]聲、～㗾[hœ35]滾、滾～～，熱鬧貌、熙熙攘攘，或與䠡同源		4
4927	鄉	乡	hœŋ55	hoeng1	鄉村，故鄉		1
4928	香	香	hœŋ55	hoeng1			1
4929	薌	芗	hœŋ55	hoeng1	穀香		2
4930	享	享	hœŋ35	hoeng2			1
4931	響	响	hœŋ35	hoeng2			1
4932	晌	晌	hœŋ35	hoeng2	晌午		1
4933	餉	饷	hœŋ35	hoeng2	軍餉		2
4934	饗	飨	hœŋ35	hoeng2			2
4935	垧	垧	hœŋ35	hoeng2			2
4936	亯	亯	hœŋ35	hoeng2			4
4937	蠁	蚃	hœŋ35	hoeng2			4
4938	䖮	䖮	hœŋ35	hoeng2			5
4939	向	向	hœŋ33	hoeng3	向前，方向		1
4940	嚮	向	hœŋ33	hoeng3	嚮導，嚮往		1
4941	珦	珦	hœŋ33	hoeng3			3
4942	曏	向	hœŋ33	hoeng3	從前		5
4943	吷	吷	hœt2	hoet6	氣～～、喘～～，氣喘吁吁	(語)	4
4944	開	开	hɔi55	hoi1	開門，打開；～齊手、～，猜碼口令，數字十		1
4945	咍	咍	hɔi55	hoi1			3
4946	鐦	锎	hɔi55	hoi1			3
4947	凱	凯	hɔi35	hoi2		(文)	1
4948	海	海	hɔi35	hoi2			1
4949	剴	剀	hɔi35	hoi2		(文)	2
4950	愷	恺	hɔi35	hoi2		(文)	2
4951	醢	醢	hɔi35	hoi2			2
4952	鎧	铠	hɔi35	hoi2		(文)	2
4953	闓	闿	hɔi35	hoi2		(文)	2
4954	塏	垲	hɔi35	hoi2		(文)	3
4955	胲	胲	hɔi35	hoi2	有機化合物		3
4956	咳	咳	hɔi21	hoi4	嬰兒笑		1
4957	骸	骸	hɔi21	hoi4		(又)	2
4958	頦	颏	hɔi21	hoi4			2
4959	亥	亥	hɔi22	hoi6			1
4960	害	害	hɔi22	hoi6			1
4961	駭	骇	hɔi22	hoi6	俗讀，讀同亥	(常)	1
4962	氦	氦	hɔi22	hoi6			2
4963	嗐	嗐	hɔi22	hoi6	大開口；嘆詞		2
4964	殼	壳	hɔk3	hok3	蛋殼；地殼		1
4965	郝	郝	hɔk3	hok3	姓		2
4966	熇	熇	hɔk3	hok3	熱貌，與炕對轉		3
4967	蠚	蠚	hɔk3	hok3	螫也		4
4968	學	学	hɔk2	hok6	上學，學校，同學		1
4969	鶴	鹤	hɔk2	hok6			1
4970	貉	貉	hɔk2	hok6	貉子，貉絨		2
4971	嶨	峃	hɔk2	hok6			3
4972	翯	翯	hɔk2	hok6			3
4973	斆	敩	hɔk2	hok6	學		3
4974	隺	隺	hɔk2	hok6			3
4975	鷽	鸴	hɔk2	hok6			4
4976	斅	斅	hɔk2	hok6	學		4
4977	看	看	hɔn55	hon1	看守，看管		1
4978	頇	顸	hɔn55	hon1			2
4979	刊	刊	hɔn35	hon2	報刊，刊誤		1
4980	罕	罕	hɔn35	hon2	稀罕，罕見		1
4981	侃	侃	hɔn35	hon2			2
4982	蔊	蔊	hɔn35	hon2		(又)	3
4983	漢	汉	hɔn33	hon3			1
4984	看	看	hɔn33	hon3	看見，看法		1
4985	翰	翰	hɔn33	hon3		(又)	1
4986	暵	暵	hɔn33	hon3			3
4987	衎	衎	hɔn33	hon3			3
4988	熯	熯	hɔn33	hon3	火乾		4
4989	厂	厂	hɔn33	hon3	山石之崖		5
4990	寒	寒	hɔn21	hon4			1
4991	汗	汗	hɔn21	hon4	可汗，汗國	(古)	1
4992	韓	韩	hɔn21	hon4			1
4993	邗	邗	hɔn21	hon4			2
4994	邯	邯	hɔn21	hon4	邯鄲		2
4995	犴	犴	hɔn21	hon4	駝鹿		3
4996	虷	虷	hɔn21	hon4	井中赤蟲		3
4997	榦	干	hɔn21	hon4	井欄		5
4998	豻	豻	hɔn21	hon4	駝鹿		5
4999	旱	旱	hɔn24	hon5	乾旱，旱災		1
5000	悍	悍	hɔn22	hon6			1
5001	撼	撼	hɔn22	hon6		(又)	1
5002	汗	汗	hɔn22	hon6	出汗		1
5003	焊	焊	hɔn22	hon6	焊接，電焊		1
5004	翰	翰	hɔn22	hon6	翰林，翰墨		1
5005	捍	捍	hɔn22	hon6			1
5006	瀚	瀚	hɔn22	hon6			2
5007	鼾	鼾	hɔn22	hon6	打鼾，鼾睡；打鼻～，打呼嚕		2
5008	旰	旰	hɔn22	hon6	皓皓旰旰		2
5009	矸	矸	hɔn22	hon6	磓		2
5010	莧	苋	hɔn22	hon6	讀同漢	(罕)	2
5011	扞	扞	hɔn22	hon6	扞格；同捍字		3
5012	犴	犴	hɔn22	hon6	狴犴	(又)	3
5013	蔊	蔊	hɔn22	hon6	蔊菜		3
5014	垾	垾	hɔn22	hon6			3
5015	銲	焊	hɔn22	hon6	同焊字		5
5016	豻	豻	hɔn22	hon6	野狗	(又)	5
5017	釬	釬	hɔn22	hon6	同焊字		5
5018	康	康	hɔŋ55	hong1			1
5019	慷	慷	hɔŋ55	hong1		(文)	1
5020	糠	糠	hɔŋ55	hong1	米糠，糟糠；糠蘿蔔		1
5021	腔	腔	hɔŋ55	hong1	口腔，腔調，幫腔		1
5022	𡐓	𡐓	hɔŋ55	hong1			3
5023	鱇	𩾌	hɔŋ55	hong1			3
5024	槺	槺	hɔŋ55	hong1			4
5025	砊	砊	hɔŋ55	hong1	雷聲		4
5026	躿	躿	hɔŋ55	hong1			4
5027	漮	漮	hɔŋ55	hong1			5
5028	㝩	㝩	hɔŋ55	hong1			5
5029	穅	穅	hɔŋ55	hong1	穀皮，後作糠		5
5030	巷	巷	hɔŋ35	hong2	街巷，巷戰	(白)	1
5031	糠	糠	hɔŋ35	hong2	陳米氣味；乾燥	(白)	1
5032	項	项	hɔŋ35	hong2	項鏈，頸項，強項，一項	(白)	1
5033	酐	酐	hɔŋ35	hong2	苦酒		2
5034	衖	衖	hɔŋ35	hong2	同巷字，街巷		4
5035	穅	穅	hɔŋ35	hong2		(白)	5
5036	炕	炕	hɔŋ33	hong3	烘烤，～火，烤火，與熇對轉		1
5037	吭	吭	hɔŋ21	hong4	引吭高歌		1
5038	杭	杭	hɔŋ21	hong4			1
5039	航	航	hɔŋ21	hong4			1
5040	行	行	hɔŋ21	hong4	銀行，行列，排行		1
5041	降	降	hɔŋ21	hong4	投降		1
5042	桁	桁	hɔŋ21	hong4	刑具		2
5043	沆	沆	hɔŋ21	hong4			2
5044	絎	绗	hɔŋ21	hong4	刺縫；～被，縫製被臥		2
5045	頏	颃	hɔŋ21	hong4			2
5046	迒	迒	hɔŋ21	hong4			4
5047	䘕	䘕	hɔŋ21	hong4			4
5048	笐	笐	hɔŋ21	hong4	樂器		5
5049	肮	肮	hɔŋ21	hong4	喉嚨		5
5050	巷	巷	hɔŋ22	hong6	地名，石巷口	(文)	1
5051	行	行	hɔŋ22	hong6	次第		1
5052	項	项	hɔŋ22	hong6	項目，事項；〈語〉～雞（舊又作雞～），小母雞，疑本字笐，竹列也		1
5053	桁	桁	hɔŋ22	hong6	衣架		2
5054	笐	笐	hɔŋ22	hong6	衣架；〈又〉竹列		5
5055	喝	喝	hɔt3	hot3	喝酒；喝采		1
5056	渴	渴	hɔt3	hot3	口渴，渴望		1
5057	褐	褐	hɔt3	hot3			1
5058	曷	曷	hɔt3	hot3			2
5059	鞨	鞨	hɔt3	hot3	鞋；靺鞨		2
5060	鶡	鹖	hɔt3	hot3			3
5061	愒	愒	hɔt3	hot3	恐嚇		4
5062	餲	𮩝	hɔt3	hot3	餅類食品		4
5063	蝎	蝎	hɔt3	hot3	木中蠹蟲		5
5064	呼	呼	hu55	hu1	嗚[u55]～，表無奈或幸災樂禍	(語)	1
5065	蒿	蒿	hu55	hu1	蓬蒿，茼蒿		2
5066	薅	薅	hu55	hu1	～田，耘田	(文)	2
5067	茠	茠	hu55	hu1		(文)	5
5068	好	好	hu35	hu2	好壞		1
5069	呼	呼	hu33	hu3	又音，嗚[u33]～	(語)	1
5070	好	好	hu33	hu3	喜好		1
5071	耗	耗	hu33	hu3	消耗，耗費		1
5072	秏	秏	hu33	hu3			4
5073	號	号	hu21	hu4	呼號，嚎的本字		1
5074	嚎	嚎	hu21	hu4	狼嚎，嚎啕，本字號		1
5075	毫	毫	hu21	hu4			1
5076	豪	豪	hu21	hu4			1
5077	嗥	嗥	hu21	hu4			2
5078	壕	壕	hu21	hu4			2
5079	濠	濠	hu21	hu4			2
5080	蠔	蚝	hu21	hu4			2
5081	蚝	蚝	hu21	hu4	同蠔字		5
5082	號	号	hu22	hu6	號碼		1
5083	浩	浩	hu22	hu6			1
5084	皓	皓	hu22	hu6			1
5085	鎬	镐	hu22	hu6	鎬京		1
5086	昊	昊	hu22	hu6			2
5087	灝	灏	hu22	hu6			2
5088	顥	颢	hu22	hu6			2
5089	淏	淏	hu22	hu6			3
5090	皞	皞	hu22	hu6			3
5091	鄗	鄗	hu22	hu6	古地名		3
5092	滈	滈	hu22	hu6			4
5093	哭	哭	hʊk5	huk1			1
5094	學	学	hʊk2	huk6	學校，同學，語流音變	(又)	1
5095	酷	酷	hʊk2	huk6	殘酷，酷熱		1
5096	鵠	鹄	hʊk2	huk6	鴻鵠		2
5097	斛	斛	hʊk2	huk6			2
5098	槲	槲	hʊk2	huk6			2
5099	縠	縠	hʊk2	huk6			2
5100	觳	觳	hʊk2	huk6	觳觫		2
5101	焅	焅	hʊk2	huk6			5
5102	兇	凶	hʊŋ55	hung1	兇惡		1
5103	凶	凶	hʊŋ55	hung1	吉凶		1
5104	匈	匈	hʊŋ55	hung1			1
5105	哄	哄	hʊŋ55	hung1	亂哄哄，哄堂大笑，一哄而散		1
5106	洶	汹	hʊŋ55	hung1			1
5107	烘	烘	hʊŋ55	hung1	烘乾，烘烤		1
5108	空	空	hʊŋ55	hung1	空虛，天空；空缺		1
5109	胸	胸	hʊŋ55	hung1			1
5110	倥	倥	hʊŋ55	hung1	倥侗		2
5111	崆	崆	hʊŋ55	hung1			2
5112	吽	吽	hʊŋ55	hung1	唵嘛呢叭咪吽		2
5113	箜	箜	hʊŋ55	hung1			2
5114	硿	硿	hʊŋ55	hung1			3
5115	埪	埪	hʊŋ55	hung1			3
5116	訩	讻	hʊŋ55	hung1			3
5117	悾	悾	hʊŋ55	hung1			4
5118	哅	哅	hʊŋ55	hung1			5
5119	吼	吼	hʊŋ35	hung2	讀同孔	(又)	1
5120	哄	哄	hʊŋ35	hung2	哄騙，哄勸		1
5121	孔	孔	hʊŋ35	hung2	孔雀，鑽孔；姓		1
5122	恐	恐	hʊŋ35	hung2	恐怕，恐龍		1
5123	倥	倥	hʊŋ35	hung2	倥傯		2
5124	嗊	唝	hʊŋ35	hung2	羅嗊		3
5125	嗅	嗅	hʊŋ33	hung3	用鼻聞	(又)	1
5126	控	控	hʊŋ33	hung3	控制，失控		1
5127	烘	烘	hʊŋ33	hung3		(又)	1
5128	空	空	hʊŋ33	hung3	抽空，得空；〈又〉空缺		1
5129	齅	齅	hʊŋ33	hung3		(又)	5
5130	宏	宏	hʊŋ21	hung4			1
5131	弘	弘	hʊŋ21	hung4			1
5132	洪	洪	hʊŋ21	hung4			1
5133	紅	红	hʊŋ21	hung4	紅色		1
5134	虹	虹	hʊŋ21	hung4	彩虹，霓虹		1
5135	雄	雄	hʊŋ21	hung4			1
5136	鴻	鸿	hʊŋ21	hung4			1
5137	泓	泓	hʊŋ21	hung4			2
5138	訌	讧	hʊŋ21	hung4	內訌，訌亂		2
5139	竑	竑	hʊŋ21	hung4			2
5140	蕻	蕻	hʊŋ21	hung4	雪裏蕻		2
5141	閎	闳	hʊŋ21	hung4			2
5142	玒	玒	hʊŋ21	hung4			3
5143	紘	纮	hʊŋ21	hung4			3
5144	翃	翃	hʊŋ21	hung4			3
5145	葒	荭	hʊŋ21	hung4	葒草		3
5146	谼	谼	hʊŋ21	hung4			3
5147	黌	黉	hʊŋ21	hung4	黌舍，黌門		3
5148	鋐	𬭎	hʊŋ21	hung4			3
5149	硔	硔	hʊŋ21	hung4			3
5150	鉷	𫟹	hʊŋ21	hung4			3
5151	吰	吰	hʊŋ21	hung4			4
5152	魟	𫚉	hʊŋ21	hung4	海鰩魚；淡水鰩魚		4
5153	耾	耾	hʊŋ21	hung4	聾也；耳中聲（耳鳴）		5
5154	苰	苰	hʊŋ21	hung4			5
5155	葓	葓	hʊŋ21	hung4	同葒字		5
5156	哄	哄	hʊŋ22	hung6	同鬨字，起哄；〈語〉圍攏，～住，圍着		1
5157	鬨	哄	hʊŋ22	hung6	起鬨，內鬨；〈語〉圍攏，～住，圍着		1
5158	蕻	蕻	hʊŋ22	hung6	菜薹		2
5159	澒	𭱊	hʊŋ22	hung6			4
5160	吁	吁	hy55	hyu1	長吁短嘆		1
5161	墟	墟	hy55	hyu1	廢墟，墟市		1
5162	虛	虚	hy55	hyu1			1
5163	噓	嘘	hy55	hyu1	吹噓		2
5164	圩	圩	hy55	hyu1	同墟字		2
5165	盱	盱	hy55	hyu1			2
5166	旴	旴	hy55	hyu1			3
5167	訏	𬣙	hy55	hyu1			3
5168	歔	歔	hy55	hyu1			4
5169	許	许	hy35	hyu2	允許，許多		1
5170	咻	咻	hy35	hyu2	噢咻		2
5171	栩	栩	hy35	hyu2			2
5172	詡	诩	hy35	hyu2			2
5173	冔	冔	hy35	hyu2			3
5174	珝	珝	hy35	hyu2			3
5175	姁	姁	hy35	hyu2			4
5176	喣	喣	hy35	hyu2			5
5177	去	去	hy33	hyu3	來去		1
5178	酗	酗	hy33	hyu3	酗酒		1
5179	煦	煦	hy33	hyu3			2
5180	昫	昫	hy33	hyu3			3
5181	喧	喧	hyn55	hyun1	喧譁，喧鬧		1
5182	圈	圈	hyn55	hyun1	圓圈		1
5183	軒	轩	hyn55	hyun1	俗讀	(常)	1
5184	萱	萱	hyn55	hyun1			2
5185	塤	埙	hyn55	hyun1			2
5186	壎	埙	hyn55	hyun1			2
5187	暄	暄	hyn55	hyun1			2
5188	烜	烜	hyn55	hyun1		(又)	2
5189	諼	谖	hyn55	hyun1			2
5190	煊	煊	hyn55	hyun1			2
5191	儇	儇	hyn55	hyun1			3
5192	咺	咺	hyn55	hyun1	顯著		3
5193	嬛	嬛	hyn55	hyun1	便嬛		3
5194	晅	晅	hyn55	hyun1			3
5195	棬	棬	hyn55	hyun1			3
5196	禤	禤	hyn55	hyun1			3
5197	翾	翾	hyn55	hyun1			3
5198	鋗	𫓶	hyn55	hyun1			3
5199	𨟠	𨟠	hyn55	hyun1			3
5200	譞	𫍽	hyn55	hyun1			3
5201	煖	煖	hyn55	hyun1	同煊字		4
5202	諠	諠	hyn55	hyun1			4
5203	蝖	蝖	hyn55	hyun1	蝖螜		5
5204	犬	犬	hyn35	hyun2			1
5205	烜	烜	hyn35	hyun2			2
5206	畎	畎	hyn35	hyun2			2
5207	咺	咺	hyn35	hyun2	兒啼不止		3
5208	暅	暅	hyn35	hyun2	日氣		3
5209	甽	甽	hyn35	hyun2	同畎字		4
5210	䘆	䘆	hyn35	hyun2	黃～，蚯蚓	(語)	4
5211	券	券	hyn33	hyun3		(書)	1
5212	勸	劝	hyn33	hyun3			1
5213	絢	绚	hyn33	hyun3			1
5214	楦	楦	hyn33	hyun3	同楥字，鞋楦，楦頭		2
5215	綣	绻	hyn33	hyun3			2
5216	夐	夐	hyn33	hyun3	營求		3
5217	楥	楥	hyn33	hyun3	楥子，楥頭		4
5218	敻	敻	hyn33	hyun3	營求		5
5219	血	血	hyt3	hyut3			1
5220	吷	吷	hyt3	hyut3	小聲也		4
5221	肊	肊	∅ek5	ik1	打～，打嗝	(白)	4
5222	丫	丫	ja55	jaa1	丫頭，丫鬟	(又)	1
5223	呀	呀	ja55	jaa1	嘆詞；象聲詞		1
5224	啞	哑	ja55	jaa1	咿啞；同呀字		1
5225	喳	喳	ja55	jaa1	吆～～，叫喳喳	(白)	1
5226	抓	抓	ja55	jaa1	白讀，握、拿	(訓)	1
5227	渣	渣	ja55	jaa1	食～米，窩囊廢、白活；水瓜～，水瓜絡，絲瓜～，絲瓜絡	(白)	1
5228	鴉	鸦	ja55	jaa1	烏鴉	(又)	1
5229	揸	揸	ja55	jaa1		(白)	2
5230	吖	吖	ja55	jaa1	象聲詞		3
5231	吔	吔	ja55	jaa1	語氣詞，哎～，表驚歎		4
5232	摣	摣	ja55	jaa1		(白)	4
5233	抯	抯	ja55	jaa1		(白)	5
5234	𠭯	𠭯	ja55	jaa1		(白)	5
5235	吔	吔	ja35	jaa2	威～，鋼絲，英語wire	(外)	4
5236	人	人	ja21	jaa4	～熊婆，傳說中扮成老太婆的熊，專吃小孩	(語)	1
5237	呀	呀	ja21	jaa4	嘆詞，表不滿	(又)	1
5238	喳	喳	ja21	jaa4	吆～～，叫喳喳	(語)	1
5239	也	也	ja24	jaa5	也是，也許		1
5240	廿	廿	ja22	jaa6	二十，二啊[a22]的合音，啊[a22]爲十的弱讀	(白)	2
5241	踩	踩	jai35	jaai2	踩單車	(白)	1
5242	踹	踹	jai35	jaai2		(白)	2
5243	跴	跴	jai35	jaai2		(白)	5
5244	嘬	嘬	jai33	jaai3	嚼	(白)	2
5245	人	人	jai21	jaai4	又音，～熊婆，後字逆同化	(語)	1
5246	胹	胹	jai21	jaai4	溶～～，（飯、麪條等）軟爛	(語)	4
5247	吔	吔	jak5	jaak1	語氣詞，哎～	(又)	4
5248	吃	吃	jak3	jaak3	本字齰，齧也，莊組白讀	(訓)	1
5249	咋	咋	jak3	jaak3	同齚/齰字	(白)	1
5250	喫	吃	jak3	jaak3	本字齰，齧也，莊組白讀	(訓)	1
5251	嘖	啧	jak3	jaak3	齞[jɛn55]～～，咧嘴；肕[jɛn55]～～，難纏、臉皮厚	(語)	2
5252	齰	𫜬	jak3	jaak3	齧也，今引申作吃（飯），～飯	(白)	4
5253	滲	渗	jam33	jaam3	又音	(白)	1
5254	撐	撑	jaŋ33	jaang3	蹬、踹	(白)	1
5255	悒	悒	jap5	jaap1	心～，心煩，源自心唈，本或與𥀈（皮膚癢）同源	(白)	2
5256	唈	唈	jap5	jaap1		(白)	5
5257	眨	眨	jap3	jaap3	眨眼	(白)	1
5258	熠	熠	jap3	jaap3	火～，惱怒、生氣，當源自熠煜的引申義	(白)	2
5259	抸	抸	jap3	jaap3	拃，張開大拇指與中指測長度；量詞，一～，一拃	(白)	4
5260	𥀈	𥀈	jap3	jaap3	皮膚刺癢；發～，心煩	(白)	4
5261	熠	熠	jap2	jaap6	閃爍	(白)	2
5262	軋	轧	jat3	jaat3	粗～～，粗糙、粗澀	(語)	1
5263	抓	抓	jau55	jaau1	搔、撓，俗字撓	(白)	1
5264	呦	呦	jau55	jaau1	咿～、咿咿～～，不認真、不正經，古文本義爲（嬰兒或小動物）微弱地啼聲，後喻指不成熟、不嚴肅	(白)	2
5265	爪	爪	jau35	jaau2	雞爪	(白)	1
5266	鷂	鹞	jau21	jaau4		(又)	2
5267	櫂	棹	jau22	jaau6	划，～手，揮手	(白)	2
5268	棹	棹	jau22	jaau6		(白)	4
5269	泥	泥	jɐi21	jai4	壞的、差的，件衫好～、脾氣～，器物質量差也說豆泥，故本字泥，泥娘母讀如以母，䦵[jɐi24]字以及早期粵音中濃字亦如是	(白)	1
5270	窳	窳	jɐi21	jai4	壞的、差的，件衫好～、脾氣～，器物質量差也說豆泥，本字泥，泥娘母讀如以母，早期粵音中濃字亦如是	(訓)	2
5271	䦵	䦵	jɐi24	jai5	孩童頑皮，泥娘母讀如以母，泥[jɐi21]字以及早期粵音中濃字亦如是	(白)	4
5272	𩰞	𩰞	jɐi24	jai5		(白)	5
5273	拽	拽	jɐi22	jai6	同抴/曳字，拖、牽引		1
5274	曳	曳	jɐi22	jai6	搖曳，拖曳，曳引		2
5275	勩	勚	jɐi22	jai6		(又)	3
5276	枍	枍	jɐi22	jai6			3
5277	抴	抴	jɐi22	jai6	拖、牽引，後作曳		4
5278	跇	跇	jɐi22	jai6	踰也；跳也		4
5279	跩	跩	jɐi22	jai6	同跇字		4
5280	㹭	㹭	jɐi22	jai6			4
5281	簎	簎	jɐk5	jak1	刺，～一下，刺一下，已罕用	(白)	4
5282	吔	吔	jɐk5	jak1	語氣詞，哎～	(又)	4
5283	掝	掝	jɐk2	jak6	假借字，移～，不穩重，本字不明	(語)	4
5284	吟	吟	jɐm55	jam1	笑～～，笑眯眯	(白)	1
5285	蔭	荫	jɐm55	jam1	樹蔭；姓		1
5286	陰	阴	jɐm55	jam1	陰天，光陰；劉～，額前髮、劉海		1
5287	音	音	jɐm55	jam1			1
5288	喑	喑	jɐm55	jam1	喑啞，喑默		2
5289	愔	愔	jɐm55	jam1			2
5290	瘖	瘖	jɐm55	jam1			4
5291	飲	饮	jɐm35	jam2	飲酒；飲料		1
5292	滲	渗	jɐm33	jam3	滲漏	(白)	1
5293	蔭	荫	jɐm33	jam3	蔭庇，蔭涼		1
5294	飲	饮	jɐm33	jam3	飲馬	(古)	1
5295	喑	喑	jɐm33	jam3	喑噁		2
5296	窨	窨	jɐm33	jam3	窨井		2
5297	廕	荫	jɐm33	jam3	廕庇		5
5298	任	任	jɐm21	jam4	姓，俗讀責任之任		1
5299	吟	吟	jɐm21	jam4	呻吟，吟詩		1
5300	壬	壬	jɐm21	jam4	壬子，六壬		1
5301	淫	淫	jɐm21	jam4			1
5302	檐	檐	jɐm21	jam4	屋檐，瓦檐，牀檐，帳檐	(白)	1
5303	霪	霪	jɐm21	jam4			2
5304	崟	崟	jɐm21	jam4			3
5305	簷	檐	jɐm21	jam4		(白)	5
5306	冘	冘	jɐm21	jam4	冘冘		5
5307	荏	荏	jɐm24	jam5			2
5308	任	任	jɐm22	jam6	責任，任務		1
5309	賃	赁	jɐm22	jam6	租賃		1
5310	妊	妊	jɐm22	jam6			2
5311	飪	饪	jɐm22	jam6	熟也		2
5312	恁	恁	jɐm22	jam6	這，那		2
5313	紝	纴	jɐm22	jam6	機縷也；縫紝（口語用縫紉）		2
5314	衽	衽	jɐm22	jam6			2
5315	腍	腍	jɐm22	jam6	熟也		4
5316	絍	纴	jɐm22	jam6			5
5317	因	因	jɐn55	jan1			1
5318	姻	姻	jɐn55	jan1			1
5319	欣	欣	jɐn55	jan1	欣賞，歡欣		1
5320	殷	殷	jɐn55	jan1	殷勤；殷墟；姓		1
5321	茵	茵	jɐn55	jan1			1
5322	氤	氤	jɐn55	jan1			2
5323	湮	湮	jɐn55	jan1	湮沒，湮滅		2
5324	甄	甄	jɐn55	jan1	讀同垔/堙	(又)	2
5325	堙	堙	jɐn55	jan1			2
5326	忻	忻	jɐn55	jan1			2
5327	昕	昕	jɐn55	jan1			2
5328	洇	洇	jɐn55	jan1			2
5329	炘	炘	jɐn55	jan1			2
5330	銦	铟	jɐn55	jan1			2
5331	訢	䜣	jɐn55	jan1	同欣字；姓		3
5332	歅	歅	jɐn55	jan1			3
5333	禋	禋	jɐn55	jan1			3
5334	駰	骃	jɐn55	jan1			3
5335	絪	𬘡	jɐn55	jan1			3
5336	諲	𬤇	jɐn55	jan1			3
5337	闉	𬮱	jɐn55	jan1			3
5338	溵	溵	jɐn55	jan1			3
5339	慇	慇	jɐn55	jan1			4
5340	凐	凐	jɐn55	jan1	寒貌		4
5341	焮	焮	jɐn55	jan1			4
5342	垔	垔	jɐn55	jan1			5
5343	殷	殷	jɐn35	jan2	雷聲		1
5344	潤	润	jɐn35	jan2	禽畜的肝，俗字膶，避諱肝/乾；擔～，擔竿、扁擔，避諱竿/乾	(白)	1
5345	隱	隐	jɐn35	jan2			1
5346	㥯	㥯	jɐn35	jan2	謹也		4
5347	䌥	𦈠	jɐn35	jan2			4
5348	櫽	𬄩	jɐn35	jan2			4
5349	檃	檃	jɐn35	jan2			5
5350	膶	膶	jɐn35	jan2	俗字，禽畜的肝，本字潤，避諱肝/乾		5
5351	印	印	jɐn33	jan3			1
5352	釁	衅	jɐn33	jan3	挑釁		1
5353	茚	茚	jɐn33	jan3			2
5354	鮣	䲟	jɐn33	jan3			3
5355	舋	舋	jɐn33	jan3	同釁字		5
5356	人	人	jɐn21	jan4	人民，工人		1
5357	仁	仁	jɐn21	jan4	仁義；果仁，花生仁		1
5358	勻	匀	jɐn21	jan4		(罕)	1
5359	寅	寅	jɐn21	jan4			1
5360	夤	夤	jɐn21	jan4			2
5361	儿	儿	jɐn21	jan4	同人字		5
5362	允	允	jɐn24	jan5		(罕)	1
5363	引	引	jɐn24	jan5			1
5364	忍	忍	jɐn24	jan5			1
5365	癮	瘾	jɐn24	jan5			1
5366	蚓	蚓	jɐn24	jan5			1
5367	尹	尹	jɐn24	jan5		(罕)	2
5368	吲	吲	jɐn24	jan5	吲哚		2
5369	戭	戭	jɐn24	jan5	長槍		3
5370	縯	𬙂	jɐn24	jan5	引		3
5371	听	听	jɐn24	jan5	笑貌		5
5372	刃	刃	jɐn22	jan6	刀刃，利刃		1
5373	孕	孕	jɐn22	jan6	懷孕，孕婦		1
5374	潤	润	jɐn22	jan6	滋潤，溼潤		1
5375	紉	纫	jɐn22	jan6	縫紉		1
5376	閏	闰	jɐn22	jan6			1
5377	韌	韧	jɐn22	jan6	堅韌，韌性		1
5378	仞	仞	jɐn22	jan6			2
5379	胤	胤	jɐn22	jan6			2
5380	軔	轫	jɐn22	jan6			2
5381	訒	讱	jɐn22	jan6			3
5382	肕	肕	jɐn22	jan6	堅肉；同韌字		4
5383	䏰	䏰	jɐn22	jan6			4
5384	盈	盈	jɐŋ55	jang1	笑～～，笑盈盈	(白)	1
5385	韌	韧	jɐŋ33	jang3	（肉食等）韌，韌硬的合音；～皮，頑皮	(語)	1
5386	鬇	鬇	jɐŋ33	jang3	倰[lɐŋ21]～，窩囊、不整潔	(白)	4
5387	執	执	jɐp5	jap1	撮、抓，～手指算，扳指頭算；量詞，一～頭髮，一綹頭髮，一～毛，一撮毛	(白)	1
5388	泣	泣	jɐp5	jap1	哭泣		1
5389	眨	眨	jɐp5	jap1	眨，～～眼	(白)	1
5390	邑	邑	jɐp5	jap1			1
5391	揖	揖	jɐp5	jap1	作揖，揖讓		2
5392	翕	翕	jɐp5	jap1	翕動，翕然		2
5393	悒	悒	jɐp5	jap1	悒鬱		2
5394	挹	挹	jɐp5	jap1			2
5395	浥	浥	jɐp5	jap1	溼潤		2
5396	熠	熠	jɐp5	jap1	熠熠，熠耀		2
5397	裛	裛	jɐp5	jap1			3
5398	潝	潝	jɐp5	jap1			4
5399	㬤	㬤	jɐp5	jap1			4
5400	唈	唈	jɐp5	jap1			5
5401	湆	湆	jɐp5	jap1			5
5402	入	入	jɐp2	jap6	入口，進入		1
5403	擛	擛	jɐp2	jap6	搖動，～手，招手；翅膀搧動聲	(白)	4
5404	一	一	jɐt5	jat1	一定，第一；～定中[tʃʊŋ33]，猜碼口令，數字一		1
5405	壹	壹	jɐt5	jat1			1
5406	弌	弌	jɐt5	jat1			4
5407	日	日	jɐt2	jat6	日期，日頭（太陽）；案，日日，有連讀音變[jɐt2jɐt2]➔[jɐ22jɐt2]		1
5408	溢	溢	jɐt2	jat6	滿溢，溢出		1
5409	逸	逸	jɐt2	jat6	逃逸，安逸		1
5410	軼	轶	jɐt2	jat6			2
5411	佚	佚	jɐt2	jat6			2
5412	佾	佾	jɐt2	jat6			2
5413	鎰	镒	jɐt2	jat6	二十兩爲一鎰		2
5414	昳	昳	jɐt2	jat6	昳麗		3
5415	肸	肸	jɐt2	jat6	肸蠁		3
5416	馹	驲	jɐt2	jat6			3
5417	丘	丘	jɐu55	jau1			1
5418	休	休	jɐu55	jau1			1
5419	優	优	jɐu55	jau1			1
5420	幽	幽	jɐu55	jau1			1
5421	憂	忧	jɐu55	jau1			1
5422	悠	悠	jɐu55	jau1	悠閒，讀同優閒/休閒	(又)	1
5423	蚯	蚯	jɐu55	jau1			1
5424	咻	咻	jɐu55	jau1	喧鬧		2
5425	邱	邱	jɐu55	jau1			2
5426	呦	呦	jɐu55	jau1	呦呦（鹿鳴聲）		2
5427	庥	庥	jɐu55	jau1			2
5428	貅	貅	jɐu55	jau1			2
5429	髹	髹	jɐu55	jau1			2
5430	耰	耰	jɐu55	jau1			3
5431	鵂	鸺	jɐu55	jau1			3
5432	麀	麀	jɐu55	jau1			3
5433	掫	掫	jɐu55	jau1	拿、提	(白)	4
5434	搊	搊	jɐu55	jau1	拿、提	(白)	4
5435	优	优	jɐu55	jau1			5
5436	嚘	嚘	jɐu55	jau1			5
5437	坵	坵	jɐu55	jau1			5
5438	茠	茠	jɐu55	jau1	同休字		5
5439	友	友	jɐu35	jau2	一條友，友崽，視語境貶稱或暱稱	(白)	1
5440	柚	柚	jɐu35	jau2	蜜柚，沙田柚；囉～，屁股	(白)	2
5441	釉	釉	jɐu35	jau2	釉面[min35]磚	(白)	2
5442	黝	黝	jɐu35	jau2	黝黑，黝黯		2
5443	蚴	蚴	jɐu35	jau2	蚴虬		2
5444	幼	幼	jɐu33	jau3	年幼，幼兒；〈語〉細，～沙		1
5445	皺	皱	jɐu33	jau3	皺眉頭，皺紋；～巴渣、～癟[pɛt2]癟[pɛt2]，皺巴巴	(白)	1
5446	誘	诱	jɐu33	jau3			1
5447	縐	绉	jɐu33	jau3	縐巴巴，縐紋	(白)	2
5448	蚴	蚴	jɐu33	jau3	毛蚴，尾蚴		2
5449	珛	珛	jɐu33	jau3			3
5450	尤	尤	jɐu21	jau4			1
5451	悠	悠	jɐu21	jau4	悠久，悠閒；修～，輕鬆、從容		1
5452	揉	揉	jɐu21	jau4			1
5453	柔	柔	jɐu21	jau4			1
5454	油	油	jɐu21	jau4			1
5455	游	游	jɐu21	jau4	游泳，上游		1
5456	遊	游	jɐu21	jau4	旅遊，遊戲		1
5457	猶	犹	jɐu21	jau4			1
5458	由	由	jɐu21	jau4			1
5459	蹂	蹂	jɐu21	jau4			1
5460	郵	邮	jɐu21	jau4			1
5461	柚	柚	jɐu21	jau4	柚木		2
5462	猷	猷	jɐu21	jau4			2
5463	鈾	铀	jɐu21	jau4			2
5464	鞣	鞣	jɐu21	jau4			2
5465	魷	鱿	jɐu21	jau4			2
5466	攸	攸	jɐu21	jau4			2
5467	疣	疣	jɐu21	jau4			2
5468	糅	糅	jɐu21	jau4	糅合		2
5469	繇	繇	jɐu21	jau4	通由字		2
5470	蕕	莸	jɐu21	jau4			2
5471	蚰	蚰	jɐu21	jau4			2
5472	蝣	蝣	jɐu21	jau4			2
5473	莜	莜	jɐu21	jau4	莜麥		2
5474	尢	尢	jɐu21	jau4	姓；同尤字		3
5475	浟	浟	jɐu21	jau4	水流貌		3
5476	蝤	蝤	jɐu21	jau4	蜉蝤；〈又〉蝤蛑		3
5477	輮	𫐓	jɐu21	jau4			3
5478	輶	𬨎	jɐu21	jau4			3
5479	鮋	鲉	jɐu21	jau4			3
5480	囮	囮	jɐu21	jau4		(又)	4
5481	粈	粈	jɐu21	jau4	同糅字		4
5482	㘥	㘥	jɐu21	jau4			4
5483	冘	冘	jɐu21	jau4	冘豫，同猶豫		5
5484	鯈	鯈	jɐu21	jau4			5
5485	友	友	jɐu24	jau5	朋友，老友		1
5486	有	有	jɐu24	jau5			1
5487	酉	酉	jɐu24	jau5			1
5488	牖	牖	jɐu24	jau5			2
5489	莠	莠	jɐu24	jau5			2
5490	卣	卣	jɐu24	jau5			2
5491	羑	羑	jɐu24	jau5			2
5492	戭	戭	jɐu24	jau5	長盾		3
5493	槱	槱	jɐu24	jau5			3
5494	銪	铕	jɐu24	jau5			3
5495	佑	佑	jɐu22	jau6			1
5496	又	又	jɐu22	jau6	又來，又是；弱讀爲[ɐ22/ə22]，我～冇夠高、菸～好茶～好我都冇愛		1
5497	右	右	jɐu22	jau6			1
5498	宥	宥	jɐu22	jau6			2
5499	柚	柚	jɐu22	jau6	柚子	(文)	2
5500	釉	釉	jɐu22	jau6	彩釉		2
5501	鼬	鼬	jɐu22	jau6	黃鼬		2
5502	侑	侑	jɐu22	jau6			2
5503	囿	囿	jɐu22	jau6			2
5504	祐	祐	jɐu22	jau6			3
5505	狖	狖	jɐu22	jau6			4
5506	爺	爷	jɛ55	je1	伯爺公（老頭兒），伯爺婆（老太婆），親家爺（親家翁）	(白)	1
5507	夜	夜	jɛ35	je2	宵夜	(白)	1
5508	椰	椰	jɛ21	je4			1
5509	爺	爷	jɛ21	je4	爺爺[jɛ35]，老爺；父也		1
5510	邪	邪	jɛ21	je4	莫邪，琅邪；古同耶		1
5511	耶	耶	jɛ21	je4	耶穌；通爺字；語氣詞		2
5512	揶	揶	jɛ21	je4			2
5513	玡	玡	jɛ21	je4			2
5514	琊	琊	jɛ21	je4			3
5515	倻	倻	jɛ21	je4			3
5516	鋣	铘	jɛ21	je4			3
5517	冶	冶	jɛ24	je5			1
5518	惹	惹	jɛ24	je5	惹事，招惹；傳染，～着肝炎		1
5519	若	若	jɛ24	je5	般若		1
5520	野	野	jɛ24	je5			1
5521	喏	喏	jɛ24	je5	唱喏		2
5522	嘢	嘢	jɛ24	je5	俗字，東西，本字兒，即（物）兒，本爲物的兒尾小稱，乜嘢即（是何）物兒，括號內爲省略，演變構擬[*miut.*ȵie]➔[*mət.*ȵe]➔[mɐt.jɛ]；案，元·丁復《題畫馬爲方遠上人賦》唐人爲馬置馬監，奚官果是何物兒？《紅樓夢》第四三回，你這麽個阿物兒，也忒行了大運了！		4
5523	夜	夜	jɛ22	je6	夜晚，半夜		1
5524	射	射	jɛ22	je6	僕射		1
5525	偌	偌	jɛ22	je6	姓		2
5526	膱	膱	jɛk3	jek3	臭油～，油變質的氣味，即哈喇	(白)	4
5527	豔	艳	jɛm55	jem1	詞綴，紅～～，紅豔豔	(語)	1
5528	艷	艳	jɛm55	jem1	詞綴，紅～～	(語)	5
5529	豔	艳	jɛm21	jem4	詞綴，紅～～，紅豔豔	(語)	1
5530	艷	艳	jɛm21	jem4	詞綴，紅～～	(語)	5
5531	肕	肕	jɛn55	jen1	臉皮厚、死皮賴臉；丟臉、尷尬	(白)	4
5532	齞	齞	jɛn55	jen1	又音，咧嘴	(白)	4
5533	贏	赢	jɛŋ21	jeng4	輸贏	(白)	1
5534	擪	擪	jɛp3	jep3	指按也；捲起，～衫袖/褲腳，捲起衣袖/褲腿	(白)	4
5535	擫	𢬍	jɛp3	jep3	同擪字	(白)	5
5536	擛	擛	jɛp2	jep6	搧扇子聲	(白)	4
5537	逸	逸	jɛt5	jet1	用手撐起身體；躍起，～過，躍過去	(白)	1
5538	爪	爪	jɛu35	jeu2	雞爪	(白)	1
5539	伊	伊	ji55	ji1			1
5540	依	依	ji55	ji1	依靠，依然		1
5541	兒	儿	ji55	ji1	乞～，乞丐，老派可作名詞後綴，相當於崽，貓～、雀～、鬼～（小孩兒），又可作小稱，手指～噉大，手指兒那麼大，一粒～，一絲兒；案，小孩兒老派稱鬼兒[ji55]，現在多稱鬼崽、鬼嘢，亦可知嘢的本字爲兒	(白)	1
5542	醫	医	ji55	ji1			1
5543	姨	姨	ji55	ji1	阿姨（母之妹；泛稱年長女性），大姨（大姨子），姨崽（小姨子）	(白)	1
5544	衣	衣	ji55	ji1	衣服，雨衣，衣車（縫紉機）		1
5545	噫	噫	ji55	ji1			2
5546	漪	漪	ji55	ji1			2
5547	咿	咿	ji55	ji1	咿唔，咿呀；～呦[jau55]、～～呦[jau55]呦[jau55]，不認真、不正經，古文本義爲（嬰兒或小動物）微弱地啼聲，後喻指不成熟、不嚴肅		2
5548	猗	猗	ji55	ji1	美盛貌；讚美		2
5549	禕	祎	ji55	ji1			2
5550	銥	铱	ji55	ji1			2
5551	黟	黟	ji55	ji1			2
5552	欹	欹	ji55	ji1	同猗字，讚美		3
5553	洢	洢	ji55	ji1			3
5554	繄	繄	ji55	ji1			3
5555	餏	饻	ji55	ji1	量詞，讀同衣		3
5556	嫛	嫛	ji55	ji1			4
5557	迻	迻	ji55	ji1	～～逳逳，活絡、動來動去，此處以母讀如日母	(白)	4
5558	𣐿	𣐿	ji55	ji1			4
5559	蛜	蛜	ji55	ji1			5
5560	倚	倚	ji35	ji2	倚靠，不偏不倚		1
5561	椅	椅	ji35	ji2			1
5562	咦	咦	ji35	ji2		(又)	2
5563	旖	旖	ji35	ji2			2
5564	犄	犄	ji35	ji2	去勢的公牛		2
5565	綺	绮	ji35	ji2	綺羅，綺麗，讀同倚		2
5566	錡	锜	ji35	ji2	懸掛弓弩的兵器架		2
5567	扆	扆	ji35	ji2			3
5568	踦	踦	ji35	ji2	抵住		3
5569	齮	𬺈	ji35	ji2	齧也		3
5570	意	意	ji33	ji3			1
5571	衣	衣	ji33	ji3	穿（衣服）	(古)	1
5572	議	议	ji33	ji3	語流音變	(又)	1
5573	懿	懿	ji33	ji3			2
5574	殪	殪	ji33	ji3			2
5575	薏	薏	ji33	ji3			2
5576	癔	癔	ji33	ji3			2
5577	瘞	瘗	ji33	ji3			3
5578	鐿	镱	ji33	ji3			3
5579	饐	饐	ji33	ji3			4
5580	儀	仪	ji21	ji4	禮儀，儀式		1
5581	兒	儿	ji21	ji4	兒童，幼兒；～戲[hi55]，不可靠，俗作兒嬉		1
5582	台	台	ji21	ji4	我也；同怡字		1
5583	夷	夷	ji21	ji4			1
5584	姨	姨	ji21	ji4	姨媽（母之姐，又稱姨母），姨丈		1
5585	宜	宜	ji21	ji4		(又)	1
5586	怡	怡	ji21	ji4			1
5587	疑	疑	ji21	ji4		(又)	1
5588	移	移	ji21	ji4	遷移，移動		1
5589	而	而	ji21	ji4	然而，而且，而今		1
5590	胰	胰	ji21	ji4			1
5591	蛇	蛇	ji21	ji4	虛與委蛇		1
5592	貽	贻	ji21	ji4			1
5593	遺	遗	ji21	ji4		(又)	1
5594	咦	咦	ji21	ji4	嘆詞		2
5595	圯	圯	ji21	ji4			2
5596	彝	彝	ji21	ji4			2
5597	迤	迤	ji21	ji4	同迆字，逶迤		2
5598	頤	颐	ji21	ji4			2
5599	飴	饴	ji21	ji4	飴糖		2
5600	匜	匜	ji21	ji4			2
5601	嶷	嶷	ji21	ji4		(又)	2
5602	沂	沂	ji21	ji4	沂河		2
5603	痍	痍	ji21	ji4			2
5604	眙	眙	ji21	ji4	盱眙		2
5605	荑	荑	ji21	ji4	莁荑；芟刈		2
5606	詒	诒	ji21	ji4	贈送		2
5607	鴯	鸸	ji21	ji4			2
5608	宧	宧	ji21	ji4			3
5609	椸	椸	ji21	ji4			3
5610	簃	簃	ji21	ji4			3
5611	耏	耏	ji21	ji4	頰鬚；地名用字		3
5612	酏	酏	ji21	ji4			3
5613	陑	陑	ji21	ji4			3
5614	鮞	鲕	ji21	ji4			3
5615	扅	扅	ji21	ji4			3
5616	杝	杝	ji21	ji4	椴木		4
5617	栘	栘	ji21	ji4			4
5618	洏	洏	ji21	ji4			4
5619	胹	胹	ji21	ji4	爛也；煮也		4
5620	袲	袲	ji21	ji4			4
5621	觺	觺	ji21	ji4		(又)	4
5622	迆	迆	ji21	ji4	逶迆		4
5623	迻	迻	ji21	ji4	遷也		4
5624	𧦧	𫍟	ji21	ji4			4
5625	儿	儿	ji21	ji4	同兒字		5
5626	峏	峏	ji21	ji4			5
5627	异	异	ji21	ji4	發歎詞		5
5628	羠	羠	ji21	ji4			5
5629	耛	耛	ji21	ji4			5
5630	螔	螔	ji21	ji4			5
5631	誃	誃	ji21	ji4	門名；臺名		5
5632	鉹	鉹	ji21	ji4		(又)	5
5633	彞	彞	ji21	ji4			5
5634	以	以	ji24	ji5			1
5635	爾	尔	ji24	ji5	偶爾，爾等		1
5636	已	已	ji24	ji5			1
5637	矣	矣	ji24	ji5			1
5638	耳	耳	ji24	ji5			1
5639	議	议	ji24	ji5	會議，議論，商議		1
5640	餌	饵	ji24	ji5			1
5641	洱	洱	ji24	ji5	普洱，洱海		2
5642	迤	迤	ji24	ji5	同迆字，迤邐		2
5643	邇	迩	ji24	ji5			2
5644	珥	珥	ji24	ji5			2
5645	苡	苡	ji24	ji5			2
5646	鉺	铒	ji24	ji5			2
5647	佁	佁	ji24	ji5	癡；靜		3
5648	迆	迆	ji24	ji5	迆邐		4
5649	駬	𱅋	ji24	ji5			4
5650	苢	苢	ji24	ji5			4
5651	阤	阤	ji24	ji5	阤靡		5
5652	義	义	ji22	ji6	義氣，意義		1
5653	二	二	ji22	ji6	第二，二十；～氣來、～氣（諧音義氣），猜碼口令，數字二		1
5654	儀	仪	ji22	ji6	俗讀，讀同義	(常)	1
5655	異	异	ji22	ji6	差異，異常		1
5656	易	易	ji22	ji6	容易		1
5657	貳	贰	ji22	ji6	貳心，貳臣		1
5658	食	食	ji22	ji6	古人名，酈食其		1
5659	肄	肄	ji22	ji6	肄業		2
5660	劓	劓	ji22	ji6			2
5661	佴	佴	ji22	ji6	次、隨後		3
5662	勩	勚	ji22	ji6	勞也		3
5663	咡	咡	ji22	ji6			3
5664	廙	廙	ji22	ji6			3
5665	潩	潩	ji22	ji6			3
5666	髶	髶	ji22	ji6	髮飾		4
5667	弍	弍	ji22	ji6			4
5668	异	异	ji22	ji6	舉也；同異字		5
5669	億	亿	jek5	jik1			1
5670	憶	忆	jek5	jik1			1
5671	抑	抑	jek5	jik1			1
5672	益	益	jek5	jik1			1
5673	臆	臆	jek5	jik1			2
5674	嗌	嗌	jek5	jik1	咽喉		2
5675	螠	螠	jek5	jik1	縊女		2
5676	繶	𫄷	jek5	jik1			3
5677	肊	肊	jek5	jik1	氣滿		4
5678	膉	膉	jek5	jik1			5
5679	亦	亦	jek2	jik6	亦有，亦可		1
5680	域	域	jek2	jik6		(又)	1
5681	射	射	jek2	jik6	無射		1
5682	役	役	jek2	jik6			1
5683	易	易	jek2	jik6	交易		1
5684	液	液	jek2	jik6			1
5685	疫	疫	jek2	jik6			1
5686	繹	绎	jek2	jik6			1
5687	翼	翼	jek2	jik6			1
5688	腋	腋	jek2	jik6	腋窩		1
5689	譯	译	jek2	jik6			1
5690	奕	奕	jek2	jik6			2
5691	弈	弈	jek2	jik6			2
5692	掖	掖	jek2	jik6			2
5693	睪	睾	jek2	jik6	伺視		2
5694	翌	翌	jek2	jik6			2
5695	蜴	蜴	jek2	jik6			2
5696	驛	驿	jek2	jik6			2
5697	埸	埸	jek2	jik6			2
5698	嶧	峄	jek2	jik6			2
5699	弋	弋	jek2	jik6			2
5700	懌	怿	jek2	jik6			2
5701	翊	翊	jek2	jik6			2
5702	杙	杙	jek2	jik6			3
5703	燚	燚	jek2	jik6			3
5704	釴	𬬩	jek2	jik6			3
5705	㑊	㑊	jek2	jik6			3
5706	熤	熤	jek2	jik6			5
5707	淹	淹	jim55	jim1			1
5708	奄	奄	jim55	jim1	奄奄一息		2
5709	醃	腌	jim55	jim1		(文)	2
5710	崦	崦	jim55	jim1			2
5711	懨	恹	jim55	jim1			2
5712	閹	阉	jim55	jim1			2
5713	腌	腌	jim55	jim1		(文)	4
5714	㤿	㤿	jim55	jim1	～憸，愛挑剔		4
5715	掩	掩	jim35	jim2			1
5716	演	演	jim35	jim2	表演，演員	(習)	1
5717	衍	衍	jim35	jim2	敷衍，衍生	(習)	1
5718	檐	檐	jim35	jim2	帽檐	(白)	1
5719	奄	奄	jim35	jim2	奄有，奄忽		2
5720	魘	魇	jim35	jim2			2
5721	罨	罨	jim35	jim2			2
5722	龑	䶮	jim35	jim2			3
5723	厴	厣	jim35	jim2	蟹腹下甲；螺殼口圓片蓋；小～，小肚子、小腹		3
5724	弇	弇	jim35	jim2	蓋也		3
5725	渰	渰	jim35	jim2			3
5726	黶	黡	jim35	jim2			3
5727	㜝	㜝	jim35	jim2	美		4
5728	𥀬	𥀬	jim35	jim2	痂，結～，結痂		4
5729	簷	檐	jim35	jim2		(白)	5
5730	俺	俺	jim33	jim3	大也		1
5731	厭	厌	jim33	jim3			1
5732	饜	餍	jim33	jim3			2
5733	覎	觃	jim33	jim3			3
5734	嚴	严	jim21	jim4			1
5735	嫌	嫌	jim21	jim4	嫌棄，涉嫌		1
5736	炎	炎	jim21	jim4			1
5737	鹽	盐	jim21	jim4	食鹽；醃		1
5738	閻	阎	jim21	jim4			1
5739	檐	檐	jim21	jim4	屋檐，瓦檐；～蛇，壁虎		1
5740	儼	俨	jim21	jim4	俗讀，讀同嚴	(常)	2
5741	髯	髯	jim21	jim4			2
5742	芫	芫	jim21	jim4	芫荽	(習)	2
5743	蚺	蚺	jim21	jim4		(書)	3
5744	閆	闫	jim21	jim4	姓		3
5745	阽	阽	jim21	jim4		(又)	3
5746	簷	檐	jim21	jim4	同檐字		5
5747	呥	呥	jim21	jim4			5
5748	冉	冉	jim24	jim5			1
5749	染	染	jim24	jim5			1
5750	儼	俨	jim24	jim5	儼然，儼如		2
5751	苒	苒	jim24	jim5			2
5752	剡	剡	jim24	jim5	銳利，削尖		2
5753	琰	琰	jim24	jim5			2
5754	扊	扊	jim24	jim5			3
5755	棪	棪	jim24	jim5			3
5756	䎃	䎃	jim24	jim5			3
5757	广	广	jim24	jim5	因巖爲屋		5
5758	礹	礹	jim24	jim5	險峻		5
5759	焰	焰	jim22	jim6	火焰，焰火		1
5760	豔	艳	jim22	jim6	鮮豔，豔麗		1
5761	灩	滟	jim22	jim6	瀲灩		2
5762	焱	焱	jim22	jim6			2
5763	釅	酽	jim22	jim6	釅茶		2
5764	掞	掞	jim22	jim6	照耀		3
5765	燄	燄	jim22	jim6			4
5766	艷	艳	jim22	jim6	同豔字		5
5767	爓	爓	jim22	jim6	同焰字		5
5768	咽	咽	jin55	jin1	咽喉		1
5769	殷	殷	jin55	jin1	殷紅		1
5770	煙	烟	jin55	jin1	煙霧，冒煙；〈外〉撲克的A，英語Ace		1
5771	菸	烟	jin55	jin1	香菸，菸草；燒/食～，抽菸；～屎，菸具中的菸垢、菸油子		1
5772	焉	焉	jin55	jin1	焉能，焉知		1
5773	燕	燕	jin55	jin1	燕京、姓，俗讀燕子之燕		1
5774	嫣	嫣	jin55	jin1	嫣紅，嫣然		2
5775	湮	湮	jin55	jin1		(又)	2
5776	胭	胭	jin55	jin1			2
5777	鄢	鄢	jin55	jin1			2
5778	閼	阏	jin55	jin1	閼氏		2
5779	巘	𪩘	jin55	jin1	崖[ŋa21]～，危險，俗作牙煙/崖广，另一說危險的音變	(白)	3
5780	臙	臙	jin55	jin1			5
5781	演	演	jin35	jin2		(書)	1
5782	燕	燕	jin35	jin2	踢～，踢毽子	(白)	1
5783	衍	衍	jin35	jin2		(書)	1
5784	偃	偃	jin35	jin2	偃臥，偃旗息鼓		2
5785	毽	毽	jin35	jin2	訓讀燕，～子，毽子，踢～，踢毽子	(訓)	2
5786	鼴	鼹	jin35	jin2			2
5787	郾	郾	jin35	jin2			2
5788	戭	戭	jin35	jin2	人名用字		3
5789	蝘	蝘	jin35	jin2			3
5790	縯	𬙂	jin35	jin2	長		3
5791	鶠	𬸘	jin35	jin2			3
5792	躽	躽	jin35	jin2	身向前也		4
5793	咽	咽	jin33	jin3	吞咽		1
5794	嚥	咽	jin33	jin3	吞嚥		1
5795	唁	唁	jin33	jin3	俗讀	(常)	1
5796	堰	堰	jin33	jin3			1
5797	宴	宴	jin33	jin3			1
5798	燕	燕	jin33	jin3	燕子		1
5799	諺	谚	jin33	jin3	俗讀	(常)	1
5800	豔	艳	jin33	jin3	俗讀	(常)	1
5801	彥	彦	jin33	jin3	俗讀	(常)	2
5802	灩	滟	jin33	jin3		(又)	2
5803	嬿	嬿	jin33	jin3			3
5804	墕	墕	jin33	jin3	地名用字；同堰字		3
5805	艷	艳	jin33	jin3	俗讀	(常)	5
5806	延	延	jin21	jin4			1
5807	弦	弦	jin21	jin4	弓弦		1
5808	絃	弦	jin21	jin4	琴絃		1
5809	焉	焉	jin21	jin4	心不在焉，俗讀焉能之焉		1
5810	然	然	jin21	jin4	然後，自然		1
5811	燃	燃	jin21	jin4			1
5812	研	研	jin21	jin4	研究，鑽研		1
5813	言	言	jin21	jin4			1
5814	賢	贤	jin21	jin4			1
5815	蜒	蜒	jin21	jin4	蜿蜒，妯蜒		1
5816	妍	妍	jin21	jin4			2
5817	涎	涎	jin21	jin4	垂涎，涎沫，讀同延		2
5818	筵	筵	jin21	jin4			2
5819	舷	舷	jin21	jin4			2
5820	伭	伭	jin21	jin4			3
5821	埏	埏	jin21	jin4	邊際		3
5822	漹	漹	jin21	jin4			3
5823	玹	玹	jin21	jin4	姓		3
5824	綖	𫄧	jin21	jin4			3
5825	痃	痃	jin21	jin4			3
5826	揅	揅	jin21	jin4			4
5827	䓂	䓂	jin21	jin4			4
5828	兗	兖	jin24	jin5			2
5829	俔	伣	jin24	jin5	譬喻		3
5830	沇	沇	jin24	jin5			3
5831	甗	甗	jin24	jin5			3
5832	巘	𪩘	jin24	jin5	峭巘，巘崎		3
5833	睍	𪾢	jin24	jin5	小目貌		3
5834	唁	唁	jin22	jin6	弔唁，唁電		1
5835	現	现	jin22	jin6			1
5836	硯	砚	jin22	jin6	硯臺，墨硯		1
5837	見	见	jin22	jin6	同現字		1
5838	諺	谚	jin22	jin6	諺語，古諺		1
5839	彥	彦	jin22	jin6	俊彥，碩彥		2
5840	峴	岘	jin22	jin6			2
5841	莧	苋	jin22	jin6	莧菜		2
5842	蜆	蚬	jin22	jin6	蝶類的幼蟲；〈語〉～蟲，蚜蟲		2
5843	讞	谳	jin22	jin6			2
5844	烻	烻	jin22	jin6	光熾		3
5845	晛	𬀪	jin22	jin6			3
5846	齞	齞	jin22	jin6	露齒貌		4
5847	粯	𬖑	jin22	jin6			4
5848	齴	𫜮	jin22	jin6	同齞字		5
5849	嬰	婴	jeŋ55	jing1			1
5850	應	应	jeŋ55	jing1	應當，應該		1
5851	扔	扔	jeŋ55	jing1		(白)	1
5852	櫻	樱	jeŋ55	jing1	櫻桃		1
5853	英	英	jeŋ55	jing1			1
5854	鶯	莺	jeŋ55	jing1		(又)	1
5855	蠅	蝇	jeŋ55	jing1	蚊蠅，烏蠅，蒼蠅	(白)	1
5856	鸚	鹦	jeŋ55	jing1	鸚鵡		1
5857	鷹	鹰	jeŋ55	jing1	老鷹（口語稱崖[ŋa21]鷹，俗作牙鷹）		1
5858	嚶	嘤	jeŋ55	jing1			2
5859	瑛	瑛	jeŋ55	jing1			2
5860	纓	缨	jeŋ55	jing1	紅纓，蘿蔔纓；瓜～，用糖醃製的木瓜絲，俗作瓜英		2
5861	膺	膺	jeŋ55	jing1			2
5862	攖	撄	jeŋ55	jing1			2
5863	瓔	璎	jeŋ55	jing1			2
5864	鉠	𫓭	jeŋ55	jing1		(又)	3
5865	媖	媖	jeŋ55	jing1			3
5866	鍈	锳	jeŋ55	jing1		(又)	3
5867	蘡	𮐨	jeŋ55	jing1			4
5868	影	影	jeŋ35	jing2	影響，電影；～相，照相		1
5869	映	映	jeŋ35	jing2	反映，放映		1
5870	認	认	jeŋ35	jing2	～真，實在、確實	(白)	1
5871	穎	颖	jeŋ35	jing2		(又)	1
5872	癭	瘿	jeŋ35	jing2			2
5873	潁	颍	jeŋ35	jing2		(又)	2
5874	應	应	jeŋ33	jing3	答應，應用		1
5875	仍	仍	jeŋ21	jing4	仍然，仍舊		1
5876	刑	刑	jeŋ21	jing4			1
5877	型	型	jeŋ21	jing4			1
5878	形	形	jeŋ21	jing4			1
5879	扔	扔	jeŋ21	jing4	扔掉		1
5880	盈	盈	jeŋ21	jing4	充盈，盈利，笑盈盈		1
5881	瑩	莹	jeŋ21	jing4			1
5882	螢	萤	jeŋ21	jing4			1
5883	營	营	jeŋ21	jing4	經營，營養		1
5884	蠅	蝇	jeŋ21	jing4	蠅頭小利，蠅營狗苟	(文)	1
5885	贏	赢	jeŋ21	jing4		(文)	1
5886	迎	迎	jeŋ21	jing4	迎接，歡迎，與逆對轉		1
5887	熒	荧	jeŋ21	jing4			1
5888	嬴	嬴	jeŋ21	jing4			2
5889	楹	楹	jeŋ21	jing4			2
5890	瀛	瀛	jeŋ21	jing4			2
5891	縈	萦	jeŋ21	jing4			2
5892	邢	邢	jeŋ21	jing4			2
5893	瀅	滢	jeŋ21	jing4			2
5894	硎	硎	jeŋ21	jing4			2
5895	艿	艿	jeŋ21	jing4	舊草未割新草又生		2
5896	塋	茔	jeŋ21	jing4			2
5897	滎	荥	jeŋ21	jing4	滎陽；滎經		2
5898	鎣	蓥	jeŋ21	jing4			2
5899	陘	陉	jeŋ21	jing4	井陘		2
5900	瀠	潆	jeŋ21	jing4			3
5901	鈃	钘	jeŋ21	jing4	古酒器		3
5902	鉶	铏	jeŋ21	jing4			3
5903	娙	𫰛	jeŋ21	jing4			3
5904	濚	溁	jeŋ21	jing4			3
5905	籯	籝	jeŋ21	jing4			4
5906	攍	攍	jeŋ21	jing4			5
5907	郢	郢	jeŋ24	jing5			2
5908	認	认	jeŋ22	jing6	認識，承認，認真（嚴肅對待）		1
5909	迎	迎	jeŋ22	jing6	又音，～腳，踮腳	(語)	1
5910	媵	媵	jeŋ22	jing6			2
5911	醃	腌	jip3	jip3	醃肉，醃製	(白)	2
5912	靨	靥	jip3	jip3	笑靨，酒靨		2
5913	腌	腌	jip3	jip3	同醃字	(白)	4
5914	擪	擪	jip3	jip3		(文)	4
5915	擫	𢬍	jip3	jip3		(文)	5
5916	葉	叶	jip2	jip6	樹葉，葉子；姓		1
5917	頁	页	jip2	jip6	扉頁，頁碼，本字葉		1
5918	燁	烨	jip2	jip6			2
5919	曄	晔	jip2	jip6			3
5920	楪	楪	jip2	jip6	窗牖		3
5921	饁	馌	jip2	jip6			3
5922	揲	揲	jip2	jip6	箕舌		4
5923	擖	擖	jip2	jip6	箕舌		4
5924	擛	擛	jip2	jip6	動貌		4
5925	䈎	䈎	jip2	jip6			5
5926	乙	乙	jit3	jit3		(又)	1
5927	咽	咽	jit3	jit3	哽咽		1
5928	噎	噎	jit3	jit3	噎住，因噎廢食		2
5929	謁	谒	jit3	jit3			2
5930	蠮	蠮	jit3	jit3	蠮螉		4
5931	黦	黦	jit3	jit3	色壞也		4
5932	䊦	䊦	jit3	jit3	糉屬		4
5933	拽	拽	jit2	jit6	同抴字	(又)	1
5934	熱	热	jit2	jit6			1
5935	抴	抴	jit2	jit6		(又)	4
5936	吆	吆	jiu55	jiu1	吆喝		1
5937	夭	夭	jiu55	jiu1			1
5938	妖	妖	jiu55	jiu1			1
5939	腰	腰	jiu55	jiu1			1
5940	要	要	jiu55	jiu1	要求；姓		1
5941	邀	邀	jiu55	jiu1			1
5942	幺	幺	jiu55	jiu1	幺二三		2
5943	徼	徼	jiu55	jiu1	同邀字		2
5944	㙘	㙘	jiu55	jiu1			3
5945	么	么	jiu55	jiu1	同幺字		4
5946	喓	喓	jiu55	jiu1			4
5947	擾	扰	jiu35	jiu2			1
5948	繞	绕	jiu35	jiu2	圍繞；繞線		1
5949	杳	杳	jiu35	jiu2	本讀	(又)	2
5950	窈	窈	jiu35	jiu2	本讀	(又)	2
5951	窅	窅	jiu35	jiu2			3
5952	遶	遶	jiu35	jiu2			4
5953	扰	扰	jiu35	jiu2			5
5954	要	要	jiu33	jiu3	重要		1
5955	僥	侥	jiu21	jiu4	僬僥	(古)	1
5956	姚	姚	jiu21	jiu4			1
5957	堯	尧	jiu21	jiu4			1
5958	搖	摇	jiu21	jiu4			1
5959	窯	窑	jiu21	jiu4			1
5960	謠	谣	jiu21	jiu4			1
5961	遙	遥	jiu21	jiu4			1
5962	陶	陶	jiu21	jiu4	古人名，皋陶		1
5963	饒	饶	jiu21	jiu4			1
5964	瑤	瑶	jiu21	jiu4			2
5965	蟯	蛲	jiu21	jiu4			2
5966	嬈	娆	jiu21	jiu4			2
5967	嶢	峣	jiu21	jiu4			2
5968	徭	徭	jiu21	jiu4			2
5969	橈	桡	jiu21	jiu4	楫也		2
5970	洮	洮	jiu21	jiu4	湖名		2
5971	珧	珧	jiu21	jiu4			2
5972	繇	繇	jiu21	jiu4	通徭/謠字		2
5973	銚	铫	jiu21	jiu4	大鋤；姓		2
5974	鰩	鳐	jiu21	jiu4			2
5975	垚	垚	jiu21	jiu4			3
5976	媱	媱	jiu21	jiu4			3
5977	猺	猺	jiu21	jiu4			3
5978	蕘	荛	jiu21	jiu4			3
5979	軺	轺	jiu21	jiu4			3
5980	颻	飖	jiu21	jiu4			4
5981	舀	舀	jiu24	jiu5	舀水		1
5982	崾	崾	jiu24	jiu5			3
5983	耀	耀	jiu22	jiu6			1
5984	鷂	鹞	jiu22	jiu6	鷂鷹，紙鷂		2
5985	曜	曜	jiu22	jiu6			2
5986	燿	燿	jiu22	jiu6			4
5987	喲	哟	jɔ55	jo1	嘆詞，表輕微的驚異；詞綴，吆～～，喲喲地叫		1
5988	唷	唷	jɔ55	jo1	嘆詞		2
5989	喲	哟	jɔ35	jo2	表驚訝	(語)	1
5990	喲	哟	jɔ21	jo4	表感慨；詞綴，吆～～，喲喲地叫，也讀[jœ21]，此時嘲諷意味更強，指責無病呻吟	(語)	1
5991	約	约	jœk3	joek3	約定，預約；用秤稱		1
5992	躍	跃	jœk3	joek3	跳躍，躍進		1
5993	葯	药	jœk3	joek3	白芷		4
5994	弱	弱	jœk2	joek6			1
5995	瘧	疟	jœk2	joek6		(又)	1
5996	若	若	jœk2	joek6	若是		1
5997	藥	药	jœk2	joek6	草藥，藥片		1
5998	虐	虐	jœk2	joek6		(又)	1
5999	鑰	钥	jœk2	joek6	鑰匙		1
6000	偌	偌	jœk2	joek6	偌大		2
6001	櫟	栎	jœk2	joek6	櫟陽		2
6002	箬	箬	jœk2	joek6			2
6003	謔	谑	jœk2	joek6		(又)	2
6004	龠	龠	jœk2	joek6			2
6005	婼	婼	jœk2	joek6	婼羌		3
6006	瀹	瀹	jœk2	joek6			3
6007	爚	爚	jœk2	joek6			3
6008	籥	籥	jœk2	joek6			3
6009	蒻	蒻	jœk2	joek6			3
6010	鄀	鄀	jœk2	joek6			3
6011	葯	药	jœk2	joek6	同藥字		4
6012	鰯	鰯	jœk2	joek6			5
6013	央	央	jœŋ55	joeng1			1
6014	殃	殃	jœŋ55	joeng1			1
6015	秧	秧	jœŋ55	joeng1			1
6016	陽	阳	jœŋ55	joeng1	姓		1
6017	鴦	鸯	jœŋ55	joeng1	鴛鴦		1
6018	泱	泱	jœŋ55	joeng1	泱泱；植物的漿，樹～，樹漿，木瓜～，木瓜漿		2
6019	鞅	鞅	jœŋ55	joeng1	馬頸革；鞅掌；商鞅		2
6020	鉠	𫓭	jœŋ55	joeng1	鈴聲		3
6021	咉	咉	jœŋ55	joeng1			3
6022	鍈	锳	jœŋ55	joeng1	同鉠字		3
6023	樣	样	jœŋ35	joeng2	樣子，模樣，鞋樣，點樣（怎樣）	(白)	1
6024	怏	怏	jœŋ35	joeng2			2
6025	鞅	鞅	jœŋ35	joeng2	牛鞅；鞅鞅		2
6026	抰	抰	jœŋ35	joeng2			4
6027	揚	扬	jœŋ21	joeng4	揚手，宣揚		1
6028	楊	杨	jœŋ21	joeng4			1
6029	洋	洋	jœŋ21	joeng4			1
6030	羊	羊	jœŋ21	joeng4			1
6031	陽	阳	jœŋ21	joeng4	太陽		1
6032	佯	佯	jœŋ21	joeng4	佯裝，佯攻		2
6033	煬	炀	jœŋ21	joeng4			2
6034	烊	烊	jœŋ21	joeng4	熔化；打烊		2
6035	瘍	疡	jœŋ21	joeng4	潰瘍		2
6036	徉	徉	jœŋ21	joeng4	徜徉，彷徉		2
6037	暘	旸	jœŋ21	joeng4			2
6038	禳	禳	jœŋ21	joeng4			2
6039	穰	穰	jœŋ21	joeng4	禾莖；同瓤字		2
6040	蛘	蛘	jœŋ21	joeng4	米象		2
6041	颺	飏	jœŋ21	joeng4			3
6042	儴	儴	jœŋ21	joeng4	因循，沿襲		3
6043	垟	垟	jœŋ21	joeng4			3
6044	瀼	瀼	jœŋ21	joeng4	露濃貌		3
6045	瑒	玚	jœŋ21	joeng4	玉名；花名		3
6046	蘘	蘘	jœŋ21	joeng4			3
6047	鍚	钖	jœŋ21	joeng4			3
6048	勷	勷	jœŋ21	joeng4	劻勷		4
6049	痒	痒	jœŋ21	joeng4	病也		4
6050	鬤	鬤	jœŋ21	joeng4	亂髮		4
6051	䉴	䉴	jœŋ21	joeng4	袌也		4
6052	𧟄	𧟄	jœŋ21	joeng4			4
6053	仰	仰	jœŋ24	joeng5	信仰，仰望		1
6054	養	养	jœŋ24	joeng5	養育；供養，古讀去聲		1
6055	氧	氧	jœŋ24	joeng5			1
6056	癢	痒	jœŋ24	joeng5	撓癢，瘙癢		1
6057	蛘	蛘	jœŋ24	joeng5	通癢字		2
6058	卬	卬	jœŋ24	joeng5	同仰字		3
6059	瀁	瀁	jœŋ24	joeng5			4
6060	痒	痒	jœŋ24	joeng5	同癢字		4
6061	䑋	䑋	jœŋ24	joeng5			4
6062	嚷	嚷	jœŋ22	joeng6			1
6063	壤	壤	jœŋ22	joeng6	土壤		1
6064	樣	样	jœŋ22	joeng6	樣板，一樣，樣貌		1
6065	漾	漾	jœŋ22	joeng6			1
6066	讓	让	jœŋ22	joeng6			1
6067	釀	酿	jœŋ22	joeng6	釀酒，醞釀		1
6068	恙	恙	jœŋ22	joeng6			2
6069	攘	攘	jœŋ22	joeng6	攘外安內，擾攘		2
6070	瀼	瀼	jœŋ22	joeng6	水名		3
6071	羕	羕	jœŋ22	joeng6			3
6072	䭐	䭐	jœŋ22	joeng6	餌也；將豆腐、苦瓜、油餜等掏空再塞入各種餡兒做成菜肴，～豆腐、～苦瓜、～油餜，俗字釀		4
6073	黦	黦	jɔt5	jot1	腐爛；頹敗	(語)	4
6074	唷	唷	ju35	ju2	哎[ui35]～，表驚訝	(語)	2
6075	唷	唷	ju21	ju4	表感慨	(語)	2
6076	唷	唷	ju22	ju6	哎[ui35]～，表不情願	(語)	2
6077	椎	椎	jui55	jui1	椎子（榛子）	(白)	1
6078	錐	锥	jui55	jui1	鐵錐；鑽、刺	(白)	1
6079	嘴	嘴	jui35	jui2	～一啖，咬一口，已罕用	(白)	1
6080	蕤	蕤	jui21	jui4			2
6081	緌	𮉫	jui21	jui4			4
6082	蕊	蕊	jui24	jui5	花蕊		1
6083	銳	锐	jui24	jui5		(又)	1
6084	鋭	锐	jui24	jui5		(又)	4
6085	蘂	蕊	jui24	jui5	同蕊字		5
6086	銳	锐	jui22	jui6	尖銳，銳利		1
6087	睿	睿	jui22	jui6			2
6088	裔	裔	jui22	jui6			2
6089	芮	芮	jui22	jui6	姓		2
6090	蚋	蚋	jui22	jui6			2
6091	枘	枘	jui22	jui6			3
6092	汭	汭	jui22	jui6			3
6093	鋭	锐	jui22	jui6			4
6094	叡	叡	jui22	jui6			4
6095	蜹	蜹	jui22	jui6			4
6096	旭	旭	jʊk5	juk1			1
6097	沃	沃	jʊk5	juk1			1
6098	育	育	jʊk5	juk1	教育，體育		1
6099	郁	郁	jʊk5	juk1	馥郁；姓		1
6100	毓	毓	jʊk5	juk1			2
6101	煜	煜	jʊk5	juk1			2
6102	勖	勖	jʊk5	juk1			2
6103	彧	彧	jʊk5	juk1			2
6104	昱	昱	jʊk5	juk1			2
6105	燠	燠	jʊk5	juk1	熱；暖		2
6106	鋈	鋈	jʊk5	juk1			2
6107	頊	顼	jʊk5	juk1			2
6108	薁	薁	jʊk5	juk1			3
6109	隩	隩	jʊk5	juk1	河岸彎曲處		3
6110	逳	逳	jʊk5	juk1	行；〈白〉動，咬冇～，嚼不動，迻[ji55]迻[ji55]～～，活絡、動來動去，此處以母讀如日母，俗字喐		4
6111	勗	勗	jʊk5	juk1	同勖字		5
6112	慾	欲	jʊk2	juk6	慾望，貪慾		1
6113	欲	欲	jʊk2	juk6	意欲，將欲，欲言又止		1
6114	浴	浴	jʊk2	juk6			1
6115	獄	狱	jʊk2	juk6			1
6116	玉	玉	jʊk2	juk6	玉石，白玉		1
6117	肉	肉	jʊk2	juk6			1
6118	褥	褥	jʊk2	juk6			1
6119	谷	谷	jʊk2	juk6	吐谷渾	(古)	1
6120	辱	辱	jʊk2	juk6			1
6121	峪	峪	jʊk2	juk6	嘉峪關		2
6122	堉	堉	jʊk2	juk6			2
6123	溽	溽	jʊk2	juk6			2
6124	縟	缛	jʊk2	juk6			2
6125	蓐	蓐	jʊk2	juk6			2
6126	鈺	钰	jʊk2	juk6			2
6127	鬻	鬻	jʊk2	juk6	鬻文，賣官鬻爵		2
6128	鵒	鹆	jʊk2	juk6			2
6129	淯	淯	jʊk2	juk6			3
6130	嗡	嗡	jʊŋ55	jung1	嗡嗡		1
6131	擁	拥	jʊŋ55	jung1	擁軍（後起詞）；路名，雙擁路	(又)	1
6132	翁	翁	jʊŋ55	jung1	老翁，不倒翁		1
6133	壅	壅	jʊŋ55	jung1	壅塞		2
6134	臃	臃	jʊŋ55	jung1			2
6135	邕	邕	jʊŋ55	jung1	邕州，邕江，邕劇		2
6136	雍	雍	jʊŋ55	jung1	雍和，雍容		2
6137	滃	滃	jʊŋ55	jung1	滃江		2
6138	癰	痈	jʊŋ55	jung1			2
6139	饔	饔	jʊŋ55	jung1			2
6140	澭	澭	jʊŋ55	jung1			3
6141	鶲	鹟	jʊŋ55	jung1			3
6142	鎓	𬭩	jʊŋ55	jung1			3
6143	灉	㴩	jʊŋ55	jung1			4
6144	嗈	嗈	jʊŋ55	jung1			4
6145	噰	噰	jʊŋ55	jung1			4
6146	螉	螉	jʊŋ55	jung1	蠮螉		4
6147	雝	雝	jʊŋ55	jung1	雝渠，雝雝；同雍字		4
6148	髶	髶	jʊŋ55	jung1	毛髮、絲、線等蓬亂	(白)	4
6149	䩺	䩺	jʊŋ55	jung1			4
6150	㙲	壅	jʊŋ55	jung1	同壅字		5
6151	佣	佣	jʊŋ35	jung2	佣金，佣錢（口語稱佣銀）	(白)	1
6152	擁	拥	jʊŋ35	jung2	擁有，擁護		1
6153	絨	绒	jʊŋ35	jung2	絨布，燈芯絨，平絨，絲絨，呢絨；～衫、～褸，呢子大衣	(白)	1
6154	涌	涌	jʊŋ35	jung2	涌現，泉涌		1
6155	踊	踊	jʊŋ35	jung2	踊躍		1
6156	宂	冗	jʊŋ35	jung2	宂長，撥宂		1
6157	俑	俑	jʊŋ35	jung2			2
6158	恿	恿	jʊŋ35	jung2			2
6159	甬	甬	jʊŋ35	jung2	甬道		2
6160	蛹	蛹	jʊŋ35	jung2	蠶蛹		2
6161	滃	滃	jʊŋ35	jung2	雲氣起；大水貌		2
6162	蓊	蓊	jʊŋ35	jung2			2
6163	埇	埇	jʊŋ35	jung2	道上加土；地名		3
6164	鯒	鲬	jʊŋ35	jung2			3
6165	冗	冗	jʊŋ35	jung2	同宂字，冗長，撥冗		4
6166	湧	涌	jʊŋ35	jung2	同涌字		4
6167	氄	氄	jʊŋ35	jung2	氄毛		4
6168	踴	踊	jʊŋ35	jung2	同踊字		5
6169	𣭲	𣭲	jʊŋ35	jung2	同氄字		5
6170	傭	佣	jʊŋ21	jung4	傭工，僱傭		1
6171	容	容	jʊŋ21	jung4			1
6172	庸	庸	jʊŋ21	jung4			1
6173	戎	戎	jʊŋ21	jung4			1
6174	榕	榕	jʊŋ21	jung4			1
6175	溶	溶	jʊŋ21	jung4	溶解，溶劑；～～爛爛，稀爛		1
6176	熊	熊	jʊŋ21	jung4	狗熊，熊貓		1
6177	熔	熔	jʊŋ21	jung4	熔化		1
6178	絨	绒	jʊŋ21	jung4	絨毛，羽絨		1
6179	茸	茸	jʊŋ21	jung4	鹿茸，蒜茸，毛茸茸		1
6180	榮	荣	jʊŋ21	jung4	光榮，榮幸		1
6181	蓉	蓉	jʊŋ21	jung4			1
6182	融	融	jʊŋ21	jung4			1
6183	宂	冗	jʊŋ21	jung4	讀同容	(又)	1
6184	喁	喁	jʊŋ21	jung4	魚口向上		2
6185	墉	墉	jʊŋ21	jung4			2
6186	嶸	嵘	jʊŋ21	jung4			2
6187	慵	慵	jʊŋ21	jung4			2
6188	狨	狨	jʊŋ21	jung4			2
6189	蠑	蝾	jʊŋ21	jung4			2
6190	鏞	镛	jʊŋ21	jung4			2
6191	顒	颙	jʊŋ21	jung4			2
6192	鱅	鳙	jʊŋ21	jung4			2
6193	鎔	镕	jʊŋ21	jung4	鑄器模型；鎔鑄；鎔化		3
6194	瑢	瑢	jʊŋ21	jung4			3
6195	鄘	鄘	jʊŋ21	jung4			3
6196	冗	冗	jʊŋ21	jung4	讀同容	(又)	4
6197	氄	氄	jʊŋ21	jung4	讀同絨	(又)	4
6198	肜	肜	jʊŋ21	jung4			4
6199	髶	髶	jʊŋ21	jung4	髮亂		4
6200	搑	搑	jʊŋ21	jung4	擣也		4
6201	鰫	𫚦	jʊŋ21	jung4			5
6202	𣭲	𣭲	jʊŋ21	jung4		(又)	5
6203	勇	勇	jʊŋ24	jung5			1
6204	佣	佣	jʊŋ22	jung6		(文)	1
6205	用	用	jʊŋ22	jung6			1
6206	㶲	㶲	jʊŋ22	jung6			3
6207	于	于	jy55	jyu1	同於字		1
6208	於	于	jy55	jyu1	於是，終於；姓		1
6209	吁	吁	jy55	jyu1	讀同於/迂	(又)	1
6210	淤	淤	jy55	jyu1	淤泥，淤積		1
6211	迂	迂	jy55	jyu1			1
6212	紆	纡	jy55	jyu1			2
6213	噢	噢	jy35	jyu2	噢咻		2
6214	嫗	妪	jy35	jyu2			2
6215	傴	伛	jy35	jyu2	傴僂		2
6216	瘀	瘀	jy35	jyu2	瘀血，瘀傷；（菜等）受擠壓而損傷		3
6217	燠	燠	jy33	jyu3	燠休		2
6218	飫	饫	jy33	jyu3			2
6219	予	予	jy21	jyu4	我		1
6220	于	于	jy21	jyu4	之子于歸；單于；姓；俗讀於是之於	(古)	1
6221	余	余	jy21	jyu4	我也；姓		1
6222	餘	余	jy21	jyu4	剩餘		1
6223	儒	儒	jy21	jyu4			1
6224	如	如	jy21	jyu4			1
6225	娛	娱	jy21	jyu4			1
6226	愉	愉	jy21	jyu4	愉快，歡愉		1
6227	愚	愚	jy21	jyu4			1
6228	榆	榆	jy21	jyu4			1
6229	漁	渔	jy21	jyu4			1
6230	渝	渝	jy21	jyu4			1
6231	輿	舆	jy21	jyu4			1
6232	蠕	蠕	jy21	jyu4			1
6233	逾	逾	jy21	jyu4	逾期，逾越，過逾		1
6234	隅	隅	jy21	jyu4			1
6235	魚	鱼	jy21	jyu4			1
6236	俞	俞	jy21	jyu4			2
6237	嚅	嚅	jy21	jyu4			2
6238	妤	妤	jy21	jyu4	婕妤		2
6239	孺	孺	jy21	jyu4			2
6240	庾	庾	jy21	jyu4		(又)	2
6241	歟	欤	jy21	jyu4			2
6242	濡	濡	jy21	jyu4			2
6243	瑜	瑜	jy21	jyu4			2
6244	盂	盂	jy21	jyu4			2
6245	竽	竽	jy21	jyu4			2
6246	臾	臾	jy21	jyu4			2
6247	茹	茹	jy21	jyu4			2
6248	萸	萸	jy21	jyu4			2
6249	虞	虞	jy21	jyu4			2
6250	覦	觎	jy21	jyu4			2
6251	喁	喁	jy21	jyu4	應和聲		2
6252	嵎	嵎	jy21	jyu4			2
6253	揄	揄	jy21	jyu4			2
6254	毹	毹	jy21	jyu4		(又)	2
6255	狳	狳	jy21	jyu4			2
6256	璵	玙	jy21	jyu4			2
6257	禺	禺	jy21	jyu4			2
6258	腴	腴	jy21	jyu4			2
6259	薷	薷	jy21	jyu4			2
6260	蝓	蝓	jy21	jyu4			2
6261	襦	襦	jy21	jyu4			2
6262	諛	谀	jy21	jyu4			2
6263	銣	铷	jy21	jyu4			2
6264	雩	雩	jy21	jyu4			2
6265	嵛	嵛	jy21	jyu4			2
6266	嬬	嬬	jy21	jyu4			3
6267	畬	畬	jy21	jyu4	新田二歲		3
6268	窬	窬	jy21	jyu4			3
6269	臑	臑	jy21	jyu4	嫩軟貌		3
6270	舁	舁	jy21	jyu4	擡		3
6271	艅	艅	jy21	jyu4			3
6272	褕	褕	jy21	jyu4			3
6273	邘	邘	jy21	jyu4			3
6274	隃	隃	jy21	jyu4			3
6275	髃	髃	jy21	jyu4			3
6276	顬	颥	jy21	jyu4			3
6277	与	与	jy21	jyu4	同歟字		4
6278	挐	挐	jy21	jyu4	牽引		4
6279	旟	旟	jy21	jyu4			4
6280	歈	歈	jy21	jyu4			4
6281	崳	崳	jy21	jyu4			5
6282	牏	牏	jy21	jyu4			5
6283	踰	逾	jy21	jyu4			5
6284	伃	伃	jy21	jyu4	倢伃，同婕妤		5
6285	與	与	jy24	jyu5	贈與；參與，古讀去聲		1
6286	乳	乳	jy24	jyu5			1
6287	予	予	jy24	jyu5	賦予		1
6288	宇	宇	jy24	jyu5			1
6289	嶼	屿	jy24	jyu5	讀同與	(又)	1
6290	汝	汝	jy24	jyu5			1
6291	禹	禹	jy24	jyu5			1
6292	羽	羽	jy24	jyu5			1
6293	語	语	jy24	jyu5	語言		1
6294	雨	雨	jy24	jyu5	風雨，雨水		1
6295	庾	庾	jy24	jyu5			2
6296	齬	龉	jy24	jyu5			2
6297	俁	俣	jy24	jyu5	俁俁		2
6298	圄	圄	jy24	jyu5			2
6299	圉	圉	jy24	jyu5			2
6300	瘐	瘐	jy24	jyu5			2
6301	窳	窳	jy24	jyu5	器中空		2
6302	鋙	铻	jy24	jyu5	鉏鋙		2
6303	峿	峿	jy24	jyu5	岨峿		3
6304	敔	敔	jy24	jyu5	柷敔		3
6305	瑀	瑀	jy24	jyu5			3
6306	鄅	鄅	jy24	jyu5			3
6307	㺄	㺄	jy24	jyu5			3
6308	与	与	jy24	jyu5	同與字		4
6309	擩	擩	jy24	jyu5	染；插		4
6310	貐	貐	jy24	jyu5			5
6311	籲	吁	jy22	jyu6	呼籲		1
6312	喻	喻	jy22	jyu6			1
6313	寓	寓	jy22	jyu6			1
6314	御	御	jy22	jyu6			1
6315	禦	御	jy22	jyu6			1
6316	愈	愈	jy22	jyu6	愈加		1
6317	愉	愉	jy22	jyu6	讀同喻/愈	(又)	1
6318	玉	玉	jy22	jyu6	玉米，本字御米	(語)	1
6319	裕	裕	jy22	jyu6			1
6320	譽	誉	jy22	jyu6	榮譽		1
6321	語	语	jy22	jyu6	告訴，不以語人		1
6322	豫	豫	jy22	jyu6			1
6323	遇	遇	jy22	jyu6			1
6324	雨	雨	jy22	jyu6	動詞，下（雨、雪）	(古)	1
6325	預	预	jy22	jyu6			1
6326	癒	愈	jy22	jyu6	癒合		1
6327	諭	谕	jy22	jyu6			2
6328	馭	驭	jy22	jyu6			2
6329	洳	洳	jy22	jyu6			2
6330	澦	滪	jy22	jyu6			2
6331	悆	悆	jy22	jyu6			3
6332	蕷	蓣	jy22	jyu6			3
6333	瘉	瘉	jy22	jyu6			4
6334	冤	冤	jyn55	jyun1			1
6335	宛	宛	jyn55	jyun1	古地名，大宛		1
6336	淵	渊	jyn55	jyun1			1
6337	身	身	jyn55	jyun1	身毒，印度的古譯名	(古)	1
6338	鴛	鸳	jyn55	jyun1	鴛鴦，鴛侶		1
6339	鳶	鸢	jyn55	jyun1			2
6340	箢	箢	jyn55	jyun1	箢箕		2
6341	涴	涴	jyn55	jyun1	地名，涴市（在湖北）		3
6342	眢	眢	jyn55	jyun1			3
6343	蜎	蜎	jyn55	jyun1	蜎蜎		3
6344	葾	葾	jyn55	jyun1	敗也；〈語〉食物不鮮		4
6345	鵷	鹓	jyn55	jyun1			4
6346	㠾	㠾	jyn55	jyun1			4
6347	㾓	㾓	jyn55	jyun1	骨節痠痛		4
6348	縣	县	jyn35	jyun2	武鳴縣，邕寧縣，橫縣，賓陽縣	(白)	1
6349	願	愿	jyn35	jyun2	情願，寧願（口語用能願）	(白)	1
6350	潤	润	jyn35	jyun2	白讀，避諱肝/竿/乾	(老派)	1
6351	苑	苑	jyn35	jyun2			1
6352	院	院	jyn35	jyun2			1
6353	琬	琬	jyn35	jyun2			2
6354	畹	畹	jyn35	jyun2			2
6355	菀	菀	jyn35	jyun2	紫菀		2
6356	涴	涴	jyn35	jyun2	涴演		3
6357	衏	衏	jyn35	jyun2			4
6358	膶	膶	jyn35	jyun2		(老派)	5
6359	怨	怨	jyn33	jyun3			1
6360	惌	惌	jyn33	jyun3			5
6361	丸	丸	jyn21	jyun4	肉丸		1
6362	元	元	jyn21	jyun4			1
6363	原	原	jyn21	jyun4			1
6364	員	员	jyn21	jyun4	人員，員外		1
6365	園	园	jyn21	jyun4	花園，園林		1
6366	圓	圆	jyn21	jyun4			1
6367	完	完	jyn21	jyun4			1
6368	懸	悬	jyn21	jyun4			1
6369	援	援	jyn21	jyun4	支援，援救		1
6370	沿	沿	jyn21	jyun4	沿途，沿海		1
6371	源	源	jyn21	jyun4			1
6372	炫	炫	jyn21	jyun4	俗讀，讀同玄	(常)	1
6373	猿	猿	jyn21	jyun4			1
6374	玄	玄	jyn21	jyun4			1
6375	緣	缘	jyn21	jyun4			1
6376	袁	袁	jyn21	jyun4			1
6377	鉛	铅	jyn21	jyun4			1
6378	媛	媛	jyn21	jyun4	名媛，嬋媛		2
6379	沅	沅	jyn21	jyun4			2
6380	爰	爰	jyn21	jyun4			2
6381	眩	眩	jyn21	jyun4	俗讀，讀同玄	(常)	2
6382	轅	辕	jyn21	jyun4			2
6383	圜	圜	jyn21	jyun4	天體；同圓字		2
6384	椽	椽	jyn21	jyun4	讀同緣	(又)	2
6385	櫞	橼	jyn21	jyun4			2
6386	湲	湲	jyn21	jyun4			2
6387	烷	烷	jyn21	jyun4			2
6388	紈	纨	jyn21	jyun4			2
6389	芄	芄	jyn21	jyun4			2
6390	芫	芫	jyn21	jyun4	芫荽，芫花	(書)	2
6391	螈	螈	jyn21	jyun4			2
6392	黿	鼋	jyn21	jyun4			2
6393	塬	塬	jyn21	jyun4			2
6394	伭	伭	jyn21	jyun4		(又)	3
6395	堧	堧	jyn21	jyun4			3
6396	妧	妧	jyn21	jyun4	人名用字		3
6397	嫄	嫄	jyn21	jyun4			3
6398	玹	玹	jyn21	jyun4	玉色；石次玉		3
6399	盷	盷	jyn21	jyun4			3
6400	羱	羱	jyn21	jyun4			3
6401	騵	𫘪	jyn21	jyun4			3
6402	痃	痃	jyn21	jyun4		(又)	3
6403	䮄	𫠊	jyn21	jyun4			3
6404	刓	刓	jyn21	jyun4			4
6405	汍	汍	jyn21	jyun4			4
6406	杬	杬	jyn21	jyun4			5
6407	鈆	𫓪	jyn21	jyun4			5
6408	軟	软	jyn24	jyun5			1
6409	遠	远	jyn24	jyun5	遙遠；敬而遠之，古讀去聲		1
6410	阮	阮	jyn24	jyun5			2
6411	泫	泫	jyn24	jyun5			2
6412	鉉	铉	jyn24	jyun5			2
6413	瓀	瓀	jyn24	jyun5			3
6414	薳	薳	jyn24	jyun5	植物嫩莖		3
6415	媆	媆	jyn24	jyun5			3
6416	朊	朊	jyn24	jyun5	蛋白質		4
6417	縣	县	jyn22	jyun6	縣城，縣份		1
6418	孕	孕	jyn22	jyun6		(老派)	1
6419	愿	愿	jyn22	jyun6			1
6420	願	愿	jyn22	jyun6	願望，願意		1
6421	潤	润	jyn22	jyun6		(老派)	1
6422	炫	炫	jyn22	jyun6	炫耀，炫目		1
6423	閏	闰	jyn22	jyun6		(老派)	1
6424	媛	媛	jyn22	jyun6	美女		2
6425	眩	眩	jyn22	jyun6	眩暈，目眩		2
6426	垸	垸	jyn22	jyun6			2
6427	掾	掾	jyn22	jyun6			2
6428	瑗	瑗	jyn22	jyun6			2
6429	昡	昡	jyn22	jyun6			3
6430	玹	玹	jyn22	jyun6	玉名		3
6431	琄	琄	jyn22	jyun6			3
6432	衒	衒	jyn22	jyun6			3
6433	䏰	䏰	jyn22	jyun6		(老派)	4
6434	乙	乙	jyt3	jyut3	甲乙		1
6435	噦	哕	jyt3	jyut3	乾嘔		2
6436	釔	钇	jyt3	jyut3			2
6437	黦	黦	jyt3	jyut3	黃黑色		4
6438	悅	悦	jyt2	jyut6	喜悅，悅目		1
6439	曰	曰	jyt2	jyut6			1
6440	月	月	jyt2	jyut6	月亮，月份		1
6441	穴	穴	jyt2	jyut6			1
6442	粵	粤	jyt2	jyut6			1
6443	說	说	jyt2	jyut6	通悅字		1
6444	越	越	jyt2	jyut6			1
6445	閱	阅	jyt2	jyut6			1
6446	刖	刖	jyt2	jyut6			2
6447	樾	樾	jyt2	jyut6			2
6448	玥	玥	jyt2	jyut6			2
6449	鉞	钺	jyt2	jyut6			2
6450	茓	茓	jyt2	jyut6			2
6451	爇	爇	jyt2	jyut6			3
6452	軏	𫐄	jyt2	jyut6			3
6453	抈	抈	jyt2	jyut6			4
6454	焫	焫	jyt2	jyut6	同爇字		4
6455	𡛟	𡛟	jyt2	jyut6			4
6456	鈅	鈅	jyt2	jyut6	兵器		5
6457	卡	卡	kʰa55	kaa1	關卡；卡片，卡通		1
6458	咖	咖	kʰa55	kaa1	咖啡		1
6459	家	家	kʰa55	kaa1	又音，而～，現在	(語)	1
6460	喀	喀	kʰa55	kaa1	喀嚓		2
6461	旮	旮	kʰa55	kaa1	～旯[la55]頭，苤藍或苤藍的莖	(又)	2
6462	咔	咔	kʰa55	kaa1	象聲詞，笑～～，笑哈哈；譯音用字，咔嘰，咔唑		2
6463	拤	拤	kʰa55	kaa1	掐，本字揢		2
6464	胩	胩	kʰa55	kaa1			3
6465	佧	佧	kʰa55	kaa1	佧佤族		4
6466	揢	揢	kʰa55	kaa1	掐		4
6467	假	假	kʰa33	kaa3	放假，假日	(白)	1
6468	架	架	kʰa33	kaa3	衣架；量詞，一架	(白)	1
6469	駕	驾	kʰa33	kaa3	駕駛，車駕	(白)	1
6470	旮	旮	kʰa33	kaa3	旮旯（角落、偏僻處）		2
6471	髂	髂	kʰa33	kaa3			2
6472	㰤	㰤	kʰa33	kaa3	張口息；大笑		4
6473	咔	咔	kʰa21	kaa4	阻塞，～頸，卡頸，與卡同源	(語)	2
6474	楷	楷	kʰai35	kaai2	楷書		1
6475	鍇	锴	kʰai35	kaai2			2
6476	蒈	蒈	kʰai35	kaai2			3
6477	炌	炌	kʰai33	kaai3			3
6478	咯	咯	kʰak3	kaak3	同喀字，咯痰，咯血		2
6479	喀	喀	kʰak3	kaak3	喀痰，喀血；方～嘞[lak3]，方形貌		2
6480	緙	缂	kʰak3	kaak3	緙絲		2
6481	勘	勘	kʰam55	kaam1		(又)	1
6482	龕	龛	kʰam55	kaam1		(又)	2
6483	坎	坎	kʰam35	kaam2		(又)	1
6484	檻	槛	kʰam35	kaam2	門檻，又作門坎		1
6485	砍	砍	kʰam35	kaam2		(又)	1
6486	坎	坎	kʰan35	kaan2	一～牌，一副牌，即三張順子或同花色的麻將牌	(語)	1
6487	擖	擖	kʰat3	kaat3	刮；撻		4
6488	㓤	㓤	kʰat3	kaat3	剝也		4
6489	校	校	kʰau33	kaau3	學校	(又)	1
6490	銬	铐	kʰau33	kaau3	手銬，鐐銬		1
6491	靠	靠	kʰau33	kaau3			1
6492	犒	犒	kʰau33	kaau3	犒勞		2
6493	㸆	㸆	kʰau33	kaau3			2
6494	鮳	鲓	kʰau33	kaau3			5
6495	剋	克	kʰɐi55	kai1	打、罵，捱～，官話借詞，後起詞	(語)	1
6496	溪	溪	kʰɐi55	kai1			1
6497	稽	稽	kʰɐi55	kai1	稽查，滑稽		1
6498	奚	奚	kʰɐi55	kai1	奚落；姓	(白)	2
6499	蹊	蹊	kʰɐi55	kai1	蹊蹺；蹊徑	(白)	2
6500	嵇	嵇	kʰɐi55	kai1	山名；姓	(白)	2
6501	谿	谿	kʰɐi55	kai1	勃谿，谿壑；姓		3
6502	傒	傒	kʰɐi55	kai1	傒倖	(白)	3
6503	鼷	鼷	kʰɐi55	kai1		(白)	3
6504	騱	𫘬	kʰɐi55	kai1		(白)	3
6505	鸂	㶉	kʰɐi55	kai1			4
6506	徯	徯	kʰɐi55	kai1		(白)	4
6507	磎	磎	kʰɐi55	kai1			4
6508	豀	豀	kʰɐi55	kai1	空也；同谿字	(白)	4
6509	稽	稽	kʰɐi35	kai2	稽首		1
6510	啓	启	kʰɐi35	kai2	啓發，啓動		1
6511	綮	綮	kʰɐi35	kai2	戟支；戟衣		2
6512	呇	呇	kʰɐi35	kai2	明亮的星		3
6513	棨	棨	kʰɐi35	kai2			3
6514	䏿	䏿	kʰɐi35	kai2			4
6515	啟	启	kʰɐi35	kai2	同啓字		5
6516	契	契	kʰɐi33	kai3	契約，地契；～崽，義子，～弟，本指義弟，今指孌童（因古代常以收義弟爲名收孌童）；老～，姘頭		1
6517	碶	碶	kʰɐi33	kai3			3
6518	瘈	瘈	kʰɐi33	kai3	瘈瘲		4
6519	蟿	蟿	kʰɐi33	kai3			4
6520	克	克	kʰɐk5	kak1	一克，攻克，多用於量詞或克服義	(白)	1
6521	剋	克	kʰɐk5	kak1	剋扣，相剋，剋星	(白)	1
6522	刻	刻	kʰɐk5	kak1	時刻；用刀刻	(白)	1
6523	確	确	kʰɐk5	kak1	犖[lɐk5]～，路不平或說話結巴，與硠砊對轉；硬～～，很硬，與亢[kʰɐŋ33]（強也）對轉	(白)	1
6524	喀	喀	kʰɐk5	kak1	瘦嚜[mɐk5]～，很瘦，與躿對轉	(語)	2
6525	氪	氪	kʰɐk5	kak1		(白)	2
6526	禁	禁	kʰɐm55	kam1	弱不禁風；耐久，耐受		1
6527	襟	襟	kʰɐm55	kam1	襟懷，衣襟；老～，連襟		1
6528	衾	衾	kʰɐm55	kam1			2
6529	衿	衿	kʰɐm55	kam1			2
6530	扻	扻	kʰɐm35	kam2	摑，～一巴掌	(白)	4
6531	冚	冚	kʰɐm35	kam2	俗字，蓋，本字𠖫		4
6532	𠖫	𠖫	kʰɐm35	kam2	蓋，與䆟對轉，俗字冚		4
6533	擒	擒	kʰɐm21	kam4			1
6534	琴	琴	kʰɐm21	kam4			1
6535	禽	禽	kʰɐm21	kam4			1
6536	噙	噙	kʰɐm21	kam4			2
6537	岑	岑	kʰɐm21	kam4	地名，岑溪，讀同芩	(又)	2
6538	檎	檎	kʰɐm21	kam4			2
6539	涔	涔	kʰɐm21	kam4		(又)	2
6540	芩	芩	kʰɐm21	kam4	黃芩		2
6541	梣	梣	kʰɐm21	kam4		(又)	3
6542	黚	黚	kʰɐm21	kam4	黃/藍～～，深黃/藍色	(白)	4
6543	蠄	蠄	kʰɐm21	kam4	蟲名；〈語〉～螺，蜘蛛，～蟝，蟾蜍		4
6544	扲	扲	kʰɐm21	kam4	同擒字		5
6545	妗	妗	kʰɐm24	kam5	～母[mu35]，舅母，～婆，舅奶奶，本爲舅母受後字逆同化而來		2
6546	勤	勤	kʰɐn21	kan4			1
6547	芹	芹	kʰɐn21	kan4			1
6548	矜	矜	kʰɐn21	kan4	矛柄也	(古)	2
6549	廑	廑	kʰɐn21	kan4	通勤字		3
6550	慬	慬	kʰɐn21	kan4			3
6551	懃	懃	kʰɐn21	kan4			4
6552	近	近	kʰɐn24	kan5	附近，行近，接近，多用於地點、距離等具體義的近	(白)	1
6553	肫	肫	kʰɐn24	kan5	禽類的胃（百姓以爲禽的腎），本字䐃	(訓)	2
6554	䐃	䐃	kʰɐn24	kan5	禽類的胃（百姓以爲禽的腎），俗字肫	(白)	3
6555	鏗	铿	kʰɐŋ55	kang1	鏗鏘	(白)	2
6556	躿	躿	kʰɐŋ55	kang1	瘦蜢[mɐŋ55]～，瘦貌，與喀對轉	(語)	4
6557	啃	啃	kʰɐŋ35	kang2	啃骨頭	(白)	1
6558	哽	哽	kʰɐŋ35	kang2	～頸，（飯、菜）卡頸	(白)	2
6559	鯁	鲠	kʰɐŋ35	kang2	～頸，（魚骨、魚刺）卡頸	(白)	2
6560	骾	鲠	kʰɐŋ35	kang2	～頸，（骨頭）卡頸	(白)	4
6561	亢	亢	kʰɐŋ33	kang3	（菸、酒）勁大，～喉，嗆喉；（人）高傲，～赳[tɐu35]，目中無人，與確[kʰɐk5]（堅也）對轉，上古陽部，極也、強也、高也，俗字掯	(白)	1
6562	裉	裉	kʰɐŋ33	kang3			2
6563	掯	掯	kʰɐŋ33	kang3	強取也；〈語〉（菸、酒）勁大，（人）高傲，本字亢，強也、高也；半掕[lɐŋ33]～，半途、半路，本字硠砊		4
6564	砊	砊	kʰɐŋ33	kang3	半硠[lɐŋ33]～，半途、半路，與犖確對轉，俗字掕掯	(白)	4
6565	吸	吸	kʰɐp5	kap1			1
6566	級	级	kʰɐp5	kap1	級別，年級；臺階兒，碼頭～、石～，石階		1
6567	給	给	kʰɐp5	kap1	供給，給予		1
6568	汲	汲	kʰɐp5	kap1			2
6569	歙	歙	kʰɐp5	kap1	同吸字		2
6570	笈	笈	kʰɐp5	kap1	祕笈		2
6571	伋	伋	kʰɐp5	kap1			3
6572	㴔	㴔	kʰɐp5	kap1			3
6573	熻	熻	kʰɐp5	kap1			3
6574	䆟	䆟	kʰɐp5	kap1	蓋，與𠖫對轉，俗字扱	(白)	4
6575	噏	噏	kʰɐp5	kap1	同吸字；收斂		4
6576	扱	扱	kʰɐp5	kap1	收斂		5
6577	咳	咳	kʰɐt5	kat1	咳嗽		1
6578	欬	欬	kʰɐt5	kat1	咳嗽		4
6579	摳	抠	kʰɐu55	kau1	挖，～牆壁；提起、搊起，～張凳過來；帶子，馬騮～，紮有紅帶子的猴子形狀的香囊，端午節時佩戴		1
6580	瞘	眍	kʰɐu55	kau1	眼瞘		2
6581	芤	芤	kʰɐu55	kau1			3
6582	彄	𫸩	kʰɐu55	kau1			3
6583	叩	叩	kʰɐu33	kau3	叩頭		1
6584	寇	寇	kʰɐu33	kau3			1
6585	扣	扣	kʰɐu33	kau3	扣住，折扣，紐扣		1
6586	釦	扣	kʰɐu33	kau3	金飾；同扣字，紐扣		1
6587	構	构	kʰɐu33	kau3	結構，構造	(白)	1
6588	灸	灸	kʰɐu33	kau3	鍼灸，艾灸	(白)	1
6589	購	购	kʰɐu33	kau3	購買，採購	(白)	1
6590	佝	佝	kʰɐu33	kau3	佝瞀		2
6591	媾	媾	kʰɐu33	kau3		(白)	2
6592	蔻	蔻	kʰɐu33	kau3			2
6593	覯	觏	kʰɐu33	kau3		(白)	2
6594	筘	筘	kʰɐu33	kau3			3
6595	怐	怐	kʰɐu33	kau3			4
6596	鷇	𬆮	kʰɐu33	kau3			4
6597	䍍	䍍	kʰɐu33	kau3	未燒瓦器		4
6598	搆	搆	kʰɐu33	kau3		(白)	5
6599	构	构	kʰɐu33	kau3		(白)	5
6600	仇	仇	kʰɐu21	kau4	姓，俗讀仇敵之仇		1
6601	求	求	kʰɐu21	kau4			1
6602	球	球	kʰɐu21	kau4			1
6603	裘	裘	kʰɐu21	kau4			2
6604	俅	俅	kʰɐu21	kau4			2
6605	巰	巯	kʰɐu21	kau4			2
6606	犰	犰	kʰɐu21	kau4			2
6607	艽	艽	kʰɐu21	kau4	遠荒		2
6608	虯	虬	kʰɐu21	kau4			2
6609	賕	赇	kʰɐu21	kau4			2
6610	逑	逑	kʰɐu21	kau4			2
6611	璆	璆	kʰɐu21	kau4			3
6612	訄	訄	kʰɐu21	kau4			3
6613	釓	钆	kʰɐu21	kau4	同釚字		3
6614	鼽	鼽	kʰɐu21	kau4			3
6615	銶	𨱇	kʰɐu21	kau4			3
6616	莍	莍	kʰɐu21	kau4			4
6617	㞗	㞗	kʰɐu21	kau4			4
6618	毬	毬	kʰɐu21	kau4			5
6619	釚	𫟲	kʰɐu21	kau4			5
6620	臼	臼	kʰɐu24	kau5	石臼，脫臼		1
6621	舅	舅	kʰɐu24	kau5			1
6622	桕	桕	kʰɐu24	kau5	烏桕樹		2
6623	䊆	䊆	kʰɐu24	kau5	舂糗也		4
6624	屎	屎	kʰɛ55	ke1	屎，曉母讀如溪母，俗字𡲢	(白)	1
6625	茄	茄	kʰɛ55	ke1	茄哩啡，龍套、小角色，英語carefree，後起詞	(外)	1
6626	咦	咦	kʰɛ55	ke1	笑～～，笑呵呵，曉母讀如溪母	(白)	2
6627	茄	茄	kʰɛ35	ke2	茄汁；〈又〉雪茄	(白)	1
6628	奇	奇	kʰɛ21	ke4	～離[lɛ21]，古怪	(白)	1
6629	茄	茄	kʰɛ21	ke4	番茄，茄子，茄瓜；〈又〉雪茄		1
6630	騎	骑	kʰɛ21	ke4	騎馬，騎兵		1
6631	伽	伽	kʰɛ21	ke4	伽藍		2
6632	癿	癿	kʰɛ21	ke4			3
6633	喀	喀	kʰɛk5	kek1	瘦嚜[mɛk5]～，很瘦，與躿對轉	(語)	2
6634	屐	屐	kʰɛk5	kek1	木屐，雪屐（溜冰鞋）	(白)	2
6635	劇	剧	kʰɛk2	kek6	劇烈；戲劇		1
6636	屐	屐	kʰɛk2	kek6	棕屐	(文)	2
6637	鉗	钳	kʰɛm21	kem4	老虎鉗，蟛鉗（小河蟹）；〈語〉象聲詞，咳～～，不停地咳嗽	(白)	1
6638	箝	箝	kʰɛm21	kem4		(白)	5
6639	芡	芡	kʰɛm24	kem5	打～，勾芡	(白)	2
6640	魽	𫠐	kʰɛm24	kem5	俗字，魽魚，學名斑點叉尾鮰，又叫鉗魚/溝鮎，英語ChannelCatfish，魽爲音譯	(白)	4
6641	掐	掐	kʰɛn35	ken2	掐（脖子），～頸，本字搴	(訓)	1
6642	搴	搴	kʰɛn35	ken2	掐（脖子），～頸	(白)	2
6643	躿	躿	kʰɛŋ35	keng2	瘦蜢[mɛŋ35]～，瘦貌，與喀對轉	(語)	4
6644	擎	擎	kʰɛŋ21	keng4	靈[lɛŋ21]～，靈驗，實爲靈的分音，又或源自靈奇，奇受前字順同化爲擎	(白)	1
6645	咳	咳	kʰɛt5	ket1	笑～～，笑呵呵，當源自笑吃吃	(白)	1
6646	橛	橛	kʰɛt5	ket1	量詞，截，斷～，斷成兩截	(白)	2
6647	交	交	kʰɛu55	keu1	交叉	(又)	1
6648	翹	翘	kʰɛu55	keu1	翹腳（翹二郎腿，源自蹺），翹手（抄着手，源自蹺）；乾～～，乾貌，硬～～，很硬；閜[kʰɔ21]寥[lɛu55]～，彎彎曲曲	(白)	1
6649	膠	胶	kʰɛu55	keu1	糖～，無紙包的手工製糖塊	(又)	1
6650	蹺	跷	kʰɛu55	keu1	蹺腳（翹二郎腿），蹺手（抄着手）	(白)	1
6651	橇	橇	kʰɛu55	keu1	雪橇	(白)	2
6652	蹻	𫏋	kʰɛu55	keu1	同蹺字	(白)	4
6653	繑	繑	kʰɛu55	keu1		(白)	5
6654	巧	巧	kʰɛu35	keu2		(罕)	1
6655	撬	撬	kʰɛu33	keu3	亂翻、翻找，疑本字趬		1
6656	翹	翘	kʰɛu21	keu4	～翹[kʰɛu55]，死亡	(語)	1
6657	崎	崎	kʰi55	ki1	崎嶇		1
6658	畸	畸	kʰi55	ki1			1
6659	咦	咦	kʰi55	ki1	又音，笑～～，笑呵呵，曉母讀如溪母	(白)	2
6660	攲	攲	kʰi55	ki1	傾斜		3
6661	欹	欹	kʰi55	ki1	同攲字，傾斜		3
6662	觭	觭	kʰi55	ki1	角一俯一仰		3
6663	踦	踦	kʰi55	ki1	腳跛		3
6664	企	企	kʰi35	ki2	屋～，家裏，老派也說屋起、屋底，源自屋下，避諱下，轉讀企/起	(語)	1
6665	婍	婍	kʰi35	ki2	貌好		3
6666	亟	亟	kʰi33	ki3	亟請		2
6667	唭	唭	kʰi33	ki3			5
6668	其	其	kʰi21	ki4	其他		1
6669	奇	奇	kʰi21	ki4	奇怪		1
6670	崎	崎	kʰi21	ki4	地名，長崎（在日本）		1
6671	旗	旗	kʰi21	ki4			1
6672	期	期	kʰi21	ki4	日期		1
6673	棋	棋	kʰi21	ki4			1
6674	歧	歧	kʰi21	ki4			1
6675	祈	祈	kʰi21	ki4	祈求，祈福；千～，千萬（副詞）		1
6676	鰭	鳍	kʰi21	ki4			1
6677	俟	俟	kʰi21	ki4	万俟（複姓）		2
6678	岐	岐	kʰi21	ki4			2
6679	淇	淇	kʰi21	ki4			2
6680	琦	琦	kʰi21	ki4			2
6681	琪	琪	kʰi21	ki4			2
6682	祁	祁	kʰi21	ki4			2
6683	祇	祇	kʰi21	ki4	神祇		2
6684	祺	祺	kʰi21	ki4			2
6685	耆	耆	kʰi21	ki4	耆老，耆宿		2
6686	麒	麒	kʰi21	ki4			2
6687	亓	亓	kʰi21	ki4			2
6688	伎	伎	kʰi21	ki4	伎伎		2
6689	圻	圻	kʰi21	ki4	地的邊界；姓		2
6690	綦	綦	kʰi21	ki4	綦巾；姓		2
6691	萁	萁	kʰi21	ki4	豆萁		2
6692	蘄	蕲	kʰi21	ki4			2
6693	蟣	虮	kʰi21	ki4	水蛭		2
6694	蜞	蜞	kʰi21	ki4			2
6695	錡	锜	kʰi21	ki4	穿木鑿；三足釜		2
6696	頎	颀	kʰi21	ki4			2
6697	騏	骐	kʰi21	ki4			2
6698	芪	芪	kʰi21	ki4			2
6699	埼	埼	kʰi21	ki4			3
6700	跂	跂	kʰi21	ki4	足多趾		3
6701	鯕	鲯	kʰi21	ki4			3
6702	軝	𬨂	kʰi21	ki4			3
6703	隑	𬮿	kʰi21	ki4	同碕字		3
6704	䓫	䓫	kʰi21	ki4			3
6705	愭	愭	kʰi21	ki4			3
6706	𨙸	𨙸	kʰi21	ki4			3
6707	旂	旂	kʰi21	ki4	竿頭繫鈴的旗；同旗字		4
6708	碁	碁	kʰi21	ki4			4
6709	碕	碕	kʰi21	ki4			4
6710	衹	衹	kʰi21	ki4	衹衼		4
6711	棊	棊	kʰi21	ki4			4
6712	𤪌	𤪌	kʰi21	ki4			4
6713	忯	忯	kʰi21	ki4	忯忯；敬也		5
6714	鬾	鬾	kʰi21	ki4	小兒鬼		5
6715	企	企	kʰi24	ki5	企業，企求		1
6716	徛	徛	kʰi24	ki5	站立；～理，整齊、整潔		3
6717	跂	跂	kʰi24	ki5	踮起腳跟		3
6718	擊	击	kʰek5	kik1	二四有～，勢均力敵	(又)	1
6719	隙	隙	kʰek5	kik1	縫隙，空隙	(常)	1
6720	𠽤	𠽤	kʰek5	kik1	象聲詞，～嚦[lek5]硞[kʷʰɐk5]嘞[lɐk5]，各種事物		4
6721	鉗	钳	kʰim21	kim4		(文)	1
6722	黔	黔	kʰim21	kim4	黔首，黔驢技窮		1
6723	鈐	钤	kʰim21	kim4			2
6724	黚	黚	kʰim21	kim4	淺黃黑色		4
6725	箝	箝	kʰim21	kim4		(文)	5
6726	扲	扲	kʰim21	kim4	基業		5
6727	鉆	鉆	kʰim21	kim4	同鉗字		5
6728	魽	𫠐	kʰim24	kim5		(文)	4
6729	搴	搴	kʰin35	kin2	揭、掀，～開蓋，與揭對轉	(白)	2
6730	乾	乾	kʰin21	kin4	乾坤，乾隆		1
6731	虔	虔	kʰin21	kin4	虔誠，虔心		2
6732	掮	掮	kʰin21	kin4	掮客；肩扛，源自𠢅/𠢍		2
6733	犍	犍	kʰin21	kin4	犍爲縣	(又)	2
6734	墘	墘	kʰin21	kin4			3
6735	揵	揵	kʰin21	kin4	舉也		4
6736	傾	倾	kʰeŋ55	king1	傾盡，傾斜，傾向；〈語〉聊，～大聖，閒聊；〈外〉撲克的K，英語King		1
6737	頃	顷	kʰeŋ35	king2	頃刻，公頃		1
6738	檾	苘	kʰeŋ35	king2	檾麻		2
6739	苘	苘	kʰeŋ35	king2	同檾字，苘麻		2
6740	廎	庼	kʰeŋ35	king2			3
6741	凝	凝	kʰeŋ21	king4	（豬油等）凝結，疑母讀如群母	(白)	1
6742	擎	擎	kʰeŋ21	king4	引擎，擎天柱		1
6743	澄	澄	kʰeŋ21	king4	澄清（水、液體）	(語)	1
6744	瓊	琼	kʰeŋ21	king4			1
6745	鯨	鲸	kʰeŋ21	king4			1
6746	檠	檠	kʰeŋ21	king4			2
6747	煢	茕	kʰeŋ21	king4			2
6748	黥	黥	kʰeŋ21	king4			2
6749	勍	勍	kʰeŋ21	king4			3
6750	嬛	嬛	kʰeŋ21	king4	美好；同煢字		3
6751	藑	藑	kʰeŋ21	king4			4
6752	擏	擏	kʰeŋ21	king4	同擎/檠字		5
6753	璚	璚	kʰeŋ21	king4	同瓊字		5
6754	瞏	瞏	kʰeŋ21	king4			5
6755	劫	劫	kʰip3	kip3		(罕)	1
6756	契	契	kʰit3	kit3	契闊；契丹		1
6757	揭	揭	kʰit3	kit3	揭開，按揭，與掀或搴對轉		1
6758	竭	竭	kʰit3	kit3	竭力，枯竭		1
6759	蠍	蝎	kʰit3	kit3	蠍子，蛇蠍	(白)	1
6760	孑	孑	kʰit3	kit3			2
6761	挈	挈	kʰit3	kit3	提綱挈領，帶挈		2
6762	羯	羯	kʰit3	kit3			2
6763	訐	讦	kʰit3	kit3			2
6764	詰	诘	kʰit3	kit3	詰問		2
6765	鍥	锲	kʰit3	kit3	鍥而不捨		2
6766	頡	颉	kʰit3	kit3			2
6767	黠	黠	kʰit3	kit3	讀同詰	(又)	2
6768	劼	劼	kʰit3	kit3			2
6769	擷	撷	kʰit3	kit3			2
6770	碣	碣	kʰit3	kit3			2
6771	纈	缬	kʰit3	kit3	採纈		2
6772	絜	絜	kʰit3	kit3	度量		3
6773	蛣	蛣	kʰit3	kit3	蛣蜣		4
6774	襭	襭	kʰit3	kit3			4
6775	蝎	蝎	kʰit3	kit3	同蠍字	(白)	5
6776	巧	巧	kʰiu35	kiu2	巧妙，技巧；啱巧（湊巧），偷巧（取巧），七巧（猜碼口令，數字七）	(白)	1
6777	蹺	跷	kʰiu35	kiu2	蹊蹺，高蹺（口語稱高腳、高腳瘸，腳本字屩）		1
6778	巧	巧	kʰiu33	kiu3	背[pɐi33]～，倒楣，又作閉竅，官話借詞	(語)	1
6779	竅	窍	kʰiu33	kiu3	出竅，竅門，訣竅		1
6780	喬	乔	kʰiu21	kiu4	喬木；姓		1
6781	僑	侨	kʰiu21	kiu4			1
6782	橋	桥	kʰiu21	kiu4			1
6783	翹	翘	kʰiu21	kiu4	銀翹，翹首		1
6784	嶠	峤	kʰiu21	kiu4	山尖而高		2
6785	蕎	荞	kʰiu21	kiu4			2
6786	鞽	鞒	kʰiu21	kiu4			2
6787	礄	硚	kʰiu21	kiu4			3
6788	趫	趫	kʰiu21	kiu4			5
6789	藠	藠	kʰiu24	kiu5	藠頭，匣母讀如群母		2
6790	皛	皛	kʰiu24	kiu5			3
6791	棵	棵	kʰɔ55	ko1	一棵		1
6792	苛	苛	kʰɔ55	ko1			1
6793	蝌	蝌	kʰɔ55	ko1	蝌蚪	(白)	1
6794	柯	柯	kʰɔ55	ko1			2
6795	軻	轲	kʰɔ55	ko1			2
6796	牁	牁	kʰɔ55	ko1			2
6797	珂	珂	kʰɔ55	ko1			2
6798	稞	稞	kʰɔ55	ko1			2
6799	砢	砢	kʰɔ55	ko1	砢磣；同珂字		4
6800	鈳	钶	kʰɔ55	ko1	鈮的舊譯		4
6801	樖	樖	kʰɔ55	ko1	樹枝交連		5
6802	坷	坷	kʰɔ35	ko2		(又)	1
6803	顆	颗	kʰɔ35	ko2	一顆，顆粒		1
6804	課	课	kʰɔ33	ko3	上課，課文	(白)	1
6805	騍	骒	kʰɔ33	ko3		(白)	2
6806	閜	閜	kʰɔ21	ko4	彎曲、捲曲，～寥[lɛu55]翹[kʰɛu55]，彎彎曲曲；案，寥翹源自料峭/嶚峭，而閜[kʰɔ21]或與跪（曲膝）同源，跪上古音[*kʰʳolʔ/gʳolʔ]	(語)	4
6807	卻	却	kʰœk3	koek3			1
6808	覺	觉	kʰœk3	koek3	感覺，覺得，知覺	(常)	1
6809	噱	噱	kʰœk2	koek6	大笑；噱頭，俗作謔頭		2
6810	臄	臄	kʰœk2	koek6			5
6811	僵	僵	kʰœŋ55	koeng1	凍僵	(白)	1
6812	疆	疆	kʰœŋ55	koeng1	新疆，邊疆，疆域	(白)	1
6813	腔	腔	kʰœŋ55	koeng1	腔調，幫腔，讀同羌	(又)	1
6814	繮	缰	kʰœŋ55	koeng1	繮繩，脫繮	(白)	1
6815	羌	羌	kʰœŋ55	koeng1	羌族，羌笛；姓		2
6816	蜣	蜣	kʰœŋ55	koeng1			2
6817	韁	缰	kʰœŋ55	koeng1	同繮字	(白)	4
6818	殭	僵	kʰœŋ55	koeng1	殭屍	(白)	4
6819	彊	彊	kʰœŋ55	koeng1	同疆字	(白)	5
6820	強	强	kʰœŋ35	koeng2	勉強；倔強	(又)	1
6821	鏹	镪	kʰœŋ35	koeng2		(又)	2
6822	彊	彊	kʰœŋ35	koeng2	同強字	(又)	5
6823	強	强	kʰœŋ21	koeng4	強大，堅強		1
6824	蔃	蔃	kʰœŋ21	koeng4	蔃莍		3
6825	彊	彊	kʰœŋ21	koeng4	同強字		5
6826	強	强	kʰœŋ24	koeng5	勉強；倔強		1
6827	羥	羟	kʰœŋ24	koeng5	羥基		2
6828	膙	膙	kʰœŋ24	koeng5			2
6829	襁	襁	kʰœŋ24	koeng5	襁褓		2
6830	鏹	镪	kʰœŋ24	koeng5	鏹水，白鏹		2
6831	弶	弶	kʰœŋ24	koeng5			3
6832	勥	勥	kʰœŋ24	koeng5	迫也		4
6833	彊	彊	kʰœŋ24	koeng5	同強字		5
6834	繈	繈	kʰœŋ24	koeng5			5
6835	凱	凯	kʰɔi35	koi2		(白)	1
6836	剴	剀	kʰɔi35	koi2		(白)	2
6837	愷	恺	kʰɔi35	koi2		(白)	2
6838	鎧	铠	kʰɔi35	koi2		(白)	2
6839	闓	闿	kʰɔi35	koi2		(白)	2
6840	塏	垲	kʰɔi35	koi2		(白)	3
6841	丐	丐	kʰɔi33	koi3	乞丐，丐幫	(白)	1
6842	慨	慨	kʰɔi33	koi3	慷慨，感慨		1
6843	概	概	kʰɔi33	koi3			1
6844	溉	溉	kʰɔi33	koi3			1
6845	鈣	钙	kʰɔi33	koi3	鈣化，補鈣		1
6846	愾	忾	kʰɔi33	koi3			2
6847	戤	戤	kʰɔi33	koi3			3
6848	愒	愒	kʰɔi33	koi3	貪也		4
6849	嘅	嘅	kʰɔi33	koi3	同慨字		4
6850	摡	摡	kʰɔi33	koi3	洗滌；主也		5
6851	噱	噱	kʰɔk5	kok1	詞綴，笑～～，笑哈哈	(語)	2
6852	廓	廓	kʰɔk3	kok3	輪廓，廓清		1
6853	擴	扩	kʰɔk3	kok3		(又)	1
6854	擱	搁	kʰɔk3	kok3	擱腳，耽擱	(白)	1
6855	確	确	kʰɔk3	kok3	的確，確定		1
6856	覺	觉	kʰɔk3	kok3	感覺，覺得，知覺	(白)	1
6857	郭	郭	kʰɔk3	kok3			1
6858	霍	霍	kʰɔk3	kok3	霍亂，揮霍；姓		1
6859	壑	壑	kʰɔk3	kok3			2
6860	恪	恪	kʰɔk3	kok3			2
6861	攫	攫	kʰɔk3	kok3			2
6862	槨	椁	kʰɔk3	kok3			2
6863	榷	榷	kʰɔk3	kok3	商榷		2
6864	涸	涸	kʰɔk3	kok3	乾涸，枯涸；〈語〉特指喉嚨乾		2
6865	钁	䦆	kʰɔk3	kok3	大鋤		2
6866	愨	悫	kʰɔk3	kok3			2
6867	攉	攉	kʰɔk3	kok3			2
6868	矍	矍	kʰɔk3	kok3	矍鑠		2
6869	藿	藿	kʰɔk3	kok3	藿香，藜藿		2
6870	觳	觳	kʰɔk3	kok3	瘠薄		2
6871	埆	埆	kʰɔk3	kok3			3
6872	崞	崞	kʰɔk3	kok3			3
6873	漷	漷	kʰɔk3	kok3			3
6874	玃	玃	kʰɔk3	kok3			3
6875	蠼	蠼	kʰɔk3	kok3	母猴		3
6876	礐	𬒈	kʰɔk3	kok3			3
6877	㸌	㸌	kʰɔk3	kok3			3
6878	劐	劐	kʰɔk3	kok3	裂也		3
6879	彉	彉	kʰɔk3	kok3	張也		4
6880	搉	搉	kʰɔk3	kok3	敲擊；通榷字		4
6881	硞	硞	kʰɔk3	kok3	石聲；堅固；〈語〉～頭，磕頭		4
6882	臛	臛	kʰɔk3	kok3			4
6883	㺢	㺢	kʰɔk3	kok3			4
6884	彍	𭚦	kʰɔk3	kok3	同彉字		4
6885	曤	曤	kʰɔk3	kok3			5
6886	矐	矐	kʰɔk3	kok3			5
6887	确	确	kʰɔk3	kok3			5
6888	碻	碻	kʰɔk3	kok3			5
6889	慷	慷	kʰɔŋ55	kong1	慷慨	(白)	1
6890	框	框	kʰɔŋ55	kong1		(文)	1
6891	眶	眶	kʰɔŋ55	kong1		(文)	1
6892	筐	筐	kʰɔŋ55	kong1		(文)	1
6893	匡	匡	kʰɔŋ55	kong1		(文)	2
6894	誆	诓	kʰɔŋ55	kong1		(文)	2
6895	哐	哐	kʰɔŋ55	kong1		(文)	2
6896	洭	洭	kʰɔŋ55	kong1		(文)	3
6897	劻	劻	kʰɔŋ55	kong1		(文)	4
6898	㑌	㑌	kʰɔŋ55	kong1		(文)	4
6899	況	况	kʰɔŋ33	kong3			1
6900	擴	扩	kʰɔŋ33	kong3	擴充，擴大		1
6901	抗	抗	kʰɔŋ33	kong3	反抗，抗戰，抗爭		1
6902	曠	旷	kʰɔŋ33	kong3	空曠，曠野		1
6903	炕	炕	kʰɔŋ33	kong3	火炕，炕頭		1
6904	礦	矿	kʰɔŋ33	kong3			1
6905	亢	亢	kʰɔŋ33	kong3	亢奮		1
6906	伉	伉	kʰɔŋ33	kong3			2
6907	壙	圹	kʰɔŋ33	kong3			2
6908	獷	犷	kʰɔŋ33	kong3	讀同礦/曠	(又)	2
6909	夼	夼	kʰɔŋ33	kong3			2
6910	貺	贶	kʰɔŋ33	kong3			2
6911	鄺	邝	kʰɔŋ33	kong3			2
6912	纊	纩	kʰɔŋ33	kong3	絲綿絮		3
6913	鈧	钪	kʰɔŋ33	kong3			3
6914	閌	闶	kʰɔŋ33	kong3	閌閬		3
6915	囥	囥	kʰɔŋ33	kong3	藏也		4
6916	砊	砊	kʰɔŋ33	kong3	石聲		4
6917	爌	爌	kʰɔŋ33	kong3			5
6918	穬	穬	kʰɔŋ33	kong3			5
6919	扛	扛	kʰɔŋ21	kong4	扛起，扛槍，源自抗，匣母讀如群母；馬螂～，螳螂		1
6920	狂	狂	kʰɔŋ21	kong4			1
6921	誑	诳	kʰɔŋ21	kong4			2
6922	鵟	𫛭	kʰɔŋ21	kong4			3
6923	俇	俇	kʰɔŋ21	kong4	俇攘		4
6924	枯	枯	kʰu55	ku1	乾枯，枯萎，枯竭	(白)	1
6925	骷	骷	kʰu55	ku1	骷髏	(白)	2
6926	箍	箍	kʰu55	ku1			2
6927	圐	圐	kʰu55	ku1			3
6928	葫	葫	kʰu21	ku4	葫蘆，又作瓠字，匣母讀如群母	(白)	1
6929	瓠	瓠	kʰu21	ku4	瓠蘆，即葫蘆，匣母讀如群母；〈又〉瓠瓜	(白)	2
6930	曲	曲	kʰʊk5	kuk1	曲折；歌曲；姓		1
6931	酷	酷	kʰʊk5	kuk1		(又)	1
6932	鞠	鞠	kʰʊk5	kuk1	鞠躬	(又)	1
6933	麴	麹	kʰʊk5	kuk1	酒麴（口語稱酒餅）；姓		1
6934	嗑	嗑	kʰʊk5	kuk1	又音，～瓜子，本字硞	(訓)	2
6935	噱	噱	kʰʊk5	kuk1	又音，詞綴，笑～～，笑哈哈	(語)	2
6936	蛐	蛐	kʰʊk5	kuk1			2
6937	𪨰	𪨰	kʰʊk5	kuk1			3
6938	硞	硞	kʰʊk5	kuk1	碌硞；〈語〉又音，～瓜子，嗑瓜子；詞綴，咬～～，咬硬物貌，新～～，很新、簇新，硬～～，很硬		4
6939	麯	曲	kʰʊk5	kuk1	同麴字		5
6940	焅	焅	kʰʊk5	kuk1		(又)	5
6941	碽	䂵	kʰʊŋ55	kung1	響～～，咚咚響	(語)	5
6942	孔	孔	kʰʊŋ35	kung2		(又)	1
6943	鞏	巩	kʰʊŋ35	kung2		(又)	1
6944	恐	恐	kʰʊŋ35	kung2		(又)	1
6945	控	控	kʰʊŋ33	kung3		(又)	1
6946	窮	穷	kʰʊŋ21	kung4			1
6947	穹	穹	kʰʊŋ21	kung4			2
6948	筇	筇	kʰʊŋ21	kung4			2
6949	蛩	蛩	kʰʊŋ21	kung4			2
6950	邛	邛	kʰʊŋ21	kung4			2
6951	藭	䓖	kʰʊŋ21	kung4			3
6952	銎	銎	kʰʊŋ21	kung4			3
6953	跫	跫	kʰʊŋ21	kung4	蹋地聲；人行聲		4
6954	垮	垮	kʷʰa55	kwaa1	垮臺，打垮		1
6955	夸	夸	kʷʰa55	kwaa1	奢侈；夸父；夸克		1
6956	誇	夸	kʷʰa55	kwaa1	誇獎，浮誇		1
6957	跨	跨	kʷʰa55	kwaa1	跨越，跨過，讀同夸		1
6958	侉	侉	kʷʰa55	kwaa1	疲憊；同夸字		2
6959	胯	胯	kʷʰa55	kwaa1	胯部，胯骨，讀同跨/夸		2
6960	姱	姱	kʷʰa55	kwaa1			3
6961	骻	骻	kʷʰa55	kwaa1	同胯字		5
6962	垮	垮	kʷʰa35	kwaa2	打垮	(又)	1
6963	侉	侉	kʷʰa35	kwaa2	粗笨；口音不正		2
6964	挎	挎	kʷʰa33	kwaa3	挎包		1
6965	拐	拐	kʷʰai35	kwaai2	拐棍	(又)	1
6966	枴	拐	kʷʰai35	kwaai2		(又)	1
6967	蒯	蒯	kʷʰai35	kwaai2	蒯草；姓		2
6968	柺	拐	kʷʰai35	kwaai2		(又)	5
6969	擓	㧟	kʷʰai24	kwaai5	舀，～水，又作㨤字		2
6970	㨤	㧟	kʷʰai24	kwaai5	同擓字		5
6971	廓	廓	kʷʰak3	kwaak3	框、圈，眼～，眼眶，四方～，四方欄兒，方～嘞[lak3]，方形貌，與框或纊對轉，上古鐸部	(白)	1
6972	霍	霍	kʷʰak3	kwaak3	～炩[leŋ22]，閃電，源自霍閃	(白)	1
6973	框	框	kʷʰaŋ55	kwaang1	門框，框住	(白)	1
6974	眶	眶	kʷʰaŋ55	kwaang1	眼眶	(白)	1
6975	筐	筐	kʷʰaŋ55	kwaang1		(白)	1
6976	匡	匡	kʷʰaŋ55	kwaang1		(白)	2
6977	誆	诓	kʷʰaŋ55	kwaang1		(白)	2
6978	哐	哐	kʷʰaŋ55	kwaang1	象聲詞，傾鈴[leŋ55]～啷[laŋ55]，器皿碰撞聲	(白)	2
6979	洭	洭	kʷʰaŋ55	kwaang1		(白)	3
6980	劻	劻	kʷʰaŋ55	kwaang1		(白)	4
6981	㑌	㑌	kʷʰaŋ55	kwaang1		(白)	4
6982	梗	梗	kʷʰaŋ35	kwaang2	菜梗，豆梗	(白)	1
6983	摜	掼	kʷʰaŋ33	kwaang3	扔、丟，疑本字逛，走貌	(語)	2
6984	哐	哐	kʷʰaŋ21	kwaang4	詞綴，高～～、高啷[laŋ21]～，高貌	(語)	2
6985	括	括	kʷʰat3	kwaat3		(又)	1
6986	虧	亏	kʷʰɐi55	kwai1			1
6987	盔	盔	kʷʰɐi55	kwai1	頭盔，盔甲		1
6988	窺	窥	kʷʰɐi55	kwai1			1
6989	規	规	kʷʰɐi55	kwai1			1
6990	巋	岿	kʷʰɐi55	kwai1			2
6991	巂	嶲	kʷʰɐi55	kwai1	子巂		3
6992	櫆	櫆	kʷʰɐi55	kwai1		(又)	3
6993	鬹	鬶	kʷʰɐi55	kwai1			3
6994	嶲	嶲	kʷʰɐi55	kwai1	同巂字		5
6995	闚	闚	kʷʰɐi55	kwai1	同窺字		5
6996	傀	傀	kʷʰɐi35	kwai2	傀儡		2
6997	跬	跬	kʷʰɐi35	kwai2			2
6998	煃	煃	kʷʰɐi35	kwai2			3
6999	頍	𫠆	kʷʰɐi35	kwai2			3
7000	磈	磈	kʷʰɐi35	kwai2			4
7001	愧	愧	kʷʰɐi33	kwai3			1
7002	潰	溃	kʷʰɐi33	kwai3	潰爛，崩潰		1
7003	儈	侩	kʷʰɐi33	kwai3			2
7004	檜	桧	kʷʰɐi33	kwai3	喬木名；秦檜		2
7005	膾	脍	kʷʰɐi33	kwai3	膾炙人口		2
7006	劊	刽	kʷʰɐi33	kwai3	劊子手		2
7007	憒	愦	kʷʰɐi33	kwai3			2
7008	澮	浍	kʷʰɐi33	kwai3			2
7009	獪	狯	kʷʰɐi33	kwai3	狡獪		2
7010	聵	聩	kʷʰɐi33	kwai3			2
7011	硊	硊	kʷʰɐi33	kwai3	石硊		3
7012	鄶	郐	kʷʰɐi33	kwai3			3
7013	鱠	鲙	kʷʰɐi33	kwai3			3
7014	闠	阓	kʷʰɐi33	kwai3			4
7015	殨	㱮	kʷʰɐi33	kwai3			4
7016	䙡	䙌	kʷʰɐi33	kwai3			4
7017	嘳	𪡞	kʷʰɐi33	kwai3			5
7018	攜	携	kʷʰɐi21	kwai4	攜帶，攜手，匣母讀如群母		1
7019	癸	癸	kʷʰɐi21	kwai4	俗讀，讀同葵	(常)	1
7020	葵	葵	kʷʰɐi21	kwai4			1
7021	魁	魁	kʷʰɐi21	kwai4			1
7022	奎	奎	kʷʰɐi21	kwai4			2
7023	揆	揆	kʷʰɐi21	kwai4	讀同葵	(又)	2
7024	畦	畦	kʷʰɐi21	kwai4	菜畦		2
7025	睽	睽	kʷʰɐi21	kwai4			2
7026	逵	逵	kʷʰɐi21	kwai4			2
7027	夔	夔	kʷʰɐi21	kwai4			2
7028	暌	暌	kʷʰɐi21	kwai4			2
7029	眭	眭	kʷʰɐi21	kwai4	目深惡視		2
7030	隗	隗	kʷʰɐi21	kwai4	姓		2
7031	馗	馗	kʷʰɐi21	kwai4			2
7032	喹	喹	kʷʰɐi21	kwai4			2
7033	蝰	蝰	kʷʰɐi21	kwai4			2
7034	戣	戣	kʷʰɐi21	kwai4			3
7035	櫆	櫆	kʷʰɐi21	kwai4			3
7036	觿	觿	kʷʰɐi21	kwai4			3
7037	酅	酅	kʷʰɐi21	kwai4			3
7038	騤	骙	kʷʰɐi21	kwai4			3
7039	蠵	蠵	kʷʰɐi21	kwai4			4
7040	揆	揆	kʷʰɐi24	kwai5	揆度，總揆		2
7041	嗑	嗑	kʷʰɐk5	kwak1	～瓜子，本字硞	(訓)	2
7042	钁	䦆	kʷʰɐk5	kwak1	钁頭	(白)	2
7043	搉	搉	kʷʰɐk5	kwak1	斫；劃（火柴）；敲	(白)	4
7044	硞	硞	kʷʰɐk5	kwak1	～瓜子，嗑瓜子；象聲詞，𠽤[kʰek5]嚦[lek5]～嘞[lɐk5]，各種事物；詞綴，新～～，很新、簇新，清～～，水很清	(語)	4
7045	鐝	镢	kʷʰɐk5	kwak1	鐝頭，源自钁	(白)	4
7046	均	均	kʷʰɐn55	kwan1	舊讀，平均，均勻	(白)	1
7047	坤	坤	kʷʰɐn55	kwan1			1
7048	崑	昆	kʷʰɐn55	kwan1	崑崙山		1
7049	昆	昆	kʷʰɐn55	kwan1	昆蟲，昆明		1
7050	鈞	钧	kʷʰɐn55	kwan1	千鈞，鈞鑒	(白)	1
7051	焜	焜	kʷʰɐn55	kwan1			2
7052	琨	琨	kʷʰɐn55	kwan1			2
7053	鋆	鋆	kʷʰɐn55	kwan1	人名用字	(白)	2
7054	錕	锟	kʷʰɐn55	kwan1			2
7055	髡	髡	kʷʰɐn55	kwan1			2
7056	鯤	鲲	kʷʰɐn55	kwan1			2
7057	醌	醌	kʷʰɐn55	kwan1			2
7058	囷	囷	kʷʰɐn55	kwan1			3
7059	堃	堃	kʷʰɐn55	kwan1			3
7060	婫	婫	kʷʰɐn55	kwan1	人名用字		3
7061	鵾	鹍	kʷʰɐn55	kwan1		(白)	3
7062	捆	捆	kʷʰɐn35	kwan2	捆綁		1
7063	綑	捆	kʷʰɐn35	kwan2	織也；同捆字		1
7064	混	混	kʷʰɐn35	kwan2	～社會，出去～，～喺一起，讀同緄	(語)	1
7065	捃	捃	kʷʰɐn35	kwan2	拾也		2
7066	緄	绲	kʷʰɐn35	kwan2	緄邊	(白)	2
7067	閫	阃	kʷʰɐn35	kwan2			2
7068	鯀	鲧	kʷʰɐn35	kwan2		(又)	2
7069	壼	壸	kʷʰɐn35	kwan2			3
7070	悃	悃	kʷʰɐn35	kwan2			3
7071	困	困	kʷʰɐn33	kwan3	困難，圍困		1
7072	睏	困	kʷʰɐn33	kwan3		(文)	1
7073	窘	窘	kʷʰɐn33	kwan3	窘迫		1
7074	羣	群	kʷʰɐn21	kwan4	羣體，一羣人		1
7075	裙	裙	kʷʰɐn21	kwan4			1
7076	麇	麇	kʷʰɐn21	kwan4	成羣		2
7077	群	群	kʷʰɐn21	kwan4	同羣字		4
7078	宭	宭	kʷʰɐn21	kwan4			5
7079	菌	菌	kʷʰɐn24	kwan5			1
7080	䐃	䐃	kʷʰɐn24	kwan5	腸中脂		3
7081	轟	轰	kʷʰɐŋ55	kwang1	轟炸，轟動	(白)	1
7082	纊	纩	kʷʰɐŋ33	kwang3	掛着、絆着，與廓[kʷʰak3]對轉	(語)	3
7083	哐	哐	kʷʰɐŋ21	kwang4	詞綴，高～～、高啷[lɐŋ21]～，高貌	(語)	2
7084	蛙	蛙	kʷʰɛ35	kwe2	小青蛙，擬小蛙鳴聲得名，與蛙同源，上古支部，俗字𧊅	(白)	1
7085	𧊅	𧊅	kʷʰɛ35	kwe2	小青蛙，擬小蛙鳴聲得名，與蛙同源，上古支部	(白)	4
7086	擓	㧟	kʷʰɛ33	kwe3	扒，撥拉	(白)	2
7087	㨤	㧟	kʷʰɛ33	kwe3		(白)	5
7088	瘸	瘸	kʷʰɛ21	kwe4	瘸腿		1
7089	蟝	蟝	kʷʰɛ21	kwe4	又音，蠄～，蟾蜍，或與蛙同源，上古支部	(語)	4
7090	隙	隙	kʷʰek5	kwik1	壁孔也，讀如合口		1
7091	郄	郄	kʷʰek5	kwik1			2
7092	郤	郤	kʷʰek5	kwik1	古地名；通隙字；姓		2
7093	掝	掝	kʷʰek5	kwik1	破裂聲		4
7094	區	区	kʰy55	kyu1	區域		1
7095	嶇	岖	kʰy55	kyu1	崎嶇		1
7096	拘	拘	kʰy55	kyu1	拘留，拘束		1
7097	樞	枢	kʰy55	kyu1	讀同區	(又)	1
7098	軀	躯	kʰy55	kyu1			1
7099	驅	驱	kʰy55	kyu1			1
7100	駒	驹	kʰy55	kyu1	馬駒	(白)	1
7101	佝	佝	kʰy55	kyu1	同拘字		2
7102	祛	祛	kʰy55	kyu1			2
7103	泃	泃	kʰy55	kyu1	水名		3
7104	胠	胠	kʰy55	kyu1			3
7105	袪	袪	kʰy55	kyu1			3
7106	鮈	𬶋	kʰy55	kyu1			3
7107	㭕	㭕	kʰy55	kyu1			3
7108	佉	佉	kʰy55	kyu1			4
7109	痀	痀	kʰy55	kyu1			4
7110	㘗	㘗	kʰy55	kyu1			4
7111	跔	跔	kʰy55	kyu1			4
7112	渠	渠	kʰy21	kyu4	水渠，渠道		1
7113	劬	劬	kʰy21	kyu4			2
7114	瞿	瞿	kʰy21	kyu4	姓		2
7115	衢	衢	kʰy21	kyu4			2
7116	朐	朐	kʰy21	kyu4			2
7117	氍	氍	kʰy21	kyu4			2
7118	璩	璩	kʰy21	kyu4	耳環；玉名；姓		2
7119	磲	磲	kʰy21	kyu4			2
7120	蕖	蕖	kʰy21	kyu4			2
7121	蘧	蘧	kʰy21	kyu4			2
7122	鴝	鸲	kʰy21	kyu4			2
7123	癯	癯	kʰy21	kyu4			2
7124	灈	灈	kʰy21	kyu4			3
7125	蠼	蠼	kʰy21	kyu4	蠼螋		3
7126	鼩	鼩	kʰy21	kyu4			3
7127	籧	籧	kʰy21	kyu4			4
7128	臞	臞	kʰy21	kyu4			4
7129	蟝	蟝	kʰy21	kyu4	蛆蟝；〈語〉蠄～，蟾蜍		4
7130	蠷	蠷	kʰy21	kyu4			4
7131	鸜	𬸱	kʰy21	kyu4			4
7132	軥	軥	kʰy21	kyu4	軛下曲者		5
7133	拒	拒	kʰy24	kyu5			1
7134	渠	渠	kʰy24	kyu5	他，俗字佢，代詞（你我）調類化，語流中易變齊齒陰去	(白)	1
7135	距	距	kʰy24	kyu5	距離，差距		1
7136	岠	岠	kʰy24	kyu5		(又)	3
7137	竘	竘	kʰy24	kyu5			3
7138	佢	佢	kʰy24	kyu5	俗字，他，本字渠，代詞（你我）調類化，語流中易變齊齒陰去		4
7139	𠍲	𠍲	kʰy24	kyu5	同渠字，他		5
7140	拳	拳	kʰyn21	kyun4	拳頭，打拳；～拳，猜碼口令，數字零		1
7141	權	权	kʰyn21	kyun4			1
7142	蜷	蜷	kʰyn21	kyun4			2
7143	顴	颧	kʰyn21	kyun4	顴骨		2
7144	鬈	鬈	kʰyn21	kyun4			2
7145	婘	婘	kʰyn21	kyun4	美好貌		3
7146	惓	惓	kʰyn21	kyun4	惓惓		4
7147	踡	踡	kʰyn21	kyun4			4
7148	觠	觠	kʰyn21	kyun4			5
7149	決	决	kʰyt3	kyut3			1
7150	缺	缺	kʰyt3	kyut3	缺乏，短缺		1
7151	訣	诀	kʰyt3	kyut3			1
7152	厥	厥	kʰyt3	kyut3			2
7153	孓	孓	kʰyt3	kyut3			2
7154	抉	抉	kʰyt3	kyut3			2
7155	獗	獗	kʰyt3	kyut3			2
7156	蕨	蕨	kʰyt3	kyut3	蕨菜		2
7157	譎	谲	kʰyt3	kyut3			2
7158	蹶	蹶	kʰyt3	kyut3	一蹶不振，尥蹶子		2
7159	闋	阕	kʰyt3	kyut3			2
7160	噘	噘	kʰyt3	kyut3	噘嘴		2
7161	撅	撅	kʰyt3	kyut3	翹起；折斷		2
7162	橛	橛	kʰyt3	kyut3	木樁		2
7163	炔	炔	kʰyt3	kyut3	乙炔		2
7164	玦	玦	kʰyt3	kyut3			2
7165	闕	阙	kʰyt3	kyut3	宮闕；失也		2
7166	劂	劂	kʰyt3	kyut3			3
7167	觖	觖	kʰyt3	kyut3			3
7168	鐍	𫔎	kʰyt3	kyut3			3
7169	駃	𫘝	kʰyt3	kyut3	駃騠		3
7170	㵐	㵐	kʰyt3	kyut3			3
7171	砄	砄	kʰyt3	kyut3			3
7172	鴃	𫛞	kʰyt3	kyut3			4
7173	憠	憠	kʰyt3	kyut3	脾氣憠		4
7174	鐝	镢	kʰyt3	kyut3	農具		4
7175	鴂	𱉔	kʰyt3	kyut3			4
7176	璚	璚	kʰyt3	kyut3	同玦字		5
7177	嘞	嘞	lɐ33	la3	語氣詞，喇[la33]的弱讀，進而爲[lə33]	(語)	2
7178	啦	啦	la55	laa1	助詞；啦啦隊		1
7179	喇	喇	la55	laa1	喇叭；象聲詞		1
7180	垃	垃	la55	laa1	坷垃，又作坷拉/𪽇𤰚		1
7181	拉	拉	la55	laa1	卡拉OK；坷拉，同坷垃/𪽇𤰚；同剌字		1
7182	剌	剌	la55	laa1	割開；譯音用字，花剌子模，阿剌伯（阿拉伯的舊譯）		2
7183	旯	旯	la55	laa1	旮[ka55/kʰa55]～頭，苤藍或苤藍的莖		2
7184	鞡	鞡	la55	laa1			2
7185	𤰚	𤰚	la55	laa1			4
7186	喇	喇	la35	laa2	喇嘛		1
7187	辣	辣	la35	laa2	老～，老練、老到，語流音變	(語)	1
7188	剌	剌	la35	laa2	～利，刺激舌頭，又引申爲麻利	(語)	2
7189	揦	揦	la35	laa2	俗字，抓、攬，本字擄，上古魚部		4
7190	喇	喇	la33	laa3	語氣詞，弱讀爲嘞[lɐ33/lə33]或啊[∅a33/∅ə33]		1
7191	旯	旯	la33	laa3	旮旯（角落、偏僻處）		2
7192	罅	罅	la33	laa3	縫隙，與旯同源，旮旯源自角落	(訓)	2
7193	嘞	嘞	la33	laa3	語氣詞，同喇字		2
7194	啦	啦	la21	laa4	走～～，四處奔走；～～臨、～啦[la21/35]聲，迅速；牛拉[lap2]～，牛下水，或源自拉雜、雜碎；扁叭[pʰa21]～，扁貌，或源自跋剌；啤[pi21]哩[li21]叭[pa21]～，鞭炮聲、雨聲	(語)	1
7195	藞	藞	la24	laa5	藞䕢		5
7196	拉	拉	lai55	laai1	拉扯，拖拉，阿拉伯（舊譯阿剌伯）		1
7197	孻	𡥧	lai55	laai1	俗字，排行最小的，本字攋（遺落），本地稱細或晚，～崽		4
7198	賴	赖	lai33	laai3	～臭，耍賴，後字調類化	(又)	1
7199	哂	哂	lai33	laai3	又音，語流音變	(語)	2
7200	癩	癞	lai33	laai3	癩瘡，癩蛤蟆；～鬚，絡腮鬍；〈又〉癩痢		2
7201	嗮	嗮	lai33	laai3	嗮的語流音變	(語)	4
7202	䧒	䧒	lai21	laai4	䠩[kui22]～～，累、乏力	(語)	4
7203	襰	𧝝	lai24	laai5	襰𧜁，衣破貌		4
7204	攋	𪮶	lai24	laai5	～尿，遺尿，俗字瀨/落	(白)	4
7205	賴	赖	lai22	laai6	依賴，賴帳；姓；～臭，耍賴		1
7206	瀨	濑	lai22	laai6	急瀨，湍瀨		2
7207	籟	籁	lai22	laai6			2
7208	攋	𪮶	lai22	laai6	毁裂；棄去；～哭，小孩啼哭，俗字賴；〈又〉～尿，遺尿		4
7209	肋	肋	lak5	laak1	～脦[tak5]，不整潔	(白)	1
7210	肋	肋	lak3	laak3	打赤[tʃʰi33]～，打赤膊；～旯[lɛ55]，腋窩	(又)	1
7211	嘞	嘞	lak3	laak3	俗字，（衣服）裂開，本字阞；方廓[kʷʰak3]/喀[kʰak3]～，方形貌，源自廓落		2
7212	阞	阞	lak3	laak3	（衣服）裂開，俗字嘞	(白)	4
7213	砳	砳	lak2	laak6			5
7214	籃	篮	lam55	laam1	菜籃（特指）；量詞，一～，一籃子	(白)	1
7215	攬	揽	lam35	laam2	攬住；包攬，與拉/擸對轉		1
7216	欖	榄	lam35	laam2	橄欖，烏～，黑橄欖；喉～，喉結		1
7217	覽	览	lam35	laam2			1
7218	罱	罱	lam35	laam2			2
7219	漤	漤	lam35	laam2	漤柿子		3
7220	𥗽	𬒗	lam35	laam2			3
7221	灠	灠	lam35	laam2	灠柿子		5
7222	婪	婪	lam21	laam4			1
7223	籃	篮	lam21	laam4	花籃，籃球，菜籃（泛指）		1
7224	藍	蓝	lam21	laam4			1
7225	嵐	岚	lam21	laam4			2
7226	襤	褴	lam21	laam4			2
7227	啉	啉	lam21	laam4	行酒一巡；聒也		2
7228	𨅏	𨅏	lam21	laam4			4
7229	檻	槛	lam22	laam6	欄杆；獸欄		1
7230	濫	滥	lam22	laam6	氾濫，濫用		1
7231	纜	缆	lam22	laam6			1
7232	艦	舰	lam22	laam6	軍艦，艦隊		1
7233	灠	灠	lam22	laam6	同濫字		5
7234	蘭	兰	lan55	laan1	荷蘭，蘭豆（豌豆）；〈外〉女友或男友的俗稱，原讀法蘭，英語friend	(白)	1
7235	欄	栏	lan55	laan1	豬欄，牛欄	(白)	1
7236	躝	𨅬	lan55	laan1	爬行；滾開	(白)	4
7237	蘭	兰	lan21	laan4	蘭花，玉蘭		1
7238	攔	拦	lan21	laan4			1
7239	欄	栏	lan21	laan4	圍欄		1
7240	瀾	澜	lan21	laan4			1
7241	闌	阑	lan21	laan4			2
7242	斕	斓	lan21	laan4			2
7243	讕	谰	lan21	laan4			2
7244	鑭	镧	lan21	laan4			2
7245	暕	暕	lan21	laan4	陰乾		3
7246	襴	襕	lan21	laan4			3
7247	躝	𨅬	lan21	laan4	踰也	(文)	4
7248	懶	懒	lan24	laan5			1
7249	嬾	嬾	lan24	laan5			4
7250	濫	滥	lan22	laan6	俗讀，嗜、好，～賭，～哭，～飲，～睡，俗字爛	(常)	1
7251	爛	烂	lan22	laan6			1
7252	啷	啷	laŋ55	laang1	傾鈴[leŋ55]哐[kʷʰaŋ55]～，器皿碰撞聲	(白)	2
7253	唥	唥	laŋ55	laang1	俗字，擬鈴聲；毛線，～衫，毛衣，或與羊同源，上古陽部，另一說法語laine/葡語lã/英語woollen		4
7254	啷	啷	laŋ21	laang4	象聲詞，呯[peŋ21]呤[leŋ21]嘭[paŋ21]～，劈哩啪啦；詞綴，高～哐[kʷʰaŋ21]，高貌	(語)	2
7255	冷	冷	laŋ24	laang5			1
7256	拉	拉	lap3	laap3	包攬、扒拉，與攬對轉，俗字擸；掃視，與覽對轉，俗字䁽	(白)	1
7257	垃	垃	lap2	laap6	垃圾，本字擸𢶍		1
7258	拉	拉	lap2	laap6	拉雜，拉颯（垃圾）		1
7259	臘	腊	lap2	laap6	臘月，臘肉		1
7260	蠟	蜡	lap2	laap6			1
7261	鑞	镴	lap2	laap6	錫鑞		2
7262	鱲	𫚭	lap2	laap6	腌魚		3
7263	擸	擸	lap2	laap6	折、碾；擸𢶍，又作垃圾/拉颯		4
7264	腊	腊	lap2	laap6	同臘字		4
7265	蜡	蜡	lap2	laap6	同蠟字		4
7266	搚	搚	lap2	laap6			5
7267	喇	喇	lat3	laat3	哈喇		1
7268	癩	癞	lat3	laat3	癩痢，同瘌痢		2
7269	瘌	瘌	lat3	laat3	瘌痢；〈語〉毒蟲在皮膚上爬過		2
7270	鬎	鬎	lat3	laat3	鬎鬁，同瘌痢		4
7271	揦	揦	lat3	laat3	俗字，塗抹，疑本字捋		4
7272	列	列	lat2	laat6	又音，睡～～，成排地躺；案，源自元代的剌剌（象聲詞）	(白)	1
7273	辣	辣	lat2	laat6	辣椒，辛辣，老辣		1
7274	剌	剌	lat2	laat6	乖剌，剌謬；扁跋[pʰat2]～，扁貌，又作扁叭[pʰa21/pʰɛ21]啦[la21/lɛ21]		2
7275	邋	邋	lat2	laat6	邋遢		2
7276	蝲	蝲	lat2	laat6	蝲蛄，蝲蝲蛄		3
7277	鯻	𬶟	lat2	laat6			3
7278	𤊶	𤊶	lat2	laat6	火貌		4
7279	寥	寥	lau55	laau1	又音，稀～～，疏～～	(白)	1
7280	撈	捞	lau55	laau1	撈魚；～籬[li55]，笊籬；～佬，北方人的俗稱，本字老，源自老兄的官話摹音	(文)	1
7281	老	老	lau55	laau1	～孃[nɛŋ55]、～爹[kɛ55]（老桿子），母親、父親的敘稱；～佬，北方人的俗稱，源自老兄的官話摹音	(語)	1
7282	摎	摎	lau35	laau2	～攪[kau22]、～事，胡搞、搗蛋，當是亂攪鬧、亂攪事之音變	(語)	4
7283	漏	漏	lau33	laau3	過～，錯過時機、虛度時日	(白)	1
7284	嫪	嫪	lau33	laau3	發情、淫蕩	(白)	3
7285	髝	髝	lau33	laau3	詞綴，狂～～，緊張、發慌	(白)	4
7286	撈	捞	lau21	laau4	打撈；～籬[li21]，笊籬	(文)	1
7287	利	利	lɐi35	lai2	冇老～，不吉利、不順利	(又)	1
7288	戾	戾	lɐi35	lai2	扭轉，睡～頸，落枕	(白)	2
7289	來	来	lɐi21	lai4	過來，來到，出來；後置虛詞，一般作趨向動詞、表假設關係或表動作曾經發生	(白)	1
7290	犁	犁	lɐi21	lai4			1
7291	黎	黎	lɐi21	lai4			1
7292	藜	藜	lɐi21	lai4			2
7293	黧	黧	lɐi21	lai4			2
7294	㰀	㰀	lɐi21	lai4			3
7295	蔾	蔾	lɐi21	lai4			4
7296	嚟	嚟	lɐi21	lai4	譯音用字；粵字，來，本字來		5
7297	犂	犁	lɐi21	lai4	同犁字		5
7298	禮	礼	lɐi24	lai5			1
7299	澧	澧	lɐi24	lai5			2
7300	蠡	蠡	lɐi24	lai5			2
7301	醴	醴	lɐi24	lai5			2
7302	鱧	鳢	lɐi24	lai5			2
7303	劙	劙	lɐi24	lai5	刀刺		4
7304	豊	豊	lɐi24	lai5			5
7305	麗	丽	lɐi22	lai6	美麗，麗質		1
7306	例	例	lɐi22	lai6			1
7307	利	利	lɐi22	lai6	～市[ʃi22]，紅包	(又)	1
7308	勵	励	lɐi22	lai6			1
7309	厲	厉	lɐi22	lai6	嚴厲，厲行		1
7310	荔	荔	lɐi22	lai6	荔枝，此處讀郎計切，音義交錯		1
7311	儷	俪	lɐi22	lai6			2
7312	捩	捩	lɐi22	lai6	琵琶撥法		2
7313	癘	疠	lɐi22	lai6			2
7314	礪	砺	lɐi22	lai6			2
7315	蠣	蛎	lɐi22	lai6			2
7316	糲	粝	lɐi22	lai6			2
7317	珕	珕	lɐi22	lai6			3
7318	沴	沴	lɐi22	lai6	沴孽		4
7319	綟	𫄫	lɐi22	lai6	青綠色		4
7320	䚕	䚕	lɐi22	lai6	求視		4
7321	𣛒	𣛒	lɐi22	lai6	竊視也		4
7322	攦	攦	lɐi22	lai6			5
7323	迣	迣	lɐi22	lai6		(又)	5
7324	欐	𪲔	lɐi22	lai6			5
7325	𥉆	𥉆	lɐi22	lai6	同𣛒字		5
7326	𧢝	𧢝	lɐi22	lai6	視也		5
7327	肋	肋	lɐk5	lak1	胳～底，腋窩		1
7328	犖	荦	lɐk5	lak1	～確[kʰɐk5]，路不平或說話結巴，與硠砊對轉	(白)	2
7329	嘞	嘞	lɐk5	lak1	詞綴，跳～～，（人、動物）跳動貌，與㘄對轉，疑本字躒；象聲詞，𠽤[kʰek5]嚦[lek5]硞[kʷʰɐk5]～，各種事物	(語)	2
7330	勒	勒	lɐk2	lak6	勒索；勒緊		1
7331	肋	肋	lɐk2	lak6	肋骨，兩肋；～索[ʃak3]骨，（人或高等動物的）肋骨；打赤[tʃʰi33]～，打赤膊		1
7332	仂	仂	lɐk2	lak6	餘數		2
7333	叻	叻	lɐk2	lak6	譯音用字，石叻，叻埠，呵叻		2
7334	泐	泐	lɐk2	lak6			2
7335	鰳	鳓	lɐk2	lak6			2
7336	朸	朸	lɐk2	lak6		(又)	3
7337	簕	簕	lɐk2	lak6	簕竹，簕欓；〈語〉植物的刺或魚刺，本字竻		3
7338	竻	竻	lɐk2	lak6	竹根；〈語〉植物的刺或魚刺，俗字簕		4
7339	阞	阞	lɐk2	lak6	地的脈理；裂開		4
7340	玏	玏	lɐk2	lak6			4
7341	艻	艻	lɐk2	lak6			4
7342	扐	扐	lɐk2	lak6			5
7343	冧	冧	lɐm55	lam1	俗字，～把，號碼，英語number，後起詞		4
7344	凜	凛	lɐm35	lam2			1
7345	稟	禀	lɐm35	lam2	同廩字		1
7346	廩	廪	lɐm35	lam2	倉廩，廩食		2
7347	檁	檩	lɐm35	lam2			2
7348	懍	懔	lɐm35	lam2			3
7349	壈	𡒄	lɐm35	lam2			4
7350	㨆	㨆	lɐm35	lam2			5
7351	冧	冧	lɐm33	lam3	俗字，垮塌、塌陷，～檔，倒閉，或與陷/窞/㘱同源，上古談部，另一說本字壈		4
7352	臨	临	lɐm21	lam4			1
7353	林	林	lɐm21	lam4			1
7354	淋	淋	lɐm21	lam4	淋雨；淋鹽		1
7355	琳	琳	lɐm21	lam4			1
7356	霖	霖	lɐm21	lam4			2
7357	啉	啉	lɐm21	lam4	喹啉		2
7358	箖	箖	lɐm21	lam4			3
7359	痳	痳	lɐm21	lam4	同淋字，淋症		4
7360	罧	罧	lɐm22	lam6	摞、碼、堆疊，～磚，俗字㨆，與拉對轉，此處生母讀如來母，又或臨字，古文作臨柴，猶積聚	(語)	4
7361	㖮	㖮	lɐn55	lan1	假借字，啃，或源自㖥/吞/淪；飽滿，或源自耣/稐		4
7362	溣	溣	lɐn35	lan2	弄髒、沾染，～到身上，沾到身上	(語)	4
7363	碖	碖	lɐn33	lan3	掉落，～梭[ɬɔ21]梭[ɬɔ21]，紛紛落下貌，與甩/㪐[lɐt5]對轉	(白)	4
7364	侖	仑	lɐn21	lan4	加侖		1
7365	崙	仑	lɐn21	lan4	崑崙山		1
7366	倫	伦	lɐn21	lan4			1
7367	掄	抡	lɐn21	lan4			1
7368	淪	沦	lɐn21	lan4	淪爲，沉淪		1
7369	磷	磷	lɐn21	lan4	白磷，磷礦，磷肥		1
7370	論	论	lɐn21	lan4	論語，俗讀議論之論		1
7371	輪	轮	lɐn21	lan4			1
7372	鄰	邻	lɐn21	lan4			1
7373	鱗	鳞	lɐn21	lan4			1
7374	綸	纶	lɐn21	lan4	滿腹經綸		2
7375	轔	辚	lɐn21	lan4			2
7376	遴	遴	lɐn21	lan4	遴選		2
7377	麟	麟	lɐn21	lan4			2
7378	圇	囵	lɐn21	lan4			2
7379	嶙	嶙	lɐn21	lan4			2
7380	璘	璘	lɐn21	lan4			2
7381	粼	粼	lɐn21	lan4			2
7382	膦	膦	lɐn21	lan4	膦軟		2
7383	潾	潾	lɐn21	lan4			3
7384	瞵	瞵	lɐn21	lan4	注視		3
7385	翷	翷	lɐn21	lan4			3
7386	錀	𬬭	lɐn21	lan4	金		3
7387	鏻	𬭸	lɐn21	lan4			3
7388	驎	𬴊	lɐn21	lan4			3
7389	埨	𫭢	lɐn21	lan4			3
7390	燐	燐	lɐn21	lan4	燐火		4
7391	繗	繗	lɐn21	lan4			5
7392	屯	屯	lɐn24	lan5	溢出，～出，溢出；案，邢公畹《漢台語比較手冊》P217認爲民族語對音與『屯』可比較，滿也、盈也，上古文部，另一說本字稛，滿也，讀同𦓾，力準切	(語)	1
7393	碖	碖	lɐn24	lan5	石落貌		4
7394	吝	吝	lɐn22	lan6	吝嗇，不吝		1
7395	論	论	lɐn22	lan6	議論，論文		1
7396	躪	躏	lɐn22	lan6			1
7397	藺	蔺	lɐn22	lan6			2
7398	遴	遴	lɐn22	lan6	行難也；通吝字；～盡，不利索、麻煩		2
7399	膦	膦	lɐn22	lan6	有機化合物		2
7400	溣	溣	lɐn22	lan6	水中曳船		4
7401	碖	碖	lɐn22	lan6	石貌；大小勻貌		4
7402	揚	扬	lɐŋ55	lang1	〈名、動〉篩，～箕，籮篩，～穀，簸穀，與揚同源，上古陽部	(語)	1
7403	㘄	㘄	lɐŋ55	lang1	象聲詞；詞綴，跳～～，（人、動物）跳動貌，與嘞對轉，疑本字踜		4
7404	硠	硠	lɐŋ33	lang3	半～砊[kʰɐŋ33]，半途、半路，與犖確對轉，俗字掕掯；量詞，串、條、嘟嚕，矮瓜刨四～得啊，茄子刨四串得了，俗字掕	(白)	4
7405	掕	掕	lɐŋ33	lang3	俗字，半～掯，半途、半路，本字硠砊；量詞，串、條、嘟嚕，矮瓜刨四～得啊，茄子刨四串得了，本字硠	(語)	4
7406	愣	愣	lɐŋ21	lang4	發愣，同發楞		1
7407	啷	啷	lɐŋ21	lang4	詞綴，高～哐[kʷʰɐŋ21]，高貌	(語)	2
7408	崚	崚	lɐŋ21	lang4		(又)	2
7409	塄	塄	lɐŋ21	lang4			2
7410	楞	楞	lɐŋ21	lang4	發楞；地名，楞塘村		3
7411	倰	倰	lɐŋ21	lang4	長貌；〈語〉～鬙[ɬɐŋ55]、～鬇[jɐŋ33]，不整潔；詞綴，發氣～～，發怒貌		4
7412	掕	掕	lɐŋ21	lang4	攔截，與勒對轉	(白)	4
7413	棱	棱	lɐŋ24	lang5	鞭痕	(語)	1
7414	稜	棱	lɐŋ24	lang5	鞭痕	(語)	4
7415	唥	唥	lɐŋ22	lang6	俗字，冚唪～，全部，一說源自合不剌/咸朋唥/咸不論；冚唪唥也是猜碼口令，數字十，也說開齊手		4
7416	拉	拉	lɐp5	lap1	套，～衫；哄，～人，俗字笠	(白)	1
7417	泣	泣	lɐp5	lap1		(又)	1
7418	笠	笠	lɐp5	lap1	斗笠，蓑笠；執～，倒閉；褂～，汗背心，厚～，厚絨衣，線～，文化衫	(白)	2
7419	苙	苙	lɐp5	lap1	畜欄也；白芷		4
7420	立	立	lɐp2	lap6	立正，建立；～亂，凌亂、隨便，一說本字𦆻；詞綴，溼～～，溼貌		1
7421	笠	笠	lɐp2	lap6		(文)	2
7422	砬	砬	lɐp2	lap6	石藥；砬子		3
7423	鉝	𫟷	lɐp2	lap6			4
7424	甩	甩	lɐt5	lat1	脫落、掉，訓讀㪐，與碖[lɐn33]對轉，另一說脫字上古[*kʰlo̠d]複輔音的遺留	(訓)	1
7425	㪐	㪐	lɐt5	lat1	脫落、掉，與碖[lɐn33]對轉，俗字甩，另一說脫字上古[*kʰlo̠d]複輔音的遺留	(白)	4
7426	律	律	lɐt2	lat6	律師，法律		1
7427	慄	栗	lɐt2	lat6			1
7428	栗	栗	lɐt2	lat6			1
7429	率	率	lɐt2	lat6	效率		1
7430	聿	聿	lɐt2	lat6		(又)	2
7431	溧	溧	lɐt2	lat6			2
7432	篥	篥	lɐt2	lat6			2
7433	傈	傈	lɐt2	lat6			2
7434	垏	垏	lɐt2	lat6			3
7435	葎	葎	lɐt2	lat6			3
7436	凓	凓	lɐt2	lat6			3
7437	㖀	㖀	lɐt2	lat6			4
7438	㗚	㗚	lɐt2	lat6	嘍㗚		4
7439	㪐	㪐	lɐt2	lat6	不穩		4
7440	𤝽	𤝽	lɐt2	lat6			4
7441	硉	硉	lɐt2	lat6			5
7442	摟	搂	lɐu55	lau1	邀請；挑逗；（蒼蠅等）趴；披，～件衫；搜刮，～錢		1
7443	流	流	lɐu55	lau1	過年/新正/新年～～，大過年的	(又)	1
7444	溜	溜	lɐu55	lau1	不～，向來，老派用法，今已罕用	(白)	1
7445	嘍	喽	lɐu55	lau1	助詞		2
7446	褸	褛	lɐu55	lau1	大衣；口水～，涎布、圍嘴兒		2
7447	瞜	䁖	lɐu55	lau1	視也		2
7448	蔞	蒌	lɐu55	lau1	假～，假蒟、假蔞葉，與蔞葉（也叫蒟醬）形似但不同種	(白)	2
7449	騮	骝	lɐu55	lau1	馬[ma55]～，猴子，又作馬留/馬流/獁騮/馬𧳽/馬𤠑，一說源自沐猱/沐猴	(語)	2
7450	摟	搂	lɐu35	lau2	摟抱		1
7451	漏	漏	lɐu33	lau3	遺漏、落下，～車；撿漏、在農地翻找，～花生、～番薯；遺漏物	(白)	1
7452	劉	刘	lɐu21	lau4			1
7453	婁	娄	lɐu21	lau4			1
7454	樓	楼	lɐu21	lau4			1
7455	榴	榴	lɐu21	lau4	石榴，榴槤		1
7456	流	流	lɐu21	lau4	流水，河流；～嘢，劣質貨；過年/新正/新年～～，大過年的		1
7457	瀏	浏	lɐu21	lau4			1
7458	琉	琉	lɐu21	lau4	琉璃		1
7459	留	留	lɐu21	lau4			1
7460	瘤	瘤	lɐu21	lau4			1
7461	硫	硫	lɐu21	lau4	硫磺		1
7462	餾	馏	lɐu21	lau4	蒸餾，分餾		1
7463	嘍	喽	lɐu21	lau4	嘍囉		2
7464	螻	蝼	lɐu21	lau4			2
7465	髏	髅	lɐu21	lau4		(文)	2
7466	瞜	䁖	lɐu21	lau4		(又)	2
7467	僂	偻	lɐu21	lau4	佝僂，僂儸		2
7468	旒	旒	lɐu21	lau4			2
7469	耬	耧	lɐu21	lau4	耬車		2
7470	蔞	蒌	lɐu21	lau4	蔞蒿，䒷蔞		2
7471	遛	遛	lɐu21	lau4	逗遛		2
7472	鎏	鎏	lɐu21	lau4			2
7473	鎦	镏	lɐu21	lau4	鎦金		2
7474	鏐	镠	lɐu21	lau4			2
7475	騮	骝	lɐu21	lau4	驊騮		2
7476	漊	溇	lɐu21	lau4	水名，漊水		3
7477	漻	漻	lɐu21	lau4	變化貌		3
7478	窶	窭	lɐu21	lau4	甌窶		3
7479	飀	飗	lɐu21	lau4			3
7480	鶹	鹠	lɐu21	lau4			3
7481	膢	𦝼	lɐu21	lau4			3
7482	剅	剅	lɐu21	lau4			3
7483	瑬	瑬	lɐu21	lau4			3
7484	疁	疁	lɐu21	lau4			3
7485	摎	摎	lɐu21	lau4	姓		4
7486	柳	柳	lɐu24	lau5			1
7487	簍	篓	lɐu24	lau5			1
7488	縷	缕	lɐu24	lau5	訓讀綹	(訓)	1
7489	嶁	嵝	lɐu24	lau5			2
7490	綹	绺	lɐu24	lau5	剪綹，一綹；五～魚，以五綹料製成的傳統名菜，俗作五柳魚		2
7491	漊	溇	lɐu24	lau5	水溝		3
7492	珋	珋	lɐu24	lau5			3
7493	罶	罶	lɐu24	lau5			3
7494	塿	𪣻	lɐu24	lau5	培塿（小土丘）		3
7495	鋶	锍	lɐu24	lau5			3
7496	溜	溜	lɐu22	lau6	水溜，急溜；滑～，光滑		1
7497	漏	漏	lɐu22	lau6	漏雨，漏洞；～口，吃飯掉渣；～風，因牙齒脫落說話攏不住氣；～夜，連夜		1
7498	陋	陋	lɐu22	lau6	簡陋，陋室		1
7499	餾	馏	lɐu22	lau6	餾飯		1
7500	遛	遛	lɐu22	lau6	遛彎，遛狗，遛達		2
7501	鏤	镂	lɐu22	lau6			2
7502	鎦	镏	lɐu22	lau6	鎦子		2
7503	瘻	瘘	lɐu22	lau6	瘻管，痔瘻		2
7504	鷚	鹨	lɐu22	lau6			3
7505	塿	𪣻	lɐu22	lau6	～培[pɐu22]，不整潔、臃腫，古作培塿/部婁，俗字瘻婄/漏䏽；一䊆～，一塊塊，䊆塿實爲䊆的分音	(語)	3
7506	蹓	蹓	lɐu22	lau6	同遛字，蹓躂，蹓狗		4
7507	霤	霤	lɐu22	lau6			4
7508	瘺	瘘	lɐu22	lau6			5
7509	咧	咧	lɛ55	le1	大大咧咧（口語稱大咧咧，源自大剌剌）；唓～，話多、愛表現，源自啁嘐/周遮，語多，元代作遮剌/雕剌		1
7510	哩	哩	lɛ55	le1	語氣詞；〈外〉茄哩啡，龍套、小角色，英語carefree，後起詞		1
7511	旯	旯	lɛ55	le1	肋[lak3]～，腋窩	(語)	2
7512	罅	罅	lɛ33	le3	白讀，手指～，手指縫兒	(訓)	2
7513	咧	咧	lɛ21	le4	語氣詞，𠯔斜～，呸	(語)	1
7514	啦	啦	lɛ21	le4	又音，扁叭[pʰɛ21]～，扁貌	(語)	1
7515	離	离	lɛ21	le4	奇[kʰɛ21]～，古怪；～憩[hɛ33]，不修邊幅	(白)	1
7516	罟	罟	lɛ21	le4	〈名〉魚網；〈動〉～魚，網魚，已罕用；案，民族語對音爲[r-/x-]，與漢語[k-/kʰ-]有對應，邢公畹《漢台語比較手冊》P330認爲民族語對音與『罟』可比較	(語)	2
7517	酹	酹	lɛ24	le5	灑，～酒、～茶，多用作澆地以示祭奠，當源自攋	(訓)	2
7518	褦	褦	lɛ24	le5	褦襶（衣着不整；吊兒郎當），或與肋脦/襰𧜁同源；～㹃[fɛ35]，同褦襶	(習)	4
7519	叻	叻	lɛk5	lek1	俗字，能幹，與靈對轉，本字力		2
7520	癧	疬	lɛk2	lek6	淋巴結	(白)	2
7521	舔	舔	lɛm35	lem2	舔，～碗，當爲餂字上古[*kʰle̠mʔ]複輔音的遺留	(白)	1
7522	熑	熑	lɛm21	lem4	火、燎，用焰尾燒	(白)	4
7523	燫	燫	lɛm21	lem4		(白)	5
7524	摙	摙	lɛn33	len3	又音	(白)	4
7525	靈	灵	lɛŋ55	leng1	精[tʃɛŋ55]～，機靈，實爲精的分音，與叻對轉	(白)	1
7526	鈴	铃	lɛŋ55	leng1	搖鈴聲	(白)	1
7527	笭	笭	lɛŋ55	leng1	又音，～崽	(白)	4
7528	靚	靓	lɛŋ33	leng3	漂亮，本字令，善也，～笠笠，很漂亮	(訓)	2
7529	靈	灵	lɛŋ21	leng4	靈驗、見效；～擎[kʰɛŋ21]，靈驗，實爲靈的分音，又或源自靈奇，奇受前字順同化爲擎	(白)	1
7530	零	零	lɛŋ21	leng4	斤零重（一斤多重），十零隻（十多隻），九點零鐘（九點多鐘）	(白)	1
7531	鯪	鲮	lɛŋ21	leng4	鯪魚	(白)	2
7532	嶺	岭	lɛŋ24	leng5	山嶺；地名，長堽嶺，石柱嶺	(白)	1
7533	領	领	lɛŋ24	leng5	衫領，衣領	(白)	1
7534	岭	岭	lɛŋ24	leng5	同嶺字	(白)	5
7535	炩	炩	lɛŋ22	leng6	攝～，閃電，與閃靂對轉	(白)	4
7536	甲	甲	lɛp3	lep3	穀～，穀殼，與甲同源，上古葉部；案，邢公畹《漢台語比較手冊》P292認爲民族語對音的義，從『孚甲』而來，陳孝玲《侗台語核心詞研究》P60-61補充，《釋名·釋天》甲，孚甲也，萬物解孚甲而生也	(語)	1
7537	立	立	lɛp2	lep6	詞綴，溼～～，溼貌；爛～～，破破爛爛，或爲霫[ɬɛp2]的語流音變	(語)	1
7538	律	律	lɛt5	let1	短/薄～出[tʃʰɛt5]，短/薄貌，也作短/薄設[tʃʰɛt5]設[tʃʰɛt5]	(語)	1
7539	纈	缬	lɛt3	let3	俗字，死/生～，死/活結，本字綟	(語)	2
7540	綟	𫄫	lɛt3	let3	死/生～，死/活結，俗字纈	(白)	4
7541	列	列	lɛt2	let6	量詞，排；排～～，個挨個；溶癟[pɛt2]～，（飯、麪條等）軟爛；七屍八～，原指事故慘狀，後喻雜亂、零亂；案，列列、癟列源自元代的剌剌（象聲詞）、不剌（語尾助詞）	(白)	1
7542	寥	寥	lɛu55	leu1	空～～，空蕩蕩；稀～～，稀疏貌、（粥）很稀；疏～～，稀疏貌；閜[kʰɔ21]～翹[kʰɛu55]，彎彎曲曲	(白)	1
7543	撈	捞	lɛu55	leu1	撈魚；同撩字，取也	(白)	1
7544	撩	撩	lɛu55	leu1	～耳朵，掏耳朵；～起，掀起；～火棍，撥火棒	(白)	1
7545	繚	缭	lɛu55	leu1	～衫腳、～褲腳、～袖口，繰邊兒	(白)	1
7546	寮	寮	lɛu55	leu1	茅～，茅屋	(白)	2
7547	鷯	鹩	lɛu55	leu1	鷯哥（形似八哥兒）	(白)	2
7548	嫽	嫽	lɛu55	leu1	挑逗、撩撥，冇～人哋打交	(白)	3
7549	繚	缭	lɛu35	leu2	繞，捲起	(白)	1
7550	溜	溜	lɛu33	leu3	揈[fɐŋ21]～～，得意貌	(又)	1
7551	蔫	蔫	lɛu33	leu3	枯萎，本字𣩢	(訓)	2
7552	嫪	嫪	lɛu33	leu3	又音	(白)	3
7553	髝	髝	lɛu33	leu3	又音，狂～～	(白)	4
7554	𣩢	𣩢	lɛu33	leu3	枯萎	(白)	4
7555	撈	捞	lɛu21	leu4	打撈；～籬[li21]，笊籬；有時也作攪拌義，～一～，攪一攪	(白)	1
7556	獠	獠	lɛu21	leu4	獠牙	(白)	2
7557	力	力	li55	li1	苦力，與英語coolie同源，俗作咕哩/咕喱	(語)	1
7558	釐	厘	li55	li1	一～子、一～銻，一分錢	(白)	1
7559	哩	哩	li55	li1	嘰哩咕嚕；花～花碌，花裏胡哨；唦[ʃa21]～躘[lʊŋ22]蹱[tʃʰʊŋ33]，莽撞		1
7560	璃	璃	li55	li1	玻璃		1
7561	痢	痢	li55	li1	瘌痢	(白)	1
7562	籬	篱	li55	li1	撈[lau55]～，笊籬	(白)	1
7563	喱	喱	li55	li1	咖喱，啫喱		2
7564	剺	剺	li55	li1	撕	(白)	4
7565	鬁	鬁	li55	li1	鬎鬁，同瘌痢	(白)	4
7566	唎	唎	li55	li1		(又)	5
7567	篱	篱	li55	li1		(白)	5
7568	麗	丽	li21	li4	麗水，高麗，俗讀美麗之麗		1
7569	釐	厘	li21	li4	釐定，毫釐		1
7570	哩	哩	li21	li4	象聲詞，啤[pi21]～叭[pa21]啦[la21]，鞭炮聲、雨聲	(語)	1
7571	梨	梨	li21	li4			1
7572	漓	漓	li21	li4	淋漓盡致		1
7573	璃	璃	li21	li4	琉璃		1
7574	離	离	li21	li4	離別，距離		1
7575	籬	篱	li21	li4	籬笆，籬下；撈[lɛu21/lau21]～，笊籬		1
7576	厘	厘	li21	li4	厘米，同釐米		1
7577	貍	狸	li21	li4	貍貓，狐貍		1
7578	罹	罹	li21	li4			2
7579	驪	骊	li21	li4			2
7580	嫠	嫠	li21	li4			2
7581	縭	缡	li21	li4			2
7582	蘺	蓠	li21	li4			2
7583	蜊	蜊	li21	li4			2
7584	鱺	鲡	li21	li4			2
7585	鸝	鹂	li21	li4			2
7586	漦	漦	li21	li4	涎沫也		3
7587	醨	醨	li21	li4			3
7588	犛	犛	li21	li4			4
7589	狸	狸	li21	li4	同貍字，狸貓，狐狸		4
7590	剺	剺	li21	li4	剝也		4
7591	劙	劙	li21	li4		(又)	4
7592	杝	杝	li21	li4	同籬字		4
7593	梩	梩	li21	li4			4
7594	灕	漓	li21	li4	灕江		4
7595	纚	𫄥	li21	li4	綝纚		4
7596	琍	琍	li21	li4			5
7597	离	离	li21	li4	同離字		5
7598	篱	篱	li21	li4	同籬字		5
7599	哩	哩	li24	li5	英里的舊稱		1
7600	履	履	li24	li5		(書)	1
7601	李	李	li24	li5			1
7602	理	理	li24	li5			1
7603	裏	里	li24	li5	裏外；衣裏		1
7604	里	里	li24	li5	千里，里程，里弄		1
7605	鯉	鲤	li24	li5			1
7606	俚	俚	li24	li5			2
7607	娌	娌	li24	li5			2
7608	邐	逦	li24	li5			2
7609	悝	悝	li24	li5	憂傷		2
7610	鋰	锂	li24	li5			2
7611	浬	浬	li24	li5			3
7612	峛	峛	li24	li5			3
7613	裡	里	li24	li5	同裏字		5
7614	俐	俐	li22	li6			1
7615	利	利	li22	li6	順利，利益；舌頭，俗字脷，避諱舌/折；～市[ʃi22]，紅包		1
7616	厲	厉	li22	li6	厲害，本字利害	(語)	1
7617	吏	吏	li22	li6			1
7618	痢	痢	li22	li6	痢疾（口語稱屙痢）		1
7619	莉	莉	li22	li6			1
7620	猁	猁	li22	li6			2
7621	詈	詈	li22	li6			2
7622	莅	莅	li22	li6	莅臨，莅會		2
7623	浰	浰	li22	li6		(又)	3
7624	蒞	莅	li22	li6	同莅字		4
7625	鬁	鬁	li22	li6	鬎鬁，同瘌痢		4
7626	唎	唎	li22	li6			5
7627	脷	脷	li22	li6	俗字，舌頭，本字利，避諱舌/折		5
7628	力	力	lek5	lik1	朱古力，英語chocolate	(外)	1
7629	嚦	呖	lek5	lik1	象聲詞，𠽤[kʰek5]～硞[kʷʰɐk5]嘞[lɐk5]，各種事物	(語)	2
7630	力	力	lek2	lik6	力量，有力		1
7631	曆	历	lek2	lik6	日曆		1
7632	歷	历	lek2	lik6	歷史，經歷		1
7633	瀝	沥	lek2	lik6	瀝青，瀝血		1
7634	礫	砾	lek2	lik6			1
7635	靂	雳	lek2	lik6			1
7636	仂	仂	lek2	lik6	同力字		2
7637	嚦	呖	lek2	lik6	嚦嚦		2
7638	櫪	枥	lek2	lik6			2
7639	櫟	栎	lek2	lik6	木名		2
7640	濼	泺	lek2	lik6	蕨科植物		2
7641	藶	苈	lek2	lik6			2
7642	躒	跞	lek2	lik6	動也		2
7643	酈	郦	lek2	lik6	姓		2
7644	鎘	镉	lek2	lik6	同鬲字		2
7645	鬲	鬲	lek2	lik6	古代炊具		2
7646	癧	疬	lek2	lik6		(文)	2
7647	壢	坜	lek2	lik6			3
7648	朸	朸	lek2	lik6			3
7649	轢	轹	lek2	lik6			3
7650	瓅	𬍛	lek2	lik6			3
7651	㠣	𫵷	lek2	lik6			3
7652	擽	㧰	lek2	lik6	捎也		4
7653	厤	历	lek2	lik6			5
7654	秝	秝	lek2	lik6			5
7655	斂	敛	lim35	lim2	收斂		1
7656	臉	脸	lim35	lim2	臉頰；臉面		1
7657	殮	殓	lim35	lim2	裝殮，入殮		2
7658	帘	帘	lim21	lim4	酒帘		1
7659	簾	帘	lim21	lim4	窗簾，簾幕		1
7660	廉	廉	lim21	lim4			1
7661	聯	联	lim21	lim4		(又)	1
7662	鐮	镰	lim21	lim4	鐮刀，火鐮		1
7663	奩	奁	lim21	lim4			2
7664	濂	濂	lim21	lim4			2
7665	蠊	蠊	lim21	lim4			2
7666	磏	磏	lim21	lim4	礪石		3
7667	鬑	鬑	lim21	lim4			4
7668	熑	熑	lim21	lim4	火不絕		4
7669	臁	臁	lim21	lim4			4
7670	薕	薕	lim21	lim4			5
7671	鎌	镰	lim21	lim4			5
7672	燫	燫	lim21	lim4	同熑字		5
7673	薟	莶	lim24	lim5	白薟		3
7674	蘞	蔹	lim24	lim5	白蘞、赤蘞		3
7675	襝	裣	lim24	lim5			3
7676	䭑	𫗱	lim24	lim5	小食也		4
7677	殮	殓	lim22	lim6		(又)	2
7678	瀲	潋	lim22	lim6			2
7679	先	先	lin55	lin1	語流音變，多用於句末，未緊～（先別急）、等下～（先等下）、係噉～（先這樣吧）、恁/試/睇過～（先想想/試試/看看）	(語)	1
7680	楝	楝	lin55	lin1		(又)	2
7681	臉	脸	lin35	lin2		(又)	1
7682	鍊	鍊	lin35	lin2	鍊條	(又)	1
7683	鏈	链	lin35	lin2	拉鏈，鏈條	(白)	1
7684	摙	摙	lin33	lin3	打滾，俗字碾/輾	(白)	4
7685	憐	怜	lin21	lin4			1
7686	聯	联	lin21	lin4	聯合，對聯，肉聯廠；〈語〉又音，縫製		1
7687	蓮	莲	lin21	lin4	蓮花，蓮子		1
7688	連	连	lin21	lin4			1
7689	漣	涟	lin21	lin4			2
7690	鰱	鲢	lin21	lin4	鰱魚		2
7691	槤	梿	lin21	lin4	榴槤，槤枷		2
7692	褳	裢	lin21	lin4			2
7693	怜	怜	lin21	lin4			5
7694	璉	琏	lin24	lin5	瑚璉		2
7695	摙	摙	lin24	lin5	擔；運		4
7696	僆	僆	lin24	lin5	小雞；孿生		5
7697	鄻	鄻	lin24	lin5			5
7698	煉	炼	lin22	lin6	冶煉，煉油		1
7699	練	练	lin22	lin6			1
7700	鍊	鍊	lin22	lin6	鍊金；鍊條，後作鏈		1
7701	鏈	链	lin22	lin6	鏈接	(文)	1
7702	楝	楝	lin22	lin6	苦楝，楝樹		2
7703	浰	浰	lin22	lin6			3
7704	瑓	瑓	lin22	lin6			3
7705	鰊	𬶠	lin22	lin6			3
7706	摙	摙	lin22	lin6	按		4
7707	令	令	leŋ55	ling1	量詞，一令紙		1
7708	伶	伶	leŋ55	ling1	孤伶伶、孤伶清，又作孤零零、孤零清	(白)	1
7709	靈	灵	leŋ55	ling1	又音，精[tʃeŋ55]～，機靈	(白)	1
7710	鈴	铃	leŋ55	ling1	～啷，搖鈴聲；～啷佬，貨郎；車～，單車鋼圈	(白)	1
7711	零	零	leŋ55	ling1	孤零零、孤零清，又作孤伶伶、孤伶清	(白)	1
7712	拎	拎	leŋ55	ling1		(書)	1
7713	笭	笭	leŋ55	ling1	年輕幼稚的，～崽（本義背篼嬰），貶義、詈語，俗字僆	(白)	4
7714	坽	坽	leŋ33	ling3	俗字，傾斜、陡；坡道，源自嶺，阪也	(語)	3
7715	炩	炩	leŋ33	ling3	～噻[ɬak2]噻[ɬak2]，鋥亮	(語)	4
7716	令	令	leŋ21	ling4	令狐，俗讀命令之令		1
7717	伶	伶	leŋ21	ling4	名伶，伶俐		1
7718	凌	凌	leŋ21	ling4	冰凌，凌厲		1
7719	靈	灵	leŋ21	ling4	靈活，神靈		1
7720	玲	玲	leŋ21	ling4			1
7721	羚	羚	leŋ21	ling4			1
7722	聆	聆	leŋ21	ling4			1
7723	菱	菱	leŋ21	ling4	菱角		1
7724	鈴	铃	leŋ21	ling4	風鈴，鈴鐺		1
7725	陵	陵	leŋ21	ling4			1
7726	零	零	leŋ21	ling4	零分，零頭，零售		1
7727	齡	龄	leŋ21	ling4			1
7728	棱	棱	leŋ21	ling4	棱角，棱柱，模棱兩可		1
7729	綾	绫	leŋ21	ling4			2
7730	翎	翎	leŋ21	ling4			2
7731	苓	苓	leŋ21	ling4			2
7732	呤	呤	leŋ21	ling4	呤呤；象聲詞，呯[peŋ21]～嘭[paŋ21]啷[laŋ21]，劈哩啪啦		2
7733	囹	囹	leŋ21	ling4			2
7734	崚	崚	leŋ21	ling4	崚嶒		2
7735	欞	棂	leŋ21	ling4			2
7736	泠	泠	leŋ21	ling4			2
7737	瓴	瓴	leŋ21	ling4			2
7738	蛉	蛉	leŋ21	ling4			2
7739	酃	酃	leŋ21	ling4			2
7740	鯪	鲮	leŋ21	ling4	鯪鯉	(文)	2
7741	祾	祾	leŋ21	ling4			2
7742	楞	楞	leŋ21	ling4	楞伽，楞嚴；同棱字		3
7743	坽	坽	leŋ21	ling4	峻岸		3
7744	堎	堎	leŋ21	ling4			3
7745	姈	姈	leŋ21	ling4			3
7746	昤	昤	leŋ21	ling4			3
7747	柃	柃	leŋ21	ling4			3
7748	澪	澪	leŋ21	ling4			3
7749	舲	舲	leŋ21	ling4			3
7750	鴒	鸰	leŋ21	ling4			3
7751	㥄	㥄	leŋ21	ling4			3
7752	稜	棱	leŋ21	ling4	同棱字		4
7753	倰	倰	leŋ21	ling4	欺凌		4
7754	櫺	櫺	leŋ21	ling4			4
7755	淩	淩	leŋ21	ling4	水名；姓		4
7756	笭	笭	leŋ21	ling4	笭箵（口語稱魚䉴）		4
7757	蔆	蔆	leŋ21	ling4			4
7758	薐	薐	leŋ21	ling4			4
7759	醽	醽	leŋ21	ling4			4
7760	〇	〇	leŋ21	ling4			4
7761	掕	掕	leŋ21	ling4	止也		4
7762	岭	岭	leŋ21	ling4	岭巆		5
7763	睖	睖	leŋ21	ling4			5
7764	踜	踜	leŋ21	ling4	跌倒		5
7765	爧	𫞠	leŋ21	ling4			5
7766	嶺	岭	leŋ24	ling5	嶺南	(文)	1
7767	領	领	leŋ24	ling5	領獎，首領		1
7768	岭	岭	leŋ24	ling5		(文)	5
7769	令	令	leŋ22	ling6	令人，命令		1
7770	另	另	leŋ22	ling6	另類，另外（口語用另開）		1
7771	呤	呤	leŋ22	ling6	嘌呤		2
7772	炩	炩	leŋ22	ling6	炩火；霍[kʷʰak3]～，閃電，源自霍閃		4
7773	踜	踜	leŋ22	ling6	踜蹬		5
7774	獵	猎	lip2	lip6	打獵，獵人		1
7775	躐	躐	lip2	lip6			2
7776	鬣	鬣	lip2	lip6			2
7777	鱲	𫚭	lip2	lip6	鱲魚，又稱桃花魚		3
7778	擸	擸	lip2	lip6	理持也		4
7779	䁽	䁽	lip2	lip6			5
7780	列	列	lit2	lit6	排列，列隊；量詞，排		1
7781	劣	劣	lit2	lit6	俗讀	(常)	1
7782	咧	咧	lit2	lit6	咧嘴		1
7783	烈	烈	lit2	lit6			1
7784	獵	猎	lit2	lit6	俗讀	(又)	1
7785	裂	裂	lit2	lit6	斷裂，裂開		1
7786	冽	冽	lit2	lit6			2
7787	捩	捩	lit2	lit6	轉捩點		2
7788	洌	洌	lit2	lit6			2
7789	趔	趔	lit2	lit6			2
7790	鴷	䴕	lit2	lit6			3
7791	綟	𫄫	lit2	lit6	麻綟		4
7792	挒	挒	lit2	lit6			4
7793	迾	迾	lit2	lit6			5
7794	溜	溜	liu55	liu1	溜走，溜冰，順口溜，醋溜白菜		1
7795	寮	寮	liu55	liu1	又音，茅～，茅屋	(白)	2
7796	撂	撂	liu55	liu1	放下		2
7797	鷯	鹩	liu55	liu1		(文)	2
7798	熘	熘	liu55	liu1	醋熘白菜，焦熘裏脊		2
7799	蹓	蹓	liu55	liu1	同溜字，蹓走		4
7800	料	料	liu35	liu2	塑料，材料，資料，調料，飲料	(白)	1
7801	僚	僚	liu21	liu4	官僚，同僚		1
7802	嘹	嘹	liu21	liu4	嘹亮		1
7803	寥	寥	liu21	liu4	寂寥，寥廓		1
7804	撩	撩	liu21	liu4	撩動，撩撥		1
7805	療	疗	liu21	liu4			1
7806	瞭	瞭	liu21	liu4	瞭望		1
7807	繚	缭	liu21	liu4	繚繞，繚亂		1
7808	聊	聊	liu21	liu4			1
7809	遼	辽	liu21	liu4			1
7810	寮	寮	liu21	liu4	茅寮，寮舍		2
7811	潦	潦	liu21	liu4	潦草；潦倒，古讀郎刀切		2
7812	燎	燎	liu21	liu4	燎原；火燎，古讀上聲或去聲		2
7813	獠	獠	liu21	liu4	獠牙		2
7814	鐐	镣	liu21	liu4			2
7815	鷯	鹩	liu21	liu4	鷦鷯		2
7816	蹽	蹽	liu21	liu4			2
7817	嫽	嫽	liu21	liu4	戲弄		3
7818	憭	憭	liu21	liu4	憭慄		3
7819	橑	橑	liu21	liu4		(又)	3
7820	漻	漻	liu21	liu4	水清貌		3
7821	簝	簝	liu21	liu4			3
7822	髎	髎	liu21	liu4			3
7823	镽	镽	liu21	liu4	細長		4
7824	敹	敹	liu21	liu4			5
7825	了	了	liu24	liu5	了結，不得了		1
7826	瞭	瞭	liu24	liu5	瞭解，明瞭		1
7827	蓼	蓼	liu24	liu5	辣蓼（水蓼）		2
7828	釕	钌	liu24	liu5	金屬元素，符號Ru		2
7829	憭	憭	liu24	liu5	聰慧		3
7830	镽	镽	liu24	liu5	長貌		4
7831	料	料	liu22	liu6	預料，料想，照料，料酒		1
7832	廖	廖	liu22	liu6	姓		2
7833	尥	尥	liu22	liu6	尥蹶子		2
7834	釕	钌	liu22	liu6	釕銱兒		2
7835	𪤗	𪤗	liu22	liu6			3
7836	𣩢	𣩢	liu22	liu6	敗也		4
7837	炓	炓	liu22	liu6			5
7838	囉	啰	lɔ55	lo1	囉唆；～柚，屁股，或源自螺/腡；語氣詞，講清楚冇係得～！		1
7839	籮	箩	lɔ55	lo1	百～，嬰兒滿百日；量詞，一～炭，一簍子炭	(白)	1
7840	螺	螺	lɔ55	lo1	陀螺；轉/捹～～，團團轉，圓～～、圓陀[tʰɔ55]～，圓滾滾，俗字囉	(白)	1
7841	裸	裸	lɔ35	lo2	裸體		1
7842	瘰	瘰	lɔ35	lo2	瘰癧		2
7843	蓏	蓏	lɔ35	lo2			3
7844	蠃	蠃	lɔ35	lo2	蜾蠃		3
7845	倮	倮	lɔ35	lo2			3
7846	砢	砢	lɔ35	lo2	磊砢		4
7847	臝	臝	lɔ35	lo2			4
7848	攞	攞	lɔ35	lo2	拿、取、要，源自攎，持也；助詞，動詞後表動作方式，着，弱讀讀同左或楚，隻雞擰來炒～一係煲～？這隻雞是拿來炒還是煲湯？		4
7849	咯	咯	lɔ33	lo3	語氣詞，表已然		2
7850	摞	摞	lɔ33	lo3	摞起來		2
7851	囉	啰	lɔ21	lo4	嘍囉，囉唕		1
7852	籮	箩	lɔ21	lo4	名詞，～頭，籮筐；量詞		1
7853	羅	罗	lɔ21	lo4			1
7854	蘿	萝	lɔ21	lo4	蘿蔔，藤蘿		1
7855	螺	螺	lɔ21	lo4	田螺，螺旋，陀螺		1
7856	邏	逻	lɔ21	lo4	邏輯，巡邏		1
7857	鑼	锣	lɔ21	lo4			1
7858	騾	骡	lɔ21	lo4			1
7859	玀	猡	lɔ21	lo4	豬玀		2
7860	欏	椤	lɔ21	lo4			2
7861	腡	脶	lɔ21	lo4	手指紋		3
7862	蠃	蠃	lɔ21	lo4	同螺字		3
7863	儸	㑩	lɔ21	lo4	僂儸		4
7864	覼	𫌨	lɔ21	lo4			4
7865	饠	𫗩	lɔ21	lo4			4
7866	㼈	𭹜	lɔ21	lo4			4
7867	㱻	㱻	lɔ22	lo6			4
7868	𦧲	𦧲	lœ55	loe1	吐，本爲象聲詞，擬吐聲		4
7869	𦧲	𦧲	lœ35	loe2	揩擦，疑本字縷/捋/擼		4
7870	掠	掠	lœk3	loek3		(又)	1
7871	略	略	lœk3	loek3		(又)	1
7872	掠	掠	lœk2	loek6	擄掠，掠奪		1
7873	略	略	lœk2	loek6	戰略，大略		1
7874	撂	撂	lœk2	loek6	掠取，本字㨼		2
7875	䂮	䂮	lœk2	loek6			3
7876	圙	圙	lœk2	loek6			3
7877	擽	㧰	lœk2	loek6	擊也		4
7878	兩	两	lœŋ35	loeng2	斤兩，二兩		1
7879	輛	辆	lœŋ35	loeng2	車輛		1
7880	啢	唡	lœŋ35	loeng2			4
7881	涼	凉	lœŋ21	loeng4	冰涼，涼爽		1
7882	梁	梁	lœŋ21	loeng4	梁山，梁朝；姓		1
7883	樑	梁	lœŋ21	loeng4	房樑，脊樑		1
7884	糧	粮	lœŋ21	loeng4			1
7885	粱	粱	lœŋ21	loeng4			1
7886	良	良	lœŋ21	loeng4			1
7887	量	量	lœŋ21	loeng4	測量		1
7888	椋	椋	lœŋ21	loeng4			2
7889	莨	莨	lœŋ21	loeng4	薯莨		2
7890	踉	踉	lœŋ21	loeng4	跳踉		2
7891	俍	俍	lœŋ21	loeng4			3
7892	輬	辌	lœŋ21	loeng4			3
7893	綡	𫟅	lœŋ21	loeng4			3
7894	墚	墚	lœŋ21	loeng4			3
7895	粮	粮	lœŋ21	loeng4			5
7896	兩	两	lœŋ24	loeng5	兩個，兩斤；～人好、～兄弟，猜碼口令，數字二		1
7897	倆	俩	lœŋ24	loeng5			1
7898	魎	魉	lœŋ24	loeng5			2
7899	䓣	𬜯	lœŋ24	loeng5			3
7900	緉	𮉧	lœŋ24	loeng5			4
7901	裲	𮖁	lœŋ24	loeng5			4
7902	蜽	𮔊	lœŋ24	loeng5			4
7903	亮	亮	lœŋ22	loeng6			1
7904	諒	谅	lœŋ22	loeng6			1
7905	量	量	lœŋ22	loeng6	數量		1
7906	踉	踉	lœŋ22	loeng6	踉蹌		2
7907	倞	倞	lœŋ22	loeng6	求；索取		3
7908	悢	悢	lœŋ22	loeng6	惆悵		3
7909	喨	喨	lœŋ22	loeng6			4
7910	惊	惊	lœŋ22	loeng6	同悢字		5
7911	律	律	lœt5	loet1	屈[kʷɐt2]～出[tʃʰœt5]，禿貌；案，元曲作出律（光/滑/黑出律）	(語)	1
7912	來	来	lɔi21	loi4	未來，來回，來信		1
7913	萊	莱	lɔi21	loi4			1
7914	崍	崃	lɔi21	loi4			2
7915	徠	徕	lɔi21	loi4	招徠		2
7916	淶	涞	lɔi21	loi4			2
7917	錸	铼	lɔi21	loi4			2
7918	棶	梾	lɔi21	loi4			3
7919	倈	俫	lɔi21	loi4	古族名；元雜劇俗稱小孩，倈兒；地名用字		3
7920	鶆	𱉵	lɔi21	loi4			4
7921	䧒	䧒	lɔi21	loi4			4
7922	睞	睐	lɔi22	loi6			1
7923	徠	徕	lɔi22	loi6	勞徠		2
7924	賚	赉	lɔi22	loi6			2
7925	誺	𫍧	lɔi22	loi6	誤		5
7926	唻	𫪁	lɔi22	loi6			5
7927	洛	洛	lɔk3	lok3			1
7928	烙	烙	lɔk3	lok3	烙印，炮烙		1
7929	絡	络	lɔk3	lok3			1
7930	落	落	lɔk3	lok3	角落頭，前字調類化，合音爲[klɔk3]頭	(又)	1
7931	酪	酪	lɔk3	lok3	奶酪		1
7932	駱	骆	lɔk3	lok3	駱駝；姓		1
7933	咯	咯	lɔk3	lok3	吡咯		2
7934	犖	荦	lɔk3	lok3	卓犖，犖確		2
7935	漯	漯	lɔk3	lok3	漯河市，本作螺		2
7936	珞	珞	lɔk3	lok3			2
7937	鉻	铬	lɔk3	lok3	剃髮		2
7938	雒	雒	lɔk3	lok3			2
7939	餎	饹	lɔk3	lok3	餄餎		2
7940	樂	乐	lɔk2	lok6	快樂		1
7941	落	落	lɔk2	lok6	落雨，下落，落車（下車），落船（上船）		1
7942	濼	泺	lɔk2	lok6	水名，濼水（在山東）		2
7943	硌	硌	lɔk2	lok6	山上大石		2
7944	躒	跞	lɔk2	lok6	卓躒		2
7945	卵	卵	lɔn55	lon1	～子，睾丸，～脬，陰囊；大～脬，疝氣；腏（戳物）懵懵，～脬似檸檬[mʊŋ35]，譏諷人稚嫩的俗語	(白)	1
7946	啷	啷	lɔŋ55	long1	噹啷；鈴[leŋ55]～佬，貨郎		2
7947	盪	荡	lɔŋ35	long2	漱、涮洗，或爲來回盪的合音，另一說本字盪，上古[*gla̠ŋʔ]複輔音的遺留	(語)	1
7948	閬	阆	lɔŋ33	long3	架～，架子、形體，擺架～，擺架子，俗字𢲲	(白)	2
7949	廊	廊	lɔŋ21	long4			1
7950	榔	榔	lɔŋ21	long4	檳榔，桄榔		1
7951	狼	狼	lɔŋ21	long4	豺狼，狼狽；〈語〉比喻兇狠，佢（渠）好～嘅		1
7952	琅	琅	lɔŋ21	long4	琳琅，琅琊		1
7953	郎	郎	lɔŋ21	long4			1
7954	螂	螂	lɔŋ21	long4	蟑螂，螳螂（口語稱馬螂扛）		2
7955	稂	稂	lɔŋ21	long4			2
7956	鋃	锒	lɔŋ21	long4			2
7957	閬	阆	lɔŋ21	long4	閌閬		2
7958	桹	桹	lɔŋ21	long4			3
7959	筤	筤	lɔŋ21	long4			3
7960	瑯	瑯	lɔŋ21	long4			4
7961	硠	硠	lɔŋ21	long4	石聲		4
7962	鎯	𨱍	lɔŋ21	long4			4
7963	嫏	嫏	lɔŋ21	long4			4
7964	蜋	蜋	lɔŋ21	long4	同螂字		5
7965	㝗	㝗	lɔŋ21	long4			5
7966	朗	朗	lɔŋ24	long5	明朗，朗讀，疏朗		1
7967	埌	埌	lɔŋ24	long5	地名，埌東、埌西，與㙟/塱同源		3
7968	塱	塱	lɔŋ24	long5	同㙟字		3
7969	崀	崀	lɔŋ24	long5			3
7970	悢	悢	lɔŋ24	long5	懭悢		3
7971	烺	烺	lɔŋ24	long5			3
7972	㮾	㮾	lɔŋ24	long5			3
7973	蓢	蓢	lɔŋ24	long5			3
7974	㙟	㙟	lɔŋ24	long5	江、湖邊的低窪地；地名用字		4
7975	誏	誏	lɔŋ24	long5	同朗字		5
7976	浪	浪	lɔŋ22	long6	風浪，浪費		1
7977	晾	晾	lɔŋ22	long6	俗字，曬，本字㫰		1
7978	莨	莨	lɔŋ22	long6	莨菪		2
7979	蒗	蒗	lɔŋ22	long6			2
7980	閬	阆	lɔŋ22	long6	閬苑，閬中		2
7981	埌	埌	lɔŋ22	long6	墳墓		3
7982	㫰	㫰	lɔŋ22	long6	晾曬，俗字晾		3
7983	誏	誏	lɔŋ22	long6	戲言		5
7984	㖀	㖀	lɔt2	lot6	走～～，魚貫而行	(語)	4
7985	撈	捞	lu55	lu1	攪拌，乾～，乾拌；摻和，～亂；賺，～錢，賺錢；混，～世界，闖江湖	(白)	1
7986	嚕	噜	lu55	lu1	嚕囌，咕嚕；遠指代詞，那，～個，那個，源自那，《正字通》又暮韻音怒，演變構擬[*nu22]➔[*nu55]➔[lu55]，而代詞那源自若，上古鐸部或魚部		2
7987	癆	痨	lu55	lu1	餓～，莽撞、魯莽	(白)	2
7988	髏	髅	lu55	lu1	骷髏，前字順同化	(白)	2
7989	擼	撸	lu55	lu1	捋；捱～，被說、被批評		2
7990	黸	黸	lu55	lu1	鑊～，鍋灰		4
7991	佬	佬	lu35	lu2	俗稱男子，本字老		2
7992	嚕	噜	lu33	lu3	遠指代詞，那	(又)	2
7993	勞	劳	lu21	lu4	勞動；慰勞，古讀去聲		1
7994	盧	卢	lu21	lu4			1
7995	嘮	唠	lu21	lu4	嘮叨，嘮嘈（同㗦嘈）		1
7996	廬	庐	lu21	lu4	茅廬		1
7997	爐	炉	lu21	lu4			1
7998	牢	牢	lu21	lu4			1
7999	蘆	芦	lu21	lu4	蘆葦		1
8000	顱	颅	lu21	lu4			1
8001	驢	驴	lu21	lu4	讀同盧	(又)	1
8002	癆	痨	lu21	lu4	癆病，肺癆		2
8003	臚	胪	lu21	lu4			2
8004	鱸	鲈	lu21	lu4	鱸魚		2
8005	壚	垆	lu21	lu4			2
8006	嶗	崂	lu21	lu4			2
8007	櫨	栌	lu21	lu4			2
8008	瀘	泸	lu21	lu4			2
8009	艫	舻	lu21	lu4			2
8010	轤	轳	lu21	lu4	轆轤		2
8011	醪	醪	lu21	lu4			2
8012	鸕	鸬	lu21	lu4	鸕鶿		2
8013	鐒	铹	lu21	lu4			3
8014	鑪	𬬻	lu21	lu4			3
8015	𡑍	𫭼	lu21	lu4			3
8016	纑	纑	lu21	lu4			4
8017	罏	罏	lu21	lu4			4
8018	蟧	蟧	lu21	lu4			4
8019	簩	𱸇	lu21	lu4			4
8020	㗦	㗦	lu21	lu4	～嘈，吵鬧，又作嘮嘈		4
8021	髝	髝	lu21	lu4	急貌；高貌		4
8022	姥	姥	lu24	lu5	姥姥		1
8023	老	老	lu24	lu5	老人，老師；～乸、～竇，母親、父親的敘稱		1
8024	虜	虏	lu24	lu5			1
8025	魯	鲁	lu24	lu5	粗魯，魯莽；姓		1
8026	滷	卤	lu24	lu5	滷水，滷蛋		1
8027	鹵	卤	lu24	lu5	鹵素，潟鹵		1
8028	擄	掳	lu24	lu5			2
8029	櫓	橹	lu24	lu5			2
8030	潦	潦	lu24	lu5	雨大貌	(古)	2
8031	擼	撸	lu24	lu5	動也		2
8032	栳	栳	lu24	lu5			2
8033	氌	氇	lu24	lu5			2
8034	獠	獠	lu24	lu5	蠻族		2
8035	銠	铑	lu24	lu5			2
8036	橑	橑	lu24	lu5			3
8037	荖	荖	lu24	lu5			3
8038	瀂	澛	lu24	lu5			3
8039	鑥	镥	lu24	lu5			3
8040	磠	硵	lu24	lu5			4
8041	䇭	䇭	lu24	lu5			4
8042	賂	赂	lu22	lu6	賄賂		1
8043	路	路	lu22	lu6			1
8044	酪	酪	lu22	lu6	酒類		1
8045	露	露	lu22	lu6			1
8046	澇	涝	lu22	lu6	澇災，旱澇		1
8047	鷺	鹭	lu22	lu6	鷺鷥		2
8048	潞	潞	lu22	lu6			2
8049	璐	璐	lu22	lu6			2
8050	輅	辂	lu22	lu6			2
8051	耮	耢	lu22	lu6			2
8052	嫪	嫪	lu22	lu6	嫪毐		3
8053	蕗	蕗	lu22	lu6			3
8054	壘	垒	lui55	lui1	堡壘；一堆～，一大堆，堆壘實爲堆的分音	(又)	1
8055	擂	擂	lui55	lui1	打、揍	(白)	1
8056	𨀤	𨀤	lui55	lui1	鑽入；栽倒		4
8057	擂	擂	lui21	lui4	擂臺，擂鼓		1
8058	累	累	lui21	lui4	果實累累，累贅		1
8059	蕾	蕾	lui21	lui4	芭蕾舞，蕾絲		1
8060	雷	雷	lui21	lui4			1
8061	嫘	嫘	lui21	lui4			2
8062	縲	缧	lui21	lui4			2
8063	羸	羸	lui21	lui4			2
8064	鐳	镭	lui21	lui4			2
8065	檑	檑	lui21	lui4			3
8066	罍	罍	lui21	lui4			3
8067	欙	欙	lui21	lui4	山行用具		4
8068	纍	累	lui21	lui4	繩索		4
8069	蔂	蔂	lui21	lui4	同虆字；同欙字		4
8070	虆	蔂	lui21	lui4	藤蔓；土筐		4
8071	樏	樏	lui21	lui4			5
8072	壘	垒	lui24	lui5	堡壘，壘球		1
8073	屢	屡	lui24	lui5		(又)	1
8074	磊	磊	lui24	lui5			1
8075	累	累	lui24	lui5	積累，傷痕累累		1
8076	蕾	蕾	lui24	lui5	花蕾，蓓蕾		1
8077	儡	儡	lui24	lui5	傀儡		2
8078	漯	漯	lui24	lui5	同㶟/灅字		2
8079	癗	癗	lui24	lui5			3
8080	藟	藟	lui24	lui5			3
8081	儽	儽	lui24	lui5			4
8082	纍	累	lui24	lui5	堆積		4
8083	㿔	㿔	lui24	lui5			4
8084	礨	礨	lui24	lui5			5
8085	絫	絫	lui24	lui5			5
8086	蘽	蘽	lui24	lui5			5
8087	淚	泪	lui22	lui6			1
8088	類	类	lui22	lui6			1
8089	累	累	lui22	lui6	勞累，連累		1
8090	唳	唳	lui22	lui6			2
8091	戾	戾	lui22	lui6	暴戾，乖戾		2
8092	耒	耒	lui22	lui6			2
8093	誄	诔	lui22	lui6			2
8094	酹	酹	lui22	lui6	酹酒，奠酹		2
8095	礌	礌	lui22	lui6	礌石		3
8096	礧	礧	lui22	lui6			4
8097	䓞	䓞	lui22	lui6			4
8098	碌	碌	lʊk5	luk1	忙碌，勞碌；量詞，段，木～，木頭段子；詞綴，圓～～，圓溜溜，肥～～，胖貌，眼鼓～～，眼睛亂轉	(白)	1
8099	麓	麓	lʊk5	luk1	山麓，麓林		2
8100	轆	辘	lʊk5	luk1	軲轆；車～，車輪		2
8101	簏	簏	lʊk5	luk1			3
8102	趢	趢	lʊk5	luk1	仆[pʰʊk5]仆[pʰʊk5]～～，踉踉蹌蹌	(白)	4
8103	熝	熝	lʊk5	luk1	燙	(語)	4
8104	睩	睩	lʊk5	luk1		(白)	4
8105	六	六	lʊk2	luk6	第六，六藝；～位[wɐi35]位[wɐi35]、～位[wɐi35]（諧音祿位）、～來（諧音落來），猜碼口令，數字六		1
8106	錄	录	lʊk2	luk6			1
8107	氯	氯	lʊk2	luk6			1
8108	碌	碌	lʊk2	luk6	碌碡；礦物名，石綠	(文)	1
8109	祿	禄	lʊk2	luk6			1
8110	綠	绿	lʊk2	luk6			1
8111	落	落	lʊk2	luk6	落雨，落來（下來），落去（下去），語流音變；猜碼時也作六的諧音	(又)	1
8112	谷	谷	lʊk2	luk6	谷蠡王	(古)	1
8113	陸	陆	lʊk2	luk6			1
8114	鹿	鹿	lʊk2	luk6			1
8115	戮	戮	lʊk2	luk6			2
8116	淥	渌	lʊk2	luk6			2
8117	漉	漉	lʊk2	luk6			2
8118	籙	箓	lʊk2	luk6			2
8119	蓼	蓼	lʊk2	luk6	草長大貌		2
8120	逯	逯	lʊk2	luk6			2
8121	僇	僇	lʊk2	luk6			3
8122	勠	勠	lʊk2	luk6			3
8123	琭	琭	lʊk2	luk6			3
8124	甪	甪	lʊk2	luk6			3
8125	稑	稑	lʊk2	luk6	疾熟也；〈量〉簇、串，一穙[pʊk2]～，一嘟嚕，與哢對轉，穙稑實爲穙的分音		3
8126	菉	菉	lʊk2	luk6			3
8127	騄	𫘧	lʊk2	luk6			3
8128	趢	趢	lʊk2	luk6	趢趗，趢𧼙		4
8129	摝	摝	lʊk2	luk6	振、搖		4
8130	熝	熝	lʊk2	luk6	煉也		4
8131	盝	盝	lʊk2	luk6			4
8132	睩	睩	lʊk2	luk6	視貌		4
8133	磟	磟	lʊk2	luk6	磟碡		4
8134	醁	醁	lʊk2	luk6			4
8135	㟤	㟤	lʊk2	luk6	兩山間低凹狹窄之地；地名用字		4
8136	坴	坴	lʊk2	luk6			5
8137	彔	录	lʊk2	luk6			5
8138	䍡	䍡	lʊk2	luk6			5
8139	樚	樚	lʊk2	luk6			5
8140	朧	胧	lʊŋ55	lung1	迷、錯，～路，迷路；案，邢公畹《漢台語比較手冊》P489認爲民族語對音與『厖』可比較，楊倞《註》厖，亂也，『厖』又含目不明義，寫作『𥆙』，後世『朦朧、厖澒』等詞由它生發，故『厖/朧』皆爲同源字	(語)	1
8141	窿	窿	lʊŋ55	lung1	窟窿，本字竉		1
8142	竉	竉	lʊŋ55	lung1	孔穴，俗字窿		4
8143	攏	拢	lʊŋ35	lung2	合攏，靠攏	(白)	1
8144	嚨	咙	lʊŋ21	lung4			1
8145	籠	笼	lʊŋ21	lung4	蒸籠，燈籠；馬～頭，馬脖套，本字䪊/龓		1
8146	聾	聋	lʊŋ21	lung4	耳聾，聾啞；～鬼、～佬，聾子；～嗙[paŋ55]嗙[paŋ55/paŋ33]，聾得很		1
8147	朧	胧	lʊŋ21	lung4	朦朧，朧明		1
8148	隆	隆	lʊŋ21	lung4			1
8149	龍	龙	lʊŋ21	lung4			1
8150	窿	窿	lʊŋ21	lung4	穹窿；煤礦坑道		1
8151	瓏	珑	lʊŋ21	lung4			2
8152	矓	眬	lʊŋ21	lung4			2
8153	櫳	栊	lʊŋ21	lung4			2
8154	瀧	泷	lʊŋ21	lung4	急流的水		2
8155	癃	癃	lʊŋ21	lung4			2
8156	礱	砻	lʊŋ21	lung4			2
8157	蘢	茏	lʊŋ21	lung4			2
8158	曨	昽	lʊŋ21	lung4			3
8159	漋	漋	lʊŋ21	lung4			3
8160	躘	𨀁	lʊŋ21	lung4	躘蹱		4
8161	𡃡	𡃡	lʊŋ21	lung4	大聲		4
8162	䪊	𫖅	lʊŋ21	lung4	馬䪊頭		4
8163	壟	垄	lʊŋ24	lung5	壟斷，田壟		1
8164	攏	拢	lʊŋ24	lung5		(文)	1
8165	籠	笼	lʊŋ24	lung5	籠統，箱籠		1
8166	隴	陇	lʊŋ24	lung5			2
8167	篢	𬕂	lʊŋ24	lung5	同籠字；地名用字		3
8168	儱	𫢒	lʊŋ24	lung5			4
8169	壠	垄	lʊŋ24	lung5	同壟字		5
8170	弄	弄	lʊŋ22	lung6	里弄；地名用字		1
8171	哢	哢	lʊŋ22	lung6	鳥吟；〈量〉簇、串，一唪[pʊŋ22]～，一嘟嚕，與稑對轉，唪哢實爲唪的分音		3
8172	衖	衖	lʊŋ22	lung6	里衖，同里弄		4
8173	躘	𨀁	lʊŋ22	lung6	唦[ʃa21]哩[li55]～蹱[tʃʰʊŋ33]，莽撞；～～蹱[tʃʰʊŋ33]蹱[tʃʰʊŋ33]，踉踉蹌蹌	(白)	4
8174	㟖	㟖	lʊŋ22	lung6			4
8175	驢	驴	ly21	lyu4	毛驢，驢崽		1
8176	閭	闾	ly21	lyu4			2
8177	膢	𦝼	ly21	lyu4		(又)	3
8178	侶	侣	ly24	lyu5			1
8179	呂	吕	ly24	lyu5			1
8180	屢	屡	ly24	lyu5			1
8181	履	履	ly24	lyu5	鞋履，履歷，讀同屢	(習)	1
8182	旅	旅	ly24	lyu5			1
8183	縷	缕	ly24	lyu5	絲縷，一縷		1
8184	鋁	铝	ly24	lyu5			1
8185	櫚	榈	ly24	lyu5			2
8186	褸	褛	ly24	lyu5	襤褸		2
8187	僂	偻	ly24	lyu5	傴僂；迅速		2
8188	膂	膂	ly24	lyu5			2
8189	梠	梠	ly24	lyu5			3
8190	漊	溇	ly24	lyu5	小雨不絕貌		3
8191	穭	稆	ly24	lyu5			3
8192	稆	稆	ly24	lyu5			5
8193	濾	滤	ly22	lyu6			1
8194	慮	虑	ly22	lyu6			1
8195	攣	挛	lyn55	lyun1	鑽入；頭髮捲曲	(語)	2
8196	卵	卵	lyn35	lyun2	雞卵，卵子，卵脬		1
8197	戀	恋	lyn35	lyun2	戀愛，留戀		1
8198	𥽸	𥽸	lyn35	lyun2			5
8199	侖	仑	lyn21	lyun4		(老派)	1
8200	崙	仑	lyn21	lyun4		(老派)	1
8201	倫	伦	lyn21	lyun4		(老派)	1
8202	巒	峦	lyn21	lyun4			1
8203	掄	抡	lyn21	lyun4		(老派)	1
8204	淪	沦	lyn21	lyun4		(老派)	1
8205	磷	磷	lyn21	lyun4		(老派)	1
8206	聯	联	lyn21	lyun4	縫製	(語)	1
8207	論	论	lyn21	lyun4		(老派)	1
8208	輪	轮	lyn21	lyun4		(老派)	1
8209	鄰	邻	lyn21	lyun4		(老派)	1
8210	鱗	鳞	lyn21	lyun4		(老派)	1
8211	孿	孪	lyn21	lyun4			2
8212	攣	挛	lyn21	lyun4	痙攣		2
8213	綸	纶	lyn21	lyun4		(老派)	2
8214	轔	辚	lyn21	lyun4		(老派)	2
8215	遴	遴	lyn21	lyun4		(老派)	2
8216	鑾	銮	lyn21	lyun4			2
8217	鸞	鸾	lyn21	lyun4			2
8218	麟	麟	lyn21	lyun4		(老派)	2
8219	圇	囵	lyn21	lyun4		(老派)	2
8220	嶙	嶙	lyn21	lyun4		(老派)	2
8221	欒	栾	lyn21	lyun4	欒樹		2
8222	灤	滦	lyn21	lyun4			2
8223	璘	璘	lyn21	lyun4		(老派)	2
8224	粼	粼	lyn21	lyun4		(老派)	2
8225	膦	膦	lyn21	lyun4		(老派)	2
8226	潾	潾	lyn21	lyun4		(老派)	3
8227	瞵	瞵	lyn21	lyun4		(老派)	3
8228	翷	翷	lyn21	lyun4		(老派)	3
8229	錀	𬬭	lyn21	lyun4		(老派)	3
8230	鏻	𬭸	lyn21	lyun4		(老派)	3
8231	驎	𬴊	lyn21	lyun4		(老派)	3
8232	埨	𫭢	lyn21	lyun4		(老派)	3
8233	燐	燐	lyn21	lyun4		(老派)	4
8234	𢺈	𢺈	lyn21	lyun4	聚；擇		4
8235	圝	𪢮	lyn21	lyun4	團圝		4
8236	繗	繗	lyn21	lyun4		(老派)	5
8237	圞	𪢮	lyn21	lyun4	同圝字		5
8238	孌	娈	lyn24	lyun5			2
8239	臠	脔	lyn24	lyun5			2
8240	脟	脟	lyn24	lyun5	同臠字		3
8241	亂	乱	lyn22	lyun6			1
8242	吝	吝	lyn22	lyun6		(老派)	1
8243	論	论	lyn22	lyun6		(老派)	1
8244	躪	躏	lyn22	lyun6		(老派)	1
8245	藺	蔺	lyn22	lyun6		(老派)	2
8246	遴	遴	lyn22	lyun6		(老派)	2
8247	膦	膦	lyn22	lyun6		(老派)	2
8248	溣	溣	lyn22	lyun6		(老派)	4
8249	捋	捋	lyt5	lyut1	滑落；滑～～，滑溜溜	(白)	2
8250	捋	捋	lyt3	lyut3		(又)	2
8251	劣	劣	lyt2	lyut6	惡劣，劣質		1
8252	律	律	lyt2	lyut6		(老派)	1
8253	慄	栗	lyt2	lyut6		(老派)	1
8254	栗	栗	lyt2	lyut6		(老派)	1
8255	率	率	lyt2	lyut6	效率	(老派)	1
8256	聿	聿	lyt2	lyut6		(又)	2
8257	埒	埒	lyt2	lyut6			2
8258	捋	捋	lyt2	lyut6	捋袖，捋鬍鬚		2
8259	溧	溧	lyt2	lyut6		(老派)	2
8260	篥	篥	lyt2	lyut6		(老派)	2
8261	酹	酹	lyt2	lyut6		(又)	2
8262	傈	傈	lyt2	lyut6		(老派)	2
8263	脟	脟	lyt2	lyut6	脅肉；腸間脂		3
8264	葎	葎	lyt2	lyut6		(老派)	3
8265	鋝	锊	lyt2	lyut6			3
8266	凓	凓	lyt2	lyut6		(老派)	3
8267	㗚	㗚	lyt2	lyut6		(老派)	4
8268	𤝽	𤝽	lyt2	lyut6		(老派)	4
8269	呣	呣	m̩35	m2	表疑問		2
8270	唔	唔	m̩21	m4	否定詞，本字毋/無，老派只用於唔該（勞駕、本地兼表多謝）、唔通（難道）和唔䎺（不願意），其餘用冇，現已罕用		2
8271	毋	毋	m̩21	m4	否定詞，俗字唔	(語)	2
8272	五	五	m̩24	m5	十五，前字順同化	(又)	1
8273	呣	呣	m̩22	m6	表答應		2
8274	嗎	吗	ma55	maa1	語氣詞，表疑問		1
8275	嘛	嘛	ma55	maa1	喇嘛；唵嘛呢叭咪吽；黑～～，黑漆漆		1
8276	媽	妈	ma55	maa1	媽[ma21]媽，姑媽		1
8277	巴	巴	ma55	maa1	攀扶、扒着；～望[mʊŋ35]，盼望、巴不得，原讀的逆同化；孖（連帶）的本字	(白)	1
8278	摩	摩	ma55	maa1	摩挲（按着移動）		1
8279	螞	蚂	ma55	maa1	螞螂（蜻蜓）		1
8280	蟆	蟆	ma55	maa1	～𧊅[kʷai35]，青蛙，罕用	(白)	1
8281	貌	貌	ma55	maa1	又音，～乎[wu21]/啊[a22]，副詞，頗、蠻，貌似乎之省且語流音變，俗作嗎胡/嗎啊，啊爲乎的弱讀	(語)	1
8282	馬	马	ma55	maa1	馬虎；〈語〉～騮[lɐu55]，猴子，又作馬留/馬流/獁騮/馬𧳽/馬𤠑，一說源自沐猱/沐猴		1
8283	嬤	嬷	ma55	maa1	俗呼母		2
8284	孖	孖	ma55	maa1	孿生、連帶，源自巴（靠近、貼近）的旁轉；雙孖井，古井又泛指地名，現爲文物點	(訓)	3
8285	么	么	ma55	maa1	同嗎字		4
8286	嚜	嚜	ma55	maa1	語氣詞		4
8287	嗎	吗	ma35	maa2	是非疑問句助詞，俗作嘛，係～？好食～？	(語)	1
8288	嘛	嘛	ma35	maa2	同嗎字	(語)	1
8289	嫲	嫲	ma35	maa2	阿～，祖母	(又)	4
8290	嘛	嘛	ma33	maa3	語氣詞，要講道理吖～、徛多幾分鐘之～		1
8291	嗎	吗	ma21	maa4	官話用字，幹嗎（幹什麼）		1
8292	嘛	嘛	ma21	maa4	助詞		1
8293	蟆	蟆	ma21	maa4	蝦蟆，又作蛤蟆		1
8294	麻	麻	ma21	maa4	黃麻；麻瘋，同痲瘋		1
8295	痲	痲	ma21	maa4	痲瘋，痲疹，痲子		4
8296	痳	痳	ma21	maa4	同痲字		4
8297	嫲	嫲	ma21	maa4	俗字，阿～，祖母，一說與嬤同源，老派用法，今已罕用，現多稱奶奶		4
8298	嗎	吗	ma24	maa5	嗎啡		1
8299	瑪	玛	ma24	maa5			1
8300	碼	码	ma24	maa5	尺碼，碼頭		1
8301	螞	蚂	ma24	maa5	螞蟻，螞蟥		1
8302	馬	马	ma24	maa5	騎馬，馬戲		1
8303	獁	犸	ma24	maa5	猛獁		2
8304	榪	杩	ma24	maa5	榪槎		3
8305	傌	㐷	ma24	maa5	象棋紅方棋子名		4
8306	螞	蚂	ma22	maa6	螞蚱		1
8307	罵	骂	ma22	maa6	罵人		1
8308	榪	杩	ma22	maa6	牀頭橫木		3
8309	禡	祃	ma22	maa6			3
8310	傌	㐷	ma22	maa6	漢代刑罰；同罵字		4
8311	駡	骂	ma22	maa6	同罵字		5
8312	瓢	瓢	mai55	maai1	本義瓢，光～，禿子，已罕用；案，邢公畹《漢台語比較手冊》P396認爲民族語對音與『瓢』可比較，故『瓢』爲同源字，上古宵部	(語)	1
8313	賣	卖	mai35	maai2	燒賣	(白)	1
8314	埋	埋	mai21	maai4	埋伏，埋怨；～口，傷口癒合		1
8315	霾	霾	mai21	maai4			2
8316	買	买	mai24	maai5			1
8317	蕒	荬	mai24	maai5			2
8318	賣	卖	mai22	maai6	買賣，賣報		1
8319	邁	迈	mai22	maai6			1
8320	勱	劢	mai22	maai6			2
8321	𢫦	𢫦	mak5	maak1	砍、鋤，～一刀，已罕用	(白)	4
8322	掰	掰	mak3	maak3	訓讀擘	(訓)	1
8323	擘	擘	mak3	maak3	巨擘，擘畫；掰、張，～嘴、～口，張嘴；詞綴，乾～～，乾貌，與繃對轉		2
8324	㓦	㓦	mak3	maak3			4
8325	扳	扳	man55	maan1	扳倒，扳回；通攀字，攀、扶	(白)	1
8326	攀	攀	man55	maan1	攀、扶	(白)	1
8327	驐	驐	man55	maan1	～雞，未閹淨的公雞，已罕用；案，民族語對音爲[man1]，又有閹義對音爲[ton1]，邢公畹《漢台語比較手冊》P208認爲[ton1]與『驐』可比較，故『驐』爲同源字，[m-]與[t-]可視作端組、泥明母旁轉	(白)	4
8328	慢	慢	man35	maan2	慢[man22]～行/食/嗒[tɛp5]	(白)	1
8329	蔓	蔓	man21	maan4	蔓菁		1
8330	蠻	蛮	man21	maan4	蠻荒，野蠻；副詞，很（口語用貌乎，俗字嗎胡或嗎啊）		1
8331	頑	顽	man21	maan4	～皮，～固，訓讀蠻	(訓)	1
8332	饅	馒	man21	maan4	饅頭		1
8333	謾	谩	man21	maan4	欺謾		2
8334	鬘	鬘	man21	maan4			3
8335	晚	晚	man24	maan5	晚上，早晚；排行最小的，～崽、～女、～叔		1
8336	萬	万	man22	maan6			1
8337	慢	慢	man22	maan6	慢車，快慢；〈語〉（稱物時）秤尾低		1
8338	曼	曼	man22	maan6	曼舞，曼妙		1
8339	漫	漫	man22	maan6			1
8340	蔓	蔓	man22	maan6	藤蔓，蔓延		1
8341	饅	馒	man22	maan6	讀同曼	(又)	1
8342	幔	幔	man22	maan6			2
8343	鰻	鳗	man22	maan6	鰻魚，電鰻		2
8344	墁	墁	man22	maan6			2
8345	嫚	嫚	man22	maan6			2
8346	縵	缦	man22	maan6			2
8347	謾	谩	man22	maan6	謾罵		2
8348	鏝	镘	man22	maan6			2
8349	澫	𬇕	man22	maan6			3
8350	蔄	𬜬	man22	maan6			3
8351	万	万	man22	maan6	同萬字		4
8352	熳	熳	man22	maan6			4
8353	卍	卍	man22	maan6			5
8354	脕	脕	man22	maan6			5
8355	蜢	蜢	maŋ35	maang2	瘦～倀[tʃʰaŋ35]，很瘦	(語)	2
8356	盲	盲	maŋ21	maang4			1
8357	鄳	𫑡	maŋ21	maang4			3
8358	猛	猛	maŋ24	maang5			1
8359	莽	莽	maŋ24	maang5	莽撞，魯莽	(白)	1
8360	螞	蚂	maŋ24	maang5	螞蟻，後字逆同化，俗作蜢蟻	(又)	1
8361	錳	锰	maŋ24	maang5			1
8362	蜢	蜢	maŋ24	maang5	蚱蜢；〈語〉～蟻，螞蟻，螞受後字逆同化		2
8363	蟒	蟒	maŋ24	maang5		(白)	2
8364	艋	艋	maŋ24	maang5			2
8365	黽	黾	maŋ24	maang5	蛙屬		2
8366	勐	勐	maŋ24	maang5			2
8367	䁅	䁅	maŋ24	maang5	目有餘視		4
8368	孟	孟	maŋ22	maang6	孟春，孟子		1
8369	䁅	䁅	maŋ22	maang6	䁅盯，瞋目		4
8370	抹	抹	mat3	maat3	抹布，抹乾，本字㩢		1
8371	鞨	鞨	mat3	maat3	鞨巾		2
8372	㩢	㩢	mat3	maat3	拭也，俗字抹		4
8373	襪	袜	mat2	maat6		(又)	1
8374	𪒜	𪒜	mat2	maat6	黑也		4
8375	泡	泡	mau55	maau1	虛鬆不實，本字䅦，另一說泡的白讀	(語)	1
8376	貓	猫	mau55	maau1		(文)	1
8377	貌	貌	mau55	maau1	～乎[wu21]/啊[a22]，副詞，頗、蠻，貌似乎之省且語流音變，俗作貓胡/貓啊，啊爲乎的弱讀	(語)	1
8378	䅦	䅦	mau55	maau1	禾虛貌；〈語〉虛鬆不實，一說泡的白讀		4
8379	猫	猫	mau55	maau1		(文)	4
8380	矛	矛	mau21	maau4		(文)	1
8381	茅	茅	mau21	maau4		(文)	1
8382	錨	锚	mau21	maau4	本讀	(又)	1
8383	蝥	蝥	mau21	maau4			2
8384	蟊	蟊	mau21	maau4			2
8385	卯	卯	mau24	maau5			1
8386	牡	牡	mau24	maau5	牡丹		1
8387	昴	昴	mau24	maau5			2
8388	泖	泖	mau24	maau5			2
8389	茆	茆	mau24	maau5			2
8390	鉚	铆	mau24	maau5			2
8391	峁	峁	mau24	maau5			2
8392	冒	冒	mau22	maau6	感冒，假冒，冒煙	(白)	1
8393	貌	貌	mau22	maau6	相貌，禮貌		1
8394	皃	皃	mau22	maau6			4
8395	咪	咪	mɐi55	mai1	麥克風		1
8396	米	米	mɐi55	mai1	一百米，平方米	(白)	1
8397	𠜱	𠜱	mɐi55	mai1		(白)	4
8398	謎	谜	mɐi21	mai4		(書)	1
8399	迷	迷	mɐi21	mai4		(書)	1
8400	醚	醚	mɐi21	mai4		(書)	2
8401	蒾	蒾	mɐi21	mai4			5
8402	米	米	mɐi24	mai5	大米，米粉		1
8403	美	美	mɐi24	mai5		(新)	1
8404	眯	眯	mɐi24	mai5	塵物入眼		1
8405	鎂	镁	mɐi24	mai5		(又)	2
8406	脒	脒	mɐi24	mai5			2
8407	媄	媄	mɐi24	mai5		(又)	3
8408	渼	渼	mɐi24	mai5		(又)	3
8409	洣	洣	mɐi24	mai5			3
8410	瞇	瞇	mɐi24	mai5	同眯字，塵物入眼		5
8411	咪	咪	mɐi22	mai6	否定詞，冇係的合音，～講一次兩次、～以爲講	(語)	1
8412	袂	袂	mɐi22	mai6			2
8413	墨	墨	mɐk5	mak1	蚊[mɐn21]～，墨蚊、小咬	(白)	1
8414	嘜	唛	mɐk5	mak1	罐頭盒，英語mug；～頭，模樣或招牌，英語mark；豬～，蠢豬，詈語	(外)	2
8415	嚜	嚜	mɐk5	mak1	同嘜字；〈語〉瘦～喀[kʰɐk5]，很瘦，與蜢對轉		4
8416	冒	冒	mɐk2	mak6	古人名，冒頓		1
8417	嘿	嘿	mɐk2	mak6	同默字		1
8418	墨	墨	mɐk2	mak6	筆墨，墨水；〈語〉痣，～子，雀斑，俗字癦		1
8419	脈	脉	mɐk2	mak6			1
8420	陌	陌	mɐk2	mak6	陌生		1
8421	麥	麦	mɐk2	mak6	麥子，小麥；～線，麥穗		1
8422	默	默	mɐk2	mak6	沉默，默寫		1
8423	驀	蓦	mɐk2	mak6			2
8424	貉	貉	mɐk2	mak6	同貊字		2
8425	貊	貊	mɐk2	mak6			2
8426	貘	貘	mɐk2	mak6			2
8427	纆	𬙊	mɐk2	mak6			3
8428	䥑	鿏	mɐk2	mak6			3
8429	万	万	mɐk2	mak6	万俟（複姓）		4
8430	嚜	嚜	mɐk2	mak6	通默字		4
8431	眽	眽	mɐk2	mak6			4
8432	霢	霡	mɐk2	mak6			4
8433	覛	𫌪	mɐk2	mak6	察看		5
8434	𩛎	𩛎	mɐm55	mam1	食～～，吃飯，童語，唵唵的順同化		4
8435	𩜠	𩜠	mɐm55	mam1	同𩛎字		5
8436	文	文	mɐn55	man1	一～銀，一塊錢；細～崽，小孩子	(白)	1
8437	蚊	蚊	mɐn55	man1	蚊蠅，蚊香	(白)	1
8438	悶	闷	mɐn55	man1	內向，～頭雞，比喻內向的人	(語)	1
8439	燜	焖	mɐn55	man1	訓讀炆	(訓)	2
8440	坌	坌	mɐn55	man1	灰塵大	(白)	2
8441	炆	炆	mɐn55	man1	燒、燉		3
8442	問	问	mɐn35	man2	訪問，～人，訪問人，～過我，訪問過我；案，問字古有尋訪義	(白)	1
8443	抿	抿	mɐn35	man2	同抆字	(又)	2
8444	抆	抆	mɐn35	man2	擦拭，～屎，擦屁股；塗抹	(白)	4
8445	汶	汶	mɐn33	man3	泉水，又作呇字，本字湓	(語)	2
8446	璺	璺	mɐn33	man3	又音，～峻[ɬɐn33]，邊緣；勉強	(白)	2
8447	呇	呇	mɐn33	man3	泉水，又作汶字，本字湓；地名，呇屯（在馬山縣），呇塘（在賓陽縣）	(語)	3
8448	湓	湓	mɐn33	man3	泉水，俗字呇/汶	(白)	3
8449	文	文	mɐn21	man4	文章，論文；文過飾非，古讀去聲		1
8450	民	民	mɐn21	man4			1
8451	氓	氓	mɐn21	man4	百姓，古讀同萌		1
8452	紋	纹	mɐn21	man4			1
8453	蚊	蚊	mɐn21	man4	～墨[mɐk5]，墨蚊、小咬	(文)	1
8454	聞	闻	mɐn21	man4	新聞，聽聞		1
8455	岷	岷	mɐn21	man4			2
8456	雯	雯	mɐn21	man4			2
8457	旻	旻	mɐn21	man4			2
8458	緡	缗	mɐn21	man4			2
8459	珉	珉	mɐn21	man4			2
8460	玟	玟	mɐn21	man4			3
8461	忞	忞	mɐn21	man4			3
8462	芠	芠	mɐn21	man4			3
8463	苠	苠	mɐn21	man4			3
8464	閿	阌	mɐn21	man4			3
8465	碈	碈	mɐn21	man4			3
8466	馼	𫘜	mɐn21	man4			3
8467	甿	甿	mɐn21	man4	田民，古讀同萌		4
8468	闅	闅	mɐn21	man4			5
8469	吻	吻	mɐn24	man5			1
8470	憫	悯	mɐn24	man5			1
8471	敏	敏	mɐn24	man5	靈敏，敏捷；〈語〉撲克的Q		1
8472	皿	皿	mɐn24	man5	俗讀，讀同敏	(常)	1
8473	笨	笨	mɐn24	man5	鈍，刀～、針～	(白)	1
8474	閩	闽	mɐn24	man5	閩越，閩南，讀同閔		1
8475	刎	刎	mɐn24	man5			2
8476	抿	抿	mɐn24	man5	抿酒，抿嘴		2
8477	閔	闵	mɐn24	man5			2
8478	泯	泯	mɐn24	man5	泯滅，泯然		2
8479	黽	黾	mɐn24	man5	黽勉；〈又〉黽池縣		2
8480	愍	愍	mɐn24	man5			3
8481	湣	湣	mɐn24	man5			3
8482	鰵	鳘	mɐn24	man5			3
8483	抆	抆	mɐn24	man5	拭也		4
8484	暋	暋	mɐn24	man5			4
8485	笢	笢	mɐn24	man5			4
8486	僶	𠊟	mɐn24	man5			4
8487	呡	呡	mɐn24	man5			5
8488	紊	紊	mɐn22	man6	紊亂，有條不紊		1
8489	問	问	mɐn22	man6	問題，訪問；副詞，～至，纔；介詞，向，～佢（渠）借書		1
8490	聞	闻	mɐn22	man6	名譽、名望	(古)	1
8491	汶	汶	mɐn22	man6	汶川縣，汶河		2
8492	璺	璺	mɐn22	man6	裂痕		2
8493	絻	絻	mɐn22	man6			5
8494	繃	绷	mɐŋ55	mang1	繃緊，面～，繃着臉、生氣，～得緪[kɐŋ55]，繃得緊；詞綴，乾～～，乾貌，與擘對轉	(白)	1
8495	蜢	蜢	mɐŋ55	mang1	瘦～躿[kʰɐŋ55]，瘦貌，與嚜對轉	(語)	2
8496	絣	絣	mɐŋ55	mang1	拉、扯、拔，俗字掹	(白)	4
8497	掹	掹	mɐŋ55	mang1	俗字，拉、扯、拔，本字絣		4
8498	䁅	䁅	mɐŋ35	mang2	～盯[tʃɐŋ35]，暴躁、使性子；案，元曲作放懞掙	(白)	4
8499	盟	盟	mɐŋ21	mang4			1
8500	萌	萌	mɐŋ21	mang4			1
8501	甍	甍	mɐŋ21	mang4			2
8502	䒐	䒐	mɐŋ21	mang4	䒐䒏，神不爽也		4
8503	朆	朆	mɐŋ21	mang4	未曾的合音，本地方言字𱤜（⿰未曾）	(訓)	4
8504	𱤜	𱤜	mɐŋ21	mang4	合音字，未曾的合音，對完成體的否定，又作朆/㬟字		4
8505	㬟	㬟	mɐŋ21	mang4	未曾的合音，本地方言字𱤜（⿰未曾）	(訓)	5
8506	凹	凹	mɐp5	map1	～落去，凹進去；案，即塌之音轉（端組、泥明母旁轉），地下也	(訓)	1
8507	塌	塌	mɐp5	map1	凹，端組、泥明母旁轉，俗字凹	(白)	1
8508	䂿	䂿	mɐp2	map6	用石擲、用棍打，端組、泥明母旁轉	(白)	4
8509	黴	霉	mɐt5	mat1	發～，發黴，或與沫/歿同源，上古月部	(訓)	1
8510	乜	乜	mɐt5	mat1	俗字，什麼，本字物，即（是何）物（兒），本地不單用，必須以詞組（乜嘢、乜事）成句		2
8511	霉	霉	mɐt5	mat1		(訓)	4
8512	勿	勿	mɐt2	mat6			1
8513	密	密	mɐt2	mat6			1
8514	日	日	mɐt2	mat6	今/昨～，晚日的合音，合音後無晚義	(語)	1
8515	物	物	mɐt2	mat6			1
8516	蜜	蜜	mɐt2	mat6			1
8517	襪	袜	mɐt2	mat6	襪子，鞋襪		1
8518	嘧	嘧	mɐt2	mat6			2
8519	宓	宓	mɐt2	mat6	安靜		2
8520	謐	谧	mɐt2	mat6			2
8521	芴	芴	mɐt2	mat6	蒠菜；有機化合物		3
8522	沕	沕	mɐt2	mat6	沕穆		4
8523	蔤	蔤	mɐt2	mat6			5
8524	踎	踎	mɐu55	mau1	俗字，蹲，～監，坐牢，兜～，寒磣、寒酸，一說本字貓，或與包的白讀有關		4
8525	謬	谬	mɐu33	mau3		(又)	1
8526	謀	谋	mɐu21	mau4			1
8527	牟	牟	mɐu21	mau4			2
8528	眸	眸	mɐu21	mau4			2
8529	繆	缪	mɐu21	mau4	綢繆		2
8530	侔	侔	mɐu21	mau4			2
8531	呣	呣	mɐu21	mau4	同謀字；象聲詞		2
8532	哞	哞	mɐu21	mau4			2
8533	鍪	鍪	mɐu21	mau4			2
8534	毪	毪	mɐu21	mau4			2
8535	蛑	蛑	mɐu21	mau4			3
8536	麰	𮮇	mɐu21	mau4			4
8537	畝	亩	mɐu24	mau5			1
8538	某	某	mɐu24	mau5			1
8539	牡	牡	mɐu24	mau5		(又)	1
8540	茂	茂	mɐu22	mau6			1
8541	謬	谬	mɐu22	mau6	謬論，荒謬		1
8542	貿	贸	mɐu22	mau6			1
8543	繆	缪	mɐu22	mau6	同謬字，紕繆；姓		2
8544	懋	懋	mɐu22	mau6			2
8545	瞀	瞀	mɐu22	mau6			2
8546	袤	袤	mɐu22	mau6			2
8547	楙	楙	mɐu22	mau6			3
8548	䓮	䓮	mɐu22	mau6			4
8549	尾	尾	mɛ55	me1	塘～，蜻蜓，俗字咩/𧋦	(白)	1
8550	巴	巴	mɛ55	me1	～指，六指兒，俗字孖	(白)	1
8551	披	披	mɛ55	me1	動詞，揹，俗字孭	(白)	1
8552	咩	咩	mɛ55	me1	羊叫聲，羊～～，童語；乜嘢的合音或後字逆同化，口語作[mɐt5jɛ24]➔[mɛ55ɛ24]➔[mɛ535]，什麼東西、什麼；本地不用作句末語氣詞（包括反問），而是用啊		2
8553	乜	乜	mɛ55	me1	～斜[tʃʰɛ21]，斜視		2
8554	孖	孖	mɛ55	me1	白讀，～指，六指兒，源自巴	(訓)	3
8555	羋	芈	mɛ55	me1	羊叫聲		3
8556	哶	哶	mɛ55	me1			4
8557	孭	孭	mɛ55	me1	俗字，動詞，揹，本字披		4
8558	歪	歪	mɛ35	me2	斜，本字佊，俗字乜	(訓)	1
8559	乜	乜	mɛ35	me2	俗字，歪，本字佊		2
8560	佊	佊	mɛ35	me2	歪，～口，歪嘴，～撐[tʃʰaŋ33]撐[tʃʰaŋ33]，歪歪斜斜，俗字乜	(白)	4
8561	巴	巴	mɛ21	me4	又音，軟～～，軟綿綿	(白)	1
8562	彌	弥	mɛ21	me4	同瀰字，乳房	(白)	1
8563	瀰	弥	mɛ21	me4	～瀰[mɛ35]，乳房；～水，乳汁；～罩，乳罩	(白)	1
8564	乜	乜	mɛ21	me4	～斜[ɬɛ21]，醉態；～酒，飲酒	(白)	2
8565	乜	乜	mɛ22	me6	姓		2
8566	嚜	嚜	mɛk5	mek1	瘦～喀[kʰɛk5]，很瘦，與蜢對轉	(語)	4
8567	翻	翻	mɛn55	men1	～開，～書	(白)	1
8568	抆	抆	mɛn35	men2	又音	(白)	4
8569	璺	璺	mɛn33	men3	～峻[ɬɛn33]，邊緣；勉強	(白)	2
8570	蜢	蜢	mɛŋ35	meng2	瘦～躿[kʰɛŋ35]，瘦貌，與嚜對轉	(語)	2
8571	名	名	mɛŋ21	meng4	名字，出名，簽名	(白)	1
8572	命	命	mɛŋ22	meng6	救命，算命，短命	(白)	1
8573	蔑	蔑	mɛt5	met1	末也，～名，最後一名，～～屎，小拇指、倒數第一，童語	(白)	1
8574	篾	篾	mɛt2	met6	竹篾	(白)	2
8575	貓	猫	mɛu55	meu1	花貓，貓狗；老～，老手	(白)	1
8576	喵	喵	mɛu55	meu1		(白)	2
8577	猫	猫	mɛu55	meu1	同貓字	(白)	4
8578	矛	矛	mɛu21	meu4	矛盾，長矛	(白)	1
8579	茅	茅	mɛu21	meu4	茅屋，茅草；～寮[lɛu55/liu55]，茅屋	(白)	1
8580	咪	咪	mi55	mi1	貓咪，笑咪咪，唵嘛呢叭咪吽		1
8581	尾	尾	mi55	mi1	後～、收～，後來，俗字屘	(白)	1
8582	彌	弥	mi55	mi1	阿彌陀佛	(白)	1
8583	微	微	mi55	mi1	微微雨（又作溦溦雨），微微風，笑微微；知～，過於計較、小心眼	(白)	1
8584	靡	靡	mi55	mi1	～～磨[mɔ55]磨[mɔ55]，動作慢，俗作咪咪摩摩	(白)	1
8585	眯	眯	mi55	mi1	眯眼，笑眯眯		1
8586	寐	寐	mi55	mi1	小睡一會兒，～一下	(白)	2
8587	溦	溦	mi55	mi1	溦溦雨，同微微雨	(白)	3
8588	瞇	瞇	mi55	mi1	同眯字，瞇眼，笑瞇瞇		5
8589	屘	屘	mi55	mi1	俗字，末尾，本字尾		5
8590	味	味	mi35	mi2	臘味，滷味，一味（總是）；量詞，一味藥，一味菜（一個菜）	(白)	1
8591	沕	沕	mi33	mi3	潷；～水，潛水	(語)	4
8592	彌	弥	mi21	mi4	彌補，彌月		1
8593	瀰	弥	mi21	mi4	瀰漫，瀰瀰		1
8594	微	微	mi21	mi4	微小，細微，稍微（口語用稍爲）		1
8595	眉	眉	mi21	mi4			1
8596	薇	薇	mi21	mi4			1
8597	謎	谜	mi21	mi4	謎語，猜謎，古讀去聲	(習)	1
8598	迷	迷	mi21	mi4	迷路，迷信	(習)	1
8599	黴	霉	mi21	mi4		(又)	1
8600	靡	靡	mi21	mi4	奢靡，靡費		1
8601	糜	糜	mi21	mi4	粥；糜爛；同𪎭字，糜子		2
8602	麋	麋	mi21	mi4			2
8603	嵋	嵋	mi21	mi4			2
8604	楣	楣	mi21	mi4			2
8605	湄	湄	mi21	mi4			2
8606	獼	猕	mi21	mi4			2
8607	縻	縻	mi21	mi4	羈縻，綆縻		2
8608	郿	郿	mi21	mi4			2
8609	醚	醚	mi21	mi4	乙醚	(習)	2
8610	鶥	鹛	mi21	mi4			2
8611	溦	溦	mi21	mi4	小雨		3
8612	瑂	瑂	mi21	mi4			3
8613	蘼	蘼	mi21	mi4			3
8614	醾	醾	mi21	mi4			3
8615	鎇	镅	mi21	mi4			3
8616	霉	霉	mi21	mi4		(又)	4
8617	濔	濔	mi21	mi4			4
8618	䕷	䕷	mi21	mi4			4
8619	猸	猸	mi21	mi4			4
8620	䉲	𥮜	mi21	mi4			4
8621	𪎭	𪎭	mi21	mi4	𪎭子		4
8622	冞	冞	mi21	mi4			5
8623	蒾	蒾	mi21	mi4		(又)	5
8624	尾	尾	mi24	mi5	尾巴，結尾		1
8625	美	美	mi24	mi5	美麗，優美	(舊)	1
8626	靡	靡	mi24	mi5	披靡，風靡，俗讀奢靡之靡		1
8627	娓	娓	mi24	mi5			2
8628	弭	弭	mi24	mi5			2
8629	鎂	镁	mi24	mi5	鎂棒，鎂光燈		2
8630	亹	亹	mi24	mi5	亹亹		3
8631	媄	媄	mi24	mi5			3
8632	敉	敉	mi24	mi5			3
8633	渼	渼	mi24	mi5			3
8634	艉	艉	mi24	mi5			3
8635	羋	芈	mi24	mi5	姓		3
8636	渳	渳	mi24	mi5			5
8637	味	味	mi22	mi6	味道，香味		1
8638	媚	媚	mi22	mi6	明媚		1
8639	昧	昧	mi22	mi6	讀同未/味	(又)	1
8640	未	未	mi22	mi6	未來，未曾		1
8641	魅	魅	mi22	mi6			1
8642	寐	寐	mi22	mi6	夢寐以求		2
8643	菋	菋	mi22	mi6			5
8644	掰	掰	mek5	mik1	又音	(訓)	1
8645	擘	擘	mek5	mik1	用指甲掐、掰、剝	(又)	2
8646	覓	觅	mek2	mik6	尋覓，覓食		1
8647	冪	幂	mek2	mik6			2
8648	汨	汨	mek2	mik6			2
8649	蓂	蓂	mek2	mik6	菥蓂		3
8650	糸	糸	mek2	mik6	細絲		4
8651	覛	𫌪	mek2	mik6	同覓字		5
8652	麪	面	min55	min1	形容詞，薯類很粉	(白)	1
8653	麵	面	min55	min1		(白)	4
8654	面	面	min35	min2	畀面，場面，門面，鋪面，腳面；（上/下/前/後/裏/外）面	(白)	1
8655	棉	棉	min21	min4			1
8656	眠	眠	min21	min4			1
8657	綿	绵	min21	min4	海綿，綿密；〈語〉細，切～啲，切細點，本字𥾝		1
8658	𥾝	𥾝	min21	min4	細，切～啲，切細點，俗字綿	(白)	4
8659	免	免	min24	min5			1
8660	勉	勉	min24	min5			1
8661	緬	缅	min24	min5	緬懷，緬甸		1
8662	靦	䩄	min24	min5	靦腆		2
8663	冕	冕	min24	min5			2
8664	娩	娩	min24	min5	分娩		2
8665	丏	丏	min24	min5			2
8666	沔	沔	min24	min5			2
8667	澠	渑	min24	min5	地名，澠池（在河南）		2
8668	湎	湎	min24	min5			2
8669	眄	眄	min24	min5			2
8670	黽	黾	min24	min5	黽池縣		2
8671	偭	偭	min24	min5			3
8672	愐	愐	min24	min5			3
8673	鮸	𩾃	min24	min5			3
8674	勔	勔	min24	min5			3
8675	俛	俛	min24	min5	通勉字		4
8676	腼	腼	min24	min5	腼腆，同靦腆		4
8677	面	面	min22	min6	面對，面積，洗面，當面；（東/南/西/北/左/右）面		1
8678	麪	面	min22	min6	麪條，麪粉		1
8679	麵	面	min22	min6	同麪字		4
8680	冥	冥	meŋ21	ming4			1
8681	名	名	meŋ21	ming4	莫名，名聲	(文)	1
8682	明	明	meŋ21	ming4			1
8683	銘	铭	meŋ21	ming4			1
8684	鳴	鸣	meŋ21	ming4			1
8685	瞑	瞑	meŋ21	ming4			2
8686	螟	螟	meŋ21	ming4	螟蛉		2
8687	暝	暝	meŋ21	ming4			2
8688	溟	溟	meŋ21	ming4			2
8689	洺	洺	meŋ21	ming4			3
8690	蓂	蓂	meŋ21	ming4	蓂莢		3
8691	榠	榠	meŋ21	ming4			4
8692	皿	皿	meŋ24	ming5	器皿		1
8693	茗	茗	meŋ24	ming5			2
8694	酩	酩	meŋ24	ming5			2
8695	命	命	meŋ22	ming6	命令，命運，奉命		1
8696	搣	搣	mit5	mit1	撕、掐、掰		4
8697	滅	灭	mit2	mit6	消滅，滅火		1
8698	蔑	蔑	mit2	mit6	輕蔑，蔑視		1
8699	篾	篾	mit2	mit6	篾青，篾肚（篾黃）	(文)	2
8700	衊	蔑	mit2	mit6	誣衊		4
8701	蠛	蠛	mit2	mit6	蠛蠓		4
8702	𥾝	𥾝	mit2	mit6	細也		4
8703	瞄	瞄	miu55	miu1	瞄一眼，偷瞄	(白)	1
8704	喵	喵	miu55	miu1			2
8705	描	描	miu21	miu4			1
8706	瞄	瞄	miu21	miu4	瞄準		1
8707	苗	苗	miu21	miu4			1
8708	鶓	鹋	miu21	miu4			2
8709	渺	渺	miu24	miu5			1
8710	秒	秒	miu24	miu5			1
8711	藐	藐	miu24	miu5			1
8712	杳	杳	miu24	miu5	杳無音信，讀同渺		2
8713	窈	窈	miu24	miu5	窈窕，讀同渺		2
8714	杪	杪	miu24	miu5	樹杪，歲杪		2
8715	眇	眇	miu24	miu5			2
8716	緲	缈	miu24	miu5			2
8717	邈	邈	miu24	miu5	同藐字		2
8718	淼	淼	miu24	miu5			3
8719	妙	妙	miu22	miu6			1
8720	廟	庙	miu22	miu6			1
8721	繆	缪	miu22	miu6	姓		2
8722	玅	玅	miu22	miu6	同妙字		5
8723	麼	么	mɔ55	mo1	甚麼，幺麼小醜		1
8724	摩	摩	mɔ55	mo1	摩擦，觀摩，按摩		1
8725	摸	摸	mɔ55	mo1	撫摸，偷摸；盲～～，眼力不好、瞎摸		1
8726	摹	摹	mɔ55	mo1	摹仿、摹擬，又作模仿、模擬		1
8727	無	无	mɔ55	mo1	南～（喃嘸）佬，道士、道公	(語)	1
8728	模	模	mɔ55	mo1	模範；模子		1
8729	磨	磨	mɔ55	mo1	慢（由轉圈義引申而來）；靡[mi55]靡[mi55]～～，動作慢，俗作咪咪摩摩	(白)	1
8730	魔	魔	mɔ55	mo1			1
8731	饃	馍	mɔ55	mo1	饃饃，泡饃，本字𩞁		1
8732	嬤	嬷	mɔ55	mo1	老婦，嬤[mɔ21]～		2
8733	嘸	呒	mɔ55	mo1	喃～（南無）佬，道士、道公	(語)	2
8734	仫	仫	mɔ55	mo1	仫佬族，讀同麼	(習)	2
8735	糢	糢	mɔ55	mo1			4
8736	么	么	mɔ55	mo1	同麼字		4
8737	麽	麽	mɔ55	mo1	同麼字		5
8738	麼	么	mɔ35	mo2	是非疑問句助詞，記得～？	(語)	1
8739	麽	麽	mɔ35	mo2		(語)	5
8740	摹	摹	mɔ21	mo4	臨摹，摹本，描摹		1
8741	模	模	mɔ21	mo4		(又)	1
8742	磨	磨	mɔ21	mo4	磨刀	(動)	1
8743	膜	膜	mɔ21	mo4	膜拜		1
8744	蘑	蘑	mɔ21	mo4	蘑菇		1
8745	饃	馍	mɔ21	mo4		(又)	1
8746	藦	藦	mɔ21	mo4	蘿藦		3
8747	劘	劘	mɔ21	mo4			4
8748	磨	磨	mɔ22	mo6	石磨	(名)	1
8749	耱	耱	mɔ22	mo6			2
8750	礳	礳	mɔ22	mo6	地名，礳石渠（在山西）		4
8751	𢷕	𢷕	mɔk5	mok1	敲打，～一棍，與㩧旁轉；～～，木魚		4
8752	摸	摸	mɔk3	mok3	約摸，同約莫，前字調類化		1
8753	膜	膜	mɔk3	mok3	薄膜	(白)	1
8754	莫	莫	mɔk3	mok3	約莫，又作約摸，前字調類化	(白)	1
8755	寞	寞	mɔk2	mok6			1
8756	幕	幕	mɔk2	mok6			1
8757	漠	漠	mɔk2	mok6			1
8758	膜	膜	mɔk2	mok6	薄膜		1
8759	莫	莫	mɔk2	mok6	莫非；姓		1
8760	瘼	瘼	mɔk2	mok6			2
8761	邈	邈	mɔk2	mok6	遠也，渺也		2
8762	鄚	鄚	mɔk2	mok6	鄚縣		3
8763	鏌	镆	mɔk2	mok6			3
8764	芒	芒	mɔŋ55	mong1	芒果（杧果），麥芒，芒草		1
8765	牤	牤	mɔŋ55	mong1		(又)	2
8766	杧	杧	mɔŋ55	mong1	杧果		3
8767	亡	亡	mɔŋ21	mong4	死亡，亡故		1
8768	忘	忘	mɔŋ21	mong4		(又)	1
8769	忙	忙	mɔŋ21	mong4			1
8770	氓	氓	mɔŋ21	mong4	流氓		1
8771	芒	芒	mɔŋ21	mong4	芒種，光芒		1
8772	茫	茫	mɔŋ21	mong4			1
8773	硭	硭	mɔŋ21	mong4			2
8774	虻	虻	mɔŋ21	mong4	牛虻		2
8775	邙	邙	mɔŋ21	mong4			2
8776	牤	牤	mɔŋ21	mong4	牤牛		2
8777	厖	厖	mɔŋ21	mong4	大；紛亂；姓		3
8778	尨	尨	mɔŋ21	mong4	長毛狗		3
8779	牻	牻	mɔŋ21	mong4			3
8780	甿	甿	mɔŋ21	mong4	曠野		4
8781	鋩	铓	mɔŋ21	mong4			4
8782	網	网	mɔŋ24	mong5			1
8783	莽	莽	mɔŋ24	mong5		(文)	1
8784	惘	惘	mɔŋ24	mong5			2
8785	罔	罔	mɔŋ24	mong5			2
8786	蟒	蟒	mɔŋ24	mong5		(文)	2
8787	漭	漭	mɔŋ24	mong5			2
8788	輞	辋	mɔŋ24	mong5	車輞		2
8789	魍	魍	mɔŋ24	mong5			2
8790	蝄	蝄	mɔŋ24	mong5			4
8791	壾	壾	mɔŋ24	mong5			5
8792	网	网	mɔŋ24	mong5			5
8793	茻	茻	mɔŋ24	mong5	草叢		5
8794	妄	妄	mɔŋ22	mong6			1
8795	忘	忘	mɔŋ22	mong6	忘記，遺忘		1
8796	望	望	mɔŋ22	mong6	希望，望見		1
8797	巫	巫	mu55	mu1			1
8798	毛	毛	mu55	mu1	發～，發黴長毛	(白)	1
8799	誣	诬	mu55	mu1			1
8800	髦	髦	mu55	mu1	時髦	(又)	2
8801	母	母	mu35	mu2	妗～，舅母，阿～，姨媽，伯～，父之嫂	(白)	1
8802	無	无	mu21	mu4	有無，無論		1
8803	毛	毛	mu21	mu4	毛筆，鴨毛		1
8804	蕪	芜	mu21	mu4			1
8805	毋	毋	mu21	mu4	毋庸置疑		2
8806	謨	谟	mu21	mu4			2
8807	髦	髦	mu21	mu4	髮也；時髦		2
8808	嫫	嫫	mu21	mu4			2
8809	旄	旄	mu21	mu4	幢；旄牛		2
8810	氂	牦	mu21	mu4	氂牛		2
8811	鵐	鹀	mu21	mu4			3
8812	酕	酕	mu21	mu4			4
8813	侮	侮	mu24	mu5			1
8814	姆	姆	mu24	mu5	保姆，歐姆		1
8815	姥	姥	mu24	mu5	老婦人		1
8816	拇	拇	mu24	mu5			1
8817	武	武	mu24	mu5			1
8818	母	母	mu24	mu5	母親，父母，姨母		1
8819	舞	舞	mu24	mu5	跳舞，舞龍；〈語〉擺弄		1
8820	鵡	鹉	mu24	mu5	鸚鵡		1
8821	嫵	妩	mu24	mu5			2
8822	嘸	呒	mu24	mu5	否定詞		2
8823	廡	庑	mu24	mu5			2
8824	憮	怃	mu24	mu5			2
8825	潕	𣲘	mu24	mu5			3
8826	鉧	𬭁	mu24	mu5			3
8827	珷	珷	mu24	mu5			3
8828	𧿹	𧿹	mu24	mu5			3
8829	冇	冇	mu24	mu5	俗字，不、別、沒，無有的合音，本地合音後只表否定不表沒有（不存在、不領有義），不單用，必須以詞組（冇有、冇係）成句，不可用於句末，語流中易變陰去；郊區有讀[mɐu24]音，可置句末表疑問		4
8830	碔	碔	mu24	mu5			4
8831	㵲	㵲	mu24	mu5			4
8832	茻	茻	mu24	mu5	宿草		5
8833	冒	冒	mu22	mu6	感冒，假冒，冒煙		1
8834	務	务	mu22	mu6			1
8835	募	募	mu22	mu6			1
8836	墓	墓	mu22	mu6			1
8837	帽	帽	mu22	mu6			1
8838	慕	慕	mu22	mu6			1
8839	戊	戊	mu22	mu6	戊戌		1
8840	暮	暮	mu22	mu6			1
8841	霧	雾	mu22	mu6	霧水，大霧		1
8842	瑁	瑁	mu22	mu6			2
8843	騖	骛	mu22	mu6			2
8844	婺	婺	mu22	mu6			2
8845	旄	旄	mu22	mu6	同耄字		2
8846	眊	眊	mu22	mu6			2
8847	耄	耄	mu22	mu6			2
8848	芼	芼	mu22	mu6			2
8849	鶩	鹜	mu22	mu6			2
8850	媢	媢	mu22	mu6			4
8851	毷	毷	mu22	mu6			4
8852	妹	妹	mui55	mui1	妹崽（女孩兒；童養媳；舊時指丫鬟），妹丁（女孩兒）	(白)	1
8853	枚	枚	mui55	mui1	量詞，一枚（獎章、針）	(白)	1
8854	妹	妹	mui35	mui2	阿妹，妹[mui21]妹，兄妹，表妹，堂妹	(白)	1
8855	媒	媒	mui21	mui4			1
8856	枚	枚	mui21	mui4	枚舉；姓		1
8857	梅	梅	mui21	mui4			1
8858	煤	煤	mui21	mui4			1
8859	玫	玫	mui21	mui4			1
8860	黴	霉	mui21	mui4	發黴，黴菌，讀同梅		1
8861	莓	莓	mui21	mui4			2
8862	酶	酶	mui21	mui4			2
8863	霉	霉	mui21	mui4	同黴字		4
8864	脢	脢	mui21	mui4	～肉、腰～，裏脊肉；背～，背骨兩側肌肉，泛指背脊；背～骨，脊樑骨；～頭，前胛		4
8865	每	每	mui24	mui5			1
8866	浼	浼	mui24	mui5			3
8867	妹	妹	mui22	mui6	姊妹，細妹（妹妹），堂細妹（堂妹）		1
8868	昧	昧	mui22	mui6	冒昧，昧心		1
8869	瑁	瑁	mui22	mui6	玳瑁	(又)	2
8870	沬	沬	mui22	mui6			4
8871	痗	痗	mui22	mui6			4
8872	摸	摸	mʊk5	muk1	掏，～荷包	(語)	1
8873	木	木	mʊk2	muk6			1
8874	沐	沐	mʊk2	muk6			1
8875	牧	牧	mʊk2	muk6			1
8876	目	目	mʊk2	muk6			1
8877	睦	睦	mʊk2	muk6			1
8878	穆	穆	mʊk2	muk6			1
8879	苜	苜	mʊk2	muk6			2
8880	鉬	钼	mʊk2	muk6			2
8881	仫	仫	mʊk2	muk6		(書)	2
8882	坶	坶	mʊk2	muk6			4
8883	霂	霂	mʊk2	muk6			4
8884	們	们	mun21	mun4			1
8885	瞞	瞒	mun21	mun4			1
8886	門	门	mun21	mun4	大門，門口		1
8887	捫	扪	mun21	mun4	捫心		2
8888	蹣	蹒	mun21	mun4	跨越		2
8889	顢	颟	mun21	mun4			2
8890	亹	亹	mun21	mun4	亹源		3
8891	鍆	钔	mun21	mun4			3
8892	鞔	鞔	mun21	mun4			3
8893	璊	𫞩	mun21	mun4			3
8894	滿	满	mun24	mun5			1
8895	蟎	螨	mun24	mun5			2
8896	悶	闷	mun22	mun6	煩悶，悶熱		1
8897	懣	懑	mun22	mun6			2
8898	燜	焖	mun22	mun6	悶的分化字，燜飯，油燜		2
8899	檬	檬	mʊŋ55	mung1		(白)	1
8900	濛	蒙	mʊŋ55	mung1	～～雨，毛毛雨	(白)	1
8901	矇	蒙	mʊŋ55	mung1	天～～光，天矇矇亮	(白)	1
8902	蒙	蒙	mʊŋ55	mung1	遮蓋，～頭睡覺；天～～光，天蒙蒙亮；～雞，蒙眼抓人	(白)	1
8903	蓬	蓬	mʊŋ55	mung1	（薯類）鬆軟粉麪，俗字蒙	(白)	1
8904	望	望	mʊŋ35	mung2	巴[ma55]～，盼望、巴不得，前字受後字逆同化	(語)	1
8905	檬	檬	mʊŋ35	mung2	檸檬，檸檬鴨		1
8906	懵	懵	mʊŋ35	mung2	懵懂		2
8907	懞	蒙	mʊŋ35	mung2	同懵字		4
8908	朦	朦	mʊŋ21	mung4	朦朧		1
8909	濛	蒙	mʊŋ21	mung4	濛濛細雨，溟濛，灰濛濛		1
8910	矇	蒙	mʊŋ21	mung4	失明；矇騙，矇混		1
8911	蒙	蒙	mʊŋ21	mung4	蒙受，啓蒙；姓		1
8912	瞢	瞢	mʊŋ21	mung4	目不明；～查[tʃʰa21/ɬa21]查[tʃʰa21/ɬa21]，模模糊糊，明代小說作夢夢查查		2
8913	艨	艨	mʊŋ21	mung4			2
8914	蠓	蠓	mʊŋ21	mung4	蠓蟲		2
8915	獴	獴	mʊŋ21	mung4			2
8916	尨	尨	mʊŋ21	mung4	尨茸		3
8917	幪	幪	mʊŋ21	mung4			3
8918	礞	礞	mʊŋ21	mung4			3
8919	鸏	鹲	mʊŋ21	mung4			3
8920	㠓	㠓	mʊŋ21	mung4			3
8921	曚	曚	mʊŋ21	mung4			4
8922	懞	蒙	mʊŋ21	mung4	敦厚貌		4
8923	夢	梦	mʊŋ22	mung6			1
8924	抹	抹	mut3	mut3	抹殺，塗抹		1
8925	秣	秣	mut3	mut3			2
8926	末	末	mut2	mut6			1
8927	沒	没	mut2	mut6	沉沒；沒有		1
8928	沫	沫	mut2	mut6	泡沫		1
8929	茉	茉	mut2	mut6			1
8930	歿	殁	mut2	mut6	亡歿		2
8931	靺	靺	mut2	mut6			2
8932	妺	妺	mut2	mut6			4
8933	𩑦	𩑦	mut2	mut6	頭潛入水中，後作沒		5
8934	那	那	na55	naa1	姓，俗讀那邊之那		1
8935	𤶠	𤶠	na55	naa1	傷疤，知端泥母旁轉，俗字𤶸；補～，補丁；疙[kɐt2]～，活結，引申爲吝嗇		4
8936	𪐀	𪐀	na55	naa1	粘貼；～褦[nɐŋ33]，牽連、牽扯，另一說本字拏/挐	(文)	4
8937	乸	乸	na35	naa2	俗字，母、雌，本字女，上古魚部		3
8938	哪	哪	na21	naa4	哪吒		1
8939	拿	拿	na21	naa4	捉拿，拿手，本字拏		1
8940	鎿	镎	na21	naa4			3
8941	拏	拏	na21	naa4	牽也		4
8942	挐	挐	na21	naa4	同拏字		4
8943	嗱	嗱	na21	naa4	嘆詞，表指向，或與喏/諾同源		4
8944	哪	哪	na24	naa5	哪個，哪怕		1
8945	那	那	na24	naa5	那邊，那些；地名用字		1
8946	𦰡	𦰡	na24	naa5			3
8947	哪	哪	na22	naa6	語氣詞		1
8948	娜	娜	na22	naa6	人名用字		1
8949	奶	奶	nai55	naai1	阿～，祖母；二～，小老婆	(白)	1
8950	奶	奶	nai35	naai2	奶[nai21]～，祖母	(白)	1
8951	帶	带	nai33	naai3	連帶，～球射門，端組旁轉，俗字𠮨	(白)	1
8952	乃	乃	nai24	naai5			1
8953	奶	奶	nai24	naai5	牛奶，奶嘴		1
8954	氖	氖	nai24	naai5			2
8955	艿	艿	nai24	naai5	芋艿		2
8956	鼐	鼐	nai24	naai5			2
8957	迺	迺	nai24	naai5			3
8958	嬭	嬭	nai24	naai5			4
8959	妳	妳	nai24	naai5	同嬭字		5
8960	褦	褦	nai22	naai6		(書)	4
8961	𪐌	𪐌	nak3	naak3	又音，粈[nɛu55]～～，黏乎乎	(白)	4
8962	南	南	nam55	naam1	～無（喃嘸）佬，道士、道公	(語)	1
8963	喃	喃	nam55	naam1	喃經（唸經）；嘮叨，～咇[pɛt2]咇[pɛt2]，囉唆；～嘸（南無）佬，道士、道公	(白)	2
8964	揇	揇	nam33	naam3	張開大拇指與食指測長度；量詞，一～，一虎口	(白)	4
8965	𨂾	𨂾	nam33	naam3	俗字，跨、邁，應由揇引申而來		4
8966	南	南	nam21	naam4	南方		1
8967	男	男	nam21	naam4			1
8968	喃	喃	nam21	naam4	呢喃，喃喃自語	(文)	2
8969	楠	楠	nam21	naam4			2
8970	囡	囡	nam21	naam4	吳語字，女孩		2
8971	蝻	蝻	nam21	naam4	蝻子，蝗蝻		2
8972	萳	萳	nam21	naam4	草名		3
8973	蚺	蚺	nam21	naam4	～蛇，蟒蛇，俗字蝻	(習)	3
8974	囝	囝	nam21	naam4	同囡字		4
8975	抩	抩	nam21	naam4			5
8976	腩	腩	nam24	naam5	牛腩，肚腩		2
8977	萳	萳	nam24	naam5	草長弱貌		3
8978	揇	揇	nam24	naam5	搦，與㘝對轉		4
8979	湳	湳	nam24	naam5			5
8980	婻	婻	nam22	naam6			3
8981	赧	赧	nan33	naan3	鹹～～，很鹹	(白)	2
8982	㫱	㫱	nan33	naan3	蚊蟲叮咬起的包	(白)	4
8983	䋎	䋎	nan33	naan3	又音，絎、粗縫、～被，做被臥，猶似端組旁轉，俗字𦍀	(白)	4
8984	難	难	nan21	naan4	難易		1
8985	赧	赧	nan24	naan5	羞赧，赧然，赧顏		2
8986	戁	戁	nan24	naan5	恐懼		4
8987	㫱	㫱	nan24	naan5	溫溼		4
8988	難	难	nan22	naan6	患難		1
8989	㫱	㫱	nan22	naan6	赤色		4
8990	鬤	鬤	naŋ55	naang1	鬞～，窩囊、不整潔	(白)	4
8991	儾	儾	naŋ33	naang3	假借字，吊～～，吊貌、垂掛貌，或源自登登/蹬蹬，端組旁轉	(語)	4
8992	㘝	㘝	nap3	naap3	搛，～菜	(白)	4
8993	吶	呐	nap2	naap6	吶喊，嗩吶		1
8994	納	纳	nap2	naap6	出納，收納；〈語〉（植物子實）飽滿，～穀/米，飽滿的穀子/稻米		1
8995	鈉	钠	nap2	naap6			1
8996	囡	囡	nap2	naap6	同㘝字		2
8997	衲	衲	nap2	naap6			2
8998	㘝	㘝	nap2	naap6	攝取，與揇對轉		4
8999	䪏	䪏	nap2	naap6			5
9000	捺	捺	nat3	naat3	撇捺，按捺	(白)	1
9001	焫	焫	nat3	naat3	燙，～手；烙，～機[kɐi53]，烙鐵；喻指罵，燒燒～～，指桑罵槐；與熱同源，上古月部		4
9002	捺	捺	nat2	naat6	手重按也		1
9003	孬	孬	nau55	naau1	俗字，孬種		2
9004	撓	挠	nau21	naau4	阻撓，百折不撓		1
9005	錨	锚	nau21	naau4	拋錨，讀同鐃		1
9006	呶	呶	nau21	naau4			2
9007	蟯	蛲	nau21	naau4		(又)	2
9008	鐃	铙	nau21	naau4			2
9009	橈	桡	nau21	naau4	曲也		2
9010	猱	猱	nau21	naau4			2
9011	嫋	袅	nau21	naau4	又音，長～～，長貌	(白)	2
9012	硇	硇	nau21	naau4			2
9013	峱	峱	nau21	naau4			3
9014	譊	𫍢	nau21	naau4			4
9015	巎	巎	nau21	naau4			4
9016	鬧	闹	nau22	naau6	熱鬧，鬧事；罵，較少用		1
9017	淖	淖	nau22	naau6	泥淖		2
9018	臑	臑	nau22	naau6	牲畜前肢		3
9019	尼	尼	nɐi21	nai4	尼姑	(又)	1
9020	泥	泥	nɐi21	nai4	泥土，雲泥之別；豆～，質量差		1
9021	坭	坭	nɐi21	nai4			2
9022	伲	伲	nɐi21	nai4		(又)	3
9023	臡	臡	nɐi21	nai4			5
9024	䦵	䦵	nɐi24	nai5	智少力劣而爭		4
9025	𩰞	𩰞	nɐi24	nai5			5
9026	𪐌	𪐌	nɐk5	nak1	又音，粈[nɛu55]～～，黏乎乎	(白)	4
9027	𪙛	𪙛	nɐk5	nak1	～牙，結巴、大舌頭	(白)	4
9028	𪐌	𪐌	nɐk2	nak6	粈[nɛu55]～～，黏乎乎	(白)	4
9029	耽	耽	nɐm55	nam1	傻、土氣，端組旁轉，由遲延義引申爲遲鈍，進而引申爲土氣、土包子，俗字恁	(白)	1
9030	恁	恁	nɐm35	nam2	思考、想，俗字諗		2
9031	諗	谂	nɐm35	nam2	訓讀恁，思考、想	(訓)	2
9032	腍	腍	nɐm21	nam4	（肉類、瓜果）松軟、爛熟，～癟[pɛt2]癟[pɛt2]，軟爛，～善，人善良軟弱，與䪏對轉，或與飪有關	(語)	4
9033	稔	稔	nɐm24	nam5	稔熟，素稔		2
9034	𦛚	𦛚	nɐm22	nam6	肥貌，與䐺旁轉		4
9035	戁	戁	nɐn55	nan1	肉～，肉麻；噁心	(白)	4
9036	撚	撚	nɐn35	nan2	擺弄、玩弄，～化，捉弄，～菜，做菜，～手，拿手；挪挪～～，磨磨蹭蹭；～唅唅，做作	(語)	1
9037	囊	囊	nɐŋ55	nang1	～肌[kɐi55]，瘡疤，與囊（皮囊）同源，上古陽部，俗作𤹍雞；案，邢公畹《漢台語比較手冊》P377、陳孝玲《侗台語核心詞研究》P59認爲民族語對音與『囊』可比較	(語)	1
9038	登	登	nɐŋ55	nang1	詞綴，啲[ni55]啲[ni55]～～，各種事物，瘦～～，瘦得可憐，端組旁轉	(白)	1
9039	褦	褦	nɐŋ33	nang3	俗字，連着、粘連，本字不明；狗𪐀[na55]～，狗交配	(語)	4
9040	能	能	nɐŋ21	nang4	本能，能夠；～可，寧可，～願，寧願；案，能字宋以來有寧可義，能可的寫法常見於元曲		1
9041	蹬	蹬	nɐŋ22	nang6	蹭[ɐŋ33]～，不得志、不中用，端組旁轉	(白)	1
9042	粒	粒	nɐp5	nap1	一粒米，米粒，來母讀如泥母；該量詞可表示塊、個，一～地，一塊地，我～女，我這個女兒，一～嘢，一萬元，一～鬼，一毛錢（戲稱），一～肉，一塊肉；該量詞還可表示少量，一～兒[ji55]肉，一絲兒肉，加多～鹽，再加點鹽		1
9043	錔	錔	nɐp5	nap1	閉，～嘴，端組旁轉，罕用	(白)	4
9044	𣲷	𣲷	nɐp2	nap6	潮溼，與溚旁轉		4
9045	𥹉	𥹉	nɐp2	nap6	黏糊，與搭旁轉；動作慢		4
9046	肭	肭	nɐt5	nat1	肉～～，肉乎乎，與腯旁轉	(白)	3
9047	苶	苶	nɐt5	nat1	身～，痠軟	(白)	4
9048	吶	呐	nɐt2	nat6	同訥字		1
9049	訥	讷	nɐt2	nat6			2
9050	肭	肭	nɐt2	nat6	肥貌		3
9051	嬲	嬲	nɐu55	nau1	俗字，生氣、憎恨，本字獳，另一說本字惱		4
9052	獳	獳	nɐu55	nau1	生氣、憎恨，俗字嬲，另一說本字惱	(白)	4
9053	扭	扭	nɐu35	nau2	扭轉，彆扭，扭捏		1
9054	朽	朽	nɐu35	nau2	朽木，腐朽，不朽		1
9055	紐	纽	nɐu35	nau2	紐扣，樞紐，紐帶		1
9056	鈕	钮	nɐu35	nau2	按鈕，電鈕，旋鈕；同紐字，紐扣		1
9057	妞	妞	nɐu35	nau2			2
9058	忸	忸	nɐu35	nau2	同狃字；〈又〉忸怩		2
9059	杻	杻	nɐu35	nau2	木名		2
9060	狃	狃	nɐu35	nau2			3
9061	膩	腻	nɐu22	nau6	本字腬	(語)	1
9062	耨	耨	nɐu22	nau6			2
9063	獳	獳	nɐu22	nau6	犬怒貌；姓		4
9064	腬	腬	nɐu22	nau6	膩		4
9065	檽	檽	nɐu22	nau6			5
9066	呢	呢	nɛ55	ne1	句末語氣詞，表示停頓		1
9067	𪐀	𪐀	nɛ55	ne1	粘貼	(白)	4
9068	呢	呢	nɛ35	ne2	表提請注意或指向	(語)	1
9069	呢	呢	nɛ21	ne4	表祈求或指向，又作嗱字	(語)	1
9070	嗱	嗱	nɛ21	ne4	表指向，一般作呢[nɛ21]字	(白)	4
9071	捻	捻	nɛm55	nem1	同拈字；同棯字		1
9072	拈	拈	nɛm55	nem1	拈起，拈鬮，與鑷對轉，與掂旁轉	(白)	2
9073	稔	稔	nɛm55	nem1	同棯字		2
9074	棯	棯	nɛm55	nem1	花/番～，番桃、桃金娘果實，花爲番的音變，豆～，倒捻子、桃金娘，豆爲倒的音變，又作稔/捻字	(白)	4
9075	捻	捻	nɛn35	nen2	同撚字，摁、壓		1
9076	撚	撚	nɛn35	nen2	搓揉，～碎；摁、壓，～住，與捏[nɛt2]對轉		1
9077	攆	撵	nɛn35	nen2	攆走		1
9078	碾	碾	nɛn35	nen2	碾碎，水碾		1
9079	輾	辗	nɛn35	nen2	水輾，後作碾		1
9080	輦	辇	nɛn35	nen2	車輦		2
9081	娘	娘	nɛŋ55	neng1	同孃字	(語)	1
9082	孃	娘	nɛŋ55	neng1	老[lau55]～，母親的敘稱	(語)	1
9083	頂	顶	nɛŋ35	neng2	量詞，一～帽，一頂帽，老派用法，端組旁轉，俗字𠽒	(白)	1
9084	䉴	䉴	nɛŋ35	neng2	魚～，魚簍	(白)	4
9085	褦	褦	nɛŋ33	neng3	又音	(語)	4
9086	嗒	嗒	nɛp5	nep1	（蚊蟲）咬、（馬蜂）蜇，端組旁轉，俗字囁	(白)	2
9087	埝	埝	nɛp5	nep1	凹、癟，～穀，秕穀，已罕用		2
9088	鑷	镊	nɛp3	nep3	鑷子；（用工具）夾、拈，與拈對轉	(白)	2
9089	啲	啲	nɛt5	net1	詞綴，矮/細/窄/淺～～，矮/小/窄/淺貌，端組旁轉	(白)	4
9090	捏	捏	nɛt2	net6	按壓，與撚[nɛn35]對轉	(白)	1
9091	粈	粈	nɛu55	neu1	黏	(白)	4
9092	嫋	袅	nɛu21	neu4	細長柔軟，軟/長/高～～	(白)	2
9093	嗯	嗯	ŋ̍35	ng2	表疑問		2
9094	吳	吴	ŋ̍21	ng4			1
9095	吾	吾	ŋ̍21	ng4			1
9096	梧	梧	ŋ̍21	ng4	梧桐		1
9097	蜈	蜈	ŋ̍21	ng4	蜈蚣		1
9098	唔	唔	ŋ̍21	ng4	嘆詞，思忖聲		2
9099	浯	浯	ŋ̍21	ng4			2
9100	鋙	铻	ŋ̍21	ng4	錕鋙		2
9101	鼯	鼯	ŋ̍21	ng4			2
9102	峿	峿	ŋ̍21	ng4	嶇峿		3
9103	珸	珸	ŋ̍21	ng4			3
9104	郚	郚	ŋ̍21	ng4			3
9105	五	五	ŋ̍24	ng5	五個，十五		1
9106	伍	伍	ŋ̍24	ng5			1
9107	午	午	ŋ̍24	ng5			1
9108	仵	仵	ŋ̍24	ng5	仵作；姓		2
9109	忤	忤	ŋ̍24	ng5			2
9110	牾	牾	ŋ̍24	ng5			2
9111	迕	迕	ŋ̍24	ng5			2
9112	旿	旿	ŋ̍24	ng5			3
9113	互	互	ŋ̍22	ng6	俗讀，匣母讀如疑母	(常)	1
9114	悟	悟	ŋ̍22	ng6			1
9115	捂	捂	ŋ̍22	ng6			1
9116	誤	误	ŋ̍22	ng6			1
9117	嗯	嗯	ŋ̍22	ng6	表答應		2
9118	寤	寤	ŋ̍22	ng6			2
9119	晤	晤	ŋ̍22	ng6			2
9120	焐	焐	ŋ̍22	ng6			2
9121	痦	痦	ŋ̍22	ng6			2
9122	摀	摀	ŋ̍22	ng6			5
9123	呀	呀	ŋa55	ngaa1	象聲詞，哭～～，大聲地哭，元音象義	(白)	1
9124	椏	桠	ŋa55	ngaa1	椏杈，又作枒杈		3
9125	枒	枒	ŋa55	ngaa1	枒杈，同椏杈		4
9126	崖	崖	ŋa21	ngaa4	山崖，懸崖；～鷹，老鷹，引申指風箏，俗作牙鷹；～巘[jin55]，危險，俗作牙煙/崖广，另一說危險的音變	(又)	1
9127	涯	涯	ŋa21	ngaa4		(又)	1
9128	牙	牙	ŋa21	ngaa4			1
9129	芽	芽	ŋa21	ngaa4	豆芽，發芽（口語稱爆芽）		1
9130	衙	衙	ŋa21	ngaa4			1
9131	伢	伢	ŋa21	ngaa4	小孩子，本字𤘅；～伢[ŋa55]崽，嬰兒		2
9132	岈	岈	ŋa21	ngaa4	嵖岈		2
9133	蚜	蚜	ŋa21	ngaa4			2
9134	𤘅	𤘅	ŋa21	ngaa4	赤子，俗字伢		5
9135	瓦	瓦	ŋa24	ngaa5	瓦片；瓦解		1
9136	雅	雅	ŋa24	ngaa5			1
9137	佤	佤	ŋa24	ngaa5			2
9138	疋	疋	ŋa24	ngaa5	通雅字		4
9139	厊	厊	ŋa24	ngaa5			5
9140	瓦	瓦	ŋa22	ngaa6	蓋（瓦）		1
9141	訝	讶	ŋa22	ngaa6			1
9142	迓	迓	ŋa22	ngaa6			2
9143	砑	砑	ŋa22	ngaa6	砑平，砑光；〈語〉～槎，佔地、霸道，～定[tɛŋ22]，礙事		3
9144	枒	枒	ŋa22	ngaa6	木名		4
9145	𧧝	𧧝	ŋa22	ngaa6	～𧨊，囉唆、糾纏		4
9146	𠊎	𠊎	ŋai55	ngaai1	俗字，～話，客家話，本字我，以人稱代指語言，摹客家音		4
9147	崖	崖	ŋai21	ngaai4	山崖，懸崖		1
9148	挨	挨	ŋai21	ngaai4	同捱字		1
9149	捱	挨	ŋai21	ngaai4	捱打，捱苦；被，～講，被批評		1
9150	涯	涯	ŋai21	ngaai4	天涯，生涯		1
9151	睚	睚	ŋai21	ngaai4			2
9152	堐	堐	ŋai21	ngaai4			3
9153	艾	艾	ŋai22	ngaai6	艾草，艾葉		1
9154	砹	砹	ŋai22	ngaai6			2
9155	逆	逆	ŋak2	ngaak6		(語)	1
9156	額	额	ŋak2	ngaak6	名額，數額	(白)	1
9157	啱	啱	ŋam55	ngaam1	俗字，剛剛、恰好、合適，一說本字嚴/𧬌/諴		4
9158	岩	岩	ŋam21	ngaam4	岩石，岩漿		1
9159	巖	岩	ŋam21	ngaam4	巖洞，巖壁		1
9160	癌	癌	ŋam21	ngaam4	癌症，肝癌		1
9161	嵒	嵒	ŋam21	ngaam4			4
9162	儑	儑	ŋam21	ngaam4	不慧		5
9163	礹	礹	ŋam21	ngaam4	同巖字		5
9164	儑	儑	ŋam22	ngaam6	傝儑		5
9165	研	研	ŋan21	ngaan4	又音	(語)	1
9166	頑	顽	ŋan21	ngaan4		(又)	1
9167	顏	颜	ŋan21	ngaan4	容顏；顏色		1
9168	虤	虤	ŋan21	ngaan4			3
9169	眼	眼	ŋan24	ngaan5		(文)	1
9170	齴	𫜮	ŋan24	ngaan5	高峻貌		5
9171	雁	雁	ŋan22	ngaan6			1
9172	贗	赝	ŋan22	ngaan6			2
9173	贋	赝	ŋan22	ngaan6			4
9174	鴈	鴈	ŋan22	ngaan6			4
9175	硬	硬	ŋaŋ35	ngaang2	硬係，硬要，夾硬（勉強），生硬（強行），充硬（硬裝、硬充）	(白)	1
9176	硬	硬	ŋaŋ22	ngaang6	堅硬，硬撐（結實），硬頸（固執）		1
9177	哈	哈	ŋap3	ngaap3	開～～，咧開貌	(語)	1
9178	扤	扤	ŋat2	ngaat6	碾壓，與研對轉，捱車輪～着，被車輪軋了	(白)	4
9179	㩵	㩵	ŋat2	ngaat6	擊也		4
9180	撓	挠	ŋau55	ngaau1		(文)	1
9181	嗷	嗷	ŋau33	ngaau3	詞綴，煙～～，煙燻火燎，綠～～，綠油油	(語)	2
9182	淆	淆	ŋau21	ngaau4			1
9183	熬	熬	ŋau21	ngaau4	熬肉；〈又〉熬夜	(白)	1
9184	餚	肴	ŋau21	ngaau4			1
9185	嗷	嗷	ŋau21	ngaau4	又音，煙～～，綠～～	(語)	2
9186	爻	爻	ŋau21	ngaau4			2
9187	崤	崤	ŋau21	ngaau4			2
9188	洨	洨	ŋau21	ngaau4			3
9189	肴	肴	ŋau21	ngaau4			4
9190	摮	摮	ŋau21	ngaau4	搖晃，俗字𢳆	(語)	4
9191	殽	殽	ŋau21	ngaau4			4
9192	咬	咬	ŋau24	ngaau5		(文)	1
9193	樂	乐	ŋau22	ngaau6	仁者樂山	(古)	1
9194	磑	硙	ŋɐi55	ngai1	哀求	(白)	3
9195	危	危	ŋɐi21	ngai4			1
9196	巍	巍	ŋɐi21	ngai4			1
9197	倪	倪	ŋɐi21	ngai4		(書)	2
9198	桅	桅	ŋɐi21	ngai4	桅杆		2
9199	霓	霓	ŋɐi21	ngai4		(書)	2
9200	嵬	嵬	ŋɐi21	ngai4			2
9201	鯢	鲵	ŋɐi21	ngai4			2
9202	峗	峗	ŋɐi21	ngai4	三峗		3
9203	洈	洈	ŋɐi21	ngai4			3
9204	猊	猊	ŋɐi21	ngai4			3
9205	麑	麑	ŋɐi21	ngai4			3
9206	輗	𫐐	ŋɐi21	ngai4			3
9207	齯	𫠜	ŋɐi21	ngai4			3
9208	鮠	𬶏	ŋɐi21	ngai4	魚名		3
9209	婗	婗	ŋɐi21	ngai4			4
9210	蜺	蜺	ŋɐi21	ngai4	寒蟬		4
9211	蟻	蚁	ŋɐi24	ngai5			1
9212	隗	隗	ŋɐi24	ngai5	高；姓		2
9213	峗	峗	ŋɐi24	ngai5	山高貌		3
9214	硊	硊	ŋɐi24	ngai5	磈硊		3
9215	艤	舣	ŋɐi24	ngai5			3
9216	顗	𫖮	ŋɐi24	ngai5			3
9217	頠	𬱟	ŋɐi24	ngai5			3
9218	螘	螘	ŋɐi24	ngai5			5
9219	毅	毅	ŋɐi22	ngai6	毅力，剛毅		1
9220	藝	艺	ŋɐi22	ngai6			1
9221	艾	艾	ŋɐi22	ngai6	自怨自艾，俗讀艾草之艾		1
9222	魏	魏	ŋɐi22	ngai6			1
9223	僞	伪	ŋɐi22	ngai6	虛僞		1
9224	倪	倪	ŋɐi22	ngai6	俾倪		2
9225	刈	刈	ŋɐi22	ngai6	刈草，刈麥		2
9226	囈	呓	ŋɐi22	ngai6			2
9227	睨	睨	ŋɐi22	ngai6	睥睨		2
9228	羿	羿	ŋɐi22	ngai6			2
9229	詣	诣	ŋɐi22	ngai6			2
9230	乂	乂	ŋɐi22	ngai6			2
9231	𨺙	𨺙	ŋɐi22	ngai6			3
9232	堄	堄	ŋɐi22	ngai6	埤堄		4
9233	蓺	蓺	ŋɐi22	ngai6			4
9234	偽	伪	ŋɐi22	ngai6	同僞字		5
9235	栺	栺	ŋɐi22	ngai6	枍栺		5
9236	呃	呃	ŋɐk5	ngak1	俗字，欺騙，本字當爲眲	(語)	2
9237	眲	眲	ŋɐk5	ngak1	欺騙，俗字呃		4
9238	額	额	ŋɐk2	ngak6	額頭，匾額		1
9239	顉	顉	ŋɐm55	ngam1	～頭，點頭，與𩪤對轉	(白)	4
9240	吟	吟	ŋɐm21	ngam4	～沉，嘮叨，古作沉吟，與噏/𡀾對轉	(白)	1
9241	啽	啽	ŋɐm21	ngam4	寐聲		4
9242	玵	玵	ŋɐm21	ngam4			4
9243	㜝	㜝	ŋɐm24	ngam5	含怒貌		4
9244	奀	奀	ŋɐn55	ngan1	俗字，瘦小，當爲伢身（小兒身）的合音		4
9245	䟴	䟴	ŋɐn33	ngan3	搖晃，與扤對轉	(習)	4
9246	仁	仁	ŋɐn21	ngan4	果仁，花生仁	(白)	1
9247	銀	银	ŋɐn21	ngan4			1
9248	垠	垠	ŋɐn21	ngan4			2
9249	齦	龈	ŋɐn21	ngan4	牙齦		2
9250	圻	圻	ŋɐn21	ngan4	同垠字		2
9251	狺	狺	ŋɐn21	ngan4			2
9252	誾	訚	ŋɐn21	ngan4			2
9253	鄞	鄞	ŋɐn21	ngan4			2
9254	嚚	嚚	ŋɐn21	ngan4			3
9255	齗	龂	ŋɐn21	ngan4	齒根；爭辯貌		3
9256	珢	珢	ŋɐn21	ngan4			3
9257	韌	韧	ŋɐn22	ngan6	焉～，食物有勁道，俗作煙韌	(白)	1
9258	憖	慭	ŋɐn22	ngan6			3
9259	垽	垽	ŋɐn22	ngan6			4
9260	戇	戆	ŋɐŋ55	ngang1	癡～～，瘋癲貌，傻～～，傻乎乎	(語)	2
9261	耿	耿	ŋɐŋ35	ngang2	發愣，愣住	(白)	1
9262	蹬	蹬	ŋɐŋ22	ngang6	徛～～，直直地站着	(白)	1
9263	噏	噏	ŋɐp5	ngap1	胡說，一說本字𡀾，與吟/啽對轉，或與譗同源	(語)	4
9264	𩪤	𩪤	ŋɐp5	ngap1		(又)	4
9265	𡀾	𡀾	ŋɐp5	ngap1	胡說，俗字噏，與吟/啽對轉	(語)	5
9266	𩕟	𩕟	ŋɐp5	ngap1		(又)	5
9267	哈	哈	ŋɐp2	ngap6	動口貌	(語)	1
9268	𩪤	𩪤	ŋɐp2	ngap6	～頭，點頭，與顉對轉，又作𩕟字		4
9269	岋	岋	ŋɐp2	ngap6			5
9270	歞	歞	ŋɐp2	ngap6	癡貌		5
9271	𡀾	𡀾	ŋɐp2	ngap6	衆聲		5
9272	𩕟	𩕟	ŋɐp2	ngap6	同𩪤字		5
9273	胺	胺	ŋɐt5	ngat1	屙～尿，尿淋	(語)	2
9274	忔	忔	ŋɐt5	ngat1	又音，～失[ʃɐt5]，吝嗇，與齗對轉	(白)	4
9275	屹	屹	ŋɐt2	ngat6	屹立		1
9276	疙	疙	ŋɐt2	ngat6	癡貌		1
9277	兀	兀	ŋɐt2	ngat6	突兀，兀鷲		2
9278	仡	仡	ŋɐt2	ngat6	壯勇		2
9279	圪	圪	ŋɐt2	ngat6	牆高貌		2
9280	杌	杌	ŋɐt2	ngat6	杌子		2
9281	屼	屼	ŋɐt2	ngat6			3
9282	卼	卼	ŋɐt2	ngat6			4
9283	忔	忔	ŋɐt2	ngat6	心不欲也		4
9284	扤	扤	ŋɐt2	ngat6	動、搖，與䟴對轉；〈語〉挪動		4
9285	阢	阢	ŋɐt2	ngat6			4
9286	勾	勾	ŋɐu55	ngau1	勾消；勾當	(白)	1
9287	句	句	ŋɐu55	ngau1	曲也，俗作勾；句踐；高句麗	(白)	1
9288	鉤	钩	ŋɐu55	ngau1	魚鉤；鉤住	(白)	1
9289	軥	軥	ŋɐu55	ngau1	軥心木	(白)	5
9290	鈎	钩	ŋɐu55	ngau1	同鉤字	(白)	5
9291	牛	牛	ŋɐu21	ngau4	水牛，牛奶；比喻頑皮、淘氣，～骨，小孩調皮；比喻個大的，～蕉，一種個大略酸的芭蕉；錢的喻稱，有～，有錢，數～，數錢，老派說有行[hɔŋ21]		1
9292	偶	偶	ŋɐu24	ngau5	配偶；偶然		1
9293	藕	藕	ŋɐu24	ngau5			1
9294	耦	耦	ŋɐu24	ngau5			2
9295	蕅	蕅	ŋɐu24	ngau5			4
9296	吽	吽	ŋɐu22	ngau6	俗字，～哣，迷糊、不清醒，本地又指古板、難溝通，疑本字䠗逗/譳䛠		2
9297	呀	呀	ŋɛ55	nge1	象聲詞，哭～～，小聲地哭，元音象義；象聲詞，呀[ŋɛ21]～，二胡或二胡聲	(白)	1
9298	椏	桠	ŋɛ55	nge1	樹～，樹杈	(白)	3
9299	枒	枒	ŋɛ55	nge1	樹～，樹杈	(白)	4
9300	呀	呀	ŋɛ35	nge2	象聲詞，推門聲，又作砑字		1
9301	砑	砑	ŋɛ35	nge2	象聲詞，推門聲，又作呀字	(白)	3
9302	鋸	锯	ŋɛ33	nge3	又音，～客，宰客，已罕讀	(白)	1
9303	呀	呀	ŋɛ21	nge4	象聲詞，～呀[ŋɛ55]，二胡或二胡聲	(白)	1
9304	齗	龂	ŋɛn55	ngen1	吝嗇，與忔對轉	(白)	3
9305	齞	齞	ŋɛn55	ngen1	齜、露齒	(白)	4
9306	研	研	ŋɛn21	ngen4	碾、砑，與扤對轉	(語)	1
9307	顏	颜	ŋɛn21	ngen4	罕讀	(白)	1
9308	眼	眼	ŋɛn24	ngen5	眼睛，針眼；量詞，睄[ɬau21]一眼（掃一眼），一眼[ŋɛn24-35]燈（一盞燈，變調）	(白)	1
9309	哈	哈	ŋɛp2	ngep6	口開～～，嘴合不攏	(語)	1
9310	忔	忔	ŋɛt5	nget1	～失[ʃɛt5]，吝嗇，與齗對轉	(白)	4
9311	齕	龁	ŋɛt2	nget6	齮[ŋi21]齮[ŋi55]～～，矯情、支吾	(語)	3
9312	扤	扤	ŋɛt2	nget6	擠壓，與研對轉；負重挪動、緩慢移步，捱～，磨蹭，老～～，老態龍鍾	(白)	4
9313	撓	挠	ŋɛu55	ngeu1	抓撓，俗字𢯎	(白)	1
9314	摮	摮	ŋɛu21	ngeu4	又音，搖晃	(語)	4
9315	咬	咬	ŋɛu24	ngeu5	咬人，反咬	(白)	1
9316	齮	𬺈	ŋi21	ngi4	～齮[ŋi55]齕[ŋɛt2]齕[ŋɛt2]，矯情、支吾	(語)	3
9317	逆	逆	ŋek2	ngik6		(又)	1
9318	嶷	嶷	ŋek2	ngik6		(又)	2
9319	迎	迎	ŋeŋ21	nging4	～腳，踮腳	(語)	1
9320	俄	俄	ŋɔ21	ngo4			1
9321	哦	哦	ŋɔ21	ngo4	吟哦		1
9322	娥	娥	ŋɔ21	ngo4			1
9323	峨	峨	ŋɔ21	ngo4			1
9324	蛾	蛾	ŋɔ21	ngo4	飛蛾，燈蛾		1
9325	訛	讹	ŋɔ21	ngo4			1
9326	鵝	鹅	ŋɔ21	ngo4			1
9327	莪	莪	ŋɔ21	ngo4			2
9328	鋨	锇	ŋɔ21	ngo4			2
9329	涐	涐	ŋɔ21	ngo4			3
9330	硪	硪	ŋɔ21	ngo4			3
9331	吪	吪	ŋɔ21	ngo4	行動；感化		4
9332	囮	囮	ŋɔ21	ngo4			4
9333	我	我	ŋɔ24	ngo5			1
9334	餓	饿	ŋɔ22	ngo6			1
9335	臥	卧	ŋɔ22	ngo6	臥室，躺臥		1
9336	卧	卧	ŋɔ22	ngo6			5
9337	鋸	锯	ŋœ33	ngoe3	宰、殺，～客，宰客，已罕讀	(白)	1
9338	呆	呆	ŋɔi21	ngoi4	呆板，本字獃		1
9339	皚	皑	ŋɔi21	ngoi4			2
9340	磑	硙	ŋɔi21	ngoi4	磑磑		3
9341	獃	呆	ŋɔi21	ngoi4	獃板		4
9342	騃	𫘤	ŋɔi21	ngoi4			4
9343	外	外	ŋɔi22	ngoi6			1
9344	礙	碍	ŋɔi22	ngoi6			1
9345	艾	艾	ŋɔi22	ngoi6		(又)	1
9346	樂	乐	ŋɔk2	ngok6	音樂		1
9347	噩	噩	ŋɔk2	ngok6			1
9348	岳	岳	ŋɔk2	ngok6	姓		1
9349	嶽	岳	ŋɔk2	ngok6	五嶽		1
9350	愕	愕	ŋɔk2	ngok6			1
9351	鄂	鄂	ŋɔk2	ngok6			1
9352	鱷	鳄	ŋɔk2	ngok6			1
9353	萼	萼	ŋɔk2	ngok6			2
9354	顎	颚	ŋɔk2	ngok6	上顎，下顎，顎裂；同齶字		2
9355	齶	腭	ŋɔk2	ngok6	軟齶，硬齶，齶化		2
9356	諤	谔	ŋɔk2	ngok6			2
9357	鍔	锷	ŋɔk2	ngok6			2
9358	鶚	鹗	ŋɔk2	ngok6			2
9359	崿	崿	ŋɔk2	ngok6			3
9360	鸑	𬸚	ŋɔk2	ngok6			3
9361	𥔲	𥔲	ŋɔk2	ngok6			3
9362	鰐	鳄	ŋɔk2	ngok6			4
9363	岸	岸	ŋɔn22	ngon6			1
9364	犴	犴	ŋɔn22	ngon6	狴犴；獄也；本作豻		3
9365	豻	豻	ŋɔn22	ngon6	野狗；獄也		5
9366	戇	戆	ŋɔŋ33	ngong3	傻、呆，～居，傻瓜，因聲符贛轉讀見母，旁轉爲疑母，與愕對轉	(白)	2
9367	昂	昂	ŋɔŋ21	ngong4	昂首，激昂		1
9368	卬	卬	ŋɔŋ21	ngong4	我也；通昂字；姓		3
9369	仰	仰	ŋɔŋ24	ngong5	仰頭，仰泳	(白)	1
9370	熬	熬	ŋu21	ngu4	熬夜		1
9371	嗷	嗷	ŋu21	ngu4	嗷嗷待哺		2
9372	敖	敖	ŋu21	ngu4			2
9373	翱	翱	ŋu21	ngu4			2
9374	聱	聱	ŋu21	ngu4			2
9375	遨	遨	ŋu21	ngu4			2
9376	鏖	鏖	ŋu21	ngu4		(又)	2
9377	獒	獒	ŋu21	ngu4			2
9378	璈	璈	ŋu21	ngu4			2
9379	螯	螯	ŋu21	ngu4			2
9380	驁	骜	ŋu21	ngu4			2
9381	鰲	鳌	ŋu21	ngu4			2
9382	廒	廒	ŋu21	ngu4			3
9383	嶅	嶅	ŋu21	ngu4			3
9384	鼇	鼇	ŋu21	ngu4			4
9385	摮	摮	ŋu21	ngu4	擊；〈語〉又音，搖晃		4
9386	傲	傲	ŋu22	ngu6			1
9387	鏊	鏊	ŋu22	ngu6	烙餅用具		2
9388	奡	奡	ŋu22	ngu6			3
9389	摝	摝	ŋʊk2	nguk6	用力搖動，此處來母讀如疑母	(白)	4
9390	呢	呢	ni55	ni1	唵嘛呢叭咪吽；粵字，這，本字爾，本地大多用阿/亞，本字箇		1
9391	啲	啲	ni55	ni1	～～登[nɐŋ55]登[nɐŋ55]，各種事物，細～～，小貌，端組旁轉	(白)	4
9392	𪐀	𪐀	ni55	ni1	～牙～齒，形容食物黏牙齒	(語)	4
9393	呢	呢	ni21	ni4	呢絨，呢喃		1
9394	妮	妮	ni21	ni4			1
9395	宜	宜	ni21	ni4			1
9396	尼	尼	ni21	ni4	尼姑，尼龍，尼古丁；姓		1
9397	疑	疑	ni21	ni4	懷疑，疑問		1
9398	誼	谊	ni21	ni4	俗讀，讀同宜	(常)	1
9399	倪	倪	ni21	ni4	端倪；姓	(習)	2
9400	霓	霓	ni21	ni4	霓虹，霓虹燈	(習)	2
9401	嶷	嶷	ni21	ni4	九嶷山		2
9402	怩	怩	ni21	ni4			2
9403	禰	祢	ni21	ni4	姓		2
9404	鈮	铌	ni21	ni4			2
9405	伲	伲	ni21	ni4			3
9406	觺	觺	ni21	ni4			4
9407	跜	跜	ni21	ni4			5
9408	你	你	ni24	ni5			1
9409	您	您	ni24	ni5	晚起字，你		1
9410	擬	拟	ni24	ni5			1
9411	旎	旎	ni24	ni5			2
9412	禰	祢	ni24	ni5	考廟		2
9413	薿	薿	ni24	ni5			3
9414	儗	儗	ni24	ni5	僭越		4
9415	鉨	鿭	ni24	ni5			4
9416	妳	妳	ni24	ni5	同你字，專指女姓		5
9417	柅	柅	ni24	ni5			5
9418	狔	狔	ni24	ni5			5
9419	泥	泥	ni22	ni6	拘泥		1
9420	膩	腻	ni22	ni6	油膩，膩煩		1
9421	誼	谊	ni22	ni6	友誼，情誼		1
9422	儗	儗	ni22	ni6	佁儗		4
9423	眲	眲	ni22	ni6	輕視		4
9424	滴	滴	nek5	nik1	詞綴，細～～，小貌，端組旁轉，俗字搦	(白)	1
9425	搦	搦	nek5	nik1	拿，與擰/拎對轉，與扚旁轉	(習)	2
9426	𪐌	𪐌	nek5	nik1	黏；～住，停滯		4
9427	𪙛	𪙛	nek5	nik1	蛀牙		4
9428	匿	匿	nek2	nik6			1
9429	溺	溺	nek2	nik6	溺水，溺愛，沉溺		1
9430	逆	逆	nek2	nik6	逆風，忤逆，與迎對轉		1
9431	慝	慝	nek2	nik6	隠情飾非		2
9432	嶷	嶷	nek2	nik6	岐嶷		2
9433	昵	昵	nek2	nik6			2
9434	鬩	阋	nek2	nik6	鬩牆，讀同慝/匿		2
9435	鷊	鹝	nek2	nik6			3
9436	鷁	鹢	nek2	nik6			3
9437	虉	𬟁	nek2	nik6			3
9438	惄	惄	nek2	nik6			4
9439	暱	暱	nek2	nik6			4
9440	鶂	𱊈	nek2	nik6			4
9441	䵒	䵒	nek2	nik6	黏也		4
9442	𣘗	𣘗	nek2	nik6			4
9443	𧏾	𧏾	nek2	nik6			4
9444	研	研	nim55	nim1	研究，讀同黏/粘	(又)	1
9445	粘	粘	nim55	nim1	粘貼；同黏字		1
9446	拈	拈	nim55	nim1		(文)	2
9447	黏	黏	nim55	nim1	黏土，黏性		2
9448	棯	棯	nim55	nim1		(文)	4
9449	鮎	鲇	nim21	nim4	鮎魚		2
9450	鯰	鲶	nim21	nim4	同鮎字		4
9451	淰	淰	nim24	nim5	濁也；水流貌		5
9452	唸	念	nim22	nim6	唸書，唸經		1
9453	念	念	nim22	nim6	思念，想念		1
9454	驗	验	nim22	nim6	試驗，驗證		1
9455	廿	廿	nim22	nim6		(文)	2
9456	埝	埝	nim22	nim6	土埝，堤埝		2
9457	蔫	蔫	nin55	nin1	枯萎；食物不鮮（口語用葾）		2
9458	年	年	nin21	nin4			1
9459	涊	涊	nin24	nin5			4
9460	蹨	蹨	nin24	nin5			5
9461	丁	丁	neŋ55	ning1	詞綴，細～～，小貌，端組旁轉，俗字擰/嚀	(白)	1
9462	擰	拧	neŋ55	ning1	俗字，提，與搦對轉，本字拎，來母讀如泥母		1
9463	拎	拎	neŋ55	ning1	提，來母讀如泥母，俗字擰	(習)	1
9464	䉴	䉴	neŋ35	ning2	又音	(白)	4
9465	凝	凝	neŋ21	ning4	凝結，凝固		1
9466	寧	宁	neŋ21	ning4	安寧；寧可（口語用能可），寧願（口語用能願）		1
9467	檸	柠	neŋ21	ning4			1
9468	獰	狞	neŋ21	ning4			1
9469	嚀	咛	neŋ21	ning4	叮嚀		2
9470	甯	甯	neŋ21	ning4	通寧字		3
9471	聹	聍	neŋ21	ning4			3
9472	薴	苧	neŋ21	ning4			3
9473	鬡	𮫂	neŋ21	ning4			4
9474	宁	宁	neŋ21	ning4	同寧字		5
9475	擰	拧	neŋ22	ning6	擰轉；倔強		1
9476	濘	泞	neŋ22	ning6	泥濘		1
9477	佞	佞	neŋ22	ning6			2
9478	甯	甯	neŋ22	ning6	姓		3
9479	泞	泞	neŋ22	ning6	同濘字		5
9480	業	业	nip2	nip6			1
9481	孽	孽	nip2	nip6			1
9482	捏	捏	nip2	nip6	用手指夾住，捏緊，本字捻		1
9483	捻	捻	nip2	nip6	用手指夾住，捏		1
9484	聶	聂	nip2	nip6	姓		1
9485	囁	嗫	nip2	nip6	囁嚅		2
9486	躡	蹑	nip2	nip6	躡手躡腳		2
9487	鎳	镍	nip2	nip6			2
9488	涅	涅	nip2	nip6			2
9489	臬	臬	nip2	nip6			2
9490	櫱	蘖	nip2	nip6			2
9491	鄴	邺	nip2	nip6			2
9492	鑷	镊	nip2	nip6	鑷子		2
9493	顳	颞	nip2	nip6			2
9494	堨	堨	nip2	nip6	璧間隙		3
9495	嵲	嵲	nip2	nip6			3
9496	隉	陧	nip2	nip6			3
9497	闑	𫔶	nip2	nip6			3
9498	糵	糵	nip2	nip6			3
9499	菍	菍	nip2	nip6			3
9500	臲	臲	nip2	nip6			4
9501	苶	苶	nip2	nip6	疲倦		4
9502	孽	孽	nit2	nit6		(又)	1
9503	捏	捏	nit2	nit6		(文)	1
9504	齧	啮	nit2	nit6	齧齒		2
9505	涅	涅	nit2	nit6		(又)	2
9506	臬	臬	nit2	nit6		(又)	2
9507	櫱	蘖	nit2	nit6		(又)	2
9508	堨	堨	nit2	nit6		(又)	3
9509	嵲	嵲	nit2	nit6		(又)	3
9510	隉	陧	nit2	nit6		(又)	3
9511	闑	𫔶	nit2	nit6		(又)	3
9512	糵	糵	nit2	nit6		(又)	3
9513	臲	臲	nit2	nit6		(又)	4
9514	嚙	啮	nit2	nit6	同齧字		5
9515	囓	啮	nit2	nit6	同齧字		5
9516	粈	粈	niu55	niu1	又音	(白)	4
9517	鳥	鸟	niu24	niu5	鳥類，小鳥		1
9518	裊	袅	niu24	niu5	裊繞		2
9519	蔦	茑	niu24	niu5			2
9520	嫋	袅	niu24	niu5	嫋娜，嫋嫋		2
9521	嬝	嬝	niu24	niu5			4
9522	嬲	嬲	niu24	niu5	戲弄		4
9523	褭	褭	niu24	niu5			4
9524	尿	尿	niu22	niu6	尿牀，屙尿；尿脬		1
9525	溺	溺	niu22	niu6	通尿字		1
9526	脲	脲	niu22	niu6			2
9527	臑	臑	nɔ55	no1	肥～～，胖乎乎	(語)	3
9528	挼	挼	nɔ55	no1	同捼字，搓		4
9529	捼	捼	nɔ55	no1	搓，又作挼字		4
9530	臑	臑	nɔ35	no2	豬臑[nɔ21]～，豬，童語	(語)	3
9531	娜	娜	nɔ21	no4	婀娜，古讀上聲		1
9532	挪	挪	nɔ21	no4	挪動，騰挪；～～撚[nɐn35]撚[nɐn35]，磨磨蹭蹭		1
9533	儺	傩	nɔ21	no4			2
9534	懦	懦	nɔ22	no6			1
9535	糯	糯	nɔ22	no6	糯米		1
9536	喏	喏	nɔ22	no6	嘆詞		2
9537	瘧	疟	nœk2	noek6	瘧疾		1
9538	虐	虐	nœk2	noek6	虐待		1
9539	謔	谑	nœk2	noek6	戲謔		2
9540	蹃	蹃	nœk2	noek6	踐也		4
9541	娘	娘	nœŋ55	noeng1	姑娘	(白)	1
9542	孃	娘	nœŋ55	noeng1	姨孃；阿～、～～，母之妹	(白)	1
9543	娘	娘	nœŋ21	noeng4	新娘，娘子，老闆娘		1
9544	孃	娘	nœŋ21	noeng4	爹孃，孃家		1
9545	奈	奈	nɔi22	noi6			1
9546	耐	耐	nɔi22	noi6			1
9547	柰	柰	nɔi22	noi6			2
9548	萘	萘	nɔi22	noi6			2
9549	佴	佴	nɔi22	noi6	姓		3
9550	耏	耏	nɔi22	noi6	去頰鬚刑		3
9551	倷	倷	nɔi22	noi6	吳語字，你		4
9552	錼	錼	nɔi22	noi6			5
9553	諾	诺	nɔk3	nok3		(又)	1
9554	喏	喏	nɔk3	nok3		(又)	2
9555	諾	诺	nɔk2	nok6	承諾，諾言		1
9556	喏	喏	nɔk2	nok6	同諾字		2
9557	搦	搦	nɔk2	nok6	持也	(書)	2
9558	鍩	锘	nɔk2	nok6	放射性化學元素		3
9559	囊	囊	nɔŋ55	nong1	囊膪；泡[pʰau55]（穮）～肉，囊膪、奶脯肉	(白)	1
9560	襠	裆	nɔŋ55	nong1	褲～，褲襠，端組旁轉，俗字𧟘	(白)	2
9561	䑋	䑋	nɔŋ55	nong1	（嬰兒）壯實、胖；（植物）茁壯	(白)	4
9562	囊	囊	nɔŋ21	nong4	行囊，囊括		1
9563	瓤	瓤	nɔŋ21	nong4	瓜瓤		1
9564	囔	囔	nɔŋ21	nong4	囔囔，嘟囔		2
9565	穰	穰	nɔŋ21	nong4	同瓤字	(又)	2
9566	饢	馕	nɔŋ21	nong4	一種烤製成的麪餅		2
9567	鬞	鬞	nɔŋ21	nong4	亂髮		4
9568	攮	攮	nɔŋ24	nong5	用刀攮		2
9569	曩	曩	nɔŋ24	nong5			2
9570	饢	馕	nɔŋ24	nong5	拼命往嘴裏塞食物		2
9571	擃	擃	nɔŋ24	nong5	同攮字		5
9572	齉	齉	nɔŋ22	nong6	鼻塞		2
9573	儾	儾	nɔŋ22	nong6	寛緩		4
9574	肭	肭	nɔt5	not1	肥～～，胖乎乎，與腯旁轉	(白)	3
9575	嘟	嘟	nu55	nu1	肥～～，胖乎乎，從都聲，端組旁轉，俗字努	(白)	2
9576	奴	奴	nu21	nu4			1
9577	駑	驽	nu21	nu4			2
9578	孥	孥	nu21	nu4			2
9579	砮	砮	nu21	nu4	磨刀石		3
9580	笯	笯	nu21	nu4			3
9581	憹	𢙐	nu21	nu4	懊憹		4
9582	努	努	nu24	nu5	努力，努嘴		1
9583	惱	恼	nu24	nu5			1
9584	瑙	瑙	nu24	nu5			1
9585	腦	脑	nu24	nu5			1
9586	弩	弩	nu24	nu5			2
9587	胬	胬	nu24	nu5			2
9588	砮	砮	nu24	nu5	石箭鏃		3
9589	堖	垴	nu24	nu5			3
9590	怒	怒	nu22	nu6			1
9591	推	推	nui55	nui1	推搡，端組旁轉	(白)	1
9592	餒	馁	nui24	nui5	凍餒，氣餒		1
9593	浽	浽	nui24	nui5	溾浽		4
9594	餧	餧	nui24	nui5	同餒字		4
9595	內	内	nui22	nui6			1
9596	搙	搙	nʊk5	nuk1	揉搓，～麪粉		4
9597	忸	忸	nʊk2	nuk6	忸怩		2
9598	衄	衄	nʊk2	nuk6			2
9599	恧	恧	nʊk2	nuk6			3
9600	傉	傉	nʊk2	nuk6			3
9601	朒	朒	nʊk2	nuk6			4
9602	儂	侬	nʊŋ55	nung1		(又)	2
9603	鬞	鬞	nʊŋ55	nung1	～鬤，窩囊、不整潔	(白)	4
9604	燶	㶶	nʊŋ55	nung1	俗字，焦、煳，本字𪒬		4
9605	𪒬	𪒬	nʊŋ55	nung1	焦、煳，俗字燶		4
9606	捅	捅	nʊŋ35	nung2	捅，～一刀，端組旁轉	(白)	1
9607	農	农	nʊŋ21	nung4			1
9608	濃	浓	nʊŋ21	nung4			1
9609	膿	脓	nʊŋ21	nung4			1
9610	儂	侬	nʊŋ21	nung4	我、你；姓		2
9611	噥	哝	nʊŋ21	nung4			2
9612	穠	秾	nʊŋ21	nung4			2
9613	醲	𬪩	nʊŋ21	nung4			3
9614	齈	齈	nʊŋ21	nung4	多涕		4
9615	憹	𢙐	nʊŋ21	nung4	㦀憹		4
9616	弄	弄	nʊŋ22	nung6	玩弄		1
9617	女	女	ny35	nyu2	女兒或女孩，崽女，孫女，息女（重孫女），姪女，友女（後起詞）	(白)	1
9618	女	女	ny24	nyu5	女人，婦女		1
9619	釹	钕	ny24	nyu5			2
9620	籹	籹	ny24	nyu5			4
9621	暖	暖	nyn24	nyun5			1
9622	煖	煖	nyn24	nyun5	同暖字		4
9623	嫩	嫩	nyn22	nyun6			1
9624	阿	阿	∅ɔ55	o1	阿膠，阿彌陀佛，阿諛；阿房宮；姓		1
9625	喔	喔	∅ɔ55	o1	嘆詞		2
9626	婀	婀	∅ɔ55	o1			2
9627	屙	屙	∅ɔ55	o1	屙屎，屙尿		2
9628	痾	疴	∅ɔ55	o1			2
9629	妸	妸	∅ɔ55	o1			4
9630	娿	娿	∅ɔ55	o1			5
9631	哦	哦	∅ɔ35	o2	嘆詞，表驚奇		1
9632	嚄	嚄	∅ɔ35	o2	嘆詞		2
9633	哦	哦	∅ɔ33	o3	句末語氣詞，有得揀都冇錯～	(語)	1
9634	哦	哦	∅ɔ21	o4	嘆詞，表應允或醒悟		1
9635	噦	哕	∅œt2	oet6	擬嘔吐聲	(語)	2
9636	哀	哀	∅ɔi55	oi1			1
9637	埃	埃	∅ɔi55	oi1	塵埃	(文)	1
9638	欸	欸	∅ɔi55	oi1	歎也		2
9639	鎄	锿	∅ɔi55	oi1			3
9640	娭	娭	∅ɔi55	oi1	娭毑		4
9641	㗒	㗒	∅ɔi55	oi1			4
9642	藹	蔼	∅ɔi35	oi2	和藹		1
9643	噯	嗳	∅ɔi35	oi2	噯氣；嘆詞		2
9644	曖	暧	∅ɔi35	oi2	曖昧		2
9645	靄	霭	∅ɔi35	oi2	霧靄		2
9646	靉	叆	∅ɔi35	oi2			2
9647	堨	堨	∅ɔi35	oi2	塵埃		3
9648	毐	毐	∅ɔi35	oi2			3
9649	愛	爱	∅ɔi33	oi3			1
9650	隘	隘	∅ɔi33	oi3		(又)	1
9651	曖	暧	∅ɔi33	oi3	本讀	(又)	2
9652	嬡	嫒	∅ɔi33	oi3			2
9653	璦	瑷	∅ɔi33	oi3			3
9654	僾	𫣊	∅ɔi33	oi3			4
9655	惡	恶	∅ɔk3	ok3	善惡，惡人		1
9656	噁	恶	∅ɔk3	ok3	噁心		1
9657	堊	垩	∅ɔk3	ok3			2
9658	肟	肟	∅ɔk3	ok3	有機化合物，英語oxime音譯		2
9659	噁	𫫇	∅ɔk3	ok3	二噁英		3
9660	安	安	∅ɔn55	on1			1
9661	氨	氨	∅ɔn55	on1			1
9662	鞍	鞍	∅ɔn55	on1			1
9663	桉	桉	∅ɔn55	on1	桉樹		2
9664	鮟	𩽾	∅ɔn55	on1			3
9665	鞌	鞌	∅ɔn55	on1			4
9666	銨	铵	∅ɔn35	on2			2
9667	按	按	∅ɔn33	on3			1
9668	案	案	∅ɔn33	on3			1
9669	摁	摁	∅ɔn33	on3	用手按壓		2
9670	桉	桉	∅ɔn33	on3	同案字；〈又〉桉樹		2
9671	胺	胺	∅ɔn33	on3	有機化合物		2
9672	咹	咹	∅ɔn33	on3	聲止		5
9673	骯	肮	∅ɔŋ55	ong1	骯髒		1
9674	肮	肮	∅ɔŋ55	ong1	同骯字		5
9675	盎	盎	∅ɔŋ33	ong3			2
9676	扒	扒	pʰa55	paa1	扒鴨（一道傳統菜）；〈外〉通行證，英語pass，已罕用，近代漢語寫作派司		1
9677	趴	趴	pʰa55	paa1	趴下，馬趴；～落來，趴下來		1
9678	葩	葩	pʰa55	paa1		(又)	2
9679	舥	舥	pʰa55	paa1		(又)	3
9680	扒	扒	pʰa35	paa2	牛～，牛排	(語)	1
9681	把	把	pʰa35	paa2	量詞，一把赤腳，阿把女人（這個女人，貶義）	(又)	1
9682	怕	怕	pʰa33	paa3			1
9683	帊	帊	pʰa33	paa3			4
9684	叭	叭	pʰa21	paa4	扁～啦[la21]，扁貌，或源自跋剌	(語)	1
9685	巴	巴	pʰa21	paa4	下～，下頜	(語)	1
9686	扒	扒	pʰa21	paa4	扒手，扒草，扒龍船（劃龍舟）；～灰佬，色鬼（指與兒媳私通者）		1
9687	爬	爬	pʰa21	paa4			1
9688	耙	耙	pʰa21	paa4	犁耙，耙田		1
9689	杷	杷	pʰa21	paa4	枇杷		2
9690	琶	琶	pʰa21	paa4	琵琶		2
9691	鈀	钯	pʰa21	paa4	同耙字，釘鈀		2
9692	筢	筢	pʰa21	paa4			2
9693	潖	潖	pʰa21	paa4			3
9694	掱	掱	pʰa21	paa4			4
9695	派	派	pʰai55	paai1	～頭，氣派；夠～，有派頭	(白)	1
9696	派	派	pʰai33	paai3	氣派，派送		1
9697	湃	湃	pʰai33	paai3	本讀	(又)	1
9698	哌	哌	pʰai33	paai3			2
9699	蒎	蒎	pʰai33	paai3			3
9700	排	排	pʰai21	paai4			1
9701	牌	牌	pʰai21	paai4			1
9702	俳	俳	pʰai21	paai4			2
9703	𥱼	簰	pʰai21	paai4	竹排，又作簰/箄字		3
9704	簰	簰	pʰai21	paai4	同𥱼字		4
9705	篺	篺	pʰai21	paai4			4
9706	箄	箄	pʰai21	paai4	同𥱼字		5
9707	啪	啪	pʰak5	paak1	象聲詞，噼啪		1
9708	帕	帕	pʰak3	paak3	手帕，帕斯卡，讀同拍		1
9709	拍	拍	pʰak3	paak3	拍照，節拍		1
9710	柏	柏	pʰak3	paak3	柏樹，松柏	(白)	1
9711	泊	泊	pʰak3	paak3	湖泊，梁山泊；泊船，停泊	(白)	1
9712	舶	舶	pʰak3	paak3		(白)	1
9713	迫	迫	pʰak3	paak3	強迫，迫害，迫擊炮		1
9714	魄	魄	pʰak3	paak3	魂魄，氣魄		1
9715	帛	帛	pʰak3	paak3		(又)	2
9716	珀	珀	pʰak3	paak3			2
9717	粕	粕	pʰak3	paak3	糟粕	(白)	2
9718	檗	檗	pʰak3	paak3	黃檗，又作黃柏	(白)	2
9719	𢫦	𢫦	pʰak3	paak3	同拍字		4
9720	岶	岶	pʰak3	paak3			5
9721	蘗	蘗	pʰak3	paak3		(白)	5
9722	袙	袙	pʰak3	paak3			5
9723	扳	扳	pʰan55	paan1	通攀字		1
9724	攀	攀	pʰan55	paan1	高攀，攀登		1
9725	眅	眅	pʰan55	paan1			5
9726	盼	盼	pʰan33	paan3			1
9727	袢	袢	pʰan33	paan3	同襻字；袷袢		2
9728	襻	襻	pʰan33	paan3	紐襻		2
9729	鋬	鋬	pʰan33	paan3	器物上供手提的部分		4
9730	爿	爿	pʰan21	paan4			2
9731	𨂝	𨂝	pʰan21	paan4	徒步涉水；爬		4
9732	踫	踫	pʰan21	paan4	同𨂝字		5
9733	甏	甏	pʰaŋ55	paang1	同㼞字，搪瓷或金屬大碗	(語)	2
9734	弸	弸	pʰaŋ55	paang1	量詞，庹，兩手平伸的距離，又或𢏳字	(白)	3
9735	泙	泙	pʰaŋ55	paang1	水聲		3
9736	牓	牓	pʰaŋ55	paang1	門～，門框兩側，貼對聯用	(白)	4
9737	㼞	㼞	pʰaŋ55	paang1	搪瓷或金屬大碗，或爲本字，或爲盆罌的合音，又或擬敲擊聲得名	(語)	4
9738	胮	胮	pʰaŋ55	paang1	臭～～，臭烘烘，俗字亨/烹	(語)	4
9739	㼞	㼞	pʰaŋ33	paang3	罌屬		4
9740	龐	庞	pʰaŋ21	paang4	龐大，龐雜；姓	(白)	1
9741	彭	彭	pʰaŋ21	paang4			1
9742	棚	棚	pʰaŋ21	paang4	草棚，棚架		1
9743	澎	澎	pʰaŋ21	paang4			1
9744	膨	膨	pʰaŋ21	paang4	膨脹		1
9745	螃	螃	pʰaŋ21	paang4	螃蟹	(白)	1
9746	鵬	鹏	pʰaŋ21	paang4			1
9747	硼	硼	pʰaŋ21	paang4			2
9748	蟛	蟛	pʰaŋ21	paang4	蟛蜞；～鉗，小河蟹		2
9749	嘭	嘭	pʰaŋ21	paang4	象聲詞		2
9750	搒	搒	pʰaŋ21	paang4	笞打		3
9751	淜	淜	pʰaŋ21	paang4	淜湃		3
9752	抨	抨	pʰaŋ24	paang5	驅趕，～出去，趕出去，與拍對轉	(白)	2
9753	矺	矺	pʰap5	paap1	又音，摔聲，𢴬得～～聲，摔打得嘭嘭響	(語)	4
9754	汃	汃	pʰat3	paat3	水波相激聲		5
9755	跋	跋	pʰat2	paat6	仰/坐/睡～躠[ɬat2]，仰八叉/癱坐/癱睡貌；扁～剌[lat2]，扁貌，又作扁叭[pʰa21/pʰɛ21]啦[la21/lɛ21]	(語)	1
9756	拋	抛	pʰau55	paau1		(文)	1
9757	泡	泡	pʰau55	paau1	燈泡；量詞；〈語〉虛鬆不實，本字穮，另一說本字泡；〈外〉泡打粉，英語powder		1
9758	雹	雹	pʰau55	paau1	冰雹，訓讀泡，該詞也有讀陰去	(訓)	1
9759	脬	脬	pʰau55	paau1	捧～，巴結、拍馬屁；大卵[lɔn55]～，疝氣	(文)	2
9760	穮	穮	pʰau55	paau1	禾虛貌；〈語〉虛鬆不實，一說本字泡		4
9761	跑	跑	pʰau35	paau2	跑步，奔跑	(文)	1
9762	泡	泡	pʰau33	paau3	浸泡；〈又〉泡沫		1
9763	炮	炮	pʰau33	paau3		(文)	1
9764	豹	豹	pʰau33	paau3		(又)	1
9765	皰	疱	pʰau33	paau3		(文)	2
9766	奅	奅	pʰau33	paau3		(文)	4
9767	砲	砲	pʰau33	paau3		(文)	4
9768	窌	窌	pʰau33	paau3	大也		4
9769	疱	疱	pʰau33	paau3		(文)	5
9770	刨	刨	pʰau21	paau4		(文)	1
9771	跑	跑	pʰau21	paau4		(文)	1
9772	匏	匏	pʰau21	paau4		(文)	2
9773	咆	咆	pʰau21	paau4	咆哮		2
9774	庖	庖	pʰau21	paau4			2
9775	稃	稃	pʰau21	paau4	又音	(白)	2
9776	颮	飑	pʰau21	paau4	風聲		2
9777	狍	狍	pʰau21	paau4			2
9778	麅	狍	pʰau21	paau4			2
9779	鉋	铇	pʰau21	paau4		(文)	4
9780	鑤	鑤	pʰau21	paau4		(文)	5
9781	鞄	鞄	pʰau21	paau4			5
9782	批	批	pʰɐi55	pai1	批改，批評，批發；抹，～灰，抹灰，～摥，用抹子抹平		1
9783	鈚	𬬫	pʰɐi55	pai1	鈚箭		4
9784	𠜱	𠜱	pʰɐi55	pai1	削，～皮		4
9785	錍	錍	pʰɐi55	pai1			5
9786	俾	俾	pʰɐi33	pai3	俾倪		2
9787	睥	睥	pʰɐi33	pai3	睥睨		2
9788	埤	埤	pʰɐi33	pai3	埤堄		2
9789	嘣	嘣	pʰɐm55	pam1	清脆的迸裂聲	(語)	2
9790	丼	丼	pʰɐm35	pam2	輕物落水聲，此處端母讀如滂母	(語)	5
9791	嘣	嘣	pʰɐm21	pam4	沉悶的迸裂聲	(語)	2
9792	噴	喷	pʰɐn55	pan1	訓斥、罵	(語)	1
9793	品	品	pʰɐn35	pan2	出品，品行		1
9794	榀	榀	pʰɐn35	pan2			4
9795	噴	喷	pʰɐn33	pan3	噴水，噴嚏，噴香；〈語〉手槍的俗稱，現代又指霰彈槍（口語稱沙噴）		1
9796	湓	湓	pʰɐn33	pan3	水聲		3
9797	濆	𣸣	pʰɐn33	pan3	通噴字		3
9798	歕	歕	pʰɐn33	pan3	同噴字		5
9799	瀕	濒	pʰɐn21	pan4			1
9800	貧	贫	pʰɐn21	pan4			1
9801	頻	频	pʰɐn21	pan4	頻繁		1
9802	嬪	嫔	pʰɐn21	pan4	嬪妃		2
9803	顰	颦	pʰɐn21	pan4			2
9804	玭	玭	pʰɐn21	pan4			2
9805	蘋	𬞟	pʰɐn21	pan4	大萍		3
9806	牝	牝	pʰɐn24	pan5			2
9807	烹	烹	pʰɐŋ55	pang1	烹飪，烹調		1
9808	亨	亨	pʰɐŋ55	pang1	同烹字		2
9809	馮	冯	pʰɐŋ21	pang4	暴虎馮河；通憑字	(古)	1
9810	憑	凭	pʰɐŋ21	pang4	憑據，文憑		1
9811	朋	朋	pʰɐŋ21	pang4	朋友		1
9812	堋	堋	pʰɐŋ21	pang4	分水堤壩		2
9813	弸	弸	pʰɐŋ21	pang4	弸弓		3
9814	鬅	鬅	pʰɐŋ21	pang4	鬅鬙		4
9815	凭	凭	pʰɐŋ21	pang4	同憑字		4
9816	矺	矺	pʰɐp5	pap1	又音，石擲物聲、球破聲	(語)	4
9817	卟	卟	pʰɐp2	pap6	拍打衣服聲	(語)	2
9818	匹	匹	pʰɐt5	pat1	一匹布，匹配；該量詞可表示筆，用於錢款，一～錢，一筆錢		1
9819	拂	拂	pʰɐt5	pat1	撣、撣去（灰塵），～乾淨	(白)	1
9820	苉	苉	pʰɐt5	pat1			3
9821	疋	疋	pʰɐt5	pat1	同匹字		4
9822	𠯔	𠯔	pʰɐt5	pat1	嘆詞，～斜咧[lɛ21]，呸		4
9823	剖	剖	pʰɐu35	pau2			1
9824	掊	掊	pʰɐu35	pau2	擊		2
9825	瓿	瓿	pʰɐu35	pau2			2
9826	棓	棓	pʰɐu35	pau2	躡板		3
9827	婄	婄	pʰɐu35	pau2			5
9828	穮	穮	pʰɐu33	pau3	鬆	(白)	4
9829	抔	抔	pʰɐu21	pau4			2
9830	掊	掊	pʰɐu21	pau4	聚斂		2
9831	裒	裒	pʰɐu21	pau4			2
9832	垺	垺	pʰɐu21	pau4	盛大		3
9833	披	披	pʰɛ55	pe1	硬竹板，挨～凳，靠背椅；〈外〉撲克，打/耍～，打撲克，英語pair	(白)	1
9834	叭	叭	pʰɛ21	pe4	又音，扁～啦[lɛ21]，扁貌	(語)	1
9835	劈	劈	pʰɛk3	pek3	劈開；～酒，豪飲		1
9836	篇	篇	pʰɛn55	pen1	罕讀	(白)	1
9837	翻	翻	pʰɛn55	pen1	～草，～書	(白)	1
9838	片	片	pʰɛn35	pen2	〈動〉片肉；〈名〉尿片，打水片（打水漂兒）	(白)	1
9839	拼	拼	pʰɛŋ55	peng1	靠板，牀～，牀兩頭的靠板，高/低～，牀頭/尾的拼板	(白)	1
9840	呯	呯	pʰɛŋ55	peng1	～～，鐵瓶蓋或小鐵盒，或爲象聲	(語)	4
9841	平	平	pʰɛŋ21	peng4	便宜	(白)	1
9842	呯	呯	pʰɛŋ21	peng4	象聲詞，打銅鑼聲；名詞，～～，小銅鑼	(白)	4
9843	並	并	pʰɛŋ24	peng5	～骨，（豬牛羊等的）肋骨、排骨	(白)	1
9844	噼	噼	pʰɛt5	pet1	擬拍擊聲，打手～，打手掌；詞綴，薄～～，薄貌	(語)	2
9845	噼	噼	pʰɛt2	pet6	擬爆裂聲，～一槍，打一槍；詞綴，薄～～，薄貌	(語)	2
9846	拋	抛	pʰɛu55	peu1	拋開，拋棄	(白)	1
9847	泡	泡	pʰɛu55	peu1	量詞；〈外〉泡打粉，英語powder	(白)	1
9848	脬	脬	pʰɛu55	peu1	尿脬，卵脬；捧～，巴結、拍馬屁；大卵[lɔn55]～，疝氣	(白)	2
9849	跑	跑	pʰɛu35	peu2	跑步	(白)	1
9850	掊	掊	pʰɛu35	peu2	清除	(白)	2
9851	泡	泡	pʰɛu33	peu3	氣泡；水泡（指水皰）	(白)	1
9852	炮	炮	pʰɛu33	peu3	槍炮，炮仗；炮製，炮烙，古讀平聲	(白)	1
9853	豹	豹	pʰɛu33	peu3		(又)	1
9854	皰	疱	pʰɛu33	peu3	皰疹，水皰	(白)	2
9855	奅	奅	pʰɛu33	peu3	虛大；〈語〉車大～，吹牛，同車大炮	(白)	4
9856	砲	砲	pʰɛu33	peu3		(白)	4
9857	疱	疱	pʰɛu33	peu3		(白)	5
9858	刨	刨	pʰɛu21	peu4	削也；刨刀	(白)	1
9859	跑	跑	pʰɛu21	peu4	獸用腳刨地	(白)	1
9860	匏	匏	pʰɛu21	peu4	匏瓜	(白)	2
9861	稃	稃	pʰɛu21	peu4	～穀，秕穀	(白)	2
9862	鉋	铇	pʰɛu21	peu4	鉋刀	(白)	4
9863	鑤	鑤	pʰɛu21	peu4	同刨字	(白)	5
9864	披	披	pʰi55	pi1	披掛，雨披		1
9865	胚	胚	pʰi55	pi1	俗讀，讀同丕	(常)	1
9866	坯	坯	pʰi55	pi1	俗讀，讀同丕	(常)	1
9867	丕	丕	pʰi55	pi1			2
9868	呸	呸	pʰi55	pi1			2
9869	紕	纰	pʰi55	pi1	紕漏；〈語〉布類表面有毛刺		2
9870	帔	帔	pʰi55	pi1	古代戲服		2
9871	砒	砒	pʰi55	pi1			2
9872	苤	苤	pʰi55	pi1			2
9873	鈹	铍	pʰi55	pi1	大針；長矛		2
9874	伾	伾	pʰi55	pi1			3
9875	狉	狉	pʰi55	pi1			3
9876	駓	𬳵	pʰi55	pi1			3
9877	狓	狓	pʰi55	pi1			4
9878	坏	坏	pʰi55	pi1		(又)	5
9879	鎞	𫔇	pʰi55	pi1	箭鏃		5
9880	否	否	pʰi35	pi2	否極泰來		1
9881	彼	彼	pʰi35	pi2	彼此，彼岸		1
9882	鄙	鄙	pʰi35	pi2			1
9883	痞	痞	pʰi35	pi2	痞子，地痞		2
9884	圮	圮	pʰi35	pi2			2
9885	吡	吡	pʰi35	pi2	詆毀		2
9886	仳	仳	pʰi35	pi2			3
9887	嚭	嚭	pʰi35	pi2			3
9888	庀	庀	pʰi35	pi2			4
9889	佊	佊	pʰi35	pi2	不正		4
9890	屁	屁	pʰi33	pi3			1
9891	譬	譬	pʰi33	pi3	譬如，譬喻		1
9892	媲	媲	pʰi33	pi3	媲美		2
9893	嬖	嬖	pʰi33	pi3			2
9894	帔	帔	pʰi33	pi3	霞帔		2
9895	淠	淠	pʰi33	pi3	淠河		2
9896	濞	濞	pʰi33	pi3			2
9897	疲	疲	pʰi21	pi4			1
9898	皮	皮	pʰi21	pi4			1
9899	脾	脾	pʰi21	pi4			1
9900	枇	枇	pʰi21	pi4	枇杷		2
9901	毗	毗	pʰi21	pi4			2
9902	琵	琵	pʰi21	pi4	琵琶		2
9903	紕	纰	pʰi21	pi4	飾緣邊也		2
9904	裨	裨	pʰi21	pi4	裨將		2
9905	鼙	鼙	pʰi21	pi4			2
9906	埤	埤	pʰi21	pi4	埤益		2
9907	蚍	蚍	pʰi21	pi4			2
9908	蜱	蜱	pʰi21	pi4			2
9909	貔	貔	pʰi21	pi4			2
9910	邳	邳	pʰi21	pi4			2
9911	郫	郫	pʰi21	pi4			2
9912	鈹	铍	pʰi21	pi4	金屬元素，符號Be		2
9913	陂	陂	pʰi21	pi4	地名，黃陂（在湖北）		2
9914	椑	椑	pʰi21	pi4	椑榼		3
9915	芘	芘	pʰi21	pi4	芘芣		3
9916	陴	陴	pʰi21	pi4			3
9917	鮍	鲏	pʰi21	pi4			3
9918	膍	膍	pʰi21	pi4			4
9919	鈚	𬬫	pʰi21	pi4	犁錧別名		4
9920	毘	毘	pʰi21	pi4			5
9921	螷	螷	pʰi21	pi4			5
9922	蠯	蠯	pʰi21	pi4			5
9923	被	被	pʰi24	pi5	棉被，植被		1
9924	婢	婢	pʰi24	pi5		(又)	2
9925	僻	僻	pʰek5	pik1			1
9926	辟	辟	pʰek5	pik1	復辟，辟邪		1
9927	闢	辟	pʰek5	pik1	開闢，精闢		1
9928	霹	霹	pʰek5	pik1			1
9929	癖	癖	pʰek5	pik1			2
9930	噼	噼	pʰek5	pik1	象聲詞，噼啪		2
9931	鷿	䴙	pʰek5	pik1			3
9932	澼	澼	pʰek5	pik1			3
9933	甓	甓	pʰek5	pik1			3
9934	揊	揊	pʰek5	pik1	擊聲		4
9935	擗	擗	pʰek5	pik1			4
9936	釽	釽	pʰek5	pik1			4
9937	鸊	䴙	pʰek5	pik1			4
9938	偏	偏	pʰin55	pin1			1
9939	扁	扁	pʰin55	pin1	扁舟；扁桃樹/果，又作偏字		1
9940	篇	篇	pʰin55	pin1	篇章，詩篇		1
9941	編	编	pʰin55	pin1	編寫，郵編		1
9942	翩	翩	pʰin55	pin1			1
9943	蝙	蝙	pʰin55	pin1			1
9944	煸	煸	pʰin55	pin1			2
9945	蹁	蹁	pʰin55	pin1	蹁躚		2
9946	犏	犏	pʰin55	pin1			2
9947	揙	揙	pʰin55	pin1			5
9948	甂	甂	pʰin55	pin1	小盆		5
9949	片	片	pʰin33	pin3	一片，藥片		1
9950	遍	遍	pʰin33	pin3	一遍，遍地		1
9951	騙	骗	pʰin33	pin3	騙馬；欺騙		1
9952	便	便	pʰin21	pin4	便宜，大腹便便		1
9953	駢	骈	pʰin21	pin4			2
9954	胼	胼	pʰin21	pin4			2
9955	褊	褊	pʰin21	pin4	褊褼		2
9956	諞	谝	pʰin21	pin4	巧言		2
9957	蹁	蹁	pʰin21	pin4	足不正		2
9958	楩	楩	pʰin21	pin4			3
9959	㛹	㛹	pʰin21	pin4			3
9960	𡎚	𡎚	pʰin21	pin4			3
9961	緶	缏	pʰin21	pin4	用針縫		4
9962	跰	跰	pʰin21	pin4			4
9963	骿	骿	pʰin21	pin4			5
9964	諞	谝	pʰin24	pin5	誇耀		2
9965	拼	拼	pʰeŋ55	ping1		(又)	1
9966	砰	砰	pʰeŋ55	ping1			1
9967	抨	抨	pʰeŋ55	ping1	抨擊，抨彈		2
9968	娉	娉	pʰeŋ55	ping1	娉婷		2
9969	怦	怦	pʰeŋ55	ping1			2
9970	俜	俜	pʰeŋ55	ping1			3
9971	涄	涄	pʰeŋ55	ping1			3
9972	淜	淜	pʰeŋ55	ping1	淜滂		3
9973	伻	伻	pʰeŋ55	ping1			4
9974	匉	匉	pʰeŋ55	ping1			4
9975	甹	甹	pʰeŋ55	ping1			5
9976	砯	砯	pʰeŋ55	ping1			5
9977	閛	閛	pʰeŋ55	ping1			5
9978	拼	拼	pʰeŋ33	ping3	拼湊，拼合；拼命，打拼		1
9979	聘	聘	pʰeŋ33	ping3			1
9980	姘	姘	pʰeŋ33	ping3	姘頭，讀同拼		2
9981	娉	娉	pʰeŋ33	ping3	同聘字，定婚		2
9982	坪	坪	pʰeŋ21	ping4			1
9983	屏	屏	pʰeŋ21	ping4	屏風		1
9984	平	平	pʰeŋ21	ping4	和平，平坦		1
9985	瓶	瓶	pʰeŋ21	ping4			1
9986	蘋	苹	pʰeŋ21	ping4	蘋果		1
9987	萍	萍	pʰeŋ21	ping4			1
9988	評	评	pʰeŋ21	ping4			1
9989	枰	枰	pʰeŋ21	ping4			2
9990	鮃	鲆	pʰeŋ21	ping4			2
9991	帡	帡	pʰeŋ21	ping4			3
9992	泙	泙	pʰeŋ21	ping4	水名		3
9993	洴	洴	pʰeŋ21	ping4			3
9994	玶	玶	pʰeŋ21	ping4			3
9995	荓	荓	pʰeŋ21	ping4			3
9996	蚲	蚲	pʰeŋ21	ping4			3
9997	呯	呯	pʰeŋ21	ping4	象聲詞		4
9998	缾	缾	pʰeŋ21	ping4			5
9999	苹	苹	pʰeŋ21	ping4	同萍字；藾蕭		5
10000	蓱	蓱	pʰeŋ21	ping4			5
10001	鉼	鉼	pʰeŋ21	ping4	古地名		5
10002	撇	撇	pʰit3	pit3	撇捺；撇開		1
10003	瞥	瞥	pʰit3	pit3			2
10004	氕	氕	pʰit3	pit3			3
10005	䥕	𬭯	pʰit3	pit3			3
10006	嫳	嫳	pʰit3	pit3			4
10007	𢳂	𢳂	pʰit3	pit3	牽也		4
10008	漂	漂	pʰiu55	piu1	漂浮		1
10009	飄	飘	pʰiu55	piu1			1
10010	嘌	嘌	pʰiu55	piu1	疾速		2
10011	摽	摽	pʰiu55	piu1	擊		2
10012	縹	缥	pʰiu55	piu1	縹緲		2
10013	螵	螵	pʰiu55	piu1			2
10014	瞟	瞟	pʰiu35	piu2			2
10015	縹	缥	pʰiu35	piu2	青白色；青白色絹		2
10016	漂	漂	pʰiu33	piu3	漂白；漂亮		1
10017	票	票	pʰiu33	piu3	車票		1
10018	驃	骠	pʰiu33	piu3	驃勇		2
10019	鰾	鳔	pʰiu33	piu3	魚鰾（口語稱魚泡[pɔk5]），讀同票		2
10020	嘌	嘌	pʰiu33	piu3	嘌呤		2
10021	朴	朴	pʰiu21	piu4	姓		1
10022	瓢	瓢	pʰiu21	piu4	水瓢，瓢潑		1
10023	剽	剽	pʰiu21	piu4			2
10024	嫖	嫖	pʰiu21	piu4	嫖賭，招嫖；～騇，嫖妓；案，嫖字分音作皮條		2
10025	薸	薸	pʰiu21	piu4	浮萍		3
10026	摽	摽	pʰiu24	piu5	落下；緊捆綁		2
10027	殍	殍	pʰiu24	piu5			2
10028	莩	莩	pʰiu24	piu5	同殍字		2
10029	慓	慓	pʰiu24	piu5			4
10030	坡	坡	pʰɔ55	po1			1
10031	棵	棵	pʰɔ55	po1	量詞，本字科，俗字樖	(語)	1
10032	科	科	pʰɔ55	po1	量詞，用於植物，後作棵	(白)	1
10033	頗	颇	pʰɔ55	po1	偏頗	(又)	1
10034	陂	陂	pʰɔ55	po1	陂陀		2
10035	樖	樖	pʰɔ55	po1	俗字，棵、株，本字科	(量)	5
10036	頗	颇	pʰɔ35	po2	頗有，頗爲；偏頗		1
10037	叵	叵	pʰɔ35	po2	不可的合音，叵測，叵耐		2
10038	笸	笸	pʰɔ35	po2	笸籮（口語稱㬍籮）		2
10039	鉕	钷	pʰɔ35	po2			3
10040	破	破	pʰɔ33	po3			1
10041	簸	簸	pʰɔ33	po3	動詞	(又)	1
10042	婆	婆	pʰɔ21	po4	婆婆[pʰɔ35]（外祖母），老婆（妻子）		1
10043	繁	繁	pʰɔ21	po4	姓		1
10044	菩	菩	pʰɔ21	po4	菩薩，菩提	(習)	1
10045	鄱	鄱	pʰɔ21	po4			2
10046	皤	皤	pʰɔ21	po4			2
10047	朴	朴	pʰɔk3	pok3	木皮；朴刀；〈語〉布～，袼褙（用碎布拼成的鞋底原料），打布～，打袼褙（用碎布料製鞋底）		1
10048	帛	帛	pʰɔk3	pok3	俗讀，讀同朴	(常)	2
10049	粕	粕	pʰɔk3	pok3		(文)	2
10050	釙	钋	pʰɔk3	pok3			2
10051	烞	烞	pʰɔk3	pok3			5
10052	猼	猼	pʰɔk3	pok3	同蒪字		5
10053	蒪	蒪	pʰɔk3	pok3	蒪苴		5
10054	膀	膀	pʰɔŋ55	pong1	膀腫		1
10055	胮	胮	pʰɔŋ55	pong1	腫		4
10056	𩐨	𩐨	pʰɔŋ55	pong1	鼓聲		4
10057	胖	胖	pʰɔŋ33	pong3	肥胖，本字肨	(又)	1
10058	肨	肨	pʰɔŋ33	pong3	腫脹		4
10059	傍	傍	pʰɔŋ21	pong4	傍晚；〈又〉依傍		1
10060	龐	庞	pʰɔŋ21	pong4		(文)	1
10061	房	房	pʰɔŋ21	pong4	阿房宮		1
10062	旁	旁	pʰɔŋ21	pong4	旁邊，兩旁		1
10063	磅	磅	pʰɔŋ21	pong4	磅礡		1
10064	膀	膀	pʰɔŋ21	pong4	膀胱		1
10065	螃	螃	pʰɔŋ21	pong4		(文)	1
10066	彷	彷	pʰɔŋ21	pong4	彷徨		2
10067	滂	滂	pʰɔŋ21	pong4	滂沱		2
10068	蒡	蒡	pʰɔŋ21	pong4	隱荵		2
10069	逄	逄	pʰɔŋ21	pong4			2
10070	雱	雱	pʰɔŋ21	pong4			2
10071	鰟	鳑	pʰɔŋ21	pong4	鰟鮍		3
10072	徬	徬	pʰɔŋ21	pong4			4
10073	𩐨	𩐨	pʰɔŋ21	pong4		(又)	4
10074	篣	篣	pʰɔŋ21	pong4			5
10075	棒	棒	pʰɔŋ24	pong5		(又)	1
10076	蚌	蚌	pʰɔŋ24	pong5	蚌殼，河蚌，蚌埠市		1
10077	耪	耪	pʰɔŋ24	pong5			2
10078	棓	棓	pʰɔŋ24	pong5		(又)	3
10079	稖	稖	pʰɔŋ24	pong5		(又)	4
10080	鋪	铺	pʰu55	pu1	鋪設		1
10081	潽	潽	pʰu55	pu1	俗字，液體沸騰溢出，本字𩱚		3
10082	舖	铺	pʰu55	pu1	同鋪字		5
10083	哺	哺	pʰu35	pu2	哺育，反哺，讀同甫		1
10084	圃	圃	pʰu35	pu2			1
10085	捕	捕	pʰu35	pu2	逮捕，捕捉，讀同甫		1
10086	普	普	pʰu35	pu2			1
10087	浦	浦	pʰu35	pu2			1
10088	甫	甫	pʰu35	pu2	杜甫，台甫，驚魂甫定		1
10089	脯	脯	pʰu35	pu2	果脯		1
10090	譜	谱	pʰu35	pu2			1
10091	輔	辅	pʰu35	pu2	輔助，輔導，讀同甫		1
10092	埔	埔	pʰu35	pu2	柬埔寨		2
10093	溥	溥	pʰu35	pu2			2
10094	氆	氆	pʰu35	pu2			2
10095	黼	黼	pʰu35	pu2			2
10096	潽	潽	pʰu35	pu2	水名		3
10097	鐠	镨	pʰu35	pu2			3
10098	鋪	铺	pʰu33	pu3	店鋪		1
10099	舖	铺	pʰu33	pu3	同鋪字		5
10100	浮	浮	pʰu21	pu4	浮頭，浮薸	(白)	1
10101	脯	脯	pʰu21	pu4	胸脯，源自䔕		1
10102	菩	菩	pʰu21	pu4		(書)	1
10103	葡	葡	pʰu21	pu4			1
10104	蒲	蒲	pʰu21	pu4	菖蒲，蒲公英		1
10105	袍	袍	pʰu21	pu4			1
10106	匍	匍	pʰu21	pu4	匍匐		2
10107	瓠	瓠	pʰu21	pu4	瓠瓜，同蒲瓜，蒲實爲浮	(訓)	2
10108	莆	莆	pʰu21	pu4	莆田；姓		2
10109	蒱	蒱	pʰu21	pu4			3
10110	酺	酺	pʰu21	pu4			3
10111	袌	袌	pʰu21	pu4	同袍字		5
10112	䔕	䔕	pʰu21	pu4			5
10113	婦	妇	pʰu24	pu5	新～，兒媳婦，也有後字逆同化讀心～，俗作心抱	(白)	1
10114	抱	抱	pʰu24	pu5	擁抱，抱怨		1
10115	泡	泡	pʰu24	pu5	泡沫，肥皂泡，水泡（指泡沫）		1
10116	袌	袌	pʰu24	pu5	同抱字		5
10117	胚	胚	pʰui55	pui1	胚胎		1
10118	坯	坯	pʰui55	pui1	土坯		1
10119	醅	醅	pʰui55	pui1			2
10120	垺	垺	pʰui55	pui1	製陶模型；大		3
10121	衃	衃	pʰui55	pui1	瘀血		3
10122	㾦	㾦	pʰui55	pui1	㾦㿔		4
10123	坏	坏	pʰui55	pui1	同坯字		5
10124	佩	佩	pʰui33	pui3	佩服，玉佩		1
10125	沛	沛	pʰui33	pui3			1
10126	配	配	pʰui33	pui3			1
10127	旆	旆	pʰui33	pui3			2
10128	霈	霈	pʰui33	pui3			2
10129	琲	琲	pʰui33	pui3			3
10130	茇	茇	pʰui33	pui3	白色的凌霄花		4
10131	㾦	㾦	pʰui33	pui3	痂也		4
10132	珮	珮	pʰui33	pui3	同佩字，玉珮		5
10133	培	培	pʰui21	pui4	培養，培植		1
10134	徘	徘	pʰui21	pui4			1
10135	賠	赔	pʰui21	pui4			1
10136	陪	陪	pʰui21	pui4			1
10137	裴	裴	pʰui21	pui4			2
10138	錇	锫	pʰui21	pui4	化學元素		3
10139	毰	毰	pʰui21	pui4	毰毸		4
10140	倍	倍	pʰui24	pui5			1
10141	蓓	蓓	pʰui24	pui5			2
10142	碚	碚	pʰui24	pui5			2
10143	棓	棓	pʰui24	pui5	五棓子		3
10144	仆	仆	pʰʊk5	puk1	仆倒，前仆後繼；趴，～住睡；～～趢[lʊk5]趢[lʊk5]，踉踉蹌蹌		1
10145	僕	仆	pʰʊk5	puk1	讀同仆	(又)	1
10146	卜	卜	pʰʊk5	puk1	占卜，卜卦		1
10147	撲	扑	pʰʊk5	puk1	撲滅，反撲		1
10148	樸	朴	pʰʊk5	puk1	樸素，純樸		1
10149	噗	噗	pʰʊk5	puk1			2
10150	璞	璞	pʰʊk5	puk1			2
10151	墣	墣	pʰʊk5	puk1			3
10152	醭	醭	pʰʊk5	puk1	醋生白醭		3
10153	扑	扑	pʰʊk5	puk1			5
10154	瞨	瞨	pʰʊk5	puk1			5
10155	僕	仆	pʰʊk2	puk6	僕人，奴僕		1
10156	潘	潘	pʰun55	pun1	姓		1
10157	番	番	pʰun55	pun1	番禺		1
10158	判	判	pʰun33	pun3			1
10159	叛	叛	pʰun33	pun3	背叛，叛徒		1
10160	拌	拌	pʰun33	pun3	捨棄，後作拚/判		1
10161	拚	拚	pʰun33	pun3	拚命，拚死，源自拌；～爛，耍賴、拼命		1
10162	泮	泮	pʰun33	pun3	泮宮，入泮		2
10163	盆	盆	pʰun21	pun4			1
10164	盤	盘	pʰun21	pun4			1
10165	胖	胖	pʰun21	pun4	心廣體胖		1
10166	般	般	pʰun21	pun4	般樂		1
10167	磐	磐	pʰun21	pun4			2
10168	蹣	蹒	pʰun21	pun4	蹣跚		2
10169	柈	柈	pʰun21	pun4	同槃/盤字		2
10170	蟠	蟠	pʰun21	pun4			2
10171	槃	槃	pʰun21	pun4			3
10172	湓	湓	pʰun21	pun4	水涌；水名		3
10173	磻	磻	pʰun21	pun4	磻溪		3
10174	伴	伴	pʰun24	pun5	作伴，有伴	(白)	1
10175	胖	胖	pʰun24	pun5	肥胖		1
10176	蓬	蓬	pʰʊŋ55	pung1	蓬鬆；～頭～腦，披頭散髮，又作髼/鬔字；白～～，雪白	(白)	1
10177	逢	逢	pʰʊŋ55	pung1	撲，狗～人，與撲對轉，已罕用	(白)	1
10178	塳	塳	pʰʊŋ55	pung1	灰塵大	(白)	4
10179	髼	髼	pʰʊŋ55	pung1	髼鬆；～頭～腦，披頭散髮，又作蓬字	(白)	5
10180	捧	捧	pʰʊŋ35	pung2	捧場，吹捧；～脬，巴結、拍馬屁		1
10181	碰	碰	pʰʊŋ33	pung3			1
10182	椪	椪	pʰʊŋ33	pung3			2
10183	踫	踫	pʰʊŋ33	pung3	同碰字		5
10184	篷	篷	pʰʊŋ21	pung4			1
10185	蓬	蓬	pʰʊŋ21	pung4	蓬勃，蓬鬆；～腫，腫脹		1
10186	逢	逢	pʰʊŋ21	pung4	鼓聲；姓		1
10187	芃	芃	pʰʊŋ21	pung4			3
10188	韸	韸	pʰʊŋ21	pung4	鼓聲		4
10189	塳	塳	pʰʊŋ21	pung4	塵也		4
10190	髼	髼	pʰʊŋ21	pung4	髮亂		5
10191	撥	拨	pʰut3	put3	搧，～扇，搧扇子	(白)	1
10192	潑	泼	pʰut3	put3	潑水，打潑，活潑		1
10193	鏺	䥽	pʰut3	put3			2
10194	醱	酦	pʰut3	put3	再釀酒		3
10195	沙	沙	ʃa55	saa1	泥沙，沙漠；～牛，黃牛；〈語〉～州，好打扮、愛露臉，疑本字挲鬏		1
10196	砂	砂	ʃa55	saa1	砂糖，朱砂；同沙字		1
10197	紗	纱	ʃa55	saa1	紗布，棉紗		1
10198	鯊	鲨	ʃa55	saa1			1
10199	莎	莎	ʃa55	saa1	莎士比亞		2
10200	裟	裟	ʃa55	saa1			2
10201	挲	挲	ʃa55	saa1	挓挲；摩挲（按着移動）		2
10202	痧	痧	ʃa55	saa1	刮痧，發痧		2
10203	唦	唦	ʃa55	saa1	象聲詞；語氣詞		4
10204	㸺	㸺	ʃa55	saa1	母牛		4
10205	廈	厦	ʃa35	saa2	旁屋；地名，四廈嶺		1
10206	啥	啥	ʃa35	saa2	晚起字，什麼		1
10207	耍	耍	ʃa35	saa2	戲耍，耍把戲；〈語〉玩，去～，去玩，講～笑，開玩笑		1
10208	嗄	嗄	ʃa33	saa3	聲音嘶啞		2
10209	唦	唦	ʃa21	saa4	～～滾，馬虎、亂哄哄；～哩[li55]躘[lʊŋ22]蹱[tʃʰʊŋ33]，莽撞	(語)	4
10210	甩	甩	ʃai35	saai2	甩手、扔，本字摋		1
10211	摋	𢫬	ʃai35	saai2	抖擻		4
10212	𧜁	𧜁	ʃai35	saai2	襰𧜁，衣破貌		5
10213	曬	晒	ʃai33	saai3	曬乾，暴曬，曬臺（陽臺）		1
10214	殺	杀	ʃai33	saai3	減削也；衰也		1
10215	晒	晒	ʃai33	saai3	同曬字		5
10216	煞	煞	ʃai24	saai5	白～～，蒼白	(語)	1
10217	舐	舐	ʃai24	saai5	舐犢		2
10218	索	索	ʃak3	saak3	量詞，邊、塊、片，兩～，兩片，～角，邊角，肋～骨，肋骨，索字古有量詞義，俗字𤖴/析/𢱢	(白)	1
10219	槭	槭	ʃak3	saak3	葉落貌		2
10220	溹	溹	ʃak3	saak3	溹溹		3
10221	洓	洓	ʃak3	saak3			3
10222	愬	愬	ʃak3	saak3	驚懼貌		4
10223	摵	摵	ʃak3	saak3	捎；同槭字；〈語〉～飯，指菜開胃、下飯		4
10224	粣	粣	ʃak3	saak3	糝也		5
10225	衫	衫	ʃam55	saam1			1
10226	摻	掺	ʃam55	saam1	摻摻		1
10227	芟	芟	ʃam55	saam1			2
10228	穇	䅟	ʃam55	saam1	稴穇		3
10229	釤	钐	ʃam55	saam1	金屬元素，符號Sm；姓		3
10230	釤	钐	ʃam33	saam3	釤鐮，釤草		3
10231	刪	删	ʃan55	saan1			1
10232	山	山	ʃan55	saan1			1
10233	拴	拴	ʃan55	saan1	拴住		1
10234	柵	栅	ʃan55	saan1	柵極		1
10235	栓	栓	ʃan55	saan1	消防栓，栓劑		1
10236	珊	珊	ʃan55	saan1			1
10237	姍	姗	ʃan55	saan1			2
10238	潸	潸	ʃan55	saan1			2
10239	羶	膻	ʃan55	saan1		(又)	2
10240	舢	舢	ʃan55	saan1	舢舨，舢板		2
10241	訕	讪	ʃan55	saan1	～嗽[ʃɐu33]，髒話，已罕用	(語)	2
10242	跚	跚	ʃan55	saan1			2
10243	閂	闩	ʃan55	saan1	門閂，閂門		2
10244	膻	膻	ʃan55	saan1		(又)	4
10245	涮	涮	ʃan33	saan3	涮洗，涮羊肉		1
10246	汕	汕	ʃan33	saan3			2
10247	疝	疝	ʃan33	saan3	疝氣		2
10248	訕	讪	ʃan33	saan3	訕笑，搭訕		2
10249	赸	赸	ʃan33	saan3			4
10250	孱	孱	ʃan21	saan4	孱弱		2
10251	潺	潺	ʃan21	saan4			2
10252	漦	漦	ʃan21	saan4	唾液	(白)	3
10253	僝	僝	ʃan21	saan4	僝僽		4
10254	牲	牲	ʃaŋ55	saang1			1
10255	生	生	ʃaŋ55	saang1	生活，學生；～成，本就、本來		1
10256	甥	甥	ʃaŋ55	saang1	外甥（姐妹之子；外孫），外甥女（姐妹之女；外孫女）		1
10257	笙	笙	ʃaŋ55	saang1			1
10258	胜	胜	ʃaŋ55	saang1	餼肉；肽的舊稱		4
10259	省	省	ʃaŋ35	saang2	節省，省份		1
10260	眚	眚	ʃaŋ35	saang2			3
10261	㨘	㨘	ʃaŋ35	saang2	俗字，擦拭，疑本字鋥；訓斥、搶白；打		4
10262	鋥	锃	ʃaŋ33	saang3	黃～～，黃澄澄、黃燦燦	(又)	2
10263	霎	霎	ʃap3	saap3	俗字，～氣，傷腦筋、傷氣，本字霅，散也	(語)	1
10264	霅	霅	ʃap3	saap3	散也；～氣，傷腦筋、傷氣，俗字霎		3
10265	渫	渫	ʃap2	saap6	水名	(文)	2
10266	煠	煠	ʃap2	saap6		(文)	4
10267	刷	刷	ʃat3	saat3	刷白		1
10268	殺	杀	ʃat3	saat3	殺敵，謀殺		1
10269	煞	煞	ʃat3	saat3	惡煞，煞尾，煞費苦心		1
10270	刹	刹	ʃat3	saat3	刹車，刹那，古刹		1
10271	鎩	铩	ʃat3	saat3			2
10272	脎	脎	ʃat3	saat3			3
10273	剎	刹	ʃat3	saat3	同刹字		4
10274	摋	𢫬	ʃat3	saat3	雜糅		4
10275	䶡	䶡	ʃat2	saat6	咬物聲		4
10276	捎	捎	ʃau55	saau1	捎帶，捎信		1
10277	梢	梢	ʃau55	saau1	樹梢，眉梢		1
10278	稍	稍	ʃau55	saau1	稍後，稍微（口語用稍爲）		1
10279	鞘	鞘	ʃau55	saau1	鞭鞘		2
10280	筲	筲	ʃau55	saau1	筲箕，斗筲		2
10281	艄	艄	ʃau55	saau1			2
10282	蛸	蛸	ʃau55	saau1	蠨蛸		2
10283	稍	稍	ʃau35	saau2		(又)	1
10284	哨	哨	ʃau33	saau3	哨兵，放哨，口哨；牙～～，齙牙貌		1
10285	潲	潲	ʃau33	saau3		(文)	2
10286	睄	睄	ʃau33	saau3	小視		2
10287	篩	筛	ʃɐi55	sai1	篩子，篩選		1
10288	簁	簁	ʃɐi55	sai1			5
10289	使	使	ʃɐi35	sai2	使用，好使；出使，使者	(習)	1
10290	史	史	ʃɐi35	sai2	歷史	(習)	1
10291	駛	驶	ʃɐi35	sai2			1
10292	世	世	ʃɐi33	sai3			1
10293	勢	势	ʃɐi33	sai3	勢力，形勢；手～，手藝、技藝；得～，（形容詞後）得很，奇怪得～，奇怪得很		1
10294	貰	贳	ʃɐi33	sai3			2
10295	柿	柿	ʃɐi22	sai6	柿子，柿餅；少部分老派有讀[tʃʰi21/tsʰɿ21]音		1
10296	誓	誓	ʃɐi22	sai6			1
10297	逝	逝	ʃɐi22	sai6			1
10298	噬	噬	ʃɐi22	sai6	吞噬，反噬		2
10299	筮	筮	ʃɐi22	sai6			2
10300	澨	澨	ʃɐi22	sai6			4
10301	參	参	ʃɐm55	sam1	人參		1
10302	森	森	ʃɐm55	sam1			1
10303	深	深	ʃɐm55	sam1			1
10304	琛	琛	ʃɐm55	sam1			2
10305	郴	郴	ʃɐm55	sam1			2
10306	棽	棽	ʃɐm55	sam1		(又)	3
10307	綝	𬘭	ʃɐm55	sam1			3
10308	鰺	鲹	ʃɐm55	sam1			3
10309	蔘	蔘	ʃɐm55	sam1			5
10310	嬸	婶	ʃɐm35	sam2			1
10311	審	审	ʃɐm35	sam2			1
10312	沈	沈	ʃɐm35	sam2	姓		1
10313	瀋	沈	ʃɐm35	sam2	瀋陽市		1
10314	諗	谂	ʃɐm35	sam2	諗知，諗悉		2
10315	瞫	瞫	ʃɐm35	sam2	竊視		3
10316	淰	淰	ʃɐm35	sam2	魚駭貌		5
10317	讅	谉	ʃɐm35	sam2			5
10318	邥	邥	ʃɐm35	sam2			5
10319	沁	沁	ʃɐm33	sam3	沁人心脾		1
10320	滲	渗	ʃɐm33	sam3		(文)	1
10321	瘮	瘆	ʃɐm33	sam3			2
10322	瞫	瞫	ʃɐm33	sam3	偷看；細看；東張西望	(白)	3
10323	罧	罧	ʃɐm33	sam3	積柴水中以取魚		4
10324	忱	忱	ʃɐm21	sam4			1
10325	諶	谌	ʃɐm21	sam4	信也；誠也；姓		2
10326	煁	煁	ʃɐm21	sam4			3
10327	什	什	ʃɐm22	sam6	什麼，同甚麼		1
10328	甚	甚	ʃɐm22	sam6	甚至；甚麼，是（何）物的合音		1
10329	葚	葚	ʃɐm22	sam6	桑葚		2
10330	椹	椹	ʃɐm22	sam6	同葚字		3
10331	黮	黮	ʃɐm22	sam6	通葚字		4
10332	伸	伸	ʃɐn55	san1	延伸，伸展		1
10333	呻	呻	ʃɐn55	san1	呻吟		1
10334	申	申	ʃɐn55	san1			1
10335	神	神	ʃɐn55	san1	神荼		1
10336	紳	绅	ʃɐn55	san1			1
10337	身	身	ʃɐn55	san1	全身，身體		1
10338	砷	砷	ʃɐn55	san1			2
10339	珅	珅	ʃɐn55	san1			3
10340	辰	辰	ʃɐn35	san2	馬～蓆，產自印尼的藤蓆	(又)	1
10341	呻	呻	ʃɐn33	san3	訴苦，～窮，哭窮，～笨，懊悔	(語)	1
10342	瞬	瞬	ʃɐn33	san3	瞬間，轉瞬		1
10343	脣	唇	ʃɐn21	san4	口脣，脣齒		1
10344	晨	晨	ʃɐn21	san4			1
10345	殉	殉	ʃɐn21	san4	殉葬，殉職		1
10346	淳	淳	ʃɐn21	san4			1
10347	神	神	ʃɐn21	san4	精神，神聖		1
10348	純	纯	ʃɐn21	san4	純粹，單純		1
10349	辰	辰	ʃɐn21	san4	星辰，時辰		1
10350	醇	醇	ʃɐn21	san4	醇香，醇厚		1
10351	馴	驯	ʃɐn21	san4	馴養，馴服		1
10352	娠	娠	ʃɐn21	san4	妊娠，讀同辰		2
10353	徇	徇	ʃɐn21	san4			2
10354	宸	宸	ʃɐn21	san4			2
10355	蓴	莼	ʃɐn21	san4	蓴菜		2
10356	錞	𬭚	ʃɐn21	san4	錞于，古樂器		3
10357	鉮	𬬹	ʃɐn21	san4			3
10358	蒓	莼	ʃɐn21	san4	蒓菜		4
10359	侚	侚	ʃɐn21	san4			5
10360	唇	唇	ʃɐn21	san4	同脣字		5
10361	腎	肾	ʃɐn24	san5			1
10362	肫	肫	ʃɐn24	san5	訓讀腎	(訓)	2
10363	蜃	蜃	ʃɐn24	san5			2
10364	脤	脤	ʃɐn24	san5	生肉；（芋頭等薯類）脆而不麪、不粉；（人）不機靈，～崽		4
10365	慎	慎	ʃɐn22	san6			1
10366	順	顺	ʃɐn22	san6			1
10367	舜	舜	ʃɐn22	san6	堯舜		2
10368	胂	胂	ʃɐn22	san6	有機化合物		2
10369	昚	昚	ʃɐn22	san6			4
10370	澀	涩	ʃɐp5	sap1	羞澀，晦澀，苦澀（形容心情）		1
10371	溼	湿	ʃɐp5	sap1	潮溼，溼潤		1
10372	濕	湿	ʃɐp5	sap1	同溼字		4
10373	譅	䜧	ʃɐp5	sap1			5
10374	鈒	钑	ʃɐp5	sap1	戟		5
10375	什	什	ʃɐp2	sap6	什錦，什物		1
10376	十	十	ʃɐp2	sap6	十足，第十；弱讀爲[a22]，二十、三十、四十分別記作廿、卅、卌；案，十一，有連讀音變[sɐp2jɐt5]➔[sɐʔ22jɐt5]➔[sɐʔ22ɐt5]		1
10377	拾	拾	ʃɐp2	sap6	拾取		1
10378	辻	辻	ʃɐp2	sap6	日本漢字，讀同十		4
10379	失	失	ʃɐt5	sat1	失去，丟失；忔[ŋɐt5]～，吝嗇		1
10380	室	室	ʃɐt5	sat1			1
10381	蝨	虱	ʃɐt5	sat1	蝨子（口語稱蝨乸），跳蝨（跳蚤）		2
10382	鯴	鲺	ʃɐt5	sat1			3
10383	虱	虱	ʃɐt5	sat1	同蝨字		5
10384	實	实	ʃɐt2	sat6	真實，老實；白～～，慘白		1
10385	術	术	ʃɐt2	sat6	技術，術語		1
10386	述	述	ʃɐt2	sat6			1
10387	沭	沭	ʃɐt2	sat6			2
10388	秫	秫	ʃɐt2	sat6			2
10389	鉥	𬬸	ʃɐt2	sat6			3
10390	收	收	ʃɐu55	sau1	豐收，收入；～尾[mi55]，後來，也逆同化爲收[ʃɐm55]尾[mi55]		1
10391	嗖	嗖	ʃɐu55	sau1	象聲詞		2
10392	溲	溲	ʃɐu55	sau1			2
10393	廋	廋	ʃɐu55	sau1			3
10394	守	守	ʃɐu35	sau2	守衛；太守，古讀去聲		1
10395	手	手	ʃɐu35	sau2	上肢；豬手（豬前腿）；量詞，一手		1
10396	首	首	ʃɐu35	sau2	首先；自首		1
10397	艏	艏	ʃɐu35	sau2			3
10398	獸	兽	ʃɐu33	sau3			1
10399	嗽	嗽	ʃɐu33	sau3	訕[ʃan55]～，髒話，已罕用	(語)	1
10400	瘦	瘦	ʃɐu33	sau3			1
10401	狩	狩	ʃɐu33	sau3			2
10402	受	受	ʃɐu22	sau6			1
10403	售	售	ʃɐu22	sau6			1
10404	壽	寿	ʃɐu22	sau6			1
10405	授	授	ʃɐu22	sau6			1
10406	綬	绶	ʃɐu22	sau6			2
10407	奢	奢	ʃɛ55	se1	奢侈		1
10408	賒	赊	ʃɛ55	se1			2
10409	畲	畲	ʃɛ55	se1	畲族		2
10410	畬	畬	ʃɛ55	se1	燒草耕田；畬族，今作畲；姓		3
10411	捨	舍	ʃɛ35	se2	捨棄，捨得		1
10412	舍	舍	ʃɛ35	se2	同捨字		1
10413	舍	舍	ʃɛ33	se3	宿舍，校舍，隔籬鄰舍		1
10414	赦	赦	ʃɛ33	se3			1
10415	厙	厍	ʃɛ33	se3			2
10416	猞	猞	ʃɛ33	se3			2
10417	騇	騇	ʃɛ33	se3	母馬；嫖～，嫖妓		4
10418	蛇	蛇	ʃɛ21	se4	毒蛇，蛇行；〈語〉形容詞，懶		1
10419	佘	佘	ʃɛ21	se4	姓		2
10420	闍	阇	ʃɛ21	se4	闍黎		2
10421	虵	虵	ʃɛ21	se4	同蛇字		4
10422	社	社	ʃɛ24	se5			1
10423	舍	舍	ʃɛ24	se5	宿舍，隔籬鄰舍	(又)	1
10424	射	射	ʃɛ22	se6	射箭		1
10425	麝	麝	ʃɛ22	se6	麝香		2
10426	石	石	ʃɛk2	sek6	石頭，岩石；十斗，不從官話之訓讀擔去聲		1
10427	碩	硕	ʃɛk2	sek6			1
10428	炻	炻	ʃɛk2	sek6			2
10429	祏	祏	ʃɛk2	sek6			3
10430	鼫	鼫	ʃɛk2	sek6			3
10431	挻	挻	ʃɛn55	sen1	掀	(白)	4
10432	聲	声	ʃɛŋ55	seng1	聲音，笑聲		1
10433	城	城	ʃɛŋ21	seng4	出城，入城，省城（省會）	(白)	1
10434	成	成	ʃɛŋ21	seng4	～日，成天，冇～，不成，～班人，一班人	(白)	1
10435	渫	渫	ʃɛp2	sep6	同煠字，用水熬煮	(白)	2
10436	煠	煠	ʃɛp2	sep6	用水熬煮，又作渫字	(白)	4
10437	失	失	ʃɛt5	set1	忔[ŋɛt5]～，吝嗇	(白)	1
10438	實	实	ʃɛt2	set6	白～～，慘白	(白)	1
10439	哨	哨	ʃɛu33	seu3	～牙，齙牙	(白)	1
10440	潲	潲	ʃɛu33	seu3	豬潲；潲雨	(白)	2
10441	絲	丝	ʃi55	si1	蛛絲，絲綢		1
10442	司	司	ʃi55	si1			1
10443	嘶	嘶	ʃi55	si1	嘶鳴，嘶叫，古讀先稽切		1
10444	尸	尸	ʃi55	si1	尸位素餐		1
10445	屍	尸	ʃi55	si1	屍骨，死屍		1
10446	師	师	ʃi55	si1			1
10447	思	思	ʃi55	si1	思念；意思，古讀去聲		1
10448	撕	撕	ʃi55	si1	撕開，撕破		1
10449	斯	斯	ʃi55	si1			1
10450	施	施	ʃi55	si1			1
10451	獅	狮	ʃi55	si1	獅子，舞獅		1
10452	私	私	ʃi55	si1	自私，私心，家私（家具）		1
10453	詩	诗	ʃi55	si1	唐詩，詩詞		1
10454	廝	厮	ʃi55	si1			2
10455	鷥	鸶	ʃi55	si1			2
10456	澌	澌	ʃi55	si1	盡也		2
10457	緦	缌	ʃi55	si1			2
10458	蓍	蓍	ʃi55	si1			2
10459	螄	蛳	ʃi55	si1			2
10460	鍶	锶	ʃi55	si1			2
10461	噝	咝	ʃi55	si1	象聲詞		2
10462	鶳	䴓	ʃi55	si1	鳥名；大雀名		3
10463	偲	偲	ʃi55	si1	偲偲		3
10464	凘	凘	ʃi55	si1			3
10465	楒	楒	ʃi55	si1			3
10466	溮	浉	ʃi55	si1			3
10467	虒	虒	ʃi55	si1			3
10468	邿	邿	ʃi55	si1			3
10469	釃	酾	ʃi55	si1	濾（酒）；斟（酒）		3
10470	颸	飔	ʃi55	si1			3
10471	鳲	鸤	ʃi55	si1			3
10472	鰤	𫚕	ʃi55	si1			3
10473	㟃	㟃	ʃi55	si1			3
10474	厶	厶	ʃi55	si1	私的古字；部首		4
10475	糸	糸	ʃi55	si1	同絲字		4
10476	罳	罳	ʃi55	si1			4
10477	葹	葹	ʃi55	si1			4
10478	鳾	䴓	ʃi55	si1	同鶳字		4
10479	𥯨	𥯨	ʃi55	si1			4
10480	榹	榹	ʃi55	si1			5
10481	磃	磃	ʃi55	si1	磃氏		5
10482	禗	禗	ʃi55	si1			5
10483	禠	禠	ʃi55	si1			5
10484	俬	私	ʃi55	si1	傢俬，同家私（家具）		5
10485	蜤	蜤	ʃi55	si1	蜤螽		5
10486	蟴	蟴	ʃi55	si1			5
10487	褷	褷	ʃi55	si1			5
10488	襹	襹	ʃi55	si1			5
10489	鸍	鸍	ʃi55	si1			5
10490	鼶	鼶	ʃi55	si1			5
10491	絁	𫄟	ʃi55	si1	粗綢		5
10492	使	使	ʃi35	si2	使用	(書)	1
10493	史	史	ʃi35	si2		(書)	1
10494	士	士	ʃi35	si2	的～，出租車，英語taxi；巴～，公共汽車，英語bus；煙～，撲克的A，英語ace；邊[pɛn55]～，奔馳車，德語Benz	(外)	1
10495	屎	屎	ʃi35	si2	屎尿，拉屎；菸～，菸油子；〈語〉差勁、水平低		1
10496	矢	矢	ʃi35	si2	通屎字	(古)	1
10497	豕	豕	ʃi35	si2		(又)	2
10498	使	使	ʃi33	si3	出使，使者	(書)	1
10499	嗜	嗜	ʃi33	si3			1
10500	肆	肆	ʃi33	si3	放肆		1
10501	試	试	ʃi33	si3	考試，試卷，試驗		1
10502	泗	泗	ʃi33	si3			2
10503	駟	驷	ʃi33	si3			2
10504	諡	谥	ʃi33	si3	諡號		2
10505	弑	弑	ʃi33	si3	弑君，篡弑		2
10506	弒	弑	ʃi33	si3	同弑字		4
10507	謚	谥	ʃi33	si3	同諡字		4
10508	僿	僿	ʃi33	si3			5
10509	柶	柶	ʃi33	si3			5
10510	肂	肂	ʃi33	si3			5
10511	蕼	蕼	ʃi33	si3			5
10512	匙	匙	ʃi21	si4	鎖匙，鑰匙；飯～骨，肩胛骨		1
10513	時	时	ʃi21	si4			1
10514	塒	埘	ʃi21	si4			2
10515	蒔	莳	ʃi21	si4	蒔蘿		2
10516	鰣	鲥	ʃi21	si4	鰣魚		2
10517	姼	姼	ʃi21	si4	姼母也；美女		4
10518	榯	榯	ʃi21	si4			5
10519	鼭	鼭	ʃi21	si4			5
10520	市	市	ʃi24	si5	菜市，市場	(白)	1
10521	試	试	ʃi24	si5	考試，試卷，前後字調感染	(又)	1
10522	鈰	铈	ʃi24	si5			2
10523	事	事	ʃi22	si6			1
10524	侍	侍	ʃi22	si6	服侍，侍衛		1
10525	士	士	ʃi22	si6	士兵，護士		1
10526	巳	巳	ʃi22	si6	辰巳		1
10527	市	市	ʃi22	si6	利[li22/lɐi22]～，紅包	(文)	1
10528	是	是	ʃi22	si6	是否，於是；冇～，不然，要冇～，要不然；～但，隨便		1
10529	氏	氏	ʃi22	si6	姓氏，氏族		1
10530	示	示	ʃi22	si6			1
10531	祀	祀	ʃi22	si6	祭祀		1
10532	視	视	ʃi22	si6			1
10533	仕	仕	ʃi22	si6			2
10534	俟	俟	ʃi22	si6	俟機		2
10535	峙	峙	ʃi22	si6	繁峙縣		2
10536	豉	豉	ʃi22	si6	豆豉；豉油，易受後字調類化爲陽平		2
10537	蒔	莳	ʃi22	si6	蒔秧		2
10538	媞	媞	ʃi22	si6	諦也		3
10539	涘	涘	ʃi22	si6			3
10540	諟	𬤊	ʃi22	si6			3
10541	䏡	䏡	ʃi22	si6			3
10542	昰	昰	ʃi22	si6			4
10543	𩛌	𩛌	ʃi22	si6	嗜食		4
10544	忯	忯	ʃi22	si6	恃也		5
10545	褆	褆	ʃi22	si6	衣服端正貌		5
10546	式	式	ʃek5	sik1			1
10547	拭	拭	ʃek5	sik1			1
10548	色	色	ʃek5	sik1	顏色，色澤（口語稱色水）；色子（骰子），打～，擲色子，引申爲做莊、做東		1
10549	識	识	ʃek5	sik1	知識，識別		1
10550	適	适	ʃek5	sik1			1
10551	飾	饰	ʃek5	sik1			1
10552	嗇	啬	ʃek5	sik1	吝嗇		2
10553	穡	穑	ʃek5	sik1			2
10554	螫	螫	ʃek5	sik1	蟲行毒		2
10555	軾	轼	ʃek5	sik1			2
10556	骰	骰	ʃek5	sik1	訓讀色；坊間戲稱骰子王爲骰魔（諧音色魔）	(訓)	2
10557	奭	奭	ʃek5	sik1			2
10558	銫	铯	ʃek5	sik1			2
10559	栻	栻	ʃek5	sik1			3
10560	襫	襫	ʃek5	sik1			3
10561	适	适	ʃek5	sik1	同適字		4
10562	蝕	蚀	ʃek2	sik6	腐蝕，日蝕		1
10563	食	食	ʃek2	sik6	糧食，食物		1
10564	苫	苫	ʃim55	sim1	草苫子	(名)	2
10565	閃	闪	ʃim35	sim2			1
10566	陝	陕	ʃim35	sim2	陝西		1
10567	晱	晱	ʃim35	sim2			3
10568	睒	睒	ʃim35	sim2			4
10569	苫	苫	ʃim33	sim3	遮蓋	(動)	2
10570	掞	掞	ʃim33	sim3	舒展		3
10571	單	单	ʃim21	sim4	單于		1
10572	禪	禅	ʃim21	sim4	禪宗，禪師		1
10573	蟬	蝉	ʃim21	sim4			1
10574	闡	阐	ʃim21	sim4	讀同禪	(又)	1
10575	嬋	婵	ʃim21	sim4			2
10576	蟾	蟾	ʃim21	sim4	蟾酥，蟾蜍（口語稱蠄蟝）		2
10577	贍	赡	ʃim22	sim6			1
10578	剡	剡	ʃim22	sim6	剡溪		2
10579	羶	膻	ʃin55	sin1	羶味（口語稱臊味）		2
10580	埏	埏	ʃin55	sin1	揉和		3
10581	烻	烻	ʃin55	sin1	光		3
10582	挻	挻	ʃin55	sin1	柔也；取也		4
10583	搧	搧	ʃin55	sin1	搧耳光，搧巴掌，搧人；〈又〉搧動		4
10584	膻	膻	ʃin55	sin1	同羶字，膻味（口語稱臊味）		4
10585	鱔	鳝	ʃin35	sin2	黃鱔	(又)	2
10586	扇	扇	ʃin33	sin3	扇子，風扇，一扇門		1
10587	煽	煽	ʃin33	sin3	煽動，煽風點火		1
10588	騸	骟	ʃin33	sin3	騸馬，騸狗		2
10589	釤	钐	ʃin33	sin3	俗字䥇	(又)	3
10590	搧	搧	ʃin33	sin3	搧動，搧風，搧扇子		4
10591	䥇	䦂	ʃin33	sin3			5
10592	澶	澶	ʃin21	sin4	澶淵		2
10593	儃	儃	ʃin21	sin4	儃徊		5
10594	鱔	鳝	ʃin24	sin5	鱔魚，黃鱔，白鱔		2
10595	單	单	ʃin22	sin6	姓		1
10596	善	善	ʃin22	sin6			1
10597	擅	擅	ʃin22	sin6			1
10598	禪	禅	ʃin22	sin6	禪讓，禪位，俗讀禪宗之禪		1
10599	倩	倩	ʃin22	sin6	倩影，倩裝		2
10600	繕	缮	ʃin22	sin6			2
10601	膳	膳	ʃin22	sin6	膳食，藥膳		2
10602	嬗	嬗	ʃin22	sin6			2
10603	撣	掸	ʃin22	sin6	撣族		2
10604	箐	箐	ʃin22	sin6	竹木叢生的山谷		2
10605	茜	茜	ʃin22	sin6	茜草		2
10606	鄯	鄯	ʃin22	sin6			2
10607	蟮	蟮	ʃin22	sin6	蛐蟮		2
10608	墡	墡	ʃin22	sin6			3
10609	蒨	蒨	ʃin22	sin6			3
10610	墠	𫮃	ʃin22	sin6			3
10611	綪	𬘬	ʃin22	sin6	赤繒；青赤色		3
10612	蟺	蟺	ʃin22	sin6	蟺蜎，蜿蟺		4
10613	儃	儃	ʃin22	sin6	同禪字		5
10614	饍	膳	ʃin22	sin6	同膳字		5
10615	升	升	ʃeŋ55	sing1	升級，上升，一升		1
10616	塍	塍	ʃeŋ55	sing1		(又)	2
10617	昇	昇	ʃeŋ55	sing1	畢昇；旭日東昇		3
10618	陞	陞	ʃeŋ55	sing1	姓		3
10619	聖	圣	ʃeŋ33	sing3			1
10620	勝	胜	ʃeŋ33	sing3	勝利；勝任，古讀平聲；方～，便條，通～，皇曆、曆書，避諱書/輸		1
10621	蟶	蛏	ʃeŋ33	sing3	讀同聖	(常)	2
10622	胜	胜	ʃeŋ33	sing3	同勝字		4
10623	圣	圣	ʃeŋ33	sing3	同聖字		5
10624	乘	乘	ʃeŋ21	sing4	乘坐		1
10625	城	城	ʃeŋ21	sing4	城市，城門，城區		1
10626	成	成	ʃeŋ21	sing4	完成，成功		1
10627	承	承	ʃeŋ21	sing4			1
10628	盛	盛	ʃeŋ21	sing4	盛滿		1
10629	繩	绳	ʃeŋ21	sing4			1
10630	誠	诚	ʃeŋ21	sing4			1
10631	丞	丞	ʃeŋ21	sing4			2
10632	塍	塍	ʃeŋ21	sing4	田塍		2
10633	晟	晟	ʃeŋ21	sing4			2
10634	澠	渑	ʃeŋ21	sing4	古水名		2
10635	宬	宬	ʃeŋ21	sing4			3
10636	鋮	铖	ʃeŋ21	sing4			3
10637	珹	珹	ʃeŋ21	sing4			3
10638	椉	椉	ʃeŋ21	sing4	同乘字		4
10639	郕	郕	ʃeŋ21	sing4			4
10640	𡷫	𡷫	ʃeŋ21	sing4			4
10641	乘	乘	ʃeŋ22	sing6	千乘		1
10642	剩	剩	ʃeŋ22	sing6		(文)	1
10643	盛	盛	ʃeŋ22	sing6	旺盛；姓		1
10644	嵊	嵊	ʃeŋ22	sing6			2
10645	椉	椉	ʃeŋ22	sing6	同乘字		4
10646	賸	賸	ʃeŋ22	sing6		(文)	4
10647	攝	摄	ʃip3	sip3			1
10648	涉	涉	ʃip3	sip3			1
10649	懾	慑	ʃip3	sip3			2
10650	歙	歙	ʃip3	sip3	地名，歙縣（在安徽）		2
10651	灄	滠	ʃip3	sip3			3
10652	折	折	ʃit2	sit6	折本，折抵（吃虧）		1
10653	舌	舌	ʃit2	sit6			1
10654	鞨	鞨	ʃit2	sit6	治革		2
10655	揲	揲	ʃit2	sit6	揲蓍		4
10656	燒	烧	ʃiu55	siu1	發燒，燒鵝；～～焫[nat3]焫[nat3]，指桑罵槐		1
10657	少	少	ʃiu35	siu2	多少		1
10658	少	少	ʃiu33	siu3	少年		1
10659	韶	韶	ʃiu21	siu4	韶華，韶光		2
10660	苕	苕	ʃiu21	siu4	紅苕		2
10661	玿	玿	ʃiu21	siu4			3
10662	柖	柖	ʃiu21	siu4			3
10663	召	召	ʃiu22	siu6	姓；周朝國名		1
10664	紹	绍	ʃiu22	siu6			1
10665	肇	肇	ʃiu22	siu6			1
10666	邵	邵	ʃiu22	siu6			2
10667	劭	劭	ʃiu22	siu6			2
10668	鮡	𬶐	ʃiu22	siu6		(又)	3
10669	卅	卅	ɬa55	slaa1	三十，三啊[a22]的合音，啊[a22]爲十的弱讀，口語作[ɬa55a22]		2
10670	灑	洒	ɬa35	slaa2	灑水		1
10671	洒	洒	ɬa35	slaa2	同灑字		5
10672	查	查	ɬa21	slaa4	瞢～～，模模糊糊	(又)	1
10673	灑	洒	ɬa21	slaa4	詞綴，落雨～～，雨淅瀝貌，疑本字查	(語)	1
10674	乍	乍	ɬa22	slaa6	量詞，一～雨，一陣雨	(語)	1
10675	諰	諰	ɬai55	slaai1	～譡[tɔŋ33]，奚落諷刺人		4
10676	㩄	㩄	ɬai55	slaai1	浪費，俗字嘥		4
10677	嘥	嘥	ɬai55	slaai1	俗字，浪費，本字㩄		5
10678	哂	哂	ɬai33	slaai3	同嗮字	(語)	2
10679	嗮	嗮	ɬai33	slaai3	粵字，本地表完全、全部或完成，可作全稱量詞（範圍副詞）、完成體標記（了1）、已然體標記（了2）、完結義動詞、程度副詞、結果補語和連詞，一說本字澌/攦/煞，又作哂字；表全稱、完結、程度和結果時，現在多用齊		4
10680	㩄	㩄	ɬai21	slaai4	詞綴，甜～～，很甜	(語)	4
10681	㩇	㩇	ɬak5	slaak1	～開邊[pɛn55]，剖成兩半，本字不明	(訓)	4
10682	噻	噻	ɬak2	slaak6	又音，炩[leŋ33]～～，鋥亮	(語)	2
10683	三	三	ɬam55	slaam1	三個；三思，古讀去聲；～點頭、～點、～星公，猜碼口令，數字三，猜碼時讀高降調		1
10684	叁	叁	ɬam55	slaam1			1
10685	仨	仨	ɬam55	slaam1			2
10686	毿	毵	ɬam55	slaam1			3
10687	弎	弎	ɬam55	slaam1			4
10688	糝	糁	ɬam35	slaam2		(又)	2
10689	饞	馋	ɬam21	slaam4	又音，餓～～，餓貌	(白)	1
10690	傘	伞	ɬan35	slaan2		(又)	1
10691	散	散	ɬan35	slaan2	鬆散，散彈槍；～紙/錢，零錢		1
10692	饊	馓	ɬan35	slaan2	米花糰		2
10693	糤	糤	ɬan35	slaan2	同饊字		5
10694	傘	伞	ɬan33	slaan3	傘兵，雨傘		1
10695	散	散	ɬan33	slaan3	解散，分散		1
10696	潵	潵	ɬan33	slaan3	水散也		3
10697	鏾	𫔌	ɬan33	slaan3	弩		4
10698	圾	圾	ɬap3	slaap3	垃圾，本字擸𢶍		1
10699	霎	霎	ɬap3	slaap3	霎時，霎那，霎眼（轉眼）；～黑，黃昏、傍晚		1
10700	颯	飒	ɬap3	slaap3	颯颯，颯爽		2
10701	唼	唼	ɬap3	slaap3	唼喋		2
10702	歃	歃	ɬap3	slaap3	歃血		2
10703	趿	趿	ɬap3	slaap3	進足		2
10704	靸	靸	ɬap3	slaap3	小兒履		2
10705	霅	霅	ɬap3	slaap3	雨雹下貌		3
10706	鎝	𨱏	ɬap3	slaap3	鏤		3
10707	喢	喢	ɬap3	slaap3	多言；～戇[ŋɔŋ33]，傻瓜、言行無道理		4
10708	馺	馺	ɬap3	slaap3	馬行疾		4
10709	𠿓	𠿓	ɬap3	slaap3	醜；食貌；〈語〉吸食		4
10710	𢶍	𢶍	ɬap3	slaap3	擸𢶍，又作垃圾		4
10711	𥈊	𥈊	ɬap3	slaap3	理睬，搭～，搭理		4
10712	鈒	钑	ɬap3	slaap3	鈒鏤		5
10713	撒	撒	ɬat3	slaat3	撒手，撒種		1
10714	薩	萨	ɬat3	slaat3	菩薩，拉薩；姓		1
10715	潵	潵	ɬat3	slaat3	潵河		3
10716	攃	攃	ɬat3	slaat3	象聲詞；同撒字		4
10717	躠	躠	ɬat3	slaat3	跋躠		4
10718	摋	𢫬	ɬat3	slaat3	側手擊		4
10719	躠	躠	ɬat2	slaat6	仰/坐/睡跋[pʰat2]～，仰八叉/癱坐/癱睡貌	(語)	4
10720	捎	捎	ɬau21	slaau4	揍、打，～一巴掌；很能吃，～齊，吃光；此處生母讀如邪母	(白)	1
10721	睄	睄	ɬau21	slaau4	掃視，此處生母讀如邪母	(白)	2
10722	犀	犀	ɬɐi55	slai1			1
10723	西	西	ɬɐi55	slai1			1
10724	恓	恓	ɬɐi55	slai1			2
10725	樨	樨	ɬɐi55	slai1			2
10726	硒	硒	ɬɐi55	slai1			2
10727	粞	粞	ɬɐi55	slai1			2
10728	茜	茜	ɬɐi55	slai1	用於人名		2
10729	荽	荽	ɬɐi55	slai1	芫荽	(習)	2
10730	舾	舾	ɬɐi55	slai1			3
10731	徙	徙	ɬɐi35	slai2			1
10732	洗	洗	ɬɐi35	slai2			1
10733	璽	玺	ɬɐi35	slai2	玉璽		2
10734	屣	屣	ɬɐi35	slai2	鞋；〈語〉踢、打		2
10735	葸	葸	ɬɐi35	slai2			2
10736	枲	枲	ɬɐi35	slai2			3
10737	蓰	蓰	ɬɐi35	slai2			3
10738	諰	諰	ɬɐi35	slai2	恐懼		4
10739	纚	𫄥	ɬɐi35	slai2	冠織也		4
10740	洒	洒	ɬɐi35	slai2	同洗字		5
10741	蹝	蹝	ɬɐi35	slai2	同屣字		5
10742	縰	𫄳	ɬɐi35	slai2			5
10743	躧	躧	ɬɐi35	slai2			5
10744	細	细	ɬɐi33	slai3			1
10745	壻	婿	ɬɐi33	slai3	女壻，夫壻		1
10746	婿	婿	ɬɐi33	slai3	同壻字		4
10747	摋	𢫬	ɬɐi21	slai4	揍、打	(語)	4
10748	塞	塞	ɬɐk5	slak1	塞車，堵塞		1
10749	息	息	ɬɐk5	slak1	～崽，重孫子，～女[ny35]，重孫女，上古職部，俗字塞；大約、數量少、某、任何，～百個，近百個，～日，很少幾天，～時，有時，冇有～分錢，沒有一分錢，上古職部，俗字噻	(白)	1
10750	噻	噻	ɬɐk5	slak1	噻吩，噻唑；〈語〉大約、數量少、某、任何，～百個，近百個，～日，很少幾天，～時，有時，冇有～分錢，沒有一分錢，本字息，上古職部		2
10751	揌	揌	ɬɐk5	slak1	通塞字		4
10752	噻	噻	ɬɐk2	slak6	形容詞後綴，醒～，精神	(語)	2
10753	心	心	ɬɐm55	slam1			1
10754	芯	芯	ɬɐm55	slam1			1
10755	糝	糁	ɬɐm35	slam2	撒；粉末		2
10756	伈	伈	ɬɐm35	slam2			3
10757	尋	寻	ɬɐm21	slam4	傻、呆，尋者尋常也；詞綴，盲～～，盲目亂來	(白)	1
10758	新	新	ɬɐn55	slan1			1
10759	薪	薪	ɬɐn55	slan1			1
10760	辛	辛	ɬɐn55	slan1			1
10761	鋅	锌	ɬɐn55	slan1			1
10762	莘	莘	ɬɐn55	slan1			2
10763	詵	诜	ɬɐn55	slan1			2
10764	侁	侁	ɬɐn55	slan1			3
10765	屾	屾	ɬɐn55	slan1			3
10766	燊	燊	ɬɐn55	slan1			3
10767	甡	甡	ɬɐn55	slan1			3
10768	駪	𬳽	ɬɐn55	slan1			3
10769	筍	笋	ɬɐn35	slan2			1
10770	榫	榫	ɬɐn35	slan2	榫頭，榫眼		2
10771	隼	隼	ɬɐn35	slan2	本讀	(又)	2
10772	栒	栒	ɬɐn35	slan2	栒虡		3
10773	信	信	ɬɐn33	slan3			1
10774	峻	峻	ɬɐn33	slan3	又音，璺[mɐn33]～，邊緣；勉強	(白)	1
10775	訊	讯	ɬɐn33	slan3			1
10776	迅	迅	ɬɐn33	slan3			1
10777	遜	逊	ɬɐn33	slan3			1
10778	汛	汛	ɬɐn33	slan3			1
10779	巽	巽	ɬɐn33	slan3			2
10780	浚	浚	ɬɐn33	slan3	浚河，浚縣		2
10781	濬	濬	ɬɐn33	slan3	濬河，濬縣		2
10782	囟	囟	ɬɐn33	slan3	囟門，囟骨		2
10783	蕈	蕈	ɬɐn33	slan3	香蕈，俗作香信		2
10784	噀	噀	ɬɐn33	slan3			3
10785	巡	巡	ɬɐn21	slan4		(又)	1
10786	循	循	ɬɐn21	slan4		(又)	1
10787	旬	旬	ɬɐn21	slan4		(又)	1
10788	殉	殉	ɬɐn21	slan4		(又)	1
10789	淳	淳	ɬɐn21	slan4		(又)	1
10790	純	纯	ɬɐn21	slan4		(又)	1
10791	詢	询	ɬɐn21	slan4			1
10792	醇	醇	ɬɐn21	slan4		(又)	1
10793	馴	驯	ɬɐn21	slan4		(又)	1
10794	徇	徇	ɬɐn21	slan4		(又)	2
10795	荀	荀	ɬɐn21	slan4			2
10796	峋	峋	ɬɐn21	slan4			2
10797	恂	恂	ɬɐn21	slan4	恐懼貌；〈語〉發抖，～擻[ɬu21]擻[ɬu21]，發抖貌		2
10798	洵	洵	ɬɐn21	slan4			2
10799	珣	珣	ɬɐn21	slan4			2
10800	蓴	莼	ɬɐn21	slan4		(又)	2
10801	郇	郇	ɬɐn21	slan4	周朝國名		2
10802	栒	栒	ɬɐn21	slan4	木名		3
10803	紃	𬘓	ɬɐn21	slan4		(又)	3
10804	錞	𬭚	ɬɐn21	slan4		(又)	3
10805	蒓	莼	ɬɐn21	slan4		(又)	4
10806	侚	侚	ɬɐn21	slan4		(又)	5
10807	揗	揗	ɬɐn21	slan4		(又)	5
10808	鬙	鬙	ɬɐŋ55	slang1	倰[lɐŋ21]～，不整潔	(語)	4
10809	擤	擤	ɬɐŋ33	slang3	擤鼻涕；大～，花錢大手大腳		2
10810	層	层	ɬɐŋ21	slang4	詞綴，毛～～，毛茸茸，高～～，高貌，擻～～，抖個不停	(白)	1
10811	䁬	䁬	ɬɐŋ21	slang4	詞綴，懵～～，糊糊塗塗	(白)	4
10812	圾	圾	ɬɐp5	slap1	～碎，瑣碎、零碎，本字𢶍	(白)	1
10813	㿇	㿇	ɬɐp5	slap1	小痛		4
10814	𢶍	𢶍	ɬɐp5	slap1	～碎，瑣碎、零碎	(白)	4
10815	趿	趿	ɬɐp2	slap6	動詞詞綴，表某種緩慢狀態，拖～～，拖着鞋走，跟～～，跟隨貌，行～～，漫步走，拜～～，虔誠地拜；形容詞詞綴，跛～～，瘸得很，磨[mɔ55]～～，磨蹭，盲～～，眼力不好、瞎摸	(語)	2
10816	霫	霫	ɬɐp2	slap6	詞綴，落雨～～，下雨貌，溼～～，溼淋淋，哭～～，啜泣貌，亂～～，雜亂貌，爛～～，破破爛爛，諧～～，粗糙	(白)	4
10817	卹	恤	ɬɐt5	slat1	撫卹		1
10818	恤	恤	ɬɐt5	slat1	體恤，恤衫		1
10819	悉	悉	ɬɐt5	slat1	悉心，熟悉（有時也訓讀熟識）		1
10820	戌	戌	ɬɐt5	slat1	戊戌，戌時		1
10821	摔	摔	ɬɐt5	slat1	摔手，摔打，摔倒，摔跤		1
10822	率	率	ɬɐt5	slat1	率領		1
10823	瑟	瑟	ɬɐt5	slat1	琴瑟，瑟縮		1
10824	膝	膝	ɬɐt5	slat1	膝蓋，促膝；～頭、～頭哥，膝蓋，有時語流音變爲[ɬɐk5]		1
10825	蟋	蟋	ɬɐt5	slat1	蟋蟀[tʃɐt5]		1
10826	窣	窣	ɬɐt5	slat1			2
10827	窸	窸	ɬɐt5	slat1			2
10828	璱	璱	ɬɐt5	slat1			3
10829	銊	𫓰	ɬɐt5	slat1			4
10830	裇	裇	ɬɐt5	slat1	俗字，英語shirt的音譯，現多用恤字		5
10831	術	术	ɬɐt2	slat6		(又)	1
10832	述	述	ɬɐt2	slat6		(又)	1
10833	沭	沭	ɬɐt2	slat6		(又)	2
10834	秫	秫	ɬɐt2	slat6		(又)	2
10835	鉥	𬬸	ɬɐt2	slat6		(又)	3
10836	修	修	ɬɐu55	slau1			1
10837	羞	羞	ɬɐu55	slau1			1
10838	蒐	蒐	ɬɐu55	slau1	草名；春獵；蒐集，蒐羅		1
10839	颼	飕	ɬɐu55	slau1	冷颼颼		2
10840	餿	馊	ɬɐu55	slau1	飯餿，餿水		2
10841	饈	馐	ɬɐu55	slau1			2
10842	脩	脩	ɬɐu55	slau1			3
10843	䗛	䗛	ɬɐu55	slau1			3
10844	鄋	鄋	ɬɐu55	slau1			4
10845	颾	𩙫	ɬɐu55	slau1	同颼字		5
10846	搜	搜	ɬɐu35	slau2	搜查，搜索		1
10847	艘	艘	ɬɐu35	slau2			1
10848	叟	叟	ɬɐu35	slau2			2
10849	嗾	嗾	ɬɐu35	slau2	嗾使		2
10850	擻	擞	ɬɐu35	slau2	抖擻		2
10851	藪	薮	ɬɐu35	slau2			2
10852	滫	滫	ɬɐu35	slau2			2
10853	螋	螋	ɬɐu35	slau2			2
10854	瞍	瞍	ɬɐu35	slau2			3
10855	鎪	锼	ɬɐu35	slau2			3
10856	謏	𫍲	ɬɐu35	slau2	謏訹		3
10857	嗽	嗽	ɬɐu33	slau3	咳嗽		1
10858	宿	宿	ɬɐu33	slau3	星宿，舊時俗讀住宿之宿		1
10859	秀	秀	ɬɐu33	slau3			1
10860	繡	绣	ɬɐu33	slau3	繡花，刺繡		1
10861	鏽	锈	ɬɐu33	slau3	鐵鏽，不鏽鋼		1
10862	琇	琇	ɬɐu33	slau3			2
10863	銹	锈	ɬɐu33	slau3	同鏽字		4
10864	綉	绣	ɬɐu33	slau3	同繡字		4
10865	些	些	ɬɛ55	sle1	一些，些少		1
10866	寫	写	ɬɛ35	sle2			1
10867	瀉	泻	ɬɛ35	sle2	倒～，溢出、打潑	(白)	1
10868	卸	卸	ɬɛ33	sle3			1
10869	瀉	泻	ɬɛ33	sle3	傾瀉，瀉藥		1
10870	卌	卌	ɬɛ33	sle3	四十，四啊[a22]的合音，啊[a22]爲十的弱讀，口語作[ɬi33a22]		4
10871	斜	斜	ɬɛ21	sle4	乜[mɛ21]～，醉態	(白)	1
10872	惜	惜	ɬɛk3	slek3	儆[kɛŋ22]～，珍惜（物）；疼愛（人）	(白)	1
10873	錫	锡	ɬɛk3	slek3			1
10874	饞	馋	ɬɛm21	slem4	餓～～，餓貌	(白)	1
10875	峻	峻	ɬɛn33	slen3	璺[mɛn33]～，邊緣；勉強	(白)	1
10876	恂	恂	ɬɛn21	slen4	發抖	(白)	2
10877	星	星	ɬɛŋ55	sleng1	天星	(白)	1
10878	腥	腥	ɬɛŋ55	sleng1	腥臭，魚腥草	(白)	1
10879	醒	醒	ɬɛŋ35	sleng2	提醒，睡醒	(白)	1
10880	鉎	鉎	ɬɛŋ33	sleng3	鐵鏽，又作鍟字	(白)	4
10881	鍟	鍟	ɬɛŋ33	sleng3	同鉎字	(白)	5
10882	㿇	㿇	ɬɛp5	slep1	辣痛；案，或與習有關，疊詞習習古有辛辣、痛癢義	(白)	4
10883	𤗈	𤗈	ɬɛp3	slep3	小楔；墊，用楔子嵌穩	(白)	4
10884	趿	趿	ɬɛp2	slep6	又音	(語)	2
10885	霫	霫	ɬɛp2	slep6	又音	(白)	4
10886	攃	攃	ɬɛt5	slet1	撕布聲	(語)	4
10887	筲	筲	ɬɛu55	sleu1	筲箕（多指小型筲箕）	(白)	2
10888	澌	澌	ɬi55	sli1	陰～～，（天氣）陰沉沉、（人）性格木訥；冷～～，冷絲絲	(語)	2
10889	死	死	ɬi35	sli2			1
10890	四	四	ɬi33	sli3	第四，四海；～紅中、～紅四、～紅，猜碼口令，數字四		1
10891	肆	肆	ɬi33	sli3	四字的大寫		1
10892	媳	媳	ɬek5	slik1	婆媳，媳婦		1
10893	息	息	ɬek5	slik1	休息，息怒；滴～，小巧		1
10894	惜	惜	ɬek5	slik1	可惜		1
10895	昔	昔	ɬek5	slik1			1
10896	晰	晰	ɬek5	slik1			1
10897	析	析	ɬek5	slik1			1
10898	熄	熄	ɬek5	slik1			1
10899	釋	释	ɬek5	slik1	釋放，解釋，讀同析		1
10900	淅	淅	ɬek5	slik1			2
10901	蜥	蜥	ɬek5	slik1			2
10902	潟	潟	ɬek5	slik1			2
10903	皙	皙	ɬek5	slik1	白皙		2
10904	舄	舄	ɬek5	slik1			2
10905	螅	螅	ɬek5	slik1			2
10906	棤	棤	ɬek5	slik1			3
10907	菥	菥	ɬek5	slik1			3
10908	瘜	瘜	ɬek5	slik1			4
10909	腊	腊	ɬek5	slik1	乾肉		4
10910	蒠	蒠	ɬek5	slik1			4
10911	蜤	蜤	ɬek5	slik1	蜤蜴，即蜥蝪		5
10912	裼	裼	ɬek3	slik3	袒裼		3
10913	仙	仙	ɬin55	slin1			1
10914	先	先	ɬin55	slin1	先後，祖先；～～，早先、最初；〈語〉（稱物時）秤尾高，本字䙴		1
10915	鮮	鲜	ɬin55	slin1	新鮮；鮮卑		1
10916	氙	氙	ɬin55	slin1			2
10917	秈	籼	ɬin55	slin1			2
10918	躚	跹	ɬin55	slin1	本讀	(又)	2
10919	酰	酰	ɬin55	slin1			2
10920	䙴	䙴	ɬin55	slin1	升高也；（稱物時）秤尾高，～啲，升高點，俗字先		4
10921	僊	僊	ɬin55	slin1	同仙字		5
10922	褼	褼	ɬin55	slin1			5
10923	癬	癣	ɬin35	slin2	腳癬，皮癬		1
10924	鮮	鲜	ɬin35	slin2	鮮少；朝鮮，古讀平聲		1
10925	蘚	藓	ɬin35	slin2			2
10926	冼	冼	ɬin35	slin2			2
10927	燹	燹	ɬin35	slin2			2
10928	跣	跣	ɬin35	slin2			2
10929	銑	铣	ɬin35	slin2			2
10930	獮	狝	ɬin35	slin2			3
10931	禒	禒	ɬin35	slin2			3
10932	筅	筅	ɬin35	slin2			3
10933	尟	尟	ɬin35	slin2			4
10934	線	线	ɬin33	slin3	針線，線條；姓		1
10935	羨	羡	ɬin33	slin3	羨慕，豔羨		1
10936	腺	腺	ɬin33	slin3			1
10937	霰	霰	ɬin33	slin3	雨霰，雪霰；霰彈（口語稱散[ɬan35]彈）		2
10938	鏾	𫔌	ɬin33	slin3	～雞，閹雞（名詞），又作線字		4
10939	䤼	𬭣	ɬin33	slin3			4
10940	羡	羡	ɬin33	slin3			5
10941	綫	线	ɬin33	slin3	同線字		5
10942	星	星	ɬeŋ55	sling1	流星，星星		1
10943	猩	猩	ɬeŋ55	sling1			1
10944	腥	腥	ɬeŋ55	sling1		(文)	1
10945	惺	惺	ɬeŋ55	sling1			2
10946	煋	煋	ɬeŋ55	sling1			3
10947	瑆	瑆	ɬeŋ55	sling1			3
10948	騂	骍	ɬeŋ55	sling1			3
10949	省	省	ɬeŋ35	sling2	反省，省悟		1
10950	醒	醒	ɬeŋ35	sling2	醒目，醒悟，覺醒		1
10951	箵	箵	ɬeŋ35	sling2			4
10952	姓	姓	ɬeŋ33	sling3			1
10953	性	性	ɬeŋ33	sling3			1
10954	鉎	鉎	ɬeŋ33	sling3		(文)	4
10955	鍟	鍟	ɬeŋ33	sling3		(文)	5
10956	躞	躞	ɬip3	slip3			2
10957	𤗈	𤗈	ɬip3	slip3		(文)	4
10958	契	契	ɬit3	slit3	商之祖		1
10959	屑	屑	ɬit3	slit3	不屑；木屑		1
10960	薛	薛	ɬit3	slit3	姓		1
10961	泄	泄	ɬit3	slit3	泄漏，發泄		1
10962	褻	亵	ɬit3	slit3			2
10963	楔	楔	ɬit3	slit3	楔子		2
10964	燮	燮	ɬit3	slit3			2
10965	揳	揳	ɬit3	slit3	塞		2
10966	渫	渫	ɬit3	slit3	除去；泄；姓		2
10967	紲	绁	ɬit3	slit3			2
10968	偰	偰	ɬit3	slit3			3
10969	榍	榍	ɬit3	slit3			3
10970	𤫉	𤫉	ɬit3	slit3			3
10971	洩	泄	ɬit3	slit3	同泄字		4
10972	媟	媟	ɬit3	slit3			4
10973	躠	躠	ɬit3	slit3	蹩躠		4
10974	禼	𫧯	ɬit3	slit3			4
10975	宵	宵	ɬiu55	sliu1			1
10976	悄	悄	ɬiu55	sliu1	靜悄悄，讀同銷/消	(又)	1
10977	捎	捎	ɬiu55	sliu1	讀同銷/消	(又)	1
10978	梢	梢	ɬiu55	sliu1	讀同銷/消	(又)	1
10979	消	消	ɬiu55	sliu1			1
10980	瀟	潇	ɬiu55	sliu1			1
10981	硝	硝	ɬiu55	sliu1			1
10982	簫	箫	ɬiu55	sliu1			1
10983	肖	肖	ɬiu55	sliu1	姓，蕭的俗字		1
10984	蕭	萧	ɬiu55	sliu1			1
10985	銷	销	ɬiu55	sliu1			1
10986	霄	霄	ɬiu55	sliu1			1
10987	逍	逍	ɬiu55	sliu1			2
10988	綃	绡	ɬiu55	sliu1			2
10989	蛸	蛸	ɬiu55	sliu1	螵蛸		2
10990	魈	魈	ɬiu55	sliu1			2
10991	翛	翛	ɬiu55	sliu1			3
10992	蠨	蟏	ɬiu55	sliu1			3
10993	揱	揱	ɬiu55	sliu1		(又)	5
10994	箾	箾	ɬiu55	sliu1	箾韶		5
10995	㩋	𪮋	ɬiu55	sliu1	把		5
10996	小	小	ɬiu35	sliu2			1
10997	筱	筱	ɬiu35	sliu2			2
10998	謏	𫍲	ɬiu35	sliu2	謏聞		3
10999	篠	篠	ɬiu35	sliu2			4
11000	嘯	啸	ɬiu33	sliu3			1
11001	笑	笑	ɬiu33	sliu3			1
11002	咲	咲	ɬiu33	sliu3			4
11003	唆	唆	ɬɔ55	slo1	囉唆，唆使，教唆		1
11004	嗦	嗦	ɬɔ55	slo1	哆嗦；囉嗦，同囉唆		1
11005	梭	梭	ɬɔ55	slo1	織布梭，穿梭		1
11006	娑	娑	ɬɔ55	slo1	婆娑，摩娑		2
11007	莎	莎	ɬɔ55	slo1	莎草		2
11008	蓑	蓑	ɬɔ55	slo1	蓑衣，蓑草		2
11009	挲	挲	ɬɔ55	slo1	摩挲（撫摩）		2
11010	桫	桫	ɬɔ55	slo1			2
11011	羧	羧	ɬɔ55	slo1			2
11012	睃	睃	ɬɔ55	slo1			2
11013	趖	趖	ɬɔ55	slo1			4
11014	簑	蓑	ɬɔ55	slo1			5
11015	所	所	ɬɔ35	slo2			1
11016	瑣	琐	ɬɔ35	slo2	瑣碎，繁瑣		1
11017	鎖	锁	ɬɔ35	slo2			1
11018	嗩	唢	ɬɔ35	slo2			2
11019	璅	璅	ɬɔ35	slo2	同瑣字		4
11020	惢	惢	ɬɔ35	slo2			5
11021	傻	傻	ɬɔ21	slo4			1
11022	梭	梭	ɬɔ21	slo4	詞綴，碖[lɐn33]～～，紛紛落下貌，實爲擻/簌[ɬu21]的音變，梭梭爲元曲寫法	(白)	1
11023	戍	戍	ɬœ55	sloe1	～住，纏着	(又)	2
11024	削	削	ɬœk3	sloek3	削皮，剝削		1
11025	廂	厢	ɬœŋ55	sloeng1			1
11026	湘	湘	ɬœŋ55	sloeng1			1
11027	相	相	ɬœŋ55	sloeng1	互相，相反		1
11028	箱	箱	ɬœŋ55	sloeng1			1
11029	鑲	镶	ɬœŋ55	sloeng1			1
11030	霜	霜	ɬœŋ55	sloeng1			1
11031	孀	孀	ɬœŋ55	sloeng1			2
11032	襄	襄	ɬœŋ55	sloeng1			2
11033	緗	缃	ɬœŋ55	sloeng1			2
11034	驤	骧	ɬœŋ55	sloeng1			2
11035	儴	儴	ɬœŋ55	sloeng1	儴佯		3
11036	瓖	瓖	ɬœŋ55	sloeng1			3
11037	礵	礵	ɬœŋ55	sloeng1			3
11038	葙	葙	ɬœŋ55	sloeng1			3
11039	驦	骦	ɬœŋ55	sloeng1			3
11040	纕	𬙋	ɬœŋ55	sloeng1			3
11041	鸘	鹴	ɬœŋ55	sloeng1			3
11042	勷	勷	ɬœŋ55	sloeng1	同襄字		4
11043	鷞	𮭪	ɬœŋ55	sloeng1			4
11044	騻	𫘭	ɬœŋ55	sloeng1			4
11045	想	想	ɬœŋ35	sloeng2	思想，想象		1
11046	鯗	鲞	ɬœŋ35	sloeng2	魚乾		2
11047	鮝	鲞	ɬœŋ35	sloeng2	同鯗字		5
11048	相	相	ɬœŋ33	sloeng3	相貌，相片；影～，照相；小～，小氣；能幹、厲害，耍遊戲噉～		1
11049	思	思	ɬɔi55	sloi1	于思		1
11050	腮	腮	ɬɔi55	sloi1	腮幫，面腮		1
11051	鰓	鳃	ɬɔi55	sloi1			2
11052	揌	揌	ɬɔi55	sloi1	擡揌；〈語〉吃的俗稱，～得，能吃，～客，吃客		4
11053	毸	毸	ɬɔi55	sloi1	毰毸		4
11054	顋	顋	ɬɔi55	sloi1			4
11055	愢	愢	ɬɔi55	sloi1			5
11056	塑	塑	ɬɔk3	slok3	塑像，塑料，讀同朔	(習)	1
11057	溯	溯	ɬɔk3	slok3	追溯，讀同朔		1
11058	索	索	ɬɔk3	slok3	繩索；求索，古讀山責切、山戟切		1
11059	朔	朔	ɬɔk3	slok3	朔月，朔方		2
11060	搠	搠	ɬɔk3	slok3			2
11061	槊	槊	ɬɔk3	slok3			2
11062	蒴	蒴	ɬɔk3	slok3			2
11063	溹	溹	ɬɔk3	slok3	溹河		3
11064	洬	洬	ɬɔk3	slok3	大風雨貌		4
11065	揱	揱	ɬɔk3	slok3			5
11066	箾	箾	ɬɔk3	slok3	以竿擊人；舞者竿		5
11067	遡	遡	ɬɔk3	slok3			5
11068	喪	丧	ɬɔŋ55	slong1	喪事		1
11069	嗓	嗓	ɬɔŋ55	slong1	嗓子，嗓音，讀同桑		1
11070	桑	桑	ɬɔŋ55	slong1			1
11071	𦅇	𫄪	ɬɔŋ55	slong1	淺黃		4
11072	嗓	嗓	ɬɔŋ35	slong2	本讀	(又)	1
11073	搡	搡	ɬɔŋ35	slong2	推搡；〈語〉掙扎		2
11074	顙	颡	ɬɔŋ35	slong2			2
11075	磉	磉	ɬɔŋ35	slong2	柱下石		3
11076	喪	丧	ɬɔŋ33	slong3	喪失		1
11077	𦅇	𫄪	ɬɔŋ33	slong3		(又)	4
11078	銊	𫓰	ɬɔt2	slot6	扯動繩索聲	(語)	4
11079	搔	搔	ɬu55	slu1			1
11080	甦	甦	ɬu55	slu1	甦醒，復甦		1
11081	蘇	苏	ɬu55	slu1	紫蘇；姓		1
11082	酥	酥	ɬu55	slu1	酥油，酥脆		1
11083	鬚	须	ɬu55	slu1	鬍鬚，鬚根		1
11084	騷	骚	ɬu55	slu1	風騷，騷動		1
11085	臊	臊	ɬu55	slu1	臊味，腥臊；～蝦崽，小娃娃，已罕用		1
11086	穌	稣	ɬu55	slu1			2
11087	繅	缫	ɬu55	slu1			2
11088	繰	缲	ɬu55	slu1	同繅字		2
11089	溞	溞	ɬu55	slu1			3
11090	囌	苏	ɬu55	slu1	嚕囌		4
11091	颾	𩙫	ɬu55	slu1	風聲		5
11092	鰠	鳋	ɬu55	slu1			5
11093	嫂	嫂	ɬu35	slu2			1
11094	䕅	䕅	ɬu35	slu2			4
11095	塑	塑	ɬu33	slu3		(書)	1
11096	掃	扫	ɬu33	slu3	掃地；掃把		1
11097	溯	溯	ɬu33	slu3	本讀	(又)	1
11098	漱	漱	ɬu33	slu3	漱口		1
11099	素	素	ɬu33	slu3			1
11100	訴	诉	ɬu33	slu3			1
11101	臊	臊	ɬu33	slu3	害臊		1
11102	嗉	嗉	ɬu33	slu3	嗉囊，嗉子		2
11103	埽	埽	ɬu33	slu3			2
11104	愫	愫	ɬu33	slu3			2
11105	瘙	瘙	ɬu33	slu3			2
11106	傃	傃	ɬu33	slu3			3
11107	愬	愬	ɬu33	slu3	同訴字		4
11108	膆	膆	ɬu33	slu3	同嗉字		4
11109	泝	泝	ɬu33	slu3			5
11110	遡	遡	ɬu33	slu3		(又)	5
11111	擻	擞	ɬu21	slu4	詞綴，恂[ɬɐn21]～～，發抖貌；～～灑[ɬa21]灑[ɬa21]，做事拖泥帶水；案，韻母演變同漱字，元曲作簌簌	(白)	2
11112	簌	簌	ɬu21	slu4	詞綴，恂[ɬɐn21]～～，發抖貌；～～灑[ɬa21]灑[ɬa21]，做事拖泥帶水；本字擻，簌簌爲元曲寫法	(語)	2
11113	雖	虽	ɬui55	slui1	雖然，雖說		1
11114	綏	绥	ɬui55	slui1	綏靖，扶綏縣		2
11115	濉	濉	ɬui55	slui1			2
11116	眭	眭	ɬui55	slui1	姓		2
11117	睢	睢	ɬui55	slui1			2
11118	荽	荽	ɬui55	slui1		(書)	2
11119	葰	葰	ɬui55	slui1	廉薑		3
11120	浽	浽	ɬui55	slui1	浽溦（小雨）；〈語〉溾浽（污穢、骯髒），又作渨涹，此處讀息遺切，音義交錯		4
11121	歲	岁	ɬui33	slui3			1
11122	碎	碎	ɬui33	slui3			1
11123	祟	祟	ɬui33	slui3	作祟，鬼鬼祟祟（口語稱鬼鬼鼠鼠）		1
11124	嗉	嗉	ɬui33	slui3	雞嗉	(語)	2
11125	誶	谇	ɬui33	slui3			2
11126	膆	膆	ɬui33	slui3	雞膆	(語)	4
11127	瑞	瑞	ɬui22	slui6		(又)	1
11128	穗	穗	ɬui22	slui6		(又)	1
11129	繐	穗	ɬui22	slui6		(又)	4
11130	宿	宿	ɬʊk5	sluk1	住宿，一宿；餿、酸臭，俗字餿；〈舊〉星宿，俗讀		1
11131	簇	簇	ɬʊk5	sluk1	詞綴，新～～，很新、簇新，白～～，雪白，讀同心母的簌	(語)	1
11132	粟	粟	ɬʊk5	sluk1	粟米，罌粟；包～，玉米		1
11133	縮	缩	ɬʊk5	sluk1	讀聲符宿	(又)	1
11134	肅	肃	ɬʊk5	sluk1	嚴肅，肅立		1
11135	夙	夙	ɬʊk5	sluk1			2
11136	餿	馊	ɬʊk5	sluk1	食物過宿，訓讀宿	(訓)	2
11137	僳	僳	ɬʊk5	sluk1			2
11138	蓿	蓿	ɬʊk5	sluk1			2
11139	謖	谡	ɬʊk5	sluk1		(又)	2
11140	蹜	蹜	ɬʊk5	sluk1		(又)	3
11141	驌	骕	ɬʊk5	sluk1			3
11142	鷫	鹔	ɬʊk5	sluk1			3
11143	洬	洬	ɬʊk5	sluk1	洬洬		4
11144	㩋	𪮋	ɬʊk5	sluk1	擊		5
11145	俗	俗	ɬʊk2	sluk6		(又)	1
11146	松	松	ɬʊŋ55	slung1	松樹，松子	(又)	1
11147	鬆	松	ɬʊŋ55	slung1	放鬆		1
11148	嵩	嵩	ɬʊŋ55	slung1			2
11149	淞	淞	ɬʊŋ55	slung1			2
11150	忪	忪	ɬʊŋ55	slung1	惺忪		2
11151	菘	菘	ɬʊŋ55	slung1			2
11152	凇	凇	ɬʊŋ55	slung1			2
11153	娀	娀	ɬʊŋ55	slung1			3
11154	崧	崧	ɬʊŋ55	slung1			3
11155	倯	倯	ɬʊŋ55	slung1	懶；蠢		4
11156	聳	耸	ɬʊŋ35	slung2	聳立，高聳；〈語〉金～，骨灰（或骨殖）罈子，實爲骨冢的音變		1
11157	慫	怂	ɬʊŋ35	slung2	慫恿		2
11158	悚	悚	ɬʊŋ35	slung2			2
11159	竦	竦	ɬʊŋ35	slung2			2
11160	㩳	㧐	ɬʊŋ35	slung2			2
11161	宋	宋	ɬʊŋ33	slung3			1
11162	送	送	ɬʊŋ33	slung3	贈送，送別；〈語〉下飯的菜，俗字餸		1
11163	餸	𩠌	ɬʊŋ33	slung3	俗字，下飯的菜，本字送		5
11164	倯	倯	ɬʊŋ21	slung4	笨、傻，因聲符松轉讀邪母，俗字㞞	(白)	4
11165	㞞	𪨊	ɬʊŋ21	slung4	俗字，笨、傻，本字倯，因聲符松轉讀邪母		4
11166	雖	虽	ɬy55	slyu1	雖然，語流音變	(又)	1
11167	需	需	ɬy55	slyu1			1
11168	須	须	ɬy55	slyu1	必須，須臾		1
11169	鬚	须	ɬy55	slyu1		(又)	1
11170	戍	戍	ɬy55	slyu1		(又)	2
11171	綏	绥	ɬy55	slyu1	語流音變	(常)	2
11172	胥	胥	ɬy55	slyu1			2
11173	嬃	媭	ɬy55	slyu1			2
11174	湑	湑	ɬy55	slyu1	水名		3
11175	諝	谞	ɬy55	slyu1			3
11176	繻	𦈡	ɬy55	slyu1			3
11177	湑	湑	ɬy35	slyu2	濾酒去渣		3
11178	糈	糈	ɬy35	slyu2			3
11179	醑	醑	ɬy35	slyu2			3
11180	絮	絮	ɬy33	slyu3			1
11181	緒	绪	ɬy33	slyu3		(又)	1
11182	嗉	嗉	ɬy33	slyu3	又音	(語)	2
11183	膆	膆	ɬy33	slyu3	又音	(語)	4
11184	喧	喧	ɬyn55	slyun1	俗讀，讀同宣	(常)	1
11185	孫	孙	ɬyn55	slyun1			1
11186	宣	宣	ɬyn55	slyun1			1
11187	渲	渲	ɬyn55	slyun1	讀同宣	(又)	1
11188	酸	酸	ɬyn55	slyun1	酸味		1
11189	痠	酸	ɬyn55	slyun1	痠痛		1
11190	蓀	荪	ɬyn55	slyun1			2
11191	飧	飧	ɬyn55	slyun1			2
11192	悛	悛	ɬyn55	slyun1			2
11193	猻	狲	ɬyn55	slyun1			2
11194	瑄	瑄	ɬyn55	slyun1			2
11195	愃	愃	ɬyn55	slyun1			3
11196	狻	狻	ɬyn55	slyun1			3
11197	揎	揎	ɬyn55	slyun1			4
11198	損	损	ɬyn35	slyun2	損失，破損；〈語〉（皮膚）損傷、破傷，～手		1
11199	癬	癣	ɬyn35	slyun2	俗讀	(常)	1
11200	筍	笋	ɬyn35	slyun2		(老派)	1
11201	選	选	ɬyn35	slyun2			1
11202	榫	榫	ɬyn35	slyun2		(老派)	2
11203	隼	隼	ɬyn35	slyun2	本讀	(又)	2
11204	栒	栒	ɬyn35	slyun2		(老派)	3
11205	信	信	ɬyn33	slyun3		(老派)	1
11206	渲	渲	ɬyn33	slyun3	渲染		1
11207	算	算	ɬyn33	slyun3			1
11208	蒜	蒜	ɬyn33	slyun3			1
11209	訊	讯	ɬyn33	slyun3		(老派)	1
11210	迅	迅	ɬyn33	slyun3		(老派)	1
11211	遜	逊	ɬyn33	slyun3		(老派)	1
11212	汛	汛	ɬyn33	slyun3		(老派)	1
11213	巽	巽	ɬyn33	slyun3		(老派)	2
11214	浚	浚	ɬyn33	slyun3		(老派)	2
11215	濬	濬	ɬyn33	slyun3		(老派)	2
11216	囟	囟	ɬyn33	slyun3		(老派)	2
11217	蕈	蕈	ɬyn33	slyun3		(老派)	2
11218	噀	噀	ɬyn33	slyun3		(老派)	3
11219	筭	筭	ɬyn33	slyun3			4
11220	巡	巡	ɬyn21	slyun4		(老派)	1
11221	循	循	ɬyn21	slyun4		(老派)	1
11222	旋	旋	ɬyn21	slyun4	旋轉；旋風		1
11223	旬	旬	ɬyn21	slyun4		(老派)	1
11224	殉	殉	ɬyn21	slyun4		(老派)	1
11225	淳	淳	ɬyn21	slyun4		(老派)	1
11226	純	纯	ɬyn21	slyun4		(老派)	1
11227	詢	询	ɬyn21	slyun4		(老派)	1
11228	醇	醇	ɬyn21	slyun4		(老派)	1
11229	馴	驯	ɬyn21	slyun4		(老派)	1
11230	徇	徇	ɬyn21	slyun4		(老派)	2
11231	漩	漩	ɬyn21	slyun4			2
11232	荀	荀	ɬyn21	slyun4		(老派)	2
11233	峋	峋	ɬyn21	slyun4		(老派)	2
11234	恂	恂	ɬyn21	slyun4		(老派)	2
11235	洵	洵	ɬyn21	slyun4		(老派)	2
11236	珣	珣	ɬyn21	slyun4		(老派)	2
11237	璇	璇	ɬyn21	slyun4			2
11238	璿	璇	ɬyn21	slyun4			2
11239	蓴	莼	ɬyn21	slyun4		(老派)	2
11240	郇	郇	ɬyn21	slyun4		(老派)	2
11241	栒	栒	ɬyn21	slyun4		(老派)	3
11242	紃	𬘓	ɬyn21	slyun4		(老派)	3
11243	錞	𬭚	ɬyn21	slyun4		(老派)	3
11244	暶	暶	ɬyn21	slyun4			3
11245	䃠	碹	ɬyn21	slyun4			3
11246	鏇	镟	ɬyn21	slyun4	鏇牀		4
11247	蒓	莼	ɬyn21	slyun4		(老派)	4
11248	侚	侚	ɬyn21	slyun4		(老派)	5
11249	揗	揗	ɬyn21	slyun4		(老派)	5
11250	卹	恤	ɬyt5	slyut1		(老派)	1
11251	恤	恤	ɬyt5	slyut1		(老派)	1
11252	戌	戌	ɬyt5	slyut1		(老派)	1
11253	摔	摔	ɬyt5	slyut1		(老派)	1
11254	率	率	ɬyt5	slyut1	率領	(老派)	1
11255	雪	雪	ɬyt5	slyut1	白～～，雪白	(白)	1
11256	銊	𫓰	ɬyt5	slyut1		(老派)	4
11257	裇	裇	ɬyt5	slyut1		(老派)	5
11258	薛	薛	ɬyt3	slyut3	俗讀	(常)	1
11259	雪	雪	ɬyt3	slyut3	冰雪，雪白		1
11260	鱈	鳕	ɬyt3	slyut3			2
11261	術	术	ɬyt2	slyut6		(老派)	1
11262	述	述	ɬyt2	slyut6		(老派)	1
11263	沭	沭	ɬyt2	slyut6		(老派)	2
11264	秫	秫	ɬyt2	slyut6		(老派)	2
11265	鉥	𬬸	ɬyt2	slyut6		(老派)	3
11266	梳	梳	ʃɔ55	so1	梳頭		1
11267	疏	疏	ʃɔ55	so1	疏遠，稀疏		1
11268	蔬	蔬	ʃɔ55	so1			1
11269	疋	疋	ʃɔ55	so1	足也		4
11270	疏	疏	ʃɔ33	so3	註疏，上疏，俗讀稀疏之疏		1
11271	嗾	嗾	ʃœ21	soe4	唆使、挑撥，又作𡂡字	(語)	2
11272	爍	烁	ʃœk3	soek3	閃爍，鑠金		1
11273	鑠	铄	ʃœk3	soek3			2
11274	勺	勺	ʃœk2	soek6	湯勺，勺子		1
11275	芍	芍	ʃœk2	soek6		(又)	2
11276	杓	杓	ʃœk2	soek6	杯杓		2
11277	傷	伤	ʃœŋ55	soeng1			1
11278	雙	双	ʃœŋ55	soeng1	一雙；雙生		1
11279	商	商	ʃœŋ55	soeng1			1
11280	湯	汤	ʃœŋ55	soeng1	浩浩湯湯	(古)	1
11281	霜	霜	ʃœŋ55	soeng1		(又)	1
11282	孀	孀	ʃœŋ55	soeng1		(又)	2
11283	殤	殇	ʃœŋ55	soeng1			2
11284	觴	觞	ʃœŋ55	soeng1			2
11285	瀧	泷	ʃœŋ55	soeng1	瀧水，瀧岡		2
11286	熵	熵	ʃœŋ55	soeng1			2
11287	墒	墒	ʃœŋ55	soeng1			2
11288	礵	礵	ʃœŋ55	soeng1		(又)	3
11289	驦	骦	ʃœŋ55	soeng1		(又)	3
11290	鸘	鹴	ʃœŋ55	soeng1		(又)	3
11291	鷞	𮭪	ʃœŋ55	soeng1		(又)	4
11292	騻	𫘭	ʃœŋ55	soeng1		(又)	4
11293	尚	尚	ʃœŋ35	soeng2	和尚	(白)	1
11294	賞	赏	ʃœŋ35	soeng2			1
11295	裳	裳	ʃœŋ21	soeng4	衣裳		1
11296	上	上	ʃœŋ24	soeng5	動詞，上山		1
11297	緔	绱	ʃœŋ24	soeng5	緔鞋，即上鞋		2
11298	鞝	鞝	ʃœŋ24	soeng5	鞝鞋，同緔鞋		4
11299	上	上	ʃœŋ22	soeng6	方位詞，上面		1
11300	尚	尚	ʃœŋ22	soeng6	高尚，尚且		1
11301	摔	摔	ʃɔi55	soi1	摔倒，摔跤	(又)	1
11302	衰	衰	ʃɔi55	soi1	衰老，衰落，語流音變	(又)	1
11303	塞	塞	ʃɔi33	soi3	邊塞，塞外		1
11304	賽	赛	ʃɔi33	soi3	比賽，賽跑		1
11305	數	数	ʃɔk3	sok3	數見不鮮		1
11306	嗍	嗍	ʃɔk3	sok3	俗字，吮吸，本字欶		2
11307	欶	欶	ʃɔk3	sok3	吮吸，～田螺，吸田螺，～粉，吸毒，俗字嗍		4
11308	爽	爽	ʃɔŋ35	song2			1
11309	塽	塽	ʃɔŋ35	song2			4
11310	𦅇	𫄪	ʃɔŋ33	song3	詞綴，黃～～，黃澄澄	(語)	4
11311	數	数	ʃu35	su2	數一數	(動)	1
11312	數	数	ʃu33	su3	數目	(名)	1
11313	嗖	嗖	ʃu21	su4	象聲詞，隻老鼠拖嘢～～聲，老鼠拖東西嘶嘶響	(語)	2
11314	衰	衰	ʃui55	sui1	衰老，衰落；倒楣		1
11315	水	水	ʃui35	sui2	清水，水平；比喻差勁、次，～貨，次貨；錢的喻稱，一蔸～，十元（又喻十歲），一䊆～，一百元，一紮～，一千元		1
11316	髓	髓	ʃui35	sui2			1
11317	巂	嶲	ʃui35	sui2	越巂（在四川）		3
11318	嶲	嶲	ʃui35	sui2	同巂字		5
11319	瀡	瀡	ʃui35	sui2			5
11320	帥	帅	ʃui33	sui3	元帥，帥印；帥氣		1
11321	說	说	ʃui33	sui3	遊說，說服，俗讀說話之說		1
11322	稅	税	ʃui33	sui3			1
11323	帨	帨	ʃui33	sui3			3
11324	税	税	ʃui33	sui3			4
11325	挩	捝	ʃui33	sui3	擦拭		4
11326	涗	涚	ʃui33	sui3			5
11327	垂	垂	ʃui21	sui4	垂直，下垂		1
11328	誰	谁	ʃui21	sui4			1
11329	陲	陲	ʃui21	sui4			2
11330	倕	倕	ʃui21	sui4			3
11331	圌	圌	ʃui21	sui4	圌山		3
11332	瑞	瑞	ʃui22	sui6	祥瑞，瑞雪		1
11333	睡	睡	ʃui22	sui6			1
11334	穗	穗	ʃui22	sui6	穀穗		1
11335	遂	遂	ʃui22	sui6	順遂		1
11336	隧	隧	ʃui22	sui6	隧道		1
11337	燧	燧	ʃui22	sui6			2
11338	邃	邃	ʃui22	sui6	深邃，邃古		2
11339	旞	旞	ʃui22	sui6			3
11340	璲	璲	ʃui22	sui6			3
11341	穟	穟	ʃui22	sui6			3
11342	襚	襚	ʃui22	sui6			3
11343	鐩	𬭼	ʃui22	sui6			3
11344	䡵	𫟦	ʃui22	sui6			3
11345	繐	穗	ʃui22	sui6	帽繐		4
11346	蔧	蔧	ʃui22	sui6	王蔧		4
11347	叔	叔	ʃʊk5	suk1			1
11348	淑	淑	ʃʊk5	suk1		(又)	1
11349	縮	缩	ʃʊk5	suk1	縮短，退縮		1
11350	倏	倏	ʃʊk5	suk1			2
11351	謖	谡	ʃʊk5	suk1	謖謖，馬謖		2
11352	蹜	蹜	ʃʊk5	suk1			3
11353	儵	儵	ʃʊk5	suk1			4
11354	俗	俗	ʃʊk2	suk6		(又)	1
11355	屬	属	ʃʊk2	suk6	屬於，家屬		1
11356	淑	淑	ʃʊk2	suk6	賢淑，淑女		1
11357	熟	熟	ʃʊk2	suk6	煮熟		1
11358	蜀	蜀	ʃʊk2	suk6	蜀國，蜀道		1
11359	贖	赎	ʃʊk2	suk6			1
11360	塾	塾	ʃʊk2	suk6			2
11361	孰	孰	ʃʊk2	suk6			2
11362	菽	菽	ʃʊk2	suk6			2
11363	婌	婌	ʃʊk2	suk6			3
11364	絲	丝	sɿ55	sy1		(老派)	1
11365	司	司	sɿ55	sy1		(老派)	1
11366	嘶	嘶	sɿ55	sy1		(老派)	1
11367	師	师	sɿ55	sy1		(老派)	1
11368	思	思	sɿ55	sy1		(老派)	1
11369	撕	撕	sɿ55	sy1		(老派)	1
11370	斯	斯	sɿ55	sy1		(老派)	1
11371	獅	狮	sɿ55	sy1		(老派)	1
11372	私	私	sɿ55	sy1		(老派)	1
11373	詩	诗	sɿ55	sy1	讀同師，類推音變	(老派)	1
11374	廝	厮	sɿ55	sy1		(老派)	2
11375	鷥	鸶	sɿ55	sy1		(老派)	2
11376	澌	澌	sɿ55	sy1		(老派)	2
11377	緦	缌	sɿ55	sy1		(老派)	2
11378	螄	蛳	sɿ55	sy1		(老派)	2
11379	鍶	锶	sɿ55	sy1		(老派)	2
11380	噝	咝	sɿ55	sy1		(老派)	2
11381	鶳	䴓	sɿ55	sy1		(老派)	3
11382	偲	偲	sɿ55	sy1		(老派)	3
11383	凘	凘	sɿ55	sy1		(老派)	3
11384	楒	楒	sɿ55	sy1		(老派)	3
11385	溮	浉	sɿ55	sy1		(老派)	3
11386	虒	虒	sɿ55	sy1		(老派)	3
11387	釃	酾	sɿ55	sy1		(老派)	3
11388	颸	飔	sɿ55	sy1		(老派)	3
11389	鰤	𫚕	sɿ55	sy1		(老派)	3
11390	㟃	㟃	sɿ55	sy1		(老派)	3
11391	厶	厶	sɿ55	sy1		(老派)	4
11392	糸	糸	sɿ55	sy1		(老派)	4
11393	罳	罳	sɿ55	sy1		(老派)	4
11394	鳾	䴓	sɿ55	sy1		(老派)	4
11395	𥯨	𥯨	sɿ55	sy1		(老派)	4
11396	榹	榹	sɿ55	sy1		(老派)	5
11397	磃	磃	sɿ55	sy1		(老派)	5
11398	禗	禗	sɿ55	sy1		(老派)	5
11399	禠	禠	sɿ55	sy1		(老派)	5
11400	俬	私	sɿ55	sy1		(老派)	5
11401	蜤	蜤	sɿ55	sy1		(老派)	5
11402	蟴	蟴	sɿ55	sy1		(老派)	5
11403	褷	褷	sɿ55	sy1		(老派)	5
11404	襹	襹	sɿ55	sy1		(老派)	5
11405	鼶	鼶	sɿ55	sy1		(老派)	5
11406	士	士	sɿ35	sy2	老派，的士，巴士，煙士，邊[pɛn55]士	(外)	1
11407	肆	肆	sɿ33	sy3	放肆	(老派)	1
11408	泗	泗	sɿ33	sy3		(老派)	2
11409	駟	驷	sɿ33	sy3		(老派)	2
11410	柶	柶	sɿ33	sy3		(老派)	5
11411	肂	肂	sɿ33	sy3		(老派)	5
11412	蕼	蕼	sɿ33	sy3		(老派)	5
11413	事	事	sɿ22	sy6		(老派)	1
11414	侍	侍	sɿ22	sy6	讀同事，類推音變	(老派)	1
11415	士	士	sɿ22	sy6		(老派)	1
11416	巳	巳	sɿ22	sy6		(老派)	1
11417	祀	祀	sɿ22	sy6		(老派)	1
11418	仕	仕	sɿ22	sy6		(老派)	2
11419	俟	俟	sɿ22	sy6		(老派)	2
11420	涘	涘	sɿ22	sy6		(老派)	3
11421	𩛌	𩛌	sɿ22	sy6		(老派)	4
11422	書	书	ʃy55	syu1			1
11423	抒	抒	ʃy55	syu1			1
11424	樞	枢	ʃy55	syu1	樞紐，中樞		1
11425	舒	舒	ʃy55	syu1			1
11426	輸	输	ʃy55	syu1	輸贏；運輸		1
11427	鬚	须	ʃy55	syu1		(又)	1
11428	荼	荼	ʃy55	syu1	神荼		2
11429	姝	姝	ʃy55	syu1		(又)	2
11430	攄	摅	ʃy55	syu1			2
11431	樗	樗	ʃy55	syu1			2
11432	毹	毹	ʃy55	syu1	氍毹		2
11433	紓	纾	ʃy55	syu1			2
11434	摴	摴	ʃy55	syu1			3
11435	鄃	鄃	ʃy55	syu1			3
11436	暑	暑	ʃy35	syu2			1
11437	鼠	鼠	ʃy35	syu2			1
11438	黍	黍	ʃy35	syu2			2
11439	癙	癙	ʃy35	syu2			4
11440	庶	庶	ʃy33	syu3			1
11441	恕	恕	ʃy33	syu3			1
11442	緒	绪	ʃy33	syu3	情緒，緒論		1
11443	戍	戍	ʃy33	syu3	戍守，衛戍		2
11444	腧	腧	ʃy33	syu3			2
11445	殊	殊	ʃy21	syu4			1
11446	薯	薯	ʃy21	syu4	番薯，馬鈴薯，本字藷		1
11447	噓	嘘	ʃy21	syu4	嘆詞，表制止		2
11448	蜍	蜍	ʃy21	syu4	蟾蜍（口語稱蠄蟝）		2
11449	殳	殳	ʃy21	syu4			3
11450	陎	陎	ʃy21	syu4			3
11451	藷	𫉄	ʃy21	syu4	通薯字		4
11452	糬	糬	ʃy21	syu4			5
11453	墅	墅	ʃy24	syu5	別墅		1
11454	曙	曙	ʃy24	syu5			1
11455	署	署	ʃy24	syu5	署名，專署		1
11456	樹	树	ʃy22	syu6			1
11457	豎	竖	ʃy22	syu6	橫豎，豎琴		1
11458	澍	澍	ʃy22	syu6			2
11459	裋	裋	ʃy22	syu6			4
11460	瞬	瞬	ʃyn33	syun3		(老派)	1
11461	脣	唇	ʃyn21	syun4		(老派)	1
11462	淳	淳	ʃyn21	syun4		(又)	1
11463	純	纯	ʃyn21	syun4		(又)	1
11464	船	船	ʃyn21	syun4			1
11465	醇	醇	ʃyn21	syun4		(又)	1
11466	蓴	莼	ʃyn21	syun4		(又)	2
11467	錞	𬭚	ʃyn21	syun4		(又)	3
11468	舡	舡	ʃyn21	syun4			4
11469	蒓	莼	ʃyn21	syun4		(又)	4
11470	唇	唇	ʃyn21	syun4		(老派)	5
11471	吮	吮	ʃyn24	syun5			1
11472	雋	隽	ʃyn24	syun5	雋永		2
11473	楯	楯	ʃyn24	syun5	欄杆		2
11474	順	顺	ʃyn22	syun6		(老派)	1
11475	舜	舜	ʃyn22	syun6		(老派)	2
11476	腨	腨	ʃyn22	syun6			3
11477	說	说	ʃyt3	syut3	說話，小說		1
11478	他	他	tʰa55	taa1			1
11479	她	她	tʰa55	taa1	晚起字，他字女性		1
11480	它	它	tʰa55	taa1			1
11481	鉈	铊	tʰa55	taa1	金屬元素，符號Tl		2
11482	怹	怹	tʰa55	taa1	他的敬稱		4
11483	牠	牠	tʰa55	taa1			5
11484	祂	祂	tʰa55	taa1			5
11485	呔	呔	tʰai55	taai1	車～，車胎，英語tyre	(外)	2
11486	𧘹	𧘹	tʰai55	taai1	領～，領帶，英語tie，罕用，多數用領帶	(外)	4
11487	太	太	tʰai33	taai3			1
11488	態	态	tʰai33	taai3			1
11489	汰	汰	tʰai33	taai3			1
11490	泰	泰	tʰai33	taai3			1
11491	貸	贷	tʰai33	taai3	貸款，借貸		1
11492	傣	傣	tʰai33	taai3	本讀	(又)	2
11493	鈦	钛	tʰai33	taai3			2
11494	肽	肽	tʰai33	taai3			2
11495	酞	酞	tʰai33	taai3			2
11496	汏	汏	tʰai33	taai3	同汰字		4
11497	舵	舵	tʰai24	taai5	掌舵，俗字舦	(白)	1
11498	柁	柁	tʰai24	taai5		(白)	2
11499	貪	贪	tʰam55	taam1			1
11500	坍	坍	tʰam55	taam1		(又)	2
11501	菼	菼	tʰam35	taam2			3
11502	探	探	tʰam33	taam3	探路，試探		1
11503	賧	赕	tʰam33	taam3	夷人以財贖罪		2
11504	埮	埮	tʰam33	taam3	壏埮		4
11505	舕	舕	tʰam33	taam3	吐舌貌		4
11506	黮	黮	tʰam33	taam3	黮闇		4
11507	䐺	䐺	tʰam33	taam3	食味美		4
11508	傝	傝	tʰam33	taam3	傝儑		5
11509	撢	撢	tʰam33	taam3	同探字		5
11510	罈	坛	tʰam21	taam4	酒罈，源自壜		1
11511	潭	潭	tʰam21	taam4	泥潭，深潭；姓		1
11512	痰	痰	tʰam21	taam4	吐痰，痰盂		1
11513	談	谈	tʰam21	taam4			1
11514	譚	谭	tʰam21	taam4			1
11515	澹	澹	tʰam21	taam4	澹臺（複姓）		2
11516	覃	覃	tʰam21	taam4	覃思；姓		2
11517	曇	昙	tʰam21	taam4			2
11518	蕁	荨	tʰam21	taam4	知母草		2
11519	蕈	蕈	tʰam21	taam4	植物名		2
11520	郯	郯	tʰam21	taam4			2
11521	鐔	镡	tʰam21	taam4	古兵器，似劍而小；姓		2
11522	倓	倓	tʰam21	taam4	倓然		3
11523	惔	惔	tʰam21	taam4	火燒		3
11524	磹	磹	tʰam21	taam4	地名，磹口（在福建）		3
11525	蟫	蟫	tʰam21	taam4	蠹魚		3
11526	錟	锬	tʰam21	taam4	長矛		3
11527	埮	埮	tʰam21	taam4	同壜字		4
11528	燂	燂	tʰam21	taam4	燒熱		4
11529	醰	醰	tʰam21	taam4	醇厚		4
11530	壜	坛	tʰam21	taam4	甒屬；地名用字，壜洛（在南寧興寧區）、壜澤（在南寧良慶區），與榃同源，源自潭（深水池）		4
11531	𧽼	𧽼	tʰam21	taam4	走貌		4
11532	淡	淡	tʰam24	taam5	清淡，鹹淡，淡季，多用於味道或生意淡；地名，淡村	(白)	1
11533	攤	摊	tʰan55	taan1	擺攤，攤開		1
11534	灘	滩	tʰan55	taan1			1
11535	癱	瘫	tʰan55	taan1		(又)	1
11536	坍	坍	tʰan55	taan1	坍塌		2
11537	嘽	啴	tʰan55	taan1	嘽嘽		3
11538	坦	坦	tʰan35	taan2			1
11539	毯	毯	tʰan35	taan2			1
11540	癱	瘫	tʰan35	taan2	癱瘓，面癱		1
11541	袒	袒	tʰan35	taan2			2
11542	亶	亶	tʰan35	taan2	誠信；姓		2
11543	忐	忐	tʰan35	taan2	忐忑，源自憳忒/怛惕		2
11544	鉭	钽	tʰan35	taan2			2
11545	璮	璮	tʰan35	taan2			3
11546	儃	儃	tʰan35	taan2	儃儃		5
11547	嘆	叹	tʰan33	taan3	嘆息，嘆氣；～茶，品茶，～世界，享清福，一說本字儃		1
11548	炭	炭	tʰan33	taan3			1
11549	碳	碳	tʰan33	taan3			1
11550	歎	叹	tʰan33	taan3	詠歎，讚歎		1
11551	壇	坛	tʰan21	taan4	花壇，論壇		1
11552	彈	弹	tʰan21	taan4		(文)	1
11553	檀	檀	tʰan21	taan4			1
11554	鞳	鞳	tʰap5	taap1	又音，剪物聲	(語)	3
11555	塌	塌	tʰap3	taap3	倒塌，塌方		1
11556	塔	塔	tʰap3	taap3			1
11557	拓	拓	tʰap3	taap3	同搨字，拓本，拓印		1
11558	榻	榻	tʰap3	taap3	牀榻，榻榻米		2
11559	嗒	嗒	tʰap3	taap3	嗒然若失		2
11560	漯	漯	tʰap3	taap3	古水名		2
11561	褟	褟	tʰap3	taap3			2
11562	鰨	鳎	tʰap3	taap3	鰨目魚		2
11563	溻	溻	tʰap3	taap3	溻溼，溼溻溻		2
11564	闒	阘	tʰap3	taap3	闒茸		3
11565	鞳	鞳	tʰap3	taap3	鏜鞳		3
11566	溚	溚	tʰap3	taap3	焦油舊稱；古水名		3
11567	嚃	嚃	tʰap3	taap3			4
11568	搨	搨	tʰap3	taap3	搨本，搨印		4
11569	錔	錔	tʰap3	taap3	器物錔頭，筆～，筆帽	(名)	4
11570	䍇	䍇	tʰap3	taap3	平底罈子，埕埕～～，罈罈罐罐		4
11571	傝	傝	tʰap3	taap3	傝𠎷		5
11572	塌	塌	tʰat3	taat3	塌臺；黑～～，形容臉色陰沉，後字逆同化；～皮、～傷皮，蹭破皮兒	(又)	1
11573	達	达	tʰat3	taat3	挑達	(古)	1
11574	撻	挞	tʰat3	taat3	撻伐；蛋撻，英語tart；～一巴掌，打一巴掌		2
11575	榻	榻	tʰat3	taat3	榻榻米，後字逆同化	(又)	2
11576	躂	跶	tʰat3	taat3	踢躂，蹓躂		2
11577	韃	鞑	tʰat3	taat3			2
11578	趿	趿	tʰat3	taat3	趿拉		2
11579	遢	遢	tʰat3	taat3	邋遢		2
11580	闥	闼	tʰat3	taat3			2
11581	靸	靸	tʰat3	taat3	靸拉		2
11582	鰨	鳎	tʰat3	taat3		(又)	2
11583	溻	溻	tʰat3	taat3	溼溻溻，後字逆同化	(又)	2
11584	澾	㳠	tʰat3	taat3	滑也；～頭，光頭		4
11585	㒓	𠉂	tʰat3	taat3			4
11586	梯	梯	tʰɐi55	tai1			1
11587	銻	锑	tʰɐi55	tai1	金屬元素，符號Sb；〈語〉金屬鋁，因色近故稱，～崽，硬幣，～桶，鋁桶		2
11588	鷈	䴘	tʰɐi55	tai1			3
11589	鷉	䴘	tʰɐi55	tai1			3
11590	體	体	tʰɐi35	tai2			1
11591	睇	睇	tʰɐi35	tai2	看；試/恁/行/喃/問～過，試試/想想/走走/唸唸/問問看		2
11592	体	体	tʰɐi35	tai2			5
11593	剃	剃	tʰɐi33	tai3			1
11594	屜	屉	tʰɐi33	tai3	抽屜		1
11595	替	替	tʰɐi33	tai3			1
11596	涕	涕	tʰɐi33	tai3	鼻涕		1
11597	嚏	嚏	tʰɐi33	tai3			2
11598	裼	裼	tʰɐi33	tai3	載衣之褓		3
11599	髢	髢	tʰɐi33	tai3			3
11600	薙	薙	tʰɐi33	tai3			4
11601	啼	啼	tʰɐi21	tai4			1
11602	堤	堤	tʰɐi21	tai4	河堤，堤壩		1
11603	提	提	tʰɐi21	tai4			1
11604	蹄	蹄	tʰɐi21	tai4			1
11605	題	题	tʰɐi21	tai4			1
11606	綈	绨	tʰɐi21	tai4			2
11607	緹	缇	tʰɐi21	tai4			2
11608	荑	荑	tʰɐi21	tai4	初生葉貌		2
11609	醍	醍	tʰɐi21	tai4			2
11610	鯷	鳀	tʰɐi21	tai4			2
11611	鵜	鹈	tʰɐi21	tai4			2
11612	媞	媞	tʰɐi21	tai4	媞媞		3
11613	禔	禔	tʰɐi21	tai4			3
11614	踶	踶	tʰɐi21	tai4	蹄		3
11615	騠	𫘨	tʰɐi21	tai4			3
11616	瑅	瑅	tʰɐi21	tai4			3
11617	遆	遆	tʰɐi21	tai4			3
11618	隄	隄	tʰɐi21	tai4			4
11619	鶗	𫛸	tʰɐi21	tai4			4
11620	埞	埞	tʰɐi21	tai4	同堤/隄字		4
11621	磃	磃	tʰɐi21	tai4	磄磃		5
11622	褆	褆	tʰɐi21	tai4	衣厚貌		5
11623	謕	謕	tʰɐi21	tai4			5
11624	娣	娣	tʰɐi24	tai5			2
11625	慝	慝	tʰɐk5	tak1	惡		2
11626	忑	忑	tʰɐk5	tak1	忐忑，源自憳忒/怛惕		2
11627	忒	忒	tʰɐk5	tak1	忒好，忒大		2
11628	鋱	铽	tʰɐk5	tak1			3
11629	脦	脦	tʰɐk5	tak1	肋脦，不正容止也		4
11630	探	探	tʰɐm33	tam3	裝入（衣袋）	(白)	1
11631	舕	舕	tʰɐm33	tam3	哄騙，尤指哄孩子，俗字噤/𧨾；案，19世紀粵文獻中寫作噤，借義字，韻會或作𦧈，引韓愈同宿聯句，巧舌千皆𦧈，故而粵音本義爲巧舌，本字爲舕	(白)	4
11632	撢	撢	tʰɐm33	tam3		(白)	5
11633	坍	坍	tʰɐm21	tam4	壓；塌下	(語)	2
11634	榃	榃	tʰɐm21	tam4	俗字，水塘，源自潭（深水池）；地名，榃蒙（在賓陽縣）、榃冷村（在橫縣）		3
11635	𧽼	𧽼	tʰɐm21	tam4	～～轉，團團轉	(白)	4
11636	氹	氹	tʰɐm24	tam5	俗字，小水坑，本字窞		2
11637	凼	凼	tʰɐm24	tam5	同氹字		2
11638	窞	窞	tʰɐm24	tam5	小水坑，俗字氹/凼	(白)	4
11639	吞	吞	tʰɐn55	tan1			1
11640	飩	饨	tʰɐn55	tan1	餛飩		2
11641	暾	暾	tʰɐn55	tan1			2
11642	焞	焞	tʰɐn55	tan1	光明		3
11643	氽	氽	tʰɐn35	tan2			4
11644	褪	褪	tʰɐn33	tan3	移動、挪動，向裏頭～；後退，～後，後退，～車，倒車		1
11645	囤	囤	tʰɐn21	tan4	囤積，囤貨	(動)	1
11646	屯	屯	tʰɐn21	tan4	村屯，屯兵；肥～～，胖貌，姣～～，風騷		1
11647	臀	臀	tʰɐn21	tan4	臀部，臀圍		1
11648	豚	豚	tʰɐn21	tan4	海豚，河豚		1
11649	魨	鲀	tʰɐn21	tan4			2
11650	坉	坉	tʰɐn21	tan4	以草裹土築城及填水；田隴		3
11651	忳	忳	tʰɐn21	tan4	憂也；亂也；〈語〉發抖，手～腳震，手腳發抖，震～～，發抖		3
11652	迍	迍	tʰɐn21	tan4	迍迍，源自屯屯；〈語〉來回走動		4
11653	膯	膯	tʰɐŋ55	tang1	飽		4
11654	鼟	鼟	tʰɐŋ55	tang1			4
11655	疼	疼	tʰɐŋ21	tang4			1
11656	藤	藤	tʰɐŋ21	tang4			1
11657	謄	誊	tʰɐŋ21	tang4	謄寫		1
11658	騰	腾	tʰɐŋ21	tang4			1
11659	滕	滕	tʰɐŋ21	tang4			2
11660	縢	縢	tʰɐŋ21	tang4			3
11661	螣	螣	tʰɐŋ21	tang4	螣蛇		3
11662	鰧	䲢	tʰɐŋ21	tang4			3
11663	籐	籐	tʰɐŋ21	tang4			4
11664	幐	幐	tʰɐŋ21	tang4	囊也		4
11665	驣	驣	tʰɐŋ21	tang4			5
11666	錔	錔	tʰɐp5	tap1	套上	(動)	4
11667	偷	偷	tʰɐu55	tau1			1
11668	㪗	㪗	tʰɐu35	tau2	～氣，歇氣，又作敨字		4
11669	敨	敨	tʰɐu35	tau2	同㪗字，～氣，歇氣		5
11670	透	透	tʰɐu33	tau3	透明，熟透；～火，生火		1
11671	咅	咅	tʰɐu33	tau3			5
11672	頭	头	tʰɐu21	tau4			1
11673	投	投	tʰɐu21	tau4			1
11674	骰	骰	tʰɐu21	tau4	骰子		2
11675	牏	牏	tʰɐu21	tau4		(又)	5
11676	嗲	嗲	tʰɛ21	te4	詞綴，震～～，抖貌，源自忳忳，亂也	(語)	2
11677	剔	剔	tʰɛk3	tek3	剔除，剔骨	(白)	1
11678	踢	踢	tʰɛk3	tek3	踢球，猛踢；一腳～，一手包辦		1
11679	趯	趯	tʰɛk3	tek3	一～，漢字筆畫之一，即挑；～土旁，提土旁，～手旁，提手旁	(白)	3
11680	彈	弹	tʰɛn21	ten4	彈琴，彈指，彈簧；〈常〉彈弓，取彈射之弓義	(白)	1
11681	廳	厅	tʰɛŋ55	teng1			1
11682	聽	听	tʰɛŋ55	teng1	聽見，聽從，聽裝	(白)	1
11683	汀	汀	tʰɛŋ55	teng1	汀洲，水門汀	(白)	2
11684	听	听	tʰɛŋ55	teng1	同聽字	(白)	5
11685	艇	艇	tʰɛŋ24	teng5	遊艇，快艇；底～，內褲		1
11686	鞳	鞳	tʰɛp5	tep1	剪物聲	(語)	3
11687	趿	趿	tʰɛt5	tet1	拖～鞋，拖鞋	(白)	2
11688	挑	挑	tʰɛu35	teu2	提，～水，提水	(白)	1
11689	掉	掉	tʰɛu35	teu2	倒掉（水）；打～，打潑	(白)	1
11690	剔	剔	tʰek5	tik1	挑剔，剔牙		1
11691	惕	惕	tʰek5	tik1	警惕，惕勵，怛惕		1
11692	逖	逖	tʰek5	tik1			2
11693	俶	俶	tʰek5	tik1	俶儻，即倜儻		2
11694	倜	倜	tʰek5	tik1			2
11695	擿	擿	tʰek5	tik1	挑出；揭露		3
11696	趯	趯	tʰek5	tik1	跳貌；～算盤，打算盤，由鉤或挑義引申而來		3
11697	添	添	tʰim55	tim1			1
11698	黇	黇	tʰim55	tim1			3
11699	舔	舔	tʰim35	tim2	以舌取物，本字餂		1
11700	忝	忝	tʰim35	tim2			2
11701	栝	栝	tʰim35	tim2	撥火棍；木杖		2
11702	掭	掭	tʰim35	tim2	掭筆，本字㮇		3
11703	㮇	㮇	tʰim35	tim2	㮇筆		4
11704	恬	恬	tʰim21	tim4			1
11705	甜	甜	tʰim21	tim4			1
11706	湉	湉	tʰim21	tim4			2
11707	菾	菾	tʰim21	tim4			4
11708	天	天	tʰin55	tin1			1
11709	靦	䩄	tʰin35	tin2		(又)	2
11710	腆	腆	tʰin35	tin2		(書)	2
11711	町	町	tʰin35	tin2	町疃		2
11712	晪	晪	tʰin35	tin2		(又)	3
11713	淟	淟	tʰin35	tin2		(又)	3
11714	捵	捵	tʰin35	tin2		(又)	4
11715	㥏	㥏	tʰin35	tin2		(又)	4
11716	覥	觍	tʰin35	tin2		(又)	4
11717	瑱	瑱	tʰin33	tin3	玉名；耳飾		3
11718	捵	捵	tʰin33	tin3	掙扎	(語)	4
11719	佃	佃	tʰin21	tin4	佃作		1
11720	填	填	tʰin21	tin4			1
11721	滇	滇	tʰin21	tin4	水流貌		1
11722	田	田	tʰin21	tin4	單用專指水田；種田，田園		1
11723	闐	阗	tʰin21	tin4			2
11724	嗔	嗔	tʰin21	tin4	嗔嗔		2
11725	畋	畋	tʰin21	tin4			2
11726	鈿	钿	tʰin21	tin4	錢		2
11727	沺	沺	tʰin21	tin4			3
11728	畑	畑	tʰin21	tin4	日本漢字，讀同田		4
11729	畠	畠	tʰin21	tin4	日本漢字，讀同田		4
11730	鿬	鿬	tʰin21	tin4			4
11731	窴	窴	tʰin21	tin4			5
11732	殄	殄	tʰin24	tin5			2
11733	聽	听	tʰeŋ55	ting1	聽見；〈語〉～日，明日，天光的合音	(文)	1
11734	汀	汀	tʰeŋ55	ting1		(文)	2
11735	烴	烃	tʰeŋ55	ting1	碳氫化合物		2
11736	桯	桯	tʰeŋ55	ting1	桯子，桯凳		3
11737	綎	𬘩	tʰeŋ55	ting1			3
11738	朾	朾	tʰeŋ55	ting1	虛朾，宋地		4
11739	鞓	鞓	tʰeŋ55	ting1			4
11740	听	听	tʰeŋ55	ting1		(文)	5
11741	挺	挺	tʰeŋ35	ting2	挺胸，堅挺		1
11742	町	町	tʰeŋ35	ting2	町畦		2
11743	侹	侹	tʰeŋ35	ting2			3
11744	圢	圢	tʰeŋ35	ting2			3
11745	珽	珽	tʰeŋ35	ting2			3
11746	頲	颋	tʰeŋ35	ting2			3
11747	聽	听	tʰeŋ33	ting3	聽任，聽政，俗讀聽見之聽		1
11748	听	听	tʰeŋ33	ting3	同聽字		5
11749	亭	亭	tʰeŋ21	ting4	涼亭，亭子；量詞，種，阿～嘢，這種東西，又作停字		1
11750	停	停	tʰeŋ21	ting4	停止，停留；量詞，種，阿～嘢，這種東西，古字作亭		1
11751	庭	庭	tʰeŋ21	ting4			1
11752	廷	廷	tʰeŋ21	ting4			1
11753	蜓	蜓	tʰeŋ21	ting4	蜻蜓		1
11754	婷	婷	tʰeŋ21	ting4			2
11755	霆	霆	tʰeŋ21	ting4			2
11756	莛	莛	tʰeŋ21	ting4			2
11757	葶	葶	tʰeŋ21	ting4			2
11758	渟	渟	tʰeŋ21	ting4			3
11759	綎	𬘩	tʰeŋ21	ting4		(又)	3
11760	䗴	䗴	tʰeŋ21	ting4			3
11761	梃	梃	tʰeŋ24	ting5			2
11762	鋌	铤	tʰeŋ24	ting5	鋌而走險		2
11763	烶	烶	tʰeŋ24	ting5			3
11764	帖	帖	tʰip3	tip3	碑帖，請帖，妥帖		1
11765	貼	贴	tʰip3	tip3	體貼，貼身，補貼		1
11766	萜	萜	tʰip3	tip3			2
11767	跕	跕	tʰip3	tip3	跕屣		4
11768	䑜	䑜	tʰip3	tip3			5
11769	鐵	铁	tʰit3	tit3			1
11770	餮	餮	tʰit3	tit3			2
11771	銕	銕	tʰit3	tit3	同鐵字		5
11772	挑	挑	tʰiu55	tiu1	挑擔，挑戰，挑選		1
11773	雕	雕	tʰiu55	tiu1	雕刻，雕花	(又)	1
11774	佻	佻	tʰiu55	tiu1	輕佻		2
11775	祧	祧	tʰiu55	tiu1			3
11776	彫	雕	tʰiu55	tiu1	彫刻	(又)	4
11777	䠷	䠷	tʰiu55	tiu1			5
11778	跳	跳	tʰiu33	tiu3	跳高，跳舞；～皮，調皮、頑皮		1
11779	眺	眺	tʰiu33	tiu3			2
11780	糶	粜	tʰiu33	tiu3			2
11781	朓	朓	tʰiu33	tiu3			3
11782	趒	趒	tʰiu33	tiu3			5
11783	條	条	tʰiu21	tiu4	條件，字條；量詞，一條魚，一條橋（一座橋），一條村（一座村），一條炮（一隻象棋的炮）		1
11784	調	调	tʰiu21	tiu4	調和，調整		1
11785	迢	迢	tʰiu21	tiu4			1
11786	佻	佻	tʰiu21	tiu4	佻佻		2
11787	笤	笤	tʰiu21	tiu4			2
11788	苕	苕	tʰiu21	tiu4	凌霄花；苕菜		2
11789	蜩	蜩	tʰiu21	tiu4			2
11790	銚	铫	tʰiu21	tiu4	長矛		2
11791	髫	髫	tʰiu21	tiu4			2
11792	嬥	嬥	tʰiu21	tiu4	身材修長而美好		3
11793	鰷	鲦	tʰiu21	tiu4			3
11794	齠	龆	tʰiu21	tiu4			3
11795	岧	岧	tʰiu21	tiu4			4
11796	䯾	䯾	tʰiu21	tiu4	髮多		5
11797	窕	窕	tʰiu24	tiu5			2
11798	拖	拖	tʰɔ55	to1	拖拉，拖船		1
11799	陀	陀	tʰɔ55	to1	圓～螺[lɔ55]，圓滾滾	(白)	2
11800	拕	拕	tʰɔ55	to1			4
11801	妥	妥	tʰɔ35	to2		(又)	1
11802	橢	椭	tʰɔ35	to2		(又)	1
11803	駝	驼	tʰɔ35	to2	阿～，羅鍋兒、駝背的人	(白)	1
11804	唾	唾	tʰɔ33	to3	唾液，唾棄		1
11805	舵	舵	tʰɔ21	to4		(又)	1
11806	馱	驮	tʰɔ21	to4	馱起		1
11807	駝	驼	tʰɔ21	to4	駝背，駱駝		1
11808	鴕	鸵	tʰɔ21	to4			1
11809	佗	佗	tʰɔ21	to4			2
11810	沱	沱	tʰɔ21	to4			2
11811	跎	跎	tʰɔ21	to4	蹉跎		2
11812	陀	陀	tʰɔ21	to4	陀螺，肉陀		2
11813	坨	坨	tʰɔ21	to4			2
11814	柁	柁	tʰɔ21	to4	木葉落；房柁		2
11815	砣	砣	tʰɔ21	to4			2
11816	酡	酡	tʰɔ21	to4			2
11817	鉈	铊	tʰɔ21	to4	秤砣		2
11818	鼉	鼍	tʰɔ21	to4			2
11819	鮀	𬶍	tʰɔ21	to4			3
11820	堶	堶	tʰɔ21	to4			4
11821	陁	陁	tʰɔ21	to4	盤陁，同盤陀		4
11822	鼧	鼧	tʰɔ21	to4			4
11823	阤	阤	tʰɔ21	to4	陂阤		5
11824	妥	妥	tʰɔ24	to5	妥當，穩妥		1
11825	橢	椭	tʰɔ24	to5	橢圓		1
11826	舵	舵	tʰɔ24	to5	舵手，掌舵		1
11827	柁	柁	tʰɔ24	to5	同舵字		2
11828	唾	唾	tʰœ33	toe3	～口水，吐口水，已罕讀	(白)	1
11829	胎	胎	tʰɔi55	toi1	胎兒，懷胎		1
11830	苔	苔	tʰɔi55	toi1	舌苔		1
11831	呔	呔	tʰɔi35	toi2	語不正，本字㘆		2
11832	㘆	㘆	tʰɔi35	toi2	語不正		4
11833	台	台	tʰɔi21	toi4	兄台；台州，天台山		1
11834	臺	台	tʰɔi21	toi4	平臺，臺階		1
11835	颱	台	tʰɔi21	toi4	颱風		1
11836	苔	苔	tʰɔi21	toi4	青苔		1
11837	檯	台	tʰɔi21	toi4	櫃檯，檯面		1
11838	擡	抬	tʰɔi21	toi4	擡頭，擡高		1
11839	跆	跆	tʰɔi21	toi4			2
11840	炱	炱	tʰɔi21	toi4			2
11841	薹	薹	tʰɔi21	toi4	蒜薹		2
11842	邰	邰	tʰɔi21	toi4			2
11843	駘	骀	tʰɔi21	toi4	劣馬		2
11844	鮐	鲐	tʰɔi21	toi4			2
11845	抬	抬	tʰɔi21	toi4	同擡字		4
11846	儓	儓	tʰɔi21	toi4			4
11847	枱	台	tʰɔi21	toi4	同檯字		5
11848	托	托	tʰɔk3	tok3	托起，烘托		1
11849	託	托	tʰɔk3	tok3	委託，託付		1
11850	拓	拓	tʰɔk3	tok3	開拓，拓展		1
11851	魄	魄	tʰɔk3	tok3	落魄，又作落拓		1
11852	庹	庹	tʰɔk3	tok3	量詞，兩臂平伸的距離（口語用弸）；姓		2
11853	柝	柝	tʰɔk3	tok3			2
11854	橐	橐	tʰɔk3	tok3			2
11855	侂	侂	tʰɔk3	tok3			3
11856	籜	箨	tʰɔk3	tok3			3
11857	蘀	萚	tʰɔk3	tok3			3
11858	跅	跅	tʰɔk3	tok3			4
11859	飥	饦	tʰɔk3	tok3	餺飥		4
11860	魠	魠	tʰɔk3	tok3			5
11861	湯	汤	tʰɔŋ55	tong1	雞湯，湯圓；宰殺，俗字劏		1
11862	鏜	镗	tʰɔŋ55	tong1	象聲詞，鏜鞳		2
11863	羰	羰	tʰɔŋ55	tong1			2
11864	蹚	蹚	tʰɔŋ55	tong1	蹚水，蹚渾水；蹚地		2
11865	嘡	嘡	tʰɔŋ55	tong1			2
11866	鐋	铴	tʰɔŋ55	tong1	鐋鑼		3
11867	劏	㓥	tʰɔŋ55	tong1	俗字，宰殺，本字湯；路名，劏羊街，今當陽街		4
11868	倘	倘	tʰɔŋ35	tong2	倘若，倘使		1
11869	淌	淌	tʰɔŋ35	tong2			1
11870	躺	躺	tʰɔŋ35	tong2			1
11871	帑	帑	tʰɔŋ35	tong2			2
11872	儻	傥	tʰɔŋ35	tong2			2
11873	惝	惝	tʰɔŋ35	tong2		(又)	2
11874	蹚	蹚	tʰɔŋ35	tong2	蹚水，蹚渾水，讀同躺/淌/倘	(常)	2
11875	耥	耥	tʰɔŋ35	tong2	耥耙		2
11876	钂	镋	tʰɔŋ35	tong2			3
11877	鎲	镋	tʰɔŋ35	tong2			5
11878	燙	烫	tʰɔŋ33	tong3			1
11879	趟	趟	tʰɔŋ33	tong3	一趟，趟馬		1
11880	熨	熨	tʰɔŋ33	tong3	熨斗，訓讀燙，另一說訓讀摥	(訓)	2
11881	鐋	铴	tʰɔŋ33	tong3	平木石器；熱酒		3
11882	摥	摥	tʰɔŋ33	tong3	推，～櫳門，推式房門，批～，用抹子抹平		4
11883	唐	唐	tʰɔŋ21	tong4			1
11884	堂	堂	tʰɔŋ21	tong4	廳堂，堂兄；量詞，一堂課，一堂被（一牀被子），一堂蚊帳（一頂蚊帳）		1
11885	塘	塘	tʰɔŋ21	tong4			1
11886	棠	棠	tʰɔŋ21	tong4			1
11887	糖	糖	tʰɔŋ21	tong4			1
11888	醣	糖	tʰɔŋ21	tong4			1
11889	膛	膛	tʰɔŋ21	tong4			1
11890	搪	搪	tʰɔŋ21	tong4			2
11891	螳	螳	tʰɔŋ21	tong4	螳螂（口語稱馬螂扛）		2
11892	鏜	镗	tʰɔŋ21	tong4	加工零件之法		2
11893	樘	樘	tʰɔŋ21	tong4			2
11894	溏	溏	tʰɔŋ21	tong4			2
11895	瑭	瑭	tʰɔŋ21	tong4			2
11896	餳	饧	tʰɔŋ21	tong4	同餹字		2
11897	螗	螗	tʰɔŋ21	tong4			3
11898	䣘	䣘	tʰɔŋ21	tong4			3
11899	鄌	鄌	tʰɔŋ21	tong4			3
11900	赯	赯	tʰɔŋ21	tong4			4
11901	坣	坣	tʰɔŋ21	tong4			4
11902	叨	叨	tʰu55	tu1	叨光		1
11903	挑	挑	tʰu55	tu1	挑達	(古)	1
11904	滔	滔	tʰu55	tu1			1
11905	韜	韬	tʰu55	tu1			2
11906	絛	绦	tʰu55	tu1			2
11907	饕	饕	tʰu55	tu1			2
11908	弢	弢	tʰu55	tu1			3
11909	慆	慆	tʰu55	tu1			3
11910	㻬	㻬	tʰu55	tu1	㻬琈		3
11911	搯	搯	tʰu55	tu1	掏，挖取		4
11912	縚	縚	tʰu55	tu1			4
11913	土	土	tʰu35	tu2			1
11914	討	讨	tʰu35	tu2			1
11915	釷	钍	tʰu35	tu2			2
11916	䵚	䵚	tʰu35	tu2			4
11917	兔	兔	tʰu33	tu3			1
11918	吐	吐	tʰu33	tu3	吐痰；嘔吐		1
11919	套	套	tʰu33	tu3			1
11920	堍	堍	tʰu33	tu3			2
11921	菟	菟	tʰu33	tu3	菟絲		2
11922	圖	图	tʰu21	tu4			1
11923	屠	屠	tʰu21	tu4			1
11924	徒	徒	tʰu21	tu4			1
11925	掏	掏	tʰu21	tu4	掏錢		1
11926	桃	桃	tʰu21	tu4			1
11927	塗	涂	tʰu21	tu4	泥塗，塗抹		1
11928	濤	涛	tʰu21	tu4			1
11929	淘	淘	tʰu21	tu4	淘米，淘氣		1
11930	萄	萄	tʰu21	tu4			1
11931	逃	逃	tʰu21	tu4			1
11932	途	途	tʰu21	tu4			1
11933	陶	陶	tʰu21	tu4	陶冶，陶器		1
11934	啕	啕	tʰu21	tu4			2
11935	荼	荼	tʰu21	tu4	荼毒，如火如荼		2
11936	洮	洮	tʰu21	tu4	盥洗		2
11937	燾	焘	tʰu21	tu4	人名用字		2
11938	菟	菟	tʰu21	tu4	於菟		2
11939	梌	梌	tʰu21	tu4			3
11940	檮	梼	tʰu21	tu4			3
11941	稌	稌	tʰu21	tu4			3
11942	綯	绹	tʰu21	tu4	絞也		3
11943	酴	酴	tʰu21	tu4			3
11944	鼗	鼗	tʰu21	tu4			3
11945	騊	𫘦	tʰu21	tu4			3
11946	駼	𬳿	tʰu21	tu4			3
11947	匋	匋	tʰu21	tu4			4
11948	咷	咷	tʰu21	tu4			4
11949	涂	涂	tʰu21	tu4	姓；通塗/途字		4
11950	瘏	瘏	tʰu21	tu4			4
11951	醄	醄	tʰu21	tu4			4
11952	鞀	鞀	tʰu21	tu4			4
11953	䄻	䄻	tʰu21	tu4			4
11954	肚	肚	tʰu24	tu5	豬肚；肚皮		1
11955	推	推	tʰui55	tui1	推開，推動		1
11956	焞	焞	tʰui55	tui1	盛		3
11957	腿	腿	tʰui35	tui2			1
11958	蛻	蜕	tʰui33	tui3			1
11959	褪	褪	tʰui33	tui3	褪色		1
11960	退	退	tʰui33	tui3			1
11961	煺	煺	tʰui33	tui3			2
11962	侻	侻	tʰui33	tui3	舒緩貌		4
11963	頹	颓	tʰui21	tui4	頹廢，傾頹；〈語〉蠢笨		1
11964	魋	魋	tʰui21	tui4	獸名		3
11965	隤	𬯎	tʰui21	tui4			3
11966	穨	穨	tʰui21	tui4			4
11967	尵	𪨇	tʰui21	tui4			4
11968	頽	颓	tʰui21	tui4			5
11969	禿	秃	tʰʊk5	tuk1	禿頂，光禿禿		1
11970	𢬳	𢬳	tʰʊk5	tuk1			4
11971	囪	囱	tʰʊŋ55	tung1	煙囪，訓讀通	(訓)	1
11972	彤	彤	tʰʊŋ55	tung1	紅彤彤，又作紅通通	(白)	1
11973	通	通	tʰʊŋ55	tung1			1
11974	恫	恫	tʰʊŋ55	tung1	恫瘝		2
11975	熥	熥	tʰʊŋ55	tung1			2
11976	嗵	嗵	tʰʊŋ55	tung1			2
11977	樋	樋	tʰʊŋ55	tung1			4
11978	囱	囱	tʰʊŋ55	tung1		(訓)	5
11979	桶	桶	tʰʊŋ35	tung2	水桶，櫃桶（抽屜）；～裙，襯裙		1
11980	統	统	tʰʊŋ35	tung2			1
11981	捅	捅	tʰʊŋ35	tung2	捅破，捅穿		1
11982	㛚	㛚	tʰʊŋ35	tung2			3
11983	痛	痛	tʰʊŋ33	tung3			1
11984	同	同	tʰʊŋ21	tung4	共同，同時；連詞，和；疑問代詞，～點，怎麼		1
11985	彤	彤	tʰʊŋ21	tung4	彤雲，紅彤彤		1
11986	桐	桐	tʰʊŋ21	tung4			1
11987	洞	洞	tʰʊŋ21	tung4	澒洞；洪洞縣		1
11988	瞳	瞳	tʰʊŋ21	tung4			1
11989	童	童	tʰʊŋ21	tung4			1
11990	筒	筒	tʰʊŋ21	tung4	竹筒，筒骨（豬的腿骨和脛骨）；量詞，一筒膠卷（一捲膠卷），一筒鼻涕（一鼻子鼻涕）		1
11991	銅	铜	tʰʊŋ21	tung4			1
11992	僮	僮	tʰʊŋ21	tung4	書僮		2
11993	鼕	冬	tʰʊŋ21	tung4		(又)	2
11994	潼	潼	tʰʊŋ21	tung4			2
11995	佟	佟	tʰʊŋ21	tung4			2
11996	侗	侗	tʰʊŋ21	tung4	倥侗		2
11997	垌	垌	tʰʊŋ21	tung4	地名，坰冢（在湖北）		2
11998	峒	峒	tʰʊŋ21	tung4	崆峒		2
11999	艟	艟	tʰʊŋ21	tung4	艨艟，讀同童		2
12000	茼	茼	tʰʊŋ21	tung4	茼蒿		2
12001	酮	酮	tʰʊŋ21	tung4			2
12002	砼	砼	tʰʊŋ21	tung4			2
12003	仝	仝	tʰʊŋ21	tung4	姓		3
12004	哃	哃	tʰʊŋ21	tung4			3
12005	曈	曈	tʰʊŋ21	tung4			3
12006	橦	橦	tʰʊŋ21	tung4	木棉樹		3
12007	烔	烔	tʰʊŋ21	tung4			3
12008	穜	穜	tʰʊŋ21	tung4	先種後熟的農作物		3
12009	鮦	鲖	tʰʊŋ21	tung4	鮦魚		3
12010	詷	𫍣	tʰʊŋ21	tung4	共同		3
12011	峂	峂	tʰʊŋ21	tung4			3
12012	𦒍	𦒍	tʰʊŋ21	tung4			3
12013	衕	同	tʰʊŋ21	tung4	衚衕		4
12014	朣	朣	tʰʊŋ21	tung4			4
12015	犝	犝	tʰʊŋ21	tung4			4
12016	湍	湍	tʰyn55	tyun1			2
12017	煓	煓	tʰyn55	tyun1			3
12018	猯	猯	tʰyn55	tyun1			3
12019	疃	疃	tʰyn35	tyun2			2
12020	彖	彖	tʰyn33	tyun3			3
12021	團	团	tʰyn21	tyun4	團結		1
12022	糰	团	tʰyn21	tyun4	糯米糰		1
12023	摶	抟	tʰyn21	tyun4			2
12024	槫	𣏢	tʰyn21	tyun4			5
12025	斷	断	tʰyn24	tyun5	折斷，斷絕，保留濁上		1
12026	禿	秃	tʰyt5	tyut1	光～～，光禿禿，本字脫	(訓)	1
12027	脫	脱	tʰyt5	tyut1	光～～，光禿禿	(白)	1
12028	脫	脱	tʰyt3	tyut3	脫離，解脫		1
12029	梲	棁	tʰyt3	tyut3	杖		2
12030	侻	侻	tʰyt3	tyut3	簡易		4
12031	挩	捝	tʰyt3	tyut3	解脫；遺漏		4
12032	嗚	呜	∅u55	u1	～呼[hu55]，表無奈或幸災樂禍	(語)	1
12033	鏖	鏖	∅u55	u1			2
12034	熝	熝	∅u55	u1	同𤏶字，煨熟		4
12035	爊	爊	∅u55	u1	同𤏶字，煨熟		4
12036	𤏶	爊	∅u55	u1	煨熟，後作爊		4
12037	噢	噢	∅u35	u2	表驚奇	(語)	2
12038	媼	媪	∅u35	u2	老媼，媼嫗		2
12039	䴈	𬸩	∅u35	u2			4
12040	嗚	呜	∅u33	u3	又音，～呼[hu33]	(語)	1
12041	奧	奥	∅u33	u3			1
12042	懊	懊	∅u33	u3	懊惱；懊悔		1
12043	澳	澳	∅u33	u3			1
12044	襖	袄	∅u33	u3	棉襖，讀同懊		1
12045	噢	噢	∅u33	u3	嘆詞		2
12046	燠	燠	∅u33	u3	甚熱		2
12047	嶴	岙	∅u33	u3			3
12048	隩	隩	∅u33	u3	通奧字		3
12049	圫	圫	∅u33	u3			3
12050	墺	墺	∅u33	u3			4
12051	鿫	鿫	∅u33	u3			4
12052	扷	扷	∅u33	u3			5
12053	擙	擙	∅u33	u3			5
12054	哎	哎	∅ui55	ui1	表招呼或感嘆	(語)	1
12055	哎	哎	∅ui35	ui2	～唷[ju35]/喲[jɔ35]，表驚訝	(語)	1
12056	哎	哎	∅ui21	ui4	表嘆氣	(語)	1
12057	屋	屋	∅ʊk5	uk1	房屋，屋檐，屋頂；～起、～底、～企[kʰi35]，家，源自屋下，避諱下，轉讀企/起		1
12058	齷	龌	∅ʊk5	uk1	俗讀，讀同屋	(常)	2
12059	剭	剭	∅ʊk5	uk1			4
12060	翁	翁	∅ʊŋ55	ung1		(又)	1
12061	壅	壅	∅ʊŋ55	ung1	埋，～肥，施肥，～泥，培土	(白)	2
12062	㙲	壅	∅ʊŋ55	ung1		(白)	5
12063	擁	拥	∅ʊŋ35	ung2	推，～卒，拱卒	(白)	1
12064	甕	瓮	∅ʊŋ33	ung3	酒甕，入甕；～缸，水缸；量詞		2
12065	蕹	蕹	∅ʊŋ33	ung3	蕹菜		3
12066	瓮	瓮	∅ʊŋ33	ung3	罌也		4
12067	齆	齆	∅ʊŋ33	ung3			4
12068	䐥	䐥	∅ʊŋ33	ung3			4
12069	罋	罋	∅ʊŋ33	ung3	同甕字		5
12070	凹	凹	wa55	waa1	同窪字		1
12071	划	划	wa55	waa1	划船，划槳	(又)	1
12072	哇	哇	wa55	waa1	哭聲；嘔吐；語氣詞		1
12073	嘩	哗	wa55	waa1	象聲詞，水流聲；同譁字		1
12074	譁	哗	wa55	waa1	譁然，喧譁		1
12075	娃	娃	wa55	waa1	娃娃		1
12076	窪	洼	wa55	waa1			1
12077	花	花	wa55	waa1	城區已罕讀	(白)	1
12078	蛙	蛙	wa55	waa1	青蛙，蛙泳		1
12079	咼	呙	wa55	waa1	嘴歪斜		3
12080	窊	窊	wa55	waa1			3
12081	畖	畖	wa55	waa1			3
12082	喎	㖞	wa55	waa1	同咼字，嘴歪		4
12083	洼	洼	wa55	waa1	同窪字		5
12084	娃	娃	wa35	waa2	娃[wa21]～崽，嬰兒；阿～，暱稱小孩	(白)	1
12085	畫	画	wa35	waa2	名詞，圖畫	(白)	1
12086	話	话	wa35	waa2	話劇	(白)	1
12087	搲	搲	wa35	waa2		(文)	4
12088	化	化	wa33	waa3	城區已罕讀	(白)	1
12089	划	划	wa21	waa4	划船，划槳，划算（口語稱抵值），划拳（口語稱猜碼）		1
12090	華	华	wa21	waa4	中華		1
12091	哇	哇	wa21	waa4	表讚歎	(語)	1
12092	樺	桦	wa21	waa4	樺樹		1
12093	鏵	铧	wa21	waa4			2
12094	驊	骅	wa21	waa4			2
12095	崋	崋	wa21	waa4			4
12096	搳	搳	wa21	waa4	搳拳		4
12097	踝	踝	wa24	waa5			2
12098	華	华	wa22	waa6	華山、姓，俗讀中華之華		1
12099	吧	吧	wa22	waa6	語氣詞，表推測，實爲吧[pa22]的弱讀（即[p-]➔[w-]），本讀口語已不用，俗字哇，今日冇會落雨～？	(白)	1
12100	畫	画	wa22	waa6	畫眉鳥，易受後字調類化爲陽平	(文)	1
12101	話	话	wa22	waa6	講話，話題，白話		1
12102	觟	觟	wa22	waa6	有角母羊		3
12103	崋	崋	wa22	waa6		(又)	4
12104	嬅	嬅	wa22	waa6			5
12105	歪	歪	wai55	waai1	俗字，歪曲，歪斜，本字竵		1
12106	塊	块	wai33	waai3	城區已罕讀	(白)	1
12107	快	快	wai33	waai3	城區已罕讀	(白)	1
12108	筷	筷	wai33	waai3	城區已罕讀	(白)	1
12109	懷	怀	wai21	waai4			1
12110	槐	槐	wai21	waai4			1
12111	淮	淮	wai21	waai4			1
12112	耲	耲	wai21	waai4			4
12113	怀	怀	wai21	waai4			5
12114	壞	坏	wai22	waai6			1
12115	坏	坏	wai22	waai6	同壞字		5
12116	劃	划	wak2	waak6	計劃，劃分		1
12117	惑	惑	wak2	waak6			1
12118	或	或	wak2	waak6	或者，或許，弱讀爲[wa22]		1
12119	畫	画	wak2	waak6	動詞，畫圖		1
12120	獲	获	wak2	waak6	獲得	(白)	1
12121	穫	获	wak2	waak6	收穫	(白)	1
12122	嚄	嚄	wak2	waak6	嚄唶	(白)	2
12123	嫿	婳	wak2	waak6			3
12124	砉	砉	wak2	waak6			3
12125	騞	𬴃	wak2	waak6	騞然		3
12126	掝	掝	wak2	waak6	裂開		4
12127	謋	𰵼	wak2	waak6			4
12128	㩇	㩇	wak2	waak6	擘也		4
12129	籰	籰	wak2	waak6	收絲器	(白)	4
12130	㗲	𠵾	wak2	waak6			4
12131	𦑌	𦑌	wak2	waak6	飛聲		4
12132	剨	剨	wak2	waak6			5
12133	彎	弯	wan55	waan1			1
12134	灣	湾	wan55	waan1			1
12135	壪	塆	wan55	waan1			2
12136	挽	挽	wan35	waan2	挽手，挽住	(白)	1
12137	玩	玩	wan35	waan2	玩耍，玩笑；玩世，古玩	(白)	1
12138	綰	绾	wan35	waan2			2
12139	翫	玩	wan35	waan2		(白)	5
12140	環	环	wan21	waan4	環境，循環		1
12141	還	还	wan21	waan4	〈副〉還有，還是；〈連〉連用表互不相干，講～講，做～做，或表讓步，我去～去，但冇食飯		1
12142	頑	顽	wan21	waan4	頑童，冥頑		1
12143	桓	桓	wan21	waan4		(又)	2
12144	圜	圜	wan21	waan4	環繞、圍繞		2
12145	寰	寰	wan21	waan4			2
12146	繯	缳	wan21	waan4		(又)	2
12147	郇	郇	wan21	waan4	姓		2
12148	鬟	鬟	wan21	waan4			2
12149	䴉	鹮	wan21	waan4			2
12150	嬛	嬛	wan21	waan4	琅嬛		3
12151	澴	澴	wan21	waan4			3
12152	鍰	锾	wan21	waan4			3
12153	鐶	镮	wan21	waan4			3
12154	闤	阛	wan21	waan4			4
12155	轘	𮝹	wan21	waan4	轘轅		4
12156	挽	挽	wan24	waan5	挽留，挽手，挽住		1
12157	輓	挽	wan24	waan5	輓聯，輓歌		1
12158	鯇	鲩	wan24	waan5		(文)	2
12159	宦	宦	wan22	waan6			1
12160	幻	幻	wan22	waan6			1
12161	患	患	wan22	waan6			1
12162	玩	玩	wan22	waan6		(文)	1
12163	豢	豢	wan22	waan6			2
12164	漶	漶	wan22	waan6			2
12165	繯	缳	wan22	waan6	投繯，繯首		2
12166	擐	擐	wan22	waan6		(又)	3
12167	轘	𮝹	wan22	waan6	轘刑		4
12168	翫	玩	wan22	waan6		(文)	5
12169	硡	硡	waŋ55	waang1	假借字，搞～，搞砸了，疑本字搞崩，前字韻尾順同化	(語)	4
12170	橫	横	waŋ21	waang4	橫豎；蠻橫，古讀去聲		1
12171	挖	挖	wat3	waat3		(文)	1
12172	斡	斡	wat3	waat3	斡旋；地名，陸斡		2
12173	嗗	嗗	wat3	waat3	飲聲		4
12174	穵	穵	wat3	waat3		(文)	5
12175	滑	滑	wat2	waat6	滑冰，滑雪；〈又〉滑稽	(文)	1
12176	猾	猾	wat2	waat6		(文)	1
12177	喂	喂	wɐi55	wai1	恐也；嘆詞，表反感，常讀高降調[wɐi53]，～！到底邊個加叻？		1
12178	委	委	wɐi55	wai1	虛與委蛇		1
12179	威	威	wɐi55	wai1			1
12180	揮	挥	wɐi55	wai1	揮手，指揮	(白)	1
12181	輝	辉	wɐi55	wai1	光輝，輝煌	(白)	1
12182	爲	为	wɐi55	wai1	難爲	(白)	1
12183	倭	倭	wɐi55	wai1	倭遲	(古)	2
12184	琿	珲	wɐi55	wai1	璦琿	(白)	2
12185	麾	麾	wɐi55	wai1		(白)	2
12186	崴	崴	wɐi55	wai1	崴嵬；崴子		2
12187	翬	翚	wɐi55	wai1		(白)	2
12188	葳	葳	wɐi55	wai1			2
12189	逶	逶	wɐi55	wai1			2
12190	隳	隳	wɐi55	wai1		(白)	2
12191	暉	晖	wɐi55	wai1		(白)	3
12192	撝	㧑	wɐi55	wai1		(白)	3
12193	褘	袆	wɐi55	wai1		(白)	3
12194	溾	溾	wɐi55	wai1	溾浽		4
12195	癐	𤶊	wɐi55	wai1	象聲詞		4
12196	煇	𪸩	wɐi55	wai1		(白)	4
12197	媁	媁	wɐi55	wai1	好看、漂亮，～水，俗字威		4
12198	為	为	wɐi55	wai1	難為	(白)	5
12199	蝛	蝛	wɐi55	wai1			5
12200	覣	覣	wɐi55	wai1			5
12201	噅	𠯠	wɐi55	wai1		(白)	5
12202	偉	伟	wɐi35	wai2	偉大，雄偉		1
12203	位	位	wɐi35	wai2	單位，坐位，一位，各位	(白)	1
12204	卉	卉	wɐi35	wai2			1
12205	唯	唯	wɐi35	wai2	唯唯諾諾		1
12206	喂	喂	wɐi35	wai2	句首爲嘆詞，表引起注意，句末爲語氣詞，表祈使或疑問	(語)	1
12207	委	委	wɐi35	wai2	委託		1
12208	毀	毁	wɐi35	wai2	毀滅		1
12209	燬	毁	wɐi35	wai2	焚燬		1
12210	緯	纬	wɐi35	wai2			1
12211	萎	萎	wɐi35	wai2	枯萎，萎縮，氣萎		1
12212	痿	痿	wɐi35	wai2			2
12213	諉	诿	wɐi35	wai2			2
12214	煒	炜	wɐi35	wai2			2
12215	瑋	玮	wɐi35	wai2			2
12216	虺	虺	wɐi35	wai2	虺蛇		2
12217	韙	韪	wɐi35	wai2			2
12218	廆	廆	wɐi35	wai2	人名用字		3
12219	碨	碨	wɐi35	wai2	碨磊		3
12220	薳	薳	wɐi35	wai2	草名；姓		3
12221	暐	𬀩	wɐi35	wai2			3
12222	蔿	𫇭	wɐi35	wai2			3
12223	虫	虫	wɐi35	wai2	虺的本字		4
12224	譭	毁	wɐi35	wai2	詆譭		4
12225	骫	骫	wɐi35	wai2			4
12226	韡	𮧵	wɐi35	wai2			4
12227	儰	儰	wɐi35	wai2			5
12228	蒍	𫇭	wɐi35	wai2			5
12229	偎	偎	wɐi33	wai3	讀同畏	(又)	1
12230	喂	喂	wɐi33	wai3	嘆詞，喚叫聲；同餧/餵字		1
12231	餵	喂	wɐi33	wai3	餵養，餵飯		1
12232	尉	尉	wɐi33	wai3	太尉		1
12233	慧	慧	wɐi33	wai3	智慧，前字調類化	(常)	1
12234	慰	慰	wɐi33	wai3			1
12235	畏	畏	wɐi33	wai3			1
12236	穢	秽	wɐi33	wai3			1
12237	蔚	蔚	wɐi33	wai3	蔚然		1
12238	蝟	猬	wɐi33	wai3	刺蝟，前字調類化	(常)	1
12239	猥	猥	wɐi33	wai3	猥瑣，讀同畏		2
12240	噦	哕	wɐi33	wai3	噦噦		2
12241	霨	霨	wɐi33	wai3			2
12242	磑	硙	wɐi33	wai3	同碨字，石磨		3
12243	碨	碨	wɐi33	wai3	石磨		3
12244	翽	翙	wɐi33	wai3			3
12245	螱	螱	wɐi33	wai3			3
12246	䲁	鳚	wɐi33	wai3			3
12247	餧	餧	wɐi33	wai3	餧飯，後作餵		4
12248	唯	唯	wɐi21	wai4	唯獨，唯物論		1
12249	圍	围	wɐi21	wai4			1
12250	帷	帷	wɐi21	wai4			1
12251	惟	惟	wɐi21	wai4	惟恐		1
12252	維	维	wɐi21	wai4	維護		1
12253	葦	苇	wɐi21	wai4	蘆葦，葦蓆，讀同韋		1
12254	違	违	wɐi21	wai4			1
12255	遺	遗	wɐi21	wai4	遺失		1
12256	爲	为	wɐi21	wai4	作爲；〈語〉計算，～過，算起來，～得過，划得來，～冇過，划不來		1
12257	闈	闱	wɐi21	wai4			2
12258	韋	韦	wɐi21	wai4			2
12259	圩	圩	wɐi21	wai4	圩堤		2
12260	幃	帏	wɐi21	wai4			2
12261	潿	涠	wɐi21	wai4			2
12262	濰	潍	wɐi21	wai4			2
12263	湋	𣲗	wɐi21	wai4			3
12264	琟	琟	wɐi21	wai4			3
12265	為	为	wɐi21	wai4	同爲字		5
12266	位	位	wɐi22	wai6	位置，地位，座位		1
12267	衛	卫	wɐi22	wai6	保衛，衛生		1
12268	惠	惠	wɐi22	wai6			1
12269	慧	慧	wɐi22	wai6	智慧，慧眼		1
12270	彙	汇	wɐi22	wai6		(書)	1
12271	胃	胃	wɐi22	wai6			1
12272	諱	讳	wɐi22	wai6			1
12273	謂	谓	wɐi22	wai6			1
12274	遺	遗	wɐi22	wai6	贈也	(古)	1
12275	蝟	猬	wɐi22	wai6	刺蝟，蝟集		1
12276	爲	为	wɐi22	wai6	爲了		1
12277	喟	喟	wɐi22	wai6	喟嘆，讀同胃/謂		2
12278	彗	彗	wɐi22	wai6			2
12279	渭	渭	wɐi22	wai6			2
12280	蕙	蕙	wɐi22	wai6			2
12281	恚	恚	wɐi22	wai6			2
12282	蟪	蟪	wɐi22	wai6			2
12283	橞	橞	wɐi22	wai6			3
12284	煟	煟	wɐi22	wai6			3
12285	譓	𬤝	wɐi22	wai6			3
12286	鏏	𬭬	wɐi22	wai6			3
12287	𠅤	𠅤	wɐi22	wai6			3
12288	憓	憓	wɐi22	wai6			4
12289	潓	潓	wɐi22	wai6			4
12290	蔧	蔧	wɐi22	wai6		(又)	4
12291	為	为	wɐi22	wai6	同爲字		5
12292	衞	卫	wɐi22	wai6	同衛字		5
12293	掝	掝	wɐk2	wak6	假借字，～手，招手，疑本字劃	(語)	4
12294	婚	婚	wɐn55	wan1	結婚，婚姻	(白)	1
12295	昏	昏	wɐn55	wan1	昏迷，黃昏，昏暗；～～沉沉，頭腦不清醒，～～七七，暈頭轉向，七七當爲襯字，元曲寫法，如炒炒七七	(白)	1
12296	暈	晕	wɐn55	wan1	暈車，暈倒，源自昏	(動)	1
12297	溫	温	wɐn55	wan1	溫習，體溫		1
12298	燻	熏	wɐn55	wan1	煙燻，燻肉，與爩對轉	(白)	1
12299	瘟	瘟	wɐn55	wan1			1
12300	葷	荤	wɐn55	wan1		(白)	1
12301	勳	勋	wɐn55	wan1	功勳，勳章	(白)	1
12302	熏	熏	wɐn55	wan1	熏陶，熏風	(白)	1
12303	薰	薰	wɐn55	wan1	薰衣草，薰香	(白)	2
12304	醺	醺	wɐn55	wan1		(白)	2
12305	曛	曛	wɐn55	wan1		(白)	2
12306	氳	氲	wɐn55	wan1	氤氳，氛氳		2
12307	贇	赟	wɐn55	wan1			2
12308	閽	阍	wɐn55	wan1		(白)	2
12309	惛	惛	wɐn55	wan1	糊塗		3
12310	熅	煴	wɐn55	wan1	無焰的火		3
12311	獯	獯	wɐn55	wan1		(白)	3
12312	縕	缊	wɐn55	wan1	絪縕		3
12313	薀	蕰	wɐn55	wan1	水草名		3
12314	轀	辒	wɐn55	wan1			3
12315	馧	馧	wɐn55	wan1	香		3
12316	纁	𫄸	wɐn55	wan1		(白)	3
12317	頵	𫖳	wɐn55	wan1			3
12318	榲	榅	wɐn55	wan1		(又)	3
12319	鰮	鳁	wɐn55	wan1			3
12320	勛	勋	wɐn55	wan1	勳的古字	(白)	4
12321	氲	氲	wɐn55	wan1			5
12322	塭	塭	wɐn55	wan1			5
12323	殟	殟	wɐn55	wan1			5
12324	蒕	蒀	wɐn55	wan1			5
12325	混	混	wɐn35	wan2	相混，混合，混亂	(白)	1
12326	溫	温	wɐn35	wan2	尋找，俗字搵，抑或受搵字形影響，即此字義讀彼字音，《篆隸萬象名義》尋也，《正字通》朱註訓尋繹，《江湖尺牘分韻撮要合集》尋繹也	(白)	1
12327	穩	稳	wɐn35	wan2			1
12328	搵	揾	wɐn35	wan2	沒也；〈語〉俗字，找，本字溫，《篆隸萬象名義》尋也，《正字通》朱註訓尋繹，《江湖尺牘分韻撮要合集》尋繹也		4
12329	困	困	wɐn33	wan3	囚禁，與屈對轉	(白)	1
12330	蘊	蕴	wɐn33	wan3			1
12331	訓	训	wɐn33	wan3	城區已罕讀	(白)	1
12332	醞	酝	wɐn33	wan3			1
12333	慍	愠	wɐn33	wan3	慍色，慍怒		2
12334	韞	韫	wɐn33	wan3			2
12335	縕	缊	wɐn33	wan3	亂麻；舊絮		3
12336	薀	蕰	wɐn33	wan3	通蘊字，積聚		3
12337	搵	揾	wɐn33	wan3	按、壓		4
12338	云	云	wɐn21	wan4	詩云，人云亦云		1
12339	雲	云	wɐn21	wan4	彩雲，雲集		1
12340	勻	匀	wɐn21	wan4	均勻，勻稱		1
12341	員	员	wɐn21	wan4	增益；古人名，伍員		1
12342	暈	晕	wɐn21	wan4	頭暈	(形)	1
12343	渾	浑	wɐn21	wan4	渾濁，渾身，渾然		1
12344	耘	耘	wɐn21	wan4			1
12345	魂	魂	wɐn21	wan4	鬼魂，魂魄；後綴成分，鬼～都失/折[ʃit2]、鬼～啊失/折[ʃit2]，極了，也省略作鬼魂、鬼魂失		1
12346	琿	珲	wɐn21	wan4	玉名；琿春市		2
12347	筠	筠	wɐn21	wan4	筠竹		2
12348	紜	纭	wɐn21	wan4			2
12349	餛	馄	wɐn21	wan4	餛飩		2
12350	昀	昀	wɐn21	wan4			2
12351	芸	芸	wɐn21	wan4	芸香，芸芸		2
12352	蕓	芸	wɐn21	wan4	蕓薹		2
12353	鄖	郧	wɐn21	wan4			2
12354	鋆	鋆	wɐn21	wan4	金		2
12355	妘	妘	wɐn21	wan4			3
12356	沄	沄	wɐn21	wan4			3
12357	澐	沄	wɐn21	wan4			3
12358	溳	涢	wɐn21	wan4			3
12359	篔	筼	wɐn21	wan4			3
12360	畇	畇	wɐn21	wan4			4
12361	餫	𫗥	wɐn21	wan4	餛飩		5
12362	允	允	wɐn24	wan5	允許，應允		1
12363	隕	陨	wɐn24	wan5			1
12364	尹	尹	wɐn24	wan5	姓		2
12365	殞	殒	wɐn24	wan5			2
12366	狁	狁	wɐn24	wan5			2
12367	員	员	wɐn22	wan6	姓		1
12368	暈	晕	wɐn22	wan6	日暈	(名)	1
12369	混	混	wɐn22	wan6	混帳，矇混	(文)	1
12370	運	运	wɐn22	wan6			1
12371	韻	韵	wɐn22	wan6			1
12372	熨	熨	wɐn22	wan6	熨斗，本字熅		2
12373	惲	恽	wɐn22	wan6			2
12374	溷	溷	wɐn22	wan6			2
12375	諢	诨	wɐn22	wan6			2
12376	鄆	郓	wɐn22	wan6			2
12377	熅	煴	wɐn22	wan6	熨		3
12378	婫	婫	wɐn22	wan6	覆蓋		3
12379	圂	圂	wɐn22	wan6			4
12380	餫	𫗥	wɐn22	wan6	運糧		5
12381	嗡	嗡	wɐŋ55	wang1	象聲詞，～～聲，嗡嗡響	(語)	1
12382	撔	撔	wɐŋ22	wang6	橫也；〈語〉繞道、抄近路，或爲屈路行的合音，又或暀[kʷɐŋ22]（圈、繞）的音變		4
12383	倔	倔	wɐt5	wat1	倔強，讀同屈	(又)	1
12384	尉	尉	wɐt5	wat1	尉遲（複姓）		1
12385	屈	屈	wɐt5	wat1	委屈，屈服；姓；～路行，繞道走；～頭雞，未孵出殼死在蛋裏的小雞兒；困、囚禁，～喺屋，悶在家		1
12386	窟	窟	wɐt5	wat1		(白)	1
12387	蔚	蔚	wɐt5	wat1	地名，蔚縣（在河北）		1
12388	鬱	郁	wɐt5	wat1	憂鬱		1
12389	熨	熨	wɐt5	wat1	熨帖		2
12390	菀	菀	wɐt5	wat1	茂盛		2
12391	魆	魆	wɐt5	wat1		(白)	2
12392	矻	矻	wɐt5	wat1		(白)	3
12393	膃	腽	wɐt5	wat1			3
12394	詘	诎	wɐt5	wat1	辭塞；彎曲		3
12395	馧	馧	wɐt5	wat1	馧馞		3
12396	㳚	㳚	wɐt5	wat1			3
12397	䓛	䓛	wɐt5	wat1			3
12398	榲	榅	wɐt5	wat1			3
12399	堀	堀	wɐt5	wat1		(白)	4
12400	爩	爩	wɐt5	wat1	煙氣；〈語〉燻，與燻對轉，俗字煀		4
12401	胐	胐	wɐt5	wat1		(白)	4
12402	黦	黦	wɐt5	wat1	黃黑色	(又)	4
12403	核	核	wɐt2	wat6	果核，棗核，本字𣝗		1
12404	聿	聿	wɐt2	wat6			2
12405	鶻	鹘	wɐt2	wat6	鶻突，回鶻		2
12406	鷸	鹬	wɐt2	wat6			2
12407	潏	潏	wɐt2	wat6	水流貌		3
12408	燏	燏	wɐt2	wat6			3
12409	矞	矞	wɐt2	wat6			3
12410	遹	遹	wɐt2	wat6			3
12411	抇	抇	wɐt2	wat6	同搰字，掘也；〈語〉攪動		4
12412	搰	搰	wɐt2	wat6	掘也；擾亂		4
12413	𣝗	𣝗	wɐt2	wat6			5
12414	汪	汪	wɐu55	wau1	象聲詞，狗吠聲，狗～～	(語)	1
12415	哇	哇	wɛ35	we2	嘔吐，想～，噁心，俗字噦	(白)	1
12416	噦	哕	wɛ35	we2	嘔吐，想～，噁心，本字哇，吐也	(訓)	2
12417	搲	搲	wɛ35	we2	撓，抓	(白)	4
12418	唄	呗	wɛ22	we6	語氣詞，實爲唄[pɛ22]的弱讀（即[p-]➔[w-]），本讀口語已不用，俗字𠹁，你來～	(白)	2
12419	環	环	wɛn21	wen4	耳環	(白)	1
12420	還	还	wɛn21	wen4	〈動〉還錢，還原；用在動詞後作複合趨向動詞，相當於回，樹一斬就長～，樹一斬就長回，方向盤打～方向，方向盤打回方向，衫褲收～返來，衣服收回來	(白)	1
12421	挽	挽	wɛn24	wen5	罕讀	(白)	1
12422	鯇	鲩	wɛn24	wen5	鯇魚	(白)	2
12423	滑	滑	wɛt5	wet1	～魚，黃鱔；魚～～，魚兒，童語	(語)	1
12424	挖	挖	wɛt3	wet3		(白)	1
12425	穵	穵	wɛt3	wet3	同挖字	(白)	5
12426	滑	滑	wɛt2	wet6	地滑，光滑	(白)	1
12427	猾	猾	wɛt2	wet6	狡猾	(白)	1
12428	域	域	wek2	wik6	區域，領域		1
12429	蜮	蜮	wek2	wik6			2
12430	閾	阈	wek2	wik6			2
12431	棫	棫	wek2	wik6			3
12432	營	营	weŋ55	wing1	象聲詞，～～嗡[wʊŋ55]嗡[wʊŋ55]，即嗡嗡營營，蚊蟲聲	(語)	1
12433	榮	荣	weŋ21	wing4		(又)	1
12434	嶸	嵘	weŋ21	wing4		(又)	2
12435	蠑	蝾	weŋ21	wing4		(又)	2
12436	詠	咏	weŋ24	wing5	歌詠，詠歎，讀同永		1
12437	永	永	weŋ24	wing5			1
12438	泳	泳	weŋ24	wing5	游泳，泳裝，讀同永		1
12439	穎	颖	weŋ24	wing5			1
12440	潁	颍	weŋ24	wing5			2
12441	栐	栐	weŋ24	wing5			3
12442	咏	咏	weŋ24	wing5	同詠字		4
12443	渦	涡	wɔ55	wo1	漩渦		1
12444	窩	窝	wɔ55	wo1			1
12445	蝸	蜗	wɔ55	wo1			1
12446	倭	倭	wɔ55	wo1	倭寇		2
12447	窠	窠	wɔ55	wo1	訓讀窩	(訓)	2
12448	萵	莴	wɔ55	wo1	萵筍，萵苣		2
12449	媧	娲	wɔ55	wo1			2
12450	撾	挝	wɔ55	wo1	老撾，讀同濄/渦		2
12451	踒	踒	wɔ55	wo1	踒腳		2
12452	倭	倭	wɔ35	wo2	倭墮	(古)	2
12453	䰀	䰀	wɔ35	wo2			4
12454	涴	涴	wɔ33	wo3	污染；弄髒		3
12455	喎	㖞	wɔ33	wo3	語氣詞，表提醒、醒悟、讚歎或出人意料，實爲噃[pɔ33]的弱讀（即[p-]➔[w-]），噃已不用		4
12456	𤆏	𤆏	wɔ33	wo3			4
12457	和	和	wɔ21	wo4	和平，和氣，和棋；和麪		1
12458	禾	禾	wɔ21	wo4	禾苗，禾稈（稻稈），禾鐮（鐮刀）；～線，稻穗，又稱穀線		1
12459	盉	盉	wɔ21	wo4			2
12460	龢	龢	wɔ21	wo4			3
12461	啝	啝	wɔ21	wo4			5
12462	涴	涴	wɔ24	wo5	～蛋，散黃蛋、變質蛋，疑本字毈，杜果切，定母讀如匣母	(語)	3
12463	喎	㖞	wɔ24	wo5	語氣詞，表肯定，常變調爲陰平		4
12464	毈	毈	wɔ24	wo5		(又)	5
12465	和	和	wɔ22	wo6	附和，唱和		1
12466	禍	祸	wɔ22	wo6	禍害，災禍		1
12467	矱	矱	wɔk3	wok3			4
12468	臒	臒	wɔk3	wok3			5
12469	雘	雘	wɔk3	wok3			5
12470	獲	获	wɔk2	wok6		(文)	1
12471	穫	获	wɔk2	wok6		(文)	1
12472	瓠	瓠	wɔk2	wok6	瓠落		2
12473	嚄	嚄	wɔk2	wok6		(文)	2
12474	蠖	蠖	wɔk2	wok6			2
12475	鑊	镬	wɔk2	wok6	鍋；量詞，一～菜，一鍋菜		2
12476	濩	濩	wɔk2	wok6	煮		3
12477	彠	彟	wɔk2	wok6			3
12478	鸌	鹱	wɔk2	wok6			3
12479	籰	籰	wɔk2	wok6		(文)	4
12480	汪	汪	wɔŋ55	wong1	汪洋，水汪汪；姓		1
12481	尢	尢	wɔŋ55	wong1	部首；同尪字		3
12482	尪	尪	wɔŋ55	wong1			3
12483	枉	枉	wɔŋ35	wong2			1
12484	凰	凰	wɔŋ21	wong4			1
12485	惶	惶	wɔŋ21	wong4			1
12486	煌	煌	wɔŋ21	wong4			1
12487	王	王	wɔŋ21	wong4	王朝		1
12488	皇	皇	wɔŋ21	wong4			1
12489	簧	簧	wɔŋ21	wong4	彈簧		1
12490	蝗	蝗	wɔŋ21	wong4			1
12491	黃	黄	wɔŋ21	wong4			1
12492	徨	徨	wɔŋ21	wong4			2
12493	璜	璜	wɔŋ21	wong4			2
12494	篁	篁	wɔŋ21	wong4			2
12495	遑	遑	wɔŋ21	wong4			2
12496	隍	隍	wɔŋ21	wong4			2
12497	湟	湟	wɔŋ21	wong4			2
12498	潢	潢	wɔŋ21	wong4			2
12499	蟥	蟥	wɔŋ21	wong4	螞蟥		2
12500	鰉	鳇	wɔŋ21	wong4			2
12501	喤	喤	wɔŋ21	wong4			3
12502	媓	媓	wɔŋ21	wong4			3
12503	艎	艎	wɔŋ21	wong4			3
12504	鍠	锽	wɔŋ21	wong4			3
12505	瑝	瑝	wɔŋ21	wong4	玉聲		3
12506	癀	癀	wɔŋ21	wong4			3
12507	鐄	𨱑	wɔŋ21	wong4	大鐘		3
12508	磺	磺	wɔŋ21	wong4	硫磺，磺胺，磺化反应		4
12509	餭	𫗮	wɔŋ21	wong4			4
12510	往	往	wɔŋ24	wong5			1
12511	暀	暀	wɔŋ24	wong5	光；德；是		4
12512	旺	旺	wɔŋ22	wong6	興旺，旺盛		1
12513	王	王	wɔŋ22	wong6	王天下	(古)	1
12514	暀	暀	wɔŋ22	wong6	同旺字		4
12515	烏	乌	wu55	wu1			1
12516	於	于	wu55	wu1	於戲，於菟	(古)	1
12517	嗚	呜	wu55	wu1	嗚呼，嗚咽		1
12518	污	污	wu55	wu1	污泥，貪污		1
12519	汙	污	wu55	wu1	同污字		1
12520	圬	圬	wu55	wu1			2
12521	塢	坞	wu55	wu1	山塢，船塢，讀同烏		2
12522	鎢	钨	wu55	wu1			2
12523	鄔	邬	wu55	wu1			2
12524	靰	靰	wu55	wu1			2
12525	肟	肟	wu55	wu1	讀同污	(又)	2
12526	洿	洿	wu55	wu1			3
12527	祜	祜	wu35	wu2			2
12528	惡	恶	wu33	wu3	可惡，厭惡		1
12529	噁	恶	wu33	wu3	喑噁		1
12530	乎	乎	wu21	wu4	幾乎，在乎；〈語〉貌[mau55/ma55]～，副詞，頗、蠻，貌似乎之省且語流音變，又弱讀爲貌啊[a22]，俗作貓胡/嗎胡/貓啊/嗎啊		1
12531	和	和	wu21	wu4	打麻將和牌，又作胡牌		1
12532	壺	壶	wu21	wu4			1
12533	弧	弧	wu21	wu4			1
12534	湖	湖	wu21	wu4			1
12535	狐	狐	wu21	wu4			1
12536	糊	糊	wu21	wu4	糊塗，芝麻糊		1
12537	胡	胡	wu21	wu4	胡琴		1
12538	鬍	胡	wu21	wu4	鬍鬚		1
12539	葫	葫	wu21	wu4	葫蘆		1
12540	蝴	蝴	wu21	wu4			1
12541	瑚	瑚	wu21	wu4			2
12542	瓠	瓠	wu21	wu4	瓠蘆，同葫蘆		2
12543	猢	猢	wu21	wu4			2
12544	醐	醐	wu21	wu4			2
12545	鶘	鹕	wu21	wu4			2
12546	煳	煳	wu21	wu4	燒煳，烤煳		2
12547	餬	糊	wu21	wu4	餬口		4
12548	衚	胡	wu21	wu4	衚衕		4
12549	互	互	wu22	wu6	互相，相互		1
12550	戶	户	wu22	wu6			1
12551	護	护	wu22	wu6			1
12552	滬	沪	wu22	wu6			1
12553	芋	芋	wu22	wu6	芋頭，易受後字調類化爲陽平；～蒙，芋葉莖		1
12554	扈	扈	wu22	wu6			2
12555	瓠	瓠	wu22	wu6	瓠瓜，瓠子		2
12556	怙	怙	wu22	wu6			2
12557	冱	冱	wu22	wu6			3
12558	嫭	嫭	wu22	wu6			3
12559	岵	岵	wu22	wu6			3
12560	昈	昈	wu22	wu6			3
12561	濩	濩	wu22	wu6	布散		3
12562	鄠	鄠	wu22	wu6			3
12563	鱯	鳠	wu22	wu6			3
12564	枑	枑	wu22	wu6			4
12565	偎	偎	wui55	wui1	依偎，偎傍		1
12566	煨	煨	wui55	wui1	煨番薯		2
12567	隈	隈	wui55	wui1			2
12568	鰃	鳂	wui55	wui1			3
12569	椳	椳	wui55	wui1			4
12570	溾	溾	wui55	wui1	溾浽（污穢、骯髒），又作渨涹	(語)	4
12571	渨	渨	wui55	wui1			5
12572	會	会	wui35	wui2	社會，會員，委員會，大會堂	(白)	1
12573	回	回	wui21	wui4			1
12574	迴	回	wui21	wui4			1
12575	徊	徊	wui21	wui4			1
12576	茴	茴	wui21	wui4	茴香		2
12577	蛔	蛔	wui21	wui4			2
12578	洄	洄	wui21	wui4			2
12579	烠	烠	wui21	wui4			3
12580	鮰	𫚔	wui21	wui4	鮠魚		4
12581	會	会	wui24	wui5	冇～，不會，語流中易變陰去		1
12582	會	会	wui22	wui6	開會，會議；會計；會稽		1
12583	匯	汇	wui22	wui6	匯聚，外匯		1
12584	彙	汇	wui22	wui6	詞彙，彙集，讀同匯	(習)	1
12585	繪	绘	wui22	wui6			1
12586	燴	烩	wui22	wui6			2
12587	薈	荟	wui22	wui6	蘆薈，薈萃，讀同會		2
12588	繢	缋	wui22	wui6			4
12589	婠	婠	wun55	wun1			3
12590	婉	婉	wun35	wun2	婉轉		1
12591	宛	宛	wun35	wun2	宛如		1
12592	惋	惋	wun35	wun2	惋惜		1
12593	碗	碗	wun35	wun2			1
12594	腕	腕	wun35	wun2			1
12595	豌	豌	wun35	wun2	豌豆		1
12596	剜	剜	wun35	wun2			2
12597	蜿	蜿	wun35	wun2	蜿蜒		2
12598	脘	脘	wun35	wun2		(又)	2
12599	椀	椀	wun35	wun2			3
12600	帵	帵	wun35	wun2			4
12601	垣	垣	wun21	wun4			2
12602	桓	桓	wun21	wun4	盤桓；姓		2
12603	洹	洹	wun21	wun4			2
12604	萑	萑	wun21	wun4			2
12605	峘	峘	wun21	wun4			3
12606	荁	荁	wun21	wun4			3
12607	貆	貆	wun21	wun4			3
12608	瓛	𤩽	wun21	wun4			3
12609	綄	𬘫	wun21	wun4	候風羽		3
12610	雈	雈	wun21	wun4			5
12611	皖	皖	wun24	wun5	安徽		1
12612	緩	缓	wun24	wun5			1
12613	莞	莞	wun24	wun5	莞爾		2
12614	浣	浣	wun24	wun5			2
12615	綄	𬘫	wun24	wun5	纏繞		3
12616	㬊	㬊	wun24	wun5			3
12617	澣	澣	wun24	wun5			4
12618	喚	唤	wun22	wun6			1
12619	換	换	wun22	wun6			1
12620	渙	涣	wun22	wun6			1
12621	煥	焕	wun22	wun6			1
12622	玩	玩	wun22	wun6	玩世，古玩	(書)	1
12623	瘓	痪	wun22	wun6			1
12624	奐	奂	wun22	wun6			2
12625	妧	妧	wun22	wun6	美好貌		3
12626	逭	逭	wun22	wun6			3
12627	翫	玩	wun22	wun6		(書)	5
12628	嗡	嗡	wʊŋ55	wung1	象聲詞，營[weŋ55]營[weŋ55]～～，即嗡嗡營營，蚊蟲聲	(語)	1
12629	活	活	wut2	wut6			1
12630	佸	佸	wut2	wut6			3
12631	咱	咱	tʃa55	zaa1	北方俗字，自家的合音		1
12632	喳	喳	tʃa55	zaa1	擬鳥聲，吱吱喳喳；吱喳蟲（知了）		1
12633	抓	抓	tʃa55	zaa1	握、拿，俗字揸，本字摣/𠭯	(訓)	1
12634	查	查	tʃa55	zaa1	同楂字；姓		1
12635	渣	渣	tʃa55	zaa1	殘渣，渣滓		1
12636	撾	挝	tʃa55	zaa1	敲、打		2
12637	楂	楂	tʃa55	zaa1	山楂		2
12638	揸	揸	tʃa55	zaa1	同摣/𠭯字，握、拿		2
12639	猹	猹	tʃa55	zaa1			2
12640	吒	吒	tʃa55	zaa1	哪吒		3
12641	奓	奓	tʃa55	zaa1	地名，奓河、奓山（在湖北）		3
12642	挓	挓	tʃa55	zaa1			3
12643	蹅	蹅	tʃa55	zaa1	足蹋聲		3
12644	髽	髽	tʃa55	zaa1			3
12645	齇	齇	tʃa55	zaa1			3
12646	喒	喒	tʃa55	zaa1			4
12647	樝	樝	tʃa55	zaa1	山樝，又作山柤		4
12648	摣	摣	tʃa55	zaa1	握、拿		4
12649	偺	偺	tʃa55	zaa1	同咱字		5
12650	抯	抯	tʃa55	zaa1			5
12651	柤	柤	tʃa55	zaa1	山柤，即山樝		5
12652	膼	膼	tʃa55	zaa1			5
12653	𠭯	𠭯	tʃa55	zaa1			5
12654	砟	砟	tʃa35	zaa2	砟子		2
12655	苴	苴	tʃa35	zaa2	土苴；〈語〉劣質的		2
12656	鮓	鲊	tʃa35	zaa2	鮓肉		3
12657	鮺	鲝	tʃa35	zaa2			3
12658	苲	苲	tʃa35	zaa2	苲草		4
12659	䕢	䕢	tʃa35	zaa2	藞䕢		5
12660	乍	乍	tʃa33	zaa3	乍到，乍暖		1
12661	咋	咋	tʃa33	zaa3	同乍字；咋辦；咋呼		1
12662	榨	榨	tʃa33	zaa3	榨油		1
12663	炸	炸	tʃa33	zaa3	炸彈，本字灹；油炸，本字煠		1
12664	詐	诈	tʃa33	zaa3			1
12665	蚱	蚱	tʃa33	zaa3			2
12666	柞	柞	tʃa33	zaa3	地名，柞水（在陝西）		2
12667	砟	砟	tʃa33	zaa3	碑石		2
12668	笮	笮	tʃa33	zaa3	榨酒器		2
12669	拃	拃	tʃa33	zaa3	張開大拇指與中指測長度（口語用抸）；量詞		2
12670	奓	奓	tʃa33	zaa3	張開		3
12671	溠	溠	tʃa33	zaa3			3
12672	痄	痄	tʃa33	zaa3	痄腮		3
12673	䃎	䃎	tʃa33	zaa3	地名用字		3
12674	煠	煠	tʃa33	zaa3	油炸之炸本字		4
12675	蜡	蜡	tʃa33	zaa3	年終祭名		4
12676	灹	灹	tʃa33	zaa3	火聲		4
12677	搾	搾	tʃa33	zaa3	同榨字		5
12678	厏	厏	tʃa33	zaa3			5
12679	喳	喳	tʃa21	zaa4	豬屎～，喜鵲；詞綴，衝/追/趯～～，急衝/追/跑貌，嘈～～，嘈雜貌，吆～～，叫喳喳	(語)	1
12680	槎	槎	tʃa22	zaa6	逆斫木；〈語〉砑～，佔地、霸道		2
12681	𧨊	𧨊	tʃa22	zaa6	𧧝～，囉唆、糾纏		4
12682	齋	斋	tʃai55	zaai1			1
12683	䍉	䍉	tʃai35	zaai2			4
12684	債	债	tʃai33	zaai3			1
12685	祭	祭	tʃai33	zaai3	姓		1
12686	瘵	瘵	tʃai33	zaai3			2
12687	寨	寨	tʃai22	zaai6			1
12688	拽	拽	tʃai22	zaai6	投擲，本字㨁		1
12689	豸	豸	tʃai22	zaai6		(又)	2
12690	砦	砦	tʃai22	zaai6			4
12691	㨁	㨁	tʃai22	zaai6	投擲，韻母演變同踩/跐字，俗字拽	(白)	4
12692	廌	廌	tʃai22	zaai6		(又)	5
12693	㩟	㩟	tʃai22	zaai6			5
12694	咋	咋	tʃak3	zaak3	大聲；同齚/齰字，咋舌		1
12695	窄	窄	tʃak3	zaak3			1
12696	責	责	tʃak3	zaak3			1
12697	嘖	啧	tʃak3	zaak3	嘖嘖，嘖有煩言		2
12698	幘	帻	tʃak3	zaak3		(又)	2
12699	柞	柞	tʃak3	zaak3	砍，斜斫		2
12700	笮	笮	tʃak3	zaak3	狹窄；姓；〈語〉壓，俗字矺/磧		2
12701	簀	箦	tʃak3	zaak3			2
12702	舴	舴	tʃak3	zaak3			2
12703	賾	赜	tʃak3	zaak3			2
12704	迮	迮	tʃak3	zaak3			2
12705	唶	唶	tʃak3	zaak3	嚄唶		4
12706	矺	矺	tʃak3	zaak3	磓也；同磔字		4
12707	齰	𫜬	tʃak3	zaak3	齧也，齰舌		4
12708	㩇	㩇	tʃak3	zaak3	裂聲		4
12709	宅	宅	tʃak2	zaak6			1
12710	擇	择	tʃak2	zaak6	擇菜，選擇		1
12711	擲	掷	tʃak2	zaak6	投擲，古字擿		1
12712	摘	摘	tʃak2	zaak6			1
12713	澤	泽	tʃak2	zaak6			1
12714	翟	翟	tʃak2	zaak6	姓		2
12715	躑	踯	tʃak2	zaak6	躑躅		2
12716	磔	磔	tʃak2	zaak6	張也開也		2
12717	謫	谪	tʃak2	zaak6			2
12718	擿	擿	tʃak2	zaak6	搔，撓；投擲，後作擲		3
12719	蹢	蹢	tʃak2	zaak6	蹢躅，同躑躅		3
12720	䶡	䶡	tʃak2	zaak6	同齰字		4
12721	泎	泎	tʃak2	zaak6	水落貌		4
12722	簪	簪	tʃam55	zaam1			2
12723	糌	糌	tʃam55	zaam1	糌粑		2
12724	嶄	崭	tʃam35	zaam2			1
12725	斬	斩	tʃam35	zaam2		(文)	1
12726	鏨	錾	tʃam35	zaam2	鏨花，鏨子	(白)	2
12727	寁	寁	tʃam35	zaam2			3
12728	䁪	𥇢	tʃam35	zaam2			4
12729	湛	湛	tʃam33	zaam3			2
12730	蘸	蘸	tʃam33	zaam3		(文)	2
12731	偡	偡	tʃam33	zaam3	齊整；打～苗，有序的隊伍或場面突然間亂了		3
12732	暫	暂	tʃam22	zaam6			1
12733	站	站	tʃam22	zaam6	站立；車站		1
12734	鏨	錾	tʃam22	zaam6		(文)	2
12735	蹔	𫏐	tʃam22	zaam6			4
12736	棧	栈	tʃan35	zaan2	客棧，棧房	(白)	1
12737	盞	盏	tʃan35	zaan2		(文)	1
12738	賺	赚	tʃan35	zaan2	～得，免得、省得	(白)	1
12739	攢	攒	tʃan35	zaan2		(文)	2
12740	昝	昝	tʃan35	zaan2	姓		2
12741	趲	趱	tʃan35	zaan2	趕路；移、挪；走～，走板、錯位		2
12742	驏	骣	tʃan35	zaan2			2
12743	拶	拶	tʃan35	zaan2	拶子		3
12744	儹	儹	tʃan35	zaan2		(文)	4
12745	琖	琖	tʃan35	zaan2			4
12746	㜺	㜺	tʃan35	zaan2	好看、漂亮		4
12747	綻	绽	tʃan33	zaan3	縫補，～花鞋，繡製花鞋	(又)	1
12748	讚	赞	tʃan33	zaan3	稱讚，讚揚		1
12749	贊	赞	tʃan33	zaan3	贊助，贊成		1
12750	瓚	瓒	tʃan33	zaan3			2
12751	酇	酂	tʃan33	zaan3	古縣名；姓		3
12752	灒	𪷽	tʃan33	zaan3	水濺，又作濽字		4
12753	濽	𪷽	tʃan33	zaan3	同灒字		5
12754	棧	栈	tʃan22	zaan6	棧道，馬棧	(文)	1
12755	濺	溅	tʃan22	zaan6	又音，訓讀灒/濽	(訓)	1
12756	綻	绽	tʃan22	zaan6	破綻，綻放		1
12757	賺	赚	tʃan22	zaan6	賺錢，賺取；～得，免得、省得		1
12758	灒	𪷽	tʃan22	zaan6	又音，濺	(語)	4
12759	䋎	䋎	tʃan22	zaan6	補縫		4
12760	䗃	䗃	tʃan22	zaan6	馬䗃		4
12761	虥	虥	tʃan22	zaan6			5
12762	濽	𪷽	tʃan22	zaan6	又音，濺	(語)	5
12763	丁	丁	tʃaŋ55	zaang1	伐木丁丁	(古)	1
12764	爭	争	tʃaŋ55	zaang1	爭取，鬥爭；欠、差		1
12765	掙	挣	tʃaŋ55	zaang1	掙脫	(又)	1
12766	㬹	㬹	tʃaŋ55	zaang1	肘、腳跟，俗字踭		4
12767	踭	踭	tʃaŋ55	zaang1	俗字，肘、腳跟，本字㬹		5
12768	䂻	䂻	tʃaŋ22	zaang6	硬塞；撐、飽肚		4
12769	扎	扎	tʃap3	zaap3	同紮字，～馬步、～屙屎馬，又作劄字	(語)	1
12770	紮	扎	tʃap3	zaap3	～馬步、～屙屎馬，又作劄字	(語)	1
12771	眨	眨	tʃap3	zaap3	眨眼		1
12772	砸	砸	tʃap3	zaap3	晚起字，砸傷，搞砸，讀同匝		1
12773	匝	匝	tʃap3	zaap3	一匝，匝道		2
12774	咂	咂	tʃap3	zaap3	咂嘴		2
12775	劄	劄	tʃap3	zaap3	用針劄，劄記；～馬步、～屙屎馬，又作紮/扎字		3
12776	抸	抸	tʃap3	zaap3	持也		4
12777	𥀈	𥀈	tʃap3	zaap3	皮老		4
12778	偛	偛	tʃap3	zaap3			5
12779	譗	譗	tʃap3	zaap3			5
12780	㴙	㴙	tʃap3	zaap3			5
12781	扎	扎	tʃap2	zaap6	同紮字，馬～，坐具，又作閘字，一說本作馬棧，棧爲簀音轉	(語)	1
12782	紮	扎	tʃap2	zaap6	馬～，坐具，又作閘字，一說本作馬棧，棧爲簀音轉	(語)	1
12783	雜	杂	tʃap2	zaap6			1
12784	閘	闸	tʃap2	zaap6	水閘，閘門，本字牐；馬～，坐具，即馬紮/馬札		1
12785	喋	喋	tʃap2	zaap6	唼喋		2
12786	鍘	铡	tʃap2	zaap6	鍘刀，訓讀閘	(訓)	2
12787	牐	牐	tʃap2	zaap6	閉城之門		4
12788	扎	扎	tʃat3	zaat3	扎針，掙扎		1
12789	紮	扎	tʃat3	zaat3	包紮，駐紮，一紮		1
12790	軋	轧	tʃat3	zaat3	碾軋；軋鋼；象聲詞		1
12791	札	札	tʃat3	zaat3	筆札，信札		2
12792	哳	哳	tʃat3	zaat3			3
12793	拶	拶	tʃat3	zaat3	逼，擠壓		3
12794	蚻	蚻	tʃat3	zaat3	小蟬		4
12795	㩵	㩵	tʃat2	zaat6		(又)	4
12796	甴	甴	tʃat2	zaat6	俗字，曱～，蟑螂，本字甲蚻，前字受後字逆同化		4
12797	嘲	嘲	tʃau55	zaau1	嘲諷，嘲笑		1
12798	啁	啁	tʃau55	zaau1	啁哳；啁嘐		2
12799	找	找	tʃau35	zaau2	尋找，源自抓		1
12800	抓	抓	tʃau35	zaau2	搔、撓		1
12801	爪	爪	tʃau35	zaau2		(文)	1
12802	炸	炸	tʃau33	zaau3		(文)	1
12803	罩	罩	tʃau33	zaau3	口罩	(文)	1
12804	笊	笊	tʃau33	zaau3		(文)	2
12805	㷹	㷹	tʃau33	zaau3	油～鬼，油條	(文)	4
12806	櫂	棹	tʃau22	zaau6	～忌，忌諱	(文)	2
12807	棹	棹	tʃau22	zaau6		(文)	4
12808	劑	剂	tʃɐi55	zai1	藥劑，一劑藥		1
12809	擠	挤	tʃɐi55	zai1	排擠，擠迫，擁擠；〈語〉放置，老派用法，本字躋		1
12810	齎	赍	tʃɐi55	zai1			2
12811	躋	跻	tʃɐi55	zai1	躋身，攀躋；〈語〉放置，老派用法，俗字擠		2
12812	齏	齑	tʃɐi55	zai1			2
12813	隮	𬯀	tʃɐi55	zai1			3
12814	仔	仔	tʃɐi35	zai2	俗字，仔女，本字崽，另一說子字止攝白讀		1
12815	濟	济	tʃɐi35	zai2	人才濟濟；濟南		1
12816	滓	滓	tʃɐi35	zai2	茶滓（即茶𣗺、茶子餅），訓讀崽	(訓)	2
12817	崽	崽	tʃɐi35	zai2	小子或動物幼子，俗字仔	(白)	2
12818	囝	囝	tʃɐi35	zai2	訓讀崽	(訓)	4
12819	制	制	tʃɐi33	zai3	制度，制止；〈語〉開關，剎～，制動器，俗字掣		1
12820	製	制	tʃɐi33	zai3	製造，製作		1
12821	濟	济	tʃɐi33	zai3	經濟		1
12822	祭	祭	tʃɐi33	zai3	祭祖		1
12823	際	际	tʃɐi33	zai3			1
12824	掣	掣	tʃɐi33	zai3	掣肘，風馳電掣，讀同制		2
12825	霽	霁	tʃɐi33	zai3			2
12826	晢	晢	tʃɐi33	zai3		(又)	3
12827	漈	漈	tʃɐi33	zai3			3
12828	穄	穄	tʃɐi33	zai3	穄子		3
12829	鰶	𬶭	tʃɐi33	zai3			3
12830	磜	磜	tʃɐi33	zai3			3
12831	狾	狾	tʃɐi33	zai3			4
12832	瘈	瘈	tʃɐi33	zai3	狂犬也		4
12833	䎺	䎺	tʃɐi33	zai3	入意；聞也，冇～，不願意，老派用法		4
12834	迣	迣	tʃɐi33	zai3			5
12835	滯	滞	tʃɐi22	zai6	停滯，滯留；翳～、肚～，消化不良；罷～，罷了		1
12836	齊	齐	tʃɐi22	zai6	火齊	(古)	1
12837	嚌	哜	tʃɐi22	zai6	嚐		4
12838	癠	癠	tʃɐi22	zai6			5
12839	側	侧	tʃɐk5	zak1	側面，兩側		1
12840	則	则	tʃɐk5	zak1			1
12841	鯽	鲫	tʃɐk5	zak1	鯽魚，俗字鰂	(白)	1
12842	仄	仄	tʃɐk5	zak1			2
12843	昃	昃	tʃɐk5	zak1			2
12844	鰂	鲗	tʃɐk5	zak1	鯽的俗字		3
12845	斟	斟	tʃɐm55	zam1			1
12846	針	针	tʃɐm55	zam1	針線，針對		1
12847	鍼	针	tʃɐm55	zam1	鍼砭，鍼灸		1
12848	砧	砧	tʃɐm55	zam1	擣衣石；同椹字，砧板		2
12849	箴	箴	tʃɐm55	zam1			2
12850	椹	椹	tʃɐm55	zam1	墊板，砧板		3
12851	祲	祲	tʃɐm55	zam1			3
12852	葴	葴	tʃɐm55	zam1			3
12853	瑊	瑊	tʃɐm55	zam1			4
12854	鍖	鍖	tʃɐm55	zam1	同椹字		4
12855	怎	怎	tʃɐm35	zam2	後起字，作（何）物的合音		1
12856	枕	枕	tʃɐm35	zam2	枕頭；〈語〉趼，手～、腳～	(名)	1
12857	枕	枕	tʃɐm33	zam3	枕藉，枕戈待旦	(動)	1
12858	浸	浸	tʃɐm33	zam3	浸泡，水浸（水淹）		1
12859	譖	谮	tʃɐm33	zam3	譖言，毀譖		2
12860	揕	揕	tʃɐm33	zam3	刺也；擊也		3
12861	沈	沈	tʃɐm22	zam6	沒入水中，～水，溺水，俗字浸		1
12862	陣	阵	tʃɐm22	zam6	量詞，股，一～味/氣/隨，受味字逆同化變讀韻尾，俗字朕	(語)	1
12863	沉	沉	tʃɐm22	zam6	沒入水中，本字沈	(白)	1
12864	朕	朕	tʃɐm22	zam6			2
12865	鴆	鸩	tʃɐm22	zam6			2
12866	津	津	tʃɐn55	zan1			1
12867	珍	珍	tʃɐn55	zan1			1
12868	真	真	tʃɐn55	zan1			1
12869	諄	谆	tʃɐn55	zan1			1
12870	榛	榛	tʃɐn55	zan1			2
12871	樽	樽	tʃɐn55	zan1	盛酒器；〈語〉瓶		2
12872	甄	甄	tʃɐn55	zan1	甄別；姓		2
12873	肫	肫	tʃɐn55	zan1	肫肫；雞肫		2
12874	臻	臻	tʃɐn55	zan1			2
12875	溱	溱	tʃɐn55	zan1	溱頭河		2
12876	胗	胗	tʃɐn55	zan1	胗肝		2
12877	蓁	蓁	tʃɐn55	zan1	草盛貌		2
12878	嶟	嶟	tʃɐn55	zan1			3
12879	忳	忳	tʃɐn55	zan1	同諄字		3
12880	珒	珒	tʃɐn55	zan1			3
12881	瑧	瑧	tʃɐn55	zan1			3
12882	禛	禛	tʃɐn55	zan1			3
12883	窀	窀	tʃɐn55	zan1			3
12884	衠	衠	tʃɐn55	zan1			3
12885	獉	獉	tʃɐn55	zan1			4
12886	迍	迍	tʃɐn55	zan1	迍邅		4
12887	樼	樼	tʃɐn55	zan1			5
12888	繜	繜	tʃɐn55	zan1			5
12889	鷷	𫜄	tʃɐn55	zan1			5
12890	罇	樽	tʃɐn55	zan1	同樽字		5
12891	眞	真	tʃɐn55	zan1			5
12892	准	准	tʃɐn35	zan2	批准，准予		1
12893	準	准	tʃɐn35	zan2	標準，準備		1
12894	陣	阵	tʃɐn35	zan2	舊～時，過去	(又)	1
12895	攢	攒	tʃɐn35	zan2	積攢，與儹同源	(白)	2
12896	隼	隼	tʃɐn35	zan2	鷹隼，讀同準		2
12897	綧	𬘯	tʃɐn35	zan2			3
12898	儹	儹	tʃɐn35	zan2	聚也	(白)	4
12899	埻	埻	tʃɐn35	zan2	箭靶		4
12900	俊	俊	tʃɐn33	zan3			1
12901	峻	峻	tʃɐn33	zan3	峻嶺		1
12902	振	振	tʃɐn33	zan3	振作，振奮，共振		1
12903	晉	晋	tʃɐn33	zan3			1
12904	竣	竣	tʃɐn33	zan3			1
12905	進	进	tʃɐn33	zan3			1
12906	鎮	镇	tʃɐn33	zan3			1
12907	震	震	tʃɐn33	zan3	地震，震驚，震撼		1
12908	顫	颤	tʃɐn33	zan3	訓讀震，打～、打冷～，發抖，元代作打戰、打寒戰	(訓)	1
12909	駿	骏	tʃɐn33	zan3			1
12910	圳	圳	tʃɐn33	zan3	深圳；溝渠，本字甽		2
12911	浚	浚	tʃɐn33	zan3	深也；疏通		2
12912	濬	濬	tʃɐn33	zan3	深也；疏通		2
12913	賑	赈	tʃɐn33	zan3			2
12914	雋	隽	tʃɐn33	zan3	同俊字		2
12915	縉	缙	tʃɐn33	zan3			2
12916	睃	睃	tʃɐn33	zan3		(又)	2
12917	晙	晙	tʃɐn33	zan3			3
12918	溍	溍	tʃɐn33	zan3			3
12919	焌	焌	tʃɐn33	zan3	點火		3
12920	璡	琎	tʃɐn33	zan3			3
12921	瑱	瑱	tʃɐn33	zan3	通鎮字；瑱圭		3
12922	畯	畯	tʃɐn33	zan3			3
12923	葰	葰	tʃɐn33	zan3	大		3
12924	瑨	瑨	tʃɐn33	zan3			3
12925	搢	搢	tʃɐn33	zan3			4
12926	甽	甽	tʃɐn33	zan3	溝渠		4
12927	餕	馂	tʃɐn33	zan3			4
12928	䟴	䟴	tʃɐn33	zan3		(書)	4
12929	臸	臸	tʃɐn33	zan3	前往		5
12930	儁	俊	tʃɐn33	zan3			5
12931	儘	尽	tʃɐn22	zan6	儘管，儘量		1
12932	盡	尽	tʃɐn22	zan6	耗盡，盡力；遴[lɐn22]～，不利索、麻煩		1
12933	陣	阵	tʃɐn22	zan6	佈陣，陣雨；阿/嚕/舊～時，這/那/舊時候		1
12934	濜	浕	tʃɐn22	zan6			2
12935	燼	烬	tʃɐn22	zan6			2
12936	藎	荩	tʃɐn22	zan6			2
12937	紖	纼	tʃɐn22	zan6			3
12938	贐	赆	tʃɐn22	zan6			3
12939	敶	敶	tʃɐn22	zan6			5
12940	僧	僧	tʃɐŋ55	zang1	僧人，高僧，讀同曾/增		1
12941	增	增	tʃɐŋ55	zang1			1
12942	憎	憎	tʃɐŋ55	zang1			1
12943	掙	挣	tʃɐŋ55	zang1	掙脫，掙扎		1
12944	曾	曾	tʃɐŋ55	zang1	姓		1
12945	猙	狰	tʃɐŋ55	zang1			1
12946	睜	睁	tʃɐŋ55	zang1			1
12947	箏	筝	tʃɐŋ55	zang1	風箏		1
12948	崢	峥	tʃɐŋ55	zang1			2
12949	錚	铮	tʃɐŋ55	zang1			2
12950	噌	噌	tʃɐŋ55	zang1	象聲詞；泓噌；叱責		2
12951	琤	琤	tʃɐŋ55	zang1			2
12952	繒	缯	tʃɐŋ55	zang1	絲織品總稱		2
12953	罾	罾	tʃɐŋ55	zang1	魚～，魚網；扳[man55]～，一種大罾		2
12954	矰	矰	tʃɐŋ55	zang1			3
12955	綪	𬘬	tʃɐŋ55	zang1	屈曲		3
12956	䎖	䎖	tʃɐŋ55	zang1			3
12957	鬙	鬙	tʃɐŋ55	zang1	鬅鬙		4
12958	䒏	䒏	tʃɐŋ55	zang1	䒐䒏，神不爽也		4
12959	䦛	䦶	tʃɐŋ55	zang1			4
12960	鬇	鬇	tʃɐŋ55	zang1	髪亂		4
12961	盯	盯	tʃɐŋ35	zang2	䁅[mɐŋ35]～，暴躁、使性子；案，元曲作放懞掙	(白)	1
12962	諍	诤	tʃɐŋ33	zang3	諍言		2
12963	甑	甑	tʃɐŋ33	zang3	飯甑，甑子		2
12964	罾	罾	tʃɐŋ33	zang3		(又)	2
12965	噌	噌	tʃɐŋ21	zang4	詞綴，趯/行/打～～，紛紛跑/走/打貌	(語)	2
12966	掙	挣	tʃɐŋ22	zang6	掙錢		1
12967	贈	赠	tʃɐŋ22	zang6			1
12968	繒	缯	tʃɐŋ22	zang6	綁；紮		2
12969	執	执	tʃɐp5	zap1	執行，執筆；檢查，～漏，檢漏		1
12970	汁	汁	tʃɐp5	zap1			1
12971	臢	臜	tʃɐp5	zap1	腌臢（不潔）		2
12972	縶	絷	tʃɐp5	zap1			3
12973	㴙	㴙	tʃɐp5	zap1		(白)	5
12974	習	习	tʃɐp2	zap6			1
12975	襲	袭	tʃɐp2	zap6	襲擊，偷襲		1
12976	集	集	tʃɐp2	zap6			1
12977	隰	隰	tʃɐp2	zap6			2
12978	嶍	嶍	tʃɐp2	zap6			3
12979	鰼	鳛	tʃɐp2	zap6			3
12980	霫	霫	tʃɐp2	zap6	霫霫		4
12981	㗱	㗱	tʃɐp2	zap6	噍也；咬～～，咂着嘴啃		4
12982	㿇	㿇	tʃɐp2	zap6	痺疾		4
12983	卒	卒	tʃɐt5	zat1	兵卒，卒業；～之，終歸		1
12984	窒	窒	tʃɐt5	zat1	動詞，塞；名詞，瓶塞；屈～，狹小侷促	(白)	1
12985	蟀	蟀	tʃɐt5	zat1	蟋[ɬɐt5]蟀	(又)	1
12986	質	质	tʃɐt5	zat1	質量；人質，古讀去聲，陟利切		1
12987	騭	骘	tʃɐt5	zat1			2
12988	崒	崒	tʃɐt5	zat1		(又)	3
12989	晊	晊	tʃɐt5	zat1			3
12990	鑕	锧	tʃɐt5	zat1			3
12991	櫍	𬃊	tʃɐt5	zat1			3
12992	礩	礩	tʃɐt5	zat1	柱下石		4
12993	㰵	㰵	tʃɐt5	zat1		(又)	4
12994	揤	揤	tʃɐt5	zat1			5
12995	姪	侄	tʃɐt2	zat6	姪子，姪女，內姪，堂姪		1
12996	嫉	嫉	tʃɐt2	zat6			1
12997	朮	术	tʃɐt2	zat6	白朮，蒼朮，俗讀同術/述		1
12998	疾	疾	tʃɐt2	zat6	疾病，殘疾；〈語〉個子瘦小，～崽		1
12999	窒	窒	tʃɐt2	zat6	窒息，窒礙；停頓，～一下，停頓一下		1
13000	蛭	蛭	tʃɐt2	zat6			2
13001	桎	桎	tʃɐt2	zat6			2
13002	蒺	蒺	tʃɐt2	zat6			2
13003	郅	郅	tʃɐt2	zat6	郁郅		2
13004	銍	铚	tʃɐt2	zat6			3
13005	侄	侄	tʃɐt2	zat6	同姪字		4
13006	庢	厔	tʃɐt2	zat6	盩庢縣		4
13007	挃	挃	tʃɐt2	zat6	撞；割禾聲		4
13008	礩	礩	tʃɐt2	zat6	通窒字		4
13009	膣	膣	tʃɐt2	zat6			4
13010	螲	螲	tʃɐt2	zat6	螻螲		4
13011	甴	甴	tʃɐt2	zat6		(又)	4
13012	厔	厔	tʃɐt2	zat6	同庢字		5
13013	螏	螏	tʃɐt2	zat6			5
13014	周	周	tʃɐu55	zau1	周圍，四周，周全；姓；～時，經常、時常		1
13015	週	周	tʃɐu55	zau1	週期，週刊，週末		1
13016	州	州	tʃɐu55	zau1	九州，州縣；〈語〉沙～，好打扮、愛露臉，疑本字挲鬏		1
13017	揪	揪	tʃɐu55	zau1	同揫字，揪住		1
13018	洲	洲	tʃɐu55	zau1	綠洲，沙洲，亞洲		1
13019	舟	舟	tʃɐu55	zau1			1
13020	啁	啁	tʃɐu55	zau1	啁啾		2
13021	啾	啾	tʃɐu55	zau1	啾唧		2
13022	鄒	邹	tʃɐu55	zau1			2
13023	湫	湫	tʃɐu55	zau1	湫水河		2
13024	謅	诌	tʃɐu55	zau1	瞎謅，胡謅		2
13025	諏	诹	tʃɐu55	zau1			2
13026	陬	陬	tʃɐu55	zau1			2
13027	鬏	鬏	tʃɐu55	zau1	梳個鬏，本字𩭓		2
13028	婤	婤	tʃɐu55	zau1			3
13029	蝤	蝤	tʃɐu55	zau1	蝤蛑		3
13030	賙	赒	tʃɐu55	zau1			3
13031	輈	辀	tʃɐu55	zau1			3
13032	鄹	鄹	tʃɐu55	zau1			3
13033	騶	驺	tʃɐu55	zau1			3
13034	鯫	鲰	tʃɐu55	zau1			3
13035	鵃	鸼	tʃɐu55	zau1			3
13036	喌	喌	tʃɐu55	zau1	呼雞聲		4
13037	掫	掫	tʃɐu55	zau1	巡夜打更		4
13038	揫	揫	tʃɐu55	zau1	揫住		4
13039	盩	盩	tʃɐu55	zau1	盩庢縣		4
13040	譸	诪	tʃɐu55	zau1			4
13041	緅	𮉪	tʃɐu55	zau1			4
13042	𩭓	𩭓	tʃɐu55	zau1			5
13043	帚	帚	tʃɐu35	zau2			1
13044	肘	肘	tʃɐu35	zau2			1
13045	走	走	tʃɐu35	zau2	走路；奔走，～日本崽，逃避日本兵		1
13046	酒	酒	tʃɐu35	zau2			1
13047	咒	咒	tʃɐu33	zau3			1
13048	奏	奏	tʃɐu33	zau3			1
13049	揍	揍	tʃɐu33	zau3			1
13050	晝	昼	tʃɐu33	zau3			1
13051	皺	皱	tʃɐu33	zau3	皺紋，褶皺		1
13052	縐	绉	tʃɐu33	zau3	文縐縐，縐紗		2
13053	㥮	㤘	tʃɐu33	zau3			2
13054	椆	椆	tʃɐu33	zau3	木椆		3
13055	㑳	㑇	tʃɐu33	zau3			3
13056	僽	僽	tʃɐu33	zau3	僝僽		4
13057	宙	宙	tʃɐu22	zau6			1
13058	就	就	tʃɐu22	zau6	遷就，就近；案，就要，有連讀音變[tʃɐu22jiu33]➔[tʃɐi22jiu33]，後字逆同化變讀韻尾		1
13059	袖	袖	tʃɐu22	zau6			1
13060	驟	骤	tʃɐu22	zau6			1
13061	岫	岫	tʃɐu22	zau6			2
13062	紂	纣	tʃɐu22	zau6	桀紂		2
13063	冑	胄	tʃɐu22	zau6	甲冑，介冑		2
13064	籀	籀	tʃɐu22	zau6			2
13065	繇	繇	tʃɐu22	zau6	卦兆辭		2
13066	胄	胄	tʃɐu22	zau6	貴胄，世胄		2
13067	鷲	鹫	tʃɐu22	zau6			2
13068	葤	荮	tʃɐu22	zau6	裹也；量詞		2
13069	僦	僦	tʃɐu22	zau6			3
13070	酎	酎	tʃɐu22	zau6			3
13071	鮦	鲖	tʃɐu22	zau6	鮦陽		3
13072	㠇	㠇	tʃɐu22	zau6			3
13073	姐	姐	tʃɛ55	ze1	阿姐，家姐，姑姐，姐[tʃɛ55/tʃɛ21]姐（年齡較大前字讀陰平，年齡較小前字讀陽平）	(白)	1
13074	擠	挤	tʃɛ55	ze1	擁、擁擠，又音	(語)	1
13075	遮	遮	tʃɛ55	ze1	遮蓋，遮擋；傘		1
13076	嗟	嗟	tʃɛ55	ze1			2
13077	啫	啫	tʃɛ55	ze1	啫啫煲，啫喱		3
13078	嗻	嗻	tʃɛ55	ze1	多語之貌		4
13079	姐	姐	tʃɛ35	ze2	姐妹，表姐，堂姐，七姐（織女）		1
13080	者	者	tʃɛ35	ze2			1
13081	赭	赭	tʃɛ35	ze2			2
13082	鍺	锗	tʃɛ35	ze2			2
13083	毑	毑	tʃɛ35	ze2			4
13084	借	借	tʃɛ33	ze3	借用，借貸，假借		1
13085	蔗	蔗	tʃɛ33	ze3	甘蔗，蔗糖		1
13086	藉	藉	tʃɛ33	ze3	藉口，慰藉，憑藉		1
13087	鷓	鹧	tʃɛ33	ze3	鷓鴣		2
13088	柘	柘	tʃɛ33	ze3			2
13089	䗪	䗪	tʃɛ33	ze3			3
13090	唶	唶	tʃɛ33	ze3	歎聲		4
13091	喳	喳	tʃɛ21	ze4	笑～～，笑嘻嘻，吆～～，叫喳喳	(語)	1
13092	這	这	tʃɛ24	ze5	這些，這麼		1
13093	謝	谢	tʃɛ22	ze6	多謝；姓		1
13094	榭	榭	tʃɛ22	ze6			2
13095	塮	塮	tʃɛ22	ze6			4
13096	隻	只	tʃɛk3	zek3	一隻，隻身		1
13097	脊	脊	tʃɛk3	zek3			1
13098	瘠	瘠	tʃɛk3	zek3			2
13099	摭	摭	tʃɛk3	zek3			2
13100	跖	跖	tʃɛk3	zek3			2
13101	嵴	嵴	tʃɛk3	zek3			2
13102	蹐	蹐	tʃɛk3	zek3			3
13103	鶺	鹡	tʃɛk3	zek3			3
13104	蹠	蹠	tʃɛk3	zek3			4
13105	席	席	tʃɛk2	zek6	草席		1
13106	蓆	席	tʃɛk2	zek6	草蓆		1
13107	褯	褯	tʃɛk2	zek6	褯子		3
13108	斬	斩	tʃɛm35	zem2		(白)	1
13109	蘸	蘸	tʃɛm33	zem3	蘸墨，蘸醬	(白)	2
13110	盞	盏	tʃɛn35	zen2	燈盞，一盞燈	(白)	1
13111	精	精	tʃɛŋ55	zeng1	聰明、機智；～靈[lɛŋ55]，機靈，實爲精的分音	(白)	1
13112	井	井	tʃɛŋ35	zeng2	水井，井井有條	(白)	1
13113	阱	阱	tʃɛŋ35	zeng2	陷阱	(白)	2
13114	肼	肼	tʃɛŋ35	zeng2			2
13115	汫	汫	tʃɛŋ35	zeng2			3
13116	丼	丼	tʃɛŋ35	zeng2	同井字	(白)	5
13117	正	正	tʃɛŋ33	zeng3	～嘢，好貨	(白)	1
13118	淨	净	tʃɛŋ22	zeng6	乾淨，白淨	(白)	1
13119	凈	净	tʃɛŋ22	zeng6		(白)	5
13120	㗱	㗱	tʃɛp5	zep1	吸奶聲	(語)	4
13121	㗱	㗱	tʃɛp2	zep6	咀嚼聲	(語)	4
13122	擳	擳	tʃɛt5	zet1	擠（牙膏）；胳肢（動詞）	(白)	4
13123	瀄	瀄	tʃɛt5	zet1	擠水濺出，與濺對轉；泌～，同義複用，引申爲排斥、開除	(白)	4
13124	截	截	tʃɛt2	zet6	白～～，慘白；溶癟[pɛt2]～，（飯、麪條等）軟爛；細碎物摩擦聲	(白)	1
13125	焦	焦	tʃɛu55	zeu1	飯～，鍋巴	(白)	1
13126	啁	啁	tʃɛu55	zeu1	吱吱～～，唧唧喳喳	(白)	2
13127	找	找	tʃɛu35	zeu2	找錢	(白)	1
13128	爪	爪	tʃɛu35	zeu2	爪牙，雞爪	(白)	1
13129	炸	炸	tʃɛu33	zeu3	用油炸，本字㷹	(白)	1
13130	罩	罩	tʃɛu33	zeu3	罩住，口罩	(白)	1
13131	笊	笊	tʃɛu33	zeu3	笊籬	(白)	2
13132	㷹	㷹	tʃɛu33	zeu3	用油炸；油～鬼，油條	(白)	4
13133	櫂	棹	tʃɛu22	zeu6	槳；划，～艇	(白)	2
13134	棹	棹	tʃɛu22	zeu6	同櫂字	(白)	4
13135	之	之	tʃi55	zi1			1
13136	茲	兹	tʃi55	zi1	茲日		1
13137	即	即	tʃi55	zi1	弱讀，即管，即係	(語)	1
13138	吱	吱	tʃi55	zi1			1
13139	咨	咨	tʃi55	zi1			1
13140	諮	咨	tʃi55	zi1			1
13141	姿	姿	tʃi55	zi1	姿勢，舞姿		1
13142	子	子	tʃi55	zi1	一下子，一陣子，等/過/睇下子，等/過/睇陣子	(白)	1
13143	擠	挤	tʃi55	zi1	動詞或形容詞，擁、擁擠，官話借詞	(語)	1
13144	支	支	tʃi55	zi1			1
13145	枝	枝	tʃi55	zi1	樹枝，荔枝，一枝花		1
13146	氏	氏	tʃi55	zi1	月氏，閼氏		1
13147	滋	滋	tʃi55	zi1			1
13148	知	知	tʃi55	zi1	知道；知識		1
13149	肢	肢	tʃi55	zi1			1
13150	脂	脂	tʃi55	zi1	胭脂，脂肪		1
13151	芝	芝	tʃi55	zi1			1
13152	蜘	蜘	tʃi55	zi1	蜘蛛		1
13153	資	资	tʃi55	zi1			1
13154	齊	齐	tʃi55	zi1	齊衰	(古)	1
13155	孜	孜	tʃi55	zi1			2
13156	孳	孳	tʃi55	zi1			2
13157	恣	恣	tʃi55	zi1	恣意，恣睢，讀同資		2
13158	淄	淄	tʃi55	zi1			2
13159	祗	祗	tʃi55	zi1			2
13160	緇	缁	tʃi55	zi1			2
13161	輜	辎	tʃi55	zi1	輜重		2
13162	髭	髭	tʃi55	zi1			2
13163	呲	呲	tʃi55	zi1	同齜字		2
13164	嵫	嵫	tʃi55	zi1			2
13165	梔	栀	tʃi55	zi1	梔子花		2
13166	甾	甾	tʃi55	zi1	同淄字		2
13167	胝	胝	tʃi55	zi1			2
13168	訾	訾	tʃi55	zi1	衡量；姓		2
13169	趑	趑	tʃi55	zi1			2
13170	錙	锱	tʃi55	zi1			2
13171	鯔	鲻	tʃi55	zi1			2
13172	齜	龇	tʃi55	zi1	齜牙		2
13173	巵	卮	tʃi55	zi1	巵言，玉巵		2
13174	嗞	嗞	tʃi55	zi1			2
13175	貲	赀	tʃi55	zi1			3
13176	孖	孖	tʃi55	zi1	雙生子，本讀		3
13177	榰	榰	tʃi55	zi1			3
13178	泜	泜	tʃi55	zi1	泜河		3
13179	粢	粢	tʃi55	zi1			3
13180	觜	觜	tʃi55	zi1	二十八宿之一		3
13181	鄑	鄑	tʃi55	zi1			3
13182	鎡	镃	tʃi55	zi1			3
13183	鼒	鼒	tʃi55	zi1			3
13184	𦭜	𦭜	tʃi55	zi1			3
13185	卮	卮	tʃi55	zi1	同巵字		4
13186	椥	椥	tʃi55	zi1			4
13187	菑	菑	tʃi55	zi1	田一歲		4
13188	䟡	䟡	tʃi55	zi1	同胝字		4
13189	畠	畠	tʃi55	zi1	同甾字		4
13190	栺	栺	tʃi55	zi1	栺栭		5
13191	椔	椔	tʃi55	zi1			5
13192	汥	汥	tʃi55	zi1	水聚積		5
13193	秪	秪	tʃi55	zi1			5
13194	胑	胑	tʃi55	zi1			5
13195	臸	臸	tʃi55	zi1	到達；如一		5
13196	衼	衼	tʃi55	zi1			5
13197	鈭	鈭	tʃi55	zi1			5
13198	鶅	鶅	tʃi55	zi1			5
13199	齍	齍	tʃi55	zi1			5
13200	鳷	𫛛	tʃi55	zi1			5
13201	澬	𫞚	tʃi55	zi1	久雨積水；水名		5
13202	仔	仔	tʃi35	zi2	仔細；仔肩		1
13203	只	只	tʃi35	zi2	只有，只好		1
13204	址	址	tʃi35	zi2			1
13205	姊	姊	tʃi35	zi2	姊妹，姊弟		1
13206	子	子	tʃi35	zi2	子孫，瓜子，一輩子，沒法子		1
13207	指	指	tʃi35	zi2			1
13208	旨	旨	tʃi35	zi2			1
13209	止	止	tʃi35	zi2			1
13210	紫	紫	tʃi35	zi2			1
13211	紙	纸	tʃi35	zi2			1
13212	趾	趾	tʃi35	zi2			1
13213	籽	籽	tʃi35	zi2			1
13214	咫	咫	tʃi35	zi2			2
13215	徵	徵	tʃi35	zi2	五音之一		2
13216	梓	梓	tʃi35	zi2			2
13217	滓	滓	tʃi35	zi2	渣滓，泥滓		2
13218	祇	祇	tʃi35	zi2	同只字，僅僅		2
13219	祉	祉	tʃi35	zi2	福祉，祉祿；神～牌，神位、靈位		2
13220	枳	枳	tʃi35	zi2			2
13221	沚	沚	tʃi35	zi2			2
13222	秭	秭	tʃi35	zi2			2
13223	芷	芷	tʃi35	zi2			2
13224	訾	訾	tʃi35	zi2	詆毁		2
13225	酯	酯	tʃi35	zi2			2
13226	扺	扺	tʃi35	zi2			3
13227	笫	笫	tʃi35	zi2			3
13228	耔	耔	tʃi35	zi2			3
13229	茈	茈	tʃi35	zi2	茈草		3
13230	軹	轵	tʃi35	zi2			3
13231	黹	黹	tʃi35	zi2			3
13232	茋	茋	tʃi35	zi2			3
13233	茝	茝	tʃi35	zi2	白芷		3
13234	虸	虸	tʃi35	zi2			3
13235	呰	呰	tʃi35	zi2			4
13236	恉	恉	tʃi35	zi2			4
13237	疻	疻	tʃi35	zi2			4
13238	衹	衹	tʃi35	zi2	通祇字		4
13239	阯	阯	tʃi35	zi2			4
13240	啙	啙	tʃi35	zi2			4
13241	厎	厎	tʃi35	zi2			5
13242	坁	坁	tʃi35	zi2			5
13243	栺	栺	tʃi35	zi2	木名		5
13244	汦	汦	tʃi35	zi2			5
13245	胏	胏	tʃi35	zi2			5
13246	芓	芓	tʃi35	zi2	同耔字		5
13247	訿	訿	tʃi35	zi2			5
13248	志	志	tʃi33	zi3	志向		1
13249	誌	志	tʃi33	zi3	雜誌		1
13250	摯	挚	tʃi33	zi3			1
13251	智	智	tʃi33	zi3			1
13252	知	知	tʃi33	zi3	通智字；姓		1
13253	稚	稚	tʃi33	zi3	幼稚，前字調類化	(常)	1
13254	置	置	tʃi33	zi3			1
13255	至	至	tʃi33	zi3	至少，甚至；副詞，纔、最、再		1
13256	緻	致	tʃi33	zi3	細緻，精緻		1
13257	致	致	tʃi33	zi3	導致，致敬		1
13258	識	识	tʃi33	zi3	標識，博聞強識	(古)	1
13259	痣	痣	tʃi33	zi3			2
13260	輊	轾	tʃi33	zi3			2
13261	觶	觯	tʃi33	zi3			2
13262	贄	贽	tʃi33	zi3			2
13263	躓	踬	tʃi33	zi3			2
13264	鷙	鸷	tʃi33	zi3			2
13265	忮	忮	tʃi33	zi3			3
13266	疐	疐	tʃi33	zi3	跋前疐後		3
13267	梽	梽	tʃi33	zi3			3
13268	倳	倳	tʃi33	zi3			4
13269	剚	剚	tʃi33	zi3			4
13270	寘	寘	tʃi33	zi3			4
13271	礩	礩	tʃi33	zi3	柱下石	(又)	4
13272	胾	胾	tʃi33	zi3	切成大塊的肉		4
13273	懥	懥	tʃi33	zi3			5
13274	懫	懫	tʃi33	zi3			5
13275	潪	潪	tʃi33	zi3	水名		5
13276	騺	騺	tʃi33	zi3			5
13277	駤	𫘠	tʃi33	zi3			5
13278	字	字	tʃi22	zi6	文字，字畫；一個～，五分鐘		1
13279	寺	寺	tʃi22	zi6		(又)	1
13280	治	治	tʃi22	zi6			1
13281	稚	稚	tʃi22	zi6	幼稚，稚嫩		1
13282	自	自	tʃi22	zi6	自己，各自		1
13283	兕	兕	tʃi22	zi6			2
13284	峙	峙	tʃi22	zi6	對峙		2
13285	痔	痔	tʃi22	zi6			2
13286	耜	耜	tʃi22	zi6			2
13287	雉	雉	tʃi22	zi6	雉雞		2
13288	彘	彘	tʃi22	zi6			2
13289	眥	眦	tʃi22	zi6	眼眶		2
13290	豸	豸	tʃi22	zi6	蟲豸，獬豸		2
13291	庤	庤	tʃi22	zi6			3
13292	泜	泜	tʃi22	zi6	水名，在河南		3
13293	滍	滍	tʃi22	zi6			3
13294	畤	畤	tʃi22	zi6			3
13295	跱	跱	tʃi22	zi6			3
13296	杝	杝	tʃi22	zi6	析薪		4
13297	牸	牸	tʃi22	zi6	牸牛		4
13298	㨁	㨁	tʃi22	zi6	投；持		4
13299	偫	偫	tʃi22	zi6			5
13300	傂	傂	tʃi22	zi6			5
13301	廌	廌	tʃi22	zi6			5
13302	歭	歭	tʃi22	zi6	同偫字		5
13303	芓	芓	tʃi22	zi6	同茡字；隄		5
13304	阤	阤	tʃi22	zi6	山坡		5
13305	即	即	tʃek5	zik1	即刻，立即；～管，儘管、只管，～係，就是，弱讀爲[tʃi55]		1
13306	唧	唧	tʃek5	zik1	啾唧，唧咕，唧唧		1
13307	幟	帜	tʃek5	zik1	俗讀，讀同織	(常)	1
13308	擲	掷	tʃek5	zik1		(又)	1
13309	積	积	tʃek5	zik1	積極，堆積；〈外〉撲克的J，英語Jack		1
13310	織	织	tʃek5	zik1			1
13311	績	绩	tʃek5	zik1			1
13312	職	职	tʃek5	zik1			1
13313	跡	迹	tʃek5	zik1	足跡，跡象		1
13314	蹟	迹	tʃek5	zik1	古蹟，遺蹟		1
13315	鯽	鲫	tʃek5	zik1		(文)	1
13316	漬	渍	tʃek5	zik1	污漬，浸漬，訓讀積	(訓)	2
13317	炙	炙	tʃek5	zik1	炙熱		2
13318	稷	稷	tʃek5	zik1			2
13319	幘	帻	tʃek5	zik1			2
13320	磧	碛	tʃek5	zik1	沙磧		2
13321	陟	陟	tʃek5	zik1			2
13322	堲	堲	tʃek5	zik1			3
13323	擿	擿	tʃek5	zik1		(又)	3
13324	勣	𪟝	tʃek5	zik1			3
13325	襀	𫌀	tʃek5	zik1			3
13326	膱	膱	tʃek5	zik1	油敗；脯脡		4
13327	踖	踖	tʃek5	zik1			4
13328	卽	即	tʃek5	zik1			5
13329	尐	尐	tʃek5	zik1	有花紋的雌蟬		5
13330	樴	樴	tʃek5	zik1			5
13331	癪	癪	tʃek5	zik1			5
13332	蠀	𧏗	tʃek5	zik1	尺蠖蟲		5
13333	隻	只	tʃek3	zik3		(又)	1
13334	脊	脊	tʃek3	zik3		(又)	1
13335	瘠	瘠	tʃek3	zik3		(又)	2
13336	蹐	蹐	tʃek3	zik3		(又)	3
13337	鶺	鹡	tʃek3	zik3		(又)	3
13338	蹠	蹠	tʃek3	zik3		(又)	4
13339	值	值	tʃek2	zik6			1
13340	夕	夕	tʃek2	zik6			1
13341	寂	寂	tʃek2	zik6	寂寞		1
13342	席	席	tʃek2	zik6	主席，酒席		1
13343	植	植	tʃek2	zik6			1
13344	殖	殖	tʃek2	zik6			1
13345	直	直	tʃek2	zik6			1
13346	籍	籍	tʃek2	zik6			1
13347	藉	藉	tʃek2	zik6	狼藉		1
13348	汐	汐	tʃek2	zik6			2
13349	埴	埴	tʃek2	zik6			2
13350	湜	湜	tʃek2	zik6			2
13351	蟄	蛰	tʃek2	zik6	驚蟄，宋代俗省作京直		2
13352	稙	稙	tʃek2	zik6	早種禾		3
13353	穸	穸	tʃek2	zik6			3
13354	耤	耤	tʃek2	zik6			3
13355	褯	褯	tʃek2	zik6		(又)	3
13356	矽	矽	tʃek2	zik6	硅的舊稱，英語Silicon		4
13357	㨁	㨁	tʃek2	zik6	拄杖		4
13358	潪	潪	tʃek2	zik6	水稍滲入土		5
13359	占	占	tʃim55	zim1	占卜，占卦		1
13360	尖	尖	tʃim55	zim1			1
13361	沾	沾	tʃim55	zim1			1
13362	漸	渐	tʃim55	zim1	漸染		1
13363	瞻	瞻	tʃim55	zim1	瞻仰，觀瞻		1
13364	粘	粘	tʃim55	zim1	粘米（秈米），又作占米		1
13365	詹	詹	tʃim55	zim1			2
13366	覘	觇	tʃim55	zim1	窺視		2
13367	譫	谵	tʃim55	zim1			2
13368	襜	襜	tʃim55	zim1		(又)	3
13369	嶦	嶦	tʃim55	zim1			3
13370	霑	霑	tʃim55	zim1			4
13371	櫼	櫼	tʃim55	zim1		(又)	4
13372	憸	𪫺	tʃim55	zim1	㤿～，愛挑剔	(語)	4
13373	颭	飐	tʃim35	zim2			3
13374	佔	占	tʃim33	zim3	佔領，侵佔		1
13375	漸	渐	tʃim22	zim6	逐漸		1
13376	濺	溅	tʃin55	zin1	濺濺，水疾流貌		1
13377	煎	煎	tʃin55	zin1	煎熬，油煎		1
13378	氈	毡	tʃin55	zin1	毛氈，氈帽		1
13379	湔	湔	tʃin55	zin1	湔洗，湔滌		2
13380	箋	笺	tʃin55	zin1	本讀	(書)	2
13381	旃	旃	tʃin55	zin1			2
13382	韉	鞯	tʃin55	zin1			2
13383	戔	戋	tʃin55	zin1			3
13384	栴	栴	tʃin55	zin1			3
13385	鱣	鳣	tʃin55	zin1	鱘鰉魚		3
13386	鸇	鹯	tʃin55	zin1			3
13387	饘	𫗴	tʃin55	zin1			3
13388	邅	邅	tʃin55	zin1			4
13389	鳽	𫛚	tʃin55	zin1	同鸇字		5
13390	剪	剪	tʃin35	zin2			1
13391	展	展	tʃin35	zin2	展開，伸展		1
13392	踐	践	tʃin35	zin2	實踐		1
13393	輾	辗	tʃin35	zin2	輾轉		1
13394	戩	戬	tʃin35	zin2			2
13395	囅	冁	tʃin35	zin2		(又)	3
13396	搌	搌	tʃin35	zin2			3
13397	翦	翦	tʃin35	zin2			3
13398	譾	谫	tʃin35	zin2			3
13399	趼	趼	tʃin35	zin2	訓讀皽	(訓)	3
13400	諓	𬣡	tʃin35	zin2			3
13401	皽	皽	tʃin35	zin2	死皮；〈語〉趼，起～，起趼子		4
13402	蹍	蹍	tʃin35	zin2	足踏貌；〈語〉腱子肉，牛～，牛腱子		4
13403	戰	战	tʃin33	zin3			1
13404	箭	箭	tʃin33	zin3			1
13405	顫	颤	tʃin33	zin3	顫抖，打顫		1
13406	薦	荐	tʃin33	zin3	推薦，薦引		1
13407	餞	饯	tʃin33	zin3	餞行，蜜餞		2
13408	牮	牮	tʃin33	zin3			2
13409	荐	荐	tʃin33	zin3	草蓆；屢次		4
13410	濺	溅	tʃin22	zin6	濺水，讀同賤，與瀄對轉		1
13411	纏	缠	tʃin22	zin6		(又)	1
13412	賤	贱	tʃin22	zin6			1
13413	偵	侦	tʃeŋ55	zing1	偵察		1
13414	征	征	tʃeŋ55	zing1	征伐，長征		1
13415	徵	征	tʃeŋ55	zing1	徵求，特徵		1
13416	怔	怔	tʃeŋ55	zing1			1
13417	晶	晶	tʃeŋ55	zing1			1
13418	正	正	tʃeŋ55	zing1	正月		1
13419	癥	症	tʃeŋ55	zing1	癥結		1
13420	睛	睛	tʃeŋ55	zing1	眼睛		1
13421	精	精	tʃeŋ55	zing1	精神，妖精；〈又〉～靈[leŋ55]，機靈		1
13422	蒸	蒸	tʃeŋ55	zing1			1
13423	貞	贞	tʃeŋ55	zing1			1
13424	旌	旌	tʃeŋ55	zing1			2
13425	楨	桢	tʃeŋ55	zing1			2
13426	禎	祯	tʃeŋ55	zing1			2
13427	菁	菁	tʃeŋ55	zing1			2
13428	箐	箐	tʃeŋ55	zing1	笭箐		2
13429	鉦	钲	tʃeŋ55	zing1	古樂器		2
13430	腈	腈	tʃeŋ55	zing1	精肉；有機化合物		2
13431	鶄	䴖	tʃeŋ55	zing1			3
13432	湞	浈	tʃeŋ55	zing1			3
13433	烝	烝	tʃeŋ55	zing1			3
13434	鯖	鲭	tʃeŋ55	zing1	魚肉雜燴		3
13435	鼱	鼱	tʃeŋ55	zing1			3
13436	井	井	tʃeŋ35	zing2	井井有條	(文)	1
13437	拯	拯	tʃeŋ35	zing2	拯救		1
13438	整	整	tʃeŋ35	zing2			1
13439	丼	丼	tʃeŋ35	zing2		(文)	5
13440	撜	撜	tʃeŋ35	zing2	同拯字		5
13441	政	政	tʃeŋ33	zing3			1
13442	正	正	tʃeŋ33	zing3	正確，方正；～式、～經，確實		1
13443	症	症	tʃeŋ33	zing3	症狀		1
13444	證	证	tʃeŋ33	zing3			1
13445	幀	帧	tʃeŋ33	zing3			2
13446	証	证	tʃeŋ33	zing3			5
13447	淨	净	tʃeŋ22	zing6	淨重，淨化；～係，光是、單是		1
13448	剩	剩	tʃeŋ22	zing6	剩餘，剩下	(白)	1
13449	鄭	郑	tʃeŋ22	zing6			1
13450	靖	靖	tʃeŋ22	zing6			1
13451	靜	静	tʃeŋ22	zing6			1
13452	阱	阱	tʃeŋ22	zing6		(文)	2
13453	婧	婧	tʃeŋ22	zing6			2
13454	靚	靓	tʃeŋ22	zing6	裝飾也		2
13455	竫	竫	tʃeŋ22	zing6			3
13456	賸	賸	tʃeŋ22	zing6		(白)	4
13457	䝼	䞍	tʃeŋ22	zing6	賜予		4
13458	凈	净	tʃeŋ22	zing6	同淨字		5
13459	摺	折	tʃip3	zip3	摺疊，存摺，摺扇		1
13460	接	接	tʃip3	zip3			1
13461	囁	嗫	tʃip3	zip3		(又)	2
13462	楫	楫	tʃip3	zip3	舟楫		2
13463	褶	褶	tʃip3	zip3	皺褶，百褶裙		2
13464	輒	辄	tʃip3	zip3			2
13465	浹	浃	tʃip3	zip3	浹洽，汗流浹背		2
13466	讋	詟	tʃip3	zip3			3
13467	霅	霅	tʃip3	zip3	霅溪		3
13468	哲	哲	tʃit3	zit3			1
13469	折	折	tʃit3	zit3	折斷，打折；弄折了		1
13470	捷	捷	tʃit3	zit3		(又)	1
13471	浙	浙	tʃit3	zit3			1
13472	節	节	tʃit3	zit3			1
13473	轍	辙	tʃit3	zit3			1
13474	櫛	栉	tʃit3	zit3	櫛比，讀同節		2
13475	蜇	蜇	tʃit3	zit3	蜇人；海蜇（口語稱蜇皮）		2
13476	婕	婕	tʃit3	zit3	婕妤		2
13477	癤	疖	tʃit3	zit3			2
13478	踅	踅	tʃit3	zit3	折回，訓讀折	(訓)	2
13479	岊	岊	tʃit3	zit3			3
13480	晢	晢	tʃit3	zit3			3
13481	喆	喆	tʃit3	zit3			3
13482	擳	擳	tʃit3	zit3	挃擳		4
13483	瀄	瀄	tʃit3	zit3	瀄汨，泌瀄		4
13484	㘉	㘉	tʃit3	zit3	咇㘉		4
13485	䇽	䇽	tʃit3	zit3			4
13486	倢	倢	tʃit3	zit3	倢伃，同婕妤		5
13487	尐	尐	tʃit3	zit3	少		5
13488	悊	悊	tʃit3	zit3			5
13489	㵶	㵶	tʃit3	zit3	水灑也		5
13490	截	截	tʃit2	zit6	截斷，攔截；量詞		1
13491	捷	捷	tʃit2	zit6	快捷，敏捷		1
13492	睫	睫	tʃit2	zit6	睫毛		1
13493	召	召	tʃiu55	ziu1	召喚、召集、徵召，訓讀招	(訓)	1
13494	招	招	tʃiu55	ziu1	招手，招牌；～紙，廣告紙（海報或商品上的商標紙）		1
13495	昭	昭	tʃiu55	ziu1		(又)	1
13496	朝	朝	tʃiu55	ziu1	朝早，今朝		1
13497	椒	椒	tʃiu55	ziu1			1
13498	沼	沼	tʃiu55	ziu1	俗讀，讀同招	(常)	1
13499	焦	焦	tʃiu55	ziu1	焦土，焦點		1
13500	礁	礁	tʃiu55	ziu1			1
13501	蕉	蕉	tʃiu55	ziu1	芭蕉		1
13502	詔	诏	tʃiu55	ziu1	俗讀，讀同招	(常)	2
13503	鷦	鹪	tʃiu55	ziu1			2
13504	僬	僬	tʃiu55	ziu1	僬僥		3
13505	燋	燋	tʃiu55	ziu1	引火用的柴		3
13506	鉊	𬬿	tʃiu55	ziu1			3
13507	剿	剿	tʃiu35	ziu2	剿滅，清剿		1
13508	沼	沼	tʃiu35	ziu2	沼澤，沼氣		1
13509	湫	湫	tʃiu35	ziu2	低窪		2
13510	勦	勦	tʃiu35	ziu2	勞也		4
13511	摷	摷	tʃiu35	ziu2	拘擊		4
13512	照	照	tʃiu33	ziu3			1
13513	詔	诏	tʃiu33	ziu3	詔書，詔告		2
13514	醮	醮	tʃiu33	ziu3	打醮		2
13515	僬	僬	tʃiu33	ziu3	僬僬		3
13516	曌	曌	tʃiu33	ziu3			3
13517	皭	皭	tʃiu33	ziu3			3
13518	炤	炤	tʃiu33	ziu3	同照字		4
13519	灂	灂	tʃiu33	ziu3	車轅漆也		5
13520	嘦	嘦	tʃiu33	ziu3			5
13521	兆	兆	tʃiu22	ziu6			1
13522	召	召	tʃiu22	ziu6	號召，密召，召見		1
13523	趙	赵	tʃiu22	ziu6			1
13524	銚	铫	tʃiu22	ziu6	放射性化學元素		2
13525	噍	噍	tʃiu22	ziu6	嚼		2
13526	旐	旐	tʃiu22	ziu6			3
13527	鮡	𬶐	tʃiu22	ziu6			3
13528	咗	咗	tʃɔ55	zo1	俗字，阿吱阿～，說三道四，源自吱嗻，嗻多言也		4
13529	佐	佐	tʃɔ35	zo2	輔佐，佐料		1
13530	左	左	tʃɔ35	zo2			1
13531	阻	阻	tʃɔ35	zo2			1
13532	俎	俎	tʃɔ35	zo2			2
13533	詛	诅	tʃɔ35	zo2	詛咒		2
13534	岨	岨	tʃɔ35	zo2	同阻字，險要		3
13535	咗	咗	tʃɔ35	zo2	粵字，表完成，本字着/著；本地用嗮，但極其老派用[tʃœ35/tʃɛ35]➔[hœ35/hɛ35]，相當於作結果補語的嗮，未虛化爲完成體標記，與咗同源，現今老派只餘[hœ35]，食～啲飯，吃了這飯，見林亦《廣西粵方言的完成體和已然體標記》，收錄於2014年盧小群等《漢語方言時體問題新探索》；案，廣州的演變構擬[*tʃœk2-35]➔[*tʃœ35]➔[tʃɔ35]➔[tsɔ35]，南寧的演變構擬[*tʃœk2-35]➔[tʃœ35/tʃɛ35]➔[hœ35/hɛ35]		4
13536	攞	攞	tʃɔ35	zo2	助詞，弱讀	(語)	4
13537	唨	唨	tʃɔ35	zo2	粵字，咗的舊寫		5
13538	䠡	䠡	tʃɔ21	zo4	詞綴，滾～～，水沸聲、熱鬧貌，崩～～，紛紛倒塌貌，走/行～～，紛紛疾行貌	(語)	4
13539	助	助	tʃɔ22	zo6			1
13540	座	座	tʃɔ22	zo6			1
13541	昨	昨	tʃɔ22	zo6	語流音變	(語)	1
13542	唑	唑	tʃɔ22	zo6	咔唑，噻唑		2
13543	啫	啫	tʃœ55	zoe1	啫啫煲；～～聲，油炸聲	(又)	3
13544	啫	啫	tʃœ21	zoe4	～～聲，炮捻子點着聲	(又)	3
13545	卓	卓	tʃœk3	zoek3	卓越，卓著	(舊)	1
13546	嚼	嚼	tʃœk3	zoek3			1
13547	桌	桌	tʃœk3	zoek3	桌面，書桌	(舊)	1
13548	灼	灼	tʃœk3	zoek3			1
13549	爵	爵	tʃœk3	zoek3			1
13550	着	着	tʃœk3	zoek3	衣着，着衫		1
13551	繳	缴	tʃœk3	zoek3	繫在箭上的絲繩		1
13552	著	著	tʃœk3	zoek3	衣著，著衫，俗作着		1
13553	酌	酌	tʃœk3	zoek3			1
13554	勺	勺	tʃœk3	zoek3	通酌字		1
13555	斫	斫	tʃœk3	zoek3	斧刃；斧砍		2
13556	芍	芍	tʃœk3	zoek3	芍藥		2
13557	倬	倬	tʃœk3	zoek3	顯著；大		2
13558	妁	妁	tʃœk3	zoek3			2
13559	爝	爝	tʃœk3	zoek3			2
13560	鐯	䦃	tʃœk3	zoek3			2
13561	汋	汋	tʃœk3	zoek3	激水聲；通酌字		3
13562	皭	皭	tʃœk3	zoek3		(又)	3
13563	禚	禚	tʃœk3	zoek3			3
13564	䓬	䓬	tʃœk3	zoek3			3
13565	晫	晫	tʃœk3	zoek3			3
13566	斮	斮	tʃœk3	zoek3	斬也		4
13567	着	着	tʃœk2	zoek6	着涼，睡着；棋高一着（口語用招）		1
13568	著	著	tʃœk2	zoek6	著涼，睡著；棋高一著（口語用招）；俗作着		1
13569	將	将	tʃœŋ55	zoeng1	將來		1
13570	張	张	tʃœŋ55	zoeng1			1
13571	彰	彰	tʃœŋ55	zoeng1			1
13572	樟	樟	tʃœŋ55	zoeng1			1
13573	漿	浆	tʃœŋ55	zoeng1	豆漿，漿糊		1
13574	章	章	tʃœŋ55	zoeng1			1
13575	漳	漳	tʃœŋ55	zoeng1			2
13576	獐	獐	tʃœŋ55	zoeng1			2
13577	璋	璋	tʃœŋ55	zoeng1			2
13578	蟑	蟑	tʃœŋ55	zoeng1			2
13579	嫜	嫜	tʃœŋ55	zoeng1			3
13580	暲	暲	tʃœŋ55	zoeng1			3
13581	鄣	鄣	tʃœŋ55	zoeng1			3
13582	鱂	鳉	tʃœŋ55	zoeng1			3
13583	螿	螀	tʃœŋ55	zoeng1			4
13584	餦	𫗠	tʃœŋ55	zoeng1			4
13585	丈	丈	tʃœŋ35	zoeng2	姨丈，姑丈	(白)	1
13586	獎	奖	tʃœŋ35	zoeng2			1
13587	掌	掌	tʃœŋ35	zoeng2			1
13588	槳	桨	tʃœŋ35	zoeng2			1
13589	漲	涨	tʃœŋ35	zoeng2	漲水，漲價	(又)	1
13590	蔣	蒋	tʃœŋ35	zoeng2			1
13591	長	长	tʃœŋ35	zoeng2	生長		1
13592	仉	仉	tʃœŋ35	zoeng2	姓		2
13593	鞝	鞝	tʃœŋ35	zoeng2	扇馬鞍皮		4
13594	礃	礃	tʃœŋ35	zoeng2			4
13595	奬	奖	tʃœŋ35	zoeng2			5
13596	仗	仗	tʃœŋ33	zoeng3	打仗，勝仗，敗仗		1
13597	將	将	tʃœŋ33	zoeng3	大將		1
13598	帳	帐	tʃœŋ33	zoeng3	蚊帳，帳篷		1
13599	漲	涨	tʃœŋ33	zoeng3	漲水，漲價；漲大		1
13600	脹	胀	tʃœŋ33	zoeng3			1
13601	賬	账	tʃœŋ33	zoeng3	賬目，記賬		1
13602	醬	酱	tʃœŋ33	zoeng3			1
13603	障	障	tʃœŋ33	zoeng3	保障		1
13604	幛	幛	tʃœŋ33	zoeng3			2
13605	瘴	瘴	tʃœŋ33	zoeng3	瘴氣		2
13606	嶂	嶂	tʃœŋ33	zoeng3			2
13607	丈	丈	tʃœŋ22	zoeng6	丈夫，丈量		1
13608	仗	仗	tʃœŋ22	zoeng6	倚仗，炮仗，儀仗		1
13609	像	像	tʃœŋ22	zoeng6			1
13610	匠	匠	tʃœŋ22	zoeng6			1
13611	杖	杖	tʃœŋ22	zoeng6			1
13612	橡	橡	tʃœŋ22	zoeng6	橡樹		1
13613	象	象	tʃœŋ22	zoeng6			1
13614	長	长	tʃœŋ22	zoeng6	身無長物，俗讀長短之長	(古)	1
13615	蟓	蟓	tʃœŋ22	zoeng6			5
13616	㰵	㰵	tʃœt5	zoet1	吮吸；吻	(白)	4
13617	哉	哉	tʃɔi55	zoi1			1
13618	栽	栽	tʃɔi55	zoi1			1
13619	災	灾	tʃɔi55	zoi1			1
13620	甾	甾	tʃɔi55	zoi1	有機化合物		2
13621	菑	菑	tʃɔi55	zoi1	同災字		4
13622	在	在	tʃɔi35	zoi2	實在（副詞，的確、確實）	(白)	1
13623	宰	宰	tʃɔi35	zoi2			1
13624	載	载	tʃɔi35	zoi2	年載，俗讀載重之載		1
13625	崽	崽	tʃɔi35	zoi2	子也		2
13626	再	再	tʃɔi33	zoi3			1
13627	載	载	tʃɔi33	zoi3	載重，滿載，記載		1
13628	儎	傤	tʃɔi33	zoi3			4
13629	在	在	tʃɔi22	zoi6	現在，在位，實在（形容詞，誠實）		1
13630	作	作	tʃɔk3	zok3	工作，作坊		1
13631	卓	卓	tʃɔk3	zok3		(新)	1
13632	捉	捉	tʃɔk3	zok3	捉拿，捕捉，語流中也有讀[tʃʊk3]		1
13633	桌	桌	tʃɔk3	zok3		(新)	1
13634	琢	琢	tʃɔk3	zok3	琢磨，雕琢		1
13635	倬	倬	tʃɔk3	zok3		(又)	2
13636	涿	涿	tʃɔk3	zok3	地名，涿州、涿鹿（在河北）		2
13637	諑	诼	tʃɔk3	zok3	謠諑		2
13638	椓	椓	tʃɔk3	zok3			3
13639	䓬	䓬	tʃɔk3	zok3		(又)	3
13640	晫	晫	tʃɔk3	zok3		(又)	3
13641	䐁	䐁	tʃɔk3	zok3	臀；肥		4
13642	作	作	tʃɔk2	zok6	仵～佬，擡棺者	(又)	1
13643	鑿	凿	tʃɔk2	zok6	開鑿；鑿子；～大，吹牛		1
13644	昨	昨	tʃɔk2	zok6	昨晚，昨日，語流中易變[tʃɔ22/tʃʰɔ22]		1
13645	濯	濯	tʃɔk2	zok6			2
13646	怍	怍	tʃɔk2	zok6			2
13647	擢	擢	tʃɔk2	zok6			2
13648	柞	柞	tʃɔk2	zok6	柞木，柞蠶		2
13649	浞	浞	tʃɔk2	zok6	水溼		2
13650	砟	砟	tʃɔk2	zok6	砟硌		2
13651	笮	笮	tʃɔk2	zok6	竹索		2
13652	酢	酢	tʃɔk2	zok6	酬酢		2
13653	鷟	𬸦	tʃɔk2	zok6			3
13654	岞	岞	tʃɔk2	zok6			3
13655	灂	灂	tʃɔk2	zok6	瀺灂		5
13656	妝	妆	tʃɔŋ55	zong1	化妝，妝扮		1
13657	莊	庄	tʃɔŋ55	zong1			1
13658	樁	桩	tʃɔŋ55	zong1			1
13659	髒	脏	tʃɔŋ55	zong1	骯髒		1
13660	裝	装	tʃɔŋ55	zong1			1
13661	贓	赃	tʃɔŋ55	zong1	贓物，貪贓		1
13662	臧	臧	tʃɔŋ55	zong1			2
13663	牂	牂	tʃɔŋ55	zong1			2
13664	䁓	䁓	tʃɔŋ55	zong1	偷看，偷～，俗字裝	(語)	4
13665	庄	庄	tʃɔŋ55	zong1			5
13666	粧	粧	tʃɔŋ55	zong1	同妝字		5
13667	駔	驵	tʃɔŋ35	zong2	壯馬；駔儈		3
13668	壯	壮	tʃɔŋ33	zong3	強壯		1
13669	葬	葬	tʃɔŋ33	zong3			1
13670	戇	戆	tʃɔŋ33	zong3	戇直		2
13671	幢	幢	tʃɔŋ22	zong6	量詞		1
13672	撞	撞	tʃɔŋ22	zong6			1
13673	狀	状	tʃɔŋ22	zong6			1
13674	臟	脏	tʃɔŋ22	zong6	內臟，五臟		1
13675	藏	藏	tʃɔŋ22	zong6	寶藏		1
13676	僮	僮	tʃɔŋ22	zong6	僮族		2
13677	奘	奘	tʃɔŋ22	zong6	粗大；玄奘		2
13678	漴	漴	tʃɔŋ22	zong6			3
13679	租	租	tʃu55	zu1			1
13680	糟	糟	tʃu55	zu1			1
13681	遭	遭	tʃu55	zu1			1
13682	蹧	蹧	tʃu55	zu1			5
13683	早	早	tʃu35	zu2			1
13684	棗	枣	tʃu35	zu2			1
13685	澡	澡	tʃu35	zu2			1
13686	祖	祖	tʃu35	zu2	祖先，祖宗；阿～、～～，曾祖父或曾祖母，面稱		1
13687	組	组	tʃu35	zu2			1
13688	藻	藻	tʃu35	zu2	水藻，小球藻		1
13689	蚤	蚤	tʃu35	zu2	跳蚤（口語稱狗蝨、跳蝨）		1
13690	璪	璪	tʃu35	zu2			2
13691	繰	缲	tʃu35	zu2	絳紫色帛		2
13692	珇	珇	tʃu35	zu2			3
13693	駔	驵	tʃu35	zu2	駿馬		3
13694	璅	璅	tʃu35	zu2	似玉的石		4
13695	做	做	tʃu33	zu3	做工，做人		1
13696	竈	灶	tʃu33	zu3	爐竈，竈神		1
13697	灶	灶	tʃu33	zu3	同竈字		5
13698	造	造	tʃu22	zu6	製造，造船，早造；造詣，古讀七到切		1
13699	皁	皂	tʃu22	zu6	皁角，青紅皁白		1
13700	祚	祚	tʃu22	zu6			2
13701	胙	胙	tʃu22	zu6			2
13702	唕	唣	tʃu22	zu6	囉唕		2
13703	慥	慥	tʃu22	zu6	慥慥		3
13704	簉	簉	tʃu22	zu6			3
13705	阼	阼	tʃu22	zu6			3
13706	皂	皂	tʃu22	zu6	肥皂，皂莢		4
13707	椎	椎	tʃui55	zui1	椎骨，頸椎，椎子		1
13708	追	追	tʃui55	zui1			1
13709	錐	锥	tʃui55	zui1	圓錐		1
13710	騅	骓	tʃui55	zui1			2
13711	隹	隹	tʃui55	zui1			3
13712	脧	脧	tʃui55	zui1	赤子陰		4
13713	䘒	䘒	tʃui55	zui1			5
13714	嘴	嘴	tʃui35	zui2	嘴巴，多嘴，瓶嘴		1
13715	觜	觜	tʃui35	zui2	鳥嘴		3
13716	沝	沝	tʃui35	zui2			5
13717	最	最	tʃui33	zui3			1
13718	綴	缀	tʃui33	zui3	點綴，綴合		1
13719	贅	赘	tʃui33	zui3	沉～，囉唆，當源自冗贅，讀成沉贅	(又)	1
13720	醉	醉	tʃui33	zui3			1
13721	惴	惴	tʃui33	zui3			2
13722	蕞	蕞	tʃui33	zui3			2
13723	檇	槜	tʃui33	zui3	檇李		3
13724	㙍	㙍	tʃui33	zui3	地名用字		3
13725	晬	晬	tʃui33	zui3			4
13726	墜	坠	tʃui22	zui6			1
13727	拽	拽	tʃui22	zui6	用力拉，本字𢶀		1
13728	綴	缀	tʃui22	zui6		(又)	1
13729	罪	罪	tʃui22	zui6			1
13730	贅	赘	tʃui22	zui6	累贅，贅言		1
13731	懟	怼	tʃui22	zui6		(又)	2
13732	縋	缒	tʃui22	zui6			2
13733	膇	膇	tʃui22	zui6			4
13734	𢶀	𢶀	tʃui22	zui6	拉，俗字拽		4
13735	囑	嘱	tʃʊk5	zuk1	囑咐，遺囑		1
13736	屬	属	tʃʊk5	zuk1	屬文，屬望；通囑字	(古)	1
13737	燭	烛	tʃʊk5	zuk1			1
13738	矚	瞩	tʃʊk5	zuk1			1
13739	祝	祝	tʃʊk5	zuk1			1
13740	竹	竹	tʃʊk5	zuk1			1
13741	粥	粥	tʃʊk5	zuk1			1
13742	蜀	蜀	tʃʊk5	zuk1	俗讀，讀同燭	(常)	1
13743	足	足	tʃʊk5	zuk1	滿足，足球；百～，蜈蚣		1
13744	竺	竺	tʃʊk5	zuk1			2
13745	鐲	镯	tʃʊk5	zuk1	俗讀，讀同燭	(舊)	2
13746	瘃	瘃	tʃʊk5	zuk1			2
13747	柷	柷	tʃʊk5	zuk1	柷敔		3
13748	蠋	蠋	tʃʊk5	zuk1			3
13749	喌	喌	tʃʊk5	zuk1		(又)	4
13750	俗	俗	tʃʊk2	zuk6	風俗，俗世		1
13751	族	族	tʃʊk2	zuk6			1
13752	濁	浊	tʃʊk2	zuk6			1
13753	續	续	tʃʊk2	zuk6			1
13754	軸	轴	tʃʊk2	zuk6			1
13755	逐	逐	tʃʊk2	zuk6			1
13756	妯	妯	tʃʊk2	zuk6			2
13757	躅	躅	tʃʊk2	zuk6	躑躅		2
13758	鏃	镞	tʃʊk2	zuk6			2
13759	鐲	镯	tʃʊk2	zuk6	手鐲，鐲子		2
13760	舳	舳	tʃʊk2	zuk6			3
13761	藚	藚	tʃʊk2	zuk6			5
13762	中	中	tʃʊŋ55	zung1	中間，當中		1
13763	宗	宗	tʃʊŋ55	zung1			1
13764	忠	忠	tʃʊŋ55	zung1			1
13765	棕	棕	tʃʊŋ55	zung1	同椶字，棕色，棕櫚		1
13766	終	终	tʃʊŋ55	zung1			1
13767	綜	综	tʃʊŋ55	zung1	綜合；織縷，古讀去聲		1
13768	衷	衷	tʃʊŋ55	zung1			1
13769	蹤	踪	tʃʊŋ55	zung1			1
13770	鍾	钟	tʃʊŋ55	zung1	鍾情，鍾愛		1
13771	鐘	钟	tʃʊŋ55	zung1	鬧鐘		1
13772	淙	淙	tʃʊŋ55	zung1		(又)	2
13773	鬃	鬃	tʃʊŋ55	zung1			2
13774	忪	忪	tʃʊŋ55	zung1	怔忪		2
13775	樅	枞	tʃʊŋ55	zung1	地名，樅陽（在安徽）		2
13776	琮	琮	tʃʊŋ55	zung1		(又)	2
13777	盅	盅	tʃʊŋ55	zung1	酒盅，一盅酒，源自鍾，酒器也		2
13778	螽	螽	tʃʊŋ55	zung1			2
13779	倧	倧	tʃʊŋ55	zung1			3
13780	悰	悰	tʃʊŋ55	zung1		(又)	3
13781	柊	柊	tʃʊŋ55	zung1			3
13782	舯	舯	tʃʊŋ55	zung1			3
13783	鬷	鬷	tʃʊŋ55	zung1			3
13784	腙	腙	tʃʊŋ55	zung1			3
13785	騣	騣	tʃʊŋ55	zung1			4
13786	䁓	䁓	tʃʊŋ55	zung1	視也		4
13787	椶	棕	tʃʊŋ55	zung1	椶色，椶櫚		4
13788	潨	潨	tʃʊŋ55	zung1	崖岸		4
13789	蹱	蹱	tʃʊŋ55	zung1	躘蹱		4
13790	㙡	𭎂	tʃʊŋ55	zung1			4
13791	潀	潀	tʃʊŋ55	zung1	同潨字		5
13792	總	总	tʃʊŋ35	zung2			1
13793	種	种	tʃʊŋ35	zung2	種類		1
13794	腫	肿	tʃʊŋ35	zung2			1
13795	冢	冢	tʃʊŋ35	zung2	枯冢		2
13796	踵	踵	tʃʊŋ35	zung2			2
13797	傯	偬	tʃʊŋ35	zung2			2
13798	熜	熜	tʃʊŋ35	zung2	用麻莖捆扎成的火炬		2
13799	摠	摠	tʃʊŋ35	zung2			4
13800	种	种	tʃʊŋ35	zung2	同種字		4
13801	塚	冢	tʃʊŋ35	zung2	同冢字		5
13802	中	中	tʃʊŋ33	zung3	中計，打中；〈語〉同、正好處在、恰好處於，～一間房、～一隻部門、～一天、～一個班		1
13803	眾	众	tʃʊŋ33	zung3	同衆字		1
13804	種	种	tʃʊŋ33	zung3	種植		1
13805	衆	众	tʃʊŋ33	zung3	衆多，大衆		1
13806	瘲	疭	tʃʊŋ33	zung3	瘛瘲		2
13807	糉	粽	tʃʊŋ33	zung3	糉子		2
13808	粽	粽	tʃʊŋ33	zung3	同糉字		4
13809	种	种	tʃʊŋ33	zung3	同種字		4
13810	䝋	䝋	tʃʊŋ33	zung3	公豬		4
13811	偅	偅	tʃʊŋ33	zung3			5
13812	仲	仲	tʃʊŋ22	zung6	伯仲，仲裁；〈語〉副詞，還、仍，本字重		1
13813	縱	纵	tʃʊŋ22	zung6	放縱；縱橫，古讀平聲		1
13814	訟	讼	tʃʊŋ22	zung6			1
13815	誦	诵	tʃʊŋ22	zung6			1
13816	重	重	tʃʊŋ22	zung6	副詞，還、仍，俗字仲		1
13817	頌	颂	tʃʊŋ22	zung6			1
13818	茽	茽	tʃʊŋ22	zung6			3
13819	茲	兹	tsɿ55	zy1		(老派)	1
13820	咨	咨	tsɿ55	zy1		(老派)	1
13821	諮	咨	tsɿ55	zy1		(老派)	1
13822	姿	姿	tsɿ55	zy1		(老派)	1
13823	子	子	tsɿ55	zy1	白讀	(老派)	1
13824	滋	滋	tsɿ55	zy1		(老派)	1
13825	資	资	tsɿ55	zy1		(老派)	1
13826	齊	齐	tsɿ55	zy1	齊衰	(老派)	1
13827	孜	孜	tsɿ55	zy1		(老派)	2
13828	孳	孳	tsɿ55	zy1		(老派)	2
13829	恣	恣	tsɿ55	zy1		(老派)	2
13830	淄	淄	tsɿ55	zy1		(老派)	2
13831	緇	缁	tsɿ55	zy1		(老派)	2
13832	輜	辎	tsɿ55	zy1		(老派)	2
13833	髭	髭	tsɿ55	zy1		(老派)	2
13834	呲	呲	tsɿ55	zy1		(老派)	2
13835	嵫	嵫	tsɿ55	zy1		(老派)	2
13836	甾	甾	tsɿ55	zy1		(老派)	2
13837	訾	訾	tsɿ55	zy1		(老派)	2
13838	趑	趑	tsɿ55	zy1		(老派)	2
13839	錙	锱	tsɿ55	zy1		(老派)	2
13840	鯔	鲻	tsɿ55	zy1		(老派)	2
13841	齜	龇	tsɿ55	zy1		(老派)	2
13842	嗞	嗞	tsɿ55	zy1		(老派)	2
13843	貲	赀	tsɿ55	zy1		(老派)	3
13844	孖	孖	tsɿ55	zy1	本讀	(老派)	3
13845	粢	粢	tsɿ55	zy1		(老派)	3
13846	觜	觜	tsɿ55	zy1		(老派)	3
13847	鄑	鄑	tsɿ55	zy1		(老派)	3
13848	鎡	镃	tsɿ55	zy1		(老派)	3
13849	鼒	鼒	tsɿ55	zy1		(老派)	3
13850	菑	菑	tsɿ55	zy1		(老派)	4
13851	畠	畠	tsɿ55	zy1		(老派)	4
13852	椔	椔	tsɿ55	zy1		(老派)	5
13853	鈭	鈭	tsɿ55	zy1		(老派)	5
13854	鶅	鶅	tsɿ55	zy1		(老派)	5
13855	齍	齍	tsɿ55	zy1		(老派)	5
13856	澬	𫞚	tsɿ55	zy1		(老派)	5
13857	仔	仔	tsɿ35	zy2	仔細；仔肩	(老派)	1
13858	姊	姊	tsɿ35	zy2		(老派)	1
13859	子	子	tsɿ35	zy2		(老派)	1
13860	紫	紫	tsɿ35	zy2		(老派)	1
13861	籽	籽	tsɿ35	zy2		(老派)	1
13862	梓	梓	tsɿ35	zy2		(老派)	2
13863	滓	滓	tsɿ35	zy2		(老派)	2
13864	秭	秭	tsɿ35	zy2		(老派)	2
13865	訾	訾	tsɿ35	zy2		(老派)	2
13866	笫	笫	tsɿ35	zy2		(老派)	3
13867	耔	耔	tsɿ35	zy2		(老派)	3
13868	茈	茈	tsɿ35	zy2		(老派)	3
13869	虸	虸	tsɿ35	zy2		(老派)	3
13870	呰	呰	tsɿ35	zy2		(老派)	4
13871	啙	啙	tsɿ35	zy2		(老派)	4
13872	胏	胏	tsɿ35	zy2		(老派)	5
13873	芓	芓	tsɿ35	zy2		(老派)	5
13874	訿	訿	tsɿ35	zy2		(老派)	5
13875	倳	倳	tsɿ33	zy3		(老派)	4
13876	剚	剚	tsɿ33	zy3		(老派)	4
13877	胾	胾	tsɿ33	zy3		(老派)	4
13878	字	字	tsɿ22	zy6		(老派)	1
13879	寺	寺	tsɿ22	zy6		(老派)	1
13880	自	自	tsɿ22	zy6		(老派)	1
13881	兕	兕	tsɿ22	zy6		(老派)	2
13882	耜	耜	tsɿ22	zy6		(老派)	2
13883	眥	眦	tsɿ22	zy6		(老派)	2
13884	牸	牸	tsɿ22	zy6		(老派)	4
13885	芓	芓	tsɿ22	zy6		(老派)	5
13886	朱	朱	tʃy55	zyu1	朱砂，朱漆；姓		1
13887	硃	朱	tʃy55	zyu1	硃砂，同朱砂		1
13888	株	株	tʃy55	zyu1			1
13889	沮	沮	tʃy55	zyu1	沮水	(古)	1
13890	豬	猪	tʃy55	zyu1	豬肉，養豬；～嘴，噘嘴		1
13891	珠	珠	tʃy55	zyu1	珍珠，珠算		1
13892	蛛	蛛	tʃy55	zyu1			1
13893	諸	诸	tʃy55	zyu1			1
13894	侏	侏	tʃy55	zyu1			2
13895	狙	狙	tʃy55	zyu1			2
13896	疽	疽	tʃy55	zyu1			2
13897	茱	茱	tʃy55	zyu1			2
13898	誅	诛	tʃy55	zyu1			2
13899	銖	铢	tʃy55	zyu1			2
13900	姝	姝	tʃy55	zyu1			2
13901	櫧	槠	tʃy55	zyu1			2
13902	洙	洙	tʃy55	zyu1			2
13903	瀦	潴	tʃy55	zyu1			2
13904	苴	苴	tʃy55	zyu1	苴麻		2
13905	菹	菹	tʃy55	zyu1			2
13906	趄	趄	tʃy55	zyu1	趑趄		2
13907	邾	邾	tʃy55	zyu1			2
13908	雎	雎	tʃy55	zyu1			2
13909	娵	娵	tʃy55	zyu1			3
13910	岨	岨	tʃy55	zyu1	石山戴土		3
13911	櫫	橥	tʃy55	zyu1			3
13912	砠	砠	tʃy55	zyu1	同岨字		3
13913	藷	𫉄	tʃy55	zyu1	藷蔗		4
13914	葅	葅	tʃy55	zyu1			5
13915	主	主	tʃy35	zyu2			1
13916	拄	拄	tʃy35	zyu2	拄柺杖		1
13917	沮	沮	tʃy35	zyu2	沮喪，沮遏		1
13918	煮	煮	tʃy35	zyu2	煮飯，煮粥		1
13919	咀	咀	tʃy35	zyu2	咀嚼		2
13920	渚	渚	tʃy35	zyu2			2
13921	齟	龃	tʃy35	zyu2			2
13922	麈	麈	tʃy35	zyu2			2
13923	岨	岨	tʃy35	zyu2	岨峿		3
13924	枓	枓	tʃy35	zyu2	斟水器也		4
13925	鉏	𬬺	tʃy35	zyu2	鉏鋙		4
13926	煑	煮	tʃy35	zyu2	同煮字		5
13927	沮	沮	tʃy33	zyu3	沮洳	(古)	1
13928	注	注	tʃy33	zyu3	注意		1
13929	註	注	tʃy33	zyu3	註解		1
13930	聚	聚	tʃy33	zyu3	團聚，凝聚	(又)	1
13931	著	著	tʃy33	zyu3	著作，顯著		1
13932	蛀	蛀	tʃy33	zyu3	蛀牙，蛀蟲		1
13933	鑄	铸	tʃy33	zyu3			1
13934	駐	驻	tʃy33	zyu3			1
13935	炷	炷	tʃy33	zyu3			2
13936	翥	翥	tʃy33	zyu3			2
13937	疰	疰	tʃy33	zyu3			3
13938	住	住	tʃy22	zyu6			1
13939	嶼	屿	tʃy22	zyu6	島嶼		1
13940	序	序	tʃy22	zyu6			1
13941	聚	聚	tʃy22	zyu6	聚會，聚餐		1
13942	駐	驻	tʃy22	zyu6		(又)	1
13943	敘	叙	tʃy22	zyu6	記敘，敘事		1
13944	漵	溆	tʃy22	zyu6			2
13945	箸	箸	tʃy22	zyu6	下箸，箸籠；量詞，一～菜，一夾菜		2
13946	垿	垿	tʃy22	zyu6			3
13947	芧	芧	tʃy22	zyu6	橡樹或橡實		4
13948	跙	跙	tʃy22	zyu6	行不進也		4
13949	敍	叙	tʃy22	zyu6	同敘字		5
13950	專	专	tʃyn55	zyun1			1
13951	尊	尊	tʃyn55	zyun1			1
13952	津	津	tʃyn55	zyun1		(老派)	1
13953	磚	砖	tʃyn55	zyun1			1
13954	諄	谆	tʃyn55	zyun1		(老派)	1
13955	遵	遵	tʃyn55	zyun1			1
13956	鑽	钻	tʃyn55	zyun1	鑽研	(動)	1
13957	樽	樽	tʃyn55	zyun1		(老派)	2
13958	肫	肫	tʃyn55	zyun1		(老派)	2
13959	膞	䏝	tʃyn55	zyun1	雞膞		2
13960	躦	躜	tʃyn55	zyun1			2
13961	鐫	镌	tʃyn55	zyun1			2
13962	顓	颛	tʃyn55	zyun1			2
13963	鱒	鳟	tʃyn55	zyun1			2
13964	嶟	嶟	tʃyn55	zyun1		(老派)	3
13965	忳	忳	tʃyn55	zyun1		(老派)	3
13966	珒	珒	tʃyn55	zyun1		(老派)	3
13967	窀	窀	tʃyn55	zyun1		(老派)	3
13968	耑	耑	tʃyn55	zyun1	同專字		3
13969	鐏	𨱔	tʃyn55	zyun1			3
13970	衠	衠	tʃyn55	zyun1		(老派)	3
13971	朘	朘	tʃyn55	zyun1	縮減；剝削		4
13972	迍	迍	tʃyn55	zyun1		(老派)	4
13973	繜	繜	tʃyn55	zyun1		(老派)	5
13974	鷷	𫜄	tʃyn55	zyun1		(老派)	5
13975	罇	樽	tʃyn55	zyun1		(老派)	5
13976	准	准	tʃyn35	zyun2		(老派)	1
13977	準	准	tʃyn35	zyun2		(老派)	1
13978	轉	转	tʃyn35	zyun2	轉移，轉送，旋轉		1
13979	囀	啭	tʃyn35	zyun2			2
13980	纂	纂	tʃyn35	zyun2	編纂，纂修		2
13981	撙	撙	tʃyn35	zyun2			2
13982	纘	缵	tʃyn35	zyun2			2
13983	隼	隼	tʃyn35	zyun2		(老派)	2
13984	僔	僔	tʃyn35	zyun2			3
13985	噂	噂	tʃyn35	zyun2			3
13986	綧	𬘯	tʃyn35	zyun2		(老派)	3
13987	埻	埻	tʃyn35	zyun2		(老派)	4
13988	轉	转	tʃyn33	zyun3	轉動，公轉；轉彎，轉身，轉頭		1
13989	鑽	钻	tʃyn33	zyun3	鑽子	(名)	1
13990	圳	圳	tʃyn33	zyun3		(老派)	2
13991	甽	甽	tʃyn33	zyun3		(老派)	4
13992	傳	传	tʃyn22	zyun6	傳記，自傳		1
13993	撰	撰	tʃyn22	zyun6	撰寫，杜撰		1
13994	旋	旋	tʃyn22	zyun6	髮～、頭～，頭髮旋兒；兩隻～，兩個頭髮旋兒	(白)	1
13995	沌	沌	tʃyn22	zyun6	水名		2
13996	篆	篆	tʃyn22	zyun6			2
13997	攥	攥	tʃyn22	zyun6	纂的分化字，攥緊，攥拳		2
13998	饌	馔	tʃyn22	zyun6			2
13999	僎	僎	tʃyn22	zyun6	具備		3
14000	瑑	瑑	tʃyn22	zyun6			3
14001	䉵	䉵	tʃyn22	zyun6			4
14002	僝	僝	tʃyn22	zyun6	具備		4
14003	籑	籑	tʃyn22	zyun6			4
14004	譔	譔	tʃyn22	zyun6			4
14005	卒	卒	tʃyt5	zyut1		(老派)	1
14006	蟀	蟀	tʃyt5	zyut1	～～，蟋蟀		1
14007	嘬	嘬	tʃyt5	zyut1	俗字，吮吸，本字㰵		2
14008	崒	崒	tʃyt5	zyut1		(又)	3
14009	㰵	㰵	tʃyt5	zyut1	吮吸；飲		4
14010	拙	拙	tʃyt3	zyut3	拙作，笨拙，勤能補拙		1
14011	撮	撮	tʃyt3	zyut3		(又)	1
14012	茁	茁	tʃyt3	zyut3			1
14013	啜	啜	tʃyt3	zyut3	喝；啜泣		2
14014	絀	绌	tʃyt3	zyut3			2
14015	輟	辍	tʃyt3	zyut3			2
14016	掇	掇	tʃyt3	zyut3		(又)	2
14017	梲	棁	tʃyt3	zyut3	梁上短柱		2
14018	裰	裰	tʃyt3	zyut3			2
14019	剟	剟	tʃyt3	zyut3			3
14020	叕	叕	tʃyt3	zyut3			3
14021	惙	惙	tʃyt3	zyut3			3
14022	歠	歠	tʃyt3	zyut3			4
14023	腏	腏	tʃyt3	zyut3	骨間髓		4
14024	欼	欼	tʃyt3	zyut3			5
14025	蕝	𫈵	tʃyt3	zyut3			5
14026	拙	拙	tʃyt2	zyut6	笨拙，前字調類化；勤能補拙	(又)	1
14027	朮	术	tʃyt2	zyut6		(老派)	1
14028	絕	绝	tʃyt2	zyut6			1
14029	捽	捽	tʃyt2	zyut6	揪		2
14030	崒	崒	tʃyt2	zyut6			3
14031	椊	椊	tʃyt2	zyut6			5
