ID	CLASSIFI	TRAD	SIMP	IPA	JYUTPING	EXPL
1	一、天文（1）日、月、星/太陽	熱頭	热头	jit2 tʰɐu21	jit6 tau4	太陽1
2	一、天文（1）日、月、星/太陽	日頭	日头	jɐt2 tʰɐu21	jat6 tau4	太陽2
3	一、天文（1）日、月、星/陽光	熱頭	热头	jit2 tʰɐu21	jit6 tau4	陽光1
4	一、天文（1）日、月、星/陽光	太陽	太阳	tʰai33 jœŋ21	taai3 joeng4	陽光2
5	一、天文（1）日、月、星/陽光猛烈	熱頭大	热头大	jit2 tʰɐu21 tai22	jit6 tau4 daai6	陽光猛烈1
6	一、天文（1）日、月、星/陽光猛烈	太陽曬	太阳晒	tʰai33 jœŋ21 ʃai33	taai3 joeng4 saai3	陽光猛烈2
7	一、天文（1）日、月、星/陽光猛烈	曬啪啪	晒啪啪	ʃai33 pak5 pak5	saai3 baak1 baak1	陽光猛烈3
8	一、天文（1）日、月、星/陽光猛烈	㷫烚烚	㷫烚烚	heŋ33 hɐp2 hɐp2	hing3 hap6 hap6	陽光猛烈4
9	一、天文（1）日、月、星/太陽地兒	熱頭底下	热头底下	jit2 tʰɐu21 tɐi35 ha22	jit6 tau4 dai2 haa6	熱頭底下
10	一、天文（1）日、月、星/向陽	向南	向南	hœŋ33 nam21	hoeng3 naam4	向陽1
11	一、天文（1）日、月、星/向陽	朝南	朝南	tʃʰiu21 nam21	ciu4 naam4	向陽2
12	一、天文（1）日、月、星/向陽	開陽	开阳	hɔi55 jœŋ21	hoi1 joeng4	向陽3
13	一、天文（1）日、月、星/背陰	背陰	背阴	pui33 jɐm55	bui3 jam1	背陰1
14	一、天文（1）日、月、星/背陰	陰定	阴定	jɐm55 tɛŋ22	jam1 deng6	背陰2，「定」指地方
15	一、天文（1）日、月、星/日食（日蝕）	天狗食日	天狗食日	tʰin55 kɐu35 ʃek2 jɐt2	tin1 gau2 sik6 jat6	日食（日蝕）
16	一、天文（1）日、月、星/日暈	熱頭戴箍	热头戴箍	jit2 tʰɐu21 tai33 kʰu55	jit6 tau4 daai3 ku1	日暈1
17	一、天文（1）日、月、星/日暈	熱頭戴暀	热头戴暀	jit2 tʰɐu21 tai33 kʷɐŋ22	jit6 tau4 daai3 gwang6	日暈2
18	一、天文（1）日、月、星/月亮	月光	月光	jyt2 kɔŋ55	jyut6 gong1	月亮
19	一、天文（1）日、月、星/新月	娥眉月	娥眉月	ŋɔ21 mi21 jyt2	ngo4 mi4 jyut6	新月
20	一、天文（1）日、月、星/流星趕月	流星趕月	流星赶月	lɐu21 ɬeŋ55 kɔn35 jyt2	lau4 sling1 gon2 jyut6	流星趕月，月亮與行星靠近
21	一、天文（1）日、月、星/月亮地兒	月光底下	月光底下	jyt2 kɔŋ55 tɐi35 ha22	jyut6 gong1 dai2 haa6	月亮地兒
22	一、天文（1）日、月、星/月食（月蝕）	天狗食月	天狗食月	tʰin55 kɐu35 ʃek2 jyt2	tin1 gau2 sik6 jyut6	月食（月蝕）
23	一、天文（1）日、月、星/月暈	月光戴箍	月光戴箍	jyt2 kɔŋ55 tai33 kʰu55	jyut6 gong1 daai3 ku1	月暈
24	一、天文（1）日、月、星/星星	天星	天星	tʰin55 ɬɛŋ55	tin1 sleng1	星星1.1
25	一、天文（1）日、月、星/星星	天星	天星	tʰin55 ɬeŋ55	tin1 sling1	星星1.2
26	一、天文（1）日、月、星/星	星	星	ɬeŋ55	sling1	星星2
27	一、天文（1）日、月、星/北斗星	北斗星	北斗星	pɐk5 tɐu35 ɬeŋ55	bak1 dau2 sling1	北斗星
28	一、天文（1）日、月、星/啓明星	啓明星	启明星	kʰɐi35 meŋ21 ɬeŋ55	kai2 ming4 sling1	啓明星
29	一、天文（1）日、月、星/銀河	銀河	银河	ŋɐn21 hɔ21	ngan4 ho4	銀河1
30	一、天文（1）日、月、星/銀河	天河	天河	tʰin55 hɔ21	tin1 ho4	銀河2
31	一、天文（1）日、月、星/流星	流星	流星	lɐu21 ɬeŋ55	lau4 sling1	流星，名詞
32	一、天文（1）日、月、星/彗星	掃把星	扫把星	ɬu33 pa35 ɬeŋ55	slu3 baa2 sling1	彗星
33	一、天文（1）日、月、星/天空	天	天	tʰin55	tin1	天空
34	一、天文（2）風、雲、雷、雨/風	風	风	fʊŋ55	fung1	風
35	一、天文（2）風、雲、雷、雨/大風	大風	大风	tai22 fʊŋ55	daai6 fung1	大風1
36	一、天文（2）風、雲、雷、雨/大風	風大	风大	fʊŋ55 tai22	fung1 daai6	大風2
37	一、天文（2）風、雲、雷、雨/狂風	大風	大风	tai22 fʊŋ55	daai6 fung1	狂風1
38	一、天文（2）風、雲、雷、雨/狂風	狂風	狂风	kʰɔŋ21 fʊŋ55	kong4 fung1	狂風2
39	一、天文（2）風、雲、雷、雨/颱風	颱風	台风	tʰɔi21 fʊŋ55	toi4 fung1	颱風
40	一、天文（2）風、雲、雷、雨/小風	細風	细风	ɬɐi33 fʊŋ55	slai3 fung1	小風1
41	一、天文（2）風、雲、雷、雨/小風	微微風	微微风	mi55 mi55 fʊŋ55	mi1 mi1 fung1	小風2
42	一、天文（2）風、雲、雷、雨/旋風	鬼頭風	鬼头风	kʷɐi35 tʰɐu21 fʊŋ55	gwai2 tau4 fung1	旋風
43	一、天文（2）風、雲、雷、雨/頂風	逆風	逆风	nek2 fʊŋ55	nik6 fung1	頂風1
44	一、天文（2）風、雲、雷、雨/頂風	撞風	撞风	tʃɔŋ22 fʊŋ55	zong6 fung1	頂風2
45	一、天文（2）風、雲、雷、雨/頂風	頂頭風	顶头风	teŋ35 tʰɐu21 fʊŋ55	ding2 tau4 fung1	頂風3
46	一、天文（2）風、雲、雷、雨/順風	順風	顺风	ʃɐn22 fʊŋ55	san6 fung1	順風1
47	一、天文（2）風、雲、雷、雨/順風	背風	背风	pui33 fʊŋ55	bui3 fung1	順風2
48	一、天文（2）風、雲、雷、雨/颳風	翻風	翻风	fan55 fʊŋ55	faan1 fung1	颳風
49	一、天文（2）風、雲、雷、雨/風停了	風停啊	风停啊	fʊŋ55 tʰeŋ21 a33	fung1 ting4 aa3	風停了1
50	一、天文（2）風、雲、雷、雨/風停了	風停哂	风停哂	fʊŋ55 tʰeŋ21 ɬai33	fung1 ting4 slaai3	風停了2
51	一、天文（2）風、雲、雷、雨/風吹聲	風吹啡啡	风吹啡啡	fʊŋ55 tʃʰui55 fɛ21 fɛ21	fung1 cui1 fe4 fe4	風吹聲1，微風吹拂
52	一、天文（2）風、雲、雷、雨/風吹聲	風啡啡吹	风啡啡吹	fʊŋ55 fɛ55 fɛ55 tʃʰui55	fung1 fe1 fe1 cui1	風吹聲2，風從縫隙吹入
53	一、天文（2）風、雲、雷、雨/風吹聲	風吹吙吙	风吹吙吙	fʊŋ55 tʃʰui55 fɔ21 fɔ21	fung1 cui1 fo4 fo4	風吹聲3，風呼呼地颳
54	一、天文（2）風、雲、雷、雨/雲	雲	云	wɐn21	wan4	雲
55	一、天文（2）風、雲、雷、雨/黑雲	烏雲	乌云	wu55 wɐn21	wu1 wan4	黑雲
56	一、天文（2）風、雲、雷、雨/魚鱗雲	魚鱗雲	鱼鳞云	jy21 lɐn21 wɐn21	jyu4 lan4 wan4	鱗片狀的雲1.1
57	一、天文（2）風、雲、雷、雨/魚鱗雲	魚鱗雲	鱼鳞云	jy21 lyn21 wɐn21	jyu4 lyun4 wan4	鱗片狀的雲1.2
58	一、天文（2）風、雲、雷、雨/薄雲	薄雲	薄云	pɔk2 wɐn21	bok6 wan4	薄雲
59	一、天文（2）風、雲、雷、雨/霞	彩雲	彩云	tʃʰɔi35 wɐn21	coi2 wan4	霞1
60	一、天文（2）風、雲、雷、雨/霞	彩霞	彩霞	tʃʰɔi35 ha21	coi2 haa4	霞2
61	一、天文（2）風、雲、雷、雨/早霞	朝霞	朝霞	tʃiu55 ha21	ziu1 haa4	早霞
62	一、天文（2）風、雲、雷、雨/晚霞	晚霞	晚霞	man24 ha21	maan5 haa4	晚霞
63	一、天文（2）風、雲、雷、雨/雷	雷公	雷公	lui21 kʊŋ55	lui4 gung1	雷1
64	一、天文（2）風、雲、雷、雨/雷	雷	雷	lui21	lui4	雷2
65	一、天文（2）風、雲、雷、雨/打雷	雷公響	雷公响	lui21 kʊŋ55 hœŋ35	lui4 gung1 hoeng2	打雷1
66	一、天文（2）風、雲、雷、雨/打雷	雷公喊	雷公喊	lui21 kʊŋ55 hɛm33	lui4 gung1 hem3	打雷2
67	一、天文（2）風、雲、雷、雨/打雷	打雷	打雷	ta35 lui21	daa2 lui4	打雷3
68	一、天文（2）風、雲、雷、雨/雷打了	雷劈	雷劈	lui21 pʰɛk3	lui4 pek3	雷打了（大樹捱～）
69	一、天文（2）風、雲、雷、雨/閃電	閃電	闪电	ʃim35 tin22	sim2 din6	閃電1
70	一、天文（2）風、雲、雷、雨/閃電	攝炩	摄炩	ʃip3 lɛŋ22	sip3 leng6	閃電2，「炩」當爲「亮」的音變
71	一、天文（2）風、雲、雷、雨/閃電	霍炩	霍炩	kʷʰak3 leŋ22	kwaak3 ling6	閃電3，「炩」當爲「亮」的音變，與「霍閃」同源
72	一、天文（2）風、雲、雷、雨/雨	雨	雨	jy24	jyu5	雨1
73	一、天文（2）風、雲、雷、雨/雨	雨粒	雨粒	jy24 nɐp5	jyu5 nap1	雨2，雨點兒
74	一、天文（2）風、雲、雷、雨/下雨	落雨	落雨	lɔk2 jy24	lok6 jyu5	下雨
75	一、天文（2）風、雲、雷、雨/掉點（了）	滴雨啊	滴雨啊	tek5 jy24 a33	dik1 jyu5 aa3	掉點（了）1
76	一、天文（2）風、雲、雷、雨/掉點（了）	落開啊	落开啊	lɔk2 hɔi55 a33	lok6 hoi1 aa3	掉點（了）2
77	一、天文（2）風、雲、雷、雨/掉點（了）	落啊	落啊	lɔk2 a33	lok6 aa3	掉點（了）3
78	一、天文（2）風、雲、雷、雨/小雨	細雨	细雨	ɬɐi33 jy24	slai3 jyu5	小雨
79	一、天文（2）風、雲、雷、雨/毛毛雨	微微雨	微微雨	mi55 mi55 jy24	mi1 mi1 jyu5	毛毛雨1
80	一、天文（2）風、雲、雷、雨/毛毛雨	濛濛雨	蒙蒙雨	mʊŋ55 mʊŋ55 jy24	mung1 mung1 jyu5	毛毛雨2
81	一、天文（2）風、雲、雷、雨/毛毛雨	飛飛雨	飞飞雨	fi55 fi55 jy24	fi1 fi1 jyu5	毛毛雨3
82	一、天文（2）風、雲、雷、雨/毛毛雨	微風細雨	微风细雨	mi55 fʊŋ55 ɬɐi33 jy24	mi1 fung1 slai3 jyu5	毛毛雨4
83	一、天文（2）風、雲、雷、雨/大雨	大雨	大雨	tai22 jy24	daai6 jyu5	大雨1
84	一、天文（2）風、雲、雷、雨/大雨	暴雨	暴雨	pu22 jy24	bu6 jyu5	大雨2
85	一、天文（2）風、雲、雷、雨/飄雨	雨撇	雨撇	jy24 pʰit3	jyu5 pit3	飄雨1
86	一、天文（2）風、雲、雷、雨/飄雨	撇雨	撇雨	pʰit3 jy24	pit3 jyu5	飄雨2
87	一、天文（2）風、雲、雷、雨/連陰雨	漚雨	沤雨	ɐu33 jy24	au3 jyu5	連陰雨1
88	一、天文（2）風、雲、雷、雨/連陰雨	漚雨天	沤雨天	ɐu33 jy24 tʰin55	au3 jyu5 tin1	連陰雨2
89	一、天文（2）風、雲、雷、雨/連陰雨	落雨襲襲	落雨袭袭	lɔk2 jy24 ɬɐp2 ɬɐp2	lok6 jyu5 slap6 slap6	連陰雨3.1，雨下個不停
90	一、天文（2）風、雲、雷、雨/連陰雨	落雨襲襲	落雨袭袭	lɔk2 jy24 ɬɛp2 ɬɛp2	lok6 jyu5 slep6 slep6	連陰雨3.2，雨下個不停
91	一、天文（2）風、雲、雷、雨/連陰雨	落雨灑灑	落雨洒洒	lɔk2 jy24 ɬa21 ɬa21	lok6 jyu5 slaa4 slaa4	連陰雨4，雨下個不停，雨淅瀝貌，「灑灑」古文表連綿不絕
92	一、天文（2）風、雲、雷、雨/連陰雨	落雨叭叭	落雨叭叭	lɔk2 jy24 pa21 pa21	lok6 jyu5 baa4 baa4	連陰雨5，雨下個不停
93	一、天文（2）風、雲、雷、雨/紛紛落下貌	碖梭梭	碖梭梭	lɐn33 ɬɔ21 ɬɔ21	lan3 slo4 slo4	紛紛落下貌
94	一、天文（2）風、雲、雷、雨/雷陣雨	雷陣雨	雷阵雨	lui21 tʃɐn22 jy24	lui4 zan6 jyu5	雷陣雨
95	一、天文（2）風、雲、雷、雨/短時陣雨	陣雨	阵雨	tʃɐn22 jy24	zan6 jyu5	短時陣雨1
96	一、天文（2）風、雲、雷、雨/短時陣雨	過雲雨	过云雨	kɔ33 wɐn21 jy24	go3 wan4 jyu5	短時陣雨2
97	一、天文（2）風、雲、雷、雨/對時雨	對時雨	对时雨	tui33 ʃi21 jy24	dui3 si4 jyu5	對時雨，一連幾天在約同一時間段下雨
98	一、天文（2）風、雲、雷、雨/雨停了	雨停啊	雨停啊	jy24 tʰeŋ21 a33	jyu5 ting4 aa3	雨停了1
99	一、天文（2）風、雲、雷、雨/雨停了	雨晴啊	雨晴啊	jy24 tʃʰeŋ21 a33	jyu5 cing4 aa3	雨停了2
100	一、天文（2）風、雲、雷、雨/雨停了	雨停哂	雨停哂	jy24 tʰeŋ21 ɬai33	jyu5 ting4 slaai3	雨停了3
101	一、天文（2）風、雲、雷、雨/虹	虹	虹	kɔŋ33	gong3	虹1
102	一、天文（2）風、雲、雷、雨/虹	彩虹	彩虹	tʃʰɔi35 hʊŋ21	coi2 hung4	虹2
103	一、天文（2）風、雲、雷、雨/雙虹	雙虹	双虹	ʃœŋ55 kɔŋ33	soeng1 gong3	雙虹，兩道彩虹
104	一、天文（2）風、雲、雷、雨/淋	淋	淋	lɐm21	lam4	淋（～溼）
105	一、天文（2）風、雲、雷、雨/淋雨	淋雨	淋雨	lɐm21 jy24	lam4 jyu5	淋雨
106	一、天文（3）冰、雪、霜、露/冰	冰	冰	peŋ55	bing1	冰
107	一、天文（3）冰、雪、霜、露/冰錐	冰掛	冰挂	peŋ55 kʷa33	bing1 gwaa3	冰錐1（掛在屋檐下的冰溜子）
108	一、天文（3）冰、雪、霜、露/冰錐	冰凌	冰凌	peŋ55 leŋ21	bing1 ling4	冰錐2
109	一、天文（3）冰、雪、霜、露/結冰	結冰	结冰	kit3 peŋ55	git3 bing1	結冰
110	一、天文（3）冰、雪、霜、露/雹子	冰泡	冰泡	peŋ55 pʰau55	bing1 paau1	雹子1，冰雹
111	一、天文（3）冰、雪、霜、露/雹子	冰雹	冰雹	peŋ55 pɔk2	bing1 bok6	雹子2，冰雹
112	一、天文（3）冰、雪、霜、露/下冰雹	落冰泡	落冰泡	lɔk2 peŋ55 pʰau55	lok6 bing1 paau1	下冰雹1
113	一、天文（3）冰、雪、霜、露/下冰雹	落雹	落雹	lɔk2 pɔk2	lok6 bok6	下冰雹2
114	一、天文（3）冰、雪、霜、露/雪	雪	雪	ɬyt3	slyut3	雪
115	一、天文（3）冰、雪、霜、露/下雪	落雪	落雪	lɔk2 ɬyt3	lok6 slyut3	下雪
116	一、天文（3）冰、雪、霜、露/鵝毛雪	棉花雪	棉花雪	min21 fa55 ɬyt3	min4 faa1 slyut3	鵝毛雪
117	一、天文（3）冰、雪、霜、露/雪珠子	雪米	雪米	ɬyt3 mɐi24	slyut3 mai5	雪珠子（米粒狀的雪，霰）
118	一、天文（3）冰、雪、霜、露/化雪	雪融	雪融	ɬyt3 jʊŋ21	slyut3 jung4	化雪
119	一、天文（3）冰、雪、霜、露/露	霧水	雾水	mu22 ʃui35	mu6 sui2	露
120	一、天文（3）冰、雪、霜、露/霧水大	霧水大	雾水大	mu22 ʃui35 tai22	mu6 sui2 daai6	霧水大，露水重
121	一、天文（3）冰、雪、霜、露/凝露	落霧水	落雾水	lɔk2 mu22 ʃui35	lok6 mu6 sui2	凝露
122	一、天文（3）冰、雪、霜、露/打霧水	打霧水	打雾水	ta35 mu22 ʃui35	daa2 mu6 sui2	打霧水，有露時在室外
123	一、天文（3）冰、雪、霜、露/霜	霜	霜	ɬœŋ55	sloeng1	霜1.1
124	一、天文（3）冰、雪、霜、露/霜	霜	霜	ʃœŋ55	soeng1	霜1.2
125	一、天文（3）冰、雪、霜、露/霜	白頭霜	白头霜	pak2 tʰɐu21 ɬœŋ55	baak6 tau4 sloeng1	霜2.1
126	一、天文（3）冰、雪、霜、露/霜	白頭霜	白头霜	pak2 tʰɐu21 ʃœŋ55	baak6 tau4 soeng1	霜2.2
127	一、天文（3）冰、雪、霜、露/下霜	落霜	落霜	lɔk2 ɬœŋ55	lok6 sloeng1	下霜1.1
128	一、天文（3）冰、雪、霜、露/下霜	落霜	落霜	lɔk2 ʃœŋ55	lok6 soeng1	下霜1.2
129	一、天文（3）冰、雪、霜、露/霧	霧	雾	mu22	mu6	霧
130	一、天文（3）冰、雪、霜、露/下霧	落霧	落雾	lɔk2 mu22	lok6 mu6	下霧1
131	一、天文（3）冰、雪、霜、露/下霧	有霧	有雾	jɐu24 mu22	jau5 mu6	下霧2
132	一、天文（4）氣候/天氣	天氣	天气	tʰin55 hi33	tin1 hi3	天氣1
133	一、天文（4）氣候/天氣	天時	天时	tʰin55 ʃi21	tin1 si4	天氣2，指氣候而非氣候條件（氣候時機）
134	一、天文（4）氣候/天氣	天色	天色	tʰin55 ʃek5	tin1 sik1	天氣3
135	一、天文（4）氣候/晴天	好天	好天	hu35 tʰin55	hu2 tin1	晴天1
136	一、天文（4）氣候/晴天	晴天	晴天	tʃʰeŋ21 tʰin55	cing4 tin1	晴天2
137	一、天文（4）氣候/陰天	陰天	阴天	jɐm55 tʰin55	jam1 tin1	陰天
138	一、天文（4）氣候/雨天	落雨天	落雨天	lɔk2 jy24 tʰin55	lok6 jyu5 tin1	雨天
139	一、天文（4）氣候/熱	熱	热	jit2	jit6	熱（指天氣）
140	一、天文（4）氣候/悶熱	焗	焗	kʊk2	guk6	悶熱1
141	一、天文（4）氣候/悶熱	焗熱	焗热	kʊk2 jit2	guk6 jit6	悶熱2
142	一、天文（4）氣候/悶熱	㷫	㷫	heŋ33	hing3	悶熱3，指熱得發燙
143	一、天文（4）氣候/冷	冷	冷	laŋ24	laang5	冷1（指天氣）
144	一、天文（4）氣候/冷	凍	冻	tʊŋ33	dung3	冷2
145	一、天文（4）氣候/冷	刺	刺	tʃʰɛk3	cek3	冷3，冷得刺骨
146	一、天文（4）氣候/陰冷	陰冷	阴冷	jɐm55 laŋ24	jam1 laang5	陰冷1
147	一、天文（4）氣候/陰冷	陰凍	阴冻	jɐm55 tʊŋ33	jam1 dung3	陰冷2
148	一、天文（4）氣候/涼快	涼	凉	lœŋ21	loeng4	涼快1（指天氣）
149	一、天文（4）氣候/涼快	涼爽	凉爽	lœŋ21 ʃɔŋ35	loeng4 song2	涼快2（指天氣）
150	一、天文（4）氣候/回南	回南	回南	wui21 nam21	wui4 naam4	回南，指冬天裏出現的轉暖
151	一、天文（4）氣候/伏天	三伏天	三伏天	ɬam55 fʊk2 tʰin55	slaam1 fuk6 tin1	伏天
152	一、天文（4）氣候/入伏	入伏	入伏	jɐp2 fʊk2	jap6 fuk6	入伏，進入三伏天
153	一、天文（4）氣候/初伏	頭伏	头伏	tʰɐu21 fʊk2	tau4 fuk6	初伏
154	一、天文（4）氣候/中伏	二伏	二伏	ji22 fʊk2	ji6 fuk6	中伏1
155	一、天文（4）氣候/中伏	中伏	中伏	tʃʊŋ55 fʊk2	zung1 fuk6	中伏2
156	一、天文（4）氣候/末伏	三伏	三伏	ɬam55 fʊk2	slaam1 fuk6	末伏1
157	一、天文（4）氣候/末伏	尾伏	尾伏	mi24 fʊk2	mi5 fuk6	末伏2
158	一、天文（4）氣候/旱	旱	旱	hɔn24	hon5	旱1
159	一、天文（4）氣候/旱	天旱	天旱	tʰin55 hɔn24	tin1 hon5	旱2
160	一、天文（4）氣候/澇	水大	水大	ʃui35 tai22	sui2 daai6	澇1
161	一、天文（4）氣候/澇	發大水	发大水	fat3 tai22 ʃui35	faat3 daai6 sui2	澇2
162	二、地理（1）地/平原	平地	平地	pʰeŋ21 ti22	ping4 di6	平原
163	二、地理（1）地/旱地	旱地	旱地	hɔn24 ti22	hon5 di6	旱地1
164	二、地理（1）地/旱地	畬地	畬地	ʃɛ55 ti22	se1 di6	旱地2
165	二、地理（1）地/水田	田	田	tʰin21	tin4	水田
166	二、地理（1）地/田地	田地	田地	tʰin21 ti22	tin4 di6	田地
167	二、地理（1）地/梯田	梯田	梯田	tʰɐi55 tʰin21	tai1 tin4	梯田
168	二、地理（1）地/爛泥田	爛湴田	烂湴田	lan22 pan22 tʰin21	laan6 baan6 tin4	爛泥田
169	二、地理（1）地/埌田	埌田	埌田	lɔŋ24 tʰin21	long5 tin4	埌田，非雨季窪地裏的田
170	二、地理（1）地/田垌	田垌	田垌	tʰin21 tʊŋ22	tin4 dung6	田垌，大片田
171	二、地理（1）地/田埂	田基	田基	tʰin21 ki55	tin4 gi1	田埂
172	二、地理（1）地/菜地	菜地	菜地	tʃʰɔi33 ti22	coi3 di6	菜地
173	二、地理（1）地/菜園	菜園	菜园	tʃʰɔi33 jyn21	coi3 jyun4	菜園
174	二、地理（1）地/荒地	荒地	荒地	fɔŋ55 ti22	fong1 di6	荒地1
175	二、地理（1）地/荒地	生荒	生荒	ʃaŋ55 fɔŋ55	saang1 fong1	荒地2
176	二、地理（1）地/生地	生地	生地	ʃaŋ55 ti22	saang1 di6	生地，未種過的地
177	二、地理（1）地/熟地	熟地	熟地	ʃʊk2 ti22	suk6 di6	熟地，種過的地
178	二、地理（1）地/沙土地	沙泥地	沙泥地	ʃa55 nɐi21 ti22	saa1 nai4 di6	沙土地1
179	二、地理（1）地/沙土地	沙地	沙地	ʃa55 ti22	saa1 di6	沙土地2
180	二、地理（1）地/黃土地	黃泥地	黄泥地	wɔŋ21 nɐi21 ti22	wong4 nai4 di6	黃土地
181	二、地理（1）地/淤泥	爛湴	烂湴	lan22 pan22	laan6 baan6	淤泥
182	二、地理（1）地/坡地	坡地	坡地	pʰɔ55 ti22	po1 di6	坡地1
183	二、地理（1）地/坡地	山地	山地	ʃan55 ti22	saan1 di6	坡地2
184	二、地理（1）地/鹽鹼地	鹽鹼地	盐碱地	jim21 kɛn35 ti22	jim4 gen2 di6	鹽鹼地
185	二、地理（1）地/灘地	河灘地	河滩地	hɔ21 tʰan55 ti22	ho4 taan1 di6	灘地
186	二、地理（1）地/山地	山地	山地	ʃan55 ti22	saan1 di6	山地，山上的農業用地
187	二、地理（2）山/山	山	山	ʃan55	saan1	山1
188	二、地理（2）山/山	嶺	岭	lɛŋ24	leng5	山2
189	二、地理（2）山/山腰	半山腰	半山腰	pun33 ʃan55 jiu55	bun3 saan1 jiu1	山腰1
190	二、地理（2）山/山腰	山腰	山腰	ʃan55 jiu55	saan1 jiu1	山腰2
191	二、地理（2）山/山腳	山腳	山脚	ʃan55 kœk3	saan1 goek3	山腳1
192	二、地理（2）山/山腳	嶺腳	岭脚	lɛŋ24 kœk3	leng5 goek3	山腳2
193	二、地理（2）山/山腳	山底下	山底下	ʃan55 tɐi35 ha22	saan1 dai2 haa6	山腳3
194	二、地理（2）山/山坳	山坳	山坳	ʃan55 ɛu33	saan1 eu3	山坳，山間的平地
195	二、地理（2）山/山谷	山坳	山坳	ʃan55 ɛu33	saan1 eu3	山谷1，兩山之間低凹狹窄處
196	二、地理（2）山/山谷	山坑	山坑	ʃan55 haŋ55	saan1 haang1	山谷2
197	二、地理（2）山/山谷	山窿山罅	山窿山罅	ʃan55 lʊŋ55 ʃan55 la33	saan1 lung1 saan1 laa3	山谷3.1
198	二、地理（2）山/山谷	山窿山罅	山窿山罅	ʃan55 lʊŋ55 ʃan55 lɛ33	saan1 lung1 saan1 le3	山谷3.2
199	二、地理（2）山/山谷	山麓	山麓	ʃan55 lʊk5	saan1 luk1	山谷4
200	二、地理（2）山/山澗	山坑	山坑	ʃan55 haŋ55	saan1 haang1	山澗1
201	二、地理（2）山/山澗	山沖	山冲	ʃan55 tʃʰʊŋ55	saan1 cung1	山澗2
202	二、地理（2）山/山坡	山	山	ʃan55	saan1	山坡1
203	二、地理（2）山/山坡	坽	坽	leŋ33	ling3	山坡2，源自「嶺」，阪也
204	二、地理（2）山/山坡	坡	坡	pʰɔ55	po1	山坡3
205	二、地理（2）山/斜坡	笡坽	笡坽	tʃʰɛ33 leŋ33	ce3 ling3	斜坡
206	二、地理（2）山/山頭	嶺頂	岭顶	lɛŋ24 tɛŋ35	leng5 deng2	山頭1，山峯
207	二、地理（2）山/山頭	山頂	山顶	ʃan55 tɛŋ35	saan1 deng2	山頭2，山峯
208	二、地理（2）山/山頭	山頭	山头	ʃan55 tʰɐu21	saan1 tau4	山頭3，山峯
209	二、地理（2）山/山丘	沙牛泡	沙牛泡	ʃa55 ŋɐu21 pɔk5	saa1 ngau4 bok1	山丘1，本作「沙牛㿺」，低矮圓頂的丘陵，形似黃牛的脖子
210	二、地理（2）山/山丘	山泡	山泡	ʃan55 pɔk5	saan1 bok1	山丘2，本作「山㿺」
211	二、地理（2）山/山崖	山巖	山岩	ʃan55 ŋam21	saan1 ngaam4	山崖
212	二、地理（2）山/窟窿、洞	窿	窿	lʊŋ55	lung1	窿，本字「竉」
213	二、地理（3）江、河、湖、海、水/河	江	江	kɔŋ55	gong1	河1
214	二、地理（3）江、河、湖、海、水/河	河	河	hɔ21	ho4	河2，指江，即大的河
215	二、地理（3）江、河、湖、海、水/河	海	海	hɔi35	hoi2	河3，指邕江，老派說法
216	二、地理（3）江、河、湖、海、水/邕江	邕江河	邕江河	jʊŋ55 kɔŋ55 hɔ21	jung1 gong1 ho4	邕江
217	二、地理（3）江、河、湖、海、水/河裏	江裏頭	江里头	kɔŋ55 li24 tʰɐu21	gong1 li5 tau4	河裏1（跌落～了）
218	二、地理（3）江、河、湖、海、水/河裏	河裏頭	河里头	hɔ21 li24 tʰɐu21	ho4 li5 tau4	河裏2（跌落～了）
219	二、地理（3）江、河、湖、海、水/河裏	江裏底	江里底	kɔŋ55 li24 tɐi35	gong1 li5 dai2	河裏3
220	二、地理（3）江、河、湖、海、水/河裏	河裏底	河里底	hɔ21 li24 tɐi35	ho4 li5 dai2	河裏4
221	二、地理（3）江、河、湖、海、水/對河（邕江的對面）	對河	对河	tui33 hɔ21	dui3 ho4	對河1，專指邕江的對面，處北岸則指南岸，處南岸則指北岸，舊時北邊富南邊窮，北邊爲城南邊爲郊，現已一體化發展
222	二、地理（3）江、河、湖、海、水/對河（邕江的對面）	對海	对海	tui33 hɔi35	dui3 hoi2	對河2，專指邕江的對面
223	二、地理（3）江、河、湖、海、水/過河	過河	过河	kɔ33 hɔ21	go3 ho4	過河1
224	二、地理（3）江、河、湖、海、水/過河	過渡	过渡	kɔ33 tu22	go3 du6	過河2
225	二、地理（3）江、河、湖、海、水/過河	過海	过海	kɔ33 hɔi35	go3 hoi2	過河3，指過邕江，老派說法
226	二、地理（3）江、河、湖、海、水/涉水（蹚水）	逕水	迳水	kaŋ33 ʃui35	gaang3 sui2	涉水（蹚水），俗作「浭水」
227	二、地理（3）江、河、湖、海、水/小溪	溪	溪	kʰɐi55	kai1	小溪1
228	二、地理（3）江、河、湖、海、水/小溪	沖	冲	tʃʰʊŋ55	cung1	小溪2，本字「潨」
229	二、地理（3）江、河、湖、海、水/小溪	坑	坑	haŋ55	haang1	小溪3
230	二、地理（3）江、河、湖、海、水/水渠	水利溝	水利沟	ʃui35 li22 kɐu55	sui2 li6 gau1	水渠
231	二、地理（3）江、河、湖、海、水/水溝	坑溝	坑沟	haŋ55 kɐu55	haang1 gau1	水溝1，統稱
232	二、地理（3）江、河、湖、海、水/水溝	溝	沟	kɐu55	gau1	水溝2
233	二、地理（3）江、河、湖、海、水/水溝	渠	渠	kʰy21	kyu4	水溝3
234	二、地理（3）江、河、湖、海、水/小水溝	渠坑	渠坑	kʰy21 haŋ55	kyu4 haang1	小水溝1
235	二、地理（3）江、河、湖、海、水/小水溝	坑溝	坑沟	haŋ55 kɐu55	haang1 gau1	小水溝2
236	二、地理（3）江、河、湖、海、水/陽溝	陽溝	阳沟	jœŋ21 kɐu55	joeng4 gau1	陽溝，建築物的排水溝
237	二、地理（3）江、河、湖、海、水/湖	湖	湖	wu21	wu4	湖
238	二、地理（3）江、河、湖、海、水/潭	潭	潭	tʰam21	taam4	潭
239	二、地理（3）江、河、湖、海、水/水塘	塘	塘	tʰɔŋ21	tong4	水塘1
240	二、地理（3）江、河、湖、海、水/水塘	塘邊	塘边	tʰɔŋ21 pin55	tong4 bin1	水塘2
241	二、地理（3）江、河、湖、海、水/塘埂	塘基	塘基	tʰɔŋ21 ki55	tong4 gi1	塘埂1
242	二、地理（3）江、河、湖、海、水/塘埂	塘邊	塘边	tʰɔŋ21 pin55	tong4 bin1	塘埂2
243	二、地理（3）江、河、湖、海、水/㙟	埌	埌	lɔŋ24	long5	㙟1，大片積水的窪地
244	二、地理（3）江、河、湖、海、水/㙟	埌邊	埌边	lɔŋ24 pin55	long5 bin1	㙟2
245	二、地理（3）江、河、湖、海、水/水坑	水氹	水氹	ʃui35 tʰɐm24	sui2 tam5	水坑1
246	二、地理（3）江、河、湖、海、水/水坑	氹	氹	tʰɐm24	tam5	水坑2，本字「窞」
247	二、地理（3）江、河、湖、海、水/牛窩	牛氹	牛氹	ŋɐu21 tʰɐm24	ngau4 tam5	牛窩
248	二、地理（3）江、河、湖、海、水/牛滾泥潭	牛摙湴	牛摙湴	ŋɐu21 lin33 pan22	ngau4 lin3 baan6	牛滾泥潭1.1，牛在泥潭打滾
249	二、地理（3）江、河、湖、海、水/牛滾泥潭	牛摙湴	牛摙湴	ŋɐu21 lɛn33 pan22	ngau4 len3 baan6	牛滾泥潭1.2，牛在泥潭打滾
250	二、地理（3）江、河、湖、海、水/水庫	水庫	水库	ʃui35 fu33	sui2 fu3	水庫
251	二、地理（3）江、河、湖、海、水/山塘	山塘	山塘	ʃan55 tʰɔŋ21	saan1 tong4	山塘，小型簡易水庫
252	二、地理（3）江、河、湖、海、水/海	海	海	hɔi35	hoi2	海
253	二、地理（3）江、河、湖、海、水/河岸	河邊	河边	hɔ21 pin55	ho4 bin1	河岸1
254	二、地理（3）江、河、湖、海、水/河岸	江邊	江边	kɔŋ55 pin55	gong1 bin1	河岸2
255	二、地理（3）江、河、湖、海、水/河岸	岸邊	岸边	ŋɔn22 pin55	ngon6 bin1	河岸3
256	二、地理（3）江、河、湖、海、水/堤	河堤	河堤	hɔ21 tʰɐi21	ho4 tai4	堤
257	二、地理（3）江、河、湖、海、水/壩	壩	坝	pa33	baa3	壩1
258	二、地理（3）江、河、湖、海、水/壩	水壩	水坝	ʃui35 pa33	sui2 baa3	壩2
259	二、地理（3）江、河、湖、海、水/洲	洲	洲	tʃɐu55	zau1	洲1，水中陸地
260	二、地理（3）江、河、湖、海、水/洲	沙洲	沙洲	ʃa55 tʃɐu55	saa1 zau1	洲2
261	二、地理（3）江、河、湖、海、水/江底	江䐁	江䐁	kɔŋ55 tʊk5	gong1 duk1	江底
262	二、地理（3）江、河、湖、海、水/河灘	河灘	河滩	hɔ21 tʰan55	ho4 taan1	河灘
263	二、地理（3）江、河、湖、海、水/水	水	水	ʃui35	sui2	水，可比喻（人、物）差勁、次，～貨，又可比喻錢，一蔸～、一䊆～
264	二、地理（3）江、河、湖、海、水/死水	死水	死水	ɬi35 ʃui35	sli2 sui2	死水，不流動的水
265	二、地理（3）江、河、湖、海、水/清水	清水	清水	tʃʰɛŋ55 ʃui35	ceng1 sui2	清水
266	二、地理（3）江、河、湖、海、水/渾水	濁水	浊水	tʃʊk2 ʃui35	zuk6 sui2	渾水
267	二、地理（3）江、河、湖、海、水/雨水	雨水	雨水	jy24 ʃui35	jyu5 sui2	雨水
268	二、地理（3）江、河、湖、海、水/洪水	大水	大水	tai22 ʃui35	daai6 sui2	洪水1
269	二、地理（3）江、河、湖、海、水/洪水	洪水	洪水	hʊŋ21 ʃui35	hung4 sui2	洪水2
270	二、地理（3）江、河、湖、海、水/洪峯	水頭	水头	ʃui35 tʰɐu21	sui2 tau4	洪峯1
271	二、地理（3）江、河、湖、海、水/洪峯	洪峯	洪峰	hʊŋ21 fʊŋ55	hung4 fung1	洪峯2
272	二、地理（3）江、河、湖、海、水/泉水	湓水	湓水	mɐn33 ʃui35	man3 sui2	泉水，俗字「呇/汶」
273	二、地理（3）江、河、湖、海、水/泉眼	湓口	湓口	mɐn33 hɐu35	man3 hau2	泉眼1，俗字「呇/汶」
274	二、地理（3）江、河、湖、海、水/泉眼	泉眼	泉眼	tʃʰyn21 ŋɛn24	cyun4 ngen5	泉眼2
275	二、地理（3）江、河、湖、海、水/涼水	凍水	冻水	tʊŋ33 ʃui35	dung3 sui2	涼水
276	二、地理（3）江、河、湖、海、水/熱水	熱水	热水	jit2 ʃui35	jit6 sui2	熱水，一般指用於洗澡等用途的水，不指用於喝的熱開水
277	二、地理（3）江、河、湖、海、水/溫水	暖水	暖水	nyn24 ʃui35	nyun5 sui2	溫水1
278	二、地理（3）江、河、湖、海、水/溫水	暖暖水	暖暖水	nyn24 nyn24 ʃui35	nyun5 nyun5 sui2	溫水2
279	二、地理（3）江、河、湖、海、水/開水	開水	开水	hɔi55 ʃui35	hoi1 sui2	開水1，煮沸的水，指可以喝的水
280	二、地理（3）江、河、湖、海、水/開水	滾水	滚水	kʷɐn35 ʃui35	gwan2 sui2	開水2
281	二、地理（3）江、河、湖、海、水/生水	生水	生水	ʃaŋ55 ʃui35	saang1 sui2	生水，未煮過的水
282	二、地理（3）江、河、湖、海、水/蝦眼水	蝦眼水	虾眼水	ha55 ŋɛn24 ʃui35	haa1 ngen5 sui2	蝦眼水，將沸的水，因鍋底出現的小水泡形如蝦眼得名
283	二、地理（3）江、河、湖、海、水/蒸餾水	倒汗水	倒汗水	tu33 hɔn22 ʃui35	du3 hon6 sui2	蒸餾水
284	二、地理（3）江、河、湖、海、水/自來水	自來水	自来水	tʃi22 lɔi21 ʃui35	zi6 loi4 sui2	自來水1.1
285	二、地理（3）江、河、湖、海、水/自來水	自來水	自来水	tsɿ22 lɔi21 ʃui35	zy6 loi4 sui2	自來水1.2
286	二、地理（3）江、河、湖、海、水/自來水	龍頭水	龙头水	lʊŋ21 tʰɐu21 ʃui35	lung4 tau4 sui2	自來水2，水龍頭出的水
287	二、地理（3）江、河、湖、海、水/純淨水	純淨水	纯净水	ʃɐn21 tʃeŋ22 ʃui35	san4 zing6 sui2	純淨水1.1
288	二、地理（3）江、河、湖、海、水/純淨水	純淨水	纯净水	ɬɐn21 tʃeŋ22 ʃui35	slan4 zing6 sui2	純淨水1.2
289	二、地理（3）江、河、湖、海、水/純淨水	純淨水	纯净水	ʃyn21 tʃeŋ22 ʃui35	syun4 zing6 sui2	純淨水1.3
290	二、地理（3）江、河、湖、海、水/純淨水	純淨水	纯净水	ɬyn21 tʃeŋ22 ʃui35	slyun4 zing6 sui2	純淨水1.4
291	二、地理（3）江、河、湖、海、水/水沸	水滾	水滚	ʃui35 kʷɐn35	sui2 gwan2	水沸
292	二、地理（3）江、河、湖、海、水/開水燙腳	滾水熝腳	滚水熝脚	kʷɐn35 ʃui35 lʊk5 kœk3	gwan2 sui2 luk1 goek3	開水燙腳，喻待的時間短
293	二、地理（3）江、河、湖、海、水/水腳	水腳	水脚	ʃui35 kœk3	sui2 goek3	①船費；②水的沉澱物
294	二、地理（4）石沙、土塊、礦物/石頭	石頭	石头	ʃɛk2 tʰɐu21	sek6 tau4	石頭，統稱
295	二、地理（4）石沙、土塊、礦物/石子	石崽	石崽	ʃɛk2 tʃɐi35	sek6 zai2	石子
296	二、地理（4）石沙、土塊、礦物/石子	石仔	石仔	ʃɛk2 tʃɐi35	sek6 zai2	石子，同「石崽」
297	二、地理（4）石沙、土塊、礦物/石板	石板	石板	ʃɛk2 pan35	sek6 baan2	石板，板狀的石塊
298	二、地理（4）石沙、土塊、礦物/片石	片石	片石	pʰin33 ʃɛk2	pin3 sek6	片石1，建築用大石塊
299	二、地理（4）石沙、土塊、礦物/片石	大石	大石	tai22 ʃɛk2	daai6 sek6	片石2
300	二、地理（4）石沙、土塊、礦物/鵝卵石	鵝卵石	鹅卵石	ŋɔ21 lyn35 ʃɛk2	ngo4 lyun2 sek6	鵝卵石1
301	二、地理（4）石沙、土塊、礦物/鵝卵石	鵝蛋石	鹅蛋石	ŋɔ21 tan22 ʃɛk2	ngo4 daan6 sek6	鵝卵石2
302	二、地理（4）石沙、土塊、礦物/鵝卵石	馬卵石	马卵石	ma24 lyn35 ʃɛk2	maa5 lyun2 sek6	鵝卵石3
303	二、地理（4）石沙、土塊、礦物/沙岩	沙岩	沙岩	ʃa55 ŋam21	saa1 ngaam4	沙岩，沙質岩石
304	二、地理（4）石沙、土塊、礦物/花崗岩	花崗岩	花岗岩	fa55 kɔŋ55 ŋam21	faa1 gong1 ngaam4	花崗岩
305	二、地理（4）石沙、土塊、礦物/石灰岩	石灰岩	石灰岩	ʃɛk2 fui55 ŋam21	sek6 fui1 ngaam4	石灰岩1
306	二、地理（4）石沙、土塊、礦物/石灰岩	石灰石	石灰石	ʃɛk2 fui55 ʃɛk2	sek6 fui1 sek6	石灰岩2
307	二、地理（4）石沙、土塊、礦物/輝綠岩	輝綠岩	辉绿岩	wɐi55 lʊk2 ŋam21	wai1 luk6 ngaam4	輝綠岩
308	二、地理（4）石沙、土塊、礦物/大理石	大理石	大理石	tai22 li24 ʃɛk2	daai6 li5 sek6	大理石
309	二、地理（4）石沙、土塊、礦物/青石	青石	青石	tʃʰɛŋ55 ʃɛk2	ceng1 sek6	青石1.1
310	二、地理（4）石沙、土塊、礦物/青石	青石	青石	tʃʰeŋ55 ʃɛk2	cing1 sek6	青石1.2
311	二、地理（4）石沙、土塊、礦物/沙子	沙	沙	ʃa55	saa1	沙子
312	二、地理（4）石沙、土塊、礦物/沙土	沙泥	沙泥	ʃa55 nɐi21	saa1 nai4	沙土1，含沙很多的土
313	二、地理（4）石沙、土塊、礦物/沙土	泥沙	泥沙	nɐi21 ʃa55	nai4 saa1	沙土2
314	二、地理（4）石沙、土塊、礦物/沙灘	沙灘	沙滩	ʃa55 tʰan55	saa1 taan1	沙灘
315	二、地理（4）石沙、土塊、礦物/土坯	泥磚	泥砖	nɐi21 tʃyn55	nai4 zyun1	土坯
316	二、地理（4）石沙、土塊、礦物/磚坯	泥磚	泥砖	nɐi21 tʃyn55	nai4 zyun1	磚坯
317	二、地理（4）石沙、土塊、礦物/磚	磚頭	砖头	tʃyn55 tʰɐu21	zyun1 tau4	磚1
318	二、地理（4）石沙、土塊、礦物/磚	磚	砖	tʃyn55	zyun1	磚2
319	二、地理（4）石沙、土塊、礦物/青磚	青磚	青砖	tʃʰɛŋ55 tʃyn55	ceng1 zyun1	青磚
320	二、地理（4）石沙、土塊、礦物/紅磚	紅磚	红砖	hʊŋ21 tʃyn55	hung4 zyun1	紅磚
321	二、地理（4）石沙、土塊、礦物/空心磚	空心磚	空心砖	hʊŋ55 ɬɐm55 tʃyn55	hung1 slam1 zyun1	空心磚
322	二、地理（4）石沙、土塊、礦物/水泥磚	水泥磚	水泥砖	ʃui35 nɐi21 tʃyn55	sui2 nai4 zyun1	水泥磚
323	二、地理（4）石沙、土塊、礦物/煤渣磚	煤渣磚	煤渣砖	mui21 tʃa55 tʃyn55	mui4 zaa1 zyun1	煤渣磚
324	二、地理（4）石沙、土塊、礦物/階磚	階磚	阶砖	kai55 tʃyn55	gaai1 zyun1	階磚，舊時鋪地板的方轉
325	二、地理（4）石沙、土塊、礦物/生態磚	生態磚	生态砖	ʃaŋ55 tʰai33 tʃyn55	saang1 taai3 zyun1	生態磚，中空可種草
326	二、地理（4）石沙、土塊、礦物/瓦	瓦	瓦	ŋa24	ngaa5	瓦
327	二、地理（4）石沙、土塊、礦物/青瓦	青瓦	青瓦	tʃʰɛŋ55 ŋa24	ceng1 ngaa5	青瓦
328	二、地理（4）石沙、土塊、礦物/紅瓦	紅瓦	红瓦	hʊŋ21 ŋa24	hung4 ngaa5	紅瓦
329	二、地理（4）石沙、土塊、礦物/石棉瓦	石棉瓦	石棉瓦	ʃɛk2 min21 ŋa24	sek6 min4 ngaa5	石棉瓦
330	二、地理（4）石沙、土塊、礦物/水泥瓦	水泥瓦	水泥瓦	ʃui35 nɐi21 ŋa24	sui2 nai4 ngaa5	水泥瓦
331	二、地理（4）石沙、土塊、礦物/亮瓦	亮瓦	亮瓦	lœŋ22 ŋa24	loeng6 ngaa5	亮瓦，採光用的玻璃瓦
332	二、地理（4）石沙、土塊、礦物/琉璃瓦	琉璃瓦	琉璃瓦	lɐu21 li21 ŋa24	lau4 li4 ngaa5	琉璃瓦
333	二、地理（4）石沙、土塊、礦物/仰瓦	船瓦	船瓦	ʃyn21 ŋa24	syun4 ngaa5	仰瓦1，朝上放的
334	二、地理（4）石沙、土塊、礦物/仰瓦	仰瓦	仰瓦	ŋɔŋ24 ŋa24	ngong5 ngaa5	仰瓦2
335	二、地理（4）石沙、土塊、礦物/蓋瓦	𠖫瓦	𠖫瓦	kʰɐm35 ŋa24	kam2 ngaa5	蓋瓦，俗作「冚瓦」
336	二、地理（4）石沙、土塊、礦物/瓦槽	瓦槽	瓦槽	ŋa24 tʃʰu21	ngaa5 cu4	瓦槽
337	二、地理（4）石沙、土塊、礦物/檢漏	執瓦	执瓦	tʃɐp5 ŋa24	zap1 ngaa5	檢漏1，上房頂檢修泄漏
338	二、地理（4）石沙、土塊、礦物/檢漏	執漏	执漏	tʃɐp5 lɐu22	zap1 lau6	檢漏2，檢修泄漏
339	二、地理（4）石沙、土塊、礦物/碎瓦	瓦渣	瓦渣	ŋa24 tʃa55	ngaa5 zaa1	碎瓦
340	二、地理（4）石沙、土塊、礦物/灰塵	煙塵	烟尘	jin55 tʃʰɐn21	jin1 can4	灰塵1
341	二、地理（4）石沙、土塊、礦物/灰塵	灰塵	灰尘	fui55 tʃʰɐn21	fui1 can4	灰塵2
342	二、地理（4）石沙、土塊、礦物/灰塵	風塵	风尘	fʊŋ55 tʃʰɐn21	fung1 can4	灰塵3，桌面上的
343	二、地理（4）石沙、土塊、礦物/灰塵	坌塵	坌尘	mɐn55 tʃʰɐn21	man1 can4	灰塵4，老派用法，古文作「塵坌」，《續資治通鑑·宋神宗元豊四年》：塵坌四起，居人駭散
344	二、地理（4）石沙、土塊、礦物/灰塵大	坌	坌	mɐn55	man1	灰塵大1
345	二、地理（4）石沙、土塊、礦物/灰塵大	塳	塳	pʰʊŋ55	pung1	灰塵大2
346	二、地理（4）石沙、土塊、礦物/火	火	火	fɔ35	fo2	火
347	二、地理（4）石沙、土塊、礦物/失火	火燭	火烛	fɔ35 tʃʊk5	fo2 zuk1	失火
348	二、地理（4）石沙、土塊、礦物/火焰	火焰	火焰	fɔ35 jim22	fo2 jim6	火焰
349	二、地理（4）石沙、土塊、礦物/火煙	火煙	火烟	fɔ35 jin55	fo2 jin1	火煙
350	二、地理（4）石沙、土塊、礦物/冒煙	冒煙	冒烟	mau22 jin55	maau6 jin1	冒煙1.1
351	二、地理（4）石沙、土塊、礦物/冒煙	冒煙	冒烟	mu22 jin55	mu6 jin1	冒煙1.2
352	二、地理（4）石沙、土塊、礦物/爛泥	爛湴	烂湴	lan22 pan22	laan6 baan6	爛泥1
353	二、地理（4）石沙、土塊、礦物/爛泥	湴	湴	pan22	baan6	爛泥2
354	二、地理（4）石沙、土塊、礦物/爛泥	泥湴	泥湴	nɐi21 pan22	nai4 baan6	爛泥3
355	二、地理（4）石沙、土塊、礦物/泥土	泥	泥	nɐi21	nai4	泥土
356	二、地理（4）石沙、土塊、礦物/陶土	白泥	白泥	pak2 nɐi21	baak6 nai4	陶土
357	二、地理（4）石沙、土塊、礦物/黃泥	黃泥	黄泥	wɔŋ21 nɐi21	wong4 nai4	黃泥
358	二、地理（4）石沙、土塊、礦物/塘泥	塘泥	塘泥	tʰɔŋ21 nɐi21	tong4 nai4	塘泥
359	二、地理（4）石沙、土塊、礦物/金	金	金	kɐm55	gam1	金（指自然狀態下的礦物質，下同）
360	二、地理（4）石沙、土塊、礦物/銀	銀	银	ŋɐn21	ngan4	銀
361	二、地理（4）石沙、土塊、礦物/銅	銅	铜	tʰʊŋ21	tung4	銅
362	二、地理（4）石沙、土塊、礦物/鐵	鐵	铁	tʰit3	tit3	鐵
363	二、地理（4）石沙、土塊、礦物/鑄鐵	生鐵	生铁	ʃaŋ55 tʰit3	saang1 tit3	鑄鐵
364	二、地理（4）石沙、土塊、礦物/鍛造鐵	熟鐵	熟铁	ʃʊk2 tʰit3	suk6 tit3	鍛造鐵
365	二、地理（4）石沙、土塊、礦物/馬口鐵	鋅鐵	锌铁	ɬɐn55 tʰit3	slan1 tit3	馬口鐵1
366	二、地理（4）石沙、土塊、礦物/馬口鐵	白鐵	白铁	pak2 tʰit3	baak6 tit3	馬口鐵2
367	二、地理（4）石沙、土塊、礦物/銻	銻	锑	tʰɐi55	tai1	銻
368	二、地理（4）石沙、土塊、礦物/鋁	鋁	铝	ly24	lyu5	鋁
369	二、地理（4）石沙、土塊、礦物/錫	錫	锡	ɬɛk3	slek3	錫
370	二、地理（4）石沙、土塊、礦物/水銀	水銀	水银	ʃui35 ŋɐn21	sui2 ngan4	水銀
371	二、地理（4）石沙、土塊、礦物/硫磺	硫磺	硫磺	lɐu21 wɔŋ21	lau4 wong4	硫磺
372	二、地理（4）石沙、土塊、礦物/煤	煤	煤	mui21	mui4	煤
373	二、地理（4）石沙、土塊、礦物/煤塊	煤塊	煤块	mui21 fai33	mui4 faai3	煤塊
374	二、地理（4）石沙、土塊、礦物/煤球	煤球	煤球	mui21 kʰɐu21	mui4 kau4	煤球
375	二、地理（4）石沙、土塊、礦物/煤餅	煤餅	煤饼	mui21 pɛŋ35	mui4 beng2	煤餅
376	二、地理（4）石沙、土塊、礦物/蜂窩煤	蜂窩煤	蜂窝煤	fʊŋ55 wɔ55 mui21	fung1 wo1 mui4	蜂窩煤
377	二、地理（4）石沙、土塊、礦物/碣煤	煙煤	烟煤	jin55 mui21	jin1 mui4	碣煤
378	二、地理（4）石沙、土塊、礦物/無煙煤	無煙煤	无烟煤	mu21 jin55 mui21	mu4 jin1 mui4	無煙煤
379	二、地理（4）石沙、土塊、礦物/原煤	生煤	生煤	ʃaŋ55 mui21	saang1 mui4	原煤
380	二、地理（4）石沙、土塊、礦物/煤油	火油	火油	fɔ35 jɐu21	fo2 jau4	煤油1
381	二、地理（4）石沙、土塊、礦物/煤油	火水	火水	fɔ35 ʃui35	fo2 sui2	煤油2
382	二、地理（4）石沙、土塊、礦物/煤油	火水油	火水油	fɔ35 ʃui35 jɐu21	fo2 sui2 jau4	煤油3
383	二、地理（4）石沙、土塊、礦物/買火油	打火油	打火油	ta35 fɔ35 jɐu21	daa2 fo2 jau4	買火油
384	二、地理（4）石沙、土塊、礦物/汽油	汽油	汽油	hi33 jɐu21	hi3 jau4	汽油
385	二、地理（4）石沙、土塊、礦物/瀝青	巴麻油	巴麻油	pa55 ma21 jɐu21	baa1 maa4 jau4	瀝青
386	二、地理（4）石沙、土塊、礦物/石灰	石灰	石灰	ʃɛk2 fui55	sek6 fui1	石灰
387	二、地理（4）石沙、土塊、礦物/生石灰	生石灰	生石灰	ʃaŋ55 ʃɛk2 fui55	saang1 sek6 fui1	生石灰，剛出窯的石灰
388	二、地理（4）石沙、土塊、礦物/熟石灰	熟石灰	熟石灰	ʃʊk2 ʃɛk2 fui55	suk6 sek6 fui1	熟石灰，遇潮化開的石灰
389	二、地理（4）石沙、土塊、礦物/石灰頭	石灰頭	石灰头	ʃɛk2 fui55 tʰɐu21	sek6 fui1 tau4	石灰頭，未燒透的石灰
390	二、地理（4）石沙、土塊、礦物/石灰膏	石灰膏	石灰膏	ʃɛk2 fui55 ku55	sek6 fui1 gu1	石灰膏
391	二、地理（4）石沙、土塊、礦物/石灰池	石灰氹	石灰氹	ʃɛk2 fui55 tʰɐm24	sek6 fui1 tam5	石灰池
392	二、地理（4）石沙、土塊、礦物/裝窯	裝窯	装窑	tʃɔŋ55 jiu21	zong1 jiu4	裝窯
393	二、地理（4）石沙、土塊、礦物/燒窯	燒窯	烧窑	ʃiu55 jiu21	siu1 jiu4	燒窯
394	二、地理（4）石沙、土塊、礦物/出窯	出窯	出窑	tʃʰyt5 jiu21	cyut1 jiu4	出窯
395	二、地理（4）石沙、土塊、礦物/水泥	水泥	水泥	ʃui35 nɐi21	sui2 nai4	水泥1
396	二、地理（4）石沙、土塊、礦物/水泥	紅毛泥	红毛泥	hʊŋ21 mu21 nɐi21	hung4 mu4 nai4	水泥2.1
397	二、地理（4）石沙、土塊、礦物/水泥	紅門泥	红门泥	hʊŋ21 mun21 nɐi21	hung4 mun4 nai4	水泥2.2，實爲「紅毛泥」的音變，「門」爲「毛」字受後字逆同化增生了鼻韻尾
398	二、地理（4）石沙、土塊、礦物/水泥	洋灰	洋灰	jœŋ21 fui55	joeng4 fui1	水泥3，舊稱
399	二、地理（4）石沙、土塊、礦物/磁石	攝石	摄石	ʃip3 ʃɛk2	sip3 sek6	磁石
400	二、地理（4）石沙、土塊、礦物/玉	玉	玉	jʊk2	juk6	玉1
401	二、地理（4）石沙、土塊、礦物/玉	玉石	玉石	jʊk2 ʃɛk2	juk6 sek6	玉2
402	二、地理（4）石沙、土塊、礦物/木炭	炭	炭	tʰan33	taan3	木炭
403	二、地理（4）石沙、土塊、礦物/堅炭	堅炭	坚炭	kin55 tʰan33	gin1 taan3	堅炭1，質地好的炭
404	二、地理（4）石沙、土塊、礦物/堅炭	京炭	京炭	keŋ55 tʰan33	ging1 taan3	堅炭2，質地好的炭
405	二、地理（4）石沙、土塊、礦物/炭頭	炭頭	炭头	tʰan33 tʰɐu21	taan3 tau4	炭頭，未燒透成的炭
406	二、地理（4）石沙、土塊、礦物/炭筐	炭笠	炭笠	tʰan33 lɐp5	taan3 lap1	炭筐
407	二、地理（4）石沙、土塊、礦物/鐵鏽	鉎	鉎	ɬɛŋ33	sleng3	鐵鏽
408	二、地理（4）石沙、土塊、礦物/生鏽	生鉎	生鉎	ʃaŋ55 ɬɛŋ33	saang1 sleng3	生鏽1
409	二、地理（4）石沙、土塊、礦物/生鏽	起鉎	起鉎	hi35 ɬɛŋ33	hi2 sleng3	生鏽2
410	二、地理（4）石沙、土塊、礦物/銅鏽	銅綠	铜绿	tʰʊŋ21 lʊk2	tung4 luk6	銅鏽
411	二、地理（4）石沙、土塊、礦物/生銅鏽	起銅綠	起铜绿	hi35 tʰʊŋ21 lʊk2	hi2 tung4 luk6	生銅鏽
412	二、地理（5）城鄉處所/地方	定方	定方	tɛŋ22 fɔŋ55	deng6 fong1	地方1
413	二、地理（5）城鄉處所/地方	定	定	tɛŋ22	deng6	地方2，俗字「埞」
414	二、地理（5）城鄉處所/地方	笪定	笪定	tat3 tɛŋ22	daat3 deng6	地方3
415	二、地理（5）城鄉處所/地方	地方	地方	ti22 fɔŋ55	di6 fong1	地方4
416	二、地理（5）城鄉處所/城市	街上	街上	kai55 ʃœŋ22	gaai1 soeng6	城市1（對鄉村而言）
417	二、地理（5）城鄉處所/城市	城市	城市	ʃeŋ21 ʃi24	sing4 si5	城市2（對鄉村而言）
418	二、地理（5）城鄉處所/城鎮	城鎮	城镇	ʃeŋ21 tʃɐn33	sing4 zan3	城鎮
419	二、地理（5）城鄉處所/騎樓	騎樓	骑楼	kʰɛ21 lɐu21	ke4 lau4	騎樓（街廊）
420	二、地理（5）城鄉處所/城牆	城牆	城墙	ʃeŋ21 tʃʰœŋ21	sing4 coeng4	城牆
421	二、地理（5）城鄉處所/鐘鼓樓	鐘鼓樓	钟鼓楼	tʃʊŋ55 ku35 lɐu21	zung1 gu2 lau4	鐘鼓樓
422	二、地理（5）城鄉處所/壕溝	城河	城河	ʃeŋ21 hɔ21	sing4 ho4	壕溝1
423	二、地理（5）城鄉處所/壕溝	城壕	城壕	ʃeŋ21 hu21	sing4 hu4	壕溝2
424	二、地理（5）城鄉處所/城內	城裏頭	城里头	ʃeŋ21 li24 tʰɐu21	sing4 li5 tau4	城內1
425	二、地理（5）城鄉處所/城內	城裏底	城里底	ʃeŋ21 li24 tɐi35	sing4 li5 dai2	城內2
426	二、地理（5）城鄉處所/城外	城外底	城外底	ʃeŋ21 ŋɔi22 tɐi35	sing4 ngoi6 dai2	城外
427	二、地理（5）城鄉處所/城門	城門	城门	ʃeŋ21 mun21	sing4 mun4	城門
428	二、地理（5）城鄉處所/老街	舊街	旧街	kɐu22 kai55	gau6 gaai1	老街
429	二、地理（5）城鄉處所/三頭九口十二巷	三頭九口十二巷	三头九口十二巷	ɬam55 tʰɐu21 kɐu35 hɐu35 ʃɐp2 ji22 hɔŋ35	slaam1 tau4 gau2 hau2 sap6 ji6 hong2	三頭九口十二巷，舊時南寧城的街巷，三頭指：雞行頭（解放路尾）、沙井頭（沙井街處）、神船頭（義忠街，邕江河邊處），九口指：石巷口、甘棠口、渡船口、大坑口（又稱大沖口）、二坑口（又稱二沖口）、古城口、府門口、縣門口、陰溝口，十二巷指：東門橫巷、馬王廟巷、金獅巷、銀獅巷、硝皮巷、鬼谷廟巷、紅泥巷、鄧屋巷、中府巷、芝麻巷、劏狗巷、麻雀巷，具體位置見1988年《南寧文史資料·第1輯總第五輯》P79-83，來函訂正見1988年《南寧文史資料·第2輯總第六輯》P129-130
430	二、地理（5）城鄉處所/步行街	步行街	步行街	pu22 hɐŋ21 kai55	bu6 hang4 gaai1	步行街，本地特指興寧路、民生路、解放路
431	二、地理（5）城鄉處所/三街兩巷	三街兩巷	三街两巷	ɬam55 kai55 lœŋ24 hɔŋ35	slaam1 gaai1 loeng5 hong2	三街兩巷，三街指興寧路、民生路、解放路，兩巷指金獅巷（本名金絲巷）、銀獅巷（本名銀絲巷）
432	二、地理（5）城鄉處所/雙孖井	雙孖井	双孖井	ʃœŋ55 ma55 tʃɛŋ35	soeng1 maa1 zeng2	雙孖井，本地古井又泛指地名，現爲文物點，位於人民東路與友愛南路交匯處，1984年修人民路時被深埋地下，2013年4月施工時被挖掘出來，文保部門搶救性發掘後考慮原址保護
433	二、地理（5）城鄉處所/水塔腳	水塔腳	水塔脚	ʃui35 tʰap3 kœk3	sui2 taap3 goek3	水塔腳，地名，在新華街水塔處，現爲文物點，相關歷史見1988年《南寧文史資料·第1輯總第五輯》P74
434	二、地理（5）城鄉處所/三坊街	三坊街	三坊街	ɬam55 fɔŋ55 kai55	slaam1 fong1 gaai1	三坊街，龍勝街、尚仁里、南倫街的合稱
435	二、地理（5）城鄉處所/水街	水街	水街	ʃui35 kai55	sui2 gaai1	水街，南寧的一條老街，水街菜市以本地美食衆多聞名，今爲歷史文化街區
436	二、地理（5）城鄉處所/母豬灣	母豬灣	母猪湾	mu24 tʃy55 wan55	mu5 zyu1 waan1	母豬灣，亭子渡口一帶的灣口
437	二、地理（5）城鄉處所/邕州八景	邕州八景	邕州八景	jʊŋ55 tʃɐu55 pɛt3 keŋ35	jung1 zau1 bet3 ging2	邕州八景，古代南寧的八景，分別爲「望仙懷古、象嶺煙嵐、羅峯曉霞、青山松濤、馬退遠眺、弘仁晚鐘、花洲夜月、邕江春泛」，民間有詩流傳：「悠然懷古望仙坡，五象連環保障多；日出羅山雲靄靄，青山塔照巍峨峨；馬退高昂堪遠眺，弘仁晚鐘聲雙拖；十五花洲尋夜月，三元燈影平西河。」，見1991年《南寧文史資料·總第十三輯》P220和1982年《南寧旅遊手冊》P14-21
438	二、地理（5）城鄉處所/青山（青秀山）	青山	青山	cing1 saan1	cing1 saan1	青山，即青秀山
439	二、地理（5）城鄉處所/青山塔（龍象塔）	青山塔	青山塔	cing1 saan1 taap3	cing1 saan1 taap3	青山塔，即龍象塔，於1987年重建，見1991年《南寧文史資料·總第十三輯》P225
440	二、地理（5）城鄉處所/葫蘆頂	葫蘆䐁	葫芦䐁	wu4 lu4 duk1	wu4 lu4 duk1	葫蘆頂，因白沙半島盡頭似葫蘆底得名，上建大橋稱葫蘆頂大橋，後被官員改爲葫蘆鼎，原意已失
441	二、地理（5）城鄉處所/三疊石	三沓石	三沓石	ɬam55 tap2 ʃɛk2	slaam1 daap6 sek6	三疊石，大沙田的古蹟
442	二、地理（5）城鄉處所/衚衕	巷	巷	hɔŋ35	hong2	衚衕
443	二、地理（5）城鄉處所/小巷子	細巷	细巷	ɬɐi33 hɔŋ35	slai3 hong2	小巷子1
444	二、地理（5）城鄉處所/小巷子	巷崽	巷崽	hɔŋ35 tʃɐi35	hong2 zai2	小巷子2
445	二、地理（5）城鄉處所/小巷子	巷仔	巷仔	hɔŋ35 tʃɐi35	hong2 zai2	小巷子2，同「巷崽」
446	二、地理（5）城鄉處所/小巷子	巷頭岔罅	巷头岔罅	hɔŋ35 tʰɐu21 tʃʰa33 la33	hong2 tau4 caa3 laa3	小巷子3
447	二、地理（5）城鄉處所/死衚衕	倔䐁巷	倔䐁巷	kʷɐt2 tʊk5 hɔŋ35	gwat6 duk1 hong2	死衚衕1，死路
448	二、地理（5）城鄉處所/死衚衕	倔頭路	倔头路	kʷɐt2 tʰɐu21 lu22	gwat6 tau4 lu6	死衚衕2，死路
449	二、地理（5）城鄉處所/鄉村	農村	农村	nʊŋ21 tʃʰyn55	nung4 cyun1	鄉村1
450	二、地理（5）城鄉處所/鄉村	鄉下	乡下	hœŋ55 ha35	hoeng1 haa2	鄉村2
451	二、地理（5）城鄉處所/鄉村	村下	村下	tʃʰyn55 ha35	cyun1 haa2	鄉村3
452	二、地理（5）城鄉處所/鄉村	鄉里	乡里	hœŋ55 li24	hoeng1 li5	鄉村4
453	二、地理（5）城鄉處所/山溝	山窿	山窿	ʃan55 lʊŋ55	saan1 lung1	山溝1，指偏僻的山村
454	二、地理（5）城鄉處所/山溝	山旮旯	山旮旯	ʃan55 kʰa33 la33	saan1 kaa3 laa3	山溝2
455	二、地理（5）城鄉處所/山溝	山坳	山坳	ʃan55 ɛu33	saan1 eu3	山溝3
456	二、地理（5）城鄉處所/山溝	窿罅	窿罅	lʊŋ55 la33	lung1 laa3	山溝4.1
457	二、地理（5）城鄉處所/山溝	窿罅	窿罅	lʊŋ55 lɛ33	lung1 le3	山溝4.2
458	二、地理（5）城鄉處所/山溝	山窿山罅	山窿山罅	ʃan55 lʊŋ55 ʃan55 la33	saan1 lung1 saan1 laa3	山溝5.1
459	二、地理（5）城鄉處所/山溝	山窿山罅	山窿山罅	ʃan55 lʊŋ55 ʃan55 lɛ33	saan1 lung1 saan1 le3	山溝5.2
460	二、地理（5）城鄉處所/家鄉	老家	老家	lu24 ka55	lu5 gaa1	家鄉1
461	二、地理（5）城鄉處所/家鄉	老屋	老屋	lu24 ʊk5	lu5 uk1	家鄉2
462	二、地理（5）城鄉處所/外國	外國	外国	ŋɔi22 kɔk3	ngoi6 gok3	外國1
463	二、地理（5）城鄉處所/外國	外埠	外埠	ŋɔi22 fɐu22	ngoi6 fau6	外國2
464	二、地理（5）城鄉處所/集市	墟	墟	hy55	hyu1	集市
465	二、地理（5）城鄉處所/街道	街	街	kai55	gaai1	街道
466	二、地理（5）城鄉處所/路	路	路	lu22	lu6	路
467	二、地理（5）城鄉處所/大路	大路	大路	tai22 lu22	daai6 lu6	大路1
468	二、地理（5）城鄉處所/大路	馬路	马路	ma24 lu22	maa5 lu6	大路2
469	二、地理（5）城鄉處所/土路	泥路	泥路	nɐi21 lu22	nai4 lu6	土路
470	二、地理（5）城鄉處所/山路	山路	山路	ʃan55 lu22	saan1 lu6	山路
471	二、地理（5）城鄉處所/石子路	石崽路	石崽路	ʃɛk2 tʃɐi35 lu22	sek6 zai2 lu6	石子路
472	二、地理（5）城鄉處所/石子路	石仔路	石仔路	ʃɛk2 tʃɐi35 lu22	sek6 zai2 lu6	石子路，同「石仔路」
473	二、地理（5）城鄉處所/柏油路	柏油路	柏油路	pʰak3 jɐu21 lu22	paak3 jau4 lu6	柏油路1
474	二、地理（5）城鄉處所/柏油路	巴麻油路	巴麻油路	pa55 ma21 jɐu21 lu22	baa1 maa4 jau4 lu6	柏油路2
475	二、地理（5）城鄉處所/水泥路	水泥路	水泥路	ʃui35 nɐi21 lu22	sui2 nai4 lu6	水泥路
476	二、地理（5）城鄉處所/小路	細路	细路	ɬɐi33 lu22	slai3 lu6	小路
477	二、地理（5）城鄉處所/岔路	岔路	岔路	tʃʰa33 lu22	caa3 lu6	岔路1，兩岔路
478	二、地理（5）城鄉處所/岔路	三岔路	三岔路	ɬam55 tʃʰa33 lu22	slaam1 caa3 lu6	岔路2，三岔路
479	二、地理（5）城鄉處所/牛路	牛路	牛路	ŋɐu21 lu22	ngau4 lu6	牛路，鄉村裏牛踩出的路
480	二、地理（5）城鄉處所/路肩	路肩	路肩	lu22 kin55	lu6 gin1	路肩（馬路崖子）
481	二、地理（5）城鄉處所/縫兒	罅	罅	la33	laa3	縫兒1.1
482	二、地理（5）城鄉處所/縫兒	罅	罅	lɛ33	le3	縫兒1.2
483	二、地理（5）城鄉處所/建築工地	泥口	泥口	nɐi21 hɐu35	nai4 hau2	建築工地，因常堆置砂石、淤泥等，故名
484	三、時令時間（1）季節/季節	季節	季节	kʷɐi33 tʃit3	gwai3 zit3	季節
485	三、時令時間（1）季節/春天	春天	春天	tʃʰɐn55 tʰin55	can1 tin1	春天1.1
486	三、時令時間（1）季節/春天	春天	春天	tʃʰyn55 tʰin55	cyun1 tin1	春天1.2
487	三、時令時間（1）季節/春天	春頭天	春头天	tʃʰɐn55 tʰɐu21 tʰin55	can1 tau4 tin1	春天2.1
488	三、時令時間（1）季節/春天	春頭天	春头天	tʃʰyn55 tʰɐu21 tʰin55	cyun1 tau4 tin1	春天2.2
489	三、時令時間（1）季節/春天	春水天	春水天	tʃʰɐn55 ʃui35 tʰin55	can1 sui2 tin1	春天3.1
490	三、時令時間（1）季節/春天	春水天	春水天	tʃʰyn55 ʃui35 tʰin55	cyun1 sui2 tin1	春天3.2
491	三、時令時間（1）季節/夏天	熱天	热天	jit2 tʰin55	jit6 tin1	夏天1
492	三、時令時間（1）季節/夏天	夏天	夏天	ha22 tʰin55	haa6 tin1	夏天2
493	三、時令時間（1）季節/秋天	秋天	秋天	tʃʰɐu55 tʰin55	cau1 tin1	秋天
494	三、時令時間（1）季節/秋冬季	乾風天	干风天	kɔn55 fʊŋ55 tʰin55	gon1 fung1 tin1	指秋冬季節
495	三、時令時間（1）季節/冬天	冷天	冷天	laŋ24 tʰin55	laang5 tin1	冬天1
496	三、時令時間（1）季節/冬天	冬天	冬天	tʊŋ55 tʰin55	dung1 tin1	冬天2
497	三、時令時間（1）季節/冬天	北風天	北风天	pɐk5 fʊŋ55 tʰin55	bak1 fung1 tin1	冬天3
498	三、時令時間（1）季節/五黃六月	四月天	四月天	ɬi33 jyt2 tʰin55	sli3 jyut6 tin1	五黃六月1
499	三、時令時間（1）季節/五黃六月	青黃不接	青黄不接	tʃʰeŋ55 wɔŋ21 pɐt5 tʃip3	cing1 wong4 bat1 zip3	五黃六月2
500	三、時令時間（1）季節/回南天	回南天	回南天	wui21 nam21 tʰin55	wui4 naam4 tin1	回南天，冬天裏出現轉暖、潮溼的日子
501	三、時令時間（1）季節/立春	立春	立春	lɐp2 tʃʰɐn55	lap6 can1	立春1.1
502	三、時令時間（1）季節/立春	立春	立春	lɐp2 tʃʰyn55	lap6 cyun1	立春1.2
503	三、時令時間（1）季節/雨水	雨水	雨水	jy24 ʃui35	jyu5 sui2	雨水
504	三、時令時間（1）季節/驚蟄	驚蟄	惊蛰	keŋ55 tʃek2	ging1 zik6	驚蟄
505	三、時令時間（1）季節/春分	春分	春分	tʃʰɐn55 fɐn55	can1 fan1	春分1.1
506	三、時令時間（1）季節/春分	春分	春分	tʃʰyn55 fɐn55	cyun1 fan1	春分1.2
507	三、時令時間（1）季節/清明	清明	清明	tʃʰeŋ55 meŋ21	cing1 ming4	清明
508	三、時令時間（1）季節/穀雨	穀雨	谷雨	kʊk5 jy24	guk1 jyu5	穀雨
509	三、時令時間（1）季節/立夏	立夏	立夏	lɐp2 ha22	lap6 haa6	立夏
510	三、時令時間（1）季節/小滿	小滿	小满	ɬiu35 mun24	sliu2 mun5	小滿
511	三、時令時間（1）季節/芒種	芒種	芒种	mɔŋ21 tʃʊŋ33	mong4 zung3	芒種
512	三、時令時間（1）季節/夏至	夏至	夏至	ha22 tʃi33	haa6 zi3	夏至
513	三、時令時間（1）季節/小暑	小暑	小暑	ɬiu35 ʃy35	sliu2 syu2	小暑
514	三、時令時間（1）季節/大暑	大暑	大暑	tai22 ʃy35	daai6 syu2	大暑
515	三、時令時間（1）季節/立秋	立秋	立秋	lɐp2 tʃʰɐu55	lap6 cau1	立秋
516	三、時令時間（1）季節/處暑	處暑	处暑	tʃʰy33 ʃy35	cyu3 syu2	處暑
517	三、時令時間（1）季節/白露	白露	白露	pak2 lu22	baak6 lu6	白露
518	三、時令時間（1）季節/秋分	秋分	秋分	tʃʰɐu55 fɐn55	cau1 fan1	秋分
519	三、時令時間（1）季節/寒露	寒露	寒露	hɔn21 lu22	hon4 lu6	寒露
520	三、時令時間（1）季節/霜降	霜降	霜降	ʃœŋ55 kɔŋ33	soeng1 gong3	霜降1.2
521	三、時令時間（1）季節/霜降	霜降	霜降	ɬœŋ55 kɔŋ33	sloeng1 gong3	霜降1.1
522	三、時令時間（1）季節/立冬	立冬	立冬	lɐp2 tʊŋ55	lap6 dung1	立冬
523	三、時令時間（1）季節/小雪	小雪	小雪	ɬiu35 ɬyt3	sliu2 slyut3	小雪
524	三、時令時間（1）季節/大雪	大雪	大雪	tai22 ɬyt3	daai6 slyut3	大雪
525	三、時令時間（1）季節/冬至	冬至	冬至	tʊŋ55 tʃi33	dung1 zi3	冬至
526	三、時令時間（1）季節/小寒	小寒	小寒	ɬiu35 hɔn21	sliu2 hon4	小寒
527	三、時令時間（1）季節/大寒	大寒	大寒	tai22 hɔn21	daai6 hon4	大寒
528	三、時令時間（1）季節/曆書	日曆	日历	jɐt2 lek2	jat6 lik6	曆書1
529	三、時令時間（1）季節/曆書	通書	通书	tʰʊŋ55 ʃy55	tung1 syu1	曆書2（內容多）
530	三、時令時間（1）季節/曆書	通勝	通胜	tʰʊŋ55 ʃeŋ33	tung1 sing3	曆書3（內容多），「勝」爲「書/輸」的避諱
531	三、時令時間（1）季節/檯曆	檯曆	台历	tʰɔi21 lek2	toi4 lik6	檯曆
532	三、時令時間（1）季節/掛曆	掛曆	挂历	kʷa33 lek2	gwaa3 lik6	掛曆
533	三、時令時間（1）季節/農曆	老歷	老历	lu24 lek2	lu5 lik6	農曆1
534	三、時令時間（1）季節/農曆	舊曆	旧历	kɐu22 lek2	gau6 lik6	農曆2
535	三、時令時間（1）季節/農曆	陰曆	阴历	jɐm55 lek2	jam1 lik6	農曆3
536	三、時令時間（1）季節/公曆	新曆	新历	ɬɐn55 lek2	slan1 lik6	公曆1
537	三、時令時間（1）季節/公曆	陽曆	阳历	jœŋ21 lek2	joeng4 lik6	公曆2
538	三、時令時間（2）節日/節日	節氣	节气	tʃit3 hi33	zit3 hi3	節日
539	三、時令時間（2）節日/除夕	年三十晚	年三十晚	nin21 ɬam55 ʃɐp2 man24	nin4 slaam1 sap6 maan5	除夕1.1
540	三、時令時間（2）節日/除夕	年三十晚	年三十晚	nin21 ɬa55 a22 man24	nin4 slaa1 aa6 maan5	除夕1.2
541	三、時令時間（2）節日/除夕	年三十	年三十	nin21 ɬam55 ʃɐp2	nin4 slaam1 sap6	除夕2
542	三、時令時間（2）節日/除夕	三十晚	三十晚	ɬam55 ʃɐp2 man24	slaam1 sap6 maan5	除夕3.1
543	三、時令時間（2）節日/除夕	三十晚	三十晚	ɬa55 a22 man24	slaa1 aa6 maan5	除夕3.2
544	三、時令時間（2）節日/除夕	年卅晚	年卅晚	nin21 ɬa55 man24	nin4 slaa1 maan5	除夕4
545	三、時令時間（2）節日/年夜飯	年三十晚飯	年三十晚饭	nin21 ɬa55 a22 man24 fan22	nin4 slaa1 aa6 maan5 faan6	年夜飯
546	三、時令時間（2）節日/壓年飯	壓年飯	压年饭	at3 nin21 fan22	aat3 nin4 faan6	壓年飯，舊時年俗，年夜飯多煮一些，留到明年，取「年年有餘」之意，見1987年《南寧文史資料·第3輯總第四輯》P90-91，該文寫作「押年飯」
547	三、時令時間（2）節日/守歲	守歲	守岁	ʃɐu35 ɬui33	sau2 slui3	守歲
548	三、時令時間（2）節日/搶頭芽	搶頭芽	抢头芽	tʃʰœŋ35 tʰɐu21 ŋa21	coeng2 tau4 ngaa4	搶頭芽，搶着準點第一個放炮；拔頭籌
549	三、時令時間（2）節日/春節	過年	过年	kɔ33 nin21	go3 nin4	春節1
550	三、時令時間（2）節日/春節	春節	春节	tʃʰɐn55 tʃit3	can1 zit3	春節2.1
551	三、時令時間（2）節日/春節	春節	春节	tʃʰyn55 tʃit3	cyun1 zit3	春節2.2
552	三、時令時間（2）節日/春節	年初一	年初一	nin21 tʃʰɔ55 jɐt5	nin4 co1 jat1	春節3
553	三、時令時間（2）節日/春節	大年初一	大年初一	tai22 nin21 tʃʰɔ55 jɐt5	daai6 nin4 co1 jat1	春節4
554	三、時令時間（2）節日/元旦	元旦	元旦	jyn21 tan33	jyun4 daan3	元旦
555	三、時令時間（2）節日/無春年	盲年	盲年	maŋ21 nin21	maang4 nin4	無春年，農曆沒有立春節氣的年份
556	三、時令時間（2）節日/大過年的	過年流流	过年流流	kɔ33 nin21 lɐu21 lɐu21	go3 nin4 lau4 lau4	大過年的1.1
557	三、時令時間（2）節日/大過年的	過年流流	过年流流	kɔ33 nin21 lɐu55 lɐu55	go3 nin4 lau1 lau1	大過年的1.2
558	三、時令時間（2）節日/大過年的	新正流流	新正流流	ɬɐn55 tʃeŋ55 lɐu21 lɐu21	slan1 zing1 lau4 lau4	大過年的2.1
559	三、時令時間（2）節日/大過年的	新正流流	新正流流	ɬɐn55 tʃeŋ55 lɐu55 lɐu55	slan1 zing1 lau1 lau1	大過年的2.2
560	三、時令時間（2）節日/大過年的	新年流流	新年流流	ɬɐn55 nin21 lɐu21 lɐu21	slan1 nin4 lau4 lau4	大過年的3.1
561	三、時令時間（2）節日/大過年的	新年流流	新年流流	ɬɐn55 nin21 lɐu55 lɐu55	slan1 nin4 lau1 lau1	大過年的3.2
562	三、時令時間（2）節日/過年過節	過年過節	过年过节	kɔ33 nin21 kɔ33 tʃit3	go3 nin4 go3 zit3	過年過節
563	三、時令時間（2）節日/開門炮	開門炮	开门炮	hɔi55 mun21 pʰɛu33	hoi1 mun4 peu3	開門炮，初一早晨放鞭炮
564	三、時令時間（2）節日/開門紅	開門紅	开门红	hɔi55 mun21 hʊŋ21	hoi1 mun4 hung4	開門紅
565	三、時令時間（2）節日/拜年	拜年	拜年	pai33 nin21	baai3 nin4	拜年
566	三、時令時間（2）節日/紅包	利市	利市	li22 ʃi22	li6 si6	紅包1.1
567	三、時令時間（2）節日/紅包	利市	利市	lɐi22 ʃi22	lai6 si6	紅包1.2
568	三、時令時間（2）節日/紅包	封包	封包	fʊŋ55 pɛu55	fung1 beu1	紅包2
569	三、時令時間（2）節日/分紅包	派利市	派利市	pʰai33 li22 ʃi22	paai3 li6 si6	發紅包1.1
570	三、時令時間（2）節日/分紅包	派利市	派利市	pʰai33 lɐi22 ʃi22	paai3 lai6 si6	發紅包1.2
571	三、時令時間（2）節日/分紅包	畀封包	畀封包	pi35 fʊŋ55 pɛu55	bi2 fung1 beu1	發紅包2
572	三、時令時間（2）節日/搶青	搶青	抢青	tʃʰœŋ35 tʃʰeŋ55	coeng2 cing1	搶青，舞獅隊給各家拜年，要拿到高掛的紅包與生菜
573	三、時令時間（2）節日/開年	開年	开年	hɔi55 nin21	hoi1 nin4	開年，初一後外出走親戚的日子，各地不同，南寧一般在年初二
574	三、時令時間（2）節日/赤口日	赤口日	赤口日	tʃʰek5 hɐu35 jɐt2	cik1 hau2 jat6	正月初三，年俗認爲是易生口角的日子，爲了避免吵架不宜外出拜年
575	三、時令時間（2）節日/人日	人日	人日	jɐn21 jɐt2	jan4 jat6	正月初七，年俗認爲是衆人的生日，這天早上煎年糕、炒粉利、熱糉子，晚上劏雞飲宴
576	三、時令時間（2）節日/元宵節	正月十五	正月十五	tʃeŋ55 jyt2 ʃɐp2 ŋ̍24	zing1 jyut6 sap6 ng5	元宵節1
577	三、時令時間（2）節日/元宵節	十五	十五	ʃɐp2 ŋ̍24	sap6 ng5	元宵節2
578	三、時令時間（2）節日/元宵節	元宵	元宵	jyn21 ɬiu55	jyun4 sliu1	元宵節3
579	三、時令時間（2）節日/元宵	水圓	水圆	ʃui35 jyn21	sui2 jyun4	元宵
580	三、時令時間（2）節日/偷青	偷青	偷青	tʰɐu55 tʃʰɛŋ55	tau1 ceng1	偷青，舊時元宵節的習俗之一，也是陋俗，去別人菜地偷青菜、蔥、蒜、芹菜，分別取「得彩、聰明、伶俐、勤懇」之意，被偷者不敢罵人，否則晦氣轉移至罵人者身上，但會通過敲銅鑼來驚走或潑上糞、尿來臭走偷青者，見1987年《南寧文史資料·第3輯總第四輯》P84
581	三、時令時間（2）節日/二月初二	二月初二	二月初二	ji22 jyt2 tʃʰɔ55 ji22	ji6 jyut6 co1 ji6	二月初二1，土地節
582	三、時令時間（2）節日/二月初二	土地誕	土地诞	tʰu35 ti22 tan33	tu2 di6 daan3	二月初二2，土地節
583	三、時令時間（2）節日/拜土地	拜土地	拜土地	pai33 tʰu35 ti22	baai3 tu2 di6	拜土地1
584	三、時令時間（2）節日/拜土地	拜社	拜社	pai33 ʃɛ24	baai3 se5	拜土地2
585	三、時令時間（2）節日/三月三	三月三	三月三	ɬam55 jyt2 ɬam55	slaam1 jyut6 slaam1	三月三，傳統壯族踏青、唱歌的節日，一些地區漢族也過
586	三、時令時間（2）節日/清明	清明	清明	tʃʰeŋ55 meŋ21	cing1 ming4	清明
587	三、時令時間（2）節日/掃墓	拜山	拜山	pai33 ʃan55	baai3 saan1	掃墓1
588	三、時令時間（2）節日/掃墓	掃墓	扫墓	ɬu33 mu22	slu3 mu6	掃墓2
589	三、時令時間（2）節日/餈粑節	四月初八	四月初八	ɬi33 jyt2 tʃʰɔ55 pɛt3	sli3 jyut6 co1 bet3	餈粑節，見1987年《南寧文史資料·第3輯總第四輯》P85
590	三、時令時間（2）節日/端午節	五月初五	五月初五	ŋ̍24 jyt2 tʃʰɔ55 ŋ̍24	ng5 jyut6 co1 ng5	端午節1
591	三、時令時間（2）節日/端午節	龍船節	龙船节	lʊŋ21 ʃyn21 tʃit3	lung4 syun4 zit3	端午節2
592	三、時令時間（2）節日/端午節	端午節	端午节	tyn55 ŋ̍24 tʃit3	dyun1 ng5 zit3	端午節3
593	三、時令時間（2）節日/端午節	五月節	五月节	ŋ̍24 jyt2 tʃit3	ng5 jyut6 zit3	端午節4
594	三、時令時間（2）節日/划龍船	扒龍船	扒龙船	pʰa21 lʊŋ21 ʃyn21	paa4 lung4 syun4	划龍船1，划龍舟
595	三、時令時間（2）節日/划龍船	賽龍船	赛龙船	ʃɔi33 lʊŋ21 ʃyn21	soi3 lung4 syun4	划龍船2，划龍舟
596	三、時令時間（2）節日/划龍船	櫂龍船	棹龙船	tʃɛu22 lʊŋ21 ʃyn21	zeu6 lung4 syun4	划龍船3.1，划龍舟
597	三、時令時間（2）節日/划龍船	櫂龍船	棹龙船	tʃau22 lʊŋ21 ʃyn21	zaau6 lung4 syun4	划龍船3.2，划龍舟
598	三、時令時間（2）節日/香包	香包	香包	hœŋ55 pau55	hoeng1 baau1	香包1.1，內置香料和臭珠外有吊蘇的香囊，龍舟賽時女性帶着，龍船經過時拋至船上
599	三、時令時間（2）節日/香包	香包	香包	hœŋ55 pɛu55	hoeng1 beu1	香包1.2
600	三、時令時間（2）節日/猴子香包	馬騮摳	马骝抠	ma55 lɐu55 kʰɐu55	maa1 lau1 kau1	猴子香包，猴子形狀的香囊，因爲紮有紅帶子所以稱「摳（帶子）」，龍舟賽時女性帶着，龍船經過時拋至船上
601	三、時令時間（2）節日/曬衣節	六月初六	六月初六	lʊk2 jyt2 tʃʰɔ55 lʊk2	luk6 jyut6 co1 luk6	曬衣節，漢族節日，有諺語「六月六，曬紅綠」，拿冬季衣物來曬可以殺菌防止生蟲或黴爛，見1987年《南寧文史資料·第3輯總第四輯》P86
602	三、時令時間（2）節日/嘗新節	六月初六	六月初六	lʊk2 jyt2 tʃʰɔ55 lʊk2	luk6 jyut6 co1 luk6	嘗新節，少數民族節日
603	三、時令時間（2）節日/中秋節	八月十五	八月十五	pɛt3 jyt2 ʃɐp2 ŋ̍24	bet3 jyut6 sap6 ng5	中秋節1.1
604	三、時令時間（2）節日/中秋節	八月十五	八月十五	pɛt3 jyt2 ʃɐp2 m̩24	bet3 jyut6 sap6 m5	中秋節1.2，「五」字受前字韻尾影響而閉脣
605	三、時令時間（2）節日/中秋節	中秋節	中秋节	tʃʊŋ55 tʃʰɐu55 tʃit3	zung1 cau1 zit3	中秋節2
606	三、時令時間（2）節日/拜月	拜月光	拜月光	pai33 jyt2 kɔŋ55	baai3 jyut6 gong1	拜月，中秋祭祀月亮的風俗
607	三、時令時間（2）節日/放花燈	放花燈	放花灯	fɔŋ33 fa55 tɐŋ55	fong3 faa1 dang1	放花燈，南寧中秋節的習俗
608	三、時令時間（2）節日/紮花燈	紮花燈	扎花灯	tʃat3 fa55 tɐŋ55	zaat3 faa1 dang1	紮花燈
609	三、時令時間（2）節日/柚子燈	樸碌燈	朴碌灯	pʊk5 lʊk5 tɐŋ55	buk1 luk1 dang1	柚子燈1.1，舊時小孩兒用柚子皮做的花燈
610	三、時令時間（2）節日/柚子燈	樸碌燈	朴碌灯	pɔk5 lʊk5 tɐŋ55	bok1 luk1 dang1	柚子燈1.2
611	三、時令時間（2）節日/柚子船燈	樸碌船燈	朴碌船灯	pʊk5 lʊk5 ʃyn21 tɐŋ55	buk1 luk1 syun4 dang1	柚子船燈1.1，柚子燈的一種，柚子皮分成四片，其中一片穿線當作船，放上蠟燭即可製成
612	三、時令時間（2）節日/柚子船燈	樸碌船燈	朴碌船灯	pɔk5 lʊk5 ʃyn21 tɐŋ55	bok1 luk1 syun4 dang1	柚子船燈1.2
613	三、時令時間（2）節日/柚子燈籠	樸碌燈籠	朴碌灯笼	pʊk5 lʊk5 tɐŋ55 lʊŋ21	buk1 luk1 dang1 lung4	柚子燈籠1.1，柚子燈的一種，柚子皮劃成四片，柚子椗去除，皮用線粗縫，用大繩對角穿起，以木棍作手柄，中間底部放上蠟燭即可製成
614	三、時令時間（2）節日/柚子燈籠	樸碌燈籠	朴碌灯笼	pɔk5 lʊk5 tɐŋ55 lʊŋ21	bok1 luk1 dang1 lung4	柚子燈籠1.2
615	三、時令時間（2）節日/花籃燈	花籃燈	花篮灯	fa55 lam21 tɐŋ55	faa1 laam4 dang1	花籃燈，花燈的一種，用竹篾作框架，糊上白砂紙、彩紙，裝飾上繡紋紙盒及鐵線作爲枝葉，內置蠟燭即可製成
616	三、時令時間（2）節日/孔明燈	孔明燈	孔明灯	hʊŋ35 meŋ21 tɐŋ55	hung2 ming4 dang1	孔明燈1.1，傳統花燈，可升空
617	三、時令時間（2）節日/孔明燈	孔明燈	孔明灯	kʰʊŋ35 meŋ21 tɐŋ55	kung2 ming4 dang1	孔明燈1.2，傳統花燈，可升空
618	三、時令時間（2）節日/宮燈	宮燈	宫灯	kʊŋ55 tɐŋ55	gung1 dang1	宮燈，傳統花燈，八角或六角形的花燈
619	三、時令時間（2）節日/六角燈	六角燈	六角灯	lʊk2 kɔk3 tɐŋ55	luk6 gok3 dang1	六角燈，傳統花燈的一種
620	三、時令時間（2）節日/八角燈	八角燈	八角灯	pɛt3 kɔk3 tɐŋ55	bet3 gok3 dang1	八角燈，傳統花燈的一種
621	三、時令時間（2）節日/七夕	七月七	七月七	tʃʰɐt5 jyt2 tʃʰɐt5	cat1 jyut6 cat1	七夕1，有午夜到河裏游泳的習俗
622	三、時令時間（2）節日/七夕	七姐節	七姐节	tʃʰɐt5 tʃɛ35 tʃit3	cat1 ze2 zit3	七夕2
623	三、時令時間（2）節日/牛郎	牛郎	牛郎	ŋɐu21 lɔŋ21	ngau4 long4	牛郎
624	三、時令時間（2）節日/七姐	七姐	七姐	tʃʰɐt5 tʃɛ35	cat1 ze2	織女
625	三、時令時間（2）節日/初七水	初七水	初七水	tʃʰɔ55 tʃʰɐt5 ʃui35	co1 cat1 sui2	初七水1，傳說初七午夜到河裏取的水，終年不腐
626	三、時令時間（2）節日/初七水	七姐水	七姐水	tʃʰɐt5 tʃɛ35 ʃui35	cat1 ze2 sui2	初七水2
627	三、時令時間（2）節日/初七水	七水	七水	tʃʰɐt5 ʃui35	cat1 sui2	初七水3
628	三、時令時間（2）節日/拜織女	拜七姐	拜七姐	pai33 tʃʰɐt5 tʃɛ35	baai3 cat1 ze2	拜織女，七夕祭祀織女的風俗
629	三、時令時間（2）節日/中元節	鬼節	鬼节	kʷɐi35 tʃit3	gwai2 zit3	中元節1，晚餐一般吃鴨子、春卷、蕉葉餈等，晚上燒紙、燒衣
630	三、時令時間（2）節日/中元節	七月十四	七月十四	tʃʰɐt5 jyt2 ʃɐp2 ɬi33	cat1 jyut6 sap6 sli3	中元節2
631	三、時令時間（2）節日/中元節	七月節	七月节	tʃʰɐt5 jyt2 tʃit3	cat1 jyut6 zit3	中元節3
632	三、時令時間（2）節日/燒衣	燒衣	烧衣	ʃiu55 ji55	siu1 ji1	燒衣，燒冥衣、紙錢等
633	三、時令時間（2）節日/潑水飯	潑水飯	泼水饭	pʰut3 ʃui35 fan22	put3 sui2 faan6	潑水飯，農曆七月十四的習俗，約八九點鐘在家門口焚燒香燭紙錢時，將開水浸過的飯菜潑出街，施捨孤魂野鬼
634	三、時令時間（2）節日/重陽節	重陽	重阳	tʃʰʊŋ21 jœŋ21	cung4 joeng4	重陽節1
635	三、時令時間（2）節日/重陽節	九月九	九月九	kɐu35 jyt2 kɐu35	gau2 jyut6 gau2	重陽節2
636	三、時令時間（2）節日/重陽節	登高節	登高节	tɐŋ55 ku55 tʃit3	dang1 gu1 zit3	重陽節3
637	三、時令時間（2）節日/重陽節	重陽節	重阳节	tʃʰʊŋ21 jœŋ21 tʃit3	cung4 joeng4 zit3	重陽節4
638	三、時令時間（2）節日/十月十	十月十	十月十	ʃɐp2 jyt2 ʃɐp2	sap6 jyut6 sap6	十月十，農曆十月初十，有「十全十美」之意，農村正是秋收冬藏的季節，城區吃楊桃煮芥菜，傳說入冬不怕冷，農村則祭拜祖墳，吃甜酒，現已少過，見1987年《南寧文史資料·第3輯總第四輯》P89
639	三、時令時間（2）節日/冬至	冬至	冬至	tʊŋ55 tʃi33	dung1 zi3	冬至1，晚餐一般吃水圓，有的也打邊爐
640	三、時令時間（2）節日/冬至	冬	冬	tʊŋ55	dung1	冬至2
641	三、時令時間（2）節日/冬至	過冬	过冬	kɔ33 tʊŋ55	go3 dung1	冬至3
642	三、時令時間（2）節日/冬大過年	冬大過年	冬大过年	tʊŋ55 tai22 kɔ33 nin21	dung1 daai6 go3 nin4	冬大過年，過冬至節比過年還重要，誇張說法
643	三、時令時間（2）節日/做牙祭	做牙祭	做牙祭	tʃu33 ŋa21 tʃɐi33	zu3 ngaa4 zai3	做牙祭，解放前習俗，商戶每月初二、十六，吃一頓有葷菜的飯，見1987年《南寧文史資料·第3輯總第四輯》P90
644	三、時令時間（2）節日/頭牙	頭牙	头牙	tʰɐu21 ŋa21	tau4 ngaa4	頭牙，農曆二月初二，一年中第一次做牙祭的日子
645	三、時令時間（2）節日/尾牙	尾牙	尾牙	mi24 ŋa21	mi5 ngaa4	尾牙，農曆十二月十六，一年中最後一次做牙祭的日子，見1987年《南寧文史資料·第3輯總第四輯》P90
646	三、時令時間（2）節日/送竈	送竈	送灶	ɬʊŋ33 tʃu33	slung3 zu3	送竈，臘月二十三，年俗認爲是竈王爺向玉皇大帝稟報民情的日子
647	三、時令時間（2）節日/接竈	接竈	接灶	tʃip3 tʃu33	zip3 zu3	接竈，臘月二十八
648	三、時令時間（3）年/今年	今年	今年	kɐm55 nin21	gam1 nin4	今年
649	三、時令時間（3）年/去年	舊年	旧年	kɐu22 nin21	gau6 nin4	去年
650	三、時令時間（3）年/明年	明年	明年	meŋ21 nin21	ming4 nin4	明年1
651	三、時令時間（3）年/明年	來年	来年	lɔi21 nin21	loi4 nin4	明年2
652	三、時令時間（3）年/前年	前年	前年	tʃʰin21 nin21	cin4 nin4	前年
653	三、時令時間（3）年/大前年	大前年	大前年	tai22 tʃʰin21 nin21	daai6 cin4 nin4	大前年
654	三、時令時間（3）年/後年	後年	后年	hɐu22 nin21	hau6 nin4	後年
655	三、時令時間（3）年/大後年	大後年	大后年	tai22 hɐu22 nin21	daai6 hau6 nin4	大後年
656	三、時令時間（3）年/往年	舊時	旧时	kɐu22 ʃi21	gau6 si4	往年1
657	三、時令時間（3）年/往年	舊陣時	旧阵时	kɐu22 tʃɐn35 ʃi21	gau6 zan2 si4	往年2.1
658	三、時令時間（3）年/往年	舊陣時	旧阵时	kɐu22 tʃɐn22 ʃi21	gau6 zan6 si4	往年2.2
659	三、時令時間（3）年/往年	往年	往年	wɔŋ24 nin21	wong5 nin4	往年3
660	三、時令時間（3）年/前些年	前幾年	前几年	tʃʰin21 ki35 nin21	cin4 gi2 nin4	前些年1
661	三、時令時間（3）年/前些年	早幾年	早几年	tʃu35 ki35 nin21	zu2 gi2 nin4	前些年2
662	三、時令時間（3）年/每年	年年	年年	nin21 nin21	nin4 nin4	每年
663	三、時令時間（3）年/年初	年頭	年头	nin21 tʰɐu21	nin4 tau4	年初1
664	三、時令時間（3）年/年初	年初	年初	nin21 tʃʰɔ55	nin4 co1	年初2
665	三、時令時間（3）年/年中	年中	年中	nin21 tʃʊŋ55	nin4 zung1	年中
666	三、時令時間（3）年/年底	年底	年底	nin21 tɐi35	nin4 dai2	年底1
667	三、時令時間（3）年/年底	年尾	年尾	nin21 mi24	nin4 mi5	年底2
668	三、時令時間（3）年/上半年	上半年	上半年	ʃœŋ22 pun33 nin21	soeng6 bun3 nin4	上半年
669	三、時令時間（3）年/下半年	下半年	下半年	ha22 pun33 nin21	haa6 bun3 nin4	下半年
670	三、時令時間（3）年/整年	成年	成年	ʃɛŋ21 nin21	seng4 nin4	整年1
671	三、時令時間（3）年/整年	論年	论年	lɐn22 nin21	lan6 nin4	整年2
672	三、時令時間（3）年/整年	冚年	冚年	hɐm22 nin21	ham6 nin4	整年3，老派
673	三、時令時間（3）年/一年多	年幾	年几	nin21 ki35	nin4 gi2	一年多1
674	三、時令時間（3）年/一年多	年把	年把	nin21 pa35	nin4 baa2	一年多2
675	三、時令時間（3）年/一年多兩年	年幾兩年	年几两年	nin21 ki35 lœŋ24 nin21	nin4 gi2 loeng5 nin4	一年多兩年1
676	三、時令時間（3）年/一年多兩年	年把兩年	年把两年	nin21 pa35 lœŋ24 nin21	nin4 baa2 loeng5 nin4	一年多兩年2
677	三、時令時間（3）年/十幾年	十幾年	十几年	ʃɐp2 ki35 nin21	sap6 gi2 nin4	十幾年
678	三、時令時間（3）年/很多年	好多年	好多年	hu35 tɔ55 nin21	hu2 do1 nin4	很多年
679	三、時令時間（4）月/正月	正月	正月	tʃeŋ55 jyt2	zing1 jyut6	正月
680	三、時令時間（4）月/臘月	十二月	十二月	ʃɐp2 ji22 jyt2	sap6 ji6 jyut6	臘月1
681	三、時令時間（4）月/臘月	舊曆十二月	旧历十二月	kɐu22 lek2 ʃɐp2 ji22 jyt2	gau6 lik6 sap6 ji6 jyut6	臘月2
682	三、時令時間（4）月/臘月	舊曆年尾	旧历年尾	kɐu22 lek2 nin21 mi24	gau6 lik6 nin4 mi5	臘月3
683	三、時令時間（4）月/閏月	閏月	闰月	jɐn22 jyt2	jan6 jyut6	閏月
684	三、時令時間（4）月/月初	月初	月初	jyt2 tʃʰɔ55	jyut6 co1	月初1
685	三、時令時間（4）月/月初	月頭	月头	jyt2 tʰɐu21	jyut6 tau4	月初2
686	三、時令時間（4）月/月半	月中	月中	jyt2 tʃʊŋ55	jyut6 zung1	月半
687	三、時令時間（4）月/月底	月底	月底	jyt2 tɐi35	jyut6 dai2	月底1
688	三、時令時間（4）月/月底	月尾	月尾	jyt2 mi24	jyut6 mi5	月底2
689	三、時令時間（4）月/一個月	一個月	一个月	a55 kɔ33 jyt2	aa1 go3 jyut6	一個月1.1
690	三、時令時間（4）月/一個月	一個月	一个月	jɐt5 kɔ33 jyt2	jat1 go3 jyut6	一個月1.2
691	三、時令時間（4）月/一個月	一隻月	一只月	a55 tʃɛk3 jyt2	aa1 zek3 jyut6	一個月2.1
692	三、時令時間（4）月/一個月	一隻月	一只月	jɐt5 tʃɛk3 jyt2	jat1 zek3 jyut6	一個月2.2
693	三、時令時間（4）月/前個月	前個月	前个月	tʃʰin21 kɔ33 jyt2	cin4 go3 jyut6	前個月1
694	三、時令時間（4）月/前個月	前隻月	前只月	tʃʰin21 tʃɛk3 jyt2	cin4 zek3 jyut6	前個月2
695	三、時令時間（4）月/上個月	上個月	上个月	ʃœŋ22 kɔ33 jyt2	soeng6 go3 jyut6	上個月1
696	三、時令時間（4）月/上個月	上隻月	上只月	ʃœŋ22 tʃɛk3 jyt2	soeng6 zek3 jyut6	上個月2
697	三、時令時間（4）月/這個月	今個月	今个月	kɐm55 kɔ33 jyt2	gam1 go3 jyut6	這個月1
698	三、時令時間（4）月/這個月	今隻月	今只月	kɐm55 tʃɛk3 jyt2	gam1 zek3 jyut6	這個月2
699	三、時令時間（4）月/這個月	箇個月	箇个月	kɔ33 kɔ33 jyt2	go3 go3 jyut6	這個月、那個月，不分遠近指，偶爾用
700	三、時令時間（4）月/下個月	下個月	下个月	ha22 kɔ33 jyt2	haa6 go3 jyut6	下個月1
701	三、時令時間（4）月/下個月	下隻月	下只月	ha22 tʃɛk3 jyt2	haa6 zek3 jyut6	下個月2
702	三、時令時間（4）月/每月	個個月	个个月	kɔ33 kɔ33 jyt2	go3 go3 jyut6	每月1
703	三、時令時間（4）月/每月	隻隻月	只只月	tʃɛk3 tʃɛk3 jyt2	zek3 zek3 jyut6	每月2
704	三、時令時間（4）月/個把月	個把月	个把月	kɔ33 pa35 jyt2	go3 baa2 jyut6	個把月
705	三、時令時間（4）月/個把兩個月	個把兩個月	个把两个月	kɔ33 pa35 lœŋ24 kɔ33 jyt2	go3 baa2 loeng5 go3 jyut6	個把兩個月
706	三、時令時間（4）月/十個多月	十個幾月	十个几月	ʃɐp2 kɔ33 ki35 jyt2	sap6 go3 gi2 jyut6	十個多月
707	三、時令時間（4）月/十幾個月	十零個月	十零个月	ʃɐp2 lɛŋ21 kɔ33 jyt2	sap6 leng4 go3 jyut6	十幾個月
708	三、時令時間（4）月/好幾個月	幾個月	几个月	ki35 kɔ33 jyt2	gi2 go3 jyut6	好幾個月
709	三、時令時間（4）月/幾月	邊月	边月	pin55 jyt2	bin1 jyut6	幾月
710	三、時令時間（4）月/幾個月（問）	幾多個月	几多个月	ki35 tɔ55 kɔ33 jyt2	gi2 do1 go3 jyut6	幾個月？（問）
711	三、時令時間（4）月/多少天（問）	幾多日	几多日	ki35 tɔ55 jɐt2	gi2 do1 jat6	多少天？（問）
712	三、時令時間（4）月/哪個月（問）	邊個月	边个月	pin55 kɔ33 jyt2	bin1 go3 jyut6	哪個月？（問）
713	三、時令時間（4）月/上旬	上旬	上旬	ʃœŋ22 tʃʰɐn21	soeng6 can4	上旬1.1
714	三、時令時間（4）月/上旬	上旬	上旬	ʃœŋ22 ɬɐn21	soeng6 slan4	上旬1.2
715	三、時令時間（4）月/上旬	上旬	上旬	ʃœŋ22 ɬyn21	soeng6 slyun4	上旬1.3
716	三、時令時間（4）月/中旬	中旬	中旬	tʃʊŋ55 tʃʰɐn21	zung1 can4	中旬1.1
717	三、時令時間（4）月/中旬	中旬	中旬	tʃʊŋ55 ɬɐn21	zung1 slan4	中旬1.2
718	三、時令時間（4）月/中旬	中旬	中旬	tʃʊŋ55 ɬyn21	zung1 slyun4	中旬1.3
719	三、時令時間（4）月/下旬	下旬	下旬	ha22 tʃʰɐn21	haa6 can4	下旬1.1
720	三、時令時間（4）月/下旬	下旬	下旬	ha22 ɬɐn21	haa6 slan4	下旬1.2
721	三、時令時間（4）月/下旬	下旬	下旬	ha22 ɬyn21	haa6 slyun4	下旬1.3
722	三、時令時間（4）月/大建	月大	月大	jyt2 tai22	jyut6 daai6	大建（農曆三十天的月份）
723	三、時令時間（4）月/小建	月細	月细	jyt2 ɬɐi33	jyut6 slai3	小建（農曆二十九的月份）
724	三、時令時間（5）日、時/今天	今日	今日	kɐm55 jɐt2	gam1 jat6	今天1
725	三、時令時間（5）日、時/今天	今日	今日	kɐm55 mɐt2	gam1 mat6	今天2，[mɐt2]爲「晚日」的合音
726	三、時令時間（5）日、時/今天	今晚日	今晚日	kɐm55 man24 jɐt2	gam1 maan5 jat6	今天3
727	三、時令時間（5）日、時/昨天	昨日	昨日	tʃɔk2 jɐt2	zok6 jat6	昨天1.1
728	三、時令時間（5）日、時/昨天	昨日	昨日	tʃɔ22 jɐt2	zo6 jat6	昨天1.2
729	三、時令時間（5）日、時/昨天	昨日	昨日	tʃʰɔ22 jɐt2	co6 jat6	昨天1.3
730	三、時令時間（5）日、時/昨天	昨日	昨日	tʃɔk2 mɐt2	zok6 mat6	昨天2.1，[mɐt2]爲「晚日」的合音
731	三、時令時間（5）日、時/昨天	昨日	昨日	tʃɔ22 mɐt2	zo6 mat6	昨天2.2，[mɐt2]爲「晚日」的合音
732	三、時令時間（5）日、時/昨天	昨日	昨日	tʃʰɔ22 mɐt2	co6 mat6	昨天2.3，[mɐt2]爲「晚日」的合音
733	三、時令時間（5）日、時/昨天	琴日	琴日	kʰɐm21 mɐt2	kam4 mat6	昨天3，[mɐt2]爲「晚日」的合音
734	三、時令時間（5）日、時/昨天	尋日	寻日	tʃʰɐm21 mɐt2	cam4 mat6	昨天4，「尋」爲「昨晚」的合音音變，[mɐt2]爲「晚日」的合音
735	三、時令時間（5）日、時/昨天	昨晚日	昨晚日	tʃɔk2 man24 jɐt2	zok6 maan5 jat6	昨天5
736	三、時令時間（5）日、時/今晚	今晚	今晚	kɐm55 man24	gam1 maan5	今晚1
737	三、時令時間（5）日、時/今晚	今晚夜	今晚夜	kɐm55 man24 jɛ22	gam1 maan5 je6	今晚2
738	三、時令時間（5）日、時/昨晚	昨晚	昨晚	tʃɔk2 man24	zok6 maan5	昨晚1.1
739	三、時令時間（5）日、時/昨晚	昨晚	昨晚	tʃɔ22 man24	zo6 maan5	昨晚1.2
740	三、時令時間（5）日、時/昨晚	昨晚	昨晚	tʃʰɔ22 man24	co6 maan5	昨晚1.3
741	三、時令時間（5）日、時/昨晚	尋晚	寻晚	tʃʰɐm21 man24	cam4 maan5	昨晚2
742	三、時令時間（5）日、時/昨晚	琴晚	琴晚	kʰɐm21 man24	kam4 maan5	昨晚3
743	三、時令時間（5）日、時/昨晚	昨晚夜	昨晚夜	tʃɔk2 man24 jɛ22	zok6 maan5 je6	昨晚4
744	三、時令時間（5）日、時/昨晚	尋晚夜	寻晚夜	tʃʰɐm21 man24 jɛ22	cam4 maan5 je6	昨晚5
745	三、時令時間（5）日、時/昨晚	琴晚夜	琴晚夜	kʰɐm21 man24 jɛ22	kam4 maan5 je6	昨晚6
746	三、時令時間（5）日、時/明天晚上	聽晚	听晚	tʰeŋ55 man24	ting1 maan5	明天晚上1，「聽」爲「天光」的合音
747	三、時令時間（5）日、時/明天晚上	聽晚夜	听晚夜	tʰeŋ55 man24 jɛ22	ting1 maan5 je6	明天晚上2，「聽」爲「天光」的合音
748	三、時令時間（5）日、時/後天晚上	後晚	后晚	hɐu22 man24	hau6 maan5	後天晚上1
749	三、時令時間（5）日、時/後天晚上	後晚夜	后晚夜	hɐu22 man24 jɛ22	hau6 maan5 je6	後天晚上2
750	三、時令時間（5）日、時/前天晚上	前晚	前晚	tʃʰin21 man24	cin4 maan5	前天晚上1
751	三、時令時間（5）日、時/前天晚上	前晚夜	前晚夜	tʃʰin21 man24 jɛ22	cin4 maan5 je6	前天晚上2
752	三、時令時間（5）日、時/那天晚上	嚕晚	噜晚	lu55 man24	lu1 maan5	那天晚上1
753	三、時令時間（5）日、時/那天晚上	嚕晚夜	噜晚夜	lu55 man24 jɛ22	lu1 maan5 je6	那天晚上2
754	三、時令時間（5）日、時/明天	聽日	听日	tʰeŋ55 jɐt2	ting1 jat6	明天，「聽」爲「天光」的合音
755	三、時令時間（5）日、時/後天	後日	后日	hɐu22 jɐt2	hau6 jat6	後天
756	三、時令時間（5）日、時/大後天	大後日	大后日	tai22 hɐu22 jɐt2	daai6 hau6 jat6	大後天
757	三、時令時間（5）日、時/次日	第二日	第二日	tɐi22 ji22 jɐt2	dai6 ji6 jat6	次日1，某日的下一天，「第」爲「第二」的連讀合音
758	三、時令時間（5）日、時/次日	第日	第日	tɐi22 jɐt2	dai6 jat6	次日2，某日的下一天
759	三、時令時間（5）日、時/次日	第二朝	第二朝	tɐi22 ji22 tʃiu55	dai6 ji6 ziu1	次日3，某日的下一天，老派
760	三、時令時間（5）日、時/前天	前日	前日	tʃʰin21 jɐt2	cin4 jat6	前天
761	三、時令時間（5）日、時/大前天	大前日	大前日	tai22 tʃʰin21 jɐt2	daai6 cin4 jat6	大前天
762	三、時令時間（5）日、時/前幾天	前幾日	前几日	tʃʰin21 ki35 jɐt2	cin4 gi2 jat6	前幾天1
763	三、時令時間（5）日、時/前幾天	早幾日	早几日	tʃu35 ki35 jɐt2	zu2 gi2 jat6	前幾天2
764	三、時令時間（5）日、時/星期天	禮拜日	礼拜日	lɐi24 pai33 jɐt2	lai5 baai3 jat6	星期天1
765	三、時令時間（5）日、時/星期天	星期日	星期日	ɬeŋ55 kʰi21 jɐt2	sling1 ki4 jat6	星期天2
766	三、時令時間（5）日、時/星期天	禮拜	礼拜	lɐi24 pai33	lai5 baai3	星期天3
767	三、時令時間（5）日、時/星期	禮拜	礼拜	lɐi24 pai33	lai5 baai3	星期
768	三、時令時間（5）日、時/星期一	禮拜一	礼拜一	lɐi24 pai33 jɐt5	lai5 baai3 jat1	星期一1
769	三、時令時間（5）日、時/星期一	星期一	星期一	ɬeŋ55 kʰi21 jɐt5	sling1 ki4 jat1	星期一2
770	三、時令時間（5）日、時/大禮拜	大禮拜	大礼拜	tai22 lɐi24 pai33	daai6 lai5 baai3	大禮拜
771	三、時令時間（5）日、時/雙休日	雙休日	双休日	ʃœŋ55 jɐu55 jɐt2	soeng1 jau1 jat6	雙休日
772	三、時令時間（5）日、時/一星期	一個禮拜	一个礼拜	a55 kɔ33 lɐi24 pai33	aa1 go3 lai5 baai3	一星期1
773	三、時令時間（5）日、時/一星期	一隻禮拜	一只礼拜	a55 tʃɛk3 lɐi24 pai33	aa1 zek3 lai5 baai3	一星期2
774	三、時令時間（5）日、時/一星期	一個星期	一个星期	a55 kɔ33 ɬeŋ55 kʰi21	aa1 go3 sling1 ki4	一星期3
775	三、時令時間（5）日、時/一星期	一隻星期	一只星期	a55 tʃɛk3 ɬeŋ55 kʰi21	aa1 zek3 sling1 ki4	一星期4
776	三、時令時間（5）日、時/整天	論日	论日	lɐn22 jɐt2	lan6 jat6	整天1
777	三、時令時間（5）日、時/整天	成日	成日	ʃɛŋ21 jɐt2	seng4 jat6	整天2
778	三、時令時間（5）日、時/整天	通日	通日	tʰʊŋ55 jɐt2	tung1 jat6	整天3
779	三、時令時間（5）日、時/整天	一日	一日	a55 jɐt2	aa1 jat6	整天4.1
780	三、時令時間（5）日、時/整天	一日	一日	jɐt5 jɐt2	jat1 jat6	整天4.2
781	三、時令時間（5）日、時/整天	冚日	冚日	hɐm22 jɐt2	ham6 jat6	整天5，老派
782	三、時令時間（5）日、時/每天	日日	日日	jɐt2 jɐt2	jat6 jat6	每天，有連讀音變[jɐt2 jɐt2]➔[jɐ22 jɐt2]
783	三、時令時間（5）日、時/每天早上	朝朝	朝朝	tʃiu55 tʃiu55	ziu1 ziu1	每天早上
784	三、時令時間（5）日、時/十幾天	十幾日	十几日	ʃɐp2 ki35 jɐt2	sap6 gi2 jat6	十幾天1
785	三、時令時間（5）日、時/十幾天	十零日	十零日	ʃɐp2 lɛŋ21 jɐt2	sap6 leng4 jat6	十幾天2
786	三、時令時間（5）日、時/十幾二十天	十幾廿日	十几廿日	ʃɐp2 ki35 ja22 jɐt2	sap6 gi2 jaa6 jat6	十幾二十天（十幾天二十天）
787	三、時令時間（5）日、時/天把	日把	日把	jɐt2 pa35	jat6 baa2	天把
788	三、時令時間（5）日、時/天把兩天	日把兩日	日把两日	jɐt2 pa35 lœŋ24 jɐt2	jat6 baa2 loeng5 jat6	天把兩天
789	三、時令時間（5）日、時/個把天	個把日	个把日	kɔ33 pa35 jɐt2	go3 baa2 jat6	個把天
790	三、時令時間（5）日、時/很多天	好多日	好多日	hu35 tɔ55 jɐt2	hu2 do1 jat6	很多天
791	三、時令時間（5）日、時/上午	朝早	朝早	tʃiu55 tʃu35	ziu1 zu2	上午1
792	三、時令時間（5）日、時/上午	上晝	上昼	ʃœŋ22 tʃɐu33	soeng6 zau3	上午2
793	三、時令時間（5）日、時/上午	上午	上午	ʃœŋ22 ŋ̍24	soeng6 ng5	上午3
794	三、時令時間（5）日、時/今天上午	今朝早	今朝早	kɐm55 tʃiu55 tʃu35	gam1 ziu1 zu2	今天上午
795	三、時令時間（5）日、時/明天上午	聽朝早	听朝早	tʰeŋ55 tʃiu55 tʃu35	ting1 ziu1 zu2	明天早上，「聽」爲「天光」的合音
796	三、時令時間（5）日、時/下午	晏晝	晏昼	an33 tʃɐu33	aan3 zau3	下午1
797	三、時令時間（5）日、時/下午	下晝	下昼	ha22 tʃɐu33	haa6 zau3	下午2
798	三、時令時間（5）日、時/下午	下午	下午	ha22 ŋ̍24	haa6 ng5	下午3
799	三、時令時間（5）日、時/半天	半日	半日	pun33 jɐt2	bun3 jat6	半天
800	三、時令時間（5）日、時/大半天	大半日	大半日	tai22 pun33 jɐt2	daai6 bun3 jat6	大半天
801	三、時令時間（5）日、時/凌晨	雞啼	鸡啼	kɐi55 tʰɐi21	gai1 tai4	凌晨1，天快亮的時候
802	三、時令時間（5）日、時/凌晨	天蒙蒙光	天蒙蒙光	tʰin55 mʊŋ55 mʊŋ55 kɔŋ55	tin1 mung1 mung1 gong1	凌晨2，天快亮的時候，也作「天矇矇光」，即天矇矇亮/天蒙蒙亮
803	三、時令時間（5）日、時/凌晨	天𱤜光	天𱤜光	tʰin55 mɐŋ21 kɔŋ55	tin1 mang4 gong1	凌晨3，天快亮的時候
804	三、時令時間（5）日、時/清晨	天啱光	天啱光	tʰin55 ŋam55 kɔŋ55	tin1 ngaam1 gong1	清晨1，日出前後的一段時間
805	三、時令時間（5）日、時/清晨	朝頭早	朝头早	tʃiu55 tʰɐu21 tʃu35	ziu1 tau4 zu2	清晨2，日出前後的一段時間
806	三、時令時間（5）日、時/清晨	天光朝	天光朝	tʰin55 kɔŋ55 tʃiu55	tin1 gong1 ziu1	清晨3，日出前後的一段時間
807	三、時令時間（5）日、時/天亮	天光	天光	tʰin55 kɔŋ55	tin1 gong1	天亮
808	三、時令時間（5）日、時/天亮了	天光哂	天光哂	tʰin55 kɔŋ55 ɬai33	tin1 gong1 slaai3	天亮了1
809	三、時令時間（5）日、時/天亮了	天光啊	天光啊	tʰin55 kɔŋ55 a33	tin1 gong1 aa3	天亮了2
810	三、時令時間（5）日、時/午前	朝早	朝早	tʃiu55 tʃu35	ziu1 zu2	午前
811	三、時令時間（5）日、時/中午	晏晝	晏昼	an33 tʃɐu33	aan3 zau3	中午1
812	三、時令時間（5）日、時/中午	中午	中午	tʃʊŋ55 ŋ̍24	zung1 ng5	中午2
813	三、時令時間（5）日、時/中午	晏中	晏中	an33 tʃʊŋ55	aan3 zung1	中午3
814	三、時令時間（5）日、時/午後	晏晝	晏昼	an33 tʃɐu33	aan3 zau3	午後
815	三、時令時間（5）日、時/白天	白日	白日	pak2 jɐt2	baak6 jat6	白天1
816	三、時令時間（5）日、時/白天	日頭	日头	jɐt2 tʰɐu21	jat6 tau4	白天2
817	三、時令時間（5）日、時/白天	日裏	日里	jɐt2 li24	jat6 li5	白天3
818	三、時令時間（5）日、時/改天	第日	第日	tɐi22 jɐt2	dai6 jat6	改天1
819	三、時令時間（5）日、時/改天	第時	第时	tɐi22 ʃi21	dai6 si4	改天2.1，「第」爲「第二」的連讀合音
820	三、時令時間（5）日、時/改天	第二時	第二时	tɐi22 ji22 ʃi21	dai6 ji6 si4	改天2.2
821	三、時令時間（5）日、時/某日	噻日	噻日	ɬɐk5 jɐt2	slak1 jat6	某日
822	三、時令時間（5）日、時/哪天	邊日	边日	pin55 jɐt2	bin1 jat6	哪天
823	三、時令時間（5）日、時/黃昏	天黑	天黑	tʰin55 hɐk5	tin1 hak1	黃昏1，傍晚
824	三、時令時間（5）日、時/黃昏	天準備黑	天准备黑	tʰin55 tʃɐn35 pi22 hɐk5	tin1 zan2 bi6 hak1	黃昏2，傍晚
825	三、時令時間（5）日、時/黃昏	天差不多黑	天差不多黑	tʰin55 tʃʰa55 pɐt5 tɔ55 hɐk5	tin1 caa1 bat1 do1 hak1	黃昏3，傍晚
826	三、時令時間（5）日、時/黃昏	霎黑	霎黑	ɬap3 hɐk5	slaap3 hak1	黃昏4，傍晚
827	三、時令時間（5）日、時/黃昏	入黑	入黑	jɐp2 hɐk5	jap6 hak1	黃昏5，傍晚
828	三、時令時間（5）日、時/黃昏	挨晚	挨晚	ai55 man24	aai1 maan5	黃昏6，傍晚，老派
829	三、時令時間（5）日、時/黃昏	挨夜	挨夜	ai55 jɛ22	aai1 je6	黃昏7，傍晚，老派
830	三、時令時間（5）日、時/天黑了	天黑哂	天黑哂	tʰin55 hɐk5 ɬai33	tin1 hak1 slaai3	天黑了1
831	三、時令時間（5）日、時/天黑了	天黑啊	天黑啊	tʰin55 hɐk5 a33	tin1 hak1 aa3	天黑了2
832	三、時令時間（5）日、時/夜晚	夜晚	夜晚	jɛ22 man24	je6 maan5	夜晚1
833	三、時令時間（5）日、時/夜晚	夜裏	夜里	jɛ22 li24	je6 li5	夜晚2
834	三、時令時間（5）日、時/夜晚	晚黑	晚黑	man24 hɐk5	maan5 hak1	夜晚3
835	三、時令時間（5）日、時/夜晚	夜晚黑	夜晚黑	jɛ22 man24 hɐk5	je6 maan5 hak1	夜晚4
836	三、時令時間（5）日、時/夜晚	夜晚夜	夜晚夜	jɛ22 man24 jɛ22	je6 maan5 je6	夜晚5
837	三、時令時間（5）日、時/摸黑	摸黑	摸黑	mɔ55 hɐk5	mo1 hak1	摸黑
838	三、時令時間（5）日、時/半夜	半晚	半晚	pun33 man24	bun3 maan5	半夜1
839	三、時令時間（5）日、時/半夜	半晚三更	半晚三更	pun33 man24 ɬam55 kaŋ55	bun3 maan5 slaam1 gaang1	半夜2
840	三、時令時間（5）日、時/半夜	三更二鼓	三更二鼓	ɬam55 kaŋ55 ji22 ku35	slaam1 gaang1 ji6 gu2	半夜3
841	三、時令時間（5）日、時/大半夜的	半夜流流	半夜流流	pun33 jɛ22 lɐu21 lɐu21	bun3 je6 lau4 lau4	大半夜的，半夜三更的
842	三、時令時間（5）日、時/打更	打更	打更	ta35 kaŋ55	daa2 gaang1	打更
843	三、時令時間（5）日、時/上半夜	上半夜	上半夜	ʃœŋ22 pun33 jɛ22	soeng6 bun3 je6	上半夜1
844	三、時令時間（5）日、時/上半夜	上半晚	上半晚	ʃœŋ22 pun33 man24	soeng6 bun3 maan5	上半夜2
845	三、時令時間（5）日、時/下半夜	下半夜	下半夜	ha22 pun33 jɛ22	haa6 bun3 je6	下半夜1
846	三、時令時間（5）日、時/下半夜	下半晚	下半晚	ha22 pun33 man24	haa6 bun3 maan5	下半夜2
847	三、時令時間（5）日、時/整夜	成晚	成晚	ʃɛŋ21 man24	seng4 maan5	整夜1
848	三、時令時間（5）日、時/整夜	論晚	论晚	lɐn22 man24	lan6 maan5	整夜2
849	三、時令時間（5）日、時/整夜	通宵	通宵	tʰʊŋ55 ɬiu55	tung1 sliu1	整夜3
850	三、時令時間（5）日、時/整夜	冚晚	冚晚	hɐm22 man24	ham6 maan5	整夜4，老派
851	三、時令時間（5）日、時/改天晚上	第晚	第晚	tɐi22 man24	dai6 maan5	改天晚上，「第」爲「第二」的連讀合音
852	三、時令時間（5）日、時/每天晚上	晚晚	晚晚	man24 man24	maan5 maan5	每天晚上1
853	三、時令時間（5）日、時/每天晚上	晚晚夜	晚晚夜	man24 man24 jɛ22	maan5 maan5 je6	每天晚上2
854	三、時令時間（5）日、時/連夜	漏夜	漏夜	lɐu22 jɛ22	lau6 je6	連夜
855	三、時令時間（5）日、時/一天到晚	一日到黑	一日到黑	a55 jɐt2 tu33 hɐk5	aa1 jat6 du3 hak1	一天到晚1
856	三、時令時間（5）日、時/一天到晚	一日到頭	一日到头	a55 jɐt2 tu33 tʰɐu21	aa1 jat6 du3 tau4	一天到晚2
857	三、時令時間（5）日、時/對時	對時	对时	tui33 ʃi21	dui3 si4	對時（二十四小時，如從12點到第二天12點）
858	三、時令時間（5）日、時/一個對	一個對	一个对	a55 kɔ33 tui33	aa1 go3 dui3	一個對（一個二十四小時）
859	三、時令時間（5）日、時/一小時	一個鐘	一个钟	a55 kɔ33 tʃʊŋ55	aa1 go3 zung1	一小時
860	三、時令時間（5）日、時/個把鐘	個把鐘頭	个把钟头	kɔ33 pa35 tʃʊŋ55 tʰɐu21	go3 baa2 zung1 tau4	個把鐘1
861	三、時令時間（5）日、時/個把鐘	個把鐘	个把钟	kɔ33 pa35 tʃʊŋ55	go3 baa2 zung1	個把鐘2
862	三、時令時間（5）日、時/五分鐘	一個字	一个字	a55 kɔ33 tʃi22	aa1 go3 zi6	五分鐘1.1，鐘錶上的一個字
863	三、時令時間（5）日、時/五分鐘	一個字	一个字	a55 kɔ33 tsɿ22	aa1 go3 zy6	五分鐘1.2，鐘錶上的一個字
864	三、時令時間（5）日、時/十來分鐘	十把分鐘	十把分钟	ʃɐp2 pa35 fɐn55 tʃʊŋ55	sap6 baa2 fan1 zung1	十來分鐘
865	三、時令時間（5）日、時/九點多鐘	九點零鐘	九点零钟	kɐu35 tim35 lɛŋ21 tʃʊŋ55	gau2 dim2 leng4 zung1	九點多鐘
866	三、時令時間（5）日、時/十點二十分	十點達四	十点达四	ʃɐp2 tim35 tat2 ɬi33	sap6 dim2 daat6 sli3	十點二十分
867	三、時令時間（5）日、時/年景	年成	年成	nin21 ʃeŋ21	nin4 sing4	年景1，一年的收成
868	三、時令時間（5）日、時/年景	收成	收成	ʃɐu55 ʃeŋ21	sau1 sing4	年景2，一年的收成
869	三、時令時間（6）其他時間概念/日子	日子	日子	jɐt2 tʃi35	jat6 zi2	日子1.1，指日期
870	三、時令時間（6）其他時間概念/日子	日子	日子	jɐt2 tsɿ35	jat6 zy2	日子1.2，指日期
871	三、時令時間（6）其他時間概念/時候	時候	时候	ʃi21 hɐu22	si4 hau6	時候1
872	三、時令時間（6）其他時間概念/時候	時辰	时辰	ʃi21 ʃɐn21	si4 san4	時候2
873	三、時令時間（6）其他時間概念/時候	陣時	阵时	tʃɐn22 ʃi21	zan6 si4	時候3（吃飯的～）
874	三、時令時間（6）其他時間概念/集日	墟日	墟日	hy55 jɐt2	hyu1 jat6	有集市的日子
875	三、時令時間（6）其他時間概念/閒日	閒日	闲日	hɛn21 jɐt2	hen4 jat6	非集日
876	三、時令時間（6）其他時間概念/先前	頭先	头先	tʰɐu21 ɬin55	tau4 slin1	先前1
877	三、時令時間（6）其他時間概念/先前	先頭	先头	ɬin55 tʰɐu21	slin1 tau4	先前2
878	三、時令時間（6）其他時間概念/先前	先先	先先	ɬin55 ɬin55	slin1 slin1	先前3，早先、最初，老派
879	三、時令時間（6）其他時間概念/以前	以前	以前	ji24 tʃʰin21	ji5 cin4	以前
880	三、時令時間（6）其他時間概念/過去	舊時	旧时	kɐu22 ʃi21	gau6 si4	過去1
881	三、時令時間（6）其他時間概念/過去	舊陣時	旧阵时	kɐu22 tʃɐn35 ʃi21	gau6 zan2 si4	過去2.1
882	三、時令時間（6）其他時間概念/過去	舊陣時	旧阵时	kɐu22 tʃɐn22 ʃi21	gau6 zan6 si4	過去2.2
883	三、時令時間（6）其他時間概念/過去	舊底時	旧底时	kɐu22 tɐi35 ʃi21	gau6 dai2 si4	過去3
884	三、時令時間（6）其他時間概念/過去	舊底	旧底	kɐu22 tɐi35	gau6 dai2	過去4
885	三、時令時間（6）其他時間概念/小時候	細時	细时	ɬɐi33 ʃi21	slai3 si4	小時候1
886	三、時令時間（6）其他時間概念/小時候	細陣時	细阵时	ɬɐi33 tʃɐn22 ʃi21	slai3 zan6 si4	小時候2
887	三、時令時間（6）其他時間概念/現在	而家	而家	ji21 ka55	ji4 gaa1	現在1.1，本字「而今」
888	三、時令時間（6）其他時間概念/現在	而家	而家	ji21 kʰa55	ji4 kaa1	現在1.2
889	三、時令時間（6）其他時間概念/現在	而今	而今	ji21 kɐm55	ji4 gam1	現在2
890	三、時令時間（6）其他時間概念/現在	家下	家下	ka55 ha24	gaa1 haa5	現在3，本字「今下」
891	三、時令時間（6）其他時間概念/這段時候	阿排時	阿排时	a33 pʰai21 ʃi21	aa3 paai4 si4	這段時間1
892	三、時令時間（6）其他時間概念/這段時候	阿陣時	阿阵时	a33 tʃɐn22 ʃi21	aa3 zan6 si4	這段時間2
893	三、時令時間（6）其他時間概念/這段時候	阿㬍	阿㬍	a33 pɔk3	aa3 bok3	這段時間3
894	三、時令時間（6）其他時間概念/那段時間	嚕排時	噜排时	lu55 pʰai21 ʃi21	lu1 paai4 si4	那段時間1
895	三、時令時間（6）其他時間概念/那段時間	嚕陣時	噜阵时	lu55 tʃɐn22 ʃi21	lu1 zan6 si4	那段時間2
896	三、時令時間（6）其他時間概念/那天	嚕日	噜日	lu55 jɐt2	lu1 jat6	那天1
897	三、時令時間（6）其他時間概念/那天	嚕日	噜日	lu55 mɐt2	lu1 mat6	那天2，[mɐt2]爲「晚日」的合音
898	三、時令時間（6）其他時間概念/那天	嚕晚日	噜晚日	lu55 man24 jɐt2	lu1 maan5 jat6	那天3
899	三、時令時間（6）其他時間概念/有一段時間	有一排	有一排	jɐu24 a55 pʰai21	jau5 aa1 paai4	有一段時間1，有相當一段時間
900	三、時令時間（6）其他時間概念/有一段時間	有排	有排	jɐu24 pʰai21	jau5 paai4	有一段時間2，有相當一段時間
901	三、時令時間（6）其他時間概念/有時	噻時	噻时	ɬɐk5 ʃi21	slak1 si4	有時1（佢～加班加到天光）
902	三、時令時間（6）其他時間概念/有時	有陣時	有阵时	jɐu24 tʃɐn22 ʃi21	jau5 zan6 si4	有時2（佢～耍到半夜三更都冇識得返屋）
903	三、時令時間（6）其他時間概念/開始	開頭	开头	hɔi55 tʰɐu21	hoi1 tau4	開始1
904	三、時令時間（6）其他時間概念/開始	開始	开始	hɔi55 tʃʰi35	hoi1 ci2	開始2
905	三、時令時間（6）其他時間概念/開始	起手	起手	hi35 ʃɐu35	hi2 sau2	開始3，起先，老派
906	三、時令時間（6）其他時間概念/後來	後尾	后尾	hɐu22 mi24	hau6 mi5	後來1.1，指過去某事之後
907	三、時令時間（6）其他時間概念/後來	後尾	后尾	hɐu22 mi55	hau6 mi1	後來1.2，指過去某事之後
908	三、時令時間（6）其他時間概念/後來	收尾	收尾	ʃɐu55 mi55	sau1 mi1	後來2.1，指過去某事之後
909	三、時令時間（6）其他時間概念/後來	收尾	收尾	ʃɐm55 mi55	sam1 mi1	後來2.2，指過去某事之後，「收」字受後字「尾」逆同化
910	三、時令時間（6）其他時間概念/後來	收尾	收尾	ʃɐu55 mi24	sau1 mi5	後來2.3，指過去某事之後
911	三、時令時間（6）其他時間概念/後來	跟尾	跟尾	kɐn55 mi24	gan1 mi5	後來3，指過去某事之後
912	三、時令時間（6）其他時間概念/後來	落尾	落尾	lɔk2 mi24	lok6 mi5	後來4，指過去某事之後
913	三、時令時間（6）其他時間概念/後來	跟後	跟后	kɐn55 hɐu22	gan1 hau6	後來5，指過去某事之後
914	三、時令時間（6）其他時間概念/從今以後	今後	今后	kɐm55 hɐu22	gam1 hau6	從今以後1，指將來
915	三、時令時間（6）其他時間概念/從今以後	從今以後	从今以后	tʃʰʊŋ21 kɐm55 ji24 hɐu22	cung4 gam1 ji5 hau6	從今以後2，指將來
916	三、時令時間（6）其他時間概念/從今以後	以後	以后	ji24 hɐu22	ji5 hau6	從今以後3，指將來
917	三、時令時間（6）其他時間概念/從此以後	後尾	后尾	hɐu22 mi24	hau6 mi5	從此以後1，不拘過去將來
918	三、時令時間（6）其他時間概念/從此以後	以後	以后	ji24 hɐu22	ji5 hau6	從此以後2，不拘過去將來
919	三、時令時間（6）其他時間概念/最後	最後	最后	tʃui33 hɐu22	zui3 hau6	最後1
920	三、時令時間（6）其他時間概念/最後	最尾	最尾	tʃui33 mi24	zui3 mi5	最後2.1
921	三、時令時間（6）其他時間概念/最後	最尾	最尾	tʃui33 mi55	zui3 mi1	最後2.2
922	三、時令時間（6）其他時間概念/平時	閒時	闲时	hɛn21 ʃi21	hen4 si4	平時1
923	三、時令時間（6）其他時間概念/平時	平時	平时	pʰeŋ21 ʃi21	ping4 si4	平時2
924	三、時令時間（6）其他時間概念/經常	周時	周时	tʃɐu55 ʃi21	zau1 si4	經常1
925	三、時令時間（6）其他時間概念/經常	成日	成日	ʃɛŋ21 jɐt2	seng4 jat6	經常2
926	三、時令時間（6）其他時間概念/經常	經常	经常	keŋ55 tʃʰœŋ21	ging1 coeng4	經常3
927	三、時令時間（6）其他時間概念/經常	時時	时时	ʃi21 ʃi21	si4 si4	經常4
928	三、時令時間（6）其他時間概念/不常	少何	少何	ʃiu35 hɔ21	siu2 ho4	不常1
929	三、時令時間（6）其他時間概念/不常	冇幾何	冇几何	mu24 ki35 hɔ21	mu5 gi2 ho4	不常2
930	三、時令時間（6）其他時間概念/一會兒	一陣子	一阵子	a55 tʃɐn22 tʃi35	aa1 zan6 zi2	一會兒1.1
931	三、時令時間（6）其他時間概念/一會兒	一陣子	一阵子	a55 tʃɐn22 tsɿ35	aa1 zan6 zy2	一會兒1.2
932	三、時令時間（6）其他時間概念/一會兒	一陣子	一阵子	a55 tʃɐn22 tʃi55	aa1 zan6 zi1	一會兒1.3
933	三、時令時間（6）其他時間概念/一會兒	一陣子	一阵子	a55 tʃɐn22 tsɿ55	aa1 zan6 zy1	一會兒1.4
934	三、時令時間（6）其他時間概念/一會兒	一下子	一下子	a55 ha24 tʃi35	aa1 haa5 zi2	一會兒2.1
935	三、時令時間（6）其他時間概念/一會兒	一下子	一下子	a55 ha24 tsɿ35	aa1 haa5 zy2	一會兒2.2
936	三、時令時間（6）其他時間概念/一會兒	一下子	一下子	a55 ha24 tʃi55	aa1 haa5 zi1	一會兒2.3
937	三、時令時間（6）其他時間概念/一會兒	一下子	一下子	a55 ha24 tsɿ55	aa1 haa5 zy1	一會兒2.4
938	三、時令時間（6）其他時間概念/一會兒	一陣間	一阵间	a55 tʃɐn22 kɛn55	aa1 zan6 gen1	一會兒3.1
939	三、時令時間（6）其他時間概念/一會兒	一陣間	一阵间	jɐt5 tʃɐn22 kɛn55	jat1 zan6 gen1	一會兒3.2
940	三、時令時間（6）其他時間概念/一會兒	陣子	阵子	tʃɐn22 tʃi35	zan6 zi2	一會兒4.1
941	三、時令時間（6）其他時間概念/一會兒	陣子	阵子	tʃɐn22 tsɿ35	zan6 zy2	一會兒4.2
942	三、時令時間（6）其他時間概念/一會兒	陣子	阵子	tʃɐn22 tʃi55	zan6 zi1	一會兒4.3
943	三、時令時間（6）其他時間概念/一會兒	陣子	阵子	tʃɐn22 tsɿ55	zan6 zy1	一會兒4.4
944	三、時令時間（6）其他時間概念/等一下	等下子	等下子	tɐŋ35 ha24 tʃi55	dang2 haa5 zi1	等一下1.1，等一會兒
945	三、時令時間（6）其他時間概念/等一下	等下子	等下子	tɐŋ35 ha24 tsɿ55	dang2 haa5 zy1	等一下1.2，等一會兒
946	三、時令時間（6）其他時間概念/等一下	等陣子	等阵子	tɐŋ35 tʃɐn22 tʃi55	dang2 zan6 zi1	等一下2.1，等一會兒
947	三、時令時間（6）其他時間概念/等一下	等陣子	等阵子	tɐŋ35 tʃɐn22 tsɿ55	dang2 zan6 zy1	等一下2.2，等一會兒
948	三、時令時間（6）其他時間概念/過一下	過下子	过下子	kɔ33 ha24 tʃi55	go3 haa5 zi1	過一下1.1，過一會兒
949	三、時令時間（6）其他時間概念/過一下	過下子	过下子	kɔ33 ha24 tsɿ55	go3 haa5 zy1	過一下1.2，過一會兒
950	三、時令時間（6）其他時間概念/過一下	過陣子	过阵子	kɔ33 tʃɐn22 tʃi55	go3 zan6 zi1	過一下2.1，過一會兒
951	三、時令時間（6）其他時間概念/過一下	過陣子	过阵子	kɔ33 tʃɐn22 tsɿ55	go3 zan6 zy1	過一下2.2，過一會兒
952	三、時令時間（6）其他時間概念/看一下	睇下子	睇下子	tʰɐi35 ha24 tʃi55	tai2 haa5 zi1	看一下1.1，看一會兒
953	三、時令時間（6）其他時間概念/看一下	睇下子	睇下子	tʰɐi35 ha24 tsɿ55	tai2 haa5 zy1	看一下1.2，看一會兒
954	三、時令時間（6）其他時間概念/看一下	睇陣子	睇阵子	tʰɐi35 tʃɐn22 tʃi55	tai2 zan6 zi1	看一下2.1，看一會兒
955	三、時令時間（6）其他時間概念/看一下	睇陣子	睇阵子	tʰɐi35 tʃɐn22 tsɿ55	tai2 zan6 zy1	看一下2.2，看一會兒
956	三、時令時間（6）其他時間概念/久	耐	耐	nɔi22	noi6	久（時間～）
957	三、時令時間（6）其他時間概念/很久	好耐	好耐	hu35 nɔi22	hu2 noi6	很久
958	三、時令時間（6）其他時間概念/多久	幾耐	几耐	ki35 nɔi22	gi2 noi6	多久
959	三、時令時間（6）其他時間概念/不久	冇耐	冇耐	mu24 nɔi22	mu5 noi6	不久
960	三、時令時間（6）其他時間概念/沒多久	冇幾耐	冇几耐	mu24 ki35 nɔi22	mu5 gi2 noi6	沒多久1
961	三、時令時間（6）其他時間概念/沒多久	𱤜幾耐	𱤜几耐	mɐŋ21 ki35 nɔi22	mang4 gi2 noi6	沒多久2
962	三、時令時間（6）其他時間概念/久不久	耐不耐	耐不耐	nɔi22 pɐt5 nɔi22	noi6 bat1 noi6	久不久1，時不時
963	三、時令時間（6）其他時間概念/久不久	時不時	时不时	ʃi21 pɐt5 ʃi21	si4 bat1 si4	久不久2，時不時
964	三、時令時間（6）其他時間概念/久久	耐耐	耐耐	nɔi22 nɔi22	noi6 noi6	久久，偶爾
965	三、時令時間（6）其他時間概念/什麼時候	幾時	几时	ki35 ʃi21	gi2 si4	什麼時候1
966	三、時令時間（6）其他時間概念/什麼時候	邊時	边时	pin55 ʃi21	bin1 si4	什麼時候2
967	三、時令時間（6）其他時間概念/什麼時候	乜嘢時候	乜嘢时候	mɐt5 jɛ24 ʃi21 hɐu22	mat1 je5 si4 hau6	什麼時候3.1
968	三、時令時間（6）其他時間概念/什麼時候	乜嘢時候	乜嘢时候	mɛ55 ɛ24 ʃi21 hɐu22	me1 e5 si4 hau6	什麼時候3.2
969	三、時令時間（6）其他時間概念/什麼時間	乜嘢時間	乜嘢时间	mɐt5 jɛ24 ʃi21 kɛn55	mat1 je5 si4 gen1	什麼時間1.1
970	三、時令時間（6）其他時間概念/什麼時間	乜嘢時間	乜嘢时间	mɛ55 ɛ24 ʃi21 kɛn55	me1 e5 si4 gen1	什麼時間1.2
971	三、時令時間（6）其他時間概念/這次	今次	今次	kɐm55 tʃʰi33	gam1 ci3	這次
972	三、時令時間（6）其他時間概念/下次	第二次	第二次	tɐi22 ji22 tʃʰi33	dai6 ji6 ci3	下次1
973	三、時令時間（6）其他時間概念/下次	第次	第次	tɐi22 tʃʰi33	dai6 ci3	下次2，「第」爲「第二」的連讀合音
974	三、時令時間（6）其他時間概念/到時間	夠鐘	够钟	kɐu33 tʃʊŋ55	gau3 zung1	到時間
975	三、時令時間（6）其他時間概念/過時間	過鐘	过钟	kɔ33 tʃʊŋ55	go3 zung1	過時間
976	三、時令時間（6）其他時間概念/對錶	校鐘	校钟	kau33 tʃʊŋ55	gaau3 zung1	對錶1.1，對時間
977	三、時令時間（6）其他時間概念/對錶	校鐘	校钟	kɛu33 tʃʊŋ55	geu3 zung1	對錶1.2，對時間
978	三、時令時間（6）其他時間概念/一輩子	一世	一世	a55 ʃɐi33	aa1 sai3	一輩子1.1
979	三、時令時間（6）其他時間概念/一輩子	一世	一世	jɐt5 ʃɐi33	jat1 sai3	一輩子1.2
980	三、時令時間（6）其他時間概念/一輩子	一世人	一世人	a55 ʃɐi33 jɐn21	aa1 sai3 jan4	一輩子2.1
981	三、時令時間（6）其他時間概念/一輩子	一世人	一世人	jɐt5 ʃɐi33 jɐn21	jat1 sai3 jan4	一輩子2.2
982	三、時令時間（6）其他時間概念/這輩子	今世	今世	kɐm55 ʃɐi33	gam1 sai3	這輩子1
983	三、時令時間（6）其他時間概念/這輩子	今世人	今世人	kɐm55 ʃɐi33 jɐn21	gam1 sai3 jan4	這輩子2
984	三、時令時間（6）其他時間概念/下輩子	第二世	第二世	tɐi22 ji22 ʃɐi33	dai6 ji6 sai3	下輩子
985	四、農業（1）農事/工	工	工	kʊŋ55	gung1	工1
986	四、農業（1）農事/工	工夫	工夫	kʊŋ55 fu55	gung1 fu1	工2
987	四、農業（1）農事/做工	做工	做工	tʃu33 kʊŋ55	zu3 gung1	做工1
988	四、農業（1）農事/做工	做農工	做农工	tʃu33 nʊŋ21 kʊŋ55	zu3 nung4 gung1	做工2
989	四、農業（1）農事/春耕	春耕	春耕	tʃʰɐn55 kɐŋ55	can1 gang1	春耕1.1
990	四、農業（1）農事/春耕	春耕	春耕	tʃʰɐn55 kaŋ55	can1 gaang1	春耕1.2
991	四、農業（1）農事/春耕	春耕	春耕	tʃʰyn55 kaŋ55	cyun1 gaang1	春耕1.3
992	四、農業（1）農事/夏收	夏收	夏收	ha22 ʃɐu55	haa6 sau1	夏收1
993	四、農業（1）農事/夏收	割禾	割禾	kɔt3 wɔ21	got3 wo4	夏收2
994	四、農業（1）農事/夏收夏種	夏收夏種	夏收夏种	ha22 ʃɐu55 ha22 tʃʊŋ33	haa6 sau1 haa6 zung3	夏收夏種1
995	四、農業（1）農事/夏收夏種	雙搶	双抢	ʃœŋ55 tʃʰœŋ35	soeng1 coeng2	夏收夏種2
996	四、農業（1）農事/秋收	秋收	秋收	tʃʰɐu55 ʃɐu55	cau1 sau1	秋收1
997	四、農業（1）農事/秋收	割禾	割禾	kɔt3 wɔ21	got3 wo4	秋收2
998	四、農業（1）農事/早秋	早造	早造	tʃu35 tʃu22	zu2 zu6	早秋
999	四、農業（1）農事/晚秋	晚造	晚造	man24 tʃu22	maan5 zu6	晚秋
1000	四、農業（1）農事/中稻季	中造	中造	tʃʊŋ55 tʃu22	zung1 zu6	中稻季
1001	四、農業（1）農事/過季節	過造	过造	kɔ33 tʃu22	go3 zu6	過季節1
1002	四、農業（1）農事/過季節	罷造	罢造	pa22 tʃu22	baa6 zu6	過季節2
1003	四、農業（1）農事/正當季節	當造	当造	tɔŋ55 tʃu22	dong1 zu6	正當季節
1004	四、農業（1）農事/月餅季節	月餅造	月饼造	jyt2 pɛŋ35 tʃu22	jyut6 beng2 zu6	月餅季節，吃月餅的旺季
1005	四、農業（1）農事/整地	鋤地	锄地	tʃʰɔ21 ti22	co4 di6	整地
1006	四、農業（1）農事/犁田	犁田	犁田	lɐi21 tʰin21	lai4 tin4	犁田1
1007	四、農業（1）農事/犁田	使田	使田	ʃɐi35 tʰin21	sai2 tin4	犁田2
1008	四、農業（1）農事/犁田	使牛	使牛	ʃɐi35 ŋɐu21	sai2 ngau4	犁田3
1009	四、農業（1）農事/犁田	耕田	耕田	kaŋ55 tʰin21	gaang1 tin4	犁田4
1010	四、農業（1）農事/犁田	種田	种田	tʃʊŋ33 tʰin21	zung3 tin4	犁田5
1011	四、農業（1）農事/種菜	種菜	种菜	tʃʊŋ33 tʃʰɔi33	zung3 coi3	種菜
1012	四、農業（1）農事/放牛	看牛	看牛	hɔn55 ŋɐu21 	hon1 ngau4	放牛1，牧牛
1013	四、農業（1）農事/放牛	睇牛	睇牛	tʰɐi35 ŋɐu21	tai2 ngau4	放牛2，牧牛
1014	四、農業（1）農事/浸	浸	浸	tʃɐm33	zam3	淹（被水～了）
1015	四、農業（1）農事/浸田	浸田	浸田	tʃɐm33 tʰin21	zam3 tin4	浸田，冬天犁過的田春天要泡軟纔能耙
1016	四、農業（1）農事/耙田	耙田	耙田	pʰa21 tʰin21	paa4 tin4	耙田
1017	四、農業（1）農事/整秧地	整秧地	整秧地	tʃeŋ35 jœŋ55 ti22	zing2 joeng1 di6	整秧地
1018	四、農業（1）農事/浸種	浸穀種	浸谷种	tʃɐm33 kʊk5 tʃʊŋ35	zam3 guk1 zung2	浸種
1019	四、農業（1）農事/（穀子）發芽	爆芽	爆芽	pɛu33 ŋa21	beu3 ngaa4	（穀子）發芽
1020	四、農業（1）農事/（植物）發芽	䅺芽	䅺芽	piu55 ŋa21	biu1 ngaa4	（植物）發芽
1021	四、農業（1）農事/下種	撒穀種	撒谷种	ɬat3 kʊk5 tʃʊŋ35	slaat3 guk1 zung2	下種1，播種
1022	四、農業（1）農事/下種	撒秧	撒秧	ɬat3 jœŋ55	slaat3 joeng1	下種2，播種
1023	四、農業（1）農事/下種	撒種	撒种	ɬat3 tʃʊŋ35	slaat3 zung2	下種3，播種
1024	四、農業（1）農事/拔秧	絣秧	絣秧	mɐŋ55 jœŋ55	mang1 joeng1	拔秧
1025	四、農業（1）農事/拔秧	掹秧	掹秧	mɐŋ55 jœŋ55	mang1 joeng1	拔秧，同「絣秧」
1026	四、農業（1）農事/插秧	插田	插田	tʃʰɛp3 tʰin21	cep3 tin4	插秧1.1
1027	四、農業（1）農事/插秧	插田	插田	tʃʰap3 tʰin21	caap3 tin4	插秧1.2
1028	四、農業（1）農事/插秧	插秧	插秧	tʃʰɛp3 jœŋ55	cep3 joeng1	插秧2.1
1029	四、農業（1）農事/插秧	插秧	插秧	tʃʰap3 jœŋ55	caap3 joeng1	插秧2.2
1030	四、農業（1）農事/薅草	鋤草	锄草	tʃʰɔ21 tʃʰu35	co4 cu2	薅草1
1031	四、農業（1）農事/薅草	除草	除草	tʃʰy21 tʃʰu35	cyu4 cu2	薅草2
1032	四、農業（1）農事/耘田	耘田	耘田	wɐn21 tʰin21	wan4 tin4	耘田1
1033	四、農業（1）農事/耘田	薅田	薅田	hu55 tʰin21	hu1 tin4	耘田2
1034	四、農業（1）農事/稻穗	穀線	谷线	kʊk5 ɬin33	guk1 slin3	稻穗1
1035	四、農業（1）農事/稻穗	禾線	禾线	wɔ21 ɬin33	wo4 slin3	稻穗2
1036	四、農業（1）農事/稻穗	穀串	谷串	kʊk5 tʃʰyn33	guk1 cyun3	稻穗3
1037	四、農業（1）農事/稻穗	禾串	禾串	wɔ21 tʃʰyn33	wo4 cyun3	稻穗4
1038	四、農業（1）農事/麥穗	麥線	麦线	mɐk2 ɬin33	mak6 slin3	麥穗1
1039	四、農業（1）農事/麥穗	麥串	麦串	mɐk2 tʃʰyn33	mak6 cyun3	麥穗2
1040	四、農業（1）農事/揚花	揚花	扬花	jœŋ21 fa55	joeng4 faa1	揚花1
1041	四、農業（1）農事/揚花	㫰花	㫰花	lɔŋ22 fa55	long6 faa1	揚花2
1042	四、農業（1）農事/（穀）結實	納米	纳米	nap2 mɐi24	naap6 mai5	（穀）結實1
1043	四、農業（1）農事/（穀）結實	結米	结米	kit3 mɐi24	git3 mai5	（穀）結實2
1044	四、農業（1）農事/割稻子	割谷	割谷	kɔt3 kʊk5	got3 guk1	割稻子1
1045	四、農業（1）農事/割稻子	割禾	割禾	kɔt3 wɔ21	got3 wo4	割稻子2
1046	四、農業（1）農事/割稻子	收穀	收谷	ʃɐu55 kʊk5	sau1 guk1	割稻子3
1047	四、農業（1）農事/割麥子	割麥	割麦	kɔt3 mɐk2	got3 mak6	割麥子
1048	四、農業（1）農事/打場	摙谷	摙谷	lɛn33 kʊk5	len3 guk1	打場1，把稻穀收回曬場上用牛拉石滾脫粒
1049	四、農業（1）農事/打場	搪禾	搪禾	tʰɔŋ21 wɔ21	tong4 wo4	打場2
1050	四、農業（1）農事/穀桶	穀桶	谷桶	kʊk5 tʰʊŋ35	guk1 tung2	穀桶，打穀用木桶
1051	四、農業（1）農事/摔穀	𢴬穀	𢴬谷	pan33 kʊk5	baan3 guk1	摔穀1，人工手甩脫粒
1052	四、農業（1）農事/摔穀	拂穀	拂谷	fat2 kʊk5	faat6 guk1	摔穀2，人工手甩脫粒
1053	四、農業（1）農事/場院	禾塘	禾塘	wɔ21 tʰɔŋ21	wo4 tong4	場院1
1054	四、農業（1）農事/場院	曬場	晒场	ʃai33 tʃʰœŋ21	saai3 coeng4	場院2
1055	四、農業（1）農事/場院	曬穀場	晒谷场	ʃai33 kʊk5 tʃʰœŋ21	saai3 guk1 coeng4	場院3
1056	四、農業（1）農事/曬穀	曬穀	晒谷	ʃai33 kʊk5	saai3 guk1	曬穀
1057	四、農業（1）農事/曬	曬	晒	ʃai33	saai3	曬（～糧食）
1058	四、農業（1）農事/穀耙	穀耙	谷耙	kʊk5 pʰa21	guk1 paa4	穀耙，刮除碎稻草的竹齒耙
1059	四、農業（1）農事/耥耙	耥耙	耥耙	tʰɔŋ35 pʰa21	tong2 paa4	耥耙，板刮，攏稻穀用
1060	四、農業（1）農事/打穀	打穀	打谷	ta35 kʊk5	daa2 guk1	打穀
1061	四、農業（1）農事/風穀	風穀	风谷	fʊŋ55 kʊk5	fung1 guk1	揚場
1062	四、農業（1）農事/簸穀	簸穀	簸谷	pɔ33 kʊk5	bo3 guk1	簸穀1，簸揚去糠秕或塵土
1063	四、農業（1）農事/簸穀	揚穀	扬谷	lɐŋ55 kʊk5	lang1 guk1	簸穀2
1064	四、農業（1）農事/簸穀	簸米	簸米	pɔ33 mɐi24	bo3 mai5	簸穀3
1065	四、農業（1）農事/碾米	車穀	车谷	tʃʰɛ55 kʊk5	ce1 guk1	碾米1
1066	四、農業（1）農事/碾米	車米	车米	tʃʰɛ55 mɐi24	ce1 mai5	碾米2
1067	四、農業（1）農事/篩米	篩米	筛米	ʃɐi55 mɐi24	sai1 mai5	篩米
1068	四、農業（1）農事/鋤地	钁地	镢地	kʷʰɐk5 ti22	kwak1 di6	鋤地1
1069	四、農業（1）農事/鋤地	鋤地	锄地	tʃʰɔ21 ti22	co4 di6	鋤地2
1070	四、農業（1）農事/鋤地	掘地	掘地	kʷɐt2 ti22	gwat6 di6	鋤地3
1071	四、農業（1）農事/鬆土	鬆泥	松泥	ɬʊŋ55 nɐi21	slung1 nai4	鬆土1
1072	四、農業（1）農事/鬆土	鬆根	松根	ɬʊŋ55 kɐn55	slung1 gan1	鬆土1
1073	四、農業（1）農事/培土	壅	壅	ʊŋ55	ung1	培土1
1074	四、農業（1）農事/培土	壅泥	壅泥	ʊŋ55 nɐi21	ung1 nai4	培土2
1075	四、農業（1）農事/施肥	放肥	放肥	fɔŋ33 fi21	fong3 fi4	施肥1
1076	四、農業（1）農事/施肥	放糞	放粪	fɔŋ33 fɐn33	fong3 fan3	施肥2
1077	四、農業（1）農事/施肥	壅肥	壅肥	ʊŋ55 fi21	ung1 fi4	施肥3
1078	四、農業（1）農事/施肥	施肥	施肥	ʃi55 fi21	si1 fi4	施肥4
1079	四、農業（1）農事/澆糞	淋糞	淋粪	lɐm21 fɐn33	lam4 fan3	澆糞
1080	四、農業（1）農事/糞坑	屎氹	屎氹	ʃi35 tʰɐm24	si2 tam5	糞坑1
1081	四、農業（1）農事/糞坑	糞坑	粪坑	fɐn33 haŋ55	fan3 haang1	糞坑2
1082	四、農業（1）農事/尿缸	尿缸	尿缸	niu22 kɔŋ55	niu6 gong1	尿缸
1083	四、農業（1）農事/積肥	攢糞	攒粪	tʃɐn35 fɐn33	zan2 fan3	積肥1
1084	四、農業（1）農事/積肥	攢肥	攒肥	tʃɐn35 fi21	zan2 fi4	積肥2
1085	四、農業（1）農事/積肥	攢牛屎	攒牛屎	tʃɐn35 ŋɐu21 ʃi35	zan2 ngau4 si2	積肥3
1086	四、農業（1）農事/積肥	攢豬屎	攒猪屎	tʃɐn35 tʃy55 ʃi35	zan2 zyu1 si2	積肥4
1087	四、農業（1）農事/拾糞	執···屎	执···屎	tʃɐp5···ʃi35	zap1···si2	拾糞
1088	四、農業（1）農事/糞肥	肥	肥	fi21	fi4	糞肥
1089	四、農業（1）農事/屎	屎	屎	ʃi35	si2	屎1，指人糞
1090	四、農業（1）農事/屎	㞎㞎	㞎㞎	pɛ21 pɛ35	be4 be2	屎2.1，指人糞，童語
1091	四、農業（1）農事/屎	㞎㞎	㞎㞎	pa21 pa35	baa4 baa2	屎2.2，指人糞，童語
1092	四、農業（1）農事/牛糞	牛屎	牛屎	ŋɐu21 ʃi35	ngau4 si2	牛糞
1093	四、農業（1）農事/牛欄糞	牛欄糞	牛栏粪	ŋɐu21 lan21 fɐn33	ngau4 laan4 fan3	牛欄糞
1094	四、農業（1）農事/豬糞	豬屎	猪屎	tʃy55 ʃi35	zyu1 si2	豬糞
1095	四、農業（1）農事/雞糞	雞屎	鸡屎	kɐi55 ʃi35	gai1 si2	雞糞1
1096	四、農業（1）農事/雞糞	麻糖雞屎	麻糖鸡屎	ma21 tʰɔŋ21 kɐi55 ʃi35	maa4 tong4 gai1 si2	雞糞2
1097	四、農業（1）農事/鴨糞	鴨屎	鸭屎	ap3 ʃi35	aap3 si2	鴨糞
1098	四、農業（1）農事/穢土	垃圾泥	垃圾泥	lap2 ɬap3 nɐi21	laap6 slaap3 nai4	穢土
1099	四、農業（1）農事/塘泥	塘泥	塘泥	tʰɔŋ21 nɐi21	tong4 nai4	塘泥
1100	四、農業（1）農事/灰	灰	灰	fui55	fui1	灰
1101	四、農業（1）農事/剷草皮	剷草皮	铲草皮	tʃʰɛn35 tʃʰu35 pʰi21	cen2 cu2 pi4	剷草皮，做肥料
1102	四、農業（1）農事/燒草皮	燒草皮	烧草皮	ʃiu55 tʃʰu35 pʰi21	siu1 cu2 pi4	燒草皮，做肥料
1103	四、農業（1）農事/草皮灰	草皮灰	草皮灰	tʃʰu35 pʰi21 fui55	cu2 pi4 fui1	草皮灰，做肥料
1104	四、農業（1）農事/搕草皮	搕草皮	搕草皮	ɐp5 tʃʰu35 pʰi21	ap1 cu2 pi4	搕草皮，把鏟好的草皮堆起漚肥
1105	四、農業（1）農事/花生麩	花生麩	花生麸	fa55 ʃaŋ55 fu55	faa1 saang1 fu1	花生麩
1106	四、農業（1）農事/澆水	淋水	淋水	lɐm21 ʃui35	lam4 sui2	澆水
1107	四、農業（1）農事/灌水	等田水	等田水	tɐŋ35 tʰin21 ʃui35	dang2 tin4 sui2	灌水，放水入田
1108	四、農業（1）農事/排水	開田水	开田水	hɔi55 tʰin21 ʃui35	hoi1 tin4 sui2	排水，把田水排出
1109	四、農業（1）農事/打水	挑水	挑水	tʰɛu35 ʃui35	teu2 sui2	打水
1110	四、農業（1）農事/接水	等水	等水	tɐŋ35 ʃui35	dang2 sui2	接水
1111	四、農業（1）農事/流水嘩嘩	水流吪吪	水流吪吪	ʃui35 lɐu21 fa21 fa21	sui2 lau4 faa4 faa4	流水嘩嘩
1112	四、農業（1）農事/水井	井	井	tʃɛŋ35	zeng2	水井1
1113	四、農業（1）農事/水井	水井	水井	ʃui35 tʃɛŋ35	sui2 zeng2	水井2
1114	四、農業（2）農具/桶	桶	桶	tʰʊŋ35	tung2	桶，統稱
1115	四、農業（2）農具/水桶	水桶	水桶	ʃui35 tʰʊŋ35	sui2 tung2	水桶
1116	四、農業（2）農具/飯桶	飯桶	饭桶	fan22 tʰʊŋ35	faan6 tung2	飯桶
1117	四、農業（2）農具/潲桶	潲桶	潲桶	ʃɛu33 tʰʊŋ35	seu3 tung2	潲桶
1118	四、農業（2）農具/屎桶	屎桶	屎桶	ʃi35 tʰʊŋ35	si2 tung2	屎桶
1119	四、農業（2）農具/尿桶	尿桶	尿桶	niu22 tʰʊŋ35	niu6 tung2	尿桶
1120	四、農業（2）農具/箍桶	箍桶	箍桶	kʰu55 tʰʊŋ35	ku1 tung2	箍桶（動賓）
1121	四、農業（2）農具/桶箍	桶箍	桶箍	tʰʊŋ35 kʰu55	tung2 ku1	桶箍
1122	四、農業（2）農具/桶底	桶䐁	桶䐁	tʰʊŋ35 tʊk5	tung2 duk1	桶底
1123	四、農業（2）農具/桶柄	桶柄	桶柄	tʰʊŋ35 pɛŋ33	tung2 beng3	桶柄，木桶手提或綁繩處
1124	四、農業（2）農具/水車	水車	水车	ʃui35 tʃʰɛ55	sui2 ce1	水車1
1125	四、農業（2）農具/水車	龍骨車	龙骨车	lʊŋ21 kʷɐt5 tʃʰɛ55	lung4 gwat1 ce1	水車2
1126	四、農業（2）農具/戽斗	戽斗	戽斗	fu33 tɐu35	fu3 dau2	戽斗
1127	四、農業（2）農具/戽水	戽水	戽水	fu33 ʃui35	fu3 sui2	戽水，也比喻爲他人創造條件
1128	四、農業（2）農具/大車	牛車	牛车	ŋɐu21 tʃʰɛ55	ngau4 ce1	大車，南方農村的大車一般用牛拉
1129	四、農業（2）農具/牛軛	牛軛	牛轭	ŋɐu21 ak3	ngau4 aak3	牛軛
1130	四、農業（2）農具/牛繩	牛索	牛索	ŋɐu21 ɬɔk3	ngau4 slok3	牛繩，牽牛的繩索
1131	四、農業（2）農具/牛籠嘴	牛口罩	牛口罩	ŋɐu21 hɐu35 tʃɛu33	ngau4 hau2 zeu3	牛籠嘴
1132	四、農業（2）農具/䪊頭	馬䪊頭	马𫖅头	ma24 lʊŋ21 tʰɐu21	maa5 lung4 tau4	䪊頭（籠頭），又作「馬籠頭」
1133	四、農業（2）農具/䪊頭	馬籠頭	马笼头	ma24 lʊŋ21 tʰɐu21	maa5 lung4 tau4	䪊頭（籠頭），同「馬䪊頭」
1134	四、農業（2）農具/馬掌	馬掌	马掌	ma24 tʃœŋ35	maa5 zoeng2	馬掌
1135	四、農業（2）農具/釘掌	打掌	打掌	ta35 tʃœŋ35	daa2 zoeng2	釘掌
1136	四、農業（2）農具/犁	犁	犁	lɐi21	lai4	犁
1137	四、農業（2）農具/犁身	犁母	犁母	lɐi21 mu24	lai4 mu5	犁身
1138	四、農業（2）農具/犁欛	犁欛	犁欛	lɐi21 pa33	lai4 baa3	犁欛1
1139	四、農業（2）農具/犁欛	犁手	犁手	lɐi21 ʃɐu35	lai4 sau2	犁欛2
1140	四、農業（2）農具/犁欛	犁尾	犁尾	lɐi21 mi24	lai4 mi5	犁欛3
1141	四、農業（2）農具/犁鏵	犁頭	犁头	lɐi21 tʰɐu21	lai4 tau4	犁鏵
1142	四、農業（2）農具/耙子	耙	耙	pʰa21	paa4	耙子
1143	四、農業（2）農具/耙身	耙母	耙母	pʰa21 mu24	paa4 mu5	耙身，插齒的木頭
1144	四、農業（2）農具/耙齒	耙齒	耙齿	pʰa21 tʃʰi35	paa4 ci2	耙齒
1145	四、農業（2）農具/耙把手	耙手	耙手	pʰa21 ʃɐu35	paa4 sau2	耙把手
1146	四、農業（2）農具/茓子	洞笪	洞笪	tʊŋ22 tat3	dung6 daat3	茓子1
1147	四、農業（2）農具/茓子	洞	洞	tʊŋ22	dung6	茓子2
1148	四、農業（2）農具/茓子	竹笪	竹笪	tʃʊk5 tat3	zuk1 daat3	茓子3
1149	四、農業（2）農具/茓子	穀圍	谷围	kʊk5 wɐi21	guk1 wai4	茓子4
1150	四、農業（2）農具/穀櫃	穀櫃	谷柜	kʊk5 kʷɐi22	guk1 gwai6	穀櫃，存放糧食的器具
1151	四、農業（2）農具/穀籠	穀籠	谷笼	kʊk5 lʊŋ21	guk1 lung4	穀籠，存放糧食的器具
1152	四、農業（2）農具/穀倉	穀倉	谷仓	kʊk5 tʃʰɔŋ55	guk1 cong1	穀倉
1153	四、農業（2）農具/扇車	風車	风车	fʊŋ55 tʃʰɛ55	fung1 ce1	扇車1
1154	四、農業（2）農具/扇車	風櫃	风柜	fʊŋ55 kʷɐi22	fung1 gwai6	扇車2
1155	四、農業（2）農具/石磙	石摙	石摙	ʃɛk2 lɛn33	sek6 len3	石磙1，圓柱形，用來軋穀物、平場地
1156	四、農業（2）農具/石磙	石碾	石碾	ʃɛk2 nɛn35	sek6 nen2	石磙2
1157	四、農業（2）農具/石磙	石𥕦	石磙	ʃɛk2 kʷɐn35	sek6 gwan2	石磙3
1158	四、農業（2）農具/礱	泥磨	泥磨	nɐi21 mɔ22	nai4 mo6	礱，脫去稻穀外皮的農具，用黃泥、竹片做成
1159	四、農業（2）農具/石磨	石磨	石磨	ʃɛk2 mɔ22	sek6 mo6	石磨
1160	四、農業（2）農具/磨盤	磨底	磨底	mɔ22 tɐi35	mo6 dai2	磨盤1
1161	四、農業（2）農具/磨盤	磨盤	磨盘	mɔ22 pʰun21	mo6 pun4	磨盤2
1162	四、農業（2）農具/磨頂	磨頂	磨顶	mɔ22 tɛŋ35	mo6 deng2	磨頂，磨盤上的圓石盤
1163	四、農業（2）農具/磨眼	磨窿	磨窿	mɔ22 lʊŋ55	mo6 lung1	磨眼，磨盤上的洞
1164	四、農業（2）農具/磨欛兒	磨手	磨手	mɔ22 ʃɐu35	mo6 sau2	磨欛兒1
1165	四、農業（2）農具/磨欛兒	磨柄	磨柄	mɔ22 pɛŋ33	mo6 beng3	磨欛兒2
1166	四、農業（2）農具/磨耳	磨耳	磨耳	mɔ22 ji24	mo6 ji5	磨耳，插磨欛的地方
1167	四、農業（2）農具/磨槽	磨槽	磨槽	mɔ22 tʃʰu21	mo6 cu4	磨槽，圍繞磨底座的環形槽
1168	四、農業（2）農具/磨臍兒	磨心	磨心	mɔ22 ɬɐm55	mo6 slam1	磨臍兒
1169	四、農業（2）農具/篩子	篩箕	筛箕	ʃɐi55 ki55	sai1 gi1	篩子1
1170	四、農業（2）農具/篩子	篩	筛	ʃɐi55	sai1	篩子2
1171	四、農業（2）農具/篩子	揚箕	扬箕	lɐŋ55 ki55	lang1 gi1	篩子3
1172	四、農業（2）農具/粗眼篩	粗篩	粗筛	tʃʰu55 ʃɐi55	cu1 sai1	粗眼篩
1173	四、農業（2）農具/細眼篩	幼篩	幼筛	jɐu33 ʃɐi55	jau3 sai1	細眼篩
1174	四、農業（2）農具/籮	籮斗	箩斗	lɔ21 tɐu35	lo4 dau2	籮，篩粉末狀細物用
1175	四、農業（2）農具/碓	碓	碓	tui33	dui3	碓
1176	四、農業（2）農具/碓房	碓屋	碓屋	tui33 ʊk5	dui3 uk1	碓房
1177	四、農業（2）農具/碓臼	碓坎	碓坎	tui33 hɐm35	dui3 ham2	碓臼
1178	四、農業（2）農具/搗碓	搗碓	捣碓	tu35 tui33	du2 dui3	搗碓
1179	四、農業（2）農具/石臼	舂坎	舂坎	tʃʰʊŋ55 hɐm35	cung1 ham2	石臼，舂米等用的石臼，一說本字「舂臽」
1180	四、農業（2）農具/舂杵	舂槌	舂槌	tʃʰʊŋ55 tʃʰui21	cung1 cui4	舂杵
1181	四、農業（2）農具/舂米	舂米	舂米	tʃʰʊŋ55 mɐi24	cung1 mai5	舂米
1182	四、農業（2）農具/釘鈀	釘鈀	钉钯	tɛŋ55 pʰa21	deng1 paa4	釘鈀1
1183	四、農業（2）農具/釘鈀	豬屎耙	猪屎耙	tʃy55 ʃi35 pʰa21	zyu1 si2 paa4	釘鈀2
1184	四、農業（2）農具/耥耙	耥耙	耥耙	tʰɔŋ35 pʰa21	tong2 paa4	耥耙，木製，攏穀子用
1185	四、農業（2）農具/鎬	十字鋤	十字锄	ʃɐp2 tʃi22 tʃʰɔ21	sap6 zi6 co4	鎬1.1
1186	四、農業（2）農具/鎬	十字鋤	十字锄	ʃɐp2 tsɿ22 tʃʰɔ21	sap6 zy6 co4	鎬1.2
1187	四、農業（2）農具/鎬	釘字鋤	钉字锄	tɛŋ55 tʃi22 tʃʰɔ21	deng1 zi6 co4	鎬2.1
1188	四、農業（2）農具/鎬	釘字鋤	钉字锄	tɛŋ55 tsɿ22 tʃʰɔ21	deng1 zy6 co4	鎬2.2
1189	四、農業（2）農具/鋤	鋤頭	锄头	tʃʰɔ21 tʰɐu21	co4 tau4	鋤1，統稱
1190	四、農業（2）農具/鋤	钁頭	镢头	kʷʰɐk5 tʰɐu21	kwak1 tau4	鋤2
1191	四、農業（2）農具/日字鋤	日字鋤	日字锄	jɐt2 tʃi22 tʃʰɔ21	jat6 zi6 co4	日字鋤
1192	四、農業（2）農具/闊口鋤	闊口鋤	阔口锄	fut3 hɐu35 tʃʰɔ21	fut3 hau2 co4	闊口鋤
1193	四、農業（2）農具/鍘刀	閘刀	闸刀	tʃap2 tu55	zaap6 du1	鍘刀
1194	四、農業（2）農具/鐮刀	鐮刀	镰刀	lim21 tu55	lim4 du1	鐮刀1
1195	四、農業（2）農具/鐮刀	禾鐮	禾镰	wɔ21 lim21	wo4 lim4	鐮刀2
1196	四、農業（2）農具/鐮刀	禾刀	禾刀	wɔ21 tu55	wo4 du1	鐮刀3
1197	四、農業（2）農具/鐮刀	手鐮	手镰	ʃɐu35 lim21	sau2 lim4	鐮刀4
1198	四、農業（2）農具/砍刀	柴刀	柴刀	tʃʰai21 tu55	caai4 du1	砍刀
1199	四、農業（2）農具/刀欛兒	刀柄	刀柄	tu55 pɛŋ33	du1 beng3	刀欛兒
1200	四、農業（2）農具/鐵鍁	鍬	锹	tʃʰiu55	ciu1	鐵鍁
1201	四、農業（2）農具/鏟	鏟	铲	tʃʰɛn35	cen2	鏟1
1202	四、農業（2）農具/鏟	洋鏟	洋铲	jœŋ21 tʃʰɛn35	joeng4 cen2	鏟2
1203	四、農業（2）農具/鏟	鐵鏟	铁铲	tʰit3 tʃʰɛn35	tit3 cen2	鏟3
1204	四、農業（2）農具/簸箕	簸箕	簸箕	pɔ33 ki55	bo3 gi1	簸箕1
1205	四、農業（2）農具/簸箕	擔箕	担箕	tam33 ki55	daam3 gi1	簸箕2，有梁的
1206	四、農業（2）農具/撮箕	篸箕	篸箕	tʃʰam35 ki55	caam2 gi1	撮箕1.1
1207	四、農業（2）農具/撮箕	篸箕	篸箕	tʃʰɛm35 ki55	cem2 gi1	撮箕1.2
1208	四、農業（2）農具/撮箕	垃圾篸	垃圾篸	lap2 ɬap3 tʃʰam35	laap6 slaap3 caam2	撮箕2.1
1209	四、農業（2）農具/撮箕	垃圾篸	垃圾篸	lap2 ɬap3 tʃʰɛm35	laap6 slaap3 cem2	撮箕2.2
1210	四、農業（2）農具/垃圾	垃圾	垃圾	lap2 ɬap3	laap6 slaap3	垃圾，本字「擸𢶍」
1211	四、農業（2）農具/筐	籮筐	箩筐	lɔ21 kʷʰaŋ55	lo4 kwaang1	筐1
1212	四、農業（2）農具/筐	笠	笠	lɐp5	lap1	筐2，疏眼筐
1213	四、農業（2）農具/籮	籮頭	箩头	lɔ21 tʰɐu21	lo4 tau4	籮
1214	四、農業（2）農具/簞	簞	箪	tan55	daan1	簞，較籮小，有蓋
1215	四、農業（2）農具/籃	籃	篮	lam21	laam4	籃子
1216	四、農業（2）農具/笸籮	㬍籮	㬍箩	pɔk3 lɔ21	bok3 lo4	笸籮，舊時裝針線碎布的筐
1217	四、農業（2）農具/扁擔	扁擔	扁担	pɛn35 tam33	ben2 daam3	扁擔1
1218	四、農業（2）農具/扁擔	擔竿	担竿	tam33 kɔn55	daam3 gon1	扁擔2
1219	四、農業（2）農具/扁擔	擔溼	担湿	tam33 ʃɐp5	daam3 sap1	扁擔3
1220	四、農業（2）農具/扁擔	擔潤	担润	tam33 jɐn35	daam3 jan2	扁擔4.1，「潤」避諱「竿/乾」
1221	四、農業（2）農具/扁擔	擔潤	担润	tam33 jyn35	daam3 jyun2	扁擔4.2，「潤」避諱「竿/乾」
1222	四、農業（2）農具/擔挑	擔挑	担挑	tam55 tʰiu55	daam1 tiu1	扁擔5
1223	四、農業（2）農具/禾釺	禾釺	禾钎	wɔ21 tʃʰim55	wo4 cim1	禾釺，兩頭尖的扁擔，挑稻子、茅草用
1224	四、農業（2）農具/挑擔子	擔擔	担担	tam55 tam33	daam1 daam3	挑擔子
1225	四、農業（2）農具/換肩	返膊	返膊	fan55 pɔk3	faan1 bok3	換肩
1226	四、農業（2）農具/膊布	膊布	膊布	pɔk3 pu33	bok3 bu3	膊布，挑擔時肩上的墊布
1227	四、農業（2）農具/掃帚	掃把	扫把	ɬu33 pa35	slu3 baa2	掃帚1，統稱
1228	四、農業（2）農具/掃帚	高粱掃	高粱扫	ku55 lœŋ21 ɬu33	gu1 loeng4 slu3	掃帚2
1229	四、農業（2）農具/骨掃	骨掃	骨扫	kʷɐt5 ɬu33	gwat1 slu3	骨掃，用一種灌木枝條做的掃把
1230	四、農業（2）農具/竹掃	竹掃	竹扫	tʃʊk5 ɬu33	zuk1 slu3	竹掃1，用竹枝紮成，掃場子、馬路用
1231	四、農業（2）農具/竹掃	棕掃	棕扫	tʃʊŋ55 ɬu33	zung1 slu3	竹掃2
1232	四、農業（2）農具/鍋帚	擦把	擦把	tʃʰat3 pa35	caat3 baa2	鍋帚
1233	四、農業（2）農具/鍋帚	刷把	刷把	tʃʰat3 pa35	caat3 baa2	鍋帚
1234	四、農業（2）農具/墩布	拖把	拖把	tʰɔ55 pa35	to1 baa2	墩布
1235	四、農業（2）農具/擦地板	拖地	拖地	tʰɔ55 ti22	to1 di6	擦地板
1236	四、農業（2）農具/六六六（γ-六氯環己烷）	六六炮	六六炮	lʊk2 lʊk2 pʰɛu33	luk6 luk6 peu3	六六六1（γ-六氯環己烷），舊時的一種殺蟲劑，有劇毒，現已禁用，因大量燃燒時似鞭炮得名
1237	四、農業（2）農具/六六六（γ-六氯環己烷）	六六粉	六六粉	lʊk2 lʊk2 fɐn35	luk6 luk6 fan2	六六六2（γ-六氯環己烷）
1238	四、農業（2）農具/滴滴涕（二對氯苯基三氯乙烷）	滴涕粉	滴涕粉	tek5 tʰɐi33 fɐn35	dik1 tai3 fan2	滴滴涕（二對氯苯基三氯乙烷），舊時的一種殺蟲劑，因容易造成環境污染，現已停產和使用，英語DDT
1239	五、植物（1）農作物/莊稼	六作	六作	lʊk2 tʃɔk3	luk6 zok3	莊稼
1240	五、植物（1）農作物/糧食	糧食	粮食	lœŋ21 ʃek2	loeng4 sik6	糧食1
1241	五、植物（1）農作物/糧食	穀米	谷米	kʊk5 mɐi24	guk1 mai5	糧食2
1242	五、植物（1）農作物/五穀	五穀	五谷	ŋ̍24 kʊk5	ng5 guk1	五穀
1243	五、植物（1）農作物/雜糧	雜糧	杂粮	tʃap2 lœŋ21	zaap6 loeng4	雜糧
1244	五、植物（1）農作物/麥	麥	麦	mɐk2	mak6	麥
1245	五、植物（1）農作物/蕎麥	三角麥	三角麦	ɬam55 kɔk3 mɐk2	slaam1 gok3 mak6	蕎麥
1246	五、植物（1）農作物/燕麥	燕麥	燕麦	jin33 mɐk2	jin3 mak6	燕麥
1247	五、植物（1）農作物/莜麥	油麥	油麦	jɐu21 mɐk2	jau4 mak6	莜麥
1248	五、植物（1）農作物/藜麥	藜麥	藜麦	lɐi21 mɐk2	lai4 mak6	藜麥
1249	五、植物（1）農作物/小米兒	黃細米	黄细米	wɔŋ21 ɬɐi33 mɐi24	wong4 slai3 mai5	小米兒1
1250	五、植物（1）農作物/小米兒	黃粟米	黄粟米	wɔŋ21 ɬʊk5 mɐi24	wong4 sluk1 mai5	小米兒2
1251	五、植物（1）農作物/穀子	狗尾粟	狗尾粟	kɐu35 mi24 ɬʊk5	gau2 mi5 sluk1	穀子（指植株）
1252	五、植物（1）農作物/䊲	䊲	䊲	tʃʰan35	caan2	䊲，植株類似穀子，子實略帶紅色
1253	五、植物（1）農作物/玉米	玉米	玉米	jy22 mɐi24	jyu6 mai5	玉米1，本字「御米」
1254	五、植物（1）農作物/玉米	包粟	包粟	pau55 ɬʊk5	baau1 sluk1	玉米2.1
1255	五、植物（1）農作物/玉米	包粟	包粟	pɛu55 ɬʊk5	beu1 sluk1	玉米2.2
1256	五、植物（1）農作物/玉米粒	玉米粒	玉米粒	jy22 mɐi24 nɐp5	jyu6 mai5 nap1	玉米粒1
1257	五、植物（1）農作物/玉米粒	玉米	玉米	jy22 mɐi24	jyu6 mai5	玉米粒2
1258	五、植物（1）農作物/糯玉米	糯玉米	糯玉米	nɔ22 jy22 mɐi24	no6 jyu6 mai5	糯玉米
1259	五、植物（1）農作物/甜玉米	甜玉米	甜玉米	tʰim21 jy22 mɐi24	tim4 jyu6 mai5	甜玉米
1260	五、植物（1）農作物/玉米碴兒	玉米頭	玉米头	jy22 mɐi24 tʰɐu21	jyu6 mai5 tau4	玉米碴兒
1261	五、植物（1）農作物/玉米麪	玉米粉	玉米粉	jy22 mɐi24 fɐn35	jyu6 mai5 fan2	玉米麪
1262	五、植物（1）農作物/高粱	高粱	高粱	ku55 lœŋ21	gu1 loeng4	高粱
1263	五、植物（1）農作物/稻	禾	禾	wɔ21	wo4	稻（植株）
1264	五、植物（1）農作物/稻子	穀	谷	kʊk5	guk1	稻子（子實）
1265	五、植物（1）農作物/早稻	早造	早造	tʃu35 tʃu22	zu2 zu6	早稻
1266	五、植物（1）農作物/晚稻	晚造	晚造	man24 tʃu22	maan5 zu6	晚稻
1267	五、植物（1）農作物/中造	中造	中造	tʃʊŋ55 tʃu22	zung1 zu6	中造，只種一季，在早稻之後
1268	五、植物（1）農作物/稗子	稗	稗	pai22	baai6	稗子1.1
1269	五、植物（1）農作物/稗子	稗	稗	pɐi35	bai2	稗子1.2
1270	五、植物（1）農作物/稗子	稗子	稗子	pai22 tʃi35	baai6 zi2	稗子2.1
1271	五、植物（1）農作物/稗子	稗子	稗子	pai22 tsɿ35	baai6 zy2	稗子2.2
1272	五、植物（1）農作物/納穀	納穀	纳谷	nap2 kʊk5	naap6 guk1	納穀，飽滿的穀子
1273	五、植物（1）農作物/秕子	稃穀	稃谷	pʰɛu21 kʊk5	peu4 guk1	秕子1，秕穀
1274	五、植物（1）農作物/秕子	埝穀	埝谷	nɛp5 kʊk5	nep1 guk1	秕子2，秕穀，罕用
1275	五、植物（1）農作物/穀殼	穀甲	谷甲	kʊk5 lɛp3	guk1 lep3	穀殼1，舊時用來作燃料
1276	五、植物（1）農作物/穀殼	甲	甲	lɛp3	lep3	穀殼2，源自「孚甲」，《釋名·釋天》甲，孚甲也，萬物解孚甲而生也
1277	五、植物（1）農作物/糠	糠	糠	hɔŋ55	hong1	糠1
1278	五、植物（1）農作物/糠	雞糠	鸡糠	kɐi55 hɔŋ55	gai1 hong1	糠2
1279	五、植物（1）農作物/粗糠	粗糠	粗糠	tʃʰu55 hɔŋ55	cu1 hong1	粗糠，用穀殼磨成
1280	五、植物（1）農作物/細糠	幼糠	幼糠	jɐu33 hɔŋ55	jau3 hong1	幼糠，帶有米皮、碎米
1281	五、植物（1）農作物/米	米	米	mɐi24	mai5	米
1282	五、植物（1）農作物/糯米	糯米	糯米	nɔ22 mɐi24	no6 mai5	糯米1
1283	五、植物（1）農作物/糯米	大糯	大糯	tai22 nɔ22	daai6 no6	糯米2，米粒大
1284	五、植物（1）農作物/糯米	細糯	细糯	ɬɐi33 nɔ22	slai3 no6	糯米3，米粒小
1285	五、植物（1）農作物/糯米	黑糯	黑糯	hɐk5 nɔ22	hak1 no6	糯米4
1286	五、植物（1）農作物/糯米	香糯	香糯	hœŋ55 nɔ22	hoeng1 no6	糯米5
1287	五、植物（1）農作物/大米	米	米	mɐi24	mai5	大米，統稱
1288	五、植物（1）農作物/秈米	粘米	粘米	tʃim55 mɐi24	zim1 mai5	秈米，相對糯米而言，也作「占米、尖米」
1289	五、植物（1）農作物/大米	大米	大米	tai22 mɐi24	daai6 mai5	大米，米粒較大，多爲早造米
1290	五、植物（1）農作物/細米	細米	细米	ɬɐi33 mɐi24	slai3 mai5	細米，米粒較小，細長
1291	五、植物（1）農作物/油粘細米	油粘細米	油粘细米	jɐu21 tʃim55 ɬɐi33 mɐi24	jau4 zim1 slai3 mai5	油粘細米，粘稻碾出的一種細長，煮熟後非常柔軟的米
1292	五、植物（1）農作物/紅米	紅米	红米	hʊŋ21 mɐi24	hung4 mai5	紅米
1293	五、植物（1）農作物/黑米	黑米	黑米	hɐk5 mɐi24	hak1 mai5	黑米
1294	五、植物（1）農作物/薏米	薏米	薏米	ji33 mɐi24	ji3 mai5	薏米，常用來煮粥或煮湯，見1985年《廣西特產風味指南》P24-25
1295	五、植物（1）農作物/早稻米	早造米	早造米	tʃu35 tʃu22 mɐi24	zu2 zu6 mai5	早稻米
1296	五、植物（1）農作物/晚稻米	晚造米	晚造米	man24 tʃu22 mɐi24	maan5 zu6 mai5	晚稻米
1297	五、植物（1）農作物/粳米	粳米	粳米	kɐŋ55 mɐi24	gang1 mai5	粳米1.1，北方產
1298	五、植物（1）農作物/粳米	粳米	粳米	kaŋ55 mɐi24	gaang1 mai5	粳米1.2，北方產
1299	五、植物（1）農作物/糙米	糙米	糙米	tʃʰu33 mɐi24	cu3 mai5	糙米
1300	五、植物（1）農作物/新米	新米	新米	ɬɐn55 mɐi24	slan1 mai5	新米，當年產的米
1301	五、植物（1）農作物/陳米	舊米	旧米	kɐu22 mɐi24	gau6 mai5	陳米
1302	五、植物（1）農作物/二號米	二號米	二号米	ji22 hu22 mɐi24	ji6 hu6 mai5	二號米，糧食配給時期節日供應的大米
1303	五、植物（1）農作物/三號米	三號米	三号米	ɬam55 hu21 mɐi24	slaam1 hu4 mai5	三號米，糧食配給時期正常供應的大米
1304	五、植物（1）農作物/棉花	棉花	棉花	min21 fa55	min4 faa1	棉花
1305	五、植物（1）農作物/棉花桃兒	棉桃	棉桃	min21 tʰu21	min4 tu4	棉花桃兒
1306	五、植物（1）農作物/麻	黃麻	黄麻	wɔŋ21 ma21	wong4 maa4	麻
1307	五、植物（1）農作物/麻稈	麻梗	麻梗	ma21 kʷaŋ35	maa4 gwaang2	麻稈1.1
1308	五、植物（1）農作物/麻稈	麻梗	麻梗	ma21 kʷʰaŋ35	maa4 kwaang2	麻稈1.2
1309	五、植物（1）農作物/麻稈	麻骨	麻骨	ma21 kʷɐt5	maa4 gwat1	麻稈2
1310	五、植物（1）農作物/麻稈	麻稈	麻秆	ma21 kɔn35	maa4 gon2	麻稈3
1311	五、植物（1）農作物/麻葉	麻葉	麻叶	ma21 jip2	maa4 jip6	麻葉1，黃麻的嫩葉，可食
1312	五、植物（1）農作物/麻葉	麻葉菜	麻叶菜	ma21 jip2 tʃʰɔi33	maa4 jip6 coi3	麻葉2
1313	五、植物（1）農作物/麻繩	麻繩	麻绳	ma21 ʃeŋ21	maa4 sing4	麻繩1
1314	五、植物（1）農作物/麻繩	索	索	ɬɔk3	slok3	麻繩2
1315	五、植物（1）農作物/刮麻凳	刮麻凳	刮麻凳	kʷɛt3 ma21 tɐŋ33	gwet3 maa4 dang3	刮麻凳，一邊高一邊低
1316	五、植物（1）農作物/麻袋	麻包袋	麻包袋	ma21 pɛu55 tɔi22	maa4 beu1 doi6	麻袋1
1317	五、植物（1）農作物/麻袋	麻包	麻包	ma21 pɛu55	maa4 beu1	麻袋2
1318	五、植物（1）農作物/爛麻袋	爛麻包	烂麻包	lan22 ma21 pɛu55	laan6 maa4 beu1	爛麻袋，喻指作風不正派的女人
1319	五、植物（1）農作物/苧麻	苧麻	苎麻	tʃʰy24 ma21	cyu5 maa4	苧麻
1320	五、植物（1）農作物/蓖麻	蓖麻	蓖麻	pi55 ma21	bi1 maa4	蓖麻
1321	五、植物（1）農作物/績麻	緝麻	缉麻	tʃʰɐp5 ma21	cap1 maa4	績麻
1322	五、植物（1）農作物/劍麻	劍麻	剑麻	kim33 ma21	gim3 maa4	劍麻
1323	五、植物（1）農作物/芝麻	芝麻	芝麻	tʃi55 ma21	zi1 maa4	芝麻
1324	五、植物（1）農作物/黑芝麻	黑芝麻	黑芝麻	hɐk5 tʃi55 ma21	hak1 zi1 maa4	黑芝麻
1325	五、植物（1）農作物/白芝麻	白芝麻	白芝麻	pak2 tʃi55 ma21	baak6 zi1 maa4	白芝麻
1326	五、植物（1）農作物/向日葵	向日葵	向日葵	hœŋ33 jɐt2 kʷʰɐi21	hoeng3 jat6 kwai4	向日葵1
1327	五、植物（1）農作物/向日葵	葵花	葵花	kʷʰɐi21 fa55	kwai4 faa1	向日葵2
1328	五、植物（1）農作物/葵花子兒	葵瓜子	葵瓜子	kʷʰɐi21 kʷa55 tʃi35	kwai4 gwaa1 zi2	葵花子兒1.1
1329	五、植物（1）農作物/葵花子兒	葵瓜子	葵瓜子	kʷʰɐi21 kʷa55 tsɿ35	kwai4 gwaa1 zy2	葵花子兒1.2
1330	五、植物（1）農作物/甘薯	番薯	番薯	fan55 ʃy21	faan1 syu4	甘薯
1331	五、植物（1）農作物/白番薯	白番薯	白番薯	pak2 fan55 ʃy21	baak6 faan1 syu4	白番薯
1332	五、植物（1）農作物/紅番薯	紅番薯	红番薯	hʊŋ21 fan55 ʃy21	hung4 faan1 syu4	紅番薯
1333	五、植物（1）農作物/紫番薯	紫番薯	紫番薯	tʃi35 fan55 ʃy21	zi2 faan1 syu4	紫番薯1.1
1334	五、植物（1）農作物/紫番薯	紫番薯	紫番薯	tsɿ35 fan55 ʃy21	zy2 faan1 syu4	紫番薯1.2
1335	五、植物（1）農作物/黃心番薯	黃心番薯	黄心番薯	wɔŋ21 ɬɐm55 fan55 ʃy21	wong4 slam1 faan1 syu4	黃心番薯
1336	五、植物（1）農作物/花心番薯	花心番薯	花心番薯	fa55 ɬɐm55 fan55 ʃy21	faa1 slam1 faan1 syu4	花心番薯
1337	五、植物（1）農作物/蘇聯薯	蘇聯薯	苏联薯	ɬu55 lin21 ʃy21	slu1 lin4 syu4	蘇聯薯
1338	五、植物（1）農作物/生沙蝨	生沙蝨	生沙虱	ʃaŋ55 ʃa55 ʃɐt5	saang1 saa1 sat1	生沙蝨，紅薯着蟲或變壞
1339	五、植物（1）農作物/大番薯	大番薯	大番薯	tai22 fan55 ʃy21	daai6 faan1 syu4	大番薯，喻指蠢笨的人
1340	五、植物（1）農作物/土豆	馬鈴薯	马铃薯	ma24 leŋ21 ʃy21	maa5 ling4 syu4	土豆
1341	五、植物（1）農作物/芋（指植物）	芋頭	芋头	wu22 tʰɐu21	wu6 tau4	芋（指植物）,「芋」字易受後字調類化爲陽平
1342	五、植物（1）農作物/芋頭（芋塊莖）	芋頭	芋头	wu22 tʰɐu21	wu6 tau4	芋頭（芋塊莖）,「芋」字易受後字調類化爲陽平
1343	五、植物（1）農作物/檳榔芋	檳榔芋	槟榔芋	pɐn55 lɔŋ21 wu22	ban1 long4 wu6	檳榔芋
1344	五、植物（1）農作物/荔浦芋	荔浦芋	荔浦芋	lɐi22 pʰu35 wu22	lai6 pu2 wu6	荔浦芋，見1985年《廣西特產風味指南》P21-22
1345	五、植物（1）農作物/芋頭母	芋頭乸	芋头乸	wu22 tʰɐu21 na35	wu6 tau4 naa2	芋頭母，主塊根
1346	五、植物（1）農作物/芋頭子	芋頭崽	芋头崽	wu22 tʰɐu21 tʃɐi35	wu6 tau4 zai2	芋頭子，芋艿
1347	五、植物（1）農作物/芋頭子	芋頭仔	芋头仔	wu22 tʰɐu21 tʃɐi35	wu6 tau4 zai2	芋頭子，芋艿，同「芋頭崽」
1348	五、植物（1）農作物/芋泥	芋茸	芋茸	wu22 jʊŋ21	wu6 jung4	芋泥
1349	五、植物（1）農作物/芋葉莖	芋蒙	芋蒙	wu22 mʊŋ21	wu6 mung4	芋葉莖，可食
1350	五、植物（1）農作物/醃酸的芋莖	酸蒙	酸蒙	ɬyn55 mʊŋ21	slyun1 mung4	醃酸的芋莖
1351	五、植物（1）農作物/魔芋	番鬼芋	番鬼芋	fan55 kʷɐi35 wu22	faan1 gwai2 wu6	魔芋1
1352	五、植物（1）農作物/魔芋	芭蕉芋	芭蕉芋	pa55 tʃiu55 wu22	baa1 ziu1 wu6	魔芋2
1353	五、植物（1）農作物/木薯	木薯	木薯	mʊk2 ʃy21	muk6 syu4	木薯，有微毒，浸泡去毒纔能食用，主要用作澱粉原料
1354	五、植物（1）農作物/麪包木薯	麪包木薯	面包木薯	min22 pau55 mʊk2 ʃy21	min6 baau1 muk6 syu4	麪包木薯1.1，無毒，食用
1355	五、植物（1）農作物/麪包木薯	麪包木薯	面包木薯	min22 pɛu55 mʊk2 ʃy21	min6 beu1 muk6 syu4	麪包木薯1.2，無毒，食用
1356	五、植物（1）農作物/慈姑	慈姑	慈姑	tʃʰi21 ku55	ci4 gu1	慈姑1.1
1357	五、植物（1）農作物/慈姑	慈姑	慈姑	tsʰɿ21 ku55	cy4 gu1	慈姑1.2
1358	五、植物（1）農作物/山藥	淮山	淮山	wai21 ʃan55	waai4 saan1	山藥
1359	五、植物（1）農作物/腳板薯	腳板薯	脚板薯	kœk3 pan35 ʃy21	goek3 baan2 syu4	腳板薯1
1360	五、植物（1）農作物/腳板薯	大腳薯	大脚薯	tai22 kœk3 ʃy21	daai6 goek3 syu4	腳板薯2
1361	五、植物（1）農作物/涼薯	葛薯	葛薯	kɔt3 ʃy21	got3 syu4	涼薯
1362	五、植物（1）農作物/葛根	葛	葛	kɔt3	got3	葛根1
1363	五、植物（1）農作物/葛根	粉葛	粉葛	fɐn35 kɔt3	fan2 got3	葛根2
1364	五、植物（1）農作物/藕	藕	藕	ŋɐu24	ngau5	藕1
1365	五、植物（1）農作物/藕	蓮藕	莲藕	lin21 ŋɐu24	lin4 ngau5	藕2
1366	五、植物（1）農作物/蓬藕	蓬藕	蓬藕	mʊŋ55 ŋɐu24	mung1 ngau5	蓬藕，很麪的藕，煲湯用
1367	五、植物（1）農作物/炒藕	炒藕	炒藕	tʃʰɛu35 ŋɐu24	ceu2 ngau5	炒藕（嫩藕，炒食）
1368	五、植物（1）農作物/藕節	藕節	藕节	ŋɐu24 tʃit3	ngau5 zit3	藕節，用鹽漬，治咽喉痛
1369	五、植物（1）農作物/蓮子	蓮子	莲子	lin21 tʃi35	lin4 zi2	蓮子1.1
1370	五、植物（1）農作物/蓮子	蓮子	莲子	lin21 tsɿ35	lin4 zy2	蓮子1.2
1371	五、植物（1）農作物/紅蓮子	紅蓮子	红莲子	hʊŋ21 lin21 tʃi35	hung4 lin4 zi2	紅蓮子1.1
1372	五、植物（1）農作物/紅蓮子	紅蓮子	红莲子	hʊŋ21 lin21 tsɿ35	hung4 lin4 zy2	紅蓮子1.2
1373	五、植物（1）農作物/白蓮子	白蓮子	白莲子	pak2 lin21 tʃi35	baak6 lin4 zi2	白蓮子1.1
1374	五、植物（1）農作物/白蓮子	白蓮子	白莲子	pak2 lin21 tsɿ35	baak6 lin4 zy2	白蓮子1.2
1375	五、植物（2）豆類、菜蔬/黃豆	黃豆	黄豆	wɔŋ21 tɐu22	wong4 dau6	黃豆
1376	五、植物（2）豆類、菜蔬/綠豆	綠豆	绿豆	lʊk2 tɐu22	luk6 dau6	綠豆
1377	五、植物（2）豆類、菜蔬/黑豆	黑豆	黑豆	hɐk5 tɐu22	hak1 dau6	黑豆
1378	五、植物（2）豆類、菜蔬/紅小豆	紅豆	红豆	hʊŋ21 tɐu22	hung4 dau6	紅小豆
1379	五、植物（2）豆類、菜蔬/竹豆	竹豆	竹豆	tʃʊk5 tɐu22	zuk1 dau6	竹豆
1380	五、植物（2）豆類、菜蔬/飯豆	飯豆	饭豆	fan22 tɐu22	faan6 dau6	飯豆，一般指白的
1381	五、植物（2）豆類、菜蔬/黑飯豆	黑飯豆	黑饭豆	hɐk5 fan22 tɐu22	hak1 faan6 dau6	黑飯豆
1382	五、植物（2）豆類、菜蔬/豌豆	蘭豆	兰豆	lan55 tɐu22	laan1 dau6	豌豆1
1383	五、植物（2）豆類、菜蔬/豌豆	荷蘭豆	荷兰豆	hɔ21 lan55 tɐu22	ho4 laan1 dau6	豌豆2
1384	五、植物（2）豆類、菜蔬/冬豆	冬豆	冬豆	tʊŋ55 tɐu22	dung1 dau6	冬豆，豌豆仁
1385	五、植物（2）豆類、菜蔬/豇豆	豆角	豆角	tɐu22 kɔk3	dau6 gok3	豇豆1
1386	五、植物（2）豆類、菜蔬/豇豆	四月豆	四月豆	ɬi33 jyt2 tɐu22	sli3 jyut6 dau6	豇豆2，早熟的豇豆
1387	五、植物（2）豆類、菜蔬/豇豆	八月豆	八月豆	pɛt3 jyt2 tɐu22	bet3 jyut6 dau6	豇豆3，遲熟的豇豆
1388	五、植物（2）豆類、菜蔬/豇豆葉	豆角葉	豆角叶	tɐu22 kɔk3 jip2	dau6 gok3 jip6	豇豆葉，豇豆的嫩葉，可作蔬菜
1389	五、植物（2）豆類、菜蔬/蠶豆	蠶豆	蚕豆	tʃʰam21 tɐu22	caam4 dau6	蠶豆1.1
1390	五、植物（2）豆類、菜蔬/蠶豆	蠶豆	蚕豆	tʃʰan21 tɐu22	caan4 dau6	蠶豆1.2，俗讀
1391	五、植物（2）豆類、菜蔬/荷包豆	荷包豆	荷包豆	hɔ21 pɛu55 tɐu22	ho4 beu1 dau6	荷包豆
1392	五、植物（2）豆類、菜蔬/貓豆	貓豆	猫豆	mɛu55 tɐu22	meu1 dau6	貓豆，微毒，浸泡去毒食用
1393	五、植物（2）豆類、菜蔬/刀豆	刀豆	刀豆	tu55 tɐu22	du1 dau6	刀豆，一種食用豆，植株爲一年生蔓莖草本。莢果刀形，似皁角，青綠色，種子大，腎形，紅色或褐色。嫩莢果用於醃製酸菜，成熟的果與莢均可入藥。舊時南寧罐頭食品廠生產的象山牌青刀豆罐頭很出名，見1985年《廣西特產風味指南》P95-97
1394	五、植物（2）豆類、菜蔬/四季豆（芸荳、菜豆）	四季豆	四季豆	ɬi33 kʷɐi33 tɐu22	sli3 gwai3 dau6	四季豆（芸荳、菜豆）
1395	五、植物（2）豆類、菜蔬/扁豆	扁豆	扁豆	pɛn35 tɐu22	ben2 dau6	扁豆
1396	五、植物（2）豆類、菜蔬/毛豆	毛豆	毛豆	mu21 tɐu22	mu4 dau6	毛豆，未成熟的嫩黃豆
1397	五、植物（2）豆類、菜蔬/鷹嘴豆	鷹嘴豆	鹰嘴豆	jeŋ55 tʃui35 tɐu22	jing1 zui2 dau6	鷹嘴豆，中國主產地在新疆
1398	五、植物（2）豆類、菜蔬/豆芽	豆芽	豆芽	tɐu22 ŋa21	dau6 ngaa4	豆芽，統稱
1399	五、植物（2）豆類、菜蔬/綠豆芽	綠豆芽	绿豆芽	lʊk2 tɐu22 ŋa21	luk6 dau6 ngaa4	綠豆芽
1400	五、植物（2）豆類、菜蔬/黃豆芽	黃豆芽	黄豆芽	wɔŋ21 tɐu22 ŋa21	wong4 dau6 ngaa4	黃豆芽
1401	五、植物（2）豆類、菜蔬/黑豆芽	黑豆芽	黑豆芽	hɐk5 tɐu22 ŋa21	hak1 dau6 ngaa4	黑豆芽
1402	五、植物（2）豆類、菜蔬/花生芽	花生芽	花生芽	fa55 ʃaŋ55 ŋa21	faa1 saang1 ngaa4	花生芽
1403	五、植物（2）豆類、菜蔬/茄子	茄瓜	茄瓜	kʰɛ21 kʷa55	ke4 gwaa1	茄子1
1404	五、植物（2）豆類、菜蔬/茄子	矮瓜	矮瓜	ɐi35 kʷa55	ai2 gwaa1	茄子2
1405	五、植物（2）豆類、菜蔬/黃瓜	黃瓜	黄瓜	wɔŋ21 kʷa55	wong4 gwaa1	黃瓜1，統稱
1406	五、植物（2）豆類、菜蔬/黃瓜	青瓜	青瓜	tʃʰɛŋ55 kʷa55	ceng1 gwaa1	黃瓜2
1407	五、植物（2）豆類、菜蔬/本地黃瓜	本地黃瓜	本地黄瓜	pun35 ti22 wɔŋ21 kʷa55	bun2 di6 wong4 gwaa1	本地黃瓜
1408	五、植物（2）豆類、菜蔬/刺黃瓜	刺黃瓜	刺黄瓜	tʃʰi33 wɔŋ21 kʷa55	ci3 wong4 gwaa1	刺黃瓜1.1，有刺，較長
1409	五、植物（2）豆類、菜蔬/刺黃瓜	刺黃瓜	刺黄瓜	tsʰɿ33 wɔŋ21 kʷa55	cy3 wong4 gwaa1	刺黃瓜1.2
1410	五、植物（2）豆類、菜蔬/刺黃瓜	刺簕瓜	刺簕瓜	tʃʰi33 lɐk2 kʷa55	ci3 lak6 gwaa1	刺黃瓜2.1
1411	五、植物（2）豆類、菜蔬/刺黃瓜	刺簕瓜	刺簕瓜	tsʰɿ33 lɐk2 kʷa55	cy3 lak6 gwaa1	刺黃瓜2.2
1412	五、植物（2）豆類、菜蔬/水果黃瓜	無刺黃瓜	无刺黄瓜	mu21 tʃʰi33 wɔŋ21 kʷa55	mu4 ci3 wong4 gwaa1	水果黃瓜1.1，無刺，較短
1413	五、植物（2）豆類、菜蔬/水果黃瓜	無刺黃瓜	无刺黄瓜	mu21 tsʰɿ33 wɔŋ21 kʷa55	mu4 cy3 wong4 gwaa1	水果黃瓜1.2
1414	五、植物（2）豆類、菜蔬/水果黃瓜	細黃瓜	细黄瓜	ɬɐi33 wɔŋ21 kʷa55	slai3 wong4 gwaa1	水果黃瓜2
1415	五、植物（2）豆類、菜蔬/水果黃瓜	細青瓜	细青瓜	ɬɐi33 tʃʰɛŋ55 kʷa55	slai3 ceng1 gwaa1	水果黃瓜3
1416	五、植物（2）豆類、菜蔬/白瓜	白瓜	白瓜	pak2 kʷa55	baak6 gwaa1	白瓜，菜瓜的一種
1417	五、植物（2）豆類、菜蔬/絲瓜	絲瓜	丝瓜	ʃi55 kʷa55	si1 gwaa1	絲瓜1.1
1418	五、植物（2）豆類、菜蔬/絲瓜	絲瓜	丝瓜	sɿ55 kʷa55	sy1 gwaa1	絲瓜1.2
1419	五、植物（2）豆類、菜蔬/水瓜	水瓜	水瓜	ʃui35 kʷa55	sui2 gwaa1	水瓜，無棱，北方也叫絲瓜
1420	五、植物（2）豆類、菜蔬/瓜絡	絲瓜渣	丝瓜渣	ʃi55 kʷa55 tʃa55	si1 gwaa1 zaa1	瓜絡1.1
1421	五、植物（2）豆類、菜蔬/瓜絡	絲瓜渣	丝瓜渣	ʃi55 kʷa55 ja55	si1 gwaa1 jaa1	瓜絡1.2
1422	五、植物（2）豆類、菜蔬/瓜絡	絲瓜渣	丝瓜渣	sɿ55 kʷa55 tʃa55	sy1 gwaa1 zaa1	瓜絡1.3
1423	五、植物（2）豆類、菜蔬/瓜絡	絲瓜渣	丝瓜渣	sɿ55 kʷa55 ja55	sy1 gwaa1 jaa1	瓜絡1.4
1424	五、植物（2）豆類、菜蔬/瓜絡	水瓜渣	水瓜渣	ʃui35 kʷa55 tʃa55	sui2 gwaa1 zaa1	瓜絡2.1
1425	五、植物（2）豆類、菜蔬/瓜絡	水瓜渣	水瓜渣	ʃui35 kʷa55 ja55	sui2 gwaa1 jaa1	瓜絡2.2
1426	五、植物（2）豆類、菜蔬/苦瓜	苦瓜	苦瓜	fu35 kʷa55	fu2 gwaa1	苦瓜1
1427	五、植物（2）豆類、菜蔬/苦瓜	涼瓜	凉瓜	lœŋ21 kʷa55	loeng4 gwaa1	苦瓜2，「涼」乃避諱「苦」字
1428	五、植物（2）豆類、菜蔬/苦瓜	雷公鑿	雷公凿	lui21 kʊŋ55 tʃɔk2	lui4 gung1 zok6	苦瓜3，圓錐形，似吊錘的苦瓜
1429	五、植物（2）豆類、菜蔬/苦瓜	珍珠瓜	珍珠瓜	tʃɐn55 tʃy55 kʷa55	zan1 zyu1 gwaa1	苦瓜4，苦瓜的一種，表皮的棱像珍珠串
1430	五、植物（2）豆類、菜蔬/南瓜	南瓜	南瓜	nam21 kʷa55	naam4 gwaa1	南瓜
1431	五、植物（2）豆類、菜蔬/南瓜子	南瓜子	南瓜子	nam21 kʷa55 tʃi35	naam4 gwaa1 zi2	南瓜子1.1
1432	五、植物（2）豆類、菜蔬/南瓜子	南瓜子	南瓜子	nam21 kʷa55 tsɿ35	naam4 gwaa1 zy2	南瓜子1.2
1433	五、植物（2）豆類、菜蔬/南瓜子	南瓜核	南瓜核	nam21 kʷa55 wɐt2	naam4 gwaa1 wat6	南瓜子2
1434	五、植物（2）豆類、菜蔬/冬瓜	冬瓜	冬瓜	tʊŋ55 kʷa55	dung1 gwaa1	冬瓜1，個兒大，綠皮
1435	五、植物（2）豆類、菜蔬/冬瓜	節瓜	节瓜	tʃit3 kʷa55	zit3 gwaa1	冬瓜2，冬瓜的一種，個兒細長，表皮起白粉
1436	五、植物（2）豆類、菜蔬/佛手瓜	佛手瓜	佛手瓜	fɐt2 ʃɐu35 kʷa55	fat6 sau2 gwaa1	佛手瓜
1437	五、植物（2）豆類、菜蔬/葫蘆	葫蘆	葫芦	wu21 lu21	wu4 lu4	葫蘆1
1438	五、植物（2）豆類、菜蔬/葫蘆	葫蘆瓜	葫芦瓜	wu21 lu21 kʷa55	wu4 lu4 gwaa1	葫蘆2
1439	五、植物（2）豆類、菜蔬/西葫蘆	西葫蘆	西葫芦	ɬɐi55 wu21 lu21	slai1 wu4 lu4	西葫蘆
1440	五、植物（2）豆類、菜蔬/瓠子	蒲瓜	蒲瓜	pʰu21 kʷa55	pu4 gwaa1	瓠子1
1441	五、植物（2）豆類、菜蔬/瓠子	瓠瓜	瓠瓜	kʰu21 kʷa55	ku4 gwaa1	瓠子2
1442	五、植物（2）豆類、菜蔬/蔥	蔥	葱	tʃʰʊŋ55	cung1	蔥
1443	五、植物（2）豆類、菜蔬/香蔥	香蔥	香葱	hœŋ55 tʃʰʊŋ55	hoeng1 cung1	香蔥1，莖葉較細，香味濃
1444	五、植物（2）豆類、菜蔬/香蔥	雞蔥	鸡葱	kɐi55 tʃʰʊŋ55	gai1 cung1	香蔥2
1445	五、植物（2）豆類、菜蔬/木蔥	木蔥	木葱	mʊk2 tʃʰʊŋ55	muk6 cung1	木蔥，本地產，比香蔥粗大
1446	五、植物（2）豆類、菜蔬/大蔥	大蔥	大葱	tai22 tʃʰʊŋ55	daai6 cung1	大蔥，北方產
1447	五、植物（2）豆類、菜蔬/洋蔥	洋蔥	洋葱	jœŋ21 tʃʰʊŋ55	joeng4 cung1	洋蔥1
1448	五、植物（2）豆類、菜蔬/洋蔥	洋蔥頭	洋葱头	jœŋ21 tʃʰʊŋ55 tʰɐu21	joeng4 cung1 tau4	洋蔥2
1449	五、植物（2）豆類、菜蔬/蔥葉	蔥葉	葱叶	tʃʰʊŋ55 jip2	cung1 jip6	蔥葉
1450	五、植物（2）豆類、菜蔬/蔥花	蔥花	葱花	tʃʰʊŋ55 fa55	cung1 faa1	蔥花
1451	五、植物（2）豆類、菜蔬/蔥白	蔥白	葱白	tʃʰʊŋ55 pak2	cung1 baak6	蔥白1
1452	五、植物（2）豆類、菜蔬/蔥白	蔥頭	葱头	tʃʰʊŋ55 tʰɐu21	cung1 tau4	蔥白2
1453	五、植物（2）豆類、菜蔬/蒜	蒜	蒜	ɬyn33	slyun3	蒜
1454	五、植物（2）豆類、菜蔬/骨蒜	骨蒜	骨蒜	kʷɐt5 ɬyn33	gwat1 slyun3	骨蒜，莖葉較細，香味濃
1455	五、植物（2）豆類、菜蔬/肉蒜	肉蒜	肉蒜	jʊk2 ɬyn33	juk6 slyun3	肉蒜，莖葉較粗
1456	五、植物（2）豆類、菜蔬/四季蒜	四季蒜	四季蒜	ɬi33 kʷɐi33 ɬyn33	sli3 gwai3 slyun3	四季蒜
1457	五、植物（2）豆類、菜蔬/蒜頭	蒜頭	蒜头	ɬyn33 tʰɐu21	slyun3 tau4	蒜頭
1458	五、植物（2）豆類、菜蔬/蒜瓣	蒜米	蒜米	ɬyn33 mɐi24	slyun3 mai5	蒜瓣
1459	五、植物（2）豆類、菜蔬/蒜苗	蒜心	蒜心	ɬyn33 ɬɐm55	slyun3 slam1	蒜苗
1460	五、植物（2）豆類、菜蔬/青蒜	蒜	蒜	ɬyn33	slyun3	青蒜，嫩的蒜梗和蒜葉
1461	五、植物（2）豆類、菜蔬/蒜泥	蒜茸	蒜茸	ɬyn33 jʊŋ21	slyun3 jung4	蒜泥
1462	五、植物（2）豆類、菜蔬/蒜片	蒜片	蒜片	ɬyn33 pʰin33	slyun3 pin3	蒜片，由蒜瓣切成的薄片
1463	五、植物（2）豆類、菜蔬/韭菜	扁菜	扁菜	pɛn35 tʃʰɔi33	ben2 coi3	韭菜
1464	五、植物（2）豆類、菜蔬/雞扁菜	雞扁菜	鸡扁菜	kɐi55 pɛn35 tʃʰɔi33	gai1 ben2 coi3	雞扁菜，長得較細，較香的韭菜
1465	五、植物（2）豆類、菜蔬/牛扁菜	牛扁菜	牛扁菜	ŋɐu21 pɛn35 tʃʰɔi33	ngau4 ben2 coi3	牛扁菜，長得較粗，香味不濃的韭菜
1466	五、植物（2）豆類、菜蔬/韭菜花	扁菜花	扁菜花	pɛn35 tʃʰɔi33 fa55	ben2 coi3 faa1	韭菜花
1467	五、植物（2）豆類、菜蔬/韭黃	韭黃	韭黄	kɐu35 wɔŋ21	gau2 wong4	韭黃
1468	五、植物（2）豆類、菜蔬/莧菜	莧菜	苋菜	jin22 tʃʰɔi33	jin6 coi3	莧菜1.1
1469	五、植物（2）豆類、菜蔬/莧菜	莧菜	苋菜	hɛn22 tʃʰɔi33	hen6 coi3	莧菜1.2
1470	五、植物（2）豆類、菜蔬/莧菜	莧菜	苋菜	hɔn22 tʃʰɔi33	hon6 coi3	莧菜1.3，罕讀
1471	五、植物（2）豆類、菜蔬/白莧菜	白莧菜	白苋菜	pak2 jin22 tʃʰɔi33	baak6 jin6 coi3	白莧菜1.1
1472	五、植物（2）豆類、菜蔬/白莧菜	白莧菜	白苋菜	pak2 hɛn22 tʃʰɔi33	baak6 hen6 coi3	白莧菜1.2
1473	五、植物（2）豆類、菜蔬/紅莧菜	紅莧菜	红苋菜	hʊŋ21 jin22 tʃʰɔi33	hung4 jin6 coi3	紅莧菜1.1
1474	五、植物（2）豆類、菜蔬/紅莧菜	紅莧菜	红苋菜	hʊŋ21 hɛn22 tʃʰɔi33	hung4 hen6 coi3	紅莧菜1.2
1475	五、植物（2）豆類、菜蔬/野莧菜	野莧菜	野苋菜	jɛ24 jin22 tʃʰɔi33	je5 jin6 coi3	野莧菜1.1
1476	五、植物（2）豆類、菜蔬/野莧菜	野莧菜	野苋菜	jɛ24 hɛn22 tʃʰɔi33	je5 hen6 coi3	野莧菜1.2
1477	五、植物（2）豆類、菜蔬/西紅柿	番茄	番茄	fan55 kʰɛ21	faan1 ke4	西紅柿1，統稱
1478	五、植物（2）豆類、菜蔬/西紅柿	金錢桔	金钱桔	kɐm55 tʃʰin21 kɐt5	gam1 cin4 gat1	西紅柿2，金錢桔，本地產的小番茄，與「金錢橘」同音但不同種，廣東「金錢桔」就指「金錢橘」，但本地不同，易混淆，視語境和寫法區分
1479	五、植物（2）豆類、菜蔬/西紅柿	金桔	金桔	kɐm55 kɐt5	gam1 gat1	西紅柿3，同「金錢桔」，本地產的小番茄，與「金橘」同音但不同種，廣東「金桔」就指「金橘」，但本地不同，易混淆，視語境和寫法區分
1480	五、植物（2）豆類、菜蔬/櫻桃番茄	聖女果	圣女果	ʃeŋ33 ny24 kɔ35	sing3 nyu5 go2	櫻桃番茄，西紅柿的一個品種，原產於南美洲，百色是主產地之一，見2015年廣西壯族自治區商務廳《廣西特產寶典》P56-60
1481	五、植物（2）豆類、菜蔬/薑	薑	姜	kœŋ55	goeng1	薑
1482	五、植物（2）豆類、菜蔬/黃薑	黃薑	黄姜	wɔŋ21 kœŋ55	wong4 goeng1	黃薑
1483	五、植物（2）豆類、菜蔬/沙薑	沙薑	沙姜	ʃa55 kœŋ55	saa1 goeng1	沙薑
1484	五、植物（2）豆類、菜蔬/老薑	老薑	老姜	lu24 kœŋ55	lu5 goeng1	老薑
1485	五、植物（2）豆類、菜蔬/嫩薑	子薑	子姜	tʃi35 kœŋ55	zi2 goeng1	嫩薑1.1
1486	五、植物（2）豆類、菜蔬/嫩薑	子薑	子姜	tsɿ35 kœŋ55	zy2 goeng1	嫩薑1.2
1487	五、植物（2）豆類、菜蔬/薑絲	薑絲	姜丝	kœŋ55 ʃi55	goeng1 si1	薑絲
1488	五、植物（2）豆類、菜蔬/薑末	薑茸	姜茸	kœŋ55 jʊŋ21	goeng1 jung4	薑末
1489	五、植物（2）豆類、菜蔬/薤	藠頭	藠头	kʰiu24 tʰɐu21	kiu5 tau4	薤
1490	五、植物（2）豆類、菜蔬/辣椒	辣椒	辣椒	lat2 tʃiu55	laat6 ziu1	辣椒，統稱
1491	五、植物（2）豆類、菜蔬/柿子椒	燈籠椒	灯笼椒	tɐŋ55 lʊŋ21 tʃiu55	dang1 lung4 ziu1	柿子椒1
1492	五、植物（2）豆類、菜蔬/柿子椒	菜椒	菜椒	tʃʰɔi33 tʃiu55	coi3 ziu1	柿子椒2
1493	五、植物（2）豆類、菜蔬/牛角椒	牛角椒	牛角椒	ŋɐu21 kɔk3 tʃiu55	ngau4 gok3 ziu1	牛角椒
1494	五、植物（2）豆類、菜蔬/朝天椒	指天椒	指天椒	tʃi35 tʰin55 tʃiu55	zi2 tin1 ziu1	朝天椒1
1495	五、植物（2）豆類、菜蔬/朝天椒	米椒	米椒	mɐi24 tʃiu55	mai5 ziu1	朝天椒2，個小的指天椒
1496	五、植物（2）豆類、菜蔬/辣椒葉	辣椒葉	辣椒叶	lat2 tʃiu55 jip2	laat6 ziu1 jip6	辣椒葉，可作蔬菜
1497	五、植物（2）豆類、菜蔬/辣椒麪兒	辣椒粉	辣椒粉	lat2 tʃiu55 fɐn35	laat6 ziu1 fan2	辣椒麪兒
1498	五、植物（2）豆類、菜蔬/芥菜	芥菜	芥菜	kai33 tʃʰɔi33	gaai3 coi3	芥菜，統稱
1499	五、植物（2）豆類、菜蔬/大肉芥菜	大肉芥菜	大肉芥菜	tai22 jʊk2 kai33 tʃʰɔi33	daai6 juk6 gaai3 coi3	大肉芥菜
1500	五、植物（2）豆類、菜蔬/肉芥菜	肉芥菜	肉芥菜	jʊk2 kai33 tʃʰɔi33	juk6 gaai3 coi3	肉芥菜
1501	五、植物（2）豆類、菜蔬/花邊芥菜	花邊芥菜	花边芥菜	fa55 pin55 kai33 tʃʰɔi33	faa1 bin1 gaai3 coi3	花邊芥菜
1502	五、植物（2）豆類、菜蔬/桄榔芥菜	桄榔芥菜	桄榔芥菜	kɔŋ35 lɔŋ21 kai33 tʃʰɔi33	gong2 long4 gaai3 coi3	桄榔芥菜1
1503	五、植物（2）豆類、菜蔬/桄榔芥菜	桄榔菜	桄榔菜	kɔŋ35 lɔŋ21 tʃʰɔi33	gong2 long4 coi3	桄榔芥菜2
1504	五、植物（2）豆類、菜蔬/嗆菜（用芥菜醃製的有衝鼻嗆味的菜）	嗆菜	呛菜	tʃʰœŋ33 tʃʰɔi33	coeng3 coi3	嗆菜1（用芥菜醃製的有衝鼻嗆味的菜），芥菜略淨炒加熱後捂一天即可，這種菜有一股衝鼻嗆人的氣味，舊時的用料爲大頭菜，見1991年《南寧文史資料·總第十三輯》P273-274和2009年嚴風華《四季飄香：南寧飲食文化尋蹤》P114-117，也叫「正菜、衝菜」
1505	五、植物（2）豆類、菜蔬/嗆菜（用芥菜醃製的有衝鼻嗆味的菜）	衝菜	冲菜	tʃʰʊŋ55 tʃʰɔi33	cung1 coi3	嗆菜2（用芥菜醃製的有衝鼻嗆味的菜）
1506	五、植物（2）豆類、菜蔬/芥末	芥末	芥末	kai33 mut2	gaai3 mut6	芥末
1507	五、植物（2）豆類、菜蔬/胡椒	古月	古月	ku35 jyt2	gu2 jyut6	胡椒
1508	五、植物（2）豆類、菜蔬/黑胡椒	黑胡椒	黑胡椒	hɐk5 wu21 tʃiu55	hak1 wu4 ziu1	黑胡椒
1509	五、植物（2）豆類、菜蔬/白胡椒	白胡椒	白胡椒	pak2 wu21 tʃiu55	baak6 wu4 ziu1	白胡椒
1510	五、植物（2）豆類、菜蔬/胡椒麪兒	古月粉	古月粉	ku35 jyt2 fɐn35	gu2 jyut6 fan2	胡椒麪兒1
1511	五、植物（2）豆類、菜蔬/胡椒麪兒	胡椒粉	胡椒粉	wu21 tʃiu55 fɐn35	wu4 ziu1 fan2	胡椒麪兒2
1512	五、植物（2）豆類、菜蔬/菠菜	菠菜	菠菜	pɔ55 tʃʰɔi33	bo1 coi3	菠菜
1513	五、植物（2）豆類、菜蔬/白菜	白菜	白菜	pak2 tʃʰɔi33	baak6 coi3	白菜
1514	五、植物（2）豆類、菜蔬/洋白菜	椰菜	椰菜	jɛ21 tʃʰɔi33	je4 coi3	洋白菜
1515	五、植物（2）豆類、菜蔬/大白菜	黃芽白	黄芽白	wɔŋ21 ŋa21 pak2	wong4 ngaa4 baak6	大白菜1
1516	五、植物（2）豆類、菜蔬/大白菜	京白菜	京白菜	keŋ55 pak2 tʃʰɔi33	ging1 baak6 coi3	大白菜2
1517	五、植物（2）豆類、菜蔬/大白菜	捲筒白	卷筒白	kyn35 tʰʊŋ21 pak2	gyun2 tung4 baak6	大白菜3，長形的
1518	五、植物（2）豆類、菜蔬/捲筒青	捲筒青	卷筒青	kyn35 tʰʊŋ21 tʃʰɛŋ55	gyun2 tung4 ceng1	捲筒青，筒狀大白菜
1519	五、植物（2）豆類、菜蔬/小白菜	白菜崽	白菜崽	pak2 tʃʰɔi33 tʃɐi35	baak6 coi3 zai2	小白菜
1520	五、植物（2）豆類、菜蔬/小白菜	白菜仔	白菜仔	pak2 tʃʰɔi33 tʃɐi35	baak6 coi3 zai2	小白菜，同「白菜崽」
1521	五、植物（2）豆類、菜蔬/匙羹白	匙羹白	匙羹白	tʃʰi21 kɐŋ55 pak2	ci4 gang1 baak6	匙羹白
1522	五、植物（2）豆類、菜蔬/上海青	上海青	上海青	ʃœŋ22 hɔi35 tʃʰɛŋ55	soeng6 hoi2 ceng1	上海青
1523	五、植物（2）豆類、菜蔬/白菜心	白菜心	白菜心	pak2 tʃʰɔi33 ɬɐm55	baak6 coi3 slam1	白菜心1
1524	五、植物（2）豆類、菜蔬/白菜心	菜心	菜心	tʃʰɔi33 ɬɐm55	coi3 slam1	白菜心2
1525	五、植物（2）豆類、菜蔬/萵筍	萵筍	莴笋	wɔ55 ɬɐn35	wo1 slan2	萵筍1.1（指莖部）
1526	五、植物（2）豆類、菜蔬/萵筍	萵筍	莴笋	wɔ55 ɬyn35	wo1 slyun2	萵筍1.2（指莖部）
1527	五、植物（2）豆類、菜蔬/苦麥菜	苦麥菜	苦麦菜	fu35 mɐk2 tʃʰɔi33	fu2 mak6 coi3	苦麥菜
1528	五、植物（2）豆類、菜蔬/甜麥菜	甜麥菜	甜麦菜	tʰim21 mɐk2 tʃʰɔi33	tim4 mak6 coi3	甜麥菜
1529	五、植物（2）豆類、菜蔬/莜麥菜	油麥菜	油麦菜	jɐu21 mɐk2 tʃʰɔi33	jau4 mak6 coi3	莜麥菜
1530	五、植物（2）豆類、菜蔬/甜菜	甜菜	甜菜	tʰim21 tʃʰɔi33	tim4 coi3	甜菜，菾菜
1531	五、植物（2）豆類、菜蔬/生菜	生菜	生菜	ʃaŋ55 tʃʰɔi33	saang1 coi3	生菜
1532	五、植物（2）豆類、菜蔬/玻璃生菜	玻璃生	玻璃生	pɔ55 li55 ʃaŋ55	bo1 li1 saang1	玻璃生菜
1533	五、植物（2）豆類、菜蔬/包心生菜	包心生菜	包心生菜	pau55 ɬɐm55 ʃaŋ55 tʃʰɔi33	baau1 slam1 saang1 coi3	包心生菜
1534	五、植物（2）豆類、菜蔬/生菜包	生菜包	生菜包	ʃaŋ55 tʃʰɔi33 pau55	saang1 coi3 baau1	生菜包，一種傳統吃法，用生菜葉包炒飯、炒粉利等
1535	五、植物（2）豆類、菜蔬/春菜	春菜	春菜	tʃʰɐn55 tʃʰɔi33	can1 coi3	春菜1.1，尖葉生菜
1536	五、植物（2）豆類、菜蔬/春菜	春菜	春菜	tʃʰyn55 tʃʰɔi33	cyun1 coi3	春菜1.2，尖葉生菜
1537	五、植物（2）豆類、菜蔬/莙薘菜	豬乸菜	猪乸菜	tʃy55 na35 tʃʰɔi33	zyu1 naa2 coi3	莙薘菜1
1538	五、植物（2）豆類、菜蔬/莙薘菜	厚皮菜	厚皮菜	hɐu24 pʰi21 tʃʰɔi33	hau5 pi4 coi3	莙薘菜2
1539	五、植物（2）豆類、菜蔬/芹菜	香芹	香芹	hœŋ55 kʰɐn21	hoeng1 kan4	芹菜1
1540	五、植物（2）豆類、菜蔬/芹菜	芹菜	芹菜	kʰɐn21 tʃʰɔi33	kan4 coi3	芹菜2
1541	五、植物（2）豆類、菜蔬/西芹	西芹	西芹	ɬɐi55 kʰɐn21	slai1 kan4	西芹
1542	五、植物（2）豆類、菜蔬/芫荽	芫荽	芫荽	jim21 ɬɐi55	jim4 slai1	芫荽，香菜
1543	五、植物（2）豆類、菜蔬/番鬼芫荽	番鬼芫荽	番鬼芫荽	fan55 kʷɐi35 jim21 ɬɐi55	faan1 gwai2 jim4 slai1	番鬼芫荽，引進品種
1544	五、植物（2）豆類、菜蔬/紫蘇	紫蘇	紫苏	tʃi35 ɬu55	zi2 slu1	紫蘇1.1
1545	五、植物（2）豆類、菜蔬/紫蘇	紫蘇	紫苏	tsɿ35 ɬu55	zy2 slu1	紫蘇1.2
1546	五、植物（2）豆類、菜蔬/茴香	茴香	茴香	wui21 hœŋ55	wui4 hoeng1	茴香1
1547	五、植物（2）豆類、菜蔬/茴香	茴香菜	茴香菜	wui21 hœŋ55 tʃʰɔi33	wui4 hoeng1 coi3	茴香2
1548	五、植物（2）豆類、菜蔬/蒟醬、蔞葉	蔞葉	蒌叶	lɐu55 jip2	lau1 jip6	蒟醬、蔞葉，藤本植物
1549	五、植物（2）豆類、菜蔬/假蒟、假蔞葉	假蔞	假蒌	ka35 lɐu55	gaa2 lau1	假蒟、假蔞葉，草本植物，與「蔞葉（也叫蒟醬）」形似但不同種，用假蔞葉包肉餡煎熟吃是南寧的一種傳統小吃，見2009年嚴風華《四季飄香：南寧飲食文化尋蹤》P121-123
1550	五、植物（2）豆類、菜蔬/蒿子稈兒	茼蒿	茼蒿	tʰʊŋ21 hu55	tung4 hu1	蒿子稈兒
1551	五、植物（2）豆類、菜蔬/秋葵	秋葵	秋葵	tʃʰɐu55 kʷʰɐi21	cau1 kwai4	秋葵
1552	五、植物（2）豆類、菜蔬/蘿蔔	蘿蔔	萝卜	lɔ21 pak2	lo4 baak6	蘿蔔
1553	五、植物（2）豆類、菜蔬/耙齒蘿蔔	耙齒蘿蔔	耙齿萝卜	pʰa21 tʃʰi35 lɔ21 pak2	paa4 ci2 lo4 baak6	耙齒蘿蔔，本地產較好品種，細長形，像耙齒
1554	五、植物（2）豆類、菜蔬/紅蘿蔔	紅蘿蔔	红萝卜	hʊŋ21 lɔ21 pak2	hung4 lo4 baak6	紅蘿蔔
1555	五、植物（2）豆類、菜蔬/蘿蔔糠了	䅦心蘿蔔	䅦心萝卜	mau55 ɬɐm55 lɔ21 pak2	maau1 slam1 lo4 baak6	蘿蔔糠了，一說當爲「泡心蘿蔔」，泡的白讀
1556	五、植物（2）豆類、菜蔬/（蘿蔔）糠了	䅦心	䅦心	mau55 ɬɐm55	maau1 slam1	（蘿蔔）糠了，一說當爲「泡心」，泡的白讀
1557	五、植物（2）豆類、菜蔬/蘿蔔纓兒	蘿蔔纓	萝卜缨	lɔ21 pak2 jeŋ55	lo4 baak6 jing1	蘿蔔纓兒
1558	五、植物（2）豆類、菜蔬/蘿蔔乾兒	蘿蔔乾	萝卜干	lɔ21 pak2 kɔn55	lo4 baak6 gon1	蘿蔔乾兒
1559	五、植物（2）豆類、菜蔬/胡蘿蔔	胡蘿蔔	胡萝卜	wu21 lɔ21 pak2	wu4 lo4 baak6	胡蘿蔔
1560	五、植物（2）豆類、菜蔬/苤藍	旮旯頭	旮旯头	ka55 la55 tʰɐu21	gaa1 laa1 tau4	苤藍1.1，或苤藍的莖
1561	五、植物（2）豆類、菜蔬/苤藍	旮旯頭	旮旯头	kʰa55 la55 tʰɐu21	kaa1 laa1 tau4	苤藍1.2，或苤藍的莖
1562	五、植物（2）豆類、菜蔬/苤藍	芥蘭頭	芥兰头	kai33 lan21 tʰɐu21	gaai3 laan4 tau4	苤藍2
1563	五、植物（2）豆類、菜蔬/芥蘭	芥蘭	芥兰	kai33 lan21	gaai3 laan4	芥蘭
1564	五、植物（2）豆類、菜蔬/椰菜花	椰菜花	椰菜花	jɛ21 tʃʰɔi33 fa55	je4 coi3 faa1	椰菜花，白色或淡黃色的球狀菜花
1565	五、植物（2）豆類、菜蔬/西蘭花	西蘭花	西兰花	ɬɐi55 lan21 fa55	slai1 laan4 faa1	西蘭花，綠色的球狀菜花
1566	五、植物（2）豆類、菜蔬/茭白	茭筍	茭笋	kɛu55 ɬɐn35	geu1 slan2	茭白1.1
1567	五、植物（2）豆類、菜蔬/茭白	茭筍	茭笋	kɛu55 ɬyn35	geu1 slyun2	茭白1.2
1568	五、植物（2）豆類、菜蔬/茭白	茭筍	茭笋	kau55 ɬɐn35	gaau1 slan2	茭白1.3
1569	五、植物（2）豆類、菜蔬/茭白	茭筍	茭笋	kau55 ɬyn35	gaau1 slyun2	茭白1.4
1570	五、植物（2）豆類、菜蔬/茭白	茭白	茭白	kɛu55 pak2	geu1 baak6	茭白2.1
1571	五、植物（2）豆類、菜蔬/茭白	茭白	茭白	kau55 pak2	gaau1 baak6	茭白2.2
1572	五、植物（2）豆類、菜蔬/油菜	菜心	菜心	tʃʰɔi33 ɬɐm55	coi3 slam1	油菜
1573	五、植物（2）豆類、菜蔬/油菜薹	菜心	菜心	tʃʰɔi33 ɬɐm55	coi3 slam1	油菜薹
1574	五、植物（2）豆類、菜蔬/油菜子（油菜籽）	油菜子	油菜子	jɐu21 tʃʰɔi33 tʃi35	jau4 coi3 zi2	油菜子1.1（油菜籽，榨油用）
1575	五、植物（2）豆類、菜蔬/油菜子（油菜籽）	油菜子	油菜子	jɐu21 tʃʰɔi33 tsɿ35	jau4 coi3 zy2	油菜子1.2（油菜籽，榨油用）
1576	五、植物（2）豆類、菜蔬/油菜	油菜	油菜	jɐu21 tʃʰɔi33	jau4 coi3	油菜，油料作物；也指整棵炒的青菜
1577	五、植物（2）豆類、菜蔬/蕹菜	蕹菜	蕹菜	ʊŋ33 tʃʰɔi33	ung3 coi3	蕹菜1
1578	五、植物（2）豆類、菜蔬/蕹菜	水蕹	水蕹	ʃui35 ʊŋ33	sui2 ung3	蕹菜2
1579	五、植物（2）豆類、菜蔬/蕹菜	通菜	通菜	tʰʊŋ55 tʃʰɔi33	tung1 coi3	蕹菜3
1580	五、植物（2）豆類、菜蔬/麻村蕹	麻村蕹	麻村蕹	ma21 tʃʰyn55 ʊŋ33	maa4 cyun1 ung3	麻村蕹，麻村爲南寧市的地名，麻村地處南湖邊，南湖沉積肥泥，所種蕹菜葉尖、枝直、脆嫩，炒熟後不變黑，今已漸少，見2009年嚴風華《四季飄香：南寧飲食文化尋蹤》P87-90和1991年《南寧文史資料·總第十三輯》P269
1581	五、植物（2）豆類、菜蔬/枸杞葉	枸杞菜	枸杞菜	kɐu35 ki35 tʃʰɔi33	gau2 gi2 coi3	枸杞葉
1582	五、植物（2）豆類、菜蔬/枸杞	枸杞	枸杞	kɐu35 ki35	gau2 gi2	枸杞1
1583	五、植物（2）豆類、菜蔬/枸杞	杞子	杞子	ki35 tʃi35	gi2 zi2	枸杞2.1
1584	五、植物（2）豆類、菜蔬/枸杞	杞子	杞子	ki35 tsɿ35	gi2 zy2	枸杞2.2
1585	五、植物（2）豆類、菜蔬/紅枸杞	紅杞子	红杞子	hʊŋ21 ki35 tʃi35	hung4 gi2 zi2	紅枸杞1.1
1586	五、植物（2）豆類、菜蔬/紅枸杞	紅杞子	红杞子	hʊŋ21 ki35 tsɿ35	hung4 gi2 zy2	紅枸杞1.2
1587	五、植物（2）豆類、菜蔬/黑枸杞	黑杞子	黑杞子	hɐk5 ki35 tʃi35	hak1 gi2 zi2	黑枸杞1.1
1588	五、植物（2）豆類、菜蔬/黑枸杞	黑杞子	黑杞子	hɐk5 ki35 tsɿ35	hak1 gi2 zy2	黑枸杞1.2
1589	五、植物（2）豆類、菜蔬/豌豆苗	蘭豆苗	兰豆苗	lan55 tɐu22 miu21	laan1 dau6 miu4	豌豆苗1
1590	五、植物（2）豆類、菜蔬/豌豆苗	龍鬚菜	龙须菜	lʊŋ21 ɬu55 tʃʰɔi33	lung4 slu1 coi3	豌豆苗2.1
1591	五、植物（2）豆類、菜蔬/豌豆苗	龍鬚菜	龙须菜	lʊŋ21 ʃy55 tʃʰɔi33	lung4 syu1 coi3	豌豆苗2.2
1592	五、植物（2）豆類、菜蔬/甘薯葉	番薯葉	番薯叶	fan55 ʃy21 jip2	faan1 syu4 jip6	甘薯葉，甘薯的藤尖和嫩葉，可作菜
1593	五、植物（2）豆類、菜蔬/薯菜	薯菜	薯菜	ʃy21 tʃʰɔi33	syu4 coi3	薯菜，專門培植用作蔬菜的紅薯葉
1594	五、植物（2）豆類、菜蔬/藤菜	藤菜	藤菜	tʰɐŋ21 tʃʰɔi33	tang4 coi3	藤菜，有的地方叫木耳菜
1595	五、植物（2）豆類、菜蔬/西洋菜	西洋菜	西洋菜	ɬɐi55 jœŋ21 tʃʰɔi33	slai1 joeng4 coi3	西洋菜
1596	五、植物（2）豆類、菜蔬/乾菜	菜乾	菜干	tʃʰɔi33 kɔn55	coi3 gon1	乾菜，統稱
1597	五、植物（2）豆類、菜蔬/嫩菜薹	菜軟	菜软	tʃʰɔi33 jyn24	coi3 jyun5	嫩菜薹，即菜的嫩莖、嫩尖
1598	五、植物（2）豆類、菜蔬/白花菜	白花菜	白花菜	pak2 fa55 tʃʰɔi33	baak6 faa1 coi3	（當地野菜）白花菜
1599	五、植物（2）豆類、菜蔬/雷公根	雷公根	雷公根	lui21 kʊŋ55 kɐn55	lui4 gung1 gan1	（當地野菜）雷公根1
1600	五、植物（2）豆類、菜蔬/雷公根	崩大碗	崩大碗	pɐŋ55 tai22 wun35	bang1 daai6 wun2	（當地野菜）雷公根2
1601	五、植物（2）豆類、菜蔬/雷公根	燈盞菜	灯盏菜	tɐŋ55 tʃan35 tʃʰɔi33	dang1 zaan2 coi3	（當地野菜）雷公根3
1602	五、植物（2）豆類、菜蔬/馬齒莧	瓜子菜	瓜子菜	kʷa55 tʃi35 tʃʰɔi33	gwaa1 zi2 coi3	（當地野菜）馬齒莧1.1
1603	五、植物（2）豆類、菜蔬/馬齒莧	瓜子菜	瓜子菜	kʷa55 tsɿ35 tʃʰɔi33	gwaa1 zy2 coi3	（當地野菜）馬齒莧1.2
1604	五、植物（2）豆類、菜蔬/紫背菜	紫背菜	紫背菜	tʃi35 pui33 tʃʰɔi33	zi2 bui3 coi3	（當地野菜）紫背菜1.1
1605	五、植物（2）豆類、菜蔬/紫背菜	紫背菜	紫背菜	tsɿ35 pui33 tʃʰɔi33	zy2 bui3 coi3	（當地野菜）紫背菜1.2
1606	五、植物（2）豆類、菜蔬/紫背菜	紅背菜	红背菜	hʊŋ21 pui33 tʃʰɔi33	hung4 bui3 coi3	（當地野菜）紫背菜2
1607	五、植物（2）豆類、菜蔬/羊角菜	羊角菜	羊角菜	jœŋ21 kɔk3 tʃʰɔi33	joeng4 gok3 coi3	（當地野菜）羊角菜
1608	五、植物（2）豆類、菜蔬/狗肝菜	狗肝菜	狗肝菜	kɐu35 kɔn55 tʃʰɔi33	gau2 gon1 coi3	（當地野菜）狗肝菜
1609	五、植物（2）豆類、菜蔬/雞腸菜	雞腸菜	鸡肠菜	kɐi55 tʃʰœŋ21 tʃʰɔi33	gai1 coeng4 coi3	（當地野菜）雞腸菜
1610	五、植物（2）豆類、菜蔬/油鹽菜	油鹽菜	油盐菜	jɐu21 jim21 tʃʰɔi33	jau4 jim4 coi3	（當地野菜）油鹽菜
1611	五、植物（2）豆類、菜蔬/一點紅	一點紅	一点红	jɐt5 tim35 hʊŋ21	jat1 dim2 hung4	（當地野菜）一點紅
1612	五、植物（2）豆類、菜蔬/白頭翁	白頭翁	白头翁	pak2 tʰɐu21 jʊŋ55	baak6 tau4 jung1	（當地野菜）白頭翁1.1，艾的一種，做餈粑用
1613	五、植物（2）豆類、菜蔬/白頭翁	白頭翁	白头翁	pak2 tʰɐu21 ʊŋ55	baak6 tau4 ung1	（當地野菜）白頭翁1.2，艾的一種，做餈粑用
1614	五、植物（2）豆類、菜蔬/艾	艾	艾	ŋai22	ngaai6	（當地野菜）艾1.1，做粢粑用
1615	五、植物（2）豆類、菜蔬/艾	艾	艾	ŋɔi22	ngoi6	（當地野菜）艾1.2，做粢粑用
1616	五、植物（2）豆類、菜蔬/千里香	千里香	千里香	tʃʰin55 li24 hœŋ55	cin1 li5 hoeng1	（當地野菜）千里香，一種藤蔓植物的花，可食
1617	五、植物（2）豆類、菜蔬/木鱉葉	木鱉葉	木鳖叶	mʊk2 pit3 jip2	muk6 bit3 jip6	（當地野菜）木鱉葉，木鱉子的嫩葉，可作蔬菜
1618	五、植物（2）豆類、菜蔬/蕨菜	蕨	蕨	kʰyt3	kyut3	（當地野菜）蕨菜
1619	五、植物（2）豆類、菜蔬/番鬼蓮	番鬼蓮	番鬼莲	fan55 kʷɐi35 lin21	faan1 gwai2 lin4	（當地野菜）番鬼蓮，也叫龍骨花，廣東叫劍花
1620	五、植物（3）樹木/樹	樹	树	ʃy22	syu6	樹1
1621	五、植物（3）樹木/樹	木	木	mʊk2	muk6	樹2
1622	五、植物（3）樹木/樹林	樹林	树林	ʃy22 lɐm21	syu6 lam4	樹林
1623	五、植物（3）樹木/樹苗	樹苗	树苗	ʃy22 miu21	syu6 miu4	樹苗
1624	五、植物（3）樹木/樹幹	樹身	树身	ʃy22 ʃɐn55	syu6 san1	樹幹1
1625	五、植物（3）樹木/樹幹	樹桿	树杆	ʃy22 kɔn35	syu6 gon2	樹幹2
1626	五、植物（3）樹木/樹梢	樹表	树表	ʃy22 piu35	syu6 biu2	樹梢1
1627	五、植物（3）樹木/樹梢	樹頂	树顶	ʃy22 tɛŋ35	syu6 deng2	樹梢2
1628	五、植物（3）樹木/樹根	樹根	树根	ʃy22 kɐn55	syu6 gan1	樹根1
1629	五、植物（3）樹木/樹根	樹蔃	树蔃	ʃy22 kœŋ35	syu6 goeng2	樹根2
1630	五、植物（3）樹木/樹葉	樹葉	树叶	ʃy22 jip2	syu6 jip6	樹葉1
1631	五、植物（3）樹木/樹葉	木葉	木叶	mʊk2 jip2	muk6 jip6	樹葉2
1632	五、植物（3）樹木/葉子	葉	叶	jip2	jip6	葉子
1633	五、植物（3）樹木/樹枝	樹枝	树枝	ʃy22 tʃi55	syu6 zi1	樹枝
1634	五、植物（3）樹木/樹杈	樹椏杈	树桠杈	ʃy22 ŋa55 tʃʰa55	syu6 ngaa1 caa1	樹杈1，又作「枒杈」
1635	五、植物（3）樹木/樹杈	樹椏	树桠	ʃy22 ŋɛ55	syu6 nge1	樹杈2，又作「樹枒」
1636	五、植物（3）樹木/樹節疤	樹疙𤶠	树疙𤶠	ʃy22 kɐt5 na55	syu6 gat1 naa1	樹節疤
1637	五、植物（3）樹木/樹皮	樹皮	树皮	ʃy22 pʰi21	syu6 pi4	樹皮1
1638	五、植物（3）樹木/樹皮	木皮	木皮	mʊk2 pʰi21	muk6 pi4	樹皮2
1639	五、植物（3）樹木/木頭段子	木碌	木碌	mʊk2 lʊk5	muk6 luk1	木頭段子，也比喻遲鈍的人
1640	五、植物（3）樹木/木頭	木頭	木头	mʊk2 tʰɐu21	muk6 tau4	木頭
1641	五、植物（3）樹木/泱	泱	泱	jœŋ55	joeng1	泱，植物的漿，如番薯～、木瓜～
1642	五、植物（3）樹木/樹膠	樹泱	树泱	ʃy22 jœŋ55	syu6 joeng1	樹膠
1643	五、植物（3）樹木/種樹	種樹	种树	tʃʊŋ33 ʃy22	zung3 syu6	種樹
1644	五、植物（3）樹木/砍樹	斬樹	斩树	tʃɛm35 ʃy22	zem2 syu6	砍樹
1645	五、植物（3）樹木/修枝	修枝	修枝	ɬɐu55 tʃi55	slau1 zi1	修枝
1646	五、植物（3）樹木/松樹	松樹	松树	ɬʊŋ55 ʃy22	slung1 syu6	松樹1.1
1647	五、植物（3）樹木/松樹	松樹	松树	tʃʰʊŋ21 ʃy22	cung4 syu6	松樹1.2
1648	五、植物（3）樹木/松樹	松木	松木	tʃʰʊŋ21 mʊk2	cung4 muk6	松樹2
1649	五、植物（3）樹木/松果	松果	松果	ɬʊŋ55 kɔ35	slung1 go2	松球2.1
1650	五、植物（3）樹木/松果	松果	松果	tʃʰʊŋ21 kɔ35	cung4 go2	松球2.2
1651	五、植物（3）樹木/松針	松茅	松茅	ɬʊŋ55 mɛu21	slung1 meu4	松針1.1
1652	五、植物（3）樹木/松針	松茅	松茅	tʃʰʊŋ21 mɛu21	cung4 meu4	松針1.2
1653	五、植物（3）樹木/松針	松毛	松毛	tʃʰʊŋ21 mu55	cung4 mu1	松針2
1654	五、植物（3）樹木/松子	松子	松子	ɬʊŋ55 tʃi35	slung1 zi2	松子1.1
1655	五、植物（3）樹木/松子	松子	松子	ɬʊŋ55 tsɿ35	slung1 zy2	松子1.2
1656	五、植物（3）樹木/松子	松子	松子	tʃʰʊŋ21 tʃi35	cung4 zi2	松子1.3
1657	五、植物（3）樹木/松子	松子	松子	tʃʰʊŋ21 tsɿ35	cung4 zy2	松子1.4
1658	五、植物（3）樹木/馬尾松	馬尾松	马尾松	ma24 mi24 ɬʊŋ55	maa5 mi5 slung1	馬尾松1.1
1659	五、植物（3）樹木/馬尾松	馬尾松	马尾松	ma24 mi24 tʃʰʊŋ21	maa5 mi5 cung4	馬尾松1.2
1660	五、植物（3）樹木/松球	松雞子	松鸡子	tʃʰʊŋ21 kɐi55 tʃi35	cung4 gai1 zi2	松球1.1
1661	五、植物（3）樹木/松球	松雞子	松鸡子	tʃʰʊŋ21 kɐi55 tsɿ35	cung4 gai1 zy2	松球1.2
1662	五、植物（3）樹木/松香	松香	松香	tʃʰʊŋ21 hœŋ55	cung4 hoeng1	松香1
1663	五、植物（3）樹木/松香	松膠	松胶	tʃʰʊŋ21 kɛu55	cung4 geu1	松香2
1664	五、植物（3）樹木/柏樹	側柏	侧柏	tʃɐk5 pʰak3	zak1 paak3	柏樹1
1665	五、植物（3）樹木/柏樹	柏樹	柏树	pʰak3 ʃy22	paak3 syu6	柏樹2
1666	五、植物（3）樹木/香椿	香椿	香椿	hœŋ55 tʃʰɐn55	hoeng1 can1	香椿
1667	五、植物（3）樹木/椆樹	椆樹	椆树	tʃʰɐu21 ʃy22	cau4 syu6	椆樹1
1668	五、植物（3）樹木/椆樹	椆木	椆木	tʃʰɐu21 mʊk2	cau4 muk6	椆樹2
1669	五、植物（3）樹木/棗樹	棗子樹	枣子树	tʃu35 tʃi35 ʃy22	zu2 zi2 syu6	棗樹1.1
1670	五、植物（3）樹木/棗樹	棗子樹	枣子树	tʃu35 tsɿ35 ʃy22	zu2 zy2 syu6	棗樹1.2
1671	五、植物（3）樹木/杉樹	杉	杉	tʃʰam33	caam3	杉樹1
1672	五、植物（3）樹木/杉樹	杉木	杉木	tʃʰam33 mʊk2	caam3 muk6	杉樹2
1673	五、植物（3）樹木/杉樹	杉樹	杉树	tʃʰam33 ʃy22	caam3 syu6	杉樹3
1674	五、植物（3）樹木/杉針	杉簕	杉簕	tʃʰam33 lɐk2	caam3 lak6	杉針
1675	五、植物（3）樹木/杉樹皮	杉木皮	杉木皮	tʃʰam33 mʊk2 pʰi21	caam3 muk6 pi4	杉樹皮
1676	五、植物（3）樹木/桄榔	桄榔	桄榔	kɔŋ35 lɔŋ21	gong2 long4	桄榔
1677	五、植物（3）樹木/桑樹	桑樹	桑树	ɬɔŋ55 ʃy22	slong1 syu6	桑樹
1678	五、植物（3）樹木/桑葚兒	桑子	桑子	ɬɔŋ55 tʃi35	slong1 zi2	桑葚兒1.1，又作「桑籽」
1679	五、植物（3）樹木/桑葚兒	桑子	桑子	ɬɔŋ55 tsɿ35	slong1 zy2	桑葚兒1.2，又作「桑籽」
1680	五、植物（3）樹木/桑葚兒	桑果	桑果	ɬɔŋ55 kɔ35	slong1 go2	桑葚兒2
1681	五、植物（3）樹木/桑葉	桑葉	桑叶	ɬɔŋ55 jip2	slong1 jip6	桑葉
1682	五、植物（3）樹木/桑寄生	桑寄生	桑寄生	ɬɔŋ55 ki33 ʃaŋ55	slong1 gi3 saang1	桑寄生，常綠灌木，常寄生在桑樹、柿樹等植物上，葉卵形，花淡綠色，果實黃色，橢圓形，莖葉可入藥
1683	五、植物（3）樹木/紅花寄生	紅花寄生	红花寄生	hʊŋ21 fa55 ki33 ʃaŋ55	hung4 faa1 gi3 saang1	紅花寄生，桑寄生的一種
1684	五、植物（3）樹木/楊樹	楊樹	杨树	jœŋ21 ʃy22	joeng4 syu6	楊樹
1685	五、植物（3）樹木/柳樹	柳樹	柳树	lɐu24 ʃy22	lau5 syu6	柳樹1
1686	五、植物（3）樹木/柳樹	柳	柳	lɐu24	lau5	柳樹2
1687	五、植物（3）樹木/柳樹	楊柳	杨柳	jœŋ21 lɐu24	joeng4 lau5	柳樹3
1688	五、植物（3）樹木/柳樹	柳木	柳木	lɐu24 mʊk2	lau5 muk6	柳樹4
1689	五、植物（3）樹木/柳枝兒	柳條	柳条	lɐu24 tʰiu21	lau5 tiu4	柳枝兒
1690	五、植物（3）樹木/柳葉兒	柳葉	柳叶	lɐu24 jip2	lau5 jip6	柳葉兒
1691	五、植物（3）樹木/荊條	簕	簕	lɐk2	lak6	荊條1，本字「竻」
1692	五、植物（3）樹木/荊條	刺簕	刺簕	tʃʰi33 lɐk2	ci3 lak6	荊條2.1
1693	五、植物（3）樹木/荊條	刺簕	刺簕	tsʰɿ33 lɐk2	cy3 lak6	荊條2.2
1694	五、植物（3）樹木/桐樹	桐樹	桐树	tʰʊŋ21 ʃy22	tung4 syu6	桐樹
1695	五、植物（3）樹木/桐油樹	桐油樹	桐油树	tʰʊŋ21 jɐu21 ʃy22	tung4 jau4 syu6	桐油樹1
1696	五、植物（3）樹木/桐油樹	油桐	油桐	jɐu21 tʰʊŋ21	jau4 tung4	桐油樹2
1697	五、植物（3）樹木/桐子	桐油果	桐油果	tʰʊŋ21 jɐu21 kɔ35	tung4 jau4 go2	桐子
1698	五、植物（3）樹木/桐油	桐油	桐油	tʰʊŋ21 jɐu21	tung4 jau4	桐油
1699	五、植物（3）樹木/桐油灰	桐油灰	桐油灰	tʰʊŋ21 jɐu21 fui55	tung4 jau4 fui1	桐油灰，造船用
1700	五、植物（3）樹木/梧桐	梧桐	梧桐	ŋ̍21 tʰʊŋ21	ng4 tung4	梧桐
1701	五、植物（3）樹木/苦楝樹	苦楝樹	苦楝树	fu35 lin22 ʃy22	fu2 lin6 syu6	苦楝樹1.1
1702	五、植物（3）樹木/苦楝樹	苦楝樹	苦楝树	fu35 lin55 ʃy22	fu2 lin1 syu6	苦楝樹1.2
1703	五、植物（3）樹木/苦楝樹	苦楝木	苦楝木	fu35 lin22 mʊk2	fu2 lin6 muk6	苦楝樹2
1704	五、植物（3）樹木/苦楝子	苦楝子	苦楝子	fu35 lin22 tʃi35	fu2 lin6 zi2	苦楝子1.1
1705	五、植物（3）樹木/苦楝子	苦楝子	苦楝子	fu35 lin22 tsɿ35	fu2 lin6 zy2	苦楝子1.2
1706	五、植物（3）樹木/槐樹	槐樹	槐树	wai21 ʃy22	waai4 syu6	槐樹
1707	五、植物（3）樹木/槐花	槐花	槐花	wai21 fa55	waai4 faa1	槐花
1708	五、植物（3）樹木/紅豆樹	相思樹	相思树	ɬœŋ55 ʃi55 ʃy22	sloeng1 si1 syu6	紅豆樹
1709	五、植物（3）樹木/相思子	紅豆	红豆	hʊŋ21 tɐu22	hung4 dau6	相思子
1710	五、植物（3）樹木/榕樹	榕樹	榕树	jʊŋ21 ʃy22	jung4 syu6	榕樹
1711	五、植物（3）樹木/大葉榕	大葉榕	大叶榕	tai22 jip2 jʊŋ21	daai6 jip6 jung4	大葉榕
1712	五、植物（3）樹木/小葉榕	細葉榕	细叶榕	ɬɐi33 jip2 jʊŋ21	slai3 jip6 jung4	小葉榕
1713	五、植物（3）樹木/桉樹	桉樹	桉树	ɔn55 ʃy22	on1 syu6	桉樹1.1
1714	五、植物（3）樹木/桉樹	桉樹	桉树	ɔn33 ʃy22	on3 syu6	桉樹1.2
1715	五、植物（3）樹木/大葉桉	大葉桉	大叶桉	tai22 jip2 ɔn55	daai6 jip6 on1	大葉桉
1716	五、植物（3）樹木/小葉桉	細葉桉	细叶桉	ɬɐi33 jip2 ɔn55	slai3 jip6 on1	小葉桉
1717	五、植物（3）樹木/檸檬桉	檸檬桉	柠檬桉	neŋ21 mʊŋ35 ɔn55	ning4 mung2 on1	檸檬桉
1718	五、植物（3）樹木/夾竹桃	夾竹桃	夹竹桃	kap3 tʃʊk5 tʰu21	gaap3 zuk1 tu4	夾竹桃
1719	五、植物（3）樹木/樟樹	樟木	樟木	tʃœŋ55 mʊk2	zoeng1 muk6	樟樹
1720	五、植物（3）樹木/樟腦	樟腦	樟脑	tʃœŋ55 nu24	zoeng1 nu5	樟腦
1721	五、植物（3）樹木/楓樹	黑飯樹	黑饭树	hɐk5 fan22 ʃy22	hak1 faan6 syu6	楓樹1
1722	五、植物（3）樹木/楓樹	烏飯木	乌饭木	wu55 fan22 mʊk2	wu1 faan6 muk6	楓樹2
1723	五、植物（3）樹木/楓樹	烏米木	乌米木	wu55 mɐi24 mʊk2	wu1 mai5 muk6	楓樹3
1724	五、植物（3）樹木/楓樹	楓樹	枫树	fʊŋ55 ʃy22	fung1 syu6	楓樹4
1725	五、植物（3）樹木/楓葉	黑飯葉	黑饭叶	hɐk5 fan22 jip2	hak1 faan6 jip6	黑飯葉
1726	五、植物（3）樹木/烏桕樹	烏桕樹	乌桕树	wu55 kʰɐu24 ʃy22	wu1 kau5 syu6	烏桕樹
1727	五、植物（3）樹木/木棉	木棉	木棉	mʊk2 min21	muk6 min4	木棉1
1728	五、植物（3）樹木/木棉	木棉樹	木棉树	mʊk2 min21 ʃy22	muk6 min4 syu6	木棉2
1729	五、植物（3）樹木/木棉花	木棉花	木棉花	mʊk2 min21 fa55	muk6 min4 faa1	木棉花1
1730	五、植物（3）樹木/木棉花	木棉	木棉	mʊk2 min21	muk6 min4	木棉花2
1731	五、植物（3）樹木/鳳凰樹	鳳凰樹	凤凰树	fʊŋ22 wɔŋ21 ʃy22	fung6 wong4 syu6	鳳凰樹
1732	五、植物（3）樹木/漆樹	漆樹	漆树	tʃʰɐt5 ʃy22	cat1 syu6	漆樹
1733	五、植物（3）樹木/捱漆食	捱漆食	挨漆食	ŋai21 tʃʰɐt5 ʃek2	ngaai4 cat1 sik6	捱漆食，碰到漆樹皮膚過敏
1734	五、植物（3）樹木/鴨腳木	鴨腳木	鸭脚木	ap3 kœk3 mʊk2	aap3 goek3 muk6	鴨腳木，一種木質較差的樹，多用作板鞋
1735	五、植物（3）樹木/洗手果	洗手果	洗手果	ɬɐi35 ʃɐu35 kɔ35	slai2 sau2 go2	洗手果，木本植物，果實可當肥皂用
1736	五、植物（3）樹木/寄生	寄生	寄生	ki33 ʃaŋ55	gi3 saang1	寄生
1737	五、植物（3）樹木/竹子	竹	竹	tʃʊk5	zuk1	竹子
1738	五、植物（3）樹木/南竹	大頭竹	大头竹	tai22 tʰɐu21 tʃʊk5	daai6 tau4 zuk1	南竹
1739	五、植物（3）樹木/單竹	單竹	单竹	tan55 tʃʊk5	daan1 zuk1	單竹，較直，竹節長，編織竹器用
1740	五、植物（3）樹木/筋竹	筋竹	筋竹	kɐn55 tʃʊk5	gan1 zuk1	筋竹，較細，做笛子、蚊帳杆等用
1741	五、植物（3）樹木/簕竹	簕竹	簕竹	lɐk2 tʃʊk5	lak6 zuk1	簕竹，竹枝上有刺，可圍園子
1742	五、植物（3）樹木/金竹	金竹	金竹	kɐm55 tʃʊk5	gam1 zuk1	金竹，金黃色，間有綠色豎條紋
1743	五、植物（3）樹木/佛肚竹	佛肚竹	佛肚竹	fɐt2 tʰu24 tʃʊk5	fat6 tu5 zuk1	佛肚竹
1744	五、植物（3）樹木/龜背竹	龜背竹	龟背竹	kʷɐi55 pui33 tʃʊk5	gwai1 bui3 zuk1	龜背竹，一種陰生觀賞植物
1745	五、植物（3）樹木/竹枝	竹枝	竹枝	tʃʊk5 tʃi55	zuk1 zi1	竹枝
1746	五、植物（3）樹木/竹筍	筍	笋	ɬɐn35	slan2	竹筍1.1
1747	五、植物（3）樹木/竹筍	筍	笋	ɬyn35	slyun2	竹筍1.2
1748	五、植物（3）樹木/竹筍	竹筍	竹笋	tʃʊk5 ɬɐn35	zuk1 slan2	竹筍2.1
1749	五、植物（3）樹木/竹筍	竹筍	竹笋	tʃʊk5 ɬyn35	zuk1 slyun2	竹筍2.2
1750	五、植物（3）樹木/冬筍	冬筍	冬笋	tʊŋ55 ɬɐn35	dung1 slan2	冬筍1.1，見1985年《廣西特產風味指南》P22-24
1751	五、植物（3）樹木/冬筍	冬筍	冬笋	tʊŋ55 ɬyn35	dung1 slyun2	冬筍1.2
1752	五、植物（3）樹木/春筍	春筍	春笋	tʃʰɐn55 ɬɐn35	can1 slan2	春筍1.1
1753	五、植物（3）樹木/春筍	春筍	春笋	tʃʰyn55 ɬyn35	cyun1 slyun2	春筍1.2
1754	五、植物（3）樹木/甜筍	甜筍	甜笋	tʰim21 ɬɐn35	tim4 slan2	甜筍1.1
1755	五、植物（3）樹木/甜筍	甜筍	甜笋	tʰim21 ɬyn35	tim4 slyun2	甜筍1.2
1756	五、植物（3）樹木/酸筍	酸筍	酸笋	ɬyn55 ɬɐn35	slyun1 slan2	酸筍1.1
1757	五、植物（3）樹木/酸筍	酸筍	酸笋	ɬyn55 ɬyn35	slyun1 slyun2	酸筍1.2
1758	五、植物（3）樹木/乾筍	筍乾	笋干	ɬɐn35 kɔn55	slan2 gon1	乾筍1.1
1759	五、植物（3）樹木/乾筍	筍乾	笋干	ɬyn35 kɔn55	slyun2 gon1	乾筍1.2
1760	五、植物（3）樹木/乾筍	玉蘭片	玉兰片	jʊk2 lan21 pʰin33	juk6 laan4 pin3	乾筍2，見1985年《廣西特產風味指南》P22-24
1761	五、植物（3）樹木/筍絲	筍絲	笋丝	ɬɐn35 ʃi55	slan2 si1	筍絲1.1
1762	五、植物（3）樹木/筍絲	筍絲	笋丝	ɬyn35 sɿ55	slyun2 sy1	筍絲1.2
1763	五、植物（3）樹木/筍殼	筍殼	笋壳	ɬɐn35 hɔk3	slan2 hok3	筍殼1.1
1764	五、植物（3）樹木/筍殼	筍殼	笋壳	ɬyn35 hɔk3	slyun2 hok3	筍殼1.2
1765	五、植物（3）樹木/筍殼	竹殼	竹壳	tʃʊk5 hɔk3	zuk1 hok3	筍殼2
1766	五、植物（3）樹木/竹竿兒	竹篙	竹篙	tʃʊk5 ku55	zuk1 gu1	竹竿兒1
1767	五、植物（3）樹木/竹竿兒	竹桿	竹杆	tʃʊk5 kɔn35	zuk1 gon2	竹竿兒2
1768	五、植物（3）樹木/竹葉兒	竹葉	竹叶	tʃʊk5 jip2	zuk1 jip6	竹葉兒
1769	五、植物（3）樹木/篾片	篾	篾	mɛt2	met6	篾片1.1
1770	五、植物（3）樹木/篾片	篾	篾	mit2	mit6	篾片1.2
1771	五、植物（3）樹木/篾片	竹篾	竹篾	tʃʊk5 mɛt2	zuk1 met6	篾片2
1772	五、植物（3）樹木/篾黃	篾肚	篾肚	mit2 tʰu24	mit6 tu5	篾黃
1773	五、植物（3）樹木/篾青	篾青	篾青	mit2 tʃʰɛŋ55	mit6 ceng1	篾青
1774	五、植物（3）樹木/韌根	韌根	韧根	jɐŋ33 kɐn55	jang3 gan1	韌根，草窠，權木叢
1775	五、植物（3）樹木/果樹	果樹	果树	kɔ35 ʃy22	go2 syu6	果樹
1776	五、植物（4）瓜果/水果	生果	生果	ʃaŋ55 kɔ35	saang1 go2	水果1
1777	五、植物（4）瓜果/水果	水果	水果	ʃui35 kɔ35	sui2 go2	水果2
1778	五、植物（4）瓜果/乾果	乾果	干果	kɔn55 kɔ35	gon1 go2	乾果
1779	五、植物（4）瓜果/肉果	肉果	肉果	jʊk2 kɔ35	juk6 go2	肉果，多汁或者多肉質的果實
1780	五、植物（4）瓜果/桃	桃子	桃子	tʰu21 tʃi35	tu4 zi2	桃1.1
1781	五、植物（4）瓜果/桃	桃子	桃子	tʰu21 tsɿ35	tu4 zy2	桃1.2
1782	五、植物（4）瓜果/桃	桃	桃	tʰu21	tu4	桃2
1783	五、植物（4）瓜果/毛桃	毛桃	毛桃	mu21 tʰu21	mu4 tu4	毛桃，桃子的一種，表面毛多，較甜
1784	五、植物（4）瓜果/油桃	油桃	油桃	jɐu21 tʰu21	jau4 tu4	油桃，桃子的一種，表面光滑，較脆
1785	五、植物（4）瓜果/黃桃	黃桃	黄桃	wɔŋ21 tʰu21	wong4 tu4	黃桃，桃子的一種，表面和果肉都是金黃色的，較酸
1786	五、植物（4）瓜果/水蜜桃	水蜜桃	水蜜桃	ʃui35 mɐt2 tʰu21	sui2 mat6 tu4	水蜜桃，桃子的一種，表面毛稀，皮薄，果肉多汁，甜度高
1787	五、植物（4）瓜果/桃樹	桃子樹	桃子树	tʰu21 tʃi35 ʃy22	tu4 zi2 syu6	桃子樹1.1
1788	五、植物（4）瓜果/桃樹	桃子樹	桃子树	tʰu21 tsɿ35 ʃy22	tu4 zy2 syu6	桃子樹1.2
1789	五、植物（4）瓜果/桃樹	桃子	桃子	tʰu21 tʃi35	tu4 zi2	桃子樹2.1
1790	五、植物（4）瓜果/桃樹	桃子	桃子	tʰu21 tsɿ35	tu4 zy2	桃子樹2.2
1791	五、植物（4）瓜果/杏	杏	杏	hɐŋ22	hang6	杏
1792	五、植物（4）瓜果/杏仁	杏仁	杏仁	hɐŋ22 jɐn21	hang6 jan4	杏仁
1793	五、植物（4）瓜果/李子	李果	李果	li24 kɔ35	li5 go2	李子1
1794	五、植物（4）瓜果/李子	布林	布林	pu33 lɐm21	bu3 lam4	李子2，引進品種，英語plum
1795	五、植物（4）瓜果/李樹	李樹	李树	li24 ʃy22	li5 syu6	李樹
1796	五、植物（4）瓜果/三華李	三華李	三华李	ɬam55 wa21 li24	slaam1 waa4 li5	三華李
1797	五、植物（4）瓜果/櫻桃	櫻桃	樱桃	jeŋ55 tʰu21	jing1 tu4	櫻桃
1798	五、植物（4）瓜果/蘋果	蘋果	苹果	pʰeŋ21 kɔ35	ping4 go2	蘋果
1799	五、植物（4）瓜果/棗兒	棗子	枣子	tʃu35 tʃi35	zu2 zi2	棗兒1.1，生的
1800	五、植物（4）瓜果/棗兒	棗子	枣子	tʃu35 tsɿ35	zu2 zy2	棗兒1.2，生的
1801	五、植物（4）瓜果/棗兒	棗	枣	tʃu35	zu2	棗兒2
1802	五、植物（4）瓜果/棗核兒	棗核	枣核	tʃu35 wɐt2	zu2 wat6	棗核兒
1803	五、植物（4）瓜果/紅棗	紅棗	红枣	hʊŋ21 tʃu35	hung4 zu2	紅棗
1804	五、植物（4）瓜果/蜜棗	蜜棗	蜜枣	mɐt2 tʃu35	mat6 zu2	蜜棗
1805	五、植物（4）瓜果/黑棗	黑棗	黑枣	hɐk5 tʃu35	hak1 zu2	黑棗
1806	五、植物（4）瓜果/梨	梨	梨	li21	li4	梨，統稱
1807	五、植物（4）瓜果/沙梨	沙梨	沙梨	ʃa55 li21	saa1 li4	沙梨，本地產的梨
1808	五、植物（4）瓜果/沙梨樹	沙梨樹	沙梨树	ʃa55 li21 ʃy22	saa1 li4 syu6	沙梨樹2
1809	五、植物（4）瓜果/沙梨樹	沙梨	沙梨	ʃa55 li21	saa1 li4	沙梨樹1
1810	五、植物（4）瓜果/蜜糖罌	蜜糖罌	蜜糖罂	mɐt2 tʰɔŋ21 aŋ55	mat6 tong4 aang1	蜜糖罌，一種本地產的梨，很甜
1811	五、植物（4）瓜果/雪梨	雪梨	雪梨	ɬyt3 li21	slyut3 li4	雪梨，北方梨
1812	五、植物（4）瓜果/枇杷	枇杷	枇杷	pʰi21 pʰa21	pi4 paa4	枇杷1
1813	五、植物（4）瓜果/枇杷	枇杷果	枇杷果	pʰi21 pʰa21 kɔ35	pi4 paa4 go2	枇杷2
1814	五、植物（4）瓜果/枇杷樹	枇杷樹	枇杷树	pʰi21 pʰa21 ʃy22	pi4 paa4 syu6	枇杷樹
1815	五、植物（4）瓜果/柿子	柿子	柿子	ʃɐi22 tʃi35	sai6 zi2	柿子1.1，品種衆多，主要以金柿、火柿、水柿爲主，見1985年《廣西特產風味指南》P68-69
1816	五、植物（4）瓜果/柿子	柿子	柿子	ʃɐi22 tsɿ35	sai6 zy2	柿子1.2
1817	五、植物（4）瓜果/柿子樹	柿子樹	柿子树	ʃɐi22 tʃi35 ʃy22	sai6 zi2 syu6	柿子樹1.1
1818	五、植物（4）瓜果/柿子樹	柿子樹	柿子树	ʃɐi22 tsɿ35 ʃy22	sai6 zy2 syu6	柿子樹1.2
1819	五、植物（4）瓜果/金柿	金柿	金柿	kɐm55 ʃɐi22	gam1 sai6	金柿，柿子的一種，熟時呈金黃色，常作鮮果生吃，見1985年《廣西特產風味指南》P68-69
1820	五、植物（4）瓜果/火柿	火柿	火柿	fɔ35 ʃɐi22	fo2 sai6	火柿，柿子的一種，熟時呈橙紅色，既可生吃也可製柿餅，見1985年《廣西特產風味指南》P68-69
1821	五、植物（4）瓜果/水柿	水柿	水柿	ʃui35 ʃɐi22	sui2 sai6	水柿，柿子的一種，比火柿略小，是製柿餅最好的品種，熟時呈黃色，口感很硬較脆，味澀，須用石灰水浸泡後纔可食用，主產地有恭城縣、平樂縣等，見1985年《廣西特產風味指南》P68-69
1822	五、植物（4）瓜果/柿餅	柿餅	柿饼	ʃɐi22 pɛŋ35	sai6 beng2	柿餅，用柿子製成的餅狀食品，成品表面有白霜，一般用金柿或水柿製作，見1985年《廣西特產風味指南》P68-69
1823	五、植物（4）瓜果/石榴	石榴	石榴	ʃɛk2 lɐu21	sek6 lau4	石榴
1824	五、植物（4）瓜果/石榴樹	石榴樹	石榴树	ʃɛk2 lɐu21 ʃy22	sek6 lau4 syu6	石榴樹
1825	五、植物（4）瓜果/番桃	花棯	花棯	fa55 nim55	faa1 nim1	番桃1.1，「番捻」的音變，本地產的番石榴，桃金娘的果實
1826	五、植物（4）瓜果/番桃	花棯	花棯	fa55 nɛm55	faa1 nem1	番桃1.2
1827	五、植物（4）瓜果/番桃	番棯	番棯	fan55 nim55	faan1 nim1	番桃1.3
1828	五、植物（4）瓜果/番桃	番棯	番棯	fan55 nɛm55	faan1 nem1	番桃1.4
1829	五、植物（4）瓜果/番桃	雞屎果	鸡屎果	kɐi55 ʃi35 kɔ35	gai1 si2 go2	番桃2
1830	五、植物（4）瓜果/番石榴	番石榴	番石榴	fan55 ʃɛk2 lɐu21	faan1 sek6 lau4	番石榴，近年引進的新品種，個兒大
1831	五、植物（4）瓜果/蓮霧	蓮霧	莲雾	lin21 mu22	lin4 mu6	蓮霧，近些年（約21世紀後）引進的水果
1832	五、植物（4）瓜果/蒲桃	蒲桃	蒲桃	pʰu21 tʰu21	pu4 tu4	蒲桃，黃色，肉與核之間有空隙，搖動有聲，有些地方也稱爲「鈴鐺果」
1833	五、植物（4）瓜果/百香果	百香果	百香果	pak3 hœŋ55 kɔ35	baak3 hoeng1 go2	百香果
1834	五、植物（4）瓜果/釋迦果	番荔枝	番荔枝	fan55 lɐi22 tʃi55	faan1 lai6 zi1	釋迦果1，灰綠色，外形似小菠蘿、大荔枝、釋迦牟尼佛的頭
1835	五、植物（4）瓜果/釋迦果	番鬼荔枝	番鬼荔枝	fan55 kʷɐi35 lɐi22 tʃi55	faan1 gwai2 lai6 zi1	釋迦果2
1836	五、植物（4）瓜果/人心果	人心果	人心果	jɐn21 ɬɐm55 kɔ35	jan4 slam1 go2	人心果，形似人心得名
1837	五、植物（4）瓜果/柚子	樸碌	朴碌	pʊk5 lʊk5	buk1 luk1	柚子1.1
1838	五、植物（4）瓜果/柚子	樸碌	朴碌	pɔk5 lʊk5	bok1 luk1	柚子1.2，連讀易失去韻尾讀成「波碌」
1839	五、植物（4）瓜果/沙田柚	沙田柚	沙田柚	ʃa55 tʰin21 jɐu35	saa1 tin4 jau2	沙田柚，略呈葫蘆狀，味甜質好，產自容縣沙田村得名，見2015年廣西壯族自治區商務廳《廣西特產寶典》P74-77和1985年《廣西特產風味指南》P49-50
1840	五、植物（4）瓜果/沙甜柚	沙甜柚	沙甜柚	ʃa55 tʰim21 jɐu35	saa1 tim4 jau2	沙甜柚，沙田柚的音變，已成甜柚子的統稱
1841	五、植物（4）瓜果/甜柚子	蜜柚	蜜柚	mɐt2 jɐu35	mat6 jau2	甜柚子
1842	五、植物（4）瓜果/酸柚子	酸樸碌	酸朴碌	ɬyn55 pʊk5 lʊk5	slyun1 buk1 luk1	酸柚子1.1
1843	五、植物（4）瓜果/酸柚子	酸樸碌	酸朴碌	ɬyn55 pɔk5 lʊk5	slyun1 bok1 luk1	酸柚子1.2
1844	五、植物（4）瓜果/紅柚子	紅樸碌	红朴碌	hʊŋ21 pʊk5 lʊk5	hung4 buk1 luk1	紅柚子1.1
1845	五、植物（4）瓜果/紅柚子	紅樸碌	红朴碌	hʊŋ21 pɔk5 lʊk5	hung4 bok1 luk1	紅柚子1.2
1846	五、植物（4）瓜果/金錢䐁	金錢䐁	金钱䐁	kɐm55 tʃʰin21 tʊk5	gam1 cin4 duk1	甜柚子底部的銅錢狀突痕
1847	五、植物（4）瓜果/柚子皮	樸碌皮	朴碌皮	pʊk5 lʊk5 pʰi21	buk1 luk1 pi4	柚子皮1.1，可作菜
1848	五、植物（4）瓜果/柚子皮	樸碌皮	朴碌皮	pɔk5 lʊk5 pʰi21	bok1 luk1 pi4	柚子皮1.2，可作菜
1849	五、植物（4）瓜果/柚皮鴨	柚皮鴨	柚皮鸭	jɐu35 pʰi21 ap3	jau2 pi4 aap3	柚皮鴨，地方特色菜
1850	五、植物（4）瓜果/柑橘（柑桔）	柑果	柑果	kɐm55 kɔ35	gam1 go2	柑橘（柑桔），總稱，指柑、橘、柚、橙等
1851	五、植物（4）瓜果/橘子	橘	橘	kɐt5	gat1	橘子，統稱，而小金橘（皮薄、味酸）或小番茄（本地用法）則常俗作「桔」
1852	五、植物（4）瓜果/柑	柑	柑	kɐm55	gam1	柑，橘與橙的雜交
1853	五、植物（4）瓜果/桔（小、味酸）	桔	桔	kɐt5	gat1	桔（小、味酸），比柑小，皮薄、黃色、味酸，「桔」本是「橘」的俗寫，但現在多用來專指小金橘，本地還指小番茄
1854	五、植物（4）瓜果/甜橘	糖橘	糖橘	tʰɔŋ21 kɐt5	tong4 gat1	甜橘
1855	五、植物（4）瓜果/甜橘	糖桔	糖桔	tʰɔŋ21 kɐt5	tong4 gat1	甜橘，同「糖橘」
1856	五、植物（4）瓜果/砂糖橘（十月橘）	砂糖橘	砂糖橘	ʃa55 tʰɔŋ21 kɐt5	saa1 tong4 gat1	砂糖橘（十月橘），柑橘的一個品種，廣西是主產地，俗作「砂糖桔」
1857	五、植物（4）瓜果/金橘（金柑、金彈）	金橘	金橘	kɐm55 kɐt5	gam1 gat1	金橘1（金柑、金彈），皮薄、黃色、味酸，陽朔和融安爲主產地，見2015年廣西壯族自治區商務廳《廣西特產寶典》P30-35和1985年《廣西特產風味指南》P57-58，注意與本地用法的「金桔（小番茄）」區分
1858	五、植物（4）瓜果/金橘（金柑、金彈）	金錢橘	金钱橘	kɐm55 tʃʰin21 kɐt5	gam1 cin4 gat1	金橘2（金柑、金彈），同「金橘」，注意與本地用法的「金錢桔（小番茄）」區分
1859	五、植物（4）瓜果/扁柑	扁柑	扁柑	pɛn35 kɐm55	ben2 gam1	扁柑，柑橘的一個品種，果實呈扁圓形，頂部微凹，常有小臍，橙紅色，果肉深橙黃至橙紅色，汁略少，渣稍多，味偏酸
1860	五、植物（4）瓜果/沃柑	沃柑	沃柑	jʊk5 kɐm55	juk1 gam1	沃柑，柑橘的一個品種，武鳴爲主產地，近些年（約2012年）引種
1861	五、植物（4）瓜果/橘絡	筋	筋	kɐn55	gan1	橘絡1
1862	五、植物（4）瓜果/橘絡	筋渣	筋渣	kɐn55 tʃa55	gan1 zaa1	橘絡2
1863	五、植物（4）瓜果/橙子	橙	橙	tʃʰaŋ35	caang2	橙子
1864	五、植物（4）瓜果/木瓜	木瓜	木瓜	mʊk2 kʷa55	muk6 gwaa1	木瓜，市面上基本爲番木瓜
1865	五、植物（4）瓜果/公木瓜	木瓜公	木瓜公	mʊk2 kʷa55 kʊŋ55	muk6 gwaa1 gung1	公木瓜，不結果實的番木瓜植株或內瓤無籽的番木瓜果實
1866	五、植物（4）瓜果/母木瓜	木瓜乸	木瓜乸	mʊk2 kʷa55 na35	muk6 gwaa1 naa2	母木瓜，結果實的番木瓜植株或內瓤有籽的番木瓜果實
1867	五、植物（4）瓜果/木瓜龍	木瓜龍	木瓜龙	mʊk2 kʷa55 lʊŋ21	muk6 gwaa1 lung4	木瓜龍，將木瓜切成連着不斷的薄片，形似長龍得名，酸嘢中常見
1868	五、植物（4）瓜果/蕉	蕉	蕉	tʃiu55	ziu1	蕉，芭蕉、香蕉等芭蕉類植物的統稱，也指葉子像芭蕉葉的植物，如美人蕉
1869	五、植物（4）瓜果/芭蕉（大蕉的通稱）	芭蕉	芭蕉	pa55 tʃiu55	baa1 ziu1	芭蕉（大蕉的通稱），有兩大類，一類個大、稜角分明，略帶酸味，統稱「牛蕉」，另一類個小與香蕉差不多，但稍短偏圓偏肥，較香甜或酸甜，統稱「雞蕉」，後者南寧地區多產，見1985年《廣西特產風味指南》P64-66
1870	五、植物（4）瓜果/牛蕉	牛蕉	牛蕉	ŋɐu21 tʃiu55	ngau4 ziu1	牛蕉，統稱，一類個大、品質較次的芭蕉
1871	五、植物（4）瓜果/雞蕉	雞蕉	鸡蕉	kɐi55 tʃiu55	gai1 ziu1	雞蕉，統稱，一類個小、較香甜或酸甜的芭蕉
1872	五、植物（4）瓜果/粉蕉（粉芭蕉、牛奶蕉）	粉蕉	粉蕉	fɐn35 tʃiu55	fan2 ziu1	粉蕉（也叫粉芭蕉、牛奶蕉），統稱芭蕉中果肉偏白，質地糯，較香甜、不帶酸味或酸味較少的一類，例如西貢蕉、蘋果蕉等
1873	五、植物（4）瓜果/西貢蕉	西貢蕉	西贡蕉	ɬɐi55 kʊŋ33 tʃiu55	slai1 gung3 ziu1	西貢蕉，芭蕉（雞蕉）的一種，原產越南西貢，皮薄、肉白、嫩滑，味清甜，因皮薄易爛不便長途貯運，見1985年《廣西特產風味指南》P64-66
1874	五、植物（4）瓜果/蘋果蕉	蘋果蕉	苹果蕉	pʰeŋ21 kɔ35 tʃiu55	ping4 go2 ziu1	蘋果蕉，芭蕉（雞蕉）的一種，外形比西貢蕉更短胖，但不易爛，熟後外皮淡黃色，黑斑較少，果肉奶白，味香甜，有蘋果香
1875	五、植物（4）瓜果/小米蕉	細米蕉	细米蕉	ʃɐi33 mɐi24 tʃiu55	slai3 mai5 ziu1	小米蕉，芭蕉（雞蕉）的一種，較蘋果蕉有弧形，熟後外皮金黃較蘋果蕉深，果肉偏黃，味酸甜
1876	五、植物（4）瓜果/香蕉	香蕉	香蕉	hœŋ55 tʃiu55	hoeng1 ziu1	香蕉，一般果形彎曲似鐮刀，生時青綠色，熟時變黃色，肉是黃白色，味香甜，主要的品種有香牙蕉、龍牙蕉、紅蕉、皇帝蕉等等
1877	五、植物（4）瓜果/香牙蕉（華蕉）	香牙蕉	香牙蕉	hœŋ55 ŋa21 tʃiu55	hoeng1 ngaa4 ziu1	香牙蕉（也叫華蕉），香蕉的一種
1878	五、植物（4）瓜果/龍牙蕉（糯米蕉、過山香）	龍牙蕉	龙牙蕉	lʊŋ21 ŋa21 tʃiu55	lung4 ngaa4 ziu1	龍牙蕉（也叫糯米蕉、過山香），香蕉的一種
1879	五、植物（4）瓜果/紅蕉（紅香蕉）	紅蕉	红蕉	hʊŋ21 tʃiu55	hung4 ziu1	紅蕉（紅香蕉），香蕉的一種，外皮爲紅色
1880	五、植物（4）瓜果/皇帝蕉（貢蕉）	皇帝蕉	皇帝蕉	wɔŋ21 tɐi33 tʃiu55	wong4 dai3 ziu1	皇帝蕉（貢蕉），香蕉的一種
1881	五、植物（4）瓜果/龍眼	龍眼	龙眼	lʊŋ21 ŋɛn24	lung4 ngen5	龍眼1，果肉晶瑩如白眼球，果核黑亮如眼珠，故而得名，也叫「圓眼」，見1985年《廣西特產風味指南》P51-52
1882	五、植物（4）瓜果/龍眼	龍眼果	龙眼果	lʊŋ21 ŋɛn24 kɔ35	lung4 ngen5 go2	龍眼2
1883	五、植物（4）瓜果/龍眼	圓眼	圆眼	jyn21 ŋɛn24	jyun4 ngen5	龍眼3
1884	五、植物（4）瓜果/龍眼乾	龍眼乾	龙眼干	lʊŋ21 ŋɛn24 kɔn55	lung4 ngen5 gon1	龍眼乾1，帶殼的
1885	五、植物（4）瓜果/龍眼乾	桂圓	桂圆	kʷɐi33 jyn21	gwai3 jyun4	龍眼乾2，帶殼的，因去殼去核的龍眼乾叫「圓肉」，廣西簡稱「桂」，特產名稱前冠一「桂」字，故而龍眼乾叫「桂圓」，「圓肉」也叫「桂圓肉」，見1985年《廣西特產風味指南》P51-52
1886	五、植物（4）瓜果/龍眼肉	圓肉	圆肉	jyn21 jʊk2	jyun4 juk6	龍眼肉1，去殼去核的龍眼乾，也叫「桂圓肉」，除入藥外還配以沙蔘、玉竹和豬肉煎湯作成「清補涼」，見1985年《廣西特產風味指南》P51-52
1887	五、植物（4）瓜果/龍眼肉	桂圓肉	桂圆肉	kʷɐi33 jyn21 jʊk2	gwai3 jyun4 juk6	龍眼肉2，去殼去核的龍眼乾，廣西簡稱「桂」，「圓肉」特產名稱前冠一「桂」字，故而得名，見1985年《廣西特產風味指南》P51-52
1888	五、植物（4）瓜果/荔枝	荔枝	荔枝	lɐi22 tʃi55	lai6 zi1	荔枝，品種衆多，常見的有「糯米餈、桂味、黑葉荔、丁香荔、妃子笑」等等，見1985年《廣西特產風味指南》P52-54
1889	五、植物（4）瓜果/紅毛丹	紅毛丹	红毛丹	hʊŋ21 mu21 tan55	hung4 mu4 daan1	紅毛丹，引進水果
1890	五、植物（4）瓜果/芒果	芒果	芒果	mɔŋ55 kɔ35	mong1 go2	芒果，本作「杧果」
1891	五、植物（4）瓜果/象牙芒	象牙芒	象牙芒	tʃœŋ22 ŋa21 mɔŋ55	zoeng6 ngaa4 mong1	象牙芒，芒果的一種
1892	五、植物（4）瓜果/香芒	香芒	香芒	hœŋ55 mɔŋ55	hoeng1 mong1	香芒，芒果的一種
1893	五、植物（4）瓜果/扁桃（樹/果）	扁桃	扁桃	pʰin55 tʰu21	pin1 tu4	扁桃（樹/果），嶺南的一種果樹及其果實，與杧果同爲漆樹科杧果屬常綠大喬木，果實與杧果類似，大者如鴨卵，顏色青黃，味酸微甜，又作「偏桃」，並非薔薇科的巴旦杏，見2014年王銀田《「巴丹」攷》和1985年《廣西特產風味指南》P70-71
1894	五、植物（4）瓜果/扁桃（樹/果）	偏桃	偏桃	pʰin55 tʰu21	pin1 tu4	扁桃（樹/果），同「扁桃」
1895	五、植物（4）瓜果/菠蘿（鳳梨）	菠蘿	菠萝	pɔ55 lɔ21	bo1 lo4	菠蘿（鳳梨），除了鮮食外還常用來製作果汁、果醬、果酒、罐頭或用於作菜，南寧園藝場曾培育出一種「無丁菠蘿」，見1985年《廣西特產風味指南》P60-61
1896	五、植物（4）瓜果/菠蘿蜜	木菠蘿	木菠萝	mʊk2 pɔ55 lɔ21	muk6 bo1 lo4	菠蘿蜜1，果肉味甜，果核可炒或煮食，見1985年《廣西特產風味指南》P61-63
1897	五、植物（4）瓜果/菠蘿蜜	樹菠蘿	树菠萝	ʃy22 pɔ55 lɔ21	syu6 bo1 lo4	菠蘿蜜2
1898	五、植物（4）瓜果/榴槤	榴槤	榴梿	lɐu21 lin21	lau4 lin4	榴槤
1899	五、植物（4）瓜果/火龍果	火龍果	火龙果	fɔ35 lʊŋ21 kɔ35	fo2 lung4 go2	火龍果
1900	五、植物（4）瓜果/山竹	山竹	山竹	ʃan55 tʃʊk5	saan1 zuk1	山竹，進口水果
1901	五、植物（4）瓜果/橄欖	欖	榄	lam35	laam2	橄欖1
1902	五、植物（4）瓜果/橄欖	橄欖	橄榄	kam35 lam35	gaam2 laam2	橄欖2
1903	五、植物（4）瓜果/青橄欖	白欖	白榄	pak2 lam35	baak6 laam2	青橄欖
1904	五、植物（4）瓜果/黑橄欖	黑欖	黑榄	hɐk5 lam35	hak1 laam2	黑橄欖1
1905	五、植物（4）瓜果/黑橄欖	烏欖	乌榄	wu55 lam35	wu1 laam2	黑橄欖2
1906	五、植物（4）瓜果/橄欖核	欖核	榄核	lam35 wɐt2	laam2 wat6	橄欖核
1907	五、植物（4）瓜果/欖仁	欖仁	榄仁	lam35 jɐn21	laam2 jan4	欖仁，多指黑橄欖的仁，月餅原料
1908	五、植物（4）瓜果/欖角	欖角	榄角	lam35 kɔk3	laam2 gok3	欖角，鹽漬黑橄欖
1909	五、植物（4）瓜果/甘草欖	甘草欖	甘草榄	kɐm55 tʃʰu35 lam35	gam1 cu2 laam2	甘草欖，橄欖果脯
1910	五、植物（4）瓜果/和順欖	和順欖	和顺榄	wɔ21 ʃɐn22 lam35	wo4 san6 laam2	和順欖1.1，橄欖果脯
1911	五、植物（4）瓜果/和順欖	和順欖	和顺榄	wɔ21 ʃyn22 lam35	wo4 syun6 laam2	和順欖1.2，橄欖果脯
1912	五、植物（4）瓜果/檳榔	檳榔	槟榔	pɐn55 lɔŋ21	ban1 long4	檳榔，主產地海南
1913	五、植物（4）瓜果/楊桃	楊桃	杨桃	jœŋ21 tʰu21	joeng4 tu4	楊桃
1914	五、植物（4）瓜果/甜楊桃	甜楊桃	甜杨桃	tʰim21 jœŋ21 tʰu21	tim4 joeng4 tu4	甜楊桃
1915	五、植物（4）瓜果/酸楊桃	酸楊桃	酸杨桃	ɬyn55 jœŋ21 tʰu21	slyun1 joeng4 tu4	酸楊桃
1916	五、植物（4）瓜果/獼猴桃	獼猴桃	猕猴桃	mi21 hɐu21 tʰu21	mi4 hau4 tu4	獼猴桃
1917	五、植物（4）瓜果/黃皮	黃皮	黄皮	wɔŋ21 pʰi21	wong4 pi4	黃皮
1918	五、植物（4）瓜果/山黃皮	山黃皮	山黄皮	ʃan55 wɔŋ21 pʰi21	saan1 wong4 pi4	山黃皮，也叫「蛇皮果」，作香料
1919	五、植物（4）瓜果/無花果	無花果	无花果	mu21 fa55 kɔ35	mu4 faa1 go2	無花果
1920	五、植物（4）瓜果/萬壽果	萬壽果	万寿果	man22 ʃɐu22 kɔ35	maan6 sau6 go2	萬壽果，也叫「金鉤梨」
1921	五、植物（4）瓜果/燈籠果	燈籠果	灯笼果	tɐŋ55 lʊŋ21 kɔ35	dang1 lung4 go2	燈籠果
1922	五、植物（4）瓜果/檸檬	檸檬	柠檬	neŋ21 mʊŋ35	ning4 mung2	檸檬1.1
1923	五、植物（4）瓜果/檸檬	檸檬	柠檬	neŋ21 mʊŋ55	ning4 mung1	檸檬1.2
1924	五、植物（4）瓜果/檸檬	檸果	柠果	neŋ21 kɔ35	ning4 go2	檸檬2
1925	五、植物（4）瓜果/梅	梅子	梅子	mui21 tʃi35	mui4 zi2	梅1.1
1926	五、植物（4）瓜果/梅	梅子	梅子	mui21 tsɿ35	mui4 zy2	梅1.2
1927	五、植物（4）瓜果/梅	酸梅	酸梅	ɬyn55 mui21	slyun1 mui4	梅2
1928	五、植物（4）瓜果/五眼果	五眼果	五眼果	ŋ̍24 ŋɛn24 kɔ35	ng5 ngen5 go2	五眼果
1929	五、植物（4）瓜果/羅漢果	羅漢果	罗汉果	lɔ21 hɔn33 kɔ35	lo4 hon3 go2	羅漢果，相傳兩百多年前永福縣一位叫羅漢的鄉村醫生在瑤族農民的帶領下發現了這種果實，加以人工培育而成，後人就稱它爲羅漢果，見2015年廣西壯族自治區商務廳《廣西特產寶典》P211-215、1985年《廣西特產風味指南》P4-5、1981年《漫話桂林土特產》P30-33和1982年《南寧旅遊手冊》P101，另一說因其根塊形似羅漢得名，見2016年王家旺等《桂林味道——甲天下美食與土特產鑒賞》P108-109
1930	五、植物（4）瓜果/牛油果	牛油果	牛油果	ŋɐu21 jɐu21 kɔ35	ngau4 jau4 go2	牛油果，美洲產的一種堅果，果肉黏稠形如牛油得名
1931	五、植物（4）瓜果/葡萄	葡萄	葡萄	pʰu21 tʰu21	pu4 tu4	葡萄1
1932	五、植物（4）瓜果/葡萄	葡提子	葡提子	pʰu21 tʰɐi21 tʃi35	pu4 tai4 zi2	葡萄2.1
1933	五、植物（4）瓜果/葡萄	葡提子	葡提子	pʰu21 tʰɐi21 tsɿ35	pu4 tai4 zy2	葡萄2.2
1934	五、植物（4）瓜果/提子	提子	提子	tʰɐi21 tʃi35	tai4 zi2	提子1.1，引進品種
1935	五、植物（4）瓜果/提子	提子	提子	tʰɐi21 tsɿ35	tai4 zy2	提子1.2，引進品種
1936	五、植物（4）瓜果/山葡萄	山葡萄	山葡萄	ʃan55 pʰu21 tʰu21	saan1 pu4 tu4	山葡萄
1937	五、植物（4）瓜果/紅提	紅提	红提	hʊŋ21 tʰɐi21	hung4 tai4	紅提，引進品種
1938	五、植物（4）瓜果/楊梅	楊梅	杨梅	jœŋ21 mui21	joeng4 mui4	楊梅
1939	五、植物（4）瓜果/草莓	草莓	草莓	tʃʰu35 mui21	cu2 mui4	草莓
1940	五、植物（4）瓜果/藍莓	藍莓	蓝莓	lam21 mui21	laam4 mui4	藍莓
1941	五、植物（4）瓜果/樹莓	樹莓	树莓	ʃy22 mui21	syu6 mui4	樹莓
1942	五、植物（4）瓜果/黑莓	黑莓	黑莓	hɐk5 mui21	hak1 mui4	黑莓
1943	五、植物（4）瓜果/蔓越莓	蔓越莓	蔓越莓	man22 jyt2 mui21	maan6 jyut6 mui4	蔓越莓，主產地黑龍江，近些年（約2024年）廣西開始有賣
1944	五、植物（4）瓜果/山楂	山楂	山楂	ʃan55 tʃa55	saan1 zaa1	山楂
1945	五、植物（4）瓜果/銀杏	白果	白果	pak2 kɔ35	baak6 go2	銀杏，白果樹的種仁，遠古銀杏類植物的唯一活化石，見1985年《廣西特產風味指南》P11-12和1981年《漫話桂林土特產》P6-10
1946	五、植物（4）瓜果/栗子	板栗	板栗	pan35 lɐt2	baan2 lat6	栗子1.1
1947	五、植物（4）瓜果/栗子	板栗	板栗	pan35 lyt2	baan2 lyut6	栗子1.2
1948	五、植物（4）瓜果/核桃（合桃）	核桃	核桃	hɐt2 tʰu21	hat6 tu4	核桃（又叫合桃）
1949	五、植物（4）瓜果/山核桃	山核桃	山核桃	ʃan55 hɐt2 tʰu21	saan1 hat6 tu4	山核桃
1950	五、植物（4）瓜果/榛子	椎子	椎子	tʃui55 tʃi35	zui1 zi2	榛子1.1
1951	五、植物（4）瓜果/榛子	椎子	椎子	tʃui55 tsɿ35	zui1 zy2	榛子1.2
1952	五、植物（4）瓜果/榛子	椎子	椎子	jui55 tʃi35	jui1 zi2	榛子1.3
1953	五、植物（4）瓜果/榛子	椎子	椎子	jui55 tsɿ35	jui1 zy2	榛子1.4
1954	五、植物（4）瓜果/松子	松子	松子	ɬʊŋ55 tʃi35	slung1 zi2	松子1.1
1955	五、植物（4）瓜果/松子	松子	松子	ɬʊŋ55 tsɿ35	slung1 zy2	松子1.2
1956	五、植物（4）瓜果/松子	松子	松子	tʃʰʊŋ21 tʃi35	cung4 zi2	松子1.3
1957	五、植物（4）瓜果/松子	松子	松子	tʃʰʊŋ21 tsɿ35	cung4 zy2	松子1.4
1958	五、植物（4）瓜果/腰果	腰果	腰果	jiu55 kɔ35	jiu1 go2	腰果，原產於美洲
1959	五、植物（4）瓜果/開心果	開心果	开心果	hɔi55 ɬɐm55 kɔ35	hoi1 slam1 go2	開心果，主要產於美國、伊朗等地
1960	五、植物（4）瓜果/巴旦杏	巴旦杏	巴旦杏	pa55 tan33 hɐŋ22	baa1 daan3 hang6	巴旦杏，原產於中亞和西亞，並非本地所指的「扁桃」，見王銀田《「巴丹」攷》
1961	五、植物（4）瓜果/夏威夷果	夏威夷果	夏威夷果	ha22 wɐi55 ji21 kɔ35	haa6 wai1 ji4 go2	夏威夷果，原產於澳大利亞，也叫「澳洲堅果」
1962	五、植物（4）瓜果/碧根果	碧根果	碧根果	pek5 kɐn55 kɔ35	bik1 gan1 go2	碧根果，原產於美國及墨西哥，山核桃的一種
1963	五、植物（4）瓜果/西瓜	西瓜	西瓜	ɬɐi55 kʷa55	slai1 gwaa1	西瓜
1964	五、植物（4）瓜果/無籽西瓜	無籽西瓜	无籽西瓜	mu21 tʃi35 ɬɐi55 kʷa55	mu4 zi2 slai1 gwaa1	無籽西瓜1.1，無籽或極少籽的西瓜，發明者爲華南農學院黃昌賢，於1937年研究成功，見1985年《廣西特產風味指南》P66-68
1965	五、植物（4）瓜果/無籽西瓜	無籽西瓜	无籽西瓜	mu21 tsɿ35 ɬɐi55 kʷa55	mu4 zy2 slai1 gwaa1	無籽西瓜1.2
1966	五、植物（4）瓜果/馬鈴瓜	馬鈴瓜	马铃瓜	ma24 leŋ21 kʷa55	maa5 ling4 gwaa1	馬鈴瓜，一種黃瓤的西瓜，外形橢圓，重約三至五斤，皮薄呈淡綠色，籽多爲褐色或紅色，見1985年《廣西特產風味指南》P66-68
1967	五、植物（4）瓜果/瓜瓤	瓜瓤	瓜瓤	kʷa55 nɔŋ21	gwaa1 nong4	瓜瓤
1968	五、植物（4）瓜果/沙瓤	起沙	起沙	hi35 ʃa55	hi2 saa1	沙瓤
1969	五、植物（4）瓜果/倒瓤	倒瓤	倒瓤	tu35 nɔŋ21	du2 nong4	倒瓤，熟得過了
1970	五、植物（4）瓜果/瓜子兒	瓜子	瓜子	kʷa55 tʃi35	gwaa1 zi2	瓜子兒1.1
1971	五、植物（4）瓜果/瓜子兒	瓜子	瓜子	kʷa55 tsɿ35	gwaa1 zy2	瓜子兒1.2
1972	五、植物（4）瓜果/紅瓜子	紅瓜子	红瓜子	hʊŋ21 kʷa55 tʃi35	hung4 gwaa1 zi2	紅瓜子1.1
1973	五、植物（4）瓜果/紅瓜子	紅瓜子	红瓜子	hʊŋ21 kʷa55 tsɿ35	hung4 gwaa1 zy2	紅瓜子1.2
1974	五、植物（4）瓜果/黑瓜子	黑瓜子	黑瓜子	hɐk5 kʷa55 tʃi35	hak1 gwaa1 zi2	黑瓜子1.1
1975	五、植物（4）瓜果/黑瓜子	黑瓜子	黑瓜子	hɐk5 kʷa55 tsɿ35	hak1 gwaa1 zy2	黑瓜子1.2
1976	五、植物（4）瓜果/嗑瓜子	硞瓜子	硞瓜子	kʷʰɐk5 kʷa55 tʃi35	kwak1 gwaa1 zi2	嗑瓜子1.1
1977	五、植物（4）瓜果/嗑瓜子	硞瓜子	硞瓜子	kʷʰɐk5 kʷa55 tsɿ35	kwak1 gwaa1 zy2	嗑瓜子1.2
1978	五、植物（4）瓜果/嗑瓜子	硞瓜子	硞瓜子	kʰʊk5 kʷa55 tʃi35	kuk1 gwaa1 zi2	嗑瓜子1.3
1979	五、植物（4）瓜果/嗑瓜子	硞瓜子	硞瓜子	kʰʊk5 kʷa55 tsɿ35	kuk1 gwaa1 zy2	嗑瓜子1.4
1980	五、植物（4）瓜果/嗑瓜子	𦧲瓜子	𦧲瓜子	lœ55 kʷa55 tʃi35	loe1 gwaa1 zi2	嗑瓜子2.1，已罕用
1981	五、植物（4）瓜果/嗑瓜子	𦧲瓜子	𦧲瓜子	lœ55 kʷa55 tsɿ35	loe1 gwaa1 zy2	嗑瓜子2.2，已罕用
1982	五、植物（4）瓜果/蒂	椗	椗	tɛŋ33	deng3	蒂，本字「矴」
1983	五、植物（4）瓜果/瓜蒂	瓜椗	瓜椗	kʷa55 tɛŋ33	gwaa1 deng3	瓜蒂，本字「瓜矴」
1984	五、植物（4）瓜果/甜瓜	香瓜	香瓜	hœŋ55 kʷa55	hoeng1 gwaa1	甜瓜
1985	五、植物（4）瓜果/哈密瓜	哈密瓜	哈密瓜	ha55 mɐt2 kʷa55	haa1 mat6 gwaa1	哈密瓜
1986	五、植物（4）瓜果/荸薺（南薺）	馬蹄	马蹄	ma24 tʰɐi21	maa5 tai4	荸薺（南薺）
1987	五、植物（4）瓜果/甘蔗	蔗	蔗	tʃɛ33	ze3	甘蔗1，分糖蔗和果蔗兩大類，糖蔗品種衆多，果蔗在廣西主要有黑皮蔗、青皮蔗、紅皮蔗三種，見1985年《廣西特產風味指南》P54-57
1988	五、植物（4）瓜果/甘蔗	甘蔗	甘蔗	kɐm55 tʃɛ33	gam1 ze3	甘蔗2
1989	五、植物（4）瓜果/果蔗	果蔗	果蔗	kɔ35 tʃɛ33	go2 ze3	果蔗，當水果吃的
1990	五、植物（4）瓜果/肉蔗	肉蔗	肉蔗	jʊk2 tʃɛ33	juk6 ze3	肉蔗，綠皮的果蔗
1991	五、植物（4）瓜果/黑蔗	黑蔗	黑蔗	hɐk5 tʃɛ33	hak1 ze3	黑蔗1
1992	五、植物（4）瓜果/黑蔗	黑肉蔗	黑肉蔗	hɐk5 jʊk2 tʃɛ33	hak1 juk6 ze3	黑蔗2
1993	五、植物（4）瓜果/竹蔗	竹蔗	竹蔗	tʃʊk5 tʃɛ33	zuk1 ze3	竹蔗，榨糖的
1994	五、植物（4）瓜果/花生	花生	花生	fa55 ʃaŋ55	faa1 saang1	花生
1995	五、植物（4）瓜果/菱角	菱角	菱角	leŋ21 kɔk3	ling4 gok3	菱角，菱的果實，殼硬有角，果肉白色，可食用
1996	五、植物（4）瓜果/絣豆	絣豆	絣豆	mɐŋ55 tɐu22	mang1 dau6	絣豆，拔的花生
1997	五、植物（4）瓜果/掹豆	掹豆	掹豆	mɐŋ55 tɐu22	mang1 dau6	掹豆，拔的花生，同「絣豆」
1998	五、植物（4）瓜果/擓豆	擓豆	㧟豆	kʷʰɛ33 tɐu22	kwe3 dau6	擓豆，要挖的花生
1999	五、植物（4）瓜果/花生仁	花生米	花生米	fa55 ʃaŋ55 mɐi24	faa1 saang1 mai5	花生仁1
2000	五、植物（4）瓜果/花生仁	花生仁	花生仁	fa55 ʃaŋ55 ŋɐn21	faa1 saang1 ngan4	花生仁2.1
2001	五、植物（4）瓜果/花生仁	花生仁	花生仁	fa55 ʃaŋ55 jɐn21	faa1 saang1 jan4	花生仁2.2
2002	五、植物（4）瓜果/花生皮	花生衣	花生衣	fa55 ʃaŋ55 ji55	faa1 saang1 ji1	花生皮，花生米外面的紅皮
2003	五、植物（4）瓜果/花生殼	花生殼	花生壳	fa55 ʃaŋ55 hɔk3	faa1 saang1 hok3	花生殼
2004	五、植物（4）瓜果/果仁	果仁	果仁	kɔ35 ŋɐn21	go2 ngan4	果仁1.1
2005	五、植物（4）瓜果/果仁	果仁	果仁	kɔ35 jɐn21	go2 jan4	果仁1.2
2006	五、植物（4）瓜果/果囊	果囊	果囊	kɔ35 nɔŋ21	go2 nong4	果囊
2007	五、植物（4）瓜果/果殼	果殼	果壳	kɔ35 hɔk3	go2 hok3	果殼
2008	五、植物（4）瓜果/果核	果核	果核	kɔ35 wɐt2	go2 wat6	果核
2009	五、植物（4）瓜果/果肉	果肉	果肉	kɔ35 jʊk2	go2 juk6	果肉
2010	五、植物（4）瓜果/五仁	五仁	五仁	ŋ̍24 jɐn21	ng5 jan4	五仁月餅的餡料，南寧所用的五仁爲核桃仁、欖仁、瓜子仁、杏仁、芝麻仁，同時還配有冬瓜糖、肥肉、山黃皮糖
2011	五、植物（5）花草、菌類/桂花	桂花	桂花	kʷɐi33 fa55	gwai3 faa1	桂花
2012	五、植物（5）花草、菌類/菊花	菊花	菊花	kʊk5 fa55	guk1 faa1	菊花
2013	五、植物（5）花草、菌類/雞冠花	雞冠花	鸡冠花	kɐi55 kun55 fa55	gai1 gun1 faa1	雞冠花
2014	五、植物（5）花草、菌類/萬壽菊	萬壽菊	万寿菊	man22 ʃɐu22 kʊk5	maan6 sau6 guk1	萬壽菊，野菊花
2015	五、植物（5）花草、菌類/大麗菊	大麗菊	大丽菊	tai22 lɐi22 kʊk5	daai6 lai6 guk1	大麗菊
2016	五、植物（5）花草、菌類/梅花	梅花	梅花	mui21 fa55	mui4 faa1	梅花
2017	五、植物（5）花草、菌類/桃花	桃花	桃花	tʰu21 fa55	tu4 faa1	桃花
2018	五、植物（5）花草、菌類/玫瑰	玫瑰	玫瑰	mui21 kʷɐi33	mui4 gwai3	玫瑰
2019	五、植物（5）花草、菌類/薔薇	薔薇	蔷薇	tʃʰœŋ21 mi21	coeng4 mi4	薔薇1
2020	五、植物（5）花草、菌類/薔薇	薔薇花	蔷薇花	tʃʰœŋ21 mi21 fa55	coeng4 mi4 faa1	薔薇2
2021	五、植物（5）花草、菌類/月季花	月季花	月季花	jyt2 kʷɐi33 fa55	jyut6 gwai3 faa1	月季花
2022	五、植物（5）花草、菌類/海棠	海棠	海棠	hɔi35 tʰɔŋ21	hoi2 tong4	海棠
2023	五、植物（5）花草、菌類/玉蘭花	玉蘭	玉兰	jʊk2 lan21	juk6 laan4	玉蘭花
2024	五、植物（5）花草、菌類/米蘭	米蘭	米兰	mɐi24 lan21	mai5 laan4	米蘭
2025	五、植物（5）花草、菌類/梔子花	黃雞子	黄鸡子	wɔŋ21 kɐi55 tʃi35	wong4 gai1 zi2	梔子花1.1
2026	五、植物（5）花草、菌類/梔子花	黃雞子	黄鸡子	wɔŋ21 kɐi55 tsɿ35	wong4 gai1 zy2	梔子花1.2
2027	五、植物（5）花草、菌類/梔子（樹）	黃梔子	黄栀子	wɔŋ21 tʃi55 tʃi35	wong4 zi1 zi2	梔子（樹）1.1
2028	五、植物（5）花草、菌類/梔子（樹）	黃梔子	黄栀子	wɔŋ21 tʃi55 tsɿ35	wong4 zi1 zy2	梔子（樹）1.2
2029	五、植物（5）花草、菌類/鳳仙花	指甲花	指甲花	tʃi35 kɛp3 fa55	zi2 gep3 faa1	鳳仙花
2030	五、植物（5）花草、菌類/蓮花	蓮花	莲花	lin21 fa55	lin4 faa1	荷花2
2031	五、植物（5）花草、菌類/荷花	荷花	荷花	hɔ21 fa55	ho4 faa1	荷花1
2032	五、植物（5）花草、菌類/荷葉	荷葉	荷叶	hɔ21 jip2	ho4 jip6	荷葉
2033	五、植物（5）花草、菌類/蓮蓬	蓮蓬	莲蓬	lin21 pʰʊŋ21	lin4 pung4	蓮蓬
2034	五、植物（5）花草、菌類/水仙	水仙	水仙	ʃui35 ɬin55	sui2 slin1	水仙
2035	五、植物（5）花草、菌類/水仙花	水仙花	水仙花	ʃui35 ɬin55 fa55	sui2 slin1 faa1	水仙花
2036	五、植物（5）花草、菌類/茉莉花兒	茉莉	茉莉	mut2 li22	mut6 li6	茉莉花兒1
2037	五、植物（5）花草、菌類/茉莉花兒	茉莉花	茉莉花	mut2 li22 fa55	mut6 li6 faa1	茉莉花兒2
2038	五、植物（5）花草、菌類/含羞草	怕醜草	怕丑草	pʰa33 tʃʰɐu35 tʃʰu35	paa3 cau2 cu2	含羞草
2039	五、植物（5）花草、菌類/牽牛花	喇叭花	喇叭花	la55 pa55 fa55	laa1 baa1 faa1	牽牛花
2040	五、植物（5）花草、菌類/杜鵑花	杜鵑花	杜鹃花	tu22 kyn55 fa55	du6 gyun1 faa1	杜鵑花
2041	五、植物（5）花草、菌類/木芙蓉	芙蓉花	芙蓉花	fu21 jʊŋ21 fa55	fu4 jung4 faa1	木芙蓉
2042	五、植物（5）花草、菌類/牡丹	牡丹	牡丹	mau24 tan55	maau5 daan1	牡丹
2043	五、植物（5）花草、菌類/百合	百合	百合	pak3 hɐp2	baak3 hap6	百合
2044	五、植物（5）花草、菌類/芍藥	芍藥	芍药	tʃœk3 jœk2	zoek3 joek6	芍藥
2045	五、植物（5）花草、菌類/萬年青	萬年青	万年青	man22 nin21 tʃʰeŋ55	maan6 nin4 cing1	萬年青
2046	五、植物（5）花草、菌類/冬青	冬青	冬青	tʊŋ55 tʃʰeŋ55	dung1 cing1	冬青
2047	五、植物（5）花草、菌類/美人蕉	美人蕉	美人蕉	mɐi24 jɐn21 tʃiu55	mai5 jan4 ziu1	美人蕉1.1
2048	五、植物（5）花草、菌類/美人蕉	美人蕉	美人蕉	mi24 jɐn21 tʃiu55	mi5 jan4 ziu1	美人蕉1.2
2049	五、植物（5）花草、菌類/仙人掌	仙人掌	仙人掌	ɬin55 jɐn21 tʃœŋ35	slin1 jan4 zoeng2	仙人掌
2050	五、植物（5）花草、菌類/仙人球	仙人球	仙人球	ɬin55 jɐn21 kʰɐu21	slin1 jan4 kau4	仙人球
2051	五、植物（5）花草、菌類/蘆薈	油蔥	油葱	jɐu21 tʃʰʊŋ55	jau4 cung1	蘆薈1，當地品種，較小
2052	五、植物（5）花草、菌類/蘆薈	蘆薈	芦荟	lu21 wui22	lu4 wui6	蘆薈2，引進品種，植株大
2053	五、植物（5）花草、菌類/三角梅	三角梅	三角梅	ɬam55 kɔk3 mui21	slaam1 gok3 mui4	三角梅
2054	五、植物（5）花草、菌類/雀梅	雀梅	雀梅	tʃʰœk3 mui21	coek3 mui4	雀梅
2055	五、植物（5）花草、菌類/吊鐘花	吊鐘花	吊钟花	tiu33 tʃʊŋ55 fa55	diu3 zung1 faa1	吊鐘花
2056	五、植物（5）花草、菌類/茱槿花	茱槿花	茱槿花	tʃy55 kɐn35 fa55	zyu1 gan2 faa1	茱槿花
2057	五、植物（5）花草、菌類/紫荊	紫荊	紫荆	tʃi35 keŋ55	zi2 ging1	紫荊1.1
2058	五、植物（5）花草、菌類/紫荊	紫荊	紫荆	tsɿ35 keŋ55	zy2 ging1	紫荊1.2
2059	五、植物（5）花草、菌類/太陽花	麻雀蓮	麻雀莲	ma21 tʃʰœk3 lin21	maa4 coek3 lin4	太陽花1，朝開夕謝
2060	五、植物（5）花草、菌類/太陽花	太陽花	太阳花	tʰai33 jœŋ21 fa55	taai3 joeng4 faa1	太陽花2
2061	五、植物（5）花草、菌類/一品紅	一品紅	一品红	jɐt5 pʰɐn35 hʊŋ21	jat1 pan2 hung4	一品紅
2062	五、植物（5）花草、菌類/夜來香	夜來香	夜来香	jɛ22 lɔi21 hœŋ55	je6 loi4 hoeng1	夜來香1
2063	五、植物（5）花草、菌類/夜來香	夜香花	夜香花	jɛ22 hœŋ55 fa55	je6 hoeng1 faa1	夜來香2
2064	五、植物（5）花草、菌類/金銀花	金銀花	金银花	kɐm55 ŋɐn21 fa55	gam1 ngan4 faa1	金銀花
2065	五、植物（5）花草、菌類/蘭花	蘭花	兰花	lan21 fa55	laan4 faa1	蘭花
2066	五、植物（5）花草、菌類/金花茶	金花茶	金花茶	kɐm55 fa55 tʃʰa21	gam1 faa1 caa4	金花茶，一種花爲金黃色的山茶科植物，發現過程具有傳奇色彩，可作成茶葉，見2015年廣西壯族自治區商務廳《廣西特產寶典》P272-277和1985年《廣西特產風味指南》P145-146
2067	五、植物（5）花草、菌類/花	花	花	fa55	faa1	花
2068	五、植物（5）花草、菌類/摘花	摘花	摘花	tʃak2 fa55	zaak6 faa1	採花
2069	五、植物（5）花草、菌類/種花	種花	種花	tʃʊŋ33 fa55	zung3 faa1	栽花
2070	五、植物（5）花草、菌類/一朵花	一朵花	一朵花	jɐt5 tœ35 fa55	jat1 doe2 faa1	（採）一朵花1.1
2071	五、植物（5）花草、菌類/一朵花	一朵花	一朵花	a55 tœ35 fa55	aa1 doe2 faa1	（採）一朵花1.2
2072	五、植物（5）花草、菌類/一朵花	一朵花	一朵花	jɐt5 tɔ35 fa55	jat1 do2 faa1	（採）一朵花1.3
2073	五、植物（5）花草、菌類/一朵花	一朵花	一朵花	a55 tɔ35 fa55	aa1 do2 faa1	（採）一朵花1.4
2074	五、植物（5）花草、菌類/一棵花	一棵花	一棵花	a55 pʰɔ55 fa55	aa1 po1 faa1	（種）一棵花1.1
2075	五、植物（5）花草、菌類/一棵花	一棵花	一棵花	jɐt5 pʰɔ55 fa55	jat1 po1 faa1	（種）一棵花1.2
2076	五、植物（5）花草、菌類/花蕾	花咕嘟	花咕嘟	fa55 ku55 tu55	faa1 gu1 du1	花蕾1，花骨朵兒
2077	五、植物（5）花草、菌類/花蕾	花苞	花苞	fa55 pɛu55	faa1 beu1	花蕾2.1
2078	五、植物（5）花草、菌類/花蕾	花苞	花苞	fa55 pau55	faa1 baau1	花蕾2.2
2079	五、植物（5）花草、菌類/骨朵兒	咕嘟	咕嘟	ku55 tu55	gu1 du1	骨朵兒
2080	五、植物（5）花草、菌類/花瓣兒	花瓣	花瓣	fa55 pan22	faa1 baan6	花瓣兒
2081	五、植物（5）花草、菌類/花蕊	花心	花心	fa55 ɬɐm55	faa1 slam1	花蕊
2082	五、植物（5）花草、菌類/澆花	淋花	淋花	lɐm21 fa55	lam4 faa1	澆花
2083	五、植物（5）花草、菌類/草	草	草	tʃʰu35	cu2	草
2084	五、植物（5）花草、菌類/拔草	絣草	絣草	mɐŋ55 tʃʰu35	mang1 cu2	拔草
2085	五、植物（5）花草、菌類/拔草	掹草	掹草	mɐŋ55 tʃʰu35	mang1 cu2	拔草，同「絣草」
2086	五、植物（5）花草、菌類/藤	藤	藤	tʰɐŋ21	tang4	藤
2087	五、植物（5）花草、菌類/蘆葦	蘆葦	芦苇	lu21 wɐi21	lu4 wai4	蘆葦
2088	五、植物（5）花草、菌類/莞	莞	莞	kʷan55	gwaan1	莞，長在溼地，莖可編織扇子、席子
2089	五、植物（5）花草、菌類/羅裙帶	羅裙帶	罗裙带	lɔ21 kʷʰɐn21 tai33	lo4 kwan4 daai3	羅裙帶，葉可用於跌打扭傷
2090	五、植物（5）花草、菌類/辣蓼	辣蓼	辣蓼	lat2 liu24	laat6 liu5	辣蓼
2091	五、植物（5）花草、菌類/燈芯草	燈芯草	灯芯草	tɐŋ55 ɬɐm55 tʃʰu35	dang1 slam1 cu2	燈芯草
2092	五、植物（5）花草、菌類/車前草	車前草	车前草	tʃʰɛ55 tʃʰin21 tʃʰu35	ce1 cin4 cu2	車前草1
2093	五、植物（5）花草、菌類/車前草	馬鞭草	马鞭草	ma24 pin55 tʃʰu35	maa5 bin1 cu2	車前草2
2094	五、植物（5）花草、菌類/蒲公英	蒲公英	蒲公英	pʰu21 kʊŋ55 jeŋ55	pu4 gung1 jing1	蒲公英
2095	五、植物（5）花草、菌類/蒼耳子	黐頭婆	黐头婆	tʃʰi55 tʰɐu21 pʰɔ21	ci1 tau4 po4	蒼耳子，外表有刺，可粘在人頭髮上，故名
2096	五、植物（5）花草、菌類/蕺菜	魚腥草	鱼腥草	jy21 ɬɛŋ55 tʃʰu35	jyu4 sleng1 cu2	蕺菜
2097	五、植物（5）花草、菌類/金錢草	金錢草	金钱草	kɐm55 tʃʰin21 tʃʰu35	gam1 cin4 cu2	金錢草
2098	五、植物（5）花草、菌類/蝦鉗草	蝦鉗草	虾钳草	ha55 kʰɛm21 tʃʰu35	haa1 kem4 cu2	蝦鉗草1，可治肝炎
2099	五、植物（5）花草、菌類/蝦鉗草	一包針	一包针	jɐt5 pɛu55 tʃɐm55	jat1 beu1 zam1	蝦鉗草2
2100	五、植物（5）花草、菌類/狗尾草	狗尾草	狗尾草	kɐu35 mi24 tʃʰu35	gau2 mi5 cu2	狗尾草
2101	五、植物（5）花草、菌類/茅根	茅根	茅根	mɛu21 kɐn55	meu4 gan1	茅根1.1
2102	五、植物（5）花草、菌類/茅根	茅根	茅根	mau21 kɐn55	maau4 gan1	茅根1.2
2103	五、植物（5）花草、菌類/雞骨草	雞骨草	鸡骨草	kɐi55 kʷɐt5 tʃʰu35	gai1 gwat1 cu2	雞骨草
2104	五、植物（5）花草、菌類/田基黃	田基黃	田基黄	tʰin21 ki55 wɔŋ21	tin4 gi1 wong4	田基黃，可治肝炎
2105	五、植物（5）花草、菌類/獨腳疳	獨腳疳	独脚疳	tʊk2 kœk3 kɐm55	duk6 goek3 gam1	獨腳疳，可治疳積
2106	五、植物（5）花草、菌類/海蚌含珠	海蚌含珠	海蚌含珠	hɔi35 pʰɔŋ24 hɐm21 tʃy55	hoi2 pong5 ham4 zyu1	海蚌含珠，可治痢疾
2107	五、植物（5）花草、菌類/白花蛇舌草	白花蛇舌草	白花蛇舌草	pak2 fa55 ʃɛ21 ʃit2 tʃʰu35	baak6 faa1 se4 sit6 cu2	白花蛇舌草
2108	五、植物（5）花草、菌類/五色梅	臭花根	臭花根	tʃʰɐu33 fa55 kɐn55	cau3 faa1 gan1	五色梅，可治皮膚搔癢
2109	五、植物（5）花草、菌類/鵝不食	鵝不食	鹅不食	ŋɔ21 pɐt5 ʃek2	ngo4 bat1 sik6	鵝不食，可治鼻炎
2110	五、植物（5）花草、菌類/黑墨草	黑墨草	黑墨草	hɐk5 mɐk2 tʃʰu35	hak1 mak6 cu2	黑墨草
2111	五、植物（5）花草、菌類/酢漿草	酸咪咪	酸咪咪	ɬyn55 mi55 mi55	slyun1 mi1 mi1	酢漿草，「咪」實爲「味」的變調
2112	五、植物（5）花草、菌類/水蘿蔔	水蘿蔔	水萝卜	ʃui35 lɔ21 pak2	sui2 lo4 baak6	水蘿蔔，酢漿草的根莖，可食
2113	五、植物（5）花草、菌類/蛇蛋果	蛇蛋果	蛇蛋果	ʃɛ21 tan22 kɔ35	se4 daan6 go2	蛇蛋果，一種野生刺藤植物果實，紅色簇狀，酸甜可口
2114	五、植物（5）花草、菌類/雀梅藤果實	酸嗒子	酸嗒子	ɬyn55 tɛp5 tʃi35	slyun1 dep1 zi2	雀梅藤果實1.1，有酸味，可食
2115	五、植物（5）花草、菌類/雀梅藤果實	酸嗒子	酸嗒子	ɬyn55 tɛp5 tsɿ35	slyun1 dep1 zy2	雀梅藤果實1.2
2116	五、植物（5）花草、菌類/雀梅藤果實	酸嗒果	酸嗒果	ɬyn55 tɛp5 kɔ35	slyun1 dep1 go2	雀梅藤果實2
2117	五、植物（5）花草、菌類/餘甘子	牛甘果	牛甘果	ŋɐu21 kɐm55 kɔ35	ngau4 gam1 go2	餘甘子，一種野果，味酸，過後甘甜，葉可作枕頭，有清涼作用
2118	五、植物（5）花草、菌類/人面子	人面子	人面子	jɐn21 min22 tʃi35	jan4 min6 zi2	人面子1.1，果實似人面，可醃製果脯
2119	五、植物（5）花草、菌類/人面子	人面子	人面子	jɐn21 min22 tsɿ35	jan4 min6 zy2	人面子1.2
2120	五、植物（5）花草、菌類/倒捻子	豆棯	豆棯	tɐu22 nim55	dau6 nim1	倒捻子1.1，「倒捻（子）」的音變，桃金娘的果實，可曬乾釀酒，吃多便祕
2121	五、植物（5）花草、菌類/倒捻子	豆棯	豆棯	tɐu22 nɛm55	dau6 nem1	倒捻子1.2
2122	五、植物（5）花草、菌類/香菇	香菇	香菇	hœŋ55 ku55	hoeng1 gu1	香菇，肉質較厚，可分爲冬菇、花菇、香蕈這幾種，桂北爲主產地，見1985年《廣西特產風味指南》P13-14和1982年《南寧旅遊手冊》P101
2123	五、植物（5）花草、菌類/冬菇	冬菇	冬菇	tʊŋ55 ku55	dung1 gu1	（乾菇類）冬菇，冬天採集的香菇
2124	五、植物（5）花草、菌類/花菇	花菇	花菇	fa55 ku55	faa1 gu1	（乾菇類）花菇，香菇的一種，頂蓋上龜裂成花紋，品質最佳
2125	五、植物（5）花草、菌類/香蕈	香蕈	香蕈	hœŋ55 ɬɐn33	hoeng1 slan3	（乾菇類）香蕈1.1，香菇的一種，肉質較薄，味道次於冬菇，俗作「香信」
2126	五、植物（5）花草、菌類/香蕈	香蕈	香蕈	hœŋ55 ɬyn33	hoeng1 slyun3	（乾菇類）香蕈1.2
2127	五、植物（5）花草、菌類/香蕈	香信	香信	hœŋ55 ɬɐn33	hoeng1 slan3	（乾菇類）香蕈1.1，同「香蕈」
2128	五、植物（5）花草、菌類/香蕈	香信	香信	hœŋ55 ɬyn33	hoeng1 slyun3	（乾菇類）香蕈1.2
2129	五、植物（5）花草、菌類/蘑菇	蘑菇	蘑菇	mɔ21 ku55	mo4 gu1	蘑菇，人工栽培
2130	五、植物（5）花草、菌類/鳳尾菇	鳳尾菇	凤尾菇	fʊŋ22 mi24 ku55	fung6 mi5 gu1	（新鮮菇類）鳳尾菇
2131	五、植物（5）花草、菌類/草菇	草菇	草菇	tʃʰu35 ku55	cu2 gu1	（新鮮菇類）草菇
2132	五、植物（5）花草、菌類/牛腿菇	牛腿菇	牛腿菇	ŋɐu21 tʰui35 ku55	ngau4 tui2 gu1	（新鮮菇類）牛腿菇
2133	五、植物（5）花草、菌類/金針菇	金針菇	金针菇	kɐm55 tʃɐm55 ku55	gam1 zam1 gu1	（新鮮菇類）金針菇
2134	五、植物（5）花草、菌類/菌	菌	菌	kʷʰɐn24	kwan5	菌，野生蘑菇
2135	五、植物（5）花草、菌類/青苔	青苔	青苔	tʃʰeŋ55 tʰɔi21	cing1 toi4	青苔1.1
2136	五、植物（5）花草、菌類/青苔	青苔	青苔	tʃʰɛŋ55 tʰɔi21	ceng1 toi4	青苔1.2
2137	五、植物（5）花草、菌類/地衣	雷公屎	雷公屎	lui21 kʊŋ55 ʃi35	lui4 gung1 si2	地衣，可食
2138	五、植物（5）花草、菌類/浮萍	薸	薸	pʰiu21	piu4	浮萍1
2139	五、植物（5）花草、菌類/浮萍	浮薸	浮薸	pʰu21 pʰiu21	pu4 piu4	浮萍2.1
2140	五、植物（5）花草、菌類/浮萍	浮薸	浮薸	fɐu21 pʰiu21	fau4 piu4	浮萍2.2
2141	五、植物（5）花草、菌類/水葫蘆	水葫蘆	水葫芦	ʃui35 wu21 lu21	sui2 wu4 lu4	水葫蘆1
2142	五、植物（5）花草、菌類/水葫蘆	葫蘆薸	葫芦薸	wu21 lu21 pʰiu21	wu4 lu4 piu4	水葫蘆2
2143	五、植物（5）花草、菌類/小球藻	小球藻	小球藻	ɬiu35 kʰɐu21 tʃʰu33	sliu2 kau4 cu3	小球藻
2144	五、植物（5）花草、菌類/生地	生地	生地	ʃaŋ55 ti22	saang1 di6	生地，藥材
2145	五、植物（5）花草、菌類/黨蔘	黨蔘	党参	tɔŋ35 ʃɐm55	dong2 sam1	黨蔘，藥材
2146	五、植物（5）花草、菌類/黃芪	北芪	北芪	pɐk5 kʰi21	bak1 ki4	黃芪，藥材
2147	五、植物（5）花草、菌類/天麻	天麻	天麻	tʰin55 ma21	tin1 maa4	天麻，藥材
2148	五、植物（5）花草、菌類/麥冬	麥冬	麦冬	mɐk2 tʊŋ55	mak6 dung1	麥冬，藥材
2149	五、植物（5）花草、菌類/丹蔘	丹蔘	丹参	tan55 ʃɐm55	daan1 sam1	丹蔘，藥材
2150	五、植物（5）花草、菌類/赤芍	赤芍	赤芍	tʃʰek5 tʃœk3	cik1 zoek3	赤芍，藥材
2151	五、植物（5）花草、菌類/人蔘	人蔘	人参	jɐn21 ʃɐm55	jan4 sam1	人蔘，藥材
2152	五、植物（5）花草、菌類/玉竹	玉竹	玉竹	jʊk2 tʃʊk5	juk6 zuk1	玉竹，藥材
2153	五、植物（5）花草、菌類/田七（三七）	田七	田七	tʰin21 tʃʰɐt5	tin4 cat1	田七（也叫三七），藥材，廣西是主產地之一，見1985年《廣西特產風味指南》P1-4
2154	五、植物（5）花草、菌類/靈芝	靈芝	灵芝	leŋ21 tʃi55	ling4 zi1	靈芝，藥材，見1985年《廣西特產風味指南》P15-16
2155	六、動物（1）牲畜/牲口	畜生	畜生	tʃʰʊk5 ʃaŋ55	cuk1 saang1	牲口1
2156	六、動物（1）牲畜/牲口	頭生	头生	tʰɐu21 ʃaŋ55	tau4 saang1	牲口2
2157	六、動物（1）牲畜/馬	馬	马	ma24	maa5	馬1
2158	六、動物（1）牲畜/馬	馬特特	马特特	ma24 tɐk2 tɐk2	maa5 dak6 dak6	馬2，童語
2159	六、動物（1）牲畜/馬	馬嘟嘟	马嘟嘟	ma24 tu55 tu55	maa5 du1 du1	馬3，童語
2160	六、動物（1）牲畜/馬	馬嘟特	马嘟特	ma24 tu55 tɐk2	maa5 du1 dak6	馬4，童語
2161	六、動物（1）牲畜/公馬	馬公	马公	ma24 kʊŋ55	maa5 gung1	公馬1
2162	六、動物（1）牲畜/公馬	公馬	公马	kʊŋ55 ma24	gung1 maa5	公馬2
2163	六、動物（1）牲畜/母馬	馬乸	马乸	ma24 na35	maa5 naa2	母馬1
2164	六、動物（1）牲畜/母馬	母馬	母马	mu24 ma24	mu5 maa5	母馬2
2165	六、動物（1）牲畜/馬崽	馬崽	马崽	ma24 tʃɐi35	maa5 zai2	馬駒
2166	六、動物（1）牲畜/馬仔	馬仔	马仔	ma24 tʃɐi35	maa5 zai2	馬駒，同「馬崽」
2167	六、動物（1）牲畜/牛	牛	牛	ŋɐu21	ngau4	牛，可比喻頑皮，～骨，又可比喻個大的，～蕉，還可比喻錢，有～、數～
2168	六、動物（1）牲畜/公牛	牛公	牛公	ŋɐu21 kʊŋ55	ngau4 gung1	公牛1
2169	六、動物（1）牲畜/公牛	牛牯	牛牯	ŋɐu21 ku35	ngau4 gu2	公牛2
2170	六、動物（1）牲畜/母牛	牛乸	牛乸	ŋɐu21 na35	ngau4 naa2	母牛1，已育
2171	六、動物（1）牲畜/母牛	牛牸	牛牸	ŋɐu21 tʃi22	ngau4 zi6	母牛2，未育
2172	六、動物（1）牲畜/黃牛	沙牛	沙牛	ʃa55 ŋɐu21	saa1 ngau4	黃牛1
2173	六、動物（1）牲畜/黃牛	黃牛	黄牛	wɔŋ21 ŋɐu21	wong4 ngau4	黃牛2，書面
2174	六、動物（1）牲畜/公黃牛	沙牯	沙牯	ʃa55 ku35	saa1 gu2	公黃牛
2175	六、動物（1）牲畜/水牛	水牛	水牛	ʃui35 ŋɐu21	sui2 ngau4	水牛
2176	六、動物（1）牲畜/公水牛	水牯	水牯	ʃui35 ku35	sui2 gu2	公水牛
2177	六、動物（1）牲畜/牛犢	牛崽	牛崽	ŋɐu21 tʃɐi35	ngau4 zai2	牛犢
2178	六、動物（1）牲畜/牛犢	牛仔	牛仔	ŋɐu21 tʃɐi35	ngau4 zai2	牛犢，同「牛崽」
2179	六、動物（1）牲畜/牛角	牛角	牛角	ŋɐu21 kɔk3	ngau4 gok3	牛角
2180	六、動物（1）牲畜/肉牛	菜牛	菜牛	tʃʰɔi33 ŋɐu21	coi3 ngau4	肉牛，專供食用而飼養的牛，不同於耕牛、奶牛
2181	六、動物（1）牲畜/驢	驢	驴	ly21	lyu4	驢1.1
2182	六、動物（1）牲畜/驢	驢	驴	lu21	lu4	驢1.2
2183	六、動物（1）牲畜/公驢	公驢	公驴	kʊŋ55 ly21	gung1 lyu4	公驢
2184	六、動物（1）牲畜/母驢	母驢	母驴	mu24 ly21	mu5 lyu4	母驢
2185	六、動物（1）牲畜/騾	騾	骡	lɔ21	lo4	騾
2186	六、動物（1）牲畜/馬騾	騾馬	骡马	lɔ21 ma24	lo4 maa5	馬騾，驢父馬母
2187	六、動物（1）牲畜/駱駝	駱駝	骆驼	lɔk3 tʰɔ21	lok3 to4	駱駝
2188	六、動物（1）牲畜/羊	羊	羊	jœŋ21	joeng4	羊1
2189	六、動物（1）牲畜/羊	羊咩咩	羊咩咩	jœŋ21 mɛ55 mɛ55	joeng4 me1 me1	羊2，童語
2190	六、動物（1）牲畜/綿羊	綿羊	绵羊	min21 jœŋ21	min4 joeng4	綿羊
2191	六、動物（1）牲畜/山羊	山羊	山羊	ʃan55 jœŋ21	saan1 joeng4	山羊
2192	六、動物（1）牲畜/黑山羊	黑山羊	黑山羊	hɐk5 ʃan55 jœŋ21	hak1 saan1 joeng4	黑山羊，馬山縣是主產地，見2015年廣西壯族自治區商務廳《廣西特產寶典》P147-154
2193	六、動物（1）牲畜/公羊	羊公	羊公	jœŋ21 kʊŋ55	joeng4 gung1	公羊
2194	六、動物（1）牲畜/母羊	羊乸	羊乸	jœŋ21 na35	joeng4 naa2	母羊
2195	六、動物（1）牲畜/羊羔	羊崽	羊崽	jœŋ21 tʃɐi35	joeng4 zai2	羊羔
2196	六、動物（1）牲畜/羊羔	羊仔	羊仔	jœŋ21 tʃɐi35	joeng4 zai2	羊羔，同「羊崽」
2197	六、動物（1）牲畜/狗	狗	狗	kɐu35	gau2	狗1
2198	六、動物（1）牲畜/狗	狗汪汪	狗汪汪	kɐu35 wɐu55 wɐu55	gau2 wau1 wau1	狗2，童語
2199	六、動物（1）牲畜/（狗）吠	吠	吠	fɐi22	fai6	（狗）吠
2200	六、動物（1）牲畜/公狗	狗公	狗公	kɐu35 kʊŋ55	gau2 gung1	公狗
2201	六、動物（1）牲畜/母狗	狗乸	狗乸	kɐu35 na35	gau2 naa2	母狗
2202	六、動物（1）牲畜/小狗兒	狗崽	狗崽	kɐu35 tʃɐi35	gau2 zai2	小狗兒1
2203	六、動物（1）牲畜/小狗兒	狗仔	狗仔	kɐu35 tʃɐi35	gau2 zai2	小狗兒1，同「狗崽」
2204	六、動物（1）牲畜/小狗兒	狗兒	狗儿	kɐu35 ji55	gau2 ji1	小狗兒2，老派
2205	六、動物（1）牲畜/哈巴狗	哈巴狗	哈巴狗	ha55 pa55 kɐu35	haa1 baa1 gau2	哈巴狗
2206	六、動物（1）牲畜/狼狗	狼狗	狼狗	lɔŋ21 kɐu35	long4 gau2	狼狗
2207	六、動物（1）牲畜/瘋狗	癲狗	癫狗	tin55 kɐu35	din1 gau2	瘋狗1
2208	六、動物（1）牲畜/瘋狗	瘋狗	疯狗	fʊŋ55 kɐu35	fung1 gau2	瘋狗2，書面
2209	六、動物（1）牲畜/（狗）交配	𪐀褦	𪐀褦	na55 nɐŋ33	naa1 nang3	（狗）交配1，交尾
2210	六、動物（1）牲畜/（狗）交配	打褦	打褦	ta35 nɐŋ33	daa2 nang3	（狗）交配2，交尾
2211	六、動物（1）牲畜/狗交配	狗𪐀褦	狗𪐀褦	kɐu35 na55 nɐŋ33	gau2 naa1 nang3	狗交配1，狗交尾
2212	六、動物（1）牲畜/狗交配	狗打褦	狗打褦	kɐu35 ta35 nɐŋ33	gau2 daa2 nang3	狗交配2，狗交尾
2213	六、動物（1）牲畜/貓	貓	猫	mɛu55	meu1	貓1
2214	六、動物（1）牲畜/貓	貓公	猫公	mɛu55 kʊŋ55	meu1 gung1	貓2
2215	六、動物（1）牲畜/公貓	貓公	猫公	mɛu55 kʊŋ55	meu1 gung1	公貓
2216	六、動物（1）牲畜/母貓	貓乸	猫乸	mɛu55 na35	meu1 naa2	母貓
2217	六、動物（1）牲畜/波斯貓	波斯貓	波斯猫	pɔ55 ʃi55 mɛu55	bo1 si1 meu1	波斯貓
2218	六、動物（1）牲畜/小貓	貓崽	猫崽	mɛu55 tʃɐi35	meu1 zai2	小貓1
2219	六、動物（1）牲畜/小貓	貓仔	猫仔	mɛu55 tʃɐi35	meu1 zai2	小貓1，同「貓崽」
2220	六、動物（1）牲畜/小貓	貓兒	猫儿	mɛu55 ji55	meu1 ji1	小貓2，老派
2221	六、動物（1）牲畜/豬	豬	猪	tʃy55	zyu1	豬1
2222	六、動物（1）牲畜/豬	豬臑臑	猪臑臑	tʃy55 nɔ21 nɔ35	zyu1 no4 no2	豬2，童語
2223	六、動物（1）牲畜/公豬	豬公	猪公	tʃy55 kʊŋ55	zyu1 gung1	公豬
2224	六、動物（1）牲畜/種豬	豬種	猪种	tʃy55 tʃʊŋ35	zyu1 zung2	種豬1
2225	六、動物（1）牲畜/種豬	豬公頭	猪公头	tʃy55 kʊŋ55 tʰɐu21	zyu1 gung1 tau4	種豬2
2226	六、動物（1）牲畜/種豬	公豬郎	公猪郎	kʊŋ55 tʃy55 lɔŋ21	gung1 zyu1 long4	種豬3
2227	六、動物（1）牲畜/母豬	豬乸	猪乸	tʃy55 na35	zyu1 naa2	母豬
2228	六、動物（1）牲畜/小豬	豬崽	猪崽	tʃy55 tʃɐi35	zyu1 zai2	小豬
2229	六、動物（1）牲畜/小豬	豬仔	猪仔	tʃy55 tʃɐi35	zyu1 zai2	小豬，同「豬崽」
2230	六、動物（1）牲畜/陸川豬	陸川豬	陆川猪	lʊk2 tʃʰyn55 tʃy55	luk6 cyun1 zyu1	陸川豬，產於陸川縣，黑白相間，腰彎肚凸，是我國九大良種豬之一，見1985年《廣西特產風味指南》P175-177
2231	六、動物（1）牲畜/香豬	香豬	香猪	hœŋ55 tʃy55	hoeng1 zyu1	香豬，產於環江、巴馬，見2015年廣西壯族自治區商務廳《廣西特產寶典》P120-123
2232	六、動物（1）牲畜/閹豬	閹豬	阉猪	jim55 tʃy55	jim1 zyu1	閹豬
2233	六、動物（1）牲畜/閹狗	閹狗	阉狗	jim55 kɐu35	jim1 gau2	騸狗
2234	六、動物（1）牲畜/閹馬	閹馬	阉马	jim55 ma24	jim1 maa5	騸馬
2235	六、動物（1）牲畜/豬毛	豬鬃	猪鬃	tʃy55 tʃʊŋ55	zyu1 zung1	豬毛1
2236	六、動物（1）牲畜/豬毛	豬毛	猪毛	tʃy55 mu21	zyu1 mu4	豬毛2
2237	六、動物（1）牲畜/兔子	兔	兔	tʰu33	tu3	兔子1
2238	六、動物（1）牲畜/兔子	白兔	白兔	pak2 tʰu33	baak6 tu3	兔子2
2239	六、動物（1）牲畜/尾巴	尾	尾	mi24	mi5	尾巴
2240	六、動物（1）牲畜/雞	雞	鸡	kɐi55	gai1	雞1，可比喻個小的，～蕉
2241	六、動物（1）牲畜/雞	雞咕咕	鸡咕咕	kɐi55 ku21 ku35	gai1 gu4 gu2	雞2，童語
2242	六、動物（1）牲畜/（雞）叫	啼	啼	tʰɐi21	tai4	（雞）叫
2243	六、動物（1）牲畜/公雞	雞公	鸡公	kɐi55 kʊŋ55	gai1 gung1	公雞1
2244	六、動物（1）牲畜/公雞	雞頭	鸡头	kɐi55 tʰɐu21	gai1 tau4	公雞2，指種雞，配種用的公雞
2245	六、動物（1）牲畜/雞角	生雞	生鸡	ʃaŋ55 kɐi55	saang1 gai1	雞角1，未成年的小公雞
2246	六、動物（1）牲畜/雞角	生雞崽	生鸡崽	ʃaŋ55 kɐi55 tʃɐi35	saang1 gai1 zai2	雞角2
2247	六、動物（1）牲畜/雞角	生雞仔	生鸡仔	ʃaŋ55 kɐi55 tʃɐi35	saang1 gai1 zai2	雞角2，同「生雞崽」
2248	六、動物（1）牲畜/雞角	公雞崽	公鸡崽	kʊŋ55 kɐi55 tʃɐi35	gung1 gai1 zai2	雞角3
2249	六、動物（1）牲畜/雞角	公雞仔	公鸡仔	kʊŋ55 kɐi55 tʃɐi35	gung1 gai1 zai2	雞角3，同「公雞崽」
2250	六、動物（1）牲畜/閹雞（名詞）	鏾雞	𫔌鸡	ɬin33 kɐi55	slin3 gai1	閹雞1（名詞），俗作「線雞」
2251	六、動物（1）牲畜/閹雞（名詞）	雞閹	鸡阉	kɐi55 jim55	gai1 jim1	閹雞2（名詞）
2252	六、動物（1）牲畜/閹雞（名詞）	閹雞	阉鸡	jim55 kɐi55	jim1 gai1	閹雞3（名詞）
2253	六、動物（1）牲畜/雜生雞	雜生雞	杂生鸡	tʃap2 ʃaŋ55 kɐi55	zaap6 saang1 gai1	雜生雞，沒閹好的雞
2254	六、動物（1）牲畜/閹雞（動詞）	閹雞	阉鸡	jim55 kɐi55	jim1 gai1	閹雞（動詞）
2255	六、動物（1）牲畜/母雞	雞乸	鸡乸	kɐi55 na35	gai1 naa2	母雞1
2256	六、動物（1）牲畜/母雞	項雞	项鸡	hɔŋ22 kɐi55	hong6 gai1	母雞2，未成年的小母雞
2257	六、動物（1）牲畜/母雞	雞項	鸡项	kɐi55 hɔŋ22	gai1 hong6	母雞3
2258	六、動物（1）牲畜/抱窩雞	賴菢雞	赖菢鸡	lai22 pu22 kɐi55	laai6 bu6 gai1	抱窩雞
2259	六、動物（1）牲畜/抱窩母雞	賴菢雞乸	赖菢鸡乸	lai22 pu22 kɐi55 na35	laai6 bu6 gai1 naa2	抱窩母雞，喻指惡婦、潑婦
2260	六、動物（1）牲畜/小雞兒	雞崽	鸡崽	kɐi55 tʃɐi35	gai1 zai2	小雞兒1
2261	六、動物（1）牲畜/小雞兒	雞仔	鸡仔	kɐi55 tʃɐi35	gai1 zai2	小雞兒1，同「雞崽」
2262	六、動物（1）牲畜/小雞兒	雞兒	鸡儿	kɐi55 ji55	gai1 ji1	小雞兒2，老派
2263	六、動物（1）牲畜/小雞兒	雞苗	鸡苗	kɐi55 miu21	gai1 miu4	小雞兒3
2264	六、動物（1）牲畜/土雞	土雞	土鸡	tʰu35 kɐi55	tu2 gai1	土雞，農村放養的雞
2265	六、動物（1）牲畜/飼料雞	飼料雞	饲料鸡	tʃʰi22 liu35 kɐi55	ci6 liu2 gai1	飼料雞1.1
2266	六、動物（1）牲畜/飼料雞	飼料雞	饲料鸡	tsʰɿ22 liu35 kɐi55	cy6 liu2 gai1	飼料雞1.2
2267	六、動物（1）牲畜/蘆花雞	花羅雞	花罗鸡	fa55 lɔ21 kɐi55	faa1 lo4 gai1	蘆花雞
2268	六、動物（1）牲畜/三黃雞	三黃雞	三黄鸡	ɬam55 wɔŋ21 kɐi55	slaam1 wong4 gai1	三黃雞，因其黃羽、黃喙、黃腳得名
2269	六、動物（1）牲畜/霞煙雞	霞煙雞	霞烟鸡	ha21 jin55 kɐi55	haa4 jin1 gai1	霞煙雞，三黃雞的一種，產自容縣下煙，本名「下煙雞」，後俗作「霞煙雞」，見1985年《廣西特產風味指南》P169-170
2270	六、動物（1）牲畜/竹絲雞（烏骨雞、烏雞）	竹絲雞	竹丝鸡	tʃʊk5 ʃi55 kɐi55	zuk1 si1 gai1	竹絲雞1.1（烏骨雞、烏雞），雞毛好似絨絲得名，又因雞皮、雞肉和雞骨都是烏黑色，也稱烏骨雞、烏雞，見1985年《廣西特產風味指南》P171
2271	六、動物（1）牲畜/竹絲雞（烏骨雞、烏雞）	竹絲雞	竹丝鸡	tʃʊk5 sɿ55 kɐi55	zuk1 sy1 gai1	竹絲雞1.2（烏骨雞、烏雞）
2272	六、動物（1）牲畜/竹絲雞（烏骨雞、烏雞）	黑肉雞	黑肉鸡	hɐk5 jʊk2 kɐi55	hak1 juk6 gai1	竹絲雞2（烏骨雞、烏雞）
2273	六、動物（1）牲畜/竹雞	竹雞	竹鸡	tʃʊk5 kɐi55	zuk1 gai1	竹雞，像鵪鶉，但稍大，羽毛褐色，因喜在竹林間活動，故稱，見1982年《南寧旅遊手冊》P81
2274	六、動物（1）牲畜/褐翅鴉鵑（紅毛雞、大毛雞）	毛雞	毛鸡	mu21 kɐi55	mu4 gai1	褐翅鴉鵑（也叫紅毛雞、大毛雞），是製作毛雞酒的主要原料，柳州、梧州是主產地
2275	六、動物（1）牲畜/踩	踩	踩	tʃʰai35	caai2	踩，禽類交配
2276	六、動物（1）牲畜/雞蛋	雞蛋	鸡蛋	kɐi55 tan22	gai1 daan6	雞蛋
2277	六、動物（1）牲畜/軟殼蛋	軟殼蛋	软壳蛋	jyn24 hɔk3 tan22	jyun5 hok3 daan6	軟殼蛋
2278	六、動物（1）牲畜/散黃蛋	毈蛋	毈蛋	wɔ24 tan22	wo5 daan6	毈蛋，散黃蛋、變質蛋，杜果切，聲母脫落，與「撾/蝸/媧」音變類似，俗字「涴」
2279	六、動物（1）牲畜/屈頭雞	屈頭雞	屈头鸡	wɐt5 tʰɐu21 kɐi55	wat1 tau4 gai1	屈頭雞，死在蛋裏的小雞
2280	六、動物（1）牲畜/下蛋	生蛋	生蛋	ʃaŋ55 tan22	saang1 daan6	下蛋1
2281	六、動物（1）牲畜/下蛋	屙蛋	屙蛋	ɔ55 tan22	o1 daan6	下蛋2
2282	六、動物（1）牲畜/孵蛋	菢竇	菢窦	pu22 tɐu33	bu6 dau3	孵蛋1
2283	六、動物（1）牲畜/孵蛋	菢雞崽	菢鸡崽	pu22 kɐi55 tʃɐi35	bu6 gai1 zai2	孵蛋2，專指孵小雞
2284	六、動物（1）牲畜/孵蛋	菢雞仔	菢鸡仔	pu22 kɐi55 tʃɐi35	bu6 gai1 zai2	孵蛋2，同「菢雞崽」，專指孵小雞
2285	六、動物（1）牲畜/孵蛋	菢蛋	菢蛋	pu22 tan22	bu6 daan6	孵蛋3
2286	六、動物（1）牲畜/孵蛋	菢雞	菢鸡	pu22 kɐi55	bu6 gai1	孵蛋4，專指孵小雞
2287	六、動物（1）牲畜/雞冠	雞冠	鸡冠	kɐi55 kun55	gai1 gun1	雞冠
2288	六、動物（1）牲畜/雞爪子	雞爪	鸡爪	kɐi55 tʃɛu35	gai1 zeu2	雞爪子1.1
2289	六、動物（1）牲畜/雞爪子	雞爪	鸡爪	kɐi55 jɛu35	gai1 jeu2	雞爪子1.2
2290	六、動物（1）牲畜/雞爪子	雞爪	鸡爪	kɐi55 tʃau35	gai1 zaau2	雞爪子1.3
2291	六、動物（1）牲畜/雞爪子	雞爪	鸡爪	kɐi55 jau35	gai1 jaau2	雞爪子1.4
2292	六、動物（1）牲畜/雞爪子	雞腳	鸡脚	kɐi55 kœk3	gai1 goek3	雞爪子2
2293	六、動物（1）牲畜/抓辮子	抓雞腳	抓鸡脚	tʃa55 kɐi55 kœk3	zaa1 gai1 goek3	抓辮子，抓把柄
2294	六、動物（1）牲畜/鴨	鴨	鸭	ap3	aap3	鴨1
2295	六、動物（1）牲畜/鴨	鴨咇咇	鸭咇咇	ap3 pɛt2 pɛt2	aap3 bet6 bet6	鴨2，童語
2296	六、動物（1）牲畜/公鴨	鴨公	鸭公	ap3 kʊŋ55	aap3 gung1	公鴨
2297	六、動物（1）牲畜/母鴨	鴨乸	鸭乸	ap3 na35	aap3 naa2	母鴨
2298	六、動物（1）牲畜/小鴨子	鴨崽	鸭崽	ap3 tʃɐi35	aap3 zai2	小鴨子1
2299	六、動物（1）牲畜/小鴨子	鴨仔	鸭仔	ap3 tʃɐi35	aap3 zai2	小鴨子1，同「鴨崽」
2300	六、動物（1）牲畜/小鴨子	鴨苗	鸭苗	ap3 miu21	aap3 miu4	小鴨子2
2301	六、動物（1）牲畜/小鴨子	鴨兒	鸭儿	ap3 ji55	aap3 ji1	小鴨子3，老派
2302	六、動物（1）牲畜/芝麻鴨	芝麻鴨	芝麻鸭	tʃi55 ma21 ap3	zi1 maa4 aap3	芝麻鴨1，羽毛雜花色
2303	六、動物（1）牲畜/芝麻鴨	麻鴨	麻鸭	ma21 ap3	maa4 aap3	芝麻鴨2
2304	六、動物（1）牲畜/西洋鴨	西洋鴨	西洋鸭	ɬɐi55 jœŋ21 ap3	slai1 joeng4 aap3	西洋鴨
2305	六、動物（1）牲畜/木鴨	木鴨	木鸭	mʊk2 ap3	muk6 aap3	木鴨，土鴨與西洋鴨雜交品種
2306	六、動物（1）牲畜/北京鴨	北京鴨	北京鸭	pɐk5 keŋ55 ap3	bak1 ging1 aap3	北京鴨，羽毛白色
2307	六、動物（1）牲畜/水鴨	水鴨	水鸭	ʃui35 ap3	sui2 aap3	水鴨，人工飼養的野鴨
2308	六、動物（1）牲畜/青頭鴨	青頭鴨	青头鸭	tʃʰɛŋ55 tʰɐu21 ap3	ceng1 tau4 aap3	青頭鴨
2309	六、動物（1）牲畜/領頭鴨	花頭鴨	花头鸭	fa55 tʰɐu21 ap3	faa1 tau4 aap3	領頭鴨，比喻愛出風頭的人
2310	六、動物（1）牲畜/鴨掌	鴨腳	鸭脚	ap3 kœk3	aap3 goek3	鴨掌
2311	六、動物（1）牲畜/鴨蛋	鴨蛋	鸭蛋	ap3 tan22	aap3 daan6	鴨蛋
2312	六、動物（1）牲畜/海鴨蛋	海鴨蛋	海鸭蛋	hɔi35 ap3 tan22	hoi2 aap3 daan6	海鴨蛋，蛋黃大，呈橘紅色，又稱「紅心海鴨蛋」，主產地在北部灣，見2015年廣西壯族自治區商務廳《廣西特產寶典》P159-162
2313	六、動物（1）牲畜/趕鴨子上架	抨鴨上樹	抨鸭上树	pʰaŋ24 ap3 ʃœŋ24 ʃy22	paang5 aap3 soeng5 syu6	趕鴨子上架
2314	六、動物（1）牲畜/鵝	鵝	鹅	ŋɔ21	ngo4	鵝
2315	六、動物（1）牲畜/小鵝兒	鵝崽	鹅崽	ŋɔ21 tʃɐi35	ngo4 zai2	小鵝兒
2316	六、動物（1）牲畜/小鵝兒	鵝仔	鹅仔	ŋɔ21 tʃɐi35	ngo4 zai2	小鵝兒，同「鵝崽」
2317	六、動物（1）牲畜/天鵝	天鵝	天鹅	tʰin55 ŋɔ21	tin1 ngo4	天鵝
2318	六、動物（1）牲畜/雁鵝	雁鵝	雁鹅	ŋan22 ŋɔ21	ngaan6 ngo4	雁鵝，大雁與鵝雜交的品種
2319	六、動物（2）鳥獸/野獸	野獸	野兽	jɛ24 ʃɐu33	je5 sau3	野獸
2320	六、動物（2）鳥獸/獅子	獅子	狮子	ʃi55 tʃi35	si1 zi2	獅子1.1
2321	六、動物（2）鳥獸/獅子	獅子	狮子	sɿ55 tsɿ35	sy1 zy2	獅子1.2
2322	六、動物（2）鳥獸/老虎	老虎	老虎	lu24 fu35	lu5 fu2	老虎
2323	六、動物（2）鳥獸/母老虎	老虎乸	老虎乸	lu24 fu35 na35	lu5 fu2 naa2	母老虎1
2324	六、動物（2）鳥獸/母老虎	母夜叉	母夜叉	mu24 jɛ22 tʃʰa55	mu5 je6 caa1	母老虎2
2325	六、動物（2）鳥獸/大象	大笨象	大笨象	tai22 pɐn22 tʃœŋ22	daai6 ban6 zoeng6	大象
2326	六、動物（2）鳥獸/狼	狼	狼	lɔŋ21	long4	狼，可比喻（人）兇狠
2327	六、動物（2）鳥獸/猴子	馬騮	马骝	ma55 lɐu55	maa1 lau1	猴子
2328	六、動物（2）鳥獸/黑葉猴	烏猿	乌猿	wu55 jyn21	wu1 jyun4	黑葉猴
2329	六、動物（2）鳥獸/狒狒	狒狒	狒狒	fɐt5 fɐt5	fat1 fat1	狒狒
2330	六、動物（2）鳥獸/熊	狗熊	狗熊	kɐu35 jʊŋ21	gau2 jung4	熊1
2331	六、動物（2）鳥獸/熊	熊	熊	jʊŋ21	jung4	熊2
2332	六、動物（2）鳥獸/熊貓	熊貓	熊猫	jʊŋ21 mɛu55	jung4 meu1	熊貓
2333	六、動物（2）鳥獸/人熊婆	人熊婆	人熊婆	jɐn21 jʊŋ21 pʰɔ21	jan4 jung4 po4	人熊婆1.1，傳說故事中扮裝成老太婆的熊，專吃小孩
2334	六、動物（2）鳥獸/人熊婆	人熊婆	人熊婆	ja21 jʊŋ21 pʰɔ21	jaa4 jung4 po4	人熊婆1.2
2335	六、動物（2）鳥獸/人熊婆	人熊婆	人熊婆	jai21 jʊŋ21 pʰɔ21	jaai4 jung4 po4	人熊婆1.3，[jai21]爲[ja21]受後字「熊」的逆同化
2336	六、動物（2）鳥獸/豹	豹	豹	pɛu33	beu3	豹1.1
2337	六、動物（2）鳥獸/豹	豹	豹	pau33	baau3	豹1.2
2338	六、動物（2）鳥獸/豹	金錢豹	金钱豹	kɐm55 tʃʰin21 pɛu33	gam1 cin4 beu3	豹2.1
2339	六、動物（2）鳥獸/豹	金錢豹	金钱豹	kɐm55 tʃʰin21 pau33	gam1 cin4 baau3	豹2.2
2340	六、動物（2）鳥獸/狐狸	狐狸	狐狸	wu21 li21	wu4 li4	狐狸
2341	六、動物（2）鳥獸/狐狸精	狐狸精	狐狸精	wu21 li21 tʃeŋ55	wu4 li4 zing1	狐狸精
2342	六、動物（2）鳥獸/黃鼠狼	黃鼠狼	黄鼠狼	wɔŋ21 ʃy35 lɔŋ21	wong4 syu2 long4	黃鼠狼1
2343	六、動物（2）鳥獸/黃鼠狼	抓雞虎	抓鸡虎	tʃa55 kɐi55 fu35	zaa1 gai1 fu2	黃鼠狼2
2344	六、動物（2）鳥獸/果子狸（花面狸、白額靈貓）	果子狸	果子狸	kɔ35 tʃi35 li21	go2 zi2 li4	果子狸1.1（花面狸、白額靈貓），廣西主要分佈在桂東南的山區，有一道傳統菜爲「紅扣果子狸」，見1985年《廣西特產風味指南》P149-150，207和1982年《南寧旅遊手冊》P74-75，81，現爲保護動物，禁止私自捕殺買賣
2345	六、動物（2）鳥獸/果子狸（花面狸、白額靈貓）	果子狸	果子狸	kɔ35 tsɿ35 li21	go2 zy2 li4	果子狸1.2（花面狸、白額靈貓）
2346	六、動物（2）鳥獸/穿山甲（鯪鯉）	穿山甲	穿山甲	tʃʰyn55 ʃan55 kap3	cyun1 saan1 gaap3	穿山甲（鯪鯉），全身有角質鱗甲，無牙，爪銳利，善於掘土，吃螞蟻、蜂等，舊時曾做過名菜和入藥，見1985年《廣西特產風味指南》P152-153和1982年《南寧旅遊手冊》P74，80-81，現爲保護動物，禁止私自捕殺買賣
2347	六、動物（2）鳥獸/老鼠	老鼠	老鼠	lu24 ʃy35	lu5 syu2	老鼠1，統稱
2348	六、動物（2）鳥獸/老鼠	家鼠	家鼠	ka55 ʃy35	gaa1 syu2	老鼠2，家裡的
2349	六、動物（2）鳥獸/老鼠兒	老鼠兒	老鼠儿	lu24 ʃy35 ji55	lu5 syu2 ji1	小老鼠，老派
2350	六、動物（2）鳥獸/臊鼠	臊鼠	臊鼠	ɬu55 ʃy35	slu1 syu2	臊鼠，一種體形較小的家鼠
2351	六、動物（2）鳥獸/田鼠	田鼠	田鼠	tʰin21 ʃy35	tin4 syu2	田鼠
2352	六、動物（2）鳥獸/竹鼠	竹鼠	竹鼠	tʃʊk5 ʃy35	zuk1 syu2	竹鼠
2353	六、動物（2）鳥獸/洋鼠	洋鼠	洋鼠	jœŋ21 ʃy35	joeng4 syu2	洋鼠，一種人工飼養的鼠
2354	六、動物（2）鳥獸/一鼠當三雞	一鼠當三雞	一鼠当三鸡	jɐt5 ʃy35 tɔŋ33 ɬam55 kɐi55	jat1 syu2 dong3 slaam1 gai1	一鼠當三雞，舊時俗語，指竹鼠可抵三隻雞
2355	六、動物（2）鳥獸/刺蝟	刺蝟	刺猬	tʃʰi33 wɐi33	ci3 wai3	刺蝟1.1
2356	六、動物（2）鳥獸/刺蝟	刺蝟	刺猬	tsʰɿ33 wɐi33	cy3 wai3	刺蝟1.2
2357	六、動物（2）鳥獸/蛇	蛇	蛇	ʃɛ21	se4	蛇，統稱
2358	六、動物（2）鳥獸/眼鏡蛇	吹風鱉	吹风鳖	tʃʰui55 fʊŋ55 pit3	cui1 fung1 bit3	眼鏡蛇1，毒蛇，激怒時因其發出噴氣聲得名
2359	六、動物（2）鳥獸/眼鏡蛇	飯鏟頭	饭铲头	fan22 tʃʰɛn35 tʰɐu21	faan6 cen2 tau4	眼鏡蛇2，毒蛇，激怒時因其頸部變扁似飯鏟得名
2360	六、動物（2）鳥獸/眼鏡蛇	眼鏡蛇	眼镜蛇	ŋɛn24 kɛŋ33 ʃɛ21	ngen5 geng3 se4	眼鏡蛇3
2361	六、動物（2）鳥獸/眼鏡蛇	吹風蛇	吹风蛇	tʃʰui55 fʊŋ55 ʃɛ21	cui1 fung1 se4	眼鏡蛇4
2362	六、動物（2）鳥獸/眼鏡王蛇	過山風	过山风	kɔ33 ʃan55 fʊŋ55	go3 saan1 fung1	眼鏡王蛇，毒蛇，比眼鏡蛇大，也能吹風擴頸，長可達33-59米，體烏黑色或黑褐色，生活在密林、石洞、水畔，能爬樹，性兇暴，有一道傳統菜爲「南薺炒蛇背」，見1985年《廣西特產風味指南》P211-212，現爲保護動物，禁止私自捕殺買賣
2363	六、動物（2）鳥獸/竹葉青	竹葉青	竹叶青	tʃʊk5 jip2 tʃʰeŋ55	zuk1 jip6 cing1	竹葉青，毒蛇
2364	六、動物（2）鳥獸/金環蛇	金包鐵	金包铁	kɐm55 pau55 tʰit3	gam1 baau1 tit3	金環蛇1.1，毒蛇
2365	六、動物（2）鳥獸/金環蛇	金包鐵	金包铁	kɐm55 pɛu55 tʰit3	gam1 beu1 tit3	金環蛇1.2
2366	六、動物（2）鳥獸/銀環蛇	銀包鐵	银包铁	ŋɐn21 pau55 tʰit3	ngan4 baau1 tit3	銀環蛇1.1，毒蛇
2367	六、動物（2）鳥獸/銀環蛇	銀包鐵	银包铁	ŋɐn21 pɛu55 tʰit3	ngan4 beu1 tit3	銀環蛇1.2
2368	六、動物（2）鳥獸/灰鼠蛇	過樹龍	过树龙	kɔ33 ʃy22 lʊŋ21	go3 syu6 lung4	灰鼠蛇1，無毒蛇，有一道傳統菜爲「南薺炒蛇背」，見1985年《廣西特產風味指南》P211-212，現爲保護動物，禁止私自捕殺買賣
2369	六、動物（2）鳥獸/灰鼠蛇	過樹榕	过树榕	kɔ33 ʃy22 jʊŋ21	go3 syu6 jung4	灰鼠蛇2
2370	六、動物（2）鳥獸/泥蛇	泥蛇	泥蛇	nɐi21 ʃɛ21	nai4 se4	泥蛇
2371	六、動物（2）鳥獸/水蛇	水蛇	水蛇	ʃui35 ʃɛ21	sui2 se4	水蛇
2372	六、動物（2）鳥獸/草花蛇	草花蛇	草花蛇	tʃʰu35 fa55 ʃɛ21	cu2 faa1 se4	草花蛇
2373	六、動物（2）鳥獸/蟒蛇	蚺蛇	蚺蛇	nam21 ʃɛ21	naam4 se4	蟒蛇1
2374	六、動物（2）鳥獸/蟒蛇	大蚺蛇	大蚺蛇	tai22 nam21 ʃɛ21	daai6 naam4 se4	蟒蛇2
2375	六、動物（2）鳥獸/鐵線蛇	鐵線蛇	铁线蛇	tʰit3 ɬin33 ʃɛ21	tit3 slin3 se4	鐵線蛇，一種小型黑色的蛇，像鐵絲
2376	六、動物（2）鳥獸/五步蛇（尖吻腹、蘄蛇）	五步蛇	五步蛇	ŋ̍24 pu22 ʃɛ21	ng5 bu6 se4	五步蛇1（尖吻腹、蘄蛇），毒蛇，現爲保護動物，禁止私自捕殺買賣
2377	六、動物（2）鳥獸/五步蛇（尖吻腹、蘄蛇）	白花蛇	白花蛇	pak2 fa55 ʃɛ21	baak6 faa1 se4	五步蛇2（尖吻腹、蘄蛇），專指入藥用的乾燥蛇體，有不少資料與「百花蛇」混淆，又因資源稀缺價格昂貴，在藥材市場上也有不少人以「銀包鐵（銀環蛇）」替代
2378	六、動物（2）鳥獸/水律蛇（烏鞘蛇、烏梢蛇、烏風蛇、滑鼠蛇）	水律蛇	水律蛇	ʃui35 lɐt2 ʃɛ21	sui2 lat6 se4	水律蛇1.1（烏鞘蛇、烏梢蛇、烏風蛇、滑鼠蛇），生活在山區、丘陵地帶的無毒蛇，以蛙、魚爲食，體長兩米有餘，頭部黑褐色，背部黃褐色，體後部有不規則黑色橫斑，至尾部形成黑色網紋，可製藥酒，膽和蛻也可入藥，入藥即爲中藥的「烏蛇」，有一道傳統菜爲「南薺炒蛇背」，見1985年《廣西特產風味指南》P211-212，現爲保護動物，禁止私自捕殺買賣
2379	六、動物（2）鳥獸/水律蛇（烏鞘蛇、烏梢蛇、烏風蛇、滑鼠蛇）	水律蛇	水律蛇	ʃui35 lyt2 ʃɛ21	sui2 lyut6 se4	水律蛇1.2（烏鞘蛇、烏梢蛇、烏風蛇、滑鼠蛇）
2380	六、動物（2）鳥獸/三索錦蛇	三索線	三索线	ɬam55 ɬɔk3 ɬin33	slaam1 slok3 slin3	三索錦蛇1，大型無毒蛇，眼後有三條放射狀黑線得名
2381	六、動物（2）鳥獸/三索錦蛇	三索蛇	三索蛇	ɬam55 ɬɔk3 ʃɛ21	slaam1 slok3 se4	三索錦蛇2
2382	六、動物（2）鳥獸/百花錦蛇	百花蛇	百花蛇	pak3 fa55 ʃɛ21	baak3 faa1 se4	百花錦蛇，中大型無毒蛇，因「白」與「百」音近，有不少資料誤作「白花蛇」，如1982年《南寧旅遊手冊》P76作「百花（蛇）」，而在P82誤作「白花蛇」，又如2010年歐陽覺亞等《廣州話俗語詞典》的俗語「白花蛇浸酒，冇功效」，又如1995年劉村漢《柳州方言詞典》P135作「白花蛇」，現爲保護動物，禁止私自捕殺買賣
2383	六、動物（2）鳥獸/黑眉錦蛇	雙線蛇	双线蛇	ʃœŋ55 ɬin33 ʃɛ21	soeng1 slin3 se4	黑眉錦蛇，大型無毒蛇，面部有兩條黑色斑紋一直延伸至頸部，故得名
2384	六、動物（2）鳥獸/三蛇	三蛇	三蛇	ɬam55 ʃɛ21	slaam1 se4	三蛇，舊時用來製作三蛇酒或三蛇羹的三種蛇，不同地區所用三蛇不同，比如兩廣一般用金包鐵（金環蛇）、吹風鱉/飯鏟頭（眼鏡蛇）和過樹龍/過樹榕（灰鼠蛇），前兩種是毒蛇，後一種是無毒蛇，另外，在三蛇基礎上加上三索線、過山風、雙線蛇、百花蛇等其中之二即爲「五蛇」，見1985年《廣西特產風味指南》P86-87和1982年《南寧旅遊手冊》P75-76，81-82，前述所有蛇現爲保護動物，禁止私自捕殺買賣
2385	六、動物（2）鳥獸/蜥蜴	馬鬃蛇	马鬃蛇	ma24 tʃʊŋ55 ʃɛ21	maa5 zung1 se4	蜥蜴1
2386	六、動物（2）鳥獸/蜥蜴	變色龍	变色龙	pin33 ʃek5 lʊŋ21	bin3 sik1 lung4	蜥蜴2
2387	六、動物（2）鳥獸/鳥	雀	雀	tʃʰœk3	coek3	鳥，總稱
2388	六、動物（2）鳥獸/鳥兒	雀崽	雀崽	tʃʰœk3 tʃɐi35	coek3 zai2	鳥兒1
2389	六、動物（2）鳥獸/鳥兒	雀仔	雀仔	tʃʰœk3 tʃɐi35	coek3 zai2	鳥兒1，同「雀崽」
2390	六、動物（2）鳥獸/鳥兒	雀兒	雀儿	tʃʰœk3 ji55	coek3 ji1	鳥兒2，老派
2391	六、動物（2）鳥獸/鳥毛	雀毛	雀毛	tʃʰœk3 mu21	coek3 mu4	鳥毛
2392	六、動物（2）鳥獸/烏鴉	烏鴉	乌鸦	wu55 ja55	wu1 jaa1	烏鴉1.1
2393	六、動物（2）鳥獸/烏鴉	烏鴉	乌鸦	wu55 a55	wu1 aa1	烏鴉1.2
2394	六、動物（2）鳥獸/喜鵲	喜鵲	喜鹊	hi35 tʃʰœk3	hi2 coek3	喜鵲1
2395	六、動物（2）鳥獸/喜鵲	豬屎喳	猪屎喳	tʃy55 ʃi35 tʃa21	zyu1 si2 zaa4	喜鵲2
2396	六、動物（2）鳥獸/麻雀	麻雀	麻雀	ma21 tʃʰœk3	maa4 coek3	麻雀1
2397	六、動物（2）鳥獸/麻雀	偷飯雀	偷饭雀	tʰɐu55 fan22 tʃʰœk3	tau1 faan6 coek3	麻雀2
2398	六、動物（2）鳥獸/燕子	燕子	燕子	jin33 tʃi35	jin3 zi2	燕子1.1
2399	六、動物（2）鳥獸/燕子	燕子	燕子	jin33 tsɿ35	jin3 zy2	燕子1.2
2400	六、動物（2）鳥獸/雁	大雁	大雁	tai22 ŋan22	daai6 ngaan6	雁1
2401	六、動物（2）鳥獸/雁	雁	雁	ŋan22	ngaan6	雁2
2402	六、動物（2）鳥獸/斑鳩	斑鳩	斑鸠	pan55 kɐu55	baan1 gau1	斑鳩
2403	六、動物（2）鳥獸/鴿子	白鴿	白鸽	pak2 kɐp3	baak6 gap3	鴿子1.1
2404	六、動物（2）鳥獸/鴿子	白鴿	白鸽	pak2 kap3	baak6 gaap3	鴿子1.2
2405	六、動物（2）鳥獸/雛鴿	乳鴿	乳鸽	jy24 kɐp3	jyu5 gap3	雛鴿1.1
2406	六、動物（2）鳥獸/雛鴿	乳鴿	乳鸽	jy24 kap3	jyu5 gaap3	雛鴿1.2
2407	六、動物（2）鳥獸/鵪鶉	鵪鶉	鹌鹑	ɐm55 tʃʰɐn55	am1 can1	鵪鶉1.1，鵪和鶉本是兩種動物，因同類異種，狀亦相似，久而久之混爲一談，也就統稱鵪鶉了，做過不少名菜，見1985年《廣西特產風味指南》P172-173和1982年《南寧旅遊手冊》P76，81，野生鵪鶉現爲保護動物，禁止私自捕殺買賣
2408	六、動物（2）鳥獸/鵪鶉	鵪鶉	鹌鹑	ɐm55 tʃʰyn55	am1 cyun1	鵪鶉1.2
2409	六、動物（2）鳥獸/鷓鴣	鷓鴣	鹧鸪	tʃɛ33 ku55	ze3 gu1	鷓鴣，比鵪鶉略大，背灰蒼色，有紫紅色斑點，腹灰色，胸前有白圓點，形似珍珠，曾做過不少名菜，見1982年《南寧旅遊手冊》P76，81，現爲保護動物，禁止私自捕殺買賣
2410	六、動物（2）鳥獸/啄木鳥	啄木鳥	啄木鸟	tœk3 mʊk2 niu24	doek3 muk6 niu5	啄木鳥
2411	六、動物（2）鳥獸/貓頭鷹	貓頭鷹	猫头鹰	mɛu55 tʰɐu21 jeŋ55	meu1 tau4 jing1	貓頭鷹
2412	六、動物（2）鳥獸/畫眉	畫眉	画眉	wa22 mi21	waa6 mi4	畫眉
2413	六、動物（2）鳥獸/鸚鵡	鸚鵡	鹦鹉	jeŋ55 mu24	jing1 mu5	鸚鵡1
2414	六、動物（2）鳥獸/鸚鵡	鸚哥	鹦哥	jeŋ55 kɔ55	jing1 go1	鸚鵡2
2415	六、動物（2）鳥獸/鷯哥	鷯哥	鹩哥	lɛu55 kɔ55	leu1 go1	形似八哥兒的一種鳥，也常用來代稱八哥兒
2416	六、動物（2）鳥獸/鶴	鶴	鹤	hɔk2	hok6	鶴1
2417	六、動物（2）鳥獸/鶴	白鶴	白鹤	pak2 hɔk2	baak6 hok6	鶴2
2418	六、動物（2）鳥獸/老鷹	崖鷹	崖鹰	ŋa21 jeŋ55	ngaa4 jing1	老鷹，俗作「牙鷹」
2419	六、動物（2）鳥獸/野雞	雉雞	雉鸡	tʃi22 kɐi55	zi6 gai1	野雞1
2420	六、動物（2）鳥獸/野雞	山雞	山鸡	ʃan55 kɐi55	saan1 gai1	野雞2
2421	六、動物（2）鳥獸/野雞	野雞	野鸡	jɛ24 kɐi55	je5 gai1	野雞3，書面
2422	六、動物（2）鳥獸/野鴨	水鴨	水鸭	ʃui35 ap3	sui2 aap3	野鴨1
2423	六、動物（2）鳥獸/野鴨	野鴨	野鸭	jɛ24 ap3	je5 aap3	野鴨2，書面
2424	六、動物（2）鳥獸/鴛鴦	鴛鴦	鸳鸯	jyn55 jœŋ55	jyun1 joeng1	鴛鴦
2425	六、動物（2）鳥獸/百靈	百靈	百灵	pak3 leŋ21	baak3 ling4	百靈鳥1
2426	六、動物（2）鳥獸/百靈鳥	百靈鳥	百灵鸟	pak3 leŋ21 niu24	baak3 ling4 niu5	百靈鳥2
2427	六、動物（2）鳥獸/孔雀	孔雀	孔雀	hʊŋ35 tʃʰœk3	hung2 coek3	孔雀
2428	六、動物（2）鳥獸/鸕鷀	魚鷹	鱼鹰	jy21 jeŋ55	jyu4 jing1	鸕鷀
2429	六、動物（2）鳥獸/鷺鷥	白鷺	白鹭	pak2 lu22	baak6 lu6	鷺鷥
2430	六、動物（2）鳥獸/翠鳥	鵮魚雀	鹐鱼雀	tɛm55 jy21 tʃʰœk3	dem1 jyu4 coek3	翠鳥1.1
2431	六、動物（2）鳥獸/翠鳥	鵮魚雀	鹐鱼雀	tam55 jy21 tʃʰœk3	daam1 jyu4 coek3	翠鳥1.2
2432	六、動物（2）鳥獸/蝙蝠	飛鼠	飞鼠	fi55 ʃy35	fi1 syu2	蝙蝠1
2433	六、動物（2）鳥獸/蝙蝠	蝠鼠	蝠鼠	fʊk5 ʃy35	fuk1 syu2	蝙蝠2
2434	六、動物（2）鳥獸/翅膀	翼	翼	jek2	jik6	翅膀
2435	六、動物（2）鳥獸/爪	爪	爪	tʃɛu35	zeu2	爪1.1
2436	六、動物（2）鳥獸/爪	爪	爪	tʃau35	zaau2	爪1.2
2437	六、動物（2）鳥獸/爪	腳爪	脚爪	kœk3 tʃɛu35	goek3 zeu2	爪2.1
2438	六、動物（2）鳥獸/爪	腳爪	脚爪	kœk3 tʃau35	goek3 zaau2	爪2.2
2439	六、動物（2）鳥獸/胸	胸	胸	hʊŋ55	hung1	脯子（鳥類之胸）
2440	六、動物（2）鳥獸/嘴	嘴	嘴	tʃui35	zui2	嘴（鳥類之嘴）
2441	六、動物（2）鳥獸/鳥窩	麻雀竇	麻雀窦	ma21 tʃʰœk3 tɐu33	maa4 coek3 dau3	鳥窩1
2442	六、動物（2）鳥獸/鳥窩	雀竇	雀窦	tʃʰœk3 tɐu33	coek3 dau3	鳥窩2
2443	六、動物（2）鳥獸/鳥窩	鳥竇	鸟窦	niu24 tɐu33	niu5 dau3	鳥窩3
2444	六、動物（3）蟲類/蟲子	蟲	虫	tʃʰʊŋ21	cung4	蟲子，統稱
2445	六、動物（3）蟲類/蟲豸	蟲蟻	虫蚁	tʃʰʊŋ21 ŋɐi24	cung4 ngai5	蟲豸1
2446	六、動物（3）蟲類/蟲豸	蟲蟲蟻蟻	虫虫蚁蚁	tʃʰʊŋ21 tʃʰʊŋ21 ŋɐi24 ŋɐi24	cung4 cung4 ngai5 ngai5	蟲豸2
2447	六、動物（3）蟲類/蛇蟲鼠蟻	蛇蟲鼠蟻	蛇虫鼠蚁	ʃɛ21 tʃʰʊŋ21 ʃy35 ŋɐi24	se4 cung4 syu2 ngai5	蛇蟲鼠蟻，野獸和害蟲的統稱
2448	六、動物（3）蟲類/蠶	蠶蟲	蚕虫	tʃʰam21 tʃʰʊŋ21	caam4 cung4	蠶1
2449	六、動物（3）蟲類/蠶	蠶	蚕	tʃʰam21	caam4	蠶2
2450	六、動物（3）蟲類/蠶蛹	蠶蛹	蚕蛹	tʃʰam21 jʊŋ35	caam4 jung2	蠶蛹
2451	六、動物（3）蟲類/吐絲	吐絲	吐丝	tʰu33 ʃi55	tu3 si1	吐絲1.1
2452	六、動物（3）蟲類/吐絲	吐絲	吐丝	tʰu33 sɿ55	tu3 sy1	吐絲1.2
2453	六、動物（3）蟲類/結繭	結繭	结茧	kit3 kɛn35	git3 gen2	結繭
2454	六、動物（3）蟲類/蠶沙	蠶屎	蚕屎	tʃʰam21 ʃi35	caam4 si2	蠶沙，家蠶的屎
2455	六、動物（3）蟲類/柞蠶	柞蠶	柞蚕	tʃɔk2 tʃʰam21	zok6 caam4	柞蠶
2456	六、動物（3）蟲類/蠶子	蠶蛋	蚕蛋	tʃʰam21 tan22	caam4 daan6	蠶子
2457	六、動物（3）蟲類/蜘蛛	蠄螺	蠄螺	kʰɐm21 lɔ21	kam4 lo4	蜘蛛（大）1
2458	六、動物（3）蟲類/蜘蛛	蜘蛛	蜘蛛	tʃi55 tʃy55	zi1 zyu1	蜘蛛（小）2
2459	六、動物（3）蟲類/水蜘蛛	水爬蟲	水爬虫	ʃui35 pʰa21 tʃʰʊŋ21	sui2 paa4 cung4	水蜘蛛
2460	六、動物（3）蟲類/螞蟻	螞蟻	蚂蚁	maŋ24 ŋɐi24	maang5 ngai5	螞蟻1，統稱，「螞」受後字「蟻」的逆同化，俗作「蜢蟻」
2461	六、動物（3）蟲類/螞蟻	蟻	蚁	ŋɐi24	ngai5	螞蟻2，統稱
2462	六、動物（3）蟲類/黃絲蟻	黃絲蟻	黄丝蚁	wɔŋ21 ʃi55 ŋɐi24	wong4 si1 ngai5	黃絲蟻
2463	六、動物（3）蟲類/黑蟻	黑蟻	黑蚁	hɐk5 ŋɐi24	hak1 ngai5	黑蟻
2464	六、動物（3）蟲類/白蟻	白蟻	白蚁	pak2 ŋɐi24	baak6 ngai5	白蟻1
2465	六、動物（3）蟲類/白蟻	大水蟲	大水虫	tai22 ʃui35 tʃʰʊŋ21	daai6 sui2 cung4	白蟻2
2466	六、動物（3）蟲類/天牛	牛角蟲	牛角虫	ŋɐu21 kɔk3 tʃʰʊŋ21	ngau4 gok3 cung4	天牛
2467	六、動物（3）蟲類/螻蛄	土狗	土狗	tʰu35 kɐu35	tu2 gau2	螻蛄
2468	六、動物（3）蟲類/土鱉	地膽蟲	地胆虫	ti22 tam35 tʃʰʊŋ21	di6 daam2 cung4	土鱉
2469	六、動物（3）蟲類/蚯蚓	黃䘆	黄䘆	wɔŋ21 hyn35	wong4 hyun2	蚯蚓1
2470	六、動物（3）蟲類/蚯蚓	地龍	地龙	ti22 lʊŋ21	di6 lung4	蚯蚓2
2471	六、動物（3）蟲類/蝸牛	蝸牛	蜗牛	wɔ55 ŋɐu21	wo1 ngau4	蝸牛
2472	六、動物（3）蟲類/鼻涕蟲	鼻涕蟲	鼻涕虫	pi22 tʰɐi33 tʃʰʊŋ21	bi6 tai3 cung4	鼻涕蟲
2473	六、動物（3）蟲類/蜣螂	嗊屎蟲	唝屎虫	kʊŋ33 ʃi35 tʃʰʊŋ21	gung3 si2 cung4	蜣螂
2474	六、動物（3）蟲類/蚰蜒	草鞋蟲	草鞋虫	tʃʰu35 hai21 tʃʰʊŋ21	cu2 haai4 cung4	蚰蜒
2475	六、動物（3）蟲類/蜈蚣	百足	百足	pak3 tʃʊk5	baak3 zuk1	蜈蚣
2476	六、動物（3）蟲類/瓦坑蟲	瓦坑蟲	瓦坑虫	ŋa24 haŋ55 tʃʰʊŋ21	ngaa5 haang1 cung4	瓦坑蟲，一種形似蜈蚣的多足小蟲
2477	六、動物（3）蟲類/壁虎	檐蛇	檐蛇	jim21 ʃɛ21	jim4 se4	壁虎
2478	六、動物（3）蟲類/毛蟲	狗毛蟲	狗毛虫	kɐu35 mu21 tʃʰʊŋ21	gau2 mu4 cung4	毛蟲
2479	六、動物（3）蟲類/尺蠖	度尺蟲	度尺虫	tɔk2 tʃʰɛk3 tʃʰʊŋ21	dok6 cek3 cung4	尺蠖
2480	六、動物（3）蟲類/米蟲	米蟲	米虫	mɐi24 tʃʰʊŋ21	mai5 cung4	米蟲
2481	六、動物（3）蟲類/肉蟲	米蛆	米蛆	mɐi24 tʃʰy55	mai5 cyu1	肉蟲，米里的米色蟲
2482	六、動物（3）蟲類/硬殼蟲	硬殼蟲	硬壳虫	ŋaŋ22 hɔk3 tʃʰʊŋ21	ngaang6 hok3 cung4	硬殼蟲，米里的黑色小蟲
2483	六、動物（3）蟲類/蚜蟲	蜆蟲	蚬虫	jin22 tʃʰʊŋ21	jin6 cung4	蚜蟲2
2484	六、動物（3）蟲類/蚜蟲	蜆	蚬	jin22	jin6	蚜蟲1
2485	六、動物（3）蟲類/蒼蠅	蚊蠅	蚊蝇	mɐn55 jeŋ55	man1 jing1	蒼蠅1
2486	六、動物（3）蟲類/蒼蠅	烏蠅	乌蝇	wu55 jeŋ55	wu1 jing1	蒼蠅2
2487	六、動物（3）蟲類/蒼蠅	蒼蠅	苍蝇	tʃʰɔŋ55 jeŋ55	cong1 jing1	蒼蠅3
2488	六、動物（3）蟲類/綠豆蠅	大頭蒼蠅	大头苍蝇	tai22 tʰɐu21 tʃʰɔŋ55 jeŋ55	daai6 tau4 cong1 jing1	綠豆蠅1
2489	六、動物（3）蟲類/綠豆蠅	大頭蚊蠅	大头蚊蝇	tai22 tʰɐu21 mɐn55 jeŋ55	daai6 tau4 man1 jing1	綠豆蠅2
2490	六、動物（3）蟲類/綠豆蠅	大頭烏蠅	大头乌蝇	tai22 tʰɐu21 wu55 jeŋ55	daai6 tau4 wu1 jing1	綠豆蠅3
2491	六、動物（3）蟲類/蛆	蛆	蛆	tʃʰy55	cyu1	蛆
2492	六、動物（3）蟲類/蚊子	蚊	蚊	mɐn55	man1	蚊子1
2493	六、動物（3）蟲類/蚊子	蚊蟲	蚊虫	mɐn55 tʃʰʊŋ21	man1 cung4	蚊子2
2494	六、動物（3）蟲類/花蚊	花蚊	花蚊	fa55 mɐn55	faa1 man1	花蚊
2495	六、動物（3）蟲類/墨蚊	蚊墨	蚊墨	mɐn21 mɐk5	man4 mak1	墨蚊，小咬
2496	六、動物（3）蟲類/（蚊子）叮	嗒	嗒	nɛp5	nep1	（蚊子）叮1，俗字「囁」
2497	六、動物（3）蟲類/（蚊子）叮	噘	噘	tœ55	doe1	（蚊子）叮2，此處「噘」當源自「蛀」
2498	六、動物（3）蟲類/（蚊子）叮人	嗒人	嗒人	nɛp5 jɐn21	nep1 jan4	（蚊子）叮人1，俗作「囁人」
2499	六、動物（3）蟲類/（蚊子）叮人	噘人	噘人	tœ55 jɐn21	doe1 jan4	（蚊子）叮人2，此處「噘」當源自「蛀」
2500	六、動物（3）蟲類/（蚊子）叮人	咬人	咬人	ŋɛu24 jɐn21	ngeu5 jan4	（蚊子）叮人3
2501	六、動物（3）蟲類/孑孓	沙蟲	沙虫	ʃa55 tʃʰʊŋ21	saa1 cung4	孑孓
2502	六、動物（3）蟲類/蝨子	蝨乸	虱乸	ʃɐt5 na35	sat1 naa2	蝨子
2503	六、動物（3）蟲類/臭蟲	木蝨	木虱	mʊk2 ʃɐt5	muk6 sat1	臭蟲
2504	六、動物（3）蟲類/跳蚤	狗蝨	狗虱	kɐu35 ʃɐt5	gau2 sat1	跳蚤1
2505	六、動物（3）蟲類/跳蚤	跳蝨	跳虱	tʰiu33 ʃɐt5	tiu3 sat1	跳蚤2
2506	六、動物（3）蟲類/牛虻	牛蠅	牛蝇	ŋɐu21 jeŋ55	ngau4 jing1	牛虻
2507	六、動物（3）蟲類/蟋蟀	蟀蟀	蟀蟀	tʃyt5 tʃyt5	zyut1 zyut1	蟋蟀
2508	六、動物（3）蟲類/竈蟋蟀	蟀蟀	蟀蟀	tʃyt5 tʃyt5	zyut1 zyut1	竈蟋蟀
2509	六、動物（3）蟲類/蟑螂	曱甴	曱甴	kat2 tʃat2	gaat6 zaat6	蟑螂1.1，本字「甲蚻」
2510	六、動物（3）蟲類/蟑螂	曱甴	曱甴	kɐt2 tʃɐt2	gat6 zat6	蟑螂1.2，本字「甲蚻」
2511	六、動物（3）蟲類/龍蝨	龍蝨	龙虱	lʊŋ21 ʃɐt5	lung4 sat1	龍蝨，長在水田裏的一種黑甲蟲，可食，據說治遺尿
2512	六、動物（3）蟲類/蝗蟲	蜢	蜢	maŋ24	maang5	蝗蟲
2513	六、動物（3）蟲類/螳螂	馬螂扛	马螂扛	ma24 lɔŋ21 kʰɔŋ21	maa5 long4 kong4	螳螂
2514	六、動物（3）蟲類/蟬	吱喳蟲	吱喳虫	tʃi55 tʃa55 tʃʰʊŋ21	zi1 zaa1 cung4	蟬，知了
2515	六、動物（3）蟲類/蟬蛻	蟬蛻	蝉蜕	ʃim21 tʰui33	sim4 tui3	蟬蛻
2516	六、動物（3）蟲類/幼蟬猴	東南西北	东南西北	tʊŋ55 nam21 ɬɐi55 pɐk5	dung1 naam4 slai1 bak1	幼蟬猴
2517	六、動物（3）蟲類/蜜蜂	蜜蜂	蜜蜂	mɐt2 fʊŋ55	mat6 fung1	蜜蜂
2518	六、動物（3）蟲類/黃蜂	黃蜂	黄蜂	wɔŋ21 fʊŋ55	wong4 fung1	黃蜂，一般指胡蜂科的黃胡蜂屬，如「金環胡蜂」、「黑尾胡蜂」，這類通常體形較大，毒性最強
2519	六、動物（3）蟲類/馬蜂	鬼頭蜂	鬼头蜂	kʷɐi35 tʰɐu21 fʊŋ55	gwai2 tau4 fung1	馬蜂1（胡蜂的通稱），通常指體形中等、在屋檐或樹上築巢的胡蜂
2520	六、動物（3）蟲類/馬蜂	馬蜂	马蜂	ma24 fʊŋ55	maa5 fung1	馬蜂2（胡蜂的通稱）
2521	六、動物（3）蟲類/（馬蜂）蜇	噘	噘	tœ55	doe1	（馬蜂）蜇1，此處「噘」當源自「蛀」
2522	六、動物（3）蟲類/（馬蜂）蜇	嗒	嗒	nɛp5	nep1	（馬蜂）蜇2，俗字「囁」
2523	六、動物（3）蟲類/（馬蜂）蜇人	噘人	噘人	tœ55 jɐn21	doe1 jan4	（馬蜂）蜇人1，此處「噘」當源自「蛀」
2524	六、動物（3）蟲類/（馬蜂）蜇人	嗒人	嗒人	nɛp5 jɐn21	nep1 jan4	（馬蜂）蜇人2，俗作「囁人」
2525	六、動物（3）蟲類/蜜蜂窩	蜜蜂竇	蜜蜂窦	mɐt2 fʊŋ55 tɐu33	mat6 fung1 dau3	蜜蜂窩
2526	六、動物（3）蟲類/蜂窩	蜂竇	蜂窦	fʊŋ55 tɐu33	fung1 dau3	蜂窩
2527	六、動物（3）蟲類/蜂蜜	蜜糖	蜜糖	mɐt2 tʰɔŋ21	mat6 tong4	蜂蜜（一般指經過一定加工而成爲食品的）
2528	六、動物（3）蟲類/蜂蠟	蜂蠟	蜂蜡	fʊŋ55 lap2	fung1 laap6	蜂蠟
2529	六、動物（3）蟲類/螢火蟲	螢火蟲	萤火虫	jeŋ21 fɔ35 tʃʰʊŋ21	jing4 fo2 cung4	螢火蟲
2530	六、動物（3）蟲類/臭大姐	臭屁蟲	臭屁虫	tʃʰɐu33 pʰi33 tʃʰʊŋ21	cau3 pi3 cung4	臭大姐（椿象的一種）
2531	六、動物（3）蟲類/燈蛾	飛蛾	飞蛾	fi55 ŋɔ21	fi1 ngo4	燈蛾
2532	六、動物（3）蟲類/蝴蝶	蝴蝶	蝴蝶	wu21 tip2	wu4 dip6	蝴蝶
2533	六、動物（3）蟲類/蜻蜓	塘尾	塘尾	tʰɔŋ21 mɛ55	tong4 me1	蜻蜓
2534	六、動物（3）蟲類/瓢蟲	南瓜蟲	南瓜虫	nam21 kʷa55 tʃʰʊŋ21	naam4 gwaa1 cung4	瓢蟲
2535	六、動物（4）魚蝦類/魚兒	魚	鱼	jy21	jyu4	魚兒1
2536	六、動物（4）魚蝦類/魚兒	魚滑滑	鱼滑滑	jy21 wɛt5 wɛt5	jyu4 wet1 wet1	魚兒2，童語
2537	六、動物（4）魚蝦類/河魚	河魚	河鱼	hɔ21 jy21	ho4 jyu4	河魚（河裏野生的）
2538	六、動物（4）魚蝦類/塘魚	塘魚	塘鱼	tʰɔŋ21 jy21	tong4 jyu4	塘魚（塘裏養殖的）
2539	六、動物（4）魚蝦類/水庫魚	水庫魚	水库鱼	ʃui35 fu33 jy21	sui2 fu3 jyu4	水庫魚
2540	六、動物（4）魚蝦類/海魚	海魚	海鱼	hɔi35 jy21	hoi2 jyu4	海魚
2541	六、動物（4）魚蝦類/鯉魚	鯉魚	鲤鱼	li24 jy21	li5 jyu4	（非海魚）鯉魚
2542	六、動物（4）魚蝦類/鯽魚	鯽魚	鲫鱼	tʃɐk5 jy21	zak1 jyu4	（非海魚）鯽魚
2543	六、動物（4）魚蝦類/江鯽	江鯽	江鲫	kɔŋ55 tʃɐk5	gong1 zak1	（非海魚）江鯽，江裏的鯽魚
2544	六、動物（4）魚蝦類/非洲鯽	非洲鯽	非洲鲫	fi55 tʃɐu55 tʃɐk5	fi1 zau1 zak1	（非海魚）非洲鯽1
2545	六、動物（4）魚蝦類/非洲鯽	羅非魚	罗非鱼	lɔ21 fi55 jy21	lo4 fi1 jyu4	（非海魚）非洲鯽2，新派說法
2546	六、動物（4）魚蝦類/鰱魚	鰱魚	鲢鱼	lin21 jy21	lin4 jyu4	（非海魚）鰱魚1
2547	六、動物（4）魚蝦類/鰱魚	薄鰱魚	薄鲢鱼	pɔk2 lin21 jy21	bok6 lin4 jyu4	（非海魚）鰱魚2
2548	六、動物（4）魚蝦類/青竹魚	青竹魚	青竹鱼	tʃʰeŋ55 tʃʊk5 jy21	cing1 zuk1 jyu4	（非海魚）青竹魚
2549	六、動物（4）魚蝦類/拗頸魚	拗頸魚	拗颈鱼	ɛu35 kɛŋ35 jy21	eu2 geng2 jyu4	（非海魚）拗頸魚，一種河魚，魚頭與魚身間有彎曲
2550	六、動物（4）魚蝦類/鯿魚	鯿魚	鳊鱼	pin55 jy21	bin1 jyu4	（非海魚）鯿魚
2551	六、動物（4）魚蝦類/草魚	草魚	草鱼	tʃʰu35 jy21	cu2 jyu4	（非海魚）草魚1
2552	六、動物（4）魚蝦類/草魚	鯇魚	鲩鱼	wan24 jy21	waan5 jyu4	（非海魚）草魚2.1
2553	六、動物（4）魚蝦類/草魚	鯇魚	鲩鱼	wɛn24 jy21	wen5 jyu4	（非海魚）草魚2.2
2554	六、動物（4）魚蝦類/脆鯇	脆鯇	脆鲩	tʃʰui33 wan24	cui3 waan5	（非海魚）脆鯇1.1，一種肉脆的鯇魚
2555	六、動物（4）魚蝦類/脆鯇	脆鯇	脆鲩	tʃʰui33 wɛn24	cui3 wen5	（非海魚）脆鯇1.2，一種肉脆的鯇魚
2556	六、動物（4）魚蝦類/胖頭魚	大頭魚	大头鱼	tai22 tʰɐu21 jy21	daai6 tau4 jyu4	（非海魚）胖頭魚
2557	六、動物（4）魚蝦類/鯪魚	鯪魚	鲮鱼	lɛŋ21 jy21	leng4 jyu4	（非海魚）鯪魚
2558	六、動物（4）魚蝦類/禾花魚	禾花魚	禾花鱼	wɔ21 fa55 jy21	wo4 faa1 jyu4	（非海魚）禾花魚，在稻田養殖的一種魚
2559	六、動物（4）魚蝦類/黃蜂魚	黃蜂魚	黄蜂鱼	wɔŋ21 fʊŋ55 jy21	wong4 fung1 jyu4	（非海魚）黃蜂魚
2560	六、動物（4）魚蝦類/藍刀魚	藍刀魚	蓝刀鱼	lam21 tu55 jy21	laam4 du1 jyu4	（非海魚）藍刀魚
2561	六、動物（4）魚蝦類/沙溝魚	沙溝魚	沙沟鱼	ʃa55 kɐu55 jy21	saa1 gau1 jyu4	（非海魚）沙溝魚
2562	六、動物（4）魚蝦類/菩薩魚	菩薩魚	菩萨鱼	pʰɔ21 ɬat3 jy21	po4 slaat3 jyu4	（非海魚）菩薩魚，一種田邊水溝長的小魚，一般不吃
2563	六、動物（4）魚蝦類/比目魚	比目魚	比目鱼	pi35 mʊk2 jy21	bi2 muk6 jyu4	（非海魚）比目魚
2564	六、動物（4）魚蝦類/鱖魚	鱖魚	鳜鱼	kʷɐi33 jy21	gwai3 jyu4	（非海魚）鱖魚1
2565	六、動物（4）魚蝦類/鱖魚	桂花魚	桂花鱼	kʷɐi33 fa55 jy21	gwai3 faa1 jyu4	（非海魚）鱖魚2
2566	六、動物（4）魚蝦類/烏魚（烏鱧、黑魚）	生魚	生鱼	ʃaŋ55 jy21	saang1 jyu4	（非海魚）烏魚1（烏鱧、黑魚），體呈圓柱形，有不規則黑斑，性兇猛，以魚蝦爲食，肉供食用，一些名菜見1982年《南寧旅遊手冊》P76
2567	六、動物（4）魚蝦類/烏魚（烏鱧、黑魚）	斑魚	斑鱼	pan55 jy21	baan1 jyu4	（非海魚）烏魚2（烏鱧、黑魚）
2568	六、動物（4）魚蝦類/烏魚（烏鱧、黑魚）	花魚	花鱼	fa55 jy21	faa1 jyu4	（非海魚）烏魚3（烏鱧、黑魚）
2569	六、動物（4）魚蝦類/鰻魚	白鱔	白鳝	pak2 ʃin24	baak6 sin5	（非海魚）鰻魚
2570	六、動物（4）魚蝦類/鱸魚	鱸魚	鲈鱼	lu21 jy21	lu4 jyu4	（非海魚）鱸魚
2571	六、動物（4）魚蝦類/鰣魚	鰣魚	鲥鱼	ʃi21 jy21	si4 jyu4	（非海魚）鰣魚
2572	六、動物（4）魚蝦類/鮎魚	鮎魚	鲇鱼	nim21 jy21	nim4 jyu4	（非海魚）鮎魚，形似塘角魚而大，身體表面多黏液，無鱗，頭扁口闊，上下頷有四根鬚，有一道名菜爲「蒜頭扣鮎魚」，見1985年《廣西特產風味指南》P215
2573	六、動物（4）魚蝦類/魽魚	魽魚	魽鱼	kʰɛm24 jy21	kem5 jyu4	（非海魚）魽魚，學名「斑點叉尾鮰」，又叫「鉗魚/溝鮎」，英語ChannelCatfish，「魽」爲音譯
2574	六、動物（4）魚蝦類/塘角魚（鬍子鮎）	塘角魚	塘角鱼	tʰɔŋ21 kɔk3 jy21	tong4 gok3 jyu4	（非海魚）塘角魚（鬍子鮎），廣西各地都產，見1985年《廣西特產風味指南》P167-169
2575	六、動物（4）魚蝦類/黃魚	黃魚	黄鱼	wɔŋ21 jy21	wong4 jyu4	黃魚
2576	六、動物（4）魚蝦類/帶魚	帶魚	带鱼	tai33 jy21	daai3 jyu4	帶魚
2577	六、動物（4）魚蝦類/柴魚	柴魚	柴鱼	tʃʰai21 jy21	caai4 jyu4	柴魚
2578	六、動物（4）魚蝦類/奎龍魚	奎龍魚	奎龙鱼	kʷʰɐi21 lʊŋ21 jy21	kwai4 lung4 jyu4	奎龍魚
2579	六、動物（4）魚蝦類/墨魚	墨魚	墨鱼	mɐk2 jy21	mak6 jyu4	墨魚
2580	六、動物（4）魚蝦類/魷魚	魷魚	鱿鱼	jɐu21 jy21	jau4 jyu4	魷魚
2581	六、動物（4）魚蝦類/油泡魷魚	油泡魷魚	油泡鱿鱼	jɐu21 pʰau33 jɐu21 jy21	jau4 paau3 jau4 jyu4	油泡魷魚，既是傳統菜也是家常菜，鮮魷魚經花刀後切段，焯水微火油炸而成，也叫「油浸魷魚」
2582	六、動物（4）魚蝦類/章魚	八爪魚	八爪鱼	pɛt3 tʃɛu35 jy21	bet3 zeu2 jyu4	章魚1.1
2583	六、動物（4）魚蝦類/章魚	八爪魚	八爪鱼	pɛt3 tʃau35 jy21	bet3 zaau2 jyu4	章魚1.2
2584	六、動物（4）魚蝦類/倉魚（鯧魚、平魚）	倉魚	仓鱼	tʃʰɔŋ55 jy21	cong1 jyu4	倉魚（鯧魚、平魚）
2585	六、動物（4）魚蝦類/芒魚	芒魚	芒鱼	mɔŋ55 jy21	mong1 jyu4	芒魚
2586	六、動物（4）魚蝦類/馬鮫魚（鮁魚）	馬鮫	马鲛	ma24 kau55	maa5 gaau1	馬鮫魚（鮁魚）
2587	六、動物（4）魚蝦類/一倉二芒三馬鮫	一倉二芒三馬鮫	一仓二芒三马鲛	jɐt5 tʃʰɔŋ55 ji22 mɔŋ55 ɬam55 ma24 kau55	jat1 cong1 ji6 mong1 slaam1 maa5 gaau1	一倉二芒三馬鮫，舊時俗語，對幾種魚類好吃程度的排名，按順序爲倉魚、芒魚、馬鮫魚
2588	六、動物（4）魚蝦類/石斑魚	石斑	石斑	ʃɛk2 pan55	sek6 baan1	石斑魚
2589	六、動物（4）魚蝦類/黃花魚	黃花魚	黄花鱼	wɔŋ21 fa55 jy21	wong4 faa1 jyu4	黃花魚
2590	六、動物（4）魚蝦類/白蠟魚	白蠟魚	白蜡鱼	pak2 lap2 jy21	baak6 laap6 jyu4	白蠟魚
2591	六、動物（4）魚蝦類/黃蠟魚	黃蠟魚	黄蜡鱼	wɔŋ21 lap2 jy21	wong4 laap6 jyu4	黃蠟魚
2592	六、動物（4）魚蝦類/金魚	金魚	金鱼	kɐm55 jy21	gam1 jyu4	金魚
2593	六、動物（4）魚蝦類/泥鰍	泥鰍	泥鳅	nɐi21 tʃʰɐu55	nai4 cau1	泥鰍
2594	六、動物（4）魚蝦類/鱔魚	黃鱔	黄鳝	wɔŋ21 ʃin24	wong4 sin5	鱔魚1
2595	六、動物（4）魚蝦類/鱔魚	黃鱔魚	黄鳝鱼	wɔŋ21 ʃin24 jy21	wong4 sin5 jyu4	鱔魚2
2596	六、動物（4）魚蝦類/鱔魚	滑魚	滑鱼	wɛt5 jy21	wet1 jyu4	鱔魚3
2597	六、動物（4）魚蝦類/鯗	魚乾	鱼干	jy21 kɔn55	jyu4 gon1	鯗，剖開曬乾的
2598	六、動物（4）魚蝦類/魚鱗	魚鱗	鱼鳞	jy21 lɐn21	jyu4 lan4	魚鱗1.1
2599	六、動物（4）魚蝦類/魚鱗	魚鱗	鱼鳞	jy21 lyn21	jyu4 lyun4	魚鱗1.2
2600	六、動物（4）魚蝦類/魚鱗	鱗	鳞	lɐn21	lan4	魚鱗2.1
2601	六、動物（4）魚蝦類/魚鱗	鱗	鳞	lyn21	lyun4	魚鱗2.2
2602	六、動物（4）魚蝦類/魚刺	魚骨	鱼骨	jy21 kʷɐt5	jyu4 gwat1	魚刺1
2603	六、動物（4）魚蝦類/魚刺	簕	簕	lɐk2	lak6	魚刺2，本字「竻」
2604	六、動物（4）魚蝦類/魚刺	骨絲	骨丝	kʷɐt5 ʃi55	gwat1 si1	魚刺3
2605	六、動物（4）魚蝦類/魚鰾兒	魚泡	鱼泡	jy21 pɔk5	jyu4 bok1	魚鰾兒，本作「魚㿺」
2606	六、動物（4）魚蝦類/鰭	魚鰭	鱼鳍	jy21 kʰi21	jyu4 ki4	鰭
2607	六、動物（4）魚蝦類/魚翅	魚翅	鱼翅	jy21 tʃʰi33	jyu4 ci3	魚翅，可製裙翅和鮑翅的有黃沙裙、西沙裙、珍珠裙、黃肉、牙揀、黑勾等，可製散翅的有高荼片、春翅片、五羊片、牙揀片、烏勾片、中細骨翼片等，見1987年高光明《烹飪指南》P21-22
2608	六、動物（4）魚蝦類/魚腮	魚腮	鱼腮	jy21 ɬɔi55	jyu4 sloi1	魚腮
2609	六、動物（4）魚蝦類/魚青	魚青	鱼青	jy21 tʃʰeŋ55	jyu4 cing1	魚青，剝皮去骨的魚肉
2610	六、動物（4）魚蝦類/魚角	魚角	鱼角	jy21 kɔk3	jyu4 gok3	魚角，魚肉製的食材，呈扇形
2611	六、動物（4）魚蝦類/翡翠滑魚角（邕州滑魚角、壯鄉滑魚角）	翡翠滑魚角	翡翠滑鱼角	fi35 tʃʰui33 wɛt2 jy21 kɔk3	fi2 cui3 wet6 jyu4 gok3	翡翠滑魚角1.1（也叫邕州滑魚角、壯鄉滑魚角），1990年被評爲南寧風味菜點之一，見1990年飲食服務公司文件《關於申報企業升級風味菜點的批覆》，做法見1999年董尚效等《名廚導做——廚師考級必備輔導》P228
2612	六、動物（4）魚蝦類/翡翠滑魚角（邕州滑魚角、壯鄉滑魚角）	翡翠滑魚角	翡翠滑鱼角	fi35 tʃʰui33 wat2 jy21 kɔk3	fi2 cui3 waat6 jyu4 gok3	翡翠滑魚角1.2（也叫邕州滑魚角、壯鄉滑魚角）
2613	六、動物（4）魚蝦類/魚子	魚蛋	鱼蛋	jy21 tan22	jyu4 daan6	魚子1
2614	六、動物（4）魚蝦類/魚子	魚子	鱼子	jy21 tʃi35	jyu4 zi2	魚子2.1
2615	六、動物（4）魚蝦類/魚子	魚子	鱼子	jy21 tsɿ35	jyu4 zy2	魚子2.2
2616	六、動物（4）魚蝦類/生魚片	魚生	鱼生	jy21 ʃaŋ55	jyu4 saang1	生魚片，生吃
2617	六、動物（4）魚蝦類/魚苗兒	魚花	鱼花	jy21 fa55	jyu4 faa1	魚苗兒
2618	六、動物（4）魚蝦類/釣魚	釣魚	钓鱼	tiu33 jy21	diu3 jyu4	釣魚
2619	六、動物（4）魚蝦類/釣魚竿兒	釣鞭	钓鞭	tiu33 pin55	diu3 bin1	釣魚竿兒
2620	六、動物（4）魚蝦類/釣魚鉤兒	魚鉤	鱼钩	jy21 ŋɐu55	jyu4 ngau1	釣魚鉤兒
2621	六、動物（4）魚蝦類/浮子	浮筒	浮筒	fɐu21 tʰʊŋ21	fau4 tung4	浮子1
2622	六、動物（4）魚蝦類/浮子	浮標	浮标	fɐu21 piu55	fau4 biu1	浮子2
2623	六、動物（4）魚蝦類/（魚）浮出水面	浮頭	浮头	pʰu21 tʰɐu21	pu4 tau4	（魚）浮出水面
2624	六、動物（4）魚蝦類/魚簍兒	魚䉴	鱼䉴	jy21 nɛŋ35	jyu4 neng2	魚簍兒1.1
2625	六、動物（4）魚蝦類/魚簍兒	魚䉴	鱼䉴	jy21 neŋ35	jyu4 ning2	魚簍兒1.2
2626	六、動物（4）魚蝦類/魚網	魚網	鱼网	jy21 mɔŋ24	jyu4 mong5	魚網1
2627	六、動物（4）魚蝦類/魚網	魚罾	鱼罾	jy21 tʃɐŋ55	jyu4 zang1	魚網2
2628	六、動物（4）魚蝦類/撒網	撒網	撒网	ɬat3 mɔŋ24	slaat3 mong5	撒網
2629	六、動物（4）魚蝦類/曬網	曬網	晒网	ʃai33 mɔŋ24	saai3 mong5	曬網
2630	六、動物（4）魚蝦類/罾	罾	罾	tʃɐŋ55	zang1	罾1.1
2631	六、動物（4）魚蝦類/罾	罾	罾	tʃɐŋ33	zang3	罾1.2
2632	六、動物（4）魚蝦類/扳罾	扳罾	扳罾	man55 tʃɐŋ55	maan1 zang1	扳罾，一種大罾
2633	六、動物（4）魚蝦類/蝦	蝦	虾	ha55	haa1	蝦1
2634	六、動物（4）魚蝦類/蝦	蝦公	虾公	ha55 kʊŋ55	haa1 gung1	蝦2
2635	六、動物（4）魚蝦類/河蝦	河蝦	河虾	hɔ21 ha55	ho4 haa1	河蝦
2636	六、動物（4）魚蝦類/海蝦	海蝦	海虾	hɔi35 ha55	hoi2 haa1	海蝦
2637	六、動物（4）魚蝦類/攋尿蝦	攋尿蝦	攋尿虾	lai22 niu22 ha55	laai6 niu6 haa1	攋尿蝦，海蝦的一種；喻指愛尿褲子的小孩
2638	六、動物（4）魚蝦類/對蝦	對蝦	对虾	tui33 ha55	dui3 haa1	對蝦
2639	六、動物（4）魚蝦類/龍蝦	龍蝦	龙虾	lʊŋ21 ha55	lung4 haa1	龍蝦
2640	六、動物（4）魚蝦類/（鮮）蝦仁兒	蝦仁	虾仁	ha55 jɐn21	haa1 jan4	（鮮）蝦仁兒1
2641	六、動物（4）魚蝦類/（鮮）蝦仁兒	蝦肉	虾肉	ha55 jʊk2	haa1 juk6	（鮮）蝦仁兒2
2642	六、動物（4）魚蝦類/（乾）蝦米	蝦米	虾米	ha55 mɐi24	haa1 mai5	（乾）蝦米
2643	六、動物（4）魚蝦類/蝦皮	蝦皮	虾皮	ha55 pʰi21	haa1 pi4	蝦皮
2644	六、動物（4）魚蝦類/生醃蝦	蝦生	虾生	ha55 ʃaŋ55	haa1 saang1	生醃蝦，類似魚生，生吃
2645	六、動物（4）魚蝦類/乾蠔	蠔豉	蠔豉	hu21 ʃi22	hu4 si6	乾蠔
2646	六、動物（4）魚蝦類/淡菜	淡菜	淡菜	tam22 tʃʰɔi33	daam6 coi3	淡菜1.1
2647	六、動物（4）魚蝦類/淡菜	淡菜	淡菜	tʰam24 tʃʰɔi33	taam5 coi3	淡菜1.2
2648	六、動物（4）魚蝦類/乾貝	瑤柱	瑶柱	jiu21 tʃʰy24	jiu4 cyu5	乾貝
2649	六、動物（4）魚蝦類/帶子	帶子	带子	tai33 tʃi35	daai3 zi2	帶子1.1
2650	六、動物（4）魚蝦類/帶子	帶子	带子	tai33 tsɿ35	daai3 zy2	帶子1.2
2651	六、動物（4）魚蝦類/蝦子	蝦子	虾子	ha55 tʃi35	haa1 zi2	蝦子1.1
2652	六、動物（4）魚蝦類/蝦子	蝦子	虾子	ha55 tsɿ35	haa1 zy2	蝦子1.2
2653	六、動物（4）魚蝦類/蝦子	蝦蛋	虾蛋	ha55 tan22	haa1 daan6	蝦子2
2654	六、動物（4）魚蝦類/龜	龜	龟	kʷɐi55	gwai1	龜1
2655	六、動物（4）魚蝦類/龜	烏龜	乌龟	wu55 kʷɐi55	wu1 gwai1	龜2
2656	六、動物（4）魚蝦類/草龜	草龜	草龟	tʃʰu35 kʷɐi55	cu2 gwai1	草龜
2657	六、動物（4）魚蝦類/巴西龜	巴西龜	巴西龟	pa55 ɬɐi55 kʷɐi55	baa1 slai1 gwai1	巴西龜
2658	六、動物（4）魚蝦類/金錢龜	金錢龜	金钱龟	kɐm55 tʃʰin21 kʷɐi55	gam1 cin4 gwai1	金錢龜
2659	六、動物（4）魚蝦類/鷹嘴龜（大頭龜、平胸龜）	鷹嘴龜	鹰嘴龟	jeŋ55 tʃui35 kʷɐi55	jing1 zui2 gwai1	鷹嘴龜（大頭龜、平胸龜），因其嘴像鷹嘴得名，後肢比前肢長，爪銳利，趾間有蹼，尾部有角質鱗甲，廣西主要分佈在百色、田東、田陽等地的山區，有一道傳統菜爲「田七燉鷹龜」，見1985年《廣西特產風味指南》P154-155，208和1982年《南寧旅遊手冊》P79，現爲保護動物，禁止私自捕殺買賣
2660	六、動物（4）魚蝦類/鱉（甲魚、團魚）	鱉	鳖	pit3	bit3	鱉1（甲魚、團魚）
2661	六、動物（4）魚蝦類/鱉（甲魚、團魚）	水魚	水鱼	ʃui35 jy21	sui2 jyu4	鱉2（甲魚、團魚），養殖鱉，也比喻易上當的有錢人（「水」指錢，「魚」指易上鉤），廣西主要分佈在桂東南、桂南、桂西南諸縣，見1985年《廣西特產風味指南》P155-156和1982年《南寧旅遊手冊》P80
2662	六、動物（4）魚蝦類/鱉（甲魚、團魚）	山瑞	山瑞	ʃan55 ʃui22	saan1 sui6	鱉3（甲魚、團魚），野生鱉，體型較大，廣西主要分佈在桂江、賀江、左右江流域的山區，有一道傳統菜爲「新菇扣山瑞」，見1985年《廣西特產風味指南》P156-157，210-211和1982年《南寧旅遊手冊》P79，現爲保護動物，禁止私自捕殺買賣
2663	六、動物（4）魚蝦類/螃蟹	螃蟹	螃蟹	pʰaŋ21 hai24	paang4 haai5	螃蟹1.1
2664	六、動物（4）魚蝦類/螃蟹	螃蟹	螃蟹	pʰɔŋ21 hai24	pong4 haai5	螃蟹1.2
2665	六、動物（4）魚蝦類/青蟹	青蟹	青蟹	tʃʰeŋ55 hai24	cing1 haai5	青蟹
2666	六、動物（4）魚蝦類/花蟹	花蟹	花蟹	fa55 hai24	faa1 haai5	花蟹，甲殼上有紅色花紋的海蟹
2667	六、動物（4）魚蝦類/蟛鉗	蟛鉗	蟛钳	pʰaŋ21 kʰɛm21	paang4 kem4	蟛鉗，河溝裏的小蟹
2668	六、動物（4）魚蝦類/蟹黃	蟹膏	蟹膏	hai24 ku55	haai5 gu1	蟹黃1
2669	六、動物（4）魚蝦類/蟹黃	蟹黃	蟹黄	hai24 wɔŋ21	haai5 wong4	蟹黃2
2670	六、動物（4）魚蝦類/蟹肉	蟹肉	蟹肉	hai24 jʊk2	haai5 juk6	蟹肉
2671	六、動物（4）魚蝦類/青蛙	青蛙	青蛙	tʃʰeŋ55 wa55	cing1 waa1	青蛙1
2672	六、動物（4）魚蝦類/青蛙	蟆𧊅	蟆𧊅	ma55 kʷai35	maa1 gwaai2	青蛙2，罕用，俗作「螞𧊅」
2673	六、動物（4）魚蝦類/大青蛙	蛤	蛤	kɐp3	gap3	大青蛙1
2674	六、動物（4）魚蝦類/大青蛙	田雞	田鸡	tʰin21 kɐi55	tin4 gai1	大青蛙2
2675	六、動物（4）魚蝦類/大青蛙	蛤乸	蛤乸	kɐp3 na35	gap3 naa2	大青蛙3
2676	六、動物（4）魚蝦類/大青蛙	蛤蛤	蛤蛤	kap2 kap2	gaap6 gaap6	大青蛙4，童語，擬叫聲得名
2677	六、動物（4）魚蝦類/小青蛙	𧊅	𧊅	kʷʰɛ35	kwe2	小青蛙1，擬小蛙鳴聲得名，與「蛙」同源，上古支部
2678	六、動物（4）魚蝦類/小青蛙	蛤蛤	蛤蛤	kɛp2 kɛp2	gep6 gep6	小青蛙2，童語，擬叫聲得名
2679	六、動物（4）魚蝦類/樹蛙	攋尿𧊅	𪮶尿𧊅	lai22 niu22 kʷʰɛ35	laai6 niu6 kwe2	樹蛙
2680	六、動物（4）魚蝦類/犁頭𧊅	犁頭𧊅	犁头𧊅	lɐi21 tʰɐu21 kʷʰɛ35	lai4 tau4 kwe2	犁頭𧊅，一種尖頭小青蛙
2681	六、動物（4）魚蝦類/地牛	地牛	地牛	ti22 ŋɐu21	di6 ngau4	地牛1，大雨後發出「你我」聲音的蛙，蟾蜍的一種，因聲大如牛得名
2682	六、動物（4）魚蝦類/地牛	你我	你我	ni24 ŋɔ24	ni5 ngo5	地牛2，擬地牛叫聲爲名
2683	六、動物（4）魚蝦類/牛蛙	牛蛙	牛蛙	ŋɐu21 wa55	ngau4 waa1	牛蛙，從美國引進的一種養殖肉蛙
2684	六、動物（4）魚蝦類/蝌蚪	蝌蚪	蝌蚪	kʰɔ55 tɐu35	ko1 dau2	蝌蚪1.1
2685	六、動物（4）魚蝦類/蝌蚪	蝌蚪	蝌蚪	fɔ55 tɐu35	fo1 dau2	蝌蚪1.2
2686	六、動物（4）魚蝦類/蝌蚪	豆豉魚	豆豉鱼	tɐu22 ʃi22 jy21	dau6 si6 jyu4	蝌蚪2
2687	六、動物（4）魚蝦類/蟾蜍	蠄蟝	蠄蟝	kʰɐm21 kʰy21	kam4 kyu4	蟾蜍1.1
2688	六、動物（4）魚蝦類/蟾蜍	蠄蟝	蠄蟝	kʰɐm21 kʷʰɛ21	kam4 kwe4	蟾蜍1.2
2689	六、動物（4）魚蝦類/蛤蚧	蛤蚧	蛤蚧	kɐp5 kai33	gap1 gaai3	蛤蚧1，形似壁虎而大，可入藥也可作菜，有一道名菜爲「蛤蚧燉全雞」，見1985年《廣西特產風味指南》P213-214和1982年《南寧旅遊手冊》P76，80
2690	六、動物（4）魚蝦類/蛤蚧	蚅虵	蚅虵	ɐk5 ɛ22	ak1 e6	蛤蚧2，擬蛤蚧叫聲爲名
2691	六、動物（4）魚蝦類/水蛭	螞蟥	蚂蟥	ma24 wɔŋ21	maa5 wong4	水蛭
2692	六、動物（4）魚蝦類/金邊螞蟥	金邊螞蟥	金边蚂蟥	kɐm55 pin55 ma24 wɔŋ21	gam1 bin1 maa5 wong4	金邊螞蟥，一種有金邊的大螞蟥
2693	六、動物（4）魚蝦類/山螞蟥	山螞蟥	山蚂蟥	ʃan55 ma24 wɔŋ21	saan1 maa5 wong4	山螞蟥
2694	六、動物（4）魚蝦類/螺螄	螺螄	螺蛳	lɔ21 ʃi55	lo4 si1	螺螄1.1
2695	六、動物（4）魚蝦類/螺螄	螺螄	螺蛳	lɔ21 sɿ55	lo4 sy1	螺螄1.2
2696	六、動物（4）魚蝦類/螺螄	田螺	田螺	tʰin21 lɔ21	tin4 lo4	螺螄2，長在田裏，做法一般是打湯、炒、燜或蒸，炒田螺一般配紫蘇或假蔞調味，見1985年《廣西特產風味指南》P193-195和2009年嚴風華《四季飄香：南寧飲食文化尋蹤》P110-113
2697	六、動物（4）魚蝦類/螺螄	石螺	石螺	ʃɛk2 lɔ21	sek6 lo4	螺螄3，長在江河
2698	六、動物（4）魚蝦類/螺肉	螺肉	螺肉	lɔ21 jʊk2	lo4 juk6	螺肉
2699	六、動物（4）魚蝦類/螺蓋	螺厴	螺厣	lɔ21 jim35	lo4 jim2	螺蓋，螺類介殼口圓片狀的蓋
2700	六、動物（4）魚蝦類/吃螺螄	欶田螺	欶田螺	ʃɔk3 tʰin21 lɔ21	sok3 tin4 lo4	吃螺螄
2701	六、動物（4）魚蝦類/蛤蜊	車螺	车螺	tʃʰɛ55 lɔ21	ce1 lo4	蛤蜊
2702	六、動物（4）魚蝦類/青口螺	青口螺	青口螺	tʃʰeŋ55 hɐu35 lɔ21	cing1 hau2 lo4	青口螺
2703	六、動物（4）魚蝦類/花甲螺	花甲螺	花甲螺	fa55 kap3 lɔ21	faa1 gaap3 lo4	花甲螺
2704	六、動物（4）魚蝦類/帶子螺	帶子螺	带子螺	tai33 tʃi35 lɔ21	daai3 zi2 lo4	帶子螺1.1
2705	六、動物（4）魚蝦類/帶子螺	帶子螺	带子螺	tai33 tsɿ35 lɔ21	daai3 zy2 lo4	帶子螺1.2
2706	六、動物（4）魚蝦類/象鼻螺	象鼻螺	象鼻螺	tʃœŋ22 pi22 lɔ21	zoeng6 bi6 lo4	象鼻螺1
2707	六、動物（4）魚蝦類/象鼻螺	蟶子螺	蛏子螺	ʃeŋ33 tʃi35 lɔ21	sing3 zi2 lo4	象鼻螺2.1
2708	六、動物（4）魚蝦類/象鼻螺	蟶子螺	蛏子螺	ʃeŋ33 tsɿ35 lɔ21	sing3 zy2 lo4	象鼻螺2.2
2709	六、動物（4）魚蝦類/牡蠣	蠔	蠔	hu21	hu4	牡蠣
2710	六、動物（4）魚蝦類/蚌	蚌	蚌	pʰɔŋ24	pong5	蚌
2711	六、動物（4）魚蝦類/蜆	蜆	蚬	hɛn35	hen2	蜆1，長在河灘的小蛤蜊
2712	六、動物（4）魚蝦類/蜆	蜆殼	蚬壳	hɛn35 hɔk3	hen2 hok3	蜆2
2713	六、動物（4）魚蝦類/蜆肉	蜆肉	蚬肉	hɛn35 jʊk2	hen2 juk6	蜆肉
2714	七、房舍（1）房子/住宅	屋	屋	ʊk5	uk1	住宅
2715	七、房舍（1）房子/（整座）房子	屋	屋	ʊk5	uk1	（整座）房子1
2716	七、房舍（1）房子/（整座）房子	屋起	屋起	ʊk5 hi35	uk1 hi2	（整座）房子2，源自「屋下」，避諱「下」，轉讀「起/企」
2717	七、房舍（1）房子/（整座）房子	屋底	屋底	ʊk5 tɐi35	uk1 dai2	（整座）房子3
2718	七、房舍（1）房子/（整座）房子	竇口	窦口	tɐu33 hɐu35	dau3 hau2	（整座）房子4
2719	七、房舍（1）房子/（整座）房子	屋企	屋企	ʊk5 kʰi35	uk1 ki2	（整座）房子5，源自「屋下」，避諱「下」，轉讀「起/企」
2720	七、房舍（1）房子/天井	天井	天井	tʰin55 tʃɛŋ35	tin1 zeng2	天井
2721	七、房舍（1）房子/兩進（院子）	兩進	两进	lœŋ24 tʃɐn33	loeng5 zan3	兩進（院子）
2722	七、房舍（1）房子/三進（院子）	三進	三进	ɬam55 tʃɐn33	slaam1 zan3	三進（院子）
2723	七、房舍（1）房子/進深	屋深	屋深	ʊk5 ʃɐm55	uk1 sam1	進深
2724	七、房舍（1）房子/面寬	屋闊	屋阔	ʊk5 fut3	uk1 fut3	面寬
2725	七、房舍（1）房子/院子	院子	院子	jyn35 tʃi35	jyun2 zi2	院子1.1
2726	七、房舍（1）房子/院子	院子	院子	jyn35 tsɿ35	jyun2 zy2	院子1.2
2727	七、房舍（1）房子/院牆	圍牆	围墙	wɐi21 tʃʰœŋ21	wai4 coeng4	院牆
2728	七、房舍（1）房子/影壁	照壁	照壁	tʃiu33 pek5	ziu3 bik1	影壁
2729	七、房舍（1）房子/籬笆	籬笆	篱笆	li21 pa55	li4 baa1	籬笆
2730	七、房舍（1）房子/（單間）屋子	房間	房间	fɔŋ21 kɛn55	fong4 gen1	（單間）屋子1
2731	七、房舍（1）房子/（單間）屋子	房	房	fɔŋ21	fong4	（單間）屋子2
2732	七、房舍（1）房子/外間	外底間	外底间	ŋɔi22 tɐi35 kɛn55	ngoi6 dai2 gen1	外間
2733	七、房舍（1）房子/裏間	裏底間	里底间	li24 tɐi35 kɛn55	li5 dai2 gen1	裏間
2734	七、房舍（1）房子/正房	正房	正房	tʃeŋ33 fɔŋ21	zing3 fong4	正房
2735	七、房舍（1）房子/廂房	廂房	厢房	ɬœŋ55 fɔŋ21	sloeng1 fong4	廂房1
2736	七、房舍（1）房子/廂房	橫屋	横屋	waŋ21 ʊk5	waang4 uk1	廂房2
2737	七、房舍（1）房子/東廂房	東屋	东屋	tʊŋ55 ʊk5	dung1 uk1	東廂房
2738	七、房舍（1）房子/西廂房	西屋	西屋	ɬɐi55 ʊk5	slai1 uk1	西廂房
2739	七、房舍（1）房子/客廳	廳底	厅底	tʰɛŋ55 tɐi35	teng1 dai2	客廳1
2740	七、房舍（1）房子/客廳	廳	厅	tʰɛŋ55	teng1	客廳2
2741	七、房舍（1）房子/客廳	堂屋	堂屋	tʰɔŋ21 ʊk5	tong4 uk1	客廳3
2742	七、房舍（1）房子/臥室	內房	内房	nui22 fɔŋ21	nui6 fong4	臥室
2743	七、房舍（1）房子/平房	平房	平房	pʰeŋ21 fɔŋ21	ping4 fong4	平房
2744	七、房舍（1）房子/樓房	樓	楼	lɐu21	lau4	樓房
2745	七、房舍（1）房子/洋房	洋樓	洋楼	jœŋ21 lɐu21	joeng4 lau4	洋房，舊指新式樓房
2746	七、房舍（1）房子/樓上	樓上	楼上	lɐu21 ʃœŋ22	lau4 soeng6	樓上
2747	七、房舍（1）房子/樓下	樓下	楼下	lɐu21 ha22	lau4 haa6	樓下1
2748	七、房舍（1）房子/樓下	地下	地下	ti22 ha35	di6 haa2	樓下2.1
2749	七、房舍（1）房子/樓下	地下	地下	ti22 ha22	di6 haa6	樓下2.2
2750	七、房舍（1）房子/樓下	地底	地底	ti22 tɐi35	di6 dai2	樓下3
2751	七、房舍（1）房子/樓梯下	樓梯腳	楼梯脚	lɐu21 tʰɐi55 kœk3	lau4 tai1 goek3	樓梯下1
2752	七、房舍（1）房子/樓梯下	樓梯底	楼梯底	lɐu21 tʰɐi55 tɐi35	lau4 tai1 dai2	樓梯下2
2753	七、房舍（1）房子/門樓兒	門樓	门楼	mun21 lɐu21	mun4 lau4	門樓兒，大門上邊牌樓式的頂
2754	七、房舍（1）房子/樓梯	樓梯	楼梯	lɐu21 tʰɐi55	lau4 tai1	樓梯
2755	七、房舍（1）房子/梯子	梯	梯	tʰɐi55	tai1	梯子1，可移動的
2756	七、房舍（1）房子/梯子	竹梯	竹梯	tʃʊk5 tʰɐi55	zuk1 tai1	梯子2，可移動的
2757	七、房舍（1）房子/陽臺	曬臺	晒台	ʃai33 tʰɔi21	saai3 toi4	陽臺1
2758	七、房舍（1）房子/陽臺	陽臺	阳台	jœŋ21 tʰɔi21	joeng4 toi4	陽臺2
2759	七、房舍（1）房子/草房	茅寮	茅寮	mɛu21 lɛu55	meu4 leu1	草房1.1
2760	七、房舍（1）房子/草房	茅寮	茅寮	mau21 lɛu55	maau4 leu1	草房1.2
2761	七、房舍（1）房子/草房	茅寮	茅寮	mɛu21 liu55	meu4 liu1	草房1.3
2762	七、房舍（1）房子/草房	茅寮	茅寮	mau21 liu55	maau4 liu1	草房1.4
2763	七、房舍（1）房子/草房	茅屋	茅屋	mɛu21 ʊk5	meu4 uk1	草房2
2764	七、房舍（1）房子/摥櫳屋	摥櫳屋	摥栊屋	tʰɔŋ33 lʊŋ21 ʊk5	tong3 lung4 uk1	摥櫳屋1，推櫳屋
2765	七、房舍（1）房子/摥櫳屋	推櫳屋	推栊屋	tʰui55 lʊŋ21 ʊk5	tui1 lung4 uk1	摥櫳屋2，推櫳屋
2766	七、房舍（2）房屋結構/房脊	屋脊	屋脊	ʊk5 tʃɛk3	uk1 zek3	房脊
2767	七、房舍（2）房屋結構/房頂	屋頂	屋顶	ʊk5 tɛŋ35	uk1 deng2	房頂
2768	七、房舍（2）房屋結構/瓦頂	瓦頂	瓦顶	ŋa24 tɛŋ35	ngaa5 deng2	瓦頂
2769	七、房舍（2）房屋結構/房檐兒	屋檐	屋檐	ʊk5 jim21	uk1 jim4	房檐兒1.1
2770	七、房舍（2）房屋結構/房檐兒	屋檐	屋檐	ʊk5 jɐm21	uk1 jam4	房檐兒1.2
2771	七、房舍（2）房屋結構/房檐兒	瓦檐	瓦檐	ŋa24 jim21	ngaa5 jim4	房檐兒2.1
2772	七、房舍（2）房屋結構/房檐兒	瓦檐	瓦檐	ŋa24 jɐm21	ngaa5 jam4	房檐兒2.2
2773	七、房舍（2）房屋結構/山牆	封山	封山	fʊŋ55 ʃan55	fung1 saan1	山牆
2774	七、房舍（2）房屋結構/樑	樑	梁	lœŋ21	loeng4	樑1
2775	七、房舍（2）房屋結構/樑	橫樑	横梁	waŋ21 lœŋ21	waang4 loeng4	樑2
2776	七、房舍（2）房屋結構/大樑	大樑	大梁	tai22 lœŋ21	daai6 loeng4	大樑1
2777	七、房舍（2）房屋結構/大樑	屋樑	屋梁	ʊk5 lœŋ21	uk1 loeng4	大樑2
2778	七、房舍（2）房屋結構/二樑	二樑	二梁	ji22 lœŋ21	ji6 loeng4	二樑
2779	七、房舍（2）房屋結構/檁	橫條	横条	waŋ21 tʰiu21	waang4 tiu4	檁1
2780	七、房舍（2）房屋結構/檁	瓦桁	瓦桁	ŋa24 hɐŋ21	ngaa5 hang4	檁2
2781	七、房舍（2）房屋結構/椽子	桷子	桷子	kɔk3 tʃi35	gok3 zi2	椽子1.1
2782	七、房舍（2）房屋結構/椽子	桷子	桷子	kɔk3 tsɿ35	gok3 zy2	椽子1.2
2783	七、房舍（2）房屋結構/柱	柱	柱	tʃʰy24	cyu5	柱1
2784	七、房舍（2）房屋結構/柱	柱頭	柱头	tʃʰy24 tʰɐu21	cyu5 tau4	柱2
2785	七、房舍（2）房屋結構/柱	磚柱	砖柱	tʃyn55 tʃʰy24	zyun1 cyu5	柱3
2786	七、房舍（2）房屋結構/柱下石	石墩	石墩	ʃɛk2 tɐn35	sek6 dan2	柱下石
2787	七、房舍（2）房屋結構/臺階兒	碼頭級	码头级	ma24 tʰɐu21 kʰɐp5	maa5 tau4 kap1	臺階兒1，用於石階
2788	七、房舍（2）房屋結構/臺階兒	踏步	踏步	tap2 pu22	daap6 bu6	臺階兒2，用於踏板
2789	七、房舍（2）房屋結構/臺階兒	石級	石级	ʃɛk2 kʰɐp5	sek6 kap1	臺階兒3，用於石階
2790	七、房舍（2）房屋結構/臺階兒	步級	步级	pu22 kʰɐp5	bu6 kap1	臺階兒4，梯級
2791	七、房舍（2）房屋結構/臺階兒	樓梯級	楼梯级	lɐu21 tʰɐi55 kʰɐp5	lau4 tai1 kap1	臺階兒5，梯級
2792	七、房舍（2）房屋結構/臺階兒	梯級	梯级	tʰɐi55 kʰɐp5	tai1 kap1	臺階兒6，梯級
2793	七、房舍（2）房屋結構/天花板	天花板	天花板	tʰin55 fa55 pan35	tin1 faa1 baan2	天花板
2794	七、房舍（2）房屋結構/大門	門口	门口	mun21 hɐu35	mun4 hau2	大門；門跟前
2795	七、房舍（2）房屋結構/正門	大門	大门	tai22 mun21	daai6 mun4	正門1
2796	七、房舍（2）房屋結構/正門	大門口	大门口	tai22 mun21 hɐu35	daai6 mun4 hau2	正門2
2797	七、房舍（2）房屋結構/正門	正門	正门	tʃeŋ33 mun21	zing3 mun4	正門3
2798	七、房舍（2）房屋結構/後門	後門	后门	hɐu22 mun21	hau6 mun4	後門
2799	七、房舍（2）房屋結構/邊門兒	側門	侧门	tʃɐk5 mun21	zak1 mun4	邊門兒
2800	七、房舍（2）房屋結構/門頭	門頭	门头	mun21 tʰɐu21	mun4 tau4	門頭
2801	七、房舍（2）房屋結構/門坎兒	門坎	门坎	mun21 kʰam35	mun4 kaam2	門坎兒1
2802	七、房舍（2）房屋結構/門坎兒	門伏	门伏	mun21 fʊk2	mun4 fuk6	門坎兒2
2803	七、房舍（2）房屋結構/門檻	門檻	门槛	mun21 kʰam35	mun4 kaam2	門檻，同「門坎」
2804	七、房舍（2）房屋結構/門後	門背	门背	mun21 pui33	mun4 bui3	門後，門扇的後面
2805	七、房舍（2）房屋結構/門栓	門閂	门闩	mun21 ʃan55	mun4 saan1	門栓
2806	七、房舍（2）房屋結構/門的合頁	門鉸	门铰	mun21 kau33	mun4 gaau3	門的合頁
2807	七、房舍（2）房屋結構/門	門扇	门扇	mun21 ʃin33	mun4 sin3	門
2808	七、房舍（2）房屋結構/摥櫳門	摥櫳門	摥栊门	tʰɔŋ33 lʊŋ21 mun21	tong3 lung4 mun4	摥櫳門1，推式房門
2809	七、房舍（2）房屋結構/摥櫳門	推櫳門	推栊门	tʰui55 lʊŋ21 mun21	tui1 lung4 mun4	摥櫳門2，推式房門
2810	七、房舍（2）房屋結構/矮門	矮門	矮门	ɐi35 mun21	ai2 mun4	矮門，大門外的一道小門，阻擋雞狗等進屋
2811	七、房舍（2）房屋結構/木栓	疙崽	疙崽	kɐt2 tʃɐi35	gat6 zai2	木栓，固定摥櫳門用，源自「羈疙」
2812	七、房舍（2）房屋結構/木栓	疙仔	疙仔	kɐt2 tʃɐi35	gat6 zai2	木栓，同「疙崽」
2813	七、房舍（2）房屋結構/鎖	鎖	锁	ɬɔ35	slo2	鎖
2814	七、房舍（2）房屋結構/鎖頭	鎖頭	锁头	ɬɔ35 tʰɐu21	slo2 tau4	鎖頭
2815	七、房舍（2）房屋結構/大掛鎖	大頭鎖	大头锁	tai22 tʰɐu21 ɬɔ35	daai6 tau4 slo2	大掛鎖
2816	七、房舍（2）房屋結構/密碼鎖	密碼鎖	密码锁	mɐt2 ma24 ɬɔ35	mat6 maa5 slo2	密碼鎖
2817	七、房舍（2）房屋結構/保險鎖	暗鎖	暗锁	ɐm33 ɬɔ35	am3 slo2	保險鎖1
2818	七、房舍（2）房屋結構/保險鎖	保險鎖	保险锁	pu35 him35 ɬɔ35	bu2 him2 slo2	保險鎖2
2819	七、房舍（2）房屋結構/鑰匙	鎖匙	锁匙	ɬɔ35 ʃi21	slo2 si4	鑰匙
2820	七、房舍（2）房屋結構/窗子	窗口	窗口	tʃʰɔŋ55 hɐu35	cong1 hau2	窗子1.1，窗戶
2821	七、房舍（2）房屋結構/窗子	窗口	窗口	tʃʰœŋ55 hɐu35	coeng1 hau2	窗子1.2，窗戶
2822	七、房舍（2）房屋結構/窗子	窗眼	窗眼	tʃʰɔŋ55 ŋɛn24	cong1 ngen5	窗子2.1，窗戶
2823	七、房舍（2）房屋結構/窗子	窗眼	窗眼	tʃʰœŋ55 ŋɛn24	coeng1 ngen5	窗子2.2，窗戶
2824	七、房舍（2）房屋結構/窗子	窗	窗	tʃʰɔŋ55	cong1	窗子3.1，窗戶
2825	七、房舍（2）房屋結構/窗子	窗	窗	tʃʰœŋ55	coeng1	窗子3.2，窗戶
2826	七、房舍（2）房屋結構/窗簾	窗簾	窗帘	tʃʰɔŋ55 lim21	cong1 lim4	窗簾1.1
2827	七、房舍（2）房屋結構/窗簾	窗簾	窗帘	tʃʰœŋ55 lim21	coeng1 lim4	窗簾1.2
2828	七、房舍（2）房屋結構/窗欞	窗支	窗支	tʃʰɔŋ55 tʃi55	cong1 zi1	窗支1.1
2829	七、房舍（2）房屋結構/窗欞	窗支	窗支	tʃʰœŋ55 tʃi55	coeng1 zi1	窗支1.2
2830	七、房舍（2）房屋結構/窗臺	窗臺	窗台	tʃʰɔŋ55 tʰɔi21	cong1 toi4	窗臺1.1
2831	七、房舍（2）房屋結構/窗臺	窗臺	窗台	tʃʰœŋ55 tʰɔi21	coeng1 toi4	窗臺1.2
2832	七、房舍（2）房屋結構/百葉窗	百葉窗	百叶窗	pak3 jip2 tʃʰœŋ55	baak3 jip6 coeng1	百葉窗1.1，材質有玻璃、塑料等
2833	七、房舍（2）房屋結構/百葉窗	百葉窗	百叶窗	pak3 jip2 tʃʰɔŋ55	baak3 jip6 cong1	百葉窗1.2
2834	七、房舍（2）房屋結構/走廊	走廊	走廊	tʃɐu35 lɔŋ21	zau2 long4	走廊1
2835	七、房舍（2）房屋結構/走廊	過道	过道	kɔ33 tu22	go3 du6	走廊2
2836	七、房舍（2）房屋結構/樓道	走廊	走廊	tʃɐu35 lɔŋ21	zau2 long4	樓道
2837	七、房舍（2）房屋結構/樓板	樓板	楼板	lɐu21 pan35	lau4 baan2	樓板
2838	七、房舍（2）房屋結構/出水口	水洞口	水洞口	ʃui35 tʊŋ22 hɐu35	sui2 dung6 hau2	出水口1
2839	七、房舍（2）房屋結構/出水口	水竇口	水窦口	ʃui35 tɐu22 hɐu35	sui2 dau6 hau2	出水口2
2840	七、房舍（2）房屋結構/排水溝	陽溝	阳沟	jœŋ21 kɐu55	joeng4 gau1	排水溝1
2841	七、房舍（2）房屋結構/排水溝	坑溝	坑沟	haŋ55 kɐu55	haang1 gau1	排水溝2
2842	七、房舍（2）房屋結構/排水溝	渠坑	渠坑	kʰy21 haŋ55	kyu4 haang1	排水溝3
2843	七、房舍（2）房屋結構/陰溝角落	陰溝角落	阴沟角落	jɐm55 kɐu55 kɔk3 lɔk3	jam1 gau1 gok3 lok3	陰溝角落
2844	七、房舍（3）其他設施/廚房	竈邊	灶边	tʃu33 pin55	zu3 bin1	廚房1
2845	七、房舍（3）其他設施/廚房	廚房	厨房	tʃʰy21 fɔŋ21	cyu4 fong4	廚房2
2846	七、房舍（3）其他設施/竈	竈	灶	tʃu33	zu3	竈
2847	七、房舍（3）其他設施/竈臺	竈臺	灶台	tʃu33 tʰɔi21	zu3 toi4	竈臺1
2848	七、房舍（3）其他設施/竈臺	竈頭	灶头	tʃu33 tʰɐu21	zu3 tau4	竈臺2
2849	七、房舍（3）其他設施/火爐	風爐	风炉	fʊŋ55 lu21	fung1 lu4	火爐
2850	七、房舍（3）其他設施/煤爐	煤爐	煤炉	mui21 lu21	mui4 lu4	煤爐
2851	七、房舍（3）其他設施/煤油爐	煤油爐	煤油炉	mui21 jɐu21 lu21	mui4 jau4 lu4	煤油爐
2852	七、房舍（3）其他設施/煤氣	煤氣	煤气	mui21 hi33	mui4 hi3	煤氣
2853	七、房舍（3）其他設施/煤氣罐	煤氣罐	煤气罐	mui21 hi33 kun33	mui4 hi3 gun3	煤氣罐
2854	七、房舍（3）其他設施/煤氣竈	煤氣竈	煤气灶	mui21 hi33 tʃu33	mui4 hi3 zu3	煤氣竈
2855	七、房舍（3）其他設施/煤氣爐	煤氣爐	煤气炉	mui21 hi33 lu21	mui4 hi3 lu4	煤氣爐
2856	七、房舍（3）其他設施/爐門	爐門	炉门	lu21 mun21	lu4 mun4	爐門
2857	七、房舍（3）其他設施/爐條	爐條	炉条	lu21 tʰiu21	lu4 tiu4	爐條
2858	七、房舍（3）其他設施/爐欞	爐欞	炉棂	lu21 leŋ21	lu4 ling4	爐欞，爐篦子
2859	七、房舍（3）其他設施/爐頭	爐頭	炉头	lu21 tʰɐu21	lu4 tau4	爐頭，爐子的頂端部分
2860	七、房舍（3）其他設施/燒火棍	撩火棍	撩火棍	lɛu55 fɔ35 kʷɐn33	leu1 fo2 gwan3	燒火棍
2861	七、房舍（3）其他設施/煙囪	煙通	烟通	jin55 tʰʊŋ55	jin1 tung1	煙囪
2862	七、房舍（3）其他設施/廁所	屎坑	屎坑	ʃi35 haŋ55	si2 haang1	廁所1
2863	七、房舍（3）其他設施/廁所	廁所	厕所	tʃʰi33 ɬɔ35	ci3 slo2	廁所2.1
2864	七、房舍（3）其他設施/廁所	廁所	厕所	tsʰɿ33 ɬɔ35	cy3 slo2	廁所2.2
2865	七、房舍（3）其他設施/新廁所	新屎坑	新屎坑	ɬɐn55 ʃi35 haŋ55	slan1 si2 haang1	新廁所，過不了幾天就變髒，比喻人貪新鮮、興趣不穩定
2866	七、房舍（3）其他設施/新廁所，三天香	新屎坑，三日香	新屎坑，三日香	ɬɐn55 ʃi35 haŋ55，ɬam55 jɐt2 hœŋ55	slan1 si2 haang1，slaam1 jat6 hoeng1	新廁所，三天香，諺語，比喻人貪新鮮、興趣不穩定
2867	七、房舍（3）其他設施/澡房	沖涼房	冲凉房	tʃʰʊŋ55 lœŋ21 fɔŋ21	cung1 loeng4 fong4	澡房1
2868	七、房舍（3）其他設施/澡房	洗身房	洗身房	ɬɐi35 ʃɐn55 fɔŋ21	slai2 san1 fong4	澡房2
2869	七、房舍（3）其他設施/磨房	碾米屋	碾米屋	nɛn35 mɐi24 ʊk5	nen2 mai5 uk1	磨房
2870	七、房舍（3）其他設施/馬棚	馬棚	马棚	ma24 pʰaŋ21	maa5 paang4	馬棚
2871	七、房舍（3）其他設施/牛圈	牛欄	牛栏	ŋɐu21 lan55	ngau4 laan1	牛圈
2872	七、房舍（3）其他設施/豬圈	豬欄	猪栏	tʃy55 lan55	zyu1 laan1	豬圈
2873	七、房舍（3）其他設施/豬籠	豬籠	猪笼	tʃy55 lʊŋ21	zyu1 lung4	豬籠
2874	七、房舍（3）其他設施/豬食槽	潲槽	潲槽	ʃɛu33 tʃʰu21	seu3 cu4	豬食槽1
2875	七、房舍（3）其他設施/豬食槽	潲盆	潲盆	ʃɛu33 pʰun21	seu3 pun4	豬食槽2
2876	七、房舍（3）其他設施/豬食槽	豬槽	猪槽	tʃy55 tʃʰu21	zyu1 cu4	豬食槽3
2877	七、房舍（3）其他設施/豬食	豬潲	猪潲	tʃy55 ʃɛu33	zyu1 seu3	豬食
2878	七、房舍（3）其他設施/羊圈	羊欄	羊栏	jœŋ21 lan55	joeng4 laan1	羊圈
2879	七、房舍（3）其他設施/狗窩	狗竇	狗窦	kɐu35 tɐu33	gau2 dau3	狗窩
2880	七、房舍（3）其他設施/狗食盤	狗鉢	狗钵	kɐu35 put3	gau2 but3	狗食盤
2881	七、房舍（3）其他設施/雞窩	雞竇	鸡窦	kɐi55 tɐu33	gai1 dau3	雞窩
2882	七、房舍（3）其他設施/雞籠	雞籠	鸡笼	kɐi55 lʊŋ21	gai1 lung4	雞籠
2883	七、房舍（3）其他設施/雞罩	雞罩	鸡罩	kɐi55 tʃɛu33	gai1 zeu3	雞罩，竹子編的，罩雞的器具
2884	七、房舍（3）其他設施/柴草垛	柴堆	柴堆	tʃʰai21 tui55	caai4 dui1	柴草垛1
2885	七、房舍（3）其他設施/柴草垛	草堆	草堆	tʃʰu35 tui55	cu2 dui1	柴草垛2
2886	七、房舍（3）其他設施/稻草堆	禾稈堆	禾秆堆	wɔ21 kɔn35 tui55	wo4 gon2 dui1	稻草堆
2887	八、器具、用品（1）一般傢俱/傢俱	傢俱	家具	ka55 ky22	gaa1 gyu6	傢俱1
2888	八、器具、用品（1）一般傢俱/傢俱	傢俬	家私	ka55 ʃi55	gaa1 si1	傢俱2.1
2889	八、器具、用品（1）一般傢俱/傢俱	傢俬	家私	ka55 sɿ55	gaa1 sy1	傢俱2.2
2890	八、器具、用品（1）一般傢俱/櫃	櫃	柜	kʷɐi22	gwai6	櫃
2891	八、器具、用品（1）一般傢俱/衣櫃	衣櫃	衣柜	ji55 kʷɐi22	ji1 gwai6	衣櫃1
2892	八、器具、用品（1）一般傢俱/衣櫃	衫櫃	衫柜	ʃam55 kʷɐi22	saam1 gwai6	衣櫃2
2893	八、器具、用品（1）一般傢俱/書櫃	書櫃	书柜	ʃy55 kʷɐi22	syu1 gwai6	書櫃
2894	八、器具、用品（1）一般傢俱/碗櫃	碗櫃	碗柜	wun35 kʷɐi22	wun2 gwai6	碗櫃
2895	八、器具、用品（1）一般傢俱/鞋櫃	鞋櫃	鞋柜	hai21 kʷɐi22	haai4 gwai6	鞋櫃
2896	八、器具、用品（1）一般傢俱/立櫃	立櫃	立柜	lɐp2 kʷɐi22	lap6 gwai6	立櫃1
2897	八、器具、用品（1）一般傢俱/立櫃	高櫃	高柜	ku55 kʷɐi22	gu1 gwai6	立櫃2
2898	八、器具、用品（1）一般傢俱/矮櫃	矮櫃	矮櫃	ɐi55 kʷɐi22	ai1 gwai6	矮櫃1
2899	八、器具、用品（1）一般傢俱/矮櫃	落地櫃	落地柜	lɔk2 ti22 kʷɐi22	lok6 di6 gwai6	矮櫃2
2900	八、器具、用品（1）一般傢俱/高低櫃	高低櫃	高低柜	ku55 tɐi55 kʷɐi22	gu1 dai1 gwai6	高低櫃
2901	八、器具、用品（1）一般傢俱/櫥櫃	櫥櫃	橱柜	tʃʰy21 kʷɐi22	cyu4 gwai6	櫥櫃
2902	八、器具、用品（1）一般傢俱/壁櫃	壁櫃	壁柜	pek5 kʷɐi22	bik1 gwai6	壁櫃
2903	八、器具、用品（1）一般傢俱/桌子	檯	台	tʰɔi21	toi4	桌子
2904	八、器具、用品（1）一般傢俱/圓桌	圓檯	圆台	jyn21 tʰɔi21	jyun4 toi4	圓桌
2905	八、器具、用品（1）一般傢俱/方桌	四方檯	四方台	ɬi33 fɔŋ55 tʰɔi21	sli3 fong1 toi4	方桌1
2906	八、器具、用品（1）一般傢俱/方桌	八仙檯	八仙台	pɛt3 ɬin55 tʰɔi21	bet3 slin1 toi4	方桌2
2907	八、器具、用品（1）一般傢俱/條案	神檯	神台	ʃɐn21 tʰɔi21	san4 toi4	條案，一種狹長的桌子，一般用來供奉
2908	八、器具、用品（1）一般傢俱/辦公桌	辦公檯	办公台	pan22 kʊŋ55 tʰɔi21	baan6 gung1 toi4	辦公桌1
2909	八、器具、用品（1）一般傢俱/辦公桌	書檯	书台	ʃy55 tʰɔi21	syu1 toi4	辦公桌2
2910	八、器具、用品（1）一般傢俱/保險櫃	夾萬	夾萬	kap3 man22	gaap3 maan6	保險櫃，當源自英語cabinet
2911	八、器具、用品（1）一般傢俱/飯桌	食飯檯	食饭台	ʃek2 fan22 tʰɔi21	sik6 faan6 toi4	飯桌1
2912	八、器具、用品（1）一般傢俱/飯桌	餐檯	餐台	tʃʰan55 tʰɔi21	caan1 toi4	飯桌2
2913	八、器具、用品（1）一般傢俱/桌布	檯布	台布	tʰɔi21 pu33	toi4 bu3	桌布，鋪在桌面上的布
2914	八、器具、用品（1）一般傢俱/圍桌	檯圍	台围	tʰɔi21 wɐi21	toi4 wai4	圍桌，掛在桌子前面的布
2915	八、器具、用品（1）一般傢俱/抽屜	櫃桶	柜桶	kʷɐi22 tʰʊŋ35	gwai6 tung2	抽屜1
2916	八、器具、用品（1）一般傢俱/抽屜	拖桶	拖桶	tʰɔ55 tʰʊŋ35	to1 tung2	抽屜2
2917	八、器具、用品（1）一般傢俱/抽屜	拖箱	拖箱	tʰɔ55 ɬœŋ55	to1 sloeng1	抽屜3
2918	八、器具、用品（1）一般傢俱/茶几	茶几	茶几	tʃʰa21 ki55	caa4 gi1	茶几
2919	八、器具、用品（1）一般傢俱/椅子	椅	椅	ji35	ji2	椅子1，統稱，有腿有靠背的坐具
2920	八、器具、用品（1）一般傢俱/椅子	挨披凳	挨披凳	ai55 pʰɛ55 tɐŋ33	aai1 pe1 dang3	椅子2，靠背椅，一般指加了靠背的小型竹凳子
2921	八、器具、用品（1）一般傢俱/椅子	挨椅凳	挨椅凳	ai55 ji35 tɐŋ33	aai1 ji2 dang3	椅子3，靠背椅
2922	八、器具、用品（1）一般傢俱/椅子	挨披椅	挨披椅	ai55 pʰɛ55 ji35	aai1 pe1 ji2	椅子4，靠背椅
2923	八、器具、用品（1）一般傢俱/躺椅	睡椅	睡椅	ʃui22 ji35	sui6 ji2	躺椅
2924	八、器具、用品（1）一般傢俱/八仙椅	八仙椅	八仙椅	pɛt3 ɬin55 ji35	bet3 slin1 ji2	八仙椅
2925	八、器具、用品（1）一般傢俱/藤椅	藤椅	藤椅	tʰɐŋ21 ji35	tang4 ji2	藤椅
2926	八、器具、用品（1）一般傢俱/竹躺椅	北京椅	北京椅	pɐk5 keŋ55 ji35	bak1 ging1 ji2	竹躺椅
2927	八、器具、用品（1）一般傢俱/搖椅	搖椅	摇椅	jiu21 ji35	jiu4 ji2	搖椅
2928	八、器具、用品（1）一般傢俱/椅子背兒	靠背	靠背	kʰau33 pui33	kaau3 bui3	椅子背兒
2929	八、器具、用品（1）一般傢俱/扶手	扶手	扶手	fu21 ʃɐu35	fu4 sau2	扶手
2930	八、器具、用品（1）一般傢俱/椅子牚兒	牚	牚	tʃʰaŋ33	caang3	椅子牚兒1
2931	八、器具、用品（1）一般傢俱/椅子牚兒	斜牚	斜牚	tʃʰɛ21 tʃʰaŋ33	ce4 caang3	椅子牚兒2
2932	八、器具、用品（1）一般傢俱/椅子牚兒	橫牚	横牚	waŋ21 tʃʰaŋ33	waang4 caang3	椅子牚兒3
2933	八、器具、用品（1）一般傢俱/凳子	凳	凳	tɐŋ33	dang3	凳子，統稱，有腿沒有靠背的坐具
2934	八、器具、用品（1）一般傢俱/板凳	長凳	长凳	tʃʰœŋ21 tɐŋ33	coeng4 dang3	板凳，長條形
2935	八、器具、用品（1）一般傢俱/方凳	獨頭凳	独头凳	tʊk2 tʰɐu21 tɐŋ33	duk6 tau4 dang3	方凳1
2936	八、器具、用品（1）一般傢俱/方凳	四方凳	四方凳	ɬi33 fɔŋ55 tɐŋ33	sli3 fong1 dang3	方凳2
2937	八、器具、用品（1）一般傢俱/方凳	獨凳	独凳	tʊk2 tɐŋ33	duk6 dang3	方凳2
2938	八、器具、用品（1）一般傢俱/小板凳兒	凳崽	凳崽	tɐŋ33 tʃɐi35	dang3 zai2	小板凳兒1
2939	八、器具、用品（1）一般傢俱/小板凳兒	凳仔	凳仔	tɐŋ33 tʃɐi35	dang3 zai2	小板凳兒1，同「凳崽」
2940	八、器具、用品（1）一般傢俱/小板凳兒	矮凳	矮凳	ɐi35 tɐŋ33	ai2 dang3	小板凳兒2.1
2941	八、器具、用品（1）一般傢俱/小板凳兒	矮凳	矮凳	ɐi55 tɐŋ33	ai1 dang3	小板凳兒2.2
2942	八、器具、用品（1）一般傢俱/圓凳	圓凳	圆凳	jyn21 tɐŋ33	jyun4 dang3	圓凳
2943	八、器具、用品（1）一般傢俱/高凳子	高凳	高凳	ku55 tɐŋ33	gu1 dang3	高凳子
2944	八、器具、用品（1）一般傢俱/竹凳子	竹凳	竹凳	tʃʊk5 tɐŋ33	zuk1 dang3	竹凳子
2945	八、器具、用品（1）一般傢俱/牀凳	牀凳	床凳	tʃʰɔŋ21 tɐŋ33	cong4 dang3	牀凳，架牀板用的長凳
2946	八、器具、用品（1）一般傢俱/馬紮	馬紮	马扎	ma24 tʃap2	maa5 zaap6	馬紮，又作「馬閘」，一說本作「馬棧」，棧爲簀音轉
2947	八、器具、用品（1）一般傢俱/馬紮	馬閘	马闸	ma24 tʃap2	maa5 zaap6	馬紮，同「馬紮」
2948	八、器具、用品（1）一般傢俱/蒲團	草墩	草墩	tʃʰu35 tɐn35	cu2 dan2	蒲團
2949	八、器具、用品（1）一般傢俱/電視機	電視機	电视机	tin22 ʃi22 ki55	din6 si6 gi1	電視機1
2950	八、器具、用品（1）一般傢俱/電視機	電視	电视	tin22 ʃi22	din6 si6	電視機2
2951	八、器具、用品（1）一般傢俱/電冰箱	雪櫃	雪柜	ɬyt3 kʷɐi22	slyut3 gwai6	電冰箱1
2952	八、器具、用品（1）一般傢俱/電冰箱	冰箱	冰箱	peŋ55 ɬœŋ55	bing1 sloeng1	電冰箱2
2953	八、器具、用品（1）一般傢俱/電冰櫃	冰櫃	冰柜	peŋ55 kʷɐi22	bing1 gwai6	電冰櫃
2954	八、器具、用品（1）一般傢俱/電風扇	電風扇	电风扇	tin22 fʊŋ55 ʃin33	din6 fung1 sin3	電風扇1
2955	八、器具、用品（1）一般傢俱/電風扇	電扇	电扇	tin22 ʃin33	din6 sin3	電風扇2
2956	八、器具、用品（1）一般傢俱/空調	冷氣機	冷气机	laŋ24 hi33 ki55	laang5 hi3 gi1	空調1
2957	八、器具、用品（1）一般傢俱/空調	冷氣	冷气	laŋ24 hi33	laang5 hi3	空調2
2958	八、器具、用品（1）一般傢俱/空調	空調	空调	hʊŋ55 tʰiu21	hung1 tiu4	空調3
2959	八、器具、用品（1）一般傢俱/錄音機	錄音機	录音机	lʊk2 jɐm55 ki55	luk6 jam1 gi1	錄音機
2960	八、器具、用品（1）一般傢俱/錄音帶	錄音帶	录音带	lʊk2 jɐm55 tai33	luk6 jam1 daai3	錄音帶
2961	八、器具、用品（1）一般傢俱/錄像機	錄影機	录影机	lʊk2 jeŋ35 ki55	luk6 jing2 gi1	錄像機
2962	八、器具、用品（1）一般傢俱/錄像帶	錄影帶	录影带	lʊk2 jeŋ35 tai33	luk6 jing2 daai3	錄像帶1
2963	八、器具、用品（1）一般傢俱/錄像帶	影帶	影带	jeŋ35 tai33	jing2 daai3	錄像帶2
2964	八、器具、用品（1）一般傢俱/影碟機（視盤機）	影碟機	影碟机	jeŋ35 tip2 ki55	jing2 dip6 gi1	影碟機（視盤機）
2965	八、器具、用品（1）一般傢俱/光碟（視盤）	影碟	影碟	jeŋ35 tip2	jing2 dip6	光碟（視盤），主要有VCD和DVD兩種格式
2966	八、器具、用品（1）一般傢俱/CD機	CD機	CD机	ʃi55 ti55 ki55	si1 di1 gi1	CD機
2967	八、器具、用品（1）一般傢俱/揚聲器	喇叭	喇叭	la55 pa55	laa1 baa1	揚聲器
2968	八、器具、用品（1）一般傢俱/音響	音箱	音箱	jɐm55 ɬœŋ55	jam1 sloeng1	音響
2969	八、器具、用品（1）一般傢俱/煲機	煲機	煲机	pu55 ki55	bu1 gi1	煲機，一種使器材老化穩定的措施，大多用於揚聲器
2970	八、器具、用品（1）一般傢俱/尋呼機	Call機	Call机	kʰɔ55 ki55	ko1 gi1	尋呼機，已淘汰
2971	八、器具、用品（1）一般傢俱/電話	電話	电话	tin22 wa22	din6 waa6	電話
2972	八、器具、用品（1）一般傢俱/電話亭	電話亭	电话亭	tin22 wa22 tʰeŋ21	din6 waa6 ting4	電話亭，已少見
2973	八、器具、用品（1）一般傢俱/電話卡	電話卡	电话卡	tin22 wa22 kʰa55	din6 waa6 kaa1	電話卡，已少見
2974	八、器具、用品（1）一般傢俱/座機	座機	座机	tʃɔ22 ki55	zo6 gi1	座機
2975	八、器具、用品（1）一般傢俱/手機	手機	手机	ʃɐu35 ki55	sau2 gi1	手機1
2976	八、器具、用品（1）一般傢俱/手機	手提電話	手提电话	ʃɐu35 tʰɐi21 tin22 wa22	sau2 tai4 din6 waa6	手機2
2977	八、器具、用品（1）一般傢俱/煲電話粥	煲電話粥	煲电话粥	pu55 tin22 wa22 tʃʊk5	bu1 din6 waa6 zuk1	煲電話粥，長時間地打電話
2978	八、器具、用品（1）一般傢俱/電池	電池	电池	tin22 tʃʰi21	din6 ci4	電池
2979	八、器具、用品（1）一般傢俱/電線	電線	电线	tin22 ɬin33	din6 slin3	電線
2980	八、器具、用品（1）一般傢俱/萬能充電器	萬能充	万能充	man22 nɐŋ21 tʃʰʊŋ55	maan6 nang4 cung1	萬能充電器，指可拆卸電池手機的電池充電器，已淘汰
2981	八、器具、用品（1）一般傢俱/移動電源	充電寶	充电宝	tʃʰʊŋ55 tin22 pu35	cung1 din6 bu2	移動電源，指手機的移動電源
2982	八、器具、用品（1）一般傢俱/紅白機	紅白機	红白机	hʊŋ21 pak2 ki55	hung4 baak6 gi1	紅白機，20世紀90年代流行
2983	八、器具、用品（1）一般傢俱/紅白機的搖桿	手柄	手柄	ʃɐu35 pɛŋ33	sau2 beng3	紅白機的搖桿
2984	八、器具、用品（1）一般傢俱/點卡	點卡	点卡	tim35 kʰa55	dim2 kaa1	點卡，20世紀90年代網絡遊戲的充值卡，已淘汰
2985	八、器具、用品（1）一般傢俱/電子計算機	電腦	电脑	tin22 nu24	din6 nu5	電子計算機
2986	八、器具、用品（1）一般傢俱/筆記本電腦	手提電腦	手提电脑	ʃɐu35 tʰɐi21 tin22 nu24	sau2 tai4 din6 nu5	筆記本電腦
2987	八、器具、用品（1）一般傢俱/（電腦）死機	宕機	宕机	tɔŋ22 ki55	dong6 gi1	（電腦）死機，音譯自down機
2988	八、器具、用品（1）一般傢俱/網絡	網絡	网络	mong5 lok3	mong5 lok3	網絡
2989	八、器具、用品（1）一般傢俱/上網	上網	上网	soeng5 mong5	soeng5 mong5	上網
2990	八、器具、用品（1）一般傢俱/網線	網線	网线	mɔŋ24 ɬin33	mong5 slin3	網線
2991	八、器具、用品（1）一般傢俱/網線水晶頭	水晶頭	水晶头	ʃui35 tʃeŋ55 tʰɐu21	sui2 zing1 tau4	網線水晶頭
2992	八、器具、用品（1）一般傢俱/路由器	路由器	路由器	lu22 jɐu21 hi33	lu6 jau4 hi3	路由器
2993	八、器具、用品（1）一般傢俱/光纖	光纖	光纤	kɔŋ55 tʃʰim55	gong1 cim1	光纖
2994	八、器具、用品（1）一般傢俱/硬磁盤	硬盤	硬盘	ŋaŋ22 pʰun21	ngaang6 pun4	硬磁盤
2995	八、器具、用品（1）一般傢俱/軟磁盤	軟盤	软盘	jyn24 pʰun21	jyun5 pun4	軟磁盤
2996	八、器具、用品（1）一般傢俱/硬件	硬件	硬件	ŋaŋ22 kin22	ngaang6 gin6	硬件
2997	八、器具、用品（1）一般傢俱/軟件	軟件	软件	jyn24 kin22	jyun5 gin6	軟件
2998	八、器具、用品（2）臥室用具/牀	牀	床	tʃʰɔŋ21	cong4	牀1
2999	八、器具、用品（2）臥室用具/牀	牀鋪	床铺	tʃʰɔŋ21 pʰu55	cong4 pu1	牀2
3000	八、器具、用品（2）臥室用具/鋪板	牀板	床板	tʃʰɔŋ21 pan35	cong4 baan2	鋪板
3001	八、器具、用品（2）臥室用具/棕繃	棕牀	棕床	tʃʊŋ55 tʃʰɔŋ21	zung1 cong4	棕繃
3002	八、器具、用品（2）臥室用具/竹牀	竹牀	竹床	tʃʊk5 tʃʰɔŋ21	zuk1 cong4	竹牀
3003	八、器具、用品（2）臥室用具/牀拼	牀拼	床拼	tʃʰɔŋ21 pʰɛŋ55	cong4 peng1	牀拼，西式牀兩頭的靠板
3004	八、器具、用品（2）臥室用具/高拼	高拼	高拼	ku55 pʰɛŋ55	gu1 peng1	高拼，牀頭的拼板
3005	八、器具、用品（2）臥室用具/低拼	低拼	低拼	tɐi55 pʰɛŋ55	dai1 peng1	低拼，牀尾的拼板
3006	八、器具、用品（2）臥室用具/高低牀	高低拼	高低拼	ku55 tɐi55 pʰɛŋ55	gu1 dai1 peng1	高低牀
3007	八、器具、用品（2）臥室用具/架牀	架牀	架床	kʰa33 tʃʰɔŋ21	kaa3 cong4	架牀
3008	八、器具、用品（2）臥室用具/沙發牀	彈弓牀	弹弓床	tan22 kʊŋ55 tʃʰɔŋ21	daan6 gung1 cong4	沙發牀
3009	八、器具、用品（2）臥室用具/牀母	牀母	床母	tʃʰɔŋ21 mu24	cong4 mu5	牀母，西式牀連接靠板的兩條大木
3010	八、器具、用品（2）臥室用具/牀橫	牀橫	床横	tʃʰɔŋ21 waŋ21	cong4 waang4	牀橫，擱牀板的小橫木
3011	八、器具、用品（2）臥室用具/牀檐	牀檐	床檐	tʃʰɔŋ21 jɐm21	cong4 jam4	牀檐
3012	八、器具、用品（2）臥室用具/帳子	蚊帳	蚊帐	mɐn55 tʃœŋ33	man1 zoeng3	帳子，統稱
3013	八、器具、用品（2）臥室用具/紗蚊帳	紗蚊帳	纱蚊帐	ʃa55 mɐn55 tʃœŋ33	saa1 man1 zoeng3	紗蚊帳
3014	八、器具、用品（2）臥室用具/絲蚊帳	絲蚊帳	丝蚊帐	ʃi55 mɐn55 tʃœŋ33	si1 man1 zoeng3	絲蚊帳
3015	八、器具、用品（2）臥室用具/麻蚊帳	麻蚊帳	麻蚊帐	ma21 mɐn55 tʃœŋ33	maa4 man1 zoeng3	麻蚊帳
3016	八、器具、用品（2）臥室用具/帳鉤	蚊帳鉤	蚊帐钩	mɐn55 tʃœŋ33 ŋɐu55	man1 zoeng3 ngau1	帳鉤
3017	八、器具、用品（2）臥室用具/蚊帳杆	蚊帳竹	蚊帐竹	mɐn55 tʃœŋ33 tʃʊk5	man1 zoeng3 zuk1	蚊帳杆，掛蚊帳的竹竿
3018	八、器具、用品（2）臥室用具/帳檐兒	帳檐	帐檐	tʃœŋ33 jɐm21	zoeng3 jam4	帳檐兒
3019	八、器具、用品（2）臥室用具/毯子	毯	毯	tʰan35	taan2	毯子
3020	八、器具、用品（2）臥室用具/被子	被	被	pʰi24	pi5	被子1
3021	八、器具、用品（2）臥室用具/被子	棉被	棉被	min21 pʰi24	min4 pi5	被子2
3022	八、器具、用品（2）臥室用具/鋪蓋	被鋪	被铺	pʰi24 pʰu55	pi5 pu1	鋪蓋，被褥
3023	八、器具、用品（2）臥室用具/披箍兒	被頭	被头	pʰi24 tʰɐu21	pi5 tau4	披箍兒
3024	八、器具、用品（2）臥室用具/被套	被套	被套	pʰi24 tʰu33	pi5 tu3	被套
3025	八、器具、用品（2）臥室用具/被窩兒	被竇	被窦	pʰi24 tɐu33	pi5 dau3	被窩兒
3026	八、器具、用品（2）臥室用具/被裏	被裏	被里	pʰi24 li24	pi5 li5	被裏
3027	八、器具、用品（2）臥室用具/被面	被面	被面	pʰi24 min35	pi5 min2	被面1
3028	八、器具、用品（2）臥室用具/被面	被心	被心	pʰi24 ɬɐm55	pi5 slam1	被面2
3029	八、器具、用品（2）臥室用具/被袋	被袋	被袋	pʰi24 tɔi22	pi5 doi6	被袋
3030	八、器具、用品（2）臥室用具/棉花胎	棉胎	棉胎	min21 tʰɔi55	min4 toi1	棉花胎
3031	八、器具、用品（2）臥室用具/牀單	牀單	床单	tʃʰɔŋ21 tan55	cong4 daan1	牀單1
3032	八、器具、用品（2）臥室用具/牀單	牀毯	床毯	tʃʰɔŋ21 tʰan35	cong4 taan2	牀單2
3033	八、器具、用品（2）臥室用具/毛巾被	毛巾毯	毛巾毯	mu21 kɐn55 tʰan35	mu4 gan1 taan2	毛巾被1
3034	八、器具、用品（2）臥室用具/毛巾被	毛巾被	毛巾被	mu21 kɐn55 pʰi24	mu4 gan1 pi5	毛巾被2
3035	八、器具、用品（2）臥室用具/毛毯	氈	毡	tʃin55	zin1	毛毯
3036	八、器具、用品（2）臥室用具/線毯	線毯	线毯	ɬin33 tʰan35	slin3 taan2	線毯
3037	八、器具、用品（2）臥室用具/棉毯	棉氈	棉毡	min21 tʃin55	min4 zin1	棉毯
3038	八、器具、用品（2）臥室用具/褥子	墊被	垫被	tim22 pʰi24	dim6 pi5	褥子1
3039	八、器具、用品（2）臥室用具/褥子	褥子	褥子	jʊk2 tʃi35	juk6 zi2	褥子2.1
3040	八、器具、用品（2）臥室用具/褥子	褥子	褥子	jʊk2 tsɿ35	juk6 zy2	褥子2.2
3041	八、器具、用品（2）臥室用具/涼蓆	蓆	席	tʃɛk2	zek6	涼蓆
3042	八、器具、用品（2）臥室用具/草蓆	草蓆	草席	tʃʰu35 tʃɛk2	cu2 zek6	草蓆
3043	八、器具、用品（2）臥室用具/竹蓆	竹蓆	竹席	tʃʊk5 tʃɛk2	zuk1 zek6	竹蓆
3044	八、器具、用品（2）臥室用具/藤蓆	藤蓆	藤席	tʰɐŋ21 tʃɛk2	tang4 zek6	藤蓆1
3045	八、器具、用品（2）臥室用具/藤蓆	馬辰蓆	马辰席	ma24 ʃɐn35 tʃɛk2	maa5 san2 zek6	藤蓆2.1，產自印尼的藤蓆
3046	八、器具、用品（2）臥室用具/藤蓆	馬辰蓆	马辰席	ma24 ʃɐn21 tʃɛk2	maa5 san4 zek6	藤蓆2.2，產自印尼的藤蓆
3047	八、器具、用品（2）臥室用具/枕頭	枕頭	枕头	tʃɐm35 tʰɐu21	zam2 tau4	枕頭
3048	八、器具、用品（2）臥室用具/枕頭蓆	枕頭蓆	枕头席	tʃɐm35 tʰɐu21 tʃɛk2	zam2 tau4 zek6	枕頭蓆
3049	八、器具、用品（2）臥室用具/枕巾	枕巾	枕巾	tʃɐm35 kɐn55	zam2 gan1	枕巾1
3050	八、器具、用品（2）臥室用具/枕巾	枕頭巾	枕头巾	tʃɐm35 tʰɐu21 kɐn55	zam2 tau4 gan1	枕巾2
3051	八、器具、用品（2）臥室用具/枕套兒	枕頭套	枕头套	tʃɐm35 tʰɐu21 tʰu33	zam2 tau4 tu3	枕套兒
3052	八、器具、用品（2）臥室用具/枕頭心兒	枕心	枕心	tʃɐm35 ɬɐm55	zam2 slam1	枕頭心兒1
3053	八、器具、用品（2）臥室用具/枕頭心兒	枕頭	枕头	tʃɐm35 tʰɐu21	zam2 tau4	枕頭心兒2
3054	八、器具、用品（2）臥室用具/枕頭心兒	枕頭心	枕头心	tʃɐm35 tʰɐu21 ɬɐm55	zam2 tau4 slam1	枕頭心兒3
3055	八、器具、用品（2）臥室用具/梳妝檯	梳妝檯	梳妆台	ʃɔ55 tʃɔŋ55 tʰɔi21	so1 zong1 toi4	梳妝檯
3056	八、器具、用品（2）臥室用具/鏡子	鏡	镜	kɛŋ33	geng3	鏡子
3057	八、器具、用品（2）臥室用具/箱子	籠	笼	lʊŋ24	lung5	箱子
3058	八、器具、用品（2）臥室用具/皮箱	皮箱	皮箱	pʰi21 ɬœŋ55	pi4 sloeng1	皮箱1
3059	八、器具、用品（2）臥室用具/皮箱	皮籠	皮笼	pʰi21 lʊŋ24	pi4 lung5	皮箱2
3060	八、器具、用品（2）臥室用具/手提箱	手提笈	手提笈	ʃɐu35 tʰɐi21 kɛp5	sau2 tai4 gep1	手提箱1
3061	八、器具、用品（2）臥室用具/手提箱	皮笈	皮笈	pʰi21 kɛp5	pi4 gep1	手提箱2
3062	八、器具、用品（2）臥室用具/樟木箱	樟木箱	樟木箱	tʃœŋ55 mʊk2 ɬœŋ55	zoeng1 muk6 sloeng1	樟木箱，由樟木製成的四方形儲物箱，常放衣物，舊時也作爲女子的嫁妝
3063	八、器具、用品（2）臥室用具/衣架	衣架	衣架	ji55 kʰa33	ji1 kaa3	衣架，立在地上的
3064	八、器具、用品（2）臥室用具/晾衣架	衫架	衫架	ʃam55 kʰa33	saam1 kaa3	晾衣架1
3065	八、器具、用品（2）臥室用具/晾衣架	衣架	衣架	ji55 kʰa33	ji1 kaa3	晾衣架2
3066	八、器具、用品（2）臥室用具/晾竿	竹篙	竹篙	tʃʊk5 ku55	zuk1 gu1	晾竿
3067	八、器具、用品（2）臥室用具/木夾子	木夾	木夹	mʊk2 kɛp2	muk6 gep6	木夾子
3068	八、器具、用品（2）臥室用具/鐵夾子	鐵夾	铁夹	tʰit3 kɛp2	tit3 gep6	鐵夾子
3069	八、器具、用品（2）臥室用具/馬桶	尿桶	尿桶	niu22 tʰʊŋ35	niu6 tung2	馬桶
3070	八、器具、用品（2）臥室用具/夜壺	尿煲	尿煲	niu22 pu55	niu6 bu1	夜壺1，尿壺
3071	八、器具、用品（2）臥室用具/夜壺	尿罌	尿罂	niu22 aŋ55	niu6 aang1	夜壺2，尿壺
3072	八、器具、用品（2）臥室用具/夜壺	痰罐	痰罐	tʰam21 kun33	taam4 gun3	夜壺3，尿壺
3073	八、器具、用品（2）臥室用具/夜壺	尿鉢	尿钵	niu22 put3	niu6 but3	夜壺4，尿壺
3074	八、器具、用品（2）臥室用具/手爐	火籠	火笼	fɔ35 lʊŋ21	fo2 lung4	手爐
3075	八、器具、用品（2）臥室用具/熱水袋	熱水袋	热水袋	jit2 ʃui35 tɔi22	jit6 sui2 doi6	熱水袋
3076	八、器具、用品（2）臥室用具/火盆	火盆	火盆	fɔ35 pʰun21	fo2 pun4	火盆
3077	八、器具、用品（2）臥室用具/湯壺	湯婆	汤婆	tʰɔŋ55 pʰɔ21	tong1 po4	湯壺，盛熱水後放在被中取暖用的
3078	八、器具、用品（2）臥室用具/暖水瓶	暖壺	暖壶	nyn24 wu21	nyun5 wu4	暖水瓶1
3079	八、器具、用品（2）臥室用具/暖水瓶	暖水壺	暖水壶	nyn24 ʃui35 wu21	nyun5 sui2 wu4	暖水瓶2
3080	八、器具、用品（2）臥室用具/暖水瓶	茶筒	茶筒	tʃʰa21 tʰʊŋ21	caa4 tung4	暖水瓶3
3081	八、器具、用品（2）臥室用具/暖水瓶	滾水壺	滚水壶	kʷɐn35 ʃui35 wu21	gwan2 sui2 wu4	暖水瓶4
3082	八、器具、用品（2）臥室用具/吹風機	吹風筒	吹风筒	tʃʰui55 fʊŋ55 tʰʊŋ21	cui1 fung1 tung4	吹風機
3083	八、器具、用品（3）炊事用具/風箱	風箱	风箱	fʊŋ55 ɬœŋ55	fung1 sloeng1	風箱
3084	八、器具、用品（3）炊事用具/拉風箱	扯風箱	扯风箱	tʃʰɛ35 fʊŋ55 ɬœŋ55	ce2 fung1 sloeng1	拉風箱；比喻哮喘病
3085	八、器具、用品（3）炊事用具/通條	通條	通条	tʰʊŋ55 tʰiu21	tung1 tiu4	通條，通爐子的
3086	八、器具、用品（3）炊事用具/火鉗	火鉗	火钳	fɔ35 kʰɛm21	fo2 kem4	火鉗
3087	八、器具、用品（3）炊事用具/火筒	火筒	火筒	fɔ35 tʰʊŋ21	fo2 tung4	火筒
3088	八、器具、用品（3）炊事用具/火鏟子	灰鏟	灰铲	fui55 tʃʰɛn35	fui1 cen2	火鏟子，鏟爐灰用
3089	八、器具、用品（3）炊事用具/柴草	柴	柴	tʃʰai21	caai4	柴草
3090	八、器具、用品（3）炊事用具/松柴	松柴	松柴	tʃʰʊŋ21 tʃʰai21	cung4 caai4	松柴，燒火用的松木
3091	八、器具、用品（3）炊事用具/雜柴	雜柴	杂柴	tʃap2 tʃʰai21	zaap6 caai4	雜柴，松木以外的木質柴火，質量差
3092	八、器具、用品（3）炊事用具/大水柴	大水柴	大水柴	tai22 ʃui35 tʃʰai21	daai6 sui2 caai4	大水柴，發大水順江流下的木頭、柴火
3093	八、器具、用品（3）炊事用具/扭紋柴	扭紋柴	扭纹柴	nɐu35 mɐn21 tʃʰai21	nau2 man4 caai4	扭紋柴，紋理不直的木柴，也比喻愛哭鬧的小孩兒
3094	八、器具、用品（3）炊事用具/劈柴（作燃料用）	柴花	柴花	tʃʰai21 fa55	caai4 faa1	劈柴（作燃料用）
3095	八、器具、用品（3）炊事用具/茅草	茅	茅	mɛu21	meu4	茅草
3096	八、器具、用品（3）炊事用具/稻稈	禾草	禾草	wɔ21 tʃʰu35	wo4 cu2	稻稈1
3097	八、器具、用品（3）炊事用具/稻稈	禾稈	禾秆	wɔ21 kɔn35	wo4 gon2	稻稈2
3098	八、器具、用品（3）炊事用具/稻稈	禾稈草	禾秆草	wɔ21 kɔn35 tʃʰu35	wo4 gon2 cu2	稻稈3
3099	八、器具、用品（3）炊事用具/麥秸	麥稈	麦秆	mɐk2 kɔn35	mak6 gon2	麥秸
3100	八、器具、用品（3）炊事用具/高粱稈兒	高粱梗	高粱梗	ku55 lœŋ21 kʷaŋ35	gu1 loeng4 gwaang2	高粱稈兒1.1
3101	八、器具、用品（3）炊事用具/高粱稈兒	高粱梗	高粱梗	ku55 lœŋ21 kʷʰaŋ35	gu1 loeng4 kwaang2	高粱稈兒1.2
3102	八、器具、用品（3）炊事用具/玉米稈兒	玉米梗	玉米梗	jy22 mɐi24 kʷaŋ35	jyu6 mai5 gwaang2	玉米稈兒1.1
3103	八、器具、用品（3）炊事用具/玉米稈兒	玉米梗	玉米梗	jy22 mɐi24 kʷʰaŋ35	jyu6 mai5 kwaang2	玉米稈兒1.2
3104	八、器具、用品（3）炊事用具/豆秸	豆梗	豆梗	tɐu22 kʷaŋ35	dau6 gwaang2	豆秸1.1
3105	八、器具、用品（3）炊事用具/豆秸	豆梗	豆梗	tɐu22 kʷʰaŋ35	dau6 kwaang2	豆秸1.2
3106	八、器具、用品（3）炊事用具/菜秸	菜梗	菜梗	tʃʰɔi33 kʷaŋ35	coi3 gwaang2	菜秸1.1
3107	八、器具、用品（3）炊事用具/菜秸	菜梗	菜梗	tʃʰɔi33 kʷʰaŋ35	coi3 kwaang2	菜秸1.2
3108	八、器具、用品（3）炊事用具/鋸末	木糠	木糠	mʊk2 hɔŋ55	muk6 hong1	鋸末
3109	八、器具、用品（3）炊事用具/刨花	刨花	刨花	pʰɛu21 fa55	peu4 faa1	刨花
3110	八、器具、用品（3）炊事用具/油柴	油柴	油柴	jɐu21 tʃʰai21	jau4 caai4	油柴，有松油的松樹劈柴，引火用
3111	八、器具、用品（3）炊事用具/火柴	火柴	火柴	fɔ35 tʃʰai21	fo2 caai4	火柴
3112	八、器具、用品（3）炊事用具/各種炊具	鑊頭罌鐺	镬头罂铛	wɔk2 tʰɐu21 aŋ55 tʃʰaŋ55	wok6 tau4 aang1 caang1	各種炊具1，泛指炊具
3113	八、器具、用品（3）炊事用具/各種炊具	罌煲罌鐺	罂煲罂铛	aŋ55 pu55 aŋ55 tʃʰaŋ55	aang1 bu1 aang1 caang1	各種炊具2
3114	八、器具、用品（3）炊事用具/各種炊具	罌煲鑊頭	罂煲镬头	aŋ55 pu55 wɔk2 tʰɐu21	aang1 bu1 wok6 tau4	各種炊具3
3115	八、器具、用品（3）炊事用具/鍋	煲	煲	pu55	bu1	鍋1，深壁鍋
3116	八、器具、用品（3）炊事用具/鍋	罌煲	罂煲	aŋ55 pu55	aang1 bu1	鍋2
3117	八、器具、用品（3）炊事用具/鍋	罌鐺	罂铛	aŋ55 tʃʰaŋ55	aang1 caang1	鍋3
3118	八、器具、用品（3）炊事用具/飯煲	飯煲	饭煲	fan22 pu55	faan6 bu1	飯煲
3119	八、器具、用品（3）炊事用具/烤爐	炕爐	炕炉	hɔŋ33 lu21	hong3 lu4	烤爐1
3120	八、器具、用品（3）炊事用具/烤爐	烤爐	烤炉	hau55 lu21	haau1 lu4	烤爐2
3121	八、器具、用品（3）炊事用具/高壓鍋	高壓鍋	高压锅	ku55 at3 kɔ55	gu1 aat3 go1	高壓鍋
3122	八、器具、用品（3）炊事用具/電飯煲	電飯煲	电饭煲	tin22 fan22 pu55	din6 faan6 bu1	電飯煲
3123	八、器具、用品（3）炊事用具/微波爐	微波爐	微波炉	mi21 pɔ55 lu21	mi4 bo1 lu4	微波爐
3124	八、器具、用品（3）炊事用具/電磁爐	電磁爐	电磁炉	tin22 tʃʰi21 lu21	din6 ci4 lu4	電磁爐1.1
3125	八、器具、用品（3）炊事用具/電磁爐	電磁爐	电磁炉	tin22 tsʰɿ21 lu21	din6 cy4 lu4	電磁爐1.2
3126	八、器具、用品（3）炊事用具/炸鍋	炸鍋	炸锅	tʃa33 kɔ55	zaa3 go1	炸鍋
3127	八、器具、用品（3）炊事用具/鼎鍋	鼎鍋	鼎锅	teŋ35 kɔ55	ding2 go1	鼎鍋，鑄鐵做的，底部小
3128	八、器具、用品（3）炊事用具/鋼鍋	鋼鍋	钢锅	kɔŋ33 kɔ55	gong3 go1	鋼鍋1.1
3129	八、器具、用品（3）炊事用具/鋼鍋	鋼鍋	钢锅	kɔŋ55 kɔ55	gong1 go1	鋼鍋1.2
3130	八、器具、用品（3）炊事用具/鋼模	鋼模	钢模	kɔŋ33 mɔ55	gong3 mo1	鋼模1.1
3131	八、器具、用品（3）炊事用具/鋼模	鋼模	钢模	kɔŋ55 mɔ55	gong1 mo1	鋼模1.2
3132	八、器具、用品（3）炊事用具/銅鍋	銅煲	铜煲	tʰʊŋ21 pu55	tung4 bu1	銅鍋
3133	八、器具、用品（3）炊事用具/銻鍋	銻煲	锑煲	tʰɐi55 pu55	tai1 bu1	銻鍋
3134	八、器具、用品（3）炊事用具/鋁鍋	銻煲	锑煲	tʰɐi55 pu55	tai1 bu1	鋁鍋1
3135	八、器具、用品（3）炊事用具/鋁鍋	鋁兜	铝兜	ly24 tɐu55	lyu5 dau1	鋁鍋2
3136	八、器具、用品（3）炊事用具/沙鍋	沙煲	沙煲	ʃa55 pu55	saa1 bu1	沙鍋1，也作「砂煲」
3137	八、器具、用品（3）炊事用具/沙鍋	瓦煲	瓦煲	ŋa24 pu55	ngaa5 bu1	沙鍋2
3138	八、器具、用品（3）炊事用具/沙鍋	瓦鐺	瓦铛	ŋa24 tʃʰaŋ55	ngaa5 caang1	沙鍋3
3139	八、器具、用品（3）炊事用具/通天煲	通天煲	通天煲	tʰʊŋ55 tʰin55 pu55	tung1 tin1 bu1	通天煲，蓋子有空洞的瓦鍋
3140	八、器具、用品（3）炊事用具/藥煲	藥煲	药煲	jœk2 pu55	joek6 bu1	藥煲1，熬中藥的瓦鍋
3141	八、器具、用品（3）炊事用具/藥煲	藥罌	药罂	jœk2 aŋ55	joek6 aang1	藥煲2
3142	八、器具、用品（3）炊事用具/炒菜鍋	鑊	镬	wɔk2	wok6	炒菜鍋1，鑄鐵做的
3143	八、器具、用品（3）炊事用具/炒菜鍋	鑊頭	镬头	wɔk2 tʰɐu21	wok6 tau4	炒菜鍋2
3144	八、器具、用品（3）炊事用具/大炒菜鍋	大鑊	大镬	tai22 wɔk2	daai6 wok6	大炒菜鍋；（事情）嚴重
3145	八、器具、用品（3）炊事用具/小炒菜鍋	細鑊	细镬	ɬɐi33 wɔk2	slai3 wok6	小炒菜鍋
3146	八、器具、用品（3）炊事用具/鐵炒菜鍋	鐵鑊	铁镬	tʰit3 wɔk2	tit3 wok6	鐵炒菜鍋，用鍛造鐵做的
3147	八、器具、用品（3）炊事用具/銅炒菜鍋	銅鑊	铜镬	tʰʊŋ21 wɔk2	tung4 wok6	銅炒菜鍋
3148	八、器具、用品（3）炊事用具/小鍋	煲崽	煲崽	pu55 tʃɐi35	bu1 zai2	小鍋
3149	八、器具、用品（3）炊事用具/小鍋	煲仔	煲仔	pu55 tʃɐi35	bu1 zai2	小鍋，同「煲崽」
3150	八、器具、用品（3）炊事用具/蓋子	蓋	盖	kɔi33	goi3	蓋子，統稱
3151	八、器具、用品（3）炊事用具/鍋蓋	煲蓋	煲盖	pu55 kɔi33	bu1 goi3	鍋蓋1
3152	八、器具、用品（3）炊事用具/鍋蓋	鑊蓋	镬盖	wɔk2 kɔi33	wok6 goi3	鍋蓋2
3153	八、器具、用品（3）炊事用具/鍋鏟	鑊鏟	镬铲	wɔk2 tʃʰɛn35	wok6 cen2	鍋鏟
3154	八、器具、用品（3）炊事用具/鍋灰	鑊黸	镬黸	wɔk2 lu55	wok6 lu1	鍋灰
3155	八、器具、用品（3）炊事用具/茶壺	茶壺	茶壶	tʃʰa21 wu21	caa4 wu4	茶壺
3156	八、器具、用品（3）炊事用具/水壺	水壺	水壶	ʃui35 wu21	sui2 wu4	水壺，燒開水用
3157	八、器具、用品（3）炊事用具/碗	碗	碗	wun35	wun2	碗
3158	八、器具、用品（3）炊事用具/瓷碗	瓦碗	瓦碗	ŋa24 wun35	ngaa5 wun2	瓷碗
3159	八、器具、用品（3）炊事用具/金邊碗	金邊碗	金边碗	kɐm55 pin55 wun35	gam1 bin1 wun2	金邊碗
3160	八、器具、用品（3）炊事用具/搪瓷碗	洋瓷碗	洋瓷碗	jœŋ21 tʃʰi21 wun35	joeng4 ci4 wun2	搪瓷碗
3161	八、器具、用品（3）炊事用具/海碗	海碗	海碗	hɔi35 wun35	hoi2 wun2	海碗
3162	八、器具、用品（3）炊事用具/八角碗	八角碗	八角碗	pɛt3 kɔk3 wun35	bet3 gok3 wun2	八角碗
3163	八、器具、用品（3）炊事用具/小碗	碗崽	碗崽	wun35 tʃɐi35	wun2 zai2	小碗
3164	八、器具、用品（3）炊事用具/小碗	碗仔	碗仔	wun35 tʃɐi35	wun2 zai2	小碗，同「碗崽」
3165	八、器具、用品（3）炊事用具/扣碗	扣碗	扣碗	kʰɐu33 wun35	kau3 wun2	扣碗，用來將菜倒扣於盤中的碗
3166	八、器具、用品（3）炊事用具/䀇子	䀇	䀇	ku35	gu2	䀇子1
3167	八、器具、用品（3）炊事用具/䀇子	䀇子	䀇子	ku35 tʃi35	gu2 zi2	䀇子2.1
3168	八、器具、用品（3）炊事用具/䀇子	䀇子	䀇子	ku35 tsɿ35	gu2 zy2	䀇子2.2
3169	八、器具、用品（3）炊事用具/㼞	㼞	㼞	pʰaŋ55	paang1	㼞，大的搪瓷碗或金屬碗
3170	八、器具、用品（3）炊事用具/兜	兜	兜	tɐu55	dau1	兜（鋁～），大的搪瓷盆或金屬盆
3171	八、器具、用品（3）炊事用具/罐頭盒	嘜	唛	mɐk5	mak1	罐頭盒，英語mug
3172	八、器具、用品（3）炊事用具/茶杯	茶杯	茶杯	tʃʰa21 pui55	caa4 bui1	茶杯1，瓷的帶把兒的
3173	八、器具、用品（3）炊事用具/茶杯	茶盅	茶盅	tʃʰa21 tʃʊŋ55	caa4 zung1	茶杯2
3174	八、器具、用品（3）炊事用具/玻璃杯	玻璃杯	玻璃杯	pɔ55 li55 pui55	bo1 li1 bui1	玻璃杯1
3175	八、器具、用品（3）炊事用具/玻璃杯	玻璃盅	玻璃盅	pɔ55 li55 tʃʊŋ55	bo1 li1 zung1	玻璃杯2
3176	八、器具、用品（3）炊事用具/燉盅	燉盅	炖盅	tɐn22 tʃʊŋ55	dan6 zung1	燉盅，隔水蒸食物用的有蓋瓷盅
3177	八、器具、用品（3）炊事用具/碟子	碟	碟	tip2	dip6	碟子
3178	八、器具、用品（3）炊事用具/大碟	大碟	大碟	tai22 tip2	daai6 dip6	大碟
3179	八、器具、用品（3）炊事用具/小碟	味碟	味碟	mi22 tip2	mi6 dip6	小碟1，盛放醬油、醋、辣椒等調料的小碟
3180	八、器具、用品（3）炊事用具/小碟	豉油碟	豉油碟	ʃi22 jɐu21 tip2	si6 jau4 dip6	小碟2
3181	八、器具、用品（3）炊事用具/盤子	大碟	大碟	tai22 tip2	daai6 dip6	盤子
3182	八、器具、用品（3）炊事用具/飯勺	飯殼	饭壳	fan22 hɔk3	faan6 hok3	飯勺
3183	八、器具、用品（3）炊事用具/粥勺	粥殼	粥壳	tʃʊk5 hɔk3	zuk1 hok3	粥勺
3184	八、器具、用品（3）炊事用具/湯勺	湯殼	汤壳	tʰɔŋ55 hɔk3	tong1 hok3	湯勺
3185	八、器具、用品（3）炊事用具/羹匙	匙羹	匙羹	tʃʰi21 kaŋ55	ci4 gaang1	羹匙1.1
3186	八、器具、用品（3）炊事用具/羹匙	匙羹	匙羹	tʃʰi21 kɐŋ55	ci4 gang1	羹匙1.2
3187	八、器具、用品（3）炊事用具/羹匙	匙羹	匙羹	ʃi21 kaŋ55	si4 gaang1	羹匙1.3
3188	八、器具、用品（3）炊事用具/羹匙	匙羹	匙羹	ʃi21 kɐŋ55	si4 gang1	羹匙1.4
3189	八、器具、用品（3）炊事用具/羹匙	調羹	调羹	tʰiu21 kaŋ55	tiu4 gaang1	羹匙2.1
3190	八、器具、用品（3）炊事用具/羹匙	調羹	调羹	tʰiu21 kɐŋ55	tiu4 gang1	羹匙2.2
3191	八、器具、用品（3）炊事用具/羹匙	瓢羹	瓢羹	pʰiu21 kaŋ55	piu4 gaang1	羹匙3.1
3192	八、器具、用品（3）炊事用具/羹匙	瓢羹	瓢羹	pʰiu21 kɐŋ55	piu4 gang1	羹匙3.2
3193	八、器具、用品（3）炊事用具/筷子	筷子	筷子	fai33 tʃi35	faai3 zi2	筷子1.1
3194	八、器具、用品（3）炊事用具/筷子	筷子	筷子	fai33 tsɿ35	faai3 zy2	筷子1.2
3195	八、器具、用品（3）炊事用具/筷子	筷手	筷手	fai33 ʃɐu35	faai3 sau2	筷子2
3196	八、器具、用品（3）炊事用具/筷子	筷條	筷条	fai33 tʰiu21	faai3 tiu4	筷子3
3197	八、器具、用品（3）炊事用具/竹筷子	竹筷子	竹筷子	tʃʊk5 fai33 tʃi35	zuk1 faai3 zi2	竹筷子1.1
3198	八、器具、用品（3）炊事用具/竹筷子	竹筷子	竹筷子	tʃʊk5 fai33 tsɿ35	zuk1 faai3 zy2	竹筷子1.2
3199	八、器具、用品（3）炊事用具/木筷子	木筷子	木筷子	mʊk2 fai33 tʃi35	muk6 faai3 zi2	木筷子1.1
3200	八、器具、用品（3）炊事用具/木筷子	木筷子	木筷子	mʊk2 fai33 tsɿ35	muk6 faai3 zy2	木筷子1.2
3201	八、器具、用品（3）炊事用具/象牙筷	象牙筷	象牙筷	tʃœŋ22 ŋa21 fai33	zoeng6 ngaa4 faai3	象牙筷
3202	八、器具、用品（3）炊事用具/筷籠	筷子筒	筷子筒	fai33 tʃi35 tʰʊŋ21	faai3 zi2 tung4	筷籠1.1
3203	八、器具、用品（3）炊事用具/筷籠	筷子筒	筷子筒	fai33 tsɿ35 tʰʊŋ21	faai3 zy2 tung4	筷籠1.2
3204	八、器具、用品（3）炊事用具/筷籠	筷手筒	筷手筒	fai33 ʃɐu35 tʰʊŋ21	faai3 sau2 tung4	筷籠2
3205	八、器具、用品（3）炊事用具/托盤	茶托	茶托	tʃʰa21 tʰɔk3	caa4 tok3	托盤，瓷的碟形的
3206	八、器具、用品（3）炊事用具/托盤	銀托	银托	ŋɐn21 tʰɔk3	ngan4 tok3	托盤，銀的
3207	八、器具、用品（3）炊事用具/酒杯	酒杯	酒杯	tʃɐu35 pui55	zau2 bui1	酒杯1
3208	八、器具、用品（3）炊事用具/酒杯	酒盅	酒盅	tʃɐu35 tʃʊŋ55	zau2 zung1	酒杯2
3209	八、器具、用品（3）炊事用具/酒壺	酒壺	酒壶	tʃɐu35 wu21	zau2 wu4	酒壺1
3210	八、器具、用品（3）炊事用具/酒壺	酒罌	酒罂	tʃɐu35 aŋ55	zau2 aang1	酒壺2
3211	八、器具、用品（3）炊事用具/酒罈子	酒埕	酒埕	tʃɐu35 tʃʰeŋ21	zau2 cing4	酒罈子
3212	八、器具、用品（3）炊事用具/酒瓶	酒樽	酒樽	tʃɐu35 tʃɐn55	zau2 zan1	酒瓶1.1
3213	八、器具、用品（3）炊事用具/酒瓶	酒樽	酒樽	tʃɐu35 tʃyn55	zau2 zyun1	酒瓶1.2
3214	八、器具、用品（3）炊事用具/罈子	䍇	䍇	tʰap3	taap3	罈子1
3215	八、器具、用品（3）炊事用具/罈子	埕	埕	tʃʰeŋ21	cing4	罈子2
3216	八、器具、用品（3）炊事用具/罐子	罌	罂	aŋ55	aang1	罐子1
3217	八、器具、用品（3）炊事用具/罐子	甕	瓮	ʊŋ33	ung3	罐子2
3218	八、器具、用品（3）炊事用具/酸罈	酸罈	酸坛	ɬyn55 tʰam21	slyun1 taam4	酸罈
3219	八、器具、用品（3）炊事用具/罈罈罐罐	埕埕䍇䍇	埕埕䍇䍇	tʃʰeŋ21 tʃʰeŋ21 tʰap3 tʰap3	cing4 cing4 taap3 taap3	罈罈罐罐1
3220	八、器具、用品（3）炊事用具/罈罈罐罐	罌罌甕甕	罂罂瓮瓮	aŋ55 aŋ55 ʊŋ33 ʊŋ33	aang1 aang1 ung3 ung3	罈罈罐罐2
3221	八、器具、用品（3）炊事用具/油罐子	油罌	油罂	jɐu21 aŋ55	jau4 aang1	油罐子
3222	八、器具、用品（3）炊事用具/鹽罐子	鹽罌	盐罂	jim21 aŋ55	jim4 aang1	鹽罐子
3223	八、器具、用品（3）炊事用具/瓦盆	鉢	钵	put3	but3	瓦盆
3224	八、器具、用品（3）炊事用具/碗鉢	碗鉢	碗钵	wun35 put3	wun2 but3	碗鉢，洗碗用的瓦盆
3225	八、器具、用品（3）炊事用具/腳鉢	腳鉢	脚钵	kœk3 put3	goek3 but3	腳鉢，舊時洗腳的瓦盆
3226	八、器具、用品（3）炊事用具/瓢	殼	壳	hɔk3	hok3	瓢1
3227	八、器具、用品（3）炊事用具/瓢	水殼	水壳	ʃui35 hɔk3	sui2 hok3	瓢2
3228	八、器具、用品（3）炊事用具/笊籬	撈籬	捞篱	lɛu21 li21	leu4 li4	笊籬1.1
3229	八、器具、用品（3）炊事用具/笊籬	撈籬	捞篱	lau21 li21	laau4 li4	笊籬1.2
3230	八、器具、用品（3）炊事用具/笊籬	撈籬	捞篱	lau55 li55	laau1 li1	笊籬1.3
3231	八、器具、用品（3）炊事用具/筲箕	筲箕	筲箕	ʃau55 ki55	saau1 gi1	筲箕
3232	八、器具、用品（3）炊事用具/瓶子	樽	樽	tʃɐn55	zan1	瓶子1.1
3233	八、器具、用品（3）炊事用具/瓶子	樽	樽	tʃyn55	zyun1	瓶子1.2
3234	八、器具、用品（3）炊事用具/瓶蓋兒	樽窒	樽窒	tʃɐn55 tʃɐt5	zan1 zat1	瓶蓋兒1.1，指木塞子
3235	八、器具、用品（3）炊事用具/瓶蓋兒	樽窒	樽窒	tʃyn55 tʃɐt5	zyun1 zat1	瓶蓋兒1.2，指木塞子
3236	八、器具、用品（3）炊事用具/鐵瓶蓋兒	呯呯	呯呯	pʰɛŋ55 pʰɛŋ55	peng1 peng1	鐵瓶蓋兒，小的
3237	八、器具、用品（3）炊事用具/玻璃瓶	玻璃樽	玻璃樽	pɔ55 li55 tʃɐn55	bo1 li1 zan1	玻璃瓶1.1
3238	八、器具、用品（3）炊事用具/玻璃瓶	玻璃樽	玻璃樽	pɔ55 li55 tʃyn55	bo1 li1 zyun1	玻璃瓶1.2
3239	八、器具、用品（3）炊事用具/小鐵盒	呯呯	呯呯	pʰɛŋ55 pʰɛŋ55	peng1 peng1	小鐵盒
3240	八、器具、用品（3）炊事用具/飯盒	飯盒	饭盒	fan22 hɐp2	faan6 hap6	飯盒
3241	八、器具、用品（3）炊事用具/礤牀	刨	刨	pʰɛu21	peu4	礤牀（冬瓜～、絲瓜～）
3242	八、器具、用品（3）炊事用具/菜刀	菜刀	菜刀	tʃʰɔi33 tu55	coi3 du1	菜刀
3243	八、器具、用品（3）炊事用具/殺豬刀	劏豬刀	㓥猪刀	tʰɔŋ55 tʃy55 tu55	tong1 zyu1 du1	殺豬刀
3244	八、器具、用品（3）炊事用具/水果刀	果刀	果刀	kɔ35 tu55	go2 du1	水果刀
3245	八、器具、用品（3）炊事用具/小刀	刀崽	刀崽	tu55 tʃɐi35	du1 zai2	小刀
3246	八、器具、用品（3）炊事用具/小刀	刀仔	刀仔	tu55 tʃɐi35	du1 zai2	小刀，同「刀崽」
3247	八、器具、用品（3）炊事用具/電工刀	電工刀	电工刀	tin22 kʊŋ55 tu55	din6 gung1 du1	電工刀
3248	八、器具、用品（3）炊事用具/切片刀（文刀）	片刀	片刀	pʰɛn35 tu55	pen2 du1	切片刀1.1（文刀），略寬、略輕，用途最廣，最適宜肉類和蔬菜的切片、丁、條、絲、粒、塊等，有的地區或教材叫「切刀」
3249	八、器具、用品（3）炊事用具/切片刀（文刀）	片刀	片刀	pʰin35 tu55	pin2 du1	切片刀1.2（文刀）
3250	八、器具、用品（3）炊事用具/桑刀（薄的片刀）	桑刀	桑刀	ɬɔŋ55 tu55	slong1 du1	桑刀（薄的片刀），薄似桑葉得名，極薄、極輕，專用於切片或切絲，不碰任何骨頭，不能拍蒜，也不能切冷凍肉，有的地區或教材叫「片刀」
3251	八、器具、用品（3）炊事用具/斬骨刀（砍刀、武刀）	骨刀	骨刀	kʷɐt5 tu55	gwat1 du1	斬骨刀（砍刀、武刀），刀身厚重，刀背極厚，用於砍大骨、凍肉等堅硬的原料
3252	八、器具、用品（3）炊事用具/切斬刀（前切後砍刀）	文武刀	文武刀	mɐn21 mu24 tu55	man4 mu5 du1	切斬刀（前切後砍刀），刀身呈梯形或長方形，前薄後厚，既可以切菜又可以斬雞鴨鵝魚等小的骨頭，有的地區或教材叫「斬切刀、劈刀」
3253	八、器具、用品（3）炊事用具/剔骨刀	剔刀	剔刀	tʰɛk3 tu55	tek3 du1	剔骨刀，刀尖尖銳，專門用於順着骨頭縫隙分離肉類
3254	八、器具、用品（3）炊事用具/雕刻刀	雕刻刀	雕刻刀	tiu55 kʰɐk5 tu55	diu1 kak1 du1	雕刻刀，用於食品雕刻
3255	八、器具、用品（3）炊事用具/腸刀	腸刀	肠刀	tʃʰœŋ21 tu55	coeng4 du1	腸刀，統稱用於處理禽、畜、魚類腸子的工具，形式多樣，有通腸刀、翻腸刀、刮腸刀等
3256	八、器具、用品（3）炊事用具/（刀的）刀頭	刀頭	刀头	tu55 tʰɐu21	du1 tau4	（刀的）刀頭
3257	八、器具、用品（3）炊事用具/（刀的）刀背	刀背	刀背	tu55 pui33	du1 bui3	（刀的）刀背
3258	八、器具、用品（3）炊事用具/（刀的）刀根	刀根	刀根	tu55 kɐn55	du1 gan1	（刀的）刀根
3259	八、器具、用品（3）炊事用具/（刀的）刀身	刀身	刀身	tu55 ʃɐn55	du1 san1	（刀的）刀身
3260	八、器具、用品（3）炊事用具/（刀的）刀尖	刀尖	刀尖	tu55 tʃim55	du1 zim1	（刀的）刀尖
3261	八、器具、用品（3）炊事用具/（刀的）刀刃	刀刃	刀刃	tu55 jɐn22	du1 jan6	（刀的）刀刃
3262	八、器具、用品（3）炊事用具/（刀的）刀柄	刀柄	刀柄	tu55 pɛŋ33	du1 beng3	（刀的）刀柄
3263	八、器具、用品（3）炊事用具/刀架	刀架	刀架	tu55 kʰa33	du1 kaa3	刀架
3264	八、器具、用品（3）炊事用具/擂臼	擂鉢	擂钵	lui21 put3	lui4 but3	擂臼
3265	八、器具、用品（3）炊事用具/擂臼槌	擂槌	擂槌	lui21 tʃʰui21	lui4 cui4	擂臼槌
3266	八、器具、用品（3）炊事用具/砧板	砧板	砧板	tʃɐm55 pan35	zam1 baan2	砧板，包括砧墩（菜墩）和案板（菜板）
3267	八、器具、用品（3）炊事用具/面板	面板	面板	min22 pan35	min6 baan2	面板，做麪食用的
3268	八、器具、用品（3）炊事用具/水桶	水桶	水桶	ʃui35 tʰʊŋ35	sui2 tung2	水桶1，挑水用
3269	八、器具、用品（3）炊事用具/水桶	木桶	木桶	mʊk2 tʰʊŋ35	muk6 tung2	水桶2
3270	八、器具、用品（3）炊事用具/銻桶	銻桶	锑桶	tʰɐi55 tʰʊŋ35	tai1 tung2	銻桶，提水、洗澡用
3271	八、器具、用品（3）炊事用具/飯桶	飯桶	饭桶	fan22 tʰʊŋ35	faan6 tung2	飯桶
3272	八、器具、用品（3）炊事用具/蒸籠	蒸籠	蒸笼	tʃeŋ55 lʊŋ21	zing1 lung4	蒸籠1
3273	八、器具、用品（3）炊事用具/蒸籠	甑	甑	tʃɐŋ33	zang3	蒸籠2
3274	八、器具、用品（3）炊事用具/箅子	蒸格	蒸格	tʃeŋ55 kak3	zing1 gaak3	箅子，蒸食物用的
3275	八、器具、用品（3）炊事用具/水缸	甕缸	瓮缸	ʊŋ33 kɔŋ55	ung3 gong1	水缸1
3276	八、器具、用品（3）炊事用具/水缸	水缸	水缸	ʃui35 kɔŋ55	sui2 gong1	水缸2
3277	八、器具、用品（3）炊事用具/缸瓦	缸瓦	缸瓦	kɔŋ55 ŋa24	gong1 ngaa5	缸瓦，陶瓷器皿的總稱
3278	八、器具、用品（3）炊事用具/泔水缸	潲缸	潲缸	ʃɛu33 kɔŋ55	seu3 gong1	泔水缸1
3279	八、器具、用品（3）炊事用具/泔水缸	潲水缸	潲水缸	ʃɛu33 ʃui35 kɔŋ55	seu3 sui2 gong1	泔水缸2
3280	八、器具、用品（3）炊事用具/泔水	潲水	潲水	ʃɛu33 ʃui35	seu3 sui2	泔水
3281	八、器具、用品（3）炊事用具/抹布	抹檯布	抹台布	mat3 tʰɔi21 pu33	maat3 toi4 bu3	抹布1
3282	八、器具、用品（3）炊事用具/抹布	檯布	台布	tʰɔi21 pu33	toi4 bu3	抹布2
3283	八、器具、用品（3）炊事用具/洗碗布	碗布	碗布	wun35 pu33	wun2 bu3	洗碗布
3284	八、器具、用品（3）炊事用具/攪拌機	攪拌機	搅拌机	kɛu35 pun22 ki55	geu2 bun6 gi1	攪拌機
3285	八、器具、用品（3）炊事用具/絞肉機	絞肉機	绞肉机	kɛu35 jʊk2 ki55	geu2 juk6 gi1	絞肉機
3286	八、器具、用品（3）炊事用具/破壁機	破壁機	破壁机	pʰɔ33 pek5 ki55	po3 bik1 gi1	破壁機
3287	八、器具、用品（3）炊事用具/洗碗機	洗碗機	洗碗机	ɬɐi35 wun35 ki55	slai2 wun2 gi1	洗碗機
3288	八、器具、用品（4）工匠用具/腳手架	棚架	棚架	pʰaŋ21 kʰa33	paang4 kaa3	腳手架
3289	八、器具、用品（4）工匠用具/搭腳手架	搭架	搭架	tap3 kʰa33	daap3 kaa3	搭腳手架
3290	八、器具、用品（4）工匠用具/搭棚子	搭棚	搭棚	tap3 pʰaŋ21	daap3 paang4	搭棚子
3291	八、器具、用品（4）工匠用具/尖頭鋼棒	鋼釺	钢钎	kɔŋ33 tʃʰim55	gong3 cim1	尖頭鋼棒，建築用具
3292	八、器具、用品（4）工匠用具/木樁	樁	桩	tʃɔŋ55	zong1	木樁1
3293	八、器具、用品（4）工匠用具/木樁	木樁	木桩	mʊk2 tʃɔŋ55	muk6 zong1	木樁2
3294	八、器具、用品（4）工匠用具/榫頭	榫頭	榫头	ɬɐn35 tʰɐu21	slan2 tau4	榫頭1.1
3295	八、器具、用品（4）工匠用具/榫頭	榫頭	榫头	ɬyn35 tʰɐu21	slyun2 tau4	榫頭1.2
3296	八、器具、用品（4）工匠用具/榫眼	榫眼	榫眼	ɬɐn35 ŋɛn24	slan2 ngen5	榫眼1.1
3297	八、器具、用品（4）工匠用具/榫眼	榫眼	榫眼	ɬyn35 ŋɛn24	slyun2 ngen5	榫眼1.2
3298	八、器具、用品（4）工匠用具/刨子	刨	刨	pʰɛu21	peu4	刨子
3299	八、器具、用品（4）工匠用具/長刨	長刨	长刨	tʃʰœŋ21 pʰɛu21	coeng4 peu4	長刨
3300	八、器具、用品（4）工匠用具/短刨	短刨	短刨	tyn35 pʰɛu21	dyun2 peu4	短刨
3301	八、器具、用品（4）工匠用具/錛刨	錛刨	锛刨	pɐn55 pʰɛu21	ban1 peu4	錛刨
3302	八、器具、用品（4）工匠用具/槽刨	槽刨	槽刨	tʃʰu21 pʰɛu21	cu4 peu4	槽刨
3303	八、器具、用品（4）工匠用具/線刨	線刨	线刨	ɬin33 pʰɛu21	slin3 peu4	線刨
3304	八、器具、用品（4）工匠用具/圓刨	圓刨	圆刨	jyn21 pʰɛu21	jyun4 peu4	圓刨
3305	八、器具、用品（4）工匠用具/斧子	斧頭	斧头	fu35 tʰɐu21	fu2 tau4	斧子
3306	八、器具、用品（4）工匠用具/木工斧	木工斧	木工斧	mʊk2 kʊŋ55 fu35	muk6 gung1 fu2	木工斧
3307	八、器具、用品（4）工匠用具/錛子	錛	锛	pɐn55	ban1	錛子
3308	八、器具、用品（4）工匠用具/鋸子	鋸	锯	ky33	gyu3	鋸子
3309	八、器具、用品（4）工匠用具/開板鋸	開板鋸	开板锯	hɔi55 pan35 ky33	hoi1 baan2 gyu3	開板鋸
3310	八、器具、用品（4）工匠用具/榫頭鋸	榫頭鋸	榫头锯	ɬɐn35 tʰɐu21 ky33	slan2 tau4 gyu3	榫頭鋸1.1
3311	八、器具、用品（4）工匠用具/榫頭鋸	榫頭鋸	榫头锯	ɬyn35 tʰɐu21 ky33	slyun2 tau4 gyu3	榫頭鋸1.2
3312	八、器具、用品（4）工匠用具/運鋸	運鋸	运锯	wɐn22 ky33	wan6 gyu3	運鋸
3313	八、器具、用品（4）工匠用具/鋼鋸	鋼鋸	钢锯	kɔŋ33 ky33	gong3 gyu3	鋼鋸
3314	八、器具、用品（4）工匠用具/帶鋸	帶鋸	带锯	tai33 ky33	daai3 gyu3	帶鋸，電動的
3315	八、器具、用品（4）工匠用具/鑿子	鑿	凿	tʃɔk2	zok6	鑿子
3316	八、器具、用品（4）工匠用具/四分鑿	四分鑿	四分凿	ɬi33 fɐn55 tʃɔk2	sli3 fan1 zok6	四分鑿
3317	八、器具、用品（4）工匠用具/六分鑿	六分鑿	六分凿	lʊk2 fɐn55 tʃɔk2	luk6 fan1 zok6	六分鑿
3318	八、器具、用品（4）工匠用具/圓鑿	圓鑿	圆凿	jyn21 tʃɔk2	jyun4 zok6	圓鑿
3319	八、器具、用品（4）工匠用具/榫鑿	榫鑿	榫凿	ɬɐn35 tʃɔk2	slan2 zok6	榫鑿1.1
3320	八、器具、用品（4）工匠用具/榫鑿	榫鑿	榫凿	ɬyn35 tʃɔk2	slyun2 zok6	榫鑿1.2
3321	八、器具、用品（4）工匠用具/剷鑿	剷鑿	铲凿	tʃʰan35 tʃɔk2	caan2 zok6	剷鑿
3322	八、器具、用品（4）工匠用具/尺子	尺	尺	tʃʰɛk3	cek3	尺子
3323	八、器具、用品（4）工匠用具/曲尺	曲尺	曲尺	kʰʊk5 tʃʰɛk3	kuk1 cek3	曲尺1
3324	八、器具、用品（4）工匠用具/曲尺	角尺	角尺	kɔk3 tʃʰɛk3	gok3 cek3	曲尺2
3325	八、器具、用品（4）工匠用具/摺尺	摺尺	折尺	tʃip3 tʃʰɛk3	zip3 cek3	摺尺1
3326	八、器具、用品（4）工匠用具/摺尺	木工尺	木工尺	mʊk2 kʊŋ55 tʃʰɛk3	muk6 gung1 cek3	摺尺2
3327	八、器具、用品（4）工匠用具/捲尺	鋼捲尺	钢卷尺	kɔŋ33 kyn35 tʃʰɛk3	gong3 gyun2 cek3	捲尺
3328	八、器具、用品（4）工匠用具/皮尺	軟尺	软尺	jyn24 tʃʰɛk3	jyun5 cek3	皮尺
3329	八、器具、用品（4）工匠用具/墨斗	墨斗	墨斗	mɐk2 tɐu35	mak6 dau2	墨斗
3330	八、器具、用品（4）工匠用具/墨線	墨斗線	墨斗线	mɐk2 tɐu35 ɬin33	mak6 dau2 slin3	墨線1
3331	八、器具、用品（4）工匠用具/墨線	墨線	墨线	mɐk2 ɬin33	mak6 slin3	墨線2
3332	八、器具、用品（4）工匠用具/彈墨線	彈墨線	弹墨线	tʰɛn21 mɐk2 ɬin33	ten4 mak6 slin3	彈墨線
3333	八、器具、用品（4）工匠用具/鑽	鑽	钻	tʃyn33	zyun3	鑽
3334	八、器具、用品（4）工匠用具/手鑽	手鑽	手钻	ʃɐu35 tʃyn33	sau2 zyun3	手鑽
3335	八、器具、用品（4）工匠用具/電鑽	電鑽	电钻	tin22 tʃyn33	din6 zyun3	電鑽
3336	八、器具、用品（4）工匠用具/開板	解板	解板	kai33 pan35	gaai3 baan2	開板
3337	八、器具、用品（4）工匠用具/做木工活	鬭木	鬭木	tɐu33 mʊk2	dau3 muk6	做木工活，俗作「鬥木」
3338	八、器具、用品（4）工匠用具/拼合檯	鬭檯	鬭台	tɐu33 tʰɔi21	dau3 toi4	拼合檯，俗作「鬥檯」
3339	八、器具、用品（4）工匠用具/拼合凳	鬭凳	鬭凳	tɐu33 tɐŋ33	dau3 dang3	拼合凳，俗作「鬥凳」
3340	八、器具、用品（4）工匠用具/拼合櫃	鬭櫃	鬭柜	tɐu33 kʷɐi22	dau3 gwai6	拼合櫃，俗作「鬥櫃」
3341	八、器具、用品（4）工匠用具/釘子	釘	钉	tɛŋ55	deng1	釘子1
3342	八、器具、用品（4）工匠用具/釘子	鐵釘	铁钉	tʰit3 tɛŋ55	tit3 deng1	釘子2
3343	八、器具、用品（4）工匠用具/大釘子	大釘	大钉	tai22 tɛŋ55	daai6 deng1	大釘子
3344	八、器具、用品（4）工匠用具/小釘子	細釘	细钉	ɬɐi33 tɛŋ55	slai3 deng1	小釘子
3345	八、器具、用品（4）工匠用具/木屐釘	木屐釘	木屐钉	mʊk2 kʰɛk5 tɛŋ55	muk6 kek1 deng1	木屐釘，方形小鐵釘，釘鞋、木屐用
3346	八、器具、用品（4）工匠用具/鞋釘	鞋釘	鞋钉	hai21 tɛŋ55	haai4 deng1	鞋釘
3347	八、器具、用品（4）工匠用具/芝麻釘	芝麻釘	芝麻钉	tʃi55 ma21 tɛŋ55	zi1 maa4 deng1	芝麻釘，最小的鐵釘
3348	八、器具、用品（4）工匠用具/釘釘子	䂿釘	䂿钉	tɐp2 tɛŋ55	dap6 deng1	釘釘子1，把彎的釘子錘直
3349	八、器具、用品（4）工匠用具/釘釘子	釘釘	钉钉	tɛŋ55 tɛŋ55	deng1 deng1	釘釘子2
3350	八、器具、用品（4）工匠用具/螺絲釘	螺絲釘	螺丝钉	lɔ21 ʃi55 tɛŋ55	lo4 si1 deng1	螺絲釘1.1
3351	八、器具、用品（4）工匠用具/螺絲釘	螺絲釘	螺丝钉	lɔ21 sɿ55 tɛŋ55	lo4 sy1 deng1	螺絲釘1.2
3352	八、器具、用品（4）工匠用具/螺母	螺母	螺母	lɔ21 mu24	lo4 mu5	螺母
3353	八、器具、用品（4）工匠用具/起子	螺絲批	螺丝批	lɔ21 ʃi55 pʰɐi55	lo4 si1 pai1	起子1.1，螺絲刀
3354	八、器具、用品（4）工匠用具/起子	螺絲批	螺丝批	lɔ21 sɿ55 pʰɐi55	lo4 sy1 pai1	起子1.2，螺絲刀
3355	八、器具、用品（4）工匠用具/擰螺絲	上螺絲	上螺丝	ʃœŋ24 lɔ21 ʃi55	soeng5 lo4 si1	擰螺絲1.1
3356	八、器具、用品（4）工匠用具/擰螺絲	上螺絲	上螺丝	ʃœŋ24 lɔ21 sɿ55	soeng5 lo4 sy1	擰螺絲1.2
3357	八、器具、用品（4）工匠用具/馬釘	馬釘	马钉	ma24 tɛŋ55	maa5 deng1	馬釘1
3358	八、器具、用品（4）工匠用具/馬釘	螞蟥釘	蚂蟥钉	ma24 wɔŋ21 tɛŋ55	maa5 wong4 deng1	馬釘2
3359	八、器具、用品（4）工匠用具/水泥釘	水泥釘	水泥钉	ʃui35 nɐi21 tɛŋ55	sui2 nai4 deng1	水泥釘
3360	八、器具、用品（4）工匠用具/膨脹釘	膨脹釘	膨胀钉	pʰaŋ21 tʃœŋ33 tɛŋ55	paang4 zoeng3 deng1	膨脹釘
3361	八、器具、用品（4）工匠用具/鉗子	鉗	钳	kʰɛm21	kem4	鉗子1
3362	八、器具、用品（4）工匠用具/鉗子	膠鉗	胶钳	kɛu55 kʰɛm21	geu1 kem4	鉗子2
3363	八、器具、用品（4）工匠用具/鉗子	密嘴鉗	密嘴钳	mɐt2 tʃui35 kʰɛm21	mat6 zui2 kem4	鉗子3
3364	八、器具、用品（4）工匠用具/尖嘴鉗	尖嘴鉗	尖嘴钳	tʃim55 tʃui35 kʰɛm21	zim1 zui2 kem4	尖嘴鉗
3365	八、器具、用品（4）工匠用具/老虎鉗	老虎鉗	老虎钳	lu24 fu35 kʰɛm21	lu5 fu2 kem4	老虎鉗
3366	八、器具、用品（4）工匠用具/釘錘	錘	锤	tʃʰui21	cui4	釘錘1
3367	八、器具、用品（4）工匠用具/釘錘	䂿錘	䂿锤	tɐp2 tʃʰui21	dap6 cui4	釘錘2
3368	八、器具、用品（4）工匠用具/鑷子	鑷	镊	nɛp3	nep3	鑷子
3369	八、器具、用品（4）工匠用具/繩子	繩	绳	ʃeŋ21	sing4	繩子1
3370	八、器具、用品（4）工匠用具/繩子	索	索	ɬɔk3	slok3	繩子2
3371	八、器具、用品（4）工匠用具/綁着	綁住	绑住	pɔŋ35 tʃy22	bong2 zyu6	綁着
3372	八、器具、用品（4）工匠用具/打結	打疙𤶠	打疙𤶠	ta35 kɐt2 na55	daa2 gat6 naa1	打結1
3373	八、器具、用品（4）工匠用具/打結	打綟	打𫄫	ta35 lɛt3	daa2 let3	打結2，俗作「打纈」
3374	八、器具、用品（4）工匠用具/活結	疙𤶠	疙𤶠	kɐt2 na55	gat6 naa1	活結1
3375	八、器具、用品（4）工匠用具/活結	生綟	生𫄫	ʃaŋ55 lɛt3	saang1 let3	活結2，俗作「生纈」
3376	八、器具、用品（4）工匠用具/死結	死綟	死𫄫	ɬi35 lɛt3	sli2 let3	死結，俗作「死纈」
3377	八、器具、用品（4）工匠用具/合葉	合葉	合叶	hɐp2 jip2	hap6 jip6	合葉
3378	八、器具、用品（4）工匠用具/瓦刀	磚刀	砖刀	tʃyn55 tu55	zyun1 du1	瓦刀
3379	八、器具、用品（4）工匠用具/抹子	灰批	灰批	fui55 pʰɐi55	fui1 pai1	抹子1
3380	八、器具、用品（4）工匠用具/抹子	灰匙	灰匙	fui55 tʃʰi21	fui1 ci4	抹子2，小的
3381	八、器具、用品（4）工匠用具/泥板	灰托	灰托	fui55 tʰɔk3	fui1 tok3	泥板，瓦工用來盛抹牆物的木板
3382	八、器具、用品（4）工匠用具/麻刀	麻刀	麻刀	ma21 tu55	maa4 du1	麻刀，抹牆用的碎麻，放在泥灰中增加凝聚力
3383	八、器具、用品（4）工匠用具/灰兜子	灰兜	灰兜	fui55 tɐu55	fui1 dau1	灰兜子
3384	八、器具、用品（4）工匠用具/灰斗子	灰桶	灰桶	fui55 tʰʊŋ35	fui1 tung2	灰斗子
3385	八、器具、用品（4）工匠用具/造房子	起屋	起屋	hi35 ʊk5	hi2 uk1	造房子
3386	八、器具、用品（4）工匠用具/拆房子	拆屋	拆屋	tʃʰak3 ʊk5	caak3 uk1	拆房子
3387	八、器具、用品（4）工匠用具/挖地基	開牆腳	开墙脚	hɔi55 tʃʰœŋ21 kœk3	hoi1 coeng4 goek3	挖地基1
3388	八、器具、用品（4）工匠用具/挖地基	落腳	落脚	lɔk2 kœk3	lok6 goek3	挖地基2
3389	八、器具、用品（4）工匠用具/落門頭	落門頭	落门头	lɔk2 mun21 tʰɐu21	lok6 mun4 tau4	落門頭，安門
3390	八、器具、用品（4）工匠用具/砌磚	砌磚	砌砖	tʃʰɐi33 tʃyn55	cai3 zyun1	砌磚
3391	八、器具、用品（4）工匠用具/舂牆	舂牆	舂墙	tʃʰʊŋ55 tʃʰœŋ21	cung1 coeng4	舂牆，舊時農村多用泥巴築牆，
3392	八、器具、用品（4）工匠用具/牆斗	牆斗	墙斗	tʃʰœŋ21 tɐu35	coeng4 dau2	牆斗1，舂牆用的
3393	八、器具、用品（4）工匠用具/牆斗	牆桶	墙桶	tʃʰœŋ21 tʰʊŋ35	coeng4 tung2	牆斗2
3394	八、器具、用品（4）工匠用具/舂槌	舂槌	舂槌	tʃʰʊŋ55 tʃʰui21	cung1 cui4	舂槌，夯土用
3395	八、器具、用品（4）工匠用具/批摥	批摥	批摥	pʰɐi55 tʰɔŋ33	pai1 tong3	批摥，用抹子抹平
3396	八、器具、用品（4）工匠用具/批灰	批灰	批灰	pʰɐi55 fui55	pai1 fui1	批灰，抹灰
3397	八、器具、用品（4）工匠用具/油灰水	油灰水	油灰水	jɐu21 fui55 ʃui35	jau4 fui1 sui2	油灰水，粉刷石灰
3398	八、器具、用品（4）工匠用具/油油漆	油油漆	油油漆	jɐu21 jɐu21 tʃʰɐt5	jau4 jau4 cat1	油油漆，上油漆
3399	八、器具、用品（4）工匠用具/檢漏	執瓦	执瓦	tʃɐp5 ŋa24	zap1 ngaa5	檢漏1，上房頂檢修泄漏
3400	八、器具、用品（4）工匠用具/檢漏	執漏	执漏	tʃɐp5 lɐu22	zap1 lau6	檢漏2，檢修泄漏
3401	八、器具、用品（4）工匠用具/鏨子	鏨子	錾子	tʃam35 tʃi35	zaam2 zi2	鏨子1.1
3402	八、器具、用品（4）工匠用具/鏨子	鏨子	錾子	tʃam35 tsɿ35	zaam2 zy2	鏨子1.2
3403	八、器具、用品（4）工匠用具/砧子	鐵枕	铁枕	tʰit3 tʃɐm35	tit3 zam2	砧子，打鐵時墊鐵塊用
3404	八、器具、用品（4）工匠用具/剃刀	剃刀	剃刀	tʰɐi33 tu55	tai3 du1	剃刀
3405	八、器具、用品（4）工匠用具/鬍鬚刀	鬍鬚刀	胡须刀	wu21 ɬu55 tu55	wu4 slu1 du1	鬍鬚刀，刀片刮鬚刀
3406	八、器具、用品（4）工匠用具/推子	飛剪	飞剪	fi55 tʃin35	fi1 zin2	推子
3407	八、器具、用品（4）工匠用具/理髮剪	頭髮剪	头发剪	tʰɐu21 fat3 tʃin35	tau4 faat3 zin2	理髮剪
3408	八、器具、用品（4）工匠用具/梳子	梳	梳	ʃɔ55	so1	梳子
3409	八、器具、用品（4）工匠用具/木梳	木梳	木梳	mʊk2 ʃɔ55	muk6 so1	木梳
3410	八、器具、用品（4）工匠用具/骨梳	骨梳	骨梳	kʷɐt5 ʃɔ55	gwat1 so1	骨梳1
3411	八、器具、用品（4）工匠用具/骨梳	牛角梳	牛角梳	ŋɐu21 kɔk3 ʃɔ55	ngau4 gok3 so1	骨梳2
3412	八、器具、用品（4）工匠用具/篦	篦	篦	pi22	bi6	篦
3413	八、器具、用品（4）工匠用具/鐾刀布	鐾刀布	鐾刀布	pɐi22 tu55 pu33	bai6 du1 bu3	鐾刀布1.1
3414	八、器具、用品（4）工匠用具/鐾刀布	鐾刀布	鐾刀布	pi22 tu55 pu33	bi6 du1 bu3	鐾刀布1.2
3415	八、器具、用品（4）工匠用具/鐾刀布	刮布	刮布	kʷɛt3 pu33	gwet3 bu3	鐾刀布2
3416	八、器具、用品（4）工匠用具/理髮椅	飛髮椅	飞发椅	fi55 fat3 ji35	fi1 faat3 ji2	理髮椅
3417	八、器具、用品（4）工匠用具/理髮凳	飛髮凳	飞发凳	fi55 fat3 tɐŋ33	fi1 faat3 dang3	理髮凳
3418	八、器具、用品（4）工匠用具/縫紉機	衣車	衣车	ji55 tʃʰɛ55	ji1 ce1	縫紉機
3419	八、器具、用品（4）工匠用具/馬蹄	馬蹄	马蹄	ma24 tʰɐi21	maa5 tai4	馬蹄，縫紉機用下線軸
3420	八、器具、用品（4）工匠用具/剪子	鉸剪	铰剪	kɛu33 tʃin35	geu3 zin2	剪子1
3421	八、器具、用品（4）工匠用具/剪子	剪刀	剪刀	tʃin35 tu55	zin2 du1	剪子2
3422	八、器具、用品（4）工匠用具/裁縫剪	裁衫剪	裁衫剪	tʃʰɔi21 ʃam55 tʃin35	coi4 saam1 zin2	裁縫剪
3423	八、器具、用品（4）工匠用具/熨斗	燙斗	烫斗	tʰɔŋ33 tɐu35	tong3 dau2	熨斗
3424	八、器具、用品（4）工匠用具/烙鐵	焫機	焫机	nat3 kɐi55	naat3 gai1	烙鐵
3425	八、器具、用品（4）工匠用具/手槍	噴	喷	pʰɐn33	pan3	手槍，俗稱，現代又指霰彈槍
3426	八、器具、用品（4）工匠用具/霰彈槍	沙噴	沙喷	ʃa55 pʰɐn33	saa1 pan3	霰彈槍
3427	八、器具、用品（4）工匠用具/弓子	棉花弓	棉花弓	min21 fa55 kʊŋ55	min4 faa1 gung1	弓子
3428	八、器具、用品（4）工匠用具/紡車	紡車	纺车	fɔŋ35 tʃʰɛ55	fong2 ce1	紡車
3429	八、器具、用品（4）工匠用具/織布機	織布機	织布机	tʃek5 pu33 ki55	zik1 bu3 gi1	織布機，舊式的
3430	八、器具、用品（4）工匠用具/梭	梭	梭	ɬɔ55	slo1	梭
3431	八、器具、用品（4）工匠用具/鐵皮	鐵皮	铁皮	tʰit3 pʰi21	tit3 pi4	鐵皮，一般指鍍鋅或鍍錫的薄鐵片
3432	八、器具、用品（4）工匠用具/紙皮	紙皮	纸皮	tʃi35 pʰi21	zi2 pi4	紙皮，一般指馬糞紙、草紙板
3433	八、器具、用品（5）其他生活用品/東西	嘢	嘢	jɛ24	je5	東西，本字「兒」，即（物）兒，本爲物的兒尾小稱
3434	八、器具、用品（5）其他生活用品/洗臉水	洗面水	洗面水	ɬɐi35 min22 ʃui35	slai2 min6 sui2	洗臉水
3435	八、器具、用品（5）其他生活用品/漱口杯	口盅	口盅	hɐu35 tʃʊŋ55	hau2 zung1	漱口杯
3436	八、器具、用品（5）其他生活用品/臉盆	面盆	面盆	min22 pʰun21	min6 pun4	臉盆
3437	八、器具、用品（5）其他生活用品/臉盆架	面盆架	面盆架	min22 pʰun21 kʰa33	min6 pun4 kaa3	臉盆架
3438	八、器具、用品（5）其他生活用品/澡盆	木盆	木盆	mʊk2 pʰun21	muk6 pun4	澡盆1
3439	八、器具、用品（5）其他生活用品/澡盆	腳盆	脚盆	kœk3 pʰun21	goek3 pun4	澡盆2
3440	八、器具、用品（5）其他生活用品/澡盆	大木盆	大木盆	tai22 mʊk2 pʰun21	daai6 muk6 pun4	澡盆3
3441	八、器具、用品（5）其他生活用品/澡盆	大銻盆	大锑盆	tai22 tʰɐi55 pʰun21	daai6 tai1 pun4	澡盆4
3442	八、器具、用品（5）其他生活用品/澡盆	大盆	大盆	tai22 pʰun21	daai6 pun4	澡盆5
3443	八、器具、用品（5）其他生活用品/澡盆	洗身盆	洗身盆	ɬɐi35 ʃɐn55 pʰun21	slai2 san1 pun4	澡盆6
3444	八、器具、用品（5）其他生活用品/豬腰盆	豬腰盆	猪腰盆	tʃy55 jiu55 pʰun21	zyu1 jiu1 pun4	豬腰盆，一種洗澡用的橢圓形大鐵盆
3445	八、器具、用品（5）其他生活用品/腳盆	腳盆	脚盆	kœk3 pʰun21	goek3 pun4	腳盆1，洗腳用
3446	八、器具、用品（5）其他生活用品/腳盆	腳鉢	脚钵	kœk3 put3	goek3 but3	腳盆2
3447	八、器具、用品（5）其他生活用品/香皂	香鹼	香碱	hœŋ55 kɛn35	hoeng1 gen2	香皂，洗臉用
3448	八、器具、用品（5）其他生活用品/肥皂	鹼	碱	kɛn35	gen2	肥皂1，俗字「梘」
3449	八、器具、用品（5）其他生活用品/肥皂	洗衫鹼	洗衫碱	ɬɐi35 ʃam55 kɛn35	slai2 saam1 gen2	肥皂2，洗衣服用
3450	八、器具、用品（5）其他生活用品/肥皂	番鹼	番碱	fan55 kɛn35	faan1 gen2	肥皂3，洗衣服用
3451	八、器具、用品（5）其他生活用品/肥皂泡沫	鹼泡	碱泡	kɛn35 pʰu24	faan1 pu5	肥皂泡沫
3452	八、器具、用品（5）其他生活用品/灰水	灰水	灰水	fui55 ʃui35	fui1 sui2	灰水
3453	八、器具、用品（5）其他生活用品/澄灰水	澄灰水	澄灰水	kʰeŋ21 fui55 ʃui35	king4 fui1 sui2	澄灰水1，濾草木灰水，用來洗衣服
3454	八、器具、用品（5）其他生活用品/澄灰水	隔灰水	隔灰水	kak3 fui55 ʃui35	gaak3 fui1 sui2	澄灰水2
3455	八、器具、用品（5）其他生活用品/淋灰水	滴灰水	滴灰水	tek5 fui55 ʃui35	dik1 fui1 sui2	淋灰水
3456	八、器具、用品（5）其他生活用品/洗衣粉	洗衫粉	洗衫粉	ɬɐi35 ʃam55 fɐn35	slai2 saam1 fan2	洗衣粉
3457	八、器具、用品（5）其他生活用品/蘇打	梳打	梳打	ʃɔ55 ta35	so1 daa2	蘇打，洗物用，英語soda
3458	八、器具、用品（5）其他生活用品/茶滓	茶滓	茶滓	tʃʰa21 tʃɐi35	caa4 zai2	茶滓1，訓讀「茶崽」，茶子榨油後的渣滓，洗頭或洗衣用，即「茶𣗺、茶子餅」
3459	八、器具、用品（5）其他生活用品/茶滓	茶滓餅	茶滓饼	tʃʰa21 tʃɐi35 pɛŋ35	caa4 zai2 beng2	茶滓2，訓讀「茶崽餅」
3460	八、器具、用品（5）其他生活用品/毛巾	毛巾	毛巾	mu21 kɐn55	mu4 gan1	毛巾1
3461	八、器具、用品（5）其他生活用品/毛巾	手巾	手巾	ʃɐu35 kɐn55	sau2 gan1	毛巾2
3462	八、器具、用品（5）其他生活用品/毛巾	面巾	面巾	min22 kɐn55	min6 gan1	毛巾3
3463	八、器具、用品（5）其他生活用品/大毛巾	大毛巾	大毛巾	tai22 mu21 kɐn55	daai6 mu4 gan1	大毛巾
3464	八、器具、用品（5）其他生活用品/牙刷	牙刷	牙刷	ŋa21 tʃʰat3	ngaa4 caat3	牙刷
3465	八、器具、用品（5）其他生活用品/擦腳布	腳巾	脚巾	kœk3 kɐn55	goek3 gan1	擦腳布1
3466	八、器具、用品（5）其他生活用品/擦腳布	抹腳布	抹脚布	mat3 kœk3 pu33	maat3 goek3 bu3	擦腳布2
3467	八、器具、用品（5）其他生活用品/擦腳布	腳布	脚布	kœk3 pu33	goek3 bu3	擦腳布3
3468	八、器具、用品（5）其他生活用品/氣燈	馬燈	马灯	ma24 tɐŋ55	maa5 dang1	氣燈
3469	八、器具、用品（5）其他生活用品/手電筒	電筒	电筒	tin22 tʰʊŋ21	din6 tung4	手電筒
3470	八、器具、用品（5）其他生活用品/電燈泡	電燈泡	电灯泡	tin22 tɐŋ55 pʰɛu55	din6 dang1 peu1	電燈泡1.1
3471	八、器具、用品（5）其他生活用品/電燈泡	電燈泡	电灯泡	tin22 tɐŋ55 pʰau55	din6 dang1 paau1	電燈泡1.2
3472	八、器具、用品（5）其他生活用品/電燈泡	電燈膽	电灯胆	tin22 tɐŋ55 tam35	din6 dang1 daam2	電燈泡2
3473	八、器具、用品（5）其他生活用品/電燈泡	燈膽	灯胆	tɐŋ55 tam35	dang1 daam2	電燈泡3
3474	八、器具、用品（5）其他生活用品/電線杆	電燈杉	电灯杉	tin22 tɐŋ55 tʃʰam33	din6 dang1 caam3	電線杆，舊時的電杆，過去電線杆多以杉木等木材做成，故名
3475	八、器具、用品（5）其他生活用品/蠟燭	蠟燭	蜡烛	lap2 tʃʊk5	laap6 zuk1	蠟燭
3476	八、器具、用品（5）其他生活用品/燭臺	燭臺	烛台	tʃʊk5 tʰɔi21	zuk1 toi4	燭臺
3477	八、器具、用品（5）其他生活用品/煤油燈	火油燈	火油灯	fɔ35 jɐu21 tɐŋ55	fo2 jau4 dang1	煤油燈1
3478	八、器具、用品（5）其他生活用品/煤油燈	油燈	油灯	jɐu21 tɐŋ55	jau4 dang1	煤油燈2
3479	八、器具、用品（5）其他生活用品/燈心	燈心	灯心	tɐŋ55 ɬɐm55	dang1 slam1	燈心
3480	八、器具、用品（5）其他生活用品/燈罩	燈通	灯通	tɐŋ55 tʰʊŋ55	dang1 tung1	燈罩1
3481	八、器具、用品（5）其他生活用品/燈罩	燈罩	灯罩	tɐŋ55 tʃɛu33	dang1 zeu3	燈罩2
3482	八、器具、用品（5）其他生活用品/燈盞	燈盞	灯盏	tɐŋ55 tʃɛn35	dang1 zen2	燈盞1
3483	八、器具、用品（5）其他生活用品/燈盞	燈座	灯座	tɐŋ55 tʃɔ22	dang1 zo6	燈盞2
3484	八、器具、用品（5）其他生活用品/燈草	燈心草	灯心草	tɐŋ55 ɬɐm55 tʃʰu35	dang1 slam1 cu2	燈草1
3485	八、器具、用品（5）其他生活用品/燈草	燈草	灯草	tɐŋ55 tʃʰu35	dang1 cu2	燈草2
3486	八、器具、用品（5）其他生活用品/燈油	燈油	灯油	tɐŋ55 jɐu21	dang1 jau4	燈油
3487	八、器具、用品（5）其他生活用品/燈籠	燈籠	灯笼	tɐŋ55 lʊŋ21	dang1 lung4	燈籠
3488	八、器具、用品（5）其他生活用品/手提包	手提袋	手提袋	ʃɐu35 tʰɐi21 tɔi22	sau2 tai4 doi6	手提包1
3489	八、器具、用品（5）其他生活用品/手提包	提包	提包	tʰɐi21 pɛu55	tai4 beu1	手提包2
3490	八、器具、用品（5）其他生活用品/塑料袋	塑料袋	塑料袋	ɬɔk3 liu35 tɔi22	slok3 liu2 doi6	塑料袋1
3491	八、器具、用品（5）其他生活用品/塑料袋	膠袋	胶袋	kɛu55 tɔi22	geu1 doi6	塑料袋2.1
3492	八、器具、用品（5）其他生活用品/塑料袋	膠袋	胶袋	kau55 tɔi22	gaau1 doi6	塑料袋2.2
3493	八、器具、用品（5）其他生活用品/手提籃	手搊	手搊	ʃɐu35 tʃʰɐu55	sau2 cau1	手提籃，買菜用的一種提籃，藤、草或塑料編織帶編的，俗作「手抽」
3494	八、器具、用品（5）其他生活用品/菜籃	菜籃	菜篮	tʃʰɔi33 lam21	coi3 laam4	菜籃1.1，泛指
3495	八、器具、用品（5）其他生活用品/菜籃	菜籃	菜篮	tʃʰɔi33 lam55	coi3 laam1	菜籃1.2，特指
3496	八、器具、用品（5）其他生活用品/錢包	銀包	银包	ŋɐn21 pɛu55	ngan4 beu1	錢包1
3497	八、器具、用品（5）其他生活用品/錢包	錢包	钱包	tʃʰin21 pɛu55	cin4 beu1	錢包2
3498	八、器具、用品（5）其他生活用品/圖章	私章	私章	ʃi55 tʃœŋ55	si1 zoeng1	圖章1.1，私人用的
3499	八、器具、用品（5）其他生活用品/圖章	私章	私章	sɿ55 tʃœŋ55	sy1 zoeng1	圖章1.2，私人用的
3500	八、器具、用品（5）其他生活用品/圖章	公章	公章	kʊŋ55 tʃœŋ55	gung1 zoeng1	圖章2
3501	八、器具、用品（5）其他生活用品/蓋章	抌印	抌印	tɐm35 jɐn33	dam2 jan3	蓋章
3502	八、器具、用品（5）其他生活用品/望遠鏡	望遠鏡	望远镜	mɔŋ22 jyn24 kɛŋ33	mong6 jyun5 geng3	望遠鏡1
3503	八、器具、用品（5）其他生活用品/望遠鏡	千里鏡	千里镜	tʃʰin55 li24 kɛŋ33	cin1 li5 geng3	望遠鏡2
3504	八、器具、用品（5）其他生活用品/漿糊	漿糊	浆糊	tʃœŋ55 wu21	zoeng1 wu4	漿糊
3505	八、器具、用品（5）其他生活用品/噴壺	花灑	花洒	fa55 ɬa35	faa1 slaa2	噴壺；淋浴噴頭，因外形似澆花用噴頭得名
3506	八、器具、用品（5）其他生活用品/彈花弓	彈花弓	弹花弓	tʰɛn21 fa55 kʊŋ55	ten4 faa1 gung1	彈花弓
3507	八、器具、用品（5）其他生活用品/彈花槌	彈槌	弹槌	tʰɛn21 tʃʰui21	ten4 cui4	彈花槌
3508	八、器具、用品（5）其他生活用品/彈棉花	彈棉花	弹棉花	tʰɛn21 min21 fa55	ten4 min4 faa1	彈棉花1
3509	八、器具、用品（5）其他生活用品/彈棉花	打棉胎	打棉胎	ta35 min21 tʰɔi55	daa2 min4 toi1	彈棉花2
3510	八、器具、用品（5）其他生活用品/頂針兒	頂針	顶针	teŋ35 tʃɐm55	ding2 zam1	頂針兒1
3511	八、器具、用品（5）其他生活用品/頂針兒	頂指	顶指	teŋ35 tʃi35	ding2 zi2	頂針兒2
3512	八、器具、用品（5）其他生活用品/線軸兒	車線	车线	tʃʰɛ55 ɬin33	ce1 slin3	線軸兒1
3513	八、器具、用品（5）其他生活用品/線軸兒	線碌	线碌	ɬin33 lʊk5	slin3 luk1	線軸兒2
3514	八、器具、用品（5）其他生活用品/線軸兒	車碌	车碌	tʃʰɛ55 lʊk5	ce1 luk1	線軸兒3
3515	八、器具、用品（5）其他生活用品/縫衣針	針	针	tʃɐm55	zam1	縫衣針1
3516	八、器具、用品（5）其他生活用品/縫衣針	衫針	衫针	ʃam55 tʃɐm55	saam1 zam1	縫衣針2
3517	八、器具、用品（5）其他生活用品/縫衣針	聯衫針	联衫针	lyn21 ʃam55 tʃɐm55	lyun4 saam1 zam1	縫衣針3.1
3518	八、器具、用品（5）其他生活用品/縫衣針	聯衫針	联衫针	lin21 ʃam55 tʃɐm55	lin4 saam1 zam1	縫衣針3.2
3519	八、器具、用品（5）其他生活用品/車針	車針	车针	tʃʰɛ55 tʃɐm55	ce1 zam1	車針，縫紉機用
3520	八、器具、用品（5）其他生活用品/織針	織針	织针	tʃek5 tʃɐm55	zik1 zam1	織針，打毛線衣物的工具，似針而粗長
3521	八、器具、用品（5）其他生活用品/繡花針	繡花針	绣花针	ɬɐu33 fa55 tʃɐm55	slau3 faa1 zam1	繡花針
3522	八、器具、用品（5）其他生活用品/納鞋針	鞋底針	鞋底针	hai21 tɐi35 tʃɐm55	haai4 dai2 zam1	納鞋針
3523	八、器具、用品（5）其他生活用品/針鼻兒	針眼	针眼	tʃɐm55 ŋɛn24	zam1 ngen5	針鼻兒1，針上引線的孔
3524	八、器具、用品（5）其他生活用品/針鼻兒	針窿	针窿	tʃɐm55 lʊŋ55	zam1 lung1	針鼻兒2
3525	八、器具、用品（5）其他生活用品/針尖	針口	针口	tʃɐm55 hɐu35	zam1 hau2	針尖
3526	八、器具、用品（5）其他生活用品/針腳	線步	线步	ɬin33 pu22	slin3 bu6	針腳1
3527	八、器具、用品（5）其他生活用品/針腳	針腳	针脚	tʃɐm55 kœk3	zam1 goek3	針腳2
3528	八、器具、用品（5）其他生活用品/穿針	穿針	穿针	tʃʰyn55 tʃɐm55	cyun1 zam1	穿針
3529	八、器具、用品（5）其他生活用品/錐子	錐	锥	jui55	jui1	錐子1
3530	八、器具、用品（5）其他生活用品/錐子	錐	锥	tʃui55	zui1	錐子2
3531	八、器具、用品（5）其他生活用品/耳挖子	耳挖	耳挖	ji24 wɛt3	ji5 wet3	耳挖子
3532	八、器具、用品（5）其他生活用品/洗衣板兒	洗衫板	洗衫板	ɬɐi35 ʃam55 pan35	slai2 saam1 baan2	洗衣板兒1
3533	八、器具、用品（5）其他生活用品/洗衣板兒	搓衫板	搓衫板	tʃʰɔ55 ʃam55 pan35	co1 saam1 baan2	洗衣板兒2
3534	八、器具、用品（5）其他生活用品/洗衣板兒	搓板	搓板	tʃʰɔ55 pan35	co1 baan2	洗衣板兒3
3535	八、器具、用品（5）其他生活用品/洗衣機	洗衣機	洗衣机	ɬɐi35 ji55 ki55	slai2 ji1 gi1	洗衣機
3536	八、器具、用品（5）其他生活用品/槌子	槌	槌	tʃʰui21	cui4	槌子1
3537	八、器具、用品（5）其他生活用品/槌子	䂿槌	䂿槌	tɐp2 tʃʰui21	dap6 cui4	槌子2
3538	八、器具、用品（5）其他生活用品/棒槌	衫槌	衫槌	ʃam55 tʃʰui21	saam1 cui4	棒槌，洗衣服用的
3539	八、器具、用品（5）其他生活用品/雞毛撣子	雞毛掃	鸡毛扫	kɐi55 mu21 ɬu33	gai1 mu4 slu3	雞毛撣子
3540	八、器具、用品（5）其他生活用品/扇子	扇	扇	ʃin33	sin3	扇子
3541	八、器具、用品（5）其他生活用品/蒲扇	葵扇	葵扇	kʷʰɐi21 ʃin33	kwai4 sin3	蒲扇1
3542	八、器具、用品（5）其他生活用品/蒲扇	大葵扇	大葵扇	tai22 kʷʰɐi21 ʃin33	daai6 kwai4 sin3	蒲扇2
3543	八、器具、用品（5）其他生活用品/紙扇	摺扇	折扇	tʃip3 ʃin33	zip3 sin3	紙扇1
3544	八、器具、用品（5）其他生活用品/紙扇	紙扇	纸扇	tʃi35 ʃin33	zi2 sin3	紙扇2
3545	八、器具、用品（5）其他生活用品/搧扇子	撥扇	拨扇	pʰut3 ʃin33	put3 sin3	搧扇子
3546	八、器具、用品（5）其他生活用品/棍子	棍	棍	kʷɐn33	gwan3	棍子
3547	八、器具、用品（5）其他生活用品/柺杖	柺棍	拐棍	kʷai35 kʷɐn33	gwaai2 gwan3	柺杖（中式的）
3548	八、器具、用品（5）其他生活用品/手杖	柺棍	拐棍	kʷai35 kʷɐn33	gwaai2 gwan3	手杖1（西式的）
3549	八、器具、用品（5）其他生活用品/手杖	士的棍	士的棍	ʃi22 tek5 kʷɐn33	si6 dik1 gwan3	手杖2.1（西式的），英語stick
3550	八、器具、用品（5）其他生活用品/手杖	士的棍	士的棍	sɿ22 tek5 kʷɐn33	sy6 dik1 gwan3	手杖2.2（西式的），英語stick
3551	八、器具、用品（5）其他生活用品/拄手杖	撐柺棍	撑拐棍	tʃʰaŋ55 kʷai35 kʷɐn33	caang1 gwaai2 gwan3	拄手杖
3552	八、器具、用品（5）其他生活用品/手紙	草紙	草纸	tʃʰu35 tʃi35	cu2 zi2	手紙1
3553	八、器具、用品（5）其他生活用品/手紙	萬金紙	万金纸	man22 kɐm55 tʃi35	maan6 gam1 zi2	手紙2
3554	八、器具、用品（5）其他生活用品/手紙	衛生紙	卫生纸	wɐi22 ʃaŋ55 tʃi35	wai6 saang1 zi2	手紙3
3555	八、器具、用品（5）其他生活用品/手紙	屙屎紙	屙屎纸	ɔ55 ʃi35 tʃi35	o1 si2 zi2	手紙4
3556	八、器具、用品（5）其他生活用品/手紙	抆屎紙	抆屎纸	mɐn35 ʃi35 tʃi35	man2 si2 zi2	手紙5.1
3557	八、器具、用品（5）其他生活用品/手紙	抆屎紙	抆屎纸	mɛn35 ʃi35 tʃi35	men2 si2 zi2	手紙5.2
3558	八、器具、用品（5）其他生活用品/手紙	抆尿紙	抆尿纸	mɐn35 niu22 tʃi35	man2 niu6 zi2	手紙6.1
3559	八、器具、用品（5）其他生活用品/手紙	抆尿紙	抆尿纸	mɛn35 niu22 tʃi35	men2 niu6 zi2	手紙6.2
3560	八、器具、用品（5）其他生活用品/衛生球	臭珠	臭珠	tʃʰɐu33 tʃy55	cau3 zyu1	衛生球，樟腦丸
3561	八、器具、用品（5）其他生活用品/盆景	盆景	盆景	pʰun21 keŋ35	pun4 ging2	盆景，分樹樁盆景和山水盆景，南寧盆景屬於嶺南盆景風格，見1985年《廣西特產風味指南》P143-144和1992年《南寧文史資料·總第十四輯（文化專輯）》P330-335
3562	九、稱謂（1）一般稱謂/男人	男人	男人	nam21 jɐn21	naam4 jan4	男人1
3563	九、稱謂（1）一般稱謂/男人	男人佬	男人佬	nam21 jɐn21 lu35	naam4 jan4 lu2	男人2
3564	九、稱謂（1）一般稱謂/女人	女人	女人	ny24 jɐn21	nyu5 jan4	女人1
3565	九、稱謂（1）一般稱謂/女人	女人婆	女人婆	ny24 jɐn21 pʰɔ21	nyu5 jan4 po4	女人2
3566	九、稱謂（1）一般稱謂/女人	婆乸	婆乸	pʰɔ21 na35	po4 naa2	女人3
3567	九、稱謂（1）一般稱謂/嬰兒	娃娃崽	娃娃崽	wa21 wa35 tʃɐi35	waa4 waa2 zai2	嬰兒1
3568	九、稱謂（1）一般稱謂/嬰兒	娃娃仔	娃娃仔	wa21 wa35 tʃɐi35	waa4 waa2 zai2	嬰兒1，同「娃娃崽」
3569	九、稱謂（1）一般稱謂/嬰兒	伢伢崽	伢伢崽	ŋa21 ŋa55 tʃɐi35	ngaa4 ngaa1 zai2	嬰兒2
3570	九、稱謂（1）一般稱謂/嬰兒	伢伢仔	伢伢仔	ŋa21 ŋa55 tʃɐi35	ngaa4 ngaa1 zai2	嬰兒2，同「伢伢崽」
3571	九、稱謂（1）一般稱謂/小孩兒	細蚊崽	细蚊崽	ɬɐi33 mɐn55 tʃɐi35	slai3 man1 zai2	小孩兒1，當源自「細文崽」
3572	九、稱謂（1）一般稱謂/小孩兒	細蚊仔	细蚊仔	ɬɐi33 mɐn55 tʃɐi35	slai3 man1 zai2	小孩兒1，同「細蚊崽」
3573	九、稱謂（1）一般稱謂/小孩兒	鬼崽	鬼崽	kʷɐi35 tʃɐi35	gwai2 zai2	小孩兒2
3574	九、稱謂（1）一般稱謂/小孩兒	鬼仔	鬼仔	kʷɐi35 tʃɐi35	gwai2 zai2	小孩兒2，同「鬼崽」
3575	九、稱謂（1）一般稱謂/小孩兒	鬼嘢	鬼嘢	kʷɐi35 jɛ24	gwai2 je5	小孩兒3，本字「鬼兒」
3576	九、稱謂（1）一般稱謂/小孩兒	鬼兒	鬼儿	kʷɐi35 ji55	gwai2 ji1	小孩兒4，老派
3577	九、稱謂（1）一般稱謂/小孩兒	細鬼	细鬼	ɬɐi33 kʷɐi35	slai3 gwai2	小孩兒5
3578	九、稱謂（1）一般稱謂/小孩兒	細佬哥	细佬哥	ɬɐi33 lu35 kɔ55	slai3 lu2 go1	小孩兒6
3579	九、稱謂（1）一般稱謂/小孩兒	細屎窟	细屎窟	ɬɐi33 ʃi35 fɐt5	slai3 si2 fat1	小孩兒7
3580	九、稱謂（1）一般稱謂/小孩兒	臊蝦崽	臊虾崽	ɬu55 ha55 tʃɐi35	slu1 haa1 zai2	小孩兒8
3581	九、稱謂（1）一般稱謂/小孩兒	臊蝦仔	臊虾仔	ɬu55 ha55 tʃɐi35	slu1 haa1 zai2	小孩兒8，同「臊蝦崽」
3582	九、稱謂（1）一般稱謂/老成的小孩	老人精	老人精	lu24 jɐn21 tʃeŋ55	lu5 jan4 zing1	老成的孩子，小精靈
3583	九、稱謂（1）一般稱謂/男孩兒	男崽	男崽	nam21 tʃɐi35	naam4 zai2	男孩兒
3584	九、稱謂（1）一般稱謂/男孩兒	男仔	男仔	nam21 tʃɐi35	naam4 zai2	男孩兒，同「男崽」
3585	九、稱謂（1）一般稱謂/女孩兒	女崽	女崽	ny24 tʃɐi35	nyu5 zai2	女孩兒1
3586	九、稱謂（1）一般稱謂/女孩兒	女仔	女仔	ny24 tʃɐi35	nyu5 zai2	女孩兒1，同「女崽」
3587	九、稱謂（1）一般稱謂/女孩兒	妹崽	妹崽	mui55 tʃɐi35	mui1 zai2	女孩兒2
3588	九、稱謂（1）一般稱謂/女孩兒	妹仔	妹仔	mui55 tʃɐi35	mui1 zai2	女孩兒2，同「妹崽」
3589	九、稱謂（1）一般稱謂/女孩兒	妹丁	妹丁	mui55 tɛŋ55	mui1 deng1	女孩兒3
3590	九、稱謂（1）一般稱謂/心肝寶貝	心肝椗	心肝椗	ɬɐm55 kɔn55 tɛŋ33	slam1 gon1 deng3	心肝寶貝1
3591	九、稱謂（1）一般稱謂/心肝寶貝	寶貝	宝贝	pu35 pui33	bu2 bui3	心肝寶貝2
3592	九、稱謂（1）一般稱謂/老頭兒	老大	老大	lu24 tai35	lu5 daai2	老頭兒1
3593	九、稱謂（1）一般稱謂/老頭兒	伯爺公	伯爷公	pak3 jɛ55 kʊŋ55	baak3 je1 gung1	老頭兒2
3594	九、稱謂（1）一般稱謂/老頭兒	阿公	阿公	a33 kʊŋ55	aa3 gung1	老頭兒3
3595	九、稱謂（1）一般稱謂/老頭兒	公姼	公姼	kʊŋ55 ti55	gung1 di1	老頭兒4，已罕用，「姼」章組讀如端組
3596	九、稱謂（1）一般稱謂/老太婆	老大	老大	lu24 tai35	lu5 daai2	老太婆1
3597	九、稱謂（1）一般稱謂/老太婆	伯爺婆	伯爷婆	pak3 jɛ55 pʰɔ21	baak3 je1 po4	老太婆2
3598	九、稱謂（1）一般稱謂/老太婆	阿婆	阿婆	a33 pʰɔ21	aa3 po4	老太婆3
3599	九、稱謂（1）一般稱謂/老太婆	婆姼	婆姼	pʰɔ21 ti55	po4 di1	老太婆4，已罕用，「姼」章組讀如端組
3600	九、稱謂（1）一般稱謂/老傢伙	老㞓殼	老㞓壳	lu24 hɐi55 hɔk3	lu5 hai1 hok3	老傢伙1，貶義
3601	九、稱謂（1）一般稱謂/老傢伙	老餅	老饼	lu24 pɛŋ35	lu5 beng2	老傢伙2，貶義
3602	九、稱謂（1）一般稱謂/老傢伙	老腏	老腏	lu24 tʃʰɔt2	lu5 cot6	老傢伙3，貶義
3603	九、稱謂（1）一般稱謂/老傢伙	老㞓	老㞓	lu24 hɐi55	lu5 hai1	老傢伙4，貶義
3604	九、稱謂（1）一般稱謂/老人家	老大	老大	lu24 tai35	lu5 daai2	老人家1
3605	九、稱謂（1）一般稱謂/老人家	老人家	老人家	lu24 jɐn21 ka55	lu5 jan4 gaa1	老人家2
3606	九、稱謂（1）一般稱謂/老人家	老嘢	老嘢	lu24 jɛ24	lu5 je5	老人家3，貶義
3607	九、稱謂（1）一般稱謂/老人家	老坑	老坑	lu24 haŋ55	lu5 haang1	老人家4，貶義
3608	九、稱謂（1）一般稱謂/老人家	老坑公	老坑公	lu24 haŋ55 kʊŋ55	lu5 haang1 gung1	老人家5，貶義，老頭子
3609	九、稱謂（1）一般稱謂/老人家	老坑婆	老坑婆	lu24 haŋ55 pʰɔ21	lu5 haang1 po4	老人家6，貶義，老太婆
3610	九、稱謂（1）一般稱謂/老人家	老屎窟	老屎窟	lu24 ʃi35 fɐt5	lu5 si2 fat1	老人家7，貶義
3611	九、稱謂（1）一般稱謂/（年長的）婦人	師奶	师奶	ʃi55 nai55	si1 naai1	（年長的）婦人1.1，尊稱
3612	九、稱謂（1）一般稱謂/（年長的）婦人	師奶	师奶	sɿ55 nai55	sy1 naai1	（年長的）婦人1.2，尊稱
3613	九、稱謂（1）一般稱謂/老人像小孩	老人當細蚊	老人当细蚊	lu24 jɐn21 tɔŋ33 ɬɐi33 mɐn55	lu5 jan4 dong3 slai3 man1	老人像小孩，俗語，形容老人的性格像稚嫩的孩子
3614	九、稱謂（1）一般稱謂/小夥子	後生崽	后生崽	hɐu22 ʃaŋ55 tʃɐi35	hau6 saang1 zai2	小夥子1
3615	九、稱謂（1）一般稱謂/小夥子	後生仔	后生仔	hɐu22 ʃaŋ55 tʃɐi35	hau6 saang1 zai2	小夥子1，同「後生崽」
3616	九、稱謂（1）一般稱謂/小夥子	後生哥	后生哥	hɐu22 ʃaŋ55 kɔ55	hau6 saang1 go1	小夥子2
3617	九、稱謂（1）一般稱謂/小夥子	笭崽	笭崽	leŋ55 tʃɐi35	ling1 zai2	小夥子3.1，貶義，本義背篼嬰
3618	九、稱謂（1）一般稱謂/小夥子	笭仔	笭仔	leŋ55 tʃɐi35	ling1 zai2	小夥子3.1，貶義，同「笭崽」
3619	九、稱謂（1）一般稱謂/小夥子	笭崽	笭崽	lɛŋ55 tʃɐi35	leng1 zai2	小夥子3.2，貶義，本義背篼嬰
3620	九、稱謂（1）一般稱謂/小夥子	笭仔	笭仔	lɛŋ55 tʃɐi35	leng1 zai2	小夥子3.2，貶義，同「笭崽」
3621	九、稱謂（1）一般稱謂/處男	青瓜崽	青瓜崽	tʃʰɛŋ55 kʷa55 tʃɐi35	ceng1 gwaa1 zai2	處男
3622	九、稱謂（1）一般稱謂/處男	青瓜仔	青瓜仔	tʃʰɛŋ55 kʷa55 tʃɐi35	ceng1 gwaa1 zai2	處男，同「青瓜崽」
3623	九、稱謂（1）一般稱謂/姑娘	姑娘	姑娘	ku55 nœŋ55	gu1 noeng1	姑娘1
3624	九、稱謂（1）一般稱謂/姑娘	姑娘崽	姑娘崽	ku55 nœŋ55 tʃɐi35	gu1 noeng1 zai2	姑娘2
3625	九、稱謂（1）一般稱謂/姑娘	姑娘仔	姑娘仔	ku55 nœŋ55 tʃɐi35	gu1 noeng1 zai2	姑娘2，同「姑娘崽」
3626	九、稱謂（1）一般稱謂/姑娘	後生女	后生女	hɐu22 ʃaŋ55 ny35	hau6 saang1 nyu2	姑娘3
3627	九、稱謂（1）一般稱謂/姑娘	妹崽	妹崽	mui55 tʃɐi35	mui1 zai2	姑娘4
3628	九、稱謂（1）一般稱謂/姑娘	妹仔	妹仔	mui55 tʃɐi35	mui1 zai2	姑娘4，同「妹崽」
3629	九、稱謂（1）一般稱謂/姑娘	後生妹	后生妹	hɐu22 ʃaŋ55 mui55	hau6 saang1 mui1	姑娘5
3630	九、稱謂（1）一般稱謂/令尊	你爸	你爸	ni24 pa55	ni5 baa1	令尊1
3631	九、稱謂（1）一般稱謂/令尊	你老竇	你老窦	ni24 lu24 tɐu22	ni5 lu5 dau6	令尊2
3632	九、稱謂（1）一般稱謂/家父	我老竇	我老窦	ŋɔ24 lu24 tɐu22	ngo5 lu5 dau6	家父1
3633	九、稱謂（1）一般稱謂/家父	我老嘢	我老嘢	ŋɔ24 lu24 jɛ24	ngo5 lu5 je5	家父2
3634	九、稱謂（1）一般稱謂/他父親	佢老竇	佢老窦	kʰy24 lu24 tɐu22	kyu5 lu5 dau6	他父親，他爸
3635	九、稱謂（1）一般稱謂/令堂	你媽	你妈	ni24 ma55	ni5 maa1	令堂1
3636	九、稱謂（1）一般稱謂/令堂	你老乸	你老乸	ni24 lu24 na35	ni5 lu5 naa2	令堂2
3637	九、稱謂（1）一般稱謂/令郎	你嘅崽	你嘅崽	ni24 ɛ33 tʃɐi35	ni5 e3 zai2	令郎
3638	九、稱謂（1）一般稱謂/令郎	你嘅仔	你嘅仔	ni24 ɛ33 tʃɐi35	ni5 e3 zai2	令郎，同「你嘅崽」
3639	九、稱謂（1）一般稱謂/我兒子	我嘅崽	我嘅崽	ŋɔ24 ɛ33 tʃɐi35	ngo5 e3 zai2	我兒子
3640	九、稱謂（1）一般稱謂/我兒子	我嘅仔	我嘅仔	ŋɔ24 ɛ33 tʃɐi35	ngo5 e3 zai2	我兒子，同「我嘅崽」
3641	九、稱謂（1）一般稱謂/令愛	你嘅女	你嘅女	ni24 ɛ33 ny35	ni5 e3 nyu2	令愛
3642	九、稱謂（1）一般稱謂/我女兒	我嘅女	我嘅女	ŋɔ24 ɛ33 ny35	ngo5 e3 nyu2	我女兒
3643	九、稱謂（1）一般稱謂/家母	我媽	我妈	ŋɔ24 ma55	ngo5 maa1	家母1
3644	九、稱謂（1）一般稱謂/家母	我老乸	我老乸	ŋɔ24 lu24 na35	ngo5 lu5 naa2	家母2
3645	九、稱謂（1）一般稱謂/令兄	你大佬	你大佬	ni24 tai22 lu35	ni5 daai6 lu2	令兄
3646	九、稱謂（1）一般稱謂/家兄	我大佬	我大佬	ŋɔ24 tai22 lu35	ngo5 daai6 lu2	家兄
3647	九、稱謂（1）一般稱謂/令弟	你細佬	你细佬	ni24 ɬɐi33 lu35	ni5 slai3 lu2	令弟
3648	九、稱謂（1）一般稱謂/舍弟	我細佬	我细佬	ŋɔ24 ɬɐi33 lu35	ngo5 slai3 lu2	舍弟
3649	九、稱謂（1）一般稱謂/令姐	你大姐	你大姐	ni24 tai22 tʃɛ35	ni5 daai6 ze2	令姐
3650	九、稱謂（1）一般稱謂/家姐	我大姐	我大姐	ŋɔ24 tai22 tʃɛ35	ngo5 daai6 ze2	家姐1
3651	九、稱謂（1）一般稱謂/家姐	我家姐	我家姐	ŋɔ24 ka55 tʃɛ55	ngo5 gaa1 ze1	家姐2
3652	九、稱謂（1）一般稱謂/令妹	你細妹	你细妹	ni24 ɬɐi33 mui22	ni5 slai3 mui6	令妹
3653	九、稱謂（1）一般稱謂/舍妹	我細妹	我细妹	ŋɔ24 ɬɐi33 mui22	ngo5 slai3 mui6	舍妹
3654	九、稱謂（1）一般稱謂/城裏人	街上人	街上人	kai55 ʃœŋ22 jɐn21	gaai1 soeng6 jan4	城裏人1
3655	九、稱謂（1）一般稱謂/城裏人	城市人	城市人	ʃeŋ21 ʃi24 jɐn21	sing4 si5 jan4	城裏人2
3656	九、稱謂（1）一般稱謂/鄉巴佬	耽佬	耽佬	nɐm55 lu35	nam1 lu2	鄉巴佬1，「耽」字端組旁轉，由遲延義引申爲遲鈍，進而引申爲土氣、土包子
3657	九、稱謂（1）一般稱謂/鄉巴佬	嚗佬	嚗佬	pɔk5 lu35	bok1 lu2	鄉巴佬2，源自「灰撲撲（土氣、不顯眼）」，「撲」轉讀如「㩧/嚗」
3658	九、稱謂（1）一般稱謂/鄉巴佬	村佬	村佬	tʃʰyn55 lu35	cyun1 lu2	鄉巴佬3
3659	九、稱謂（1）一般稱謂/鄉巴佬	鄉下佬	乡下佬	hœŋ55 ha35 lu35	hoeng1 haa2 lu2	鄉巴佬4
3660	九、稱謂（1）一般稱謂/鄉巴佬	黑頸	黑颈	hɐk5 kɛŋ35	hak1 geng2	鄉巴佬5，可兼指男女
3661	九、稱謂（1）一般稱謂/鄉巴佬	耽㞓	耽㞓	nɐm55 hɐi55	nam1 hai1	鄉巴佬6，可兼指男女
3662	九、稱謂（1）一般稱謂/鄉巴佬	耽崽	耽崽	nɐm55 tʃɐi35	nam1 zai2	鄉巴佬7，指男性
3663	九、稱謂（1）一般稱謂/鄉巴佬	耽仔	耽仔	nɐm55 tʃɐi35	nam1 zai2	鄉巴佬7，指男性，同「耽崽」
3664	九、稱謂（1）一般稱謂/鄉巴佬	耽腏	耽腏	nɐm55 tʃʰɔt2	nam1 cot6	鄉巴佬8，可兼指男女
3665	九、稱謂（1）一般稱謂/鄉巴佬	瓜佬	瓜佬	kʷa55 lu35	gwaa1 lu2	鄉巴佬9
3666	九、稱謂（1）一般稱謂/鄉巴佬	山佬	山佬	ʃan55 lu35	saan1 lu2	鄉巴佬10
3667	九、稱謂（1）一般稱謂/鄉下人	農村人	农村人	nʊŋ21 tʃʰyn55 jɐn21	nung4 cyun1 jan4	鄉下人1
3668	九、稱謂（1）一般稱謂/鄉下人	鄉下佬	乡下佬	hœŋ55 ha35 lu35	hoeng1 haa2 lu2	鄉下人2
3669	九、稱謂（1）一般稱謂/鄉下人	鄉下人	乡下人	hœŋ55 ha35 jɐn21	hoeng1 haa2 jan4	鄉下人3
3670	九、稱謂（1）一般稱謂/客家人	客家人	客家人	hak3 ka55 jɐn21	haak3 gaa1 jan4	客家人
3671	九、稱謂（1）一般稱謂/客家話	𠊎話	𠊎话	ŋai55 wa22	ngaai1 waa6	客家話1，「𠊎」的本字爲「我」，摹客家音，以客家話中我的發音來指代客家
3672	九、稱謂（1）一般稱謂/客家話	客家話	客家话	haak3 gaa1 waa6	haak3 gaa1 waa6	客家話2
3673	九、稱謂（1）一般稱謂/北方男子	撈佬	捞佬	lau55 lu35	laau1 lu2	北方男子，俗稱，「撈」源自老兄的「老」的官話摹音
3674	九、稱謂（1）一般稱謂/北方男孩	撈崽	捞崽	lau55 tʃɐi35	laau1 zai2	北方男孩，俗稱
3675	九、稱謂（1）一般稱謂/北方男孩	撈仔	捞仔	lau55 tʃɐi35	laau1 zai2	北方男孩，俗稱，同「撈崽」
3676	九、稱謂（1）一般稱謂/北方女子	撈婆	捞婆	lau55 pʰɔ21	laau1 po4	北方女子，俗稱
3677	九、稱謂（1）一般稱謂/北方女孩	撈妹	捞妹	lau55 mui55	laau1 mui1	北方女孩，俗稱
3678	九、稱謂（1）一般稱謂/北方話	撈話	捞话	lau55 wa22	laau1 waa6	北方話，俗稱
3679	九、稱謂（1）一般稱謂/北方佬	撈㞓	捞㞓	lau55 hɐi55	laau1 hai1	北方佬，可兼指男女
3680	九、稱謂（1）一般稱謂/一家子	本家	本家	pun35 ka55	bun2 gaa1	一家子1
3681	九、稱謂（1）一般稱謂/一家子	同宗	同宗	tʰʊŋ21 tʃʊŋ55	tung4 zung1	一家子2
3682	九、稱謂（1）一般稱謂/外地人	外路人	外路人	ŋɔi22 lu22 jɐn21	ngoi6 lu6 jan4	外地人1
3683	九、稱謂（1）一般稱謂/外地人	外鄉人	外乡人	ŋɔi22 hœŋ55 jɐn21	ngoi6 hoeng1 jan4	外地人2
3684	九、稱謂（1）一般稱謂/外地人	外地人	外地人	ŋɔi22 ti22 jɐn21	ngoi6 di6 jan4	外地人3
3685	九、稱謂（1）一般稱謂/本地人	本地人	本地人	pun35 ti22 jɐn21	bun2 di6 jan4	本地人
3686	九、稱謂（1）一般稱謂/南寧人	南寧人	南宁人	nam21 neŋ21 jɐn21	naam4 ning4 jan4	南寧人，母語爲南寧白話或南寧平話且生活在南寧城區或郊區的本土居民
3687	九、稱謂（1）一般稱謂/南寧市民	南寧市民	南宁市民	nam21 neŋ21 ʃi24 mɐn21	naam4 ning4 si5 man4	南寧市民，擁有南寧戶籍或暫住南寧的居民
3688	九、稱謂（1）一般稱謂/白話	白話	白话	pak2 wa22	baak6 waa6	白話，漢語之一，兩廣世代使用該語言者對母語的稱呼，直譯爲「通用之話」義，學術界歸類爲「粵語」
3689	九、稱謂（1）一般稱謂/南寧白話	南寧白話	南宁白话	nam21 neŋ21 pak2 wa22	naam4 ning4 baak6 waa6	南寧白話，指南寧城內的白話，是城內南寧人的母語
3690	九、稱謂（1）一般稱謂/平話	平話	平话	pʰeŋ21 wa22	ping4 waa6	平話，漢語之一，廣西分佈廣泛，有多種別稱，以南寧郊區的平話爲代表，「桂南平話」學術界大多歸類爲「粵語」
3691	九、稱謂（1）一般稱謂/南寧平話	南寧平話	南宁平话	nam21 neŋ21 pʰeŋ21 wa22	naam4 ning4 ping4 waa6	南寧平話，指南寧地區的平話，比如：亭子平話、沙井平話、心墟平話、石埠平話等等，以亭子平話爲代表
3692	九、稱謂（1）一般稱謂/粵語	粵語	粤语	jyt2 jy24	jyut6 jyu5	粵語，學術界對分佈於兩廣一帶具有下列八個特徵的漢語的統稱：（1）古全濁聲母清化，今讀塞音塞擦音無普遍規律（以平上送氣去入不送氣及一律不送氣兩種爲常見）；（2）有[-m] [-n] [-ŋ]和[-p] [-t] [-k]塞音韻尾，且相配整齊；（3）古非敷奉母無明顯保留雙脣音現象，古微母保留雙脣音[m-]；（4）舌根音聲母[k kh h]在前高元音前不齶化，溪母部分字擦化，混同曉母；（5）疑母洪音多讀[ŋ]，疑母細音齶化与日母合併讀[ȵ]；（6）開口韻攝一二等多能保持一定對立；（7）在複合韻母中元音[a]有長短之別；（8）古平上去入依聲母清濁分陰陽，保留濁上調或底層調位有濁上調（均含次濁上字），入聲二次分化（以9個調常見）。
3693	九、稱謂（1）一般稱謂/官話	官話	官话	kun55 wa22	gun1 waa6	官話
3694	九、稱謂（1）一般稱謂/南寧官話（邕州官話）	南寧官話	南宁官话	nam21 neŋ21 kun55 wa22	naam4 ning4 gun1 waa6	南寧官話（邕州官話）
3695	九、稱謂（1）一般稱謂/同鄉	同鄉	同乡	tʰʊŋ21 hœŋ55	tung4 hoeng1	同鄉1
3696	九、稱謂（1）一般稱謂/同鄉	鄉里	乡里	hœŋ55 li24	hoeng1 li5	同鄉2
3697	九、稱謂（1）一般稱謂/外國人	外國佬	外国佬	ŋɔi22 kɔk3 lu35	ngoi6 gok3 lu2	外國人1
3698	九、稱謂（1）一般稱謂/外國人	鬼佬	鬼佬	kʷɐi35 lu35	gwai2 lu2	外國人2，貶義
3699	九、稱謂（1）一般稱謂/外國人	番鬼佬	番鬼佬	fan55 kʷɐi35 lu35	faan1 gwai2 lu2	外國人3，貶義
3700	九、稱謂（1）一般稱謂/外國人	番鬼崽	番鬼崽	fan55 kʷɐi35 tʃɐi35	faan1 gwai2 zai2	外國人4，貶義，指外國小孩兒
3701	九、稱謂（1）一般稱謂/外國人	番鬼仔	番鬼仔	fan55 kʷɐi35 tʃɐi35	faan1 gwai2 zai2	外國人5，貶義，指外國小孩兒，同「番鬼崽」
3702	九、稱謂（1）一般稱謂/外國人	鬼婆	鬼婆	kʷɐi35 pʰɔ21	gwai2 po4	外國人6，貶義，指外國女性
3703	九、稱謂（1）一般稱謂/外國人	番鬼婆	番鬼婆	fan55 kʷɐi35 pʰɔ21	faan1 gwai2 po4	外國人7，貶義，指外國女性
3704	九、稱謂（1）一般稱謂/外國人	鬼妹	鬼妹	kʷɐi35 mui55	gwai2 mui1	外國人8，貶義，指外國女孩兒
3705	九、稱謂（1）一般稱謂/外國人	番鬼妹	番鬼妹	fan55 kʷɐi35 mui55	faan1 gwai2 mui1	外國人9，貶義，指外國女孩兒
3706	九、稱謂（1）一般稱謂/自己人	自己人	自己人	tʃi22 ki35 jɐn21	zi6 gi2 jan4	自己人1.1
3707	九、稱謂（1）一般稱謂/自己人	自己人	自己人	tsɿ22 ki35 jɐn21	zy6 gi2 jan4	自己人1.2
3708	九、稱謂（1）一般稱謂/自己人	自己人	自己人	tʃi22 ki55 jɐn21	zi6 gi1 jan4	自己人1.3
3709	九、稱謂（1）一般稱謂/自己人	自己人	自己人	tsɿ22 ki55 jɐn21	zy6 gi1 jan4	自己人1.4
3710	九、稱謂（1）一般稱謂/家裏人	屋企人	屋企人	ʊk5 kʰi35 jɐn21	uk1 ki2 jan4	家裏人1
3711	九、稱謂（1）一般稱謂/家裏人	屋底人	屋底人	ʊk5 tɐi35 jɐn21	uk1 dai2 jan4	家裏人2
3712	九、稱謂（1）一般稱謂/外人	外人	外人	ŋɔi22 jɐn21	ngoi6 jan4	外人1
3713	九、稱謂（1）一般稱謂/外人	外底人	外底人	ŋɔi22 tɐi35 jɐn21	ngoi6 dai2 jan4	外人2
3714	九、稱謂（1）一般稱謂/生人	生人	生人	ʃaŋ55 jɐn21	saang1 jan4	生人1
3715	九、稱謂（1）一般稱謂/生人	生面人	生面人	ʃaŋ55 min22 jɐn21	saang1 min6 jan4	生人2
3716	九、稱謂（1）一般稱謂/熟人	熟人	熟人	ʃʊk2 jɐn21	suk6 jan4	熟人
3717	九、稱謂（1）一般稱謂/客人	客人	客人	hak3 jɐn21	haak3 jan4	客人1
3718	九、稱謂（1）一般稱謂/客人	客	客	hak3	haak3	客人2
3719	九、稱謂（1）一般稱謂/客人	人客	人客	jɐn21 hak3	jan4 haak3	客人3
3720	九、稱謂（1）一般稱謂/茶客	茶客	茶客	tʃʰa21 hak3	caa4 haak3	茶客，吃早茶的客人
3721	九、稱謂（1）一般稱謂/同庚	同年	同年	tʰʊŋ21 nin21	tung4 nin4	同庚1
3722	九、稱謂（1）一般稱謂/同庚	老同	老同	lu24 tʰʊŋ21	lu5 tung4	同庚2
3723	九、稱謂（1）一般稱謂/內行	在行	在行	tʃɔi22 hɔŋ21	zoi6 hong4	內行1
3724	九、稱謂（1）一般稱謂/內行	熟行	熟行	ʃʊk2 hɔŋ21	suk6 hong4	內行2
3725	九、稱謂（1）一般稱謂/內行	老行	老行	lu24 hɔŋ21	lu5 hong4	內行3
3726	九、稱謂（1）一般稱謂/內行	老辣	老辣	lu24 la35	lu5 laa2	內行4
3727	九、稱謂（1）一般稱謂/外行	外行	外行	ŋɔi22 hɔŋ21	ngoi6 hong4	外行1
3728	九、稱謂（1）一般稱謂/外行	冇在行	冇在行	mu24 tʃɔi22 hɔŋ21	mu5 zoi6 hong4	外行2
3729	九、稱謂（1）一般稱謂/外行	冇熟行	冇熟行	mu24 ʃʊk2 hɔŋ21	mu5 suk6 hong4	外行3
3730	九、稱謂（1）一般稱謂/半瓶醋	半桶水	半桶水	pun33 tʰʊŋ35 ʃui35	bun3 tung2 sui2	半瓶醋
3731	九、稱謂（1）一般稱謂/同行是冤家	同行如敵國	同行如敌国	tʰʊŋ21 hɔŋ21 jy21 tek2 kɔk3	tung4 hong4 jyu4 dik6 gok3	同行是冤家，俗語
3732	九、稱謂（1）一般稱謂/薦頭	介紹人	介绍人	kai33 ʃiu22 jɐn21	gaai3 siu6 jan4	薦頭1，介紹傭人、奶媽等的介紹人
3733	九、稱謂（1）一般稱謂/薦頭	中間人	中间人	tʃʊŋ55 kɛn55 jɐn21	zung1 gen1 jan4	薦頭2
3734	九、稱謂（1）一般稱謂/薦頭	中介	中介	tʃʊŋ55 kai33	zung1 gaai3	薦頭3
3735	九、稱謂（1）一般稱謂/薦頭	中人	中人	tʃʊŋ55 jɐn21	zung1 jan4	薦頭4
3736	九、稱謂（1）一般稱謂/佣錢	佣銀	佣银	jʊŋ35 ŋɐn21	jung2 ngan4	佣錢、佣金1
3737	九、稱謂（1）一般稱謂/佣錢	手續費	手续费	ʃɐu35 tʃʊk2 fɐi33	sau2 zuk6 fai3	佣錢、佣金2
3738	九、稱謂（1）一般稱謂/回扣	回扣	回扣	wui21 kʰɐu33	wui4 kau3	回扣
3739	九、稱謂（1）一般稱謂/單身漢	寡佬	寡佬	kʷa35 lu35	gwaa2 lu2	單身漢1
3740	九、稱謂（1）一般稱謂/單身漢	寡公佬	寡公佬	kʷa35 kʊŋ55 lu35	gwaa2 gung1 lu2	單身漢2
3741	九、稱謂（1）一般稱謂/單身漢	單身漢	单身汉	tan55 ʃɐn55 hɔn33	daan1 san1 hon3	單身漢3
3742	九、稱謂（1）一般稱謂/單身漢	單身寡佬	单身寡佬	tan55 ʃɐn55 kʷa35 lu35	daan1 san1 gwaa2 lu2	單身漢4
3743	九、稱謂（1）一般稱謂/老姑娘	老女	老女	lu24 ny24	lu5 nyu5	老姑娘1
3744	九、稱謂（1）一般稱謂/老姑娘	老姑婆	老姑婆	lu24 ku55 pʰɔ21	lu5 gu1 po4	老姑娘2
3745	九、稱謂（1）一般稱謂/童養媳	妹崽	妹崽	mui55 tʃɐi35	mui1 zai2	童養媳1
3746	九、稱謂（1）一般稱謂/童養媳	妹仔	妹仔	mui55 tʃɐi35	mui1 zai2	童養媳1，同「妹崽」
3747	九、稱謂（1）一般稱謂/二婚頭	二婚	二婚	ji22 wɐn55	ji6 wan1	二婚頭1.1
3748	九、稱謂（1）一般稱謂/二婚頭	二婚	二婚	ji22 fɐn55	ji6 fan1	二婚頭1.2
3749	九、稱謂（1）一般稱謂/二婚頭	返頭婆	返头婆	fan55 tʰɐu21 pʰɔ21	faan1 tau4 po4	二婚頭2，俗作「翻頭婆」
3750	九、稱謂（1）一般稱謂/寡婦	寡母婆	寡母婆	kʷa35 mu24 pʰɔ21	gwaa2 mu5 po4	寡婦
3751	九、稱謂（1）一般稱謂/婊子	老舉婆	老举婆	lu24 ky35 pʰɔ21	lu5 gyu2 po4	婊子1，「舉」爲「妓女」的合音
3752	九、稱謂（1）一般稱謂/婊子	姣婆	姣婆	hɛu21 pʰɔ21	heu4 po4	婊子2
3753	九、稱謂（1）一般稱謂/妓女	老舉婆	老举婆	lu24 ky35 pʰɔ21	lu5 gyu2 po4	妓女1，「舉」爲「妓女」的合音
3754	九、稱謂（1）一般稱謂/妓女	雞婆	鸡婆	kɐi55 pʰɔ21	gai1 po4	妓女2
3755	九、稱謂（1）一般稱謂/妓女	老舉	老举	lu24 ky35	lu5 gyu2	妓女3，「舉」爲「妓女」的合音
3756	九、稱謂（1）一般稱謂/鴇母、老鴇	龜婆	龟婆	kʷɐi55 pʰɔ21	gwai1 po4	鴇母、老鴇
3757	九、稱謂（1）一般稱謂/王八（妻子有外遇的人；妓院男老闆）	龜公	龟公	kʷɐi55 kʊŋ55	gwai1 gung1	王八（妻子有外遇的人；妓院男老闆）
3758	九、稱謂（1）一般稱謂/色鬼	鹹溼公	咸湿公	hɛm21 ʃɐp5 kʊŋ55	hem4 sap1 gung1	色鬼1，好色、下流的男人
3759	九、稱謂（1）一般稱謂/色鬼	扒灰佬	扒灰佬	pʰa21 fui55 lu35	paa4 fui1 lu2	色鬼2，指與兒媳婦私通者
3760	九、稱謂（1）一般稱謂/色鬼	鹹溼佬	咸湿佬	hɛm21 ʃɐp5 lu35	hem4 sap1 lu2	色鬼3
3761	九、稱謂（1）一般稱謂/色鬼	麻甩佬	麻甩佬	ma21 lɐt5 lu35	maa4 lat1 lu2	色鬼4
3762	九、稱謂（1）一般稱謂/姘頭	老契	老契	lu24 kʰɐi33	lu5 kai3	姘頭
3763	九、稱謂（1）一般稱謂/嫖妓	嫖騇	嫖騇	pʰiu21 ʃɛ33	piu4 se3	嫖妓
3764	九、稱謂（1）一般稱謂/嫖客	嫖客	嫖客	pʰiu21 hak3	piu4 haak3	嫖客1
3765	九、稱謂（1）一般稱謂/嫖客	嫖騇公	嫖騇公	pʰiu21 ʃɛ33 kʊŋ55	piu4 se3 gung1	嫖客2
3766	九、稱謂（1）一般稱謂/找漢子	搵佬	揾佬	wɐn35 lu35	wan2 lu2	找漢子
3767	九、稱謂（1）一般稱謂/找姘頭	搵老契	揾老契	wɐn35 lu24 kʰɐi33	wan2 lu5 kai3	找姘頭
3768	九、稱謂（1）一般稱謂/三八婆	三八婆	三八婆	ɬam55 pɛt3 pʰɔ21	slaam1 bet3 po4	三八婆1，愛管閒事的女人，饒舌婦
3769	九、稱謂（1）一般稱謂/三八婆	八卦婆	八卦婆	pɛt3 kʷa33 pʰɔ21	bet3 gwaa3 po4	三八婆2
3770	九、稱謂（1）一般稱謂/三八婆	八婆	八婆	pɛt3 pʰɔ21	bet3 po4	三八婆3，「八卦婆」的省略
3771	九、稱謂（1）一般稱謂/話多的男子	唓咧公	𪠳咧公	tʃʰɛ55 lɛ55 kʊŋ55	ce1 le1 gung1	話多的男子
3772	九、稱謂（1）一般稱謂/話多的女子	唓咧婆	𪠳咧婆	tʃʰɛ55 lɛ55 pʰɔ21	ce1 le1 po4	話多的女子
3773	九、稱謂（1）一般稱謂/話多的女孩	唓咧妹	𪠳咧妹	tʃʰɛ55 lɛ55 mui55	ce1 le1 mui1	話多的女孩
3774	九、稱謂（1）一般稱謂/男人婆	男人婆	男人婆	nam21 jɐn21 pʰɔ21	naam4 jan4 po4	男人婆，像男人的女人
3775	九、稱謂（1）一般稱謂/男同性戀	基佬	基佬	ki55 lu35	gi1 lu2	男同性戀，「基」爲英語gay音譯
3776	九、稱謂（1）一般稱謂/私生子	野崽	野崽	jɛ24 tʃɐi35	je5 zai2	私生子
3777	九、稱謂（1）一般稱謂/私生子	野仔	野仔	jɛ24 tʃɐi35	je5 zai2	私生子，同「野崽」
3778	九、稱謂（1）一般稱謂/囚犯	勞改犯	劳改犯	lu21 kɔi35 fan22	lu4 goi2 faan6	囚犯1
3779	九、稱謂（1）一般稱謂/囚犯	犯人	犯人	fan22 jɐn21	faan6 jan4	囚犯2
3780	九、稱謂（1）一般稱謂/囚犯	監墩	监墩	kam55 tɐn35	gaam1 dan2	囚犯3
3781	九、稱謂（1）一般稱謂/衙役	差人	差人	tʃʰai55 jɐn21	caai1 jan4	衙役1，舊時
3782	九、稱謂（1）一般稱謂/衙役	差佬	差佬	tʃʰai55 lu35	caai1 lu2	衙役2，舊時
3783	九、稱謂（1）一般稱謂/老先生	老先生	老先生	lu24 ɬin55 ʃaŋ55	lu5 slin1 saang1	老先生
3784	九、稱謂（1）一般稱謂/書香人家	書香人家	书香人家	ʃy55 hœŋ55 jɐn21 ka55	syu1 hoeng1 jan4 gaa1	書香人家
3785	九、稱謂（1）一般稱謂/高利貸者	收債佬	收债佬	ʃɐu55 tʃai33 lu35	sau1 zaai3 lu2	高利貸者，放債人
3786	九、稱謂（1）一般稱謂/暴發戶兒	暴發戶	暴发户	pu22 fat3 wu22	bu6 faat3 wu6	暴發戶兒
3787	九、稱謂（1）一般稱謂/有錢人	闊佬	阔佬	fut3 lu35	fut3 lu2	有錢人1
3788	九、稱謂（1）一般稱謂/有錢人	有行佬	有行佬	jɐu24 haŋ21 lu35	jau5 haang4 lu2	有錢人2
3789	九、稱謂（1）一般稱謂/有錢人	有錢佬	有钱佬	jɐu24 tʃʰin21 lu35	jau5 cin4 lu2	有錢人3
3790	九、稱謂（1）一般稱謂/窮人	窮鬼	穷鬼	kʰʊŋ21 kʷɐi35	kung4 gwai2	窮人1
3791	九、稱謂（1）一般稱謂/窮人	窮㞓	穷㞓	kʰʊŋ21 hɐi55	kung4 hai1	窮人2，貶義
3792	九、稱謂（1）一般稱謂/吝嗇鬼	忔失鬼	忔失鬼	ŋɛt5 ʃɛt5 kʷɐi35	nget1 set1 gwai2	吝嗇鬼1
3793	九、稱謂（1）一般稱謂/吝嗇鬼	孤寒佬	孤寒佬	ku55 hɔn21 lu35	gu1 hon4 lu2	吝嗇鬼2
3794	九、稱謂（1）一般稱謂/氣量小的人	忔鬼	忔鬼	ŋɛt5 kʷɐi35	nget1 gwai2	氣量小的人
3795	九、稱謂（1）一般稱謂/敗家子	敗家崽	败家崽	pai22 ka55 tʃɐi35	baai6 gaa1 zai2	敗家子1
3796	九、稱謂（1）一般稱謂/敗家子	敗家仔	败家仔	pai22 ka55 tʃɐi35	baai6 gaa1 zai2	敗家子1，同「敗家崽」
3797	九、稱謂（1）一般稱謂/敗家子	衰崽	衰崽	ʃui55 tʃɐi35	sui1 zai2	敗家子2
3798	九、稱謂（1）一般稱謂/敗家子	衰仔	衰仔	ʃui55 tʃɐi35	sui1 zai2	敗家子2，同「衰崽」
3799	九、稱謂（1）一般稱謂/破落	敗	败	pai22	baai6	破落
3800	九、稱謂（1）一般稱謂/乞丐	乞兒	乞儿	hɐt5 ji55	hat1 ji1	乞丐
3801	九、稱謂（1）一般稱謂/走江湖的	江湖佬	江湖佬	kɔŋ55 wu21 lu35	gong1 wu4 lu2	走江湖的
3802	九、稱謂（1）一般稱謂/江湖醫生	黃綠醫生	黄绿医生	wɔŋ21 lʊk2 ji55 ʃaŋ55	wong4 luk6 ji1 saang1	江湖醫生
3803	九、稱謂（1）一般稱謂/饞鬼	爲食鬼	为食鬼	wɐi22 ʃek2 kʷɐi35	wai6 sik6 gwai2	饞鬼1
3804	九、稱謂（1）一般稱謂/饞鬼	爲食貓	为食猫	wɐi22 ʃek2 mɛu55	wai6 sik6 meu1	饞鬼2，饞貓
3805	九、稱謂（1）一般稱謂/騙子	騙子	骗子	pʰin33 tʃi35	pin3 zi2	騙子1.1
3806	九、稱謂（1）一般稱謂/騙子	騙子	骗子	pʰin33 tsɿ35	pin3 zy2	騙子1.2
3807	九、稱謂（1）一般稱謂/流氓	爛崽	烂崽	lan22 tʃɐi35	laan6 zai2	流氓1
3808	九、稱謂（1）一般稱謂/流氓	爛仔	烂仔	lan22 tʃɐi35	laan6 zai2	流氓1，同「爛崽」
3809	九、稱謂（1）一般稱謂/流氓	爛崽頭	烂崽头	lan22 tʃɐi35 tʰɐu21	laan6 zai2 tau4	流氓2
3810	九、稱謂（1）一般稱謂/流氓	爛仔頭	烂仔头	lan22 tʃɐi35 tʰɐu21	laan6 zai2 tau4	流氓2，同「爛崽頭」
3811	九、稱謂（1）一般稱謂/流氓	流氓	流氓	lɐu21 mɔŋ21	lau4 mong4	流氓3
3812	九、稱謂（1）一般稱謂/流氓	散崽	散崽	ɬan35 tʃɐi35	slaan2 zai2	流氓4
3813	九、稱謂（1）一般稱謂/流氓	散仔	散仔	ɬan35 tʃɐi35	slaan2 zai2	流氓4，同「散崽」
3814	九、稱謂（1）一般稱謂/流氓	流氓散崽	流氓散崽	lɐu21 mɔŋ21 ɬan35 tʃɐi35	lau4 mong4 slaan2 zai2	流氓5
3815	九、稱謂（1）一般稱謂/流氓	流氓散仔	流氓散仔	lɐu21 mɔŋ21 ɬan35 tʃɐi35	lau4 mong4 slaan2 zai2	流氓5，同「流氓散崽」
3816	九、稱謂（1）一般稱謂/流氓	阿飛	阿飞	a33 fi55	aa3 fi1	流氓6，後起詞
3817	九、稱謂（1）一般稱謂/流氓	飛崽	飞崽	fi55 tʃɐi35	fi1 zai2	流氓7，後起詞
3818	九、稱謂（1）一般稱謂/流氓	飛仔	飞仔	fi55 tʃɐi35	fi1 zai2	流氓7，後起詞，同「飛崽」
3819	九、稱謂（1）一般稱謂/人販子	拐子佬	拐子佬	kʷai35 tʃi35 lu35	gwaai2 zi2 lu2	人販子1.1
3820	九、稱謂（1）一般稱謂/人販子	拐子佬	拐子佬	kʷai35 tsɿ35 lu35	gwaai2 zy2 lu2	人販子1.2
3821	九、稱謂（1）一般稱謂/人販子	拐子	拐子	kʷai35 tʃi35	gwaai2 zi2	人販子2.1
3822	九、稱謂（1）一般稱謂/人販子	拐子	拐子	kʷai35 tsɿ35	gwaai2 zy2	人販子2.2
3823	九、稱謂（1）一般稱謂/土匪	土匪	土匪	tʰu35 fi35	tu2 fi2	土匪
3824	九、稱謂（1）一般稱謂/強盜	土匪	土匪	tʰu35 fi35	tu2 fi2	強盜
3825	九、稱謂（1）一般稱謂/賊	賊	贼	tʃʰɐk2	cak6	賊1
3826	九、稱謂（1）一般稱謂/賊	賊佬	贼佬	tʃʰɐk2 lu35	cak6 lu2	賊2
3827	九、稱謂（1）一般稱謂/賊	賊崽	贼崽	tʃʰɐk2 tʃɐi35	cak6 zai2	賊3
3828	九、稱謂（1）一般稱謂/賊	賊仔	贼仔	tʃʰɐk2 tʃɐi35	cak6 zai2	賊3，同「賊崽」
3829	九、稱謂（1）一般稱謂/扒手	巴崽	巴崽	pa55 tʃɐi35	baa1 zai2	扒手1，源自1924年的美國電影《巴格達竊賊（The Thief of Baghdad）》
3830	九、稱謂（1）一般稱謂/扒手	巴仔	巴仔	pa55 tʃɐi35	baa1 zai2	扒手1，同「巴崽」
3831	九、稱謂（1）一般稱謂/扒手	賊崽	贼崽	tʃʰɐk2 tʃɐi35	cak6 zai2	扒手2
3832	九、稱謂（1）一般稱謂/扒手	賊仔	贼仔	tʃʰɐk2 tʃɐi35	cak6 zai2	扒手2，同「賊崽」
3833	九、稱謂（1）一般稱謂/扒手	三隻手	三只手	ɬam55 tʃɛk3 ʃɐu35	slaam1 zek3 sau2	扒手3
3834	九、稱謂（1）一般稱謂/扒手	鉗工	钳工	kʰɛm21 kʊŋ55	kem4 gung1	扒手4
3835	九、稱謂（1）一般稱謂/扒手	扒手	扒手	pʰa21 ʃɐu35	paa4 sau2	扒手5
3836	九、稱謂（1）一般稱謂/吸鴉片者	鴉片鬼	鸦片鬼	a55 pʰin33 kʷɐi35	aa1 pin3 gwai2	吸鴉片者
3837	九、稱謂（1）一般稱謂/男吸毒者	粉崽	粉崽	fɐn35 tʃɐi35	fan2 zai2	吸毒男子
3838	九、稱謂（1）一般稱謂/男吸毒者	粉仔	粉仔	fɐn35 tʃɐi35	fan2 zai2	吸毒男子，同「粉崽」
3839	九、稱謂（1）一般稱謂/女吸毒者	粉妹	粉妹	fɐn35 mui55	fan2 mui1	吸毒女子
3840	九、稱謂（1）一般稱謂/吸毒者	毒友	毒友	tu22 jɐu24	du6 jau5	吸毒者，戲稱，諧音「道友」，或因吸毒者身體極瘦形似修道者
3841	九、稱謂（1）一般稱謂/混世界者	世界崽	世界崽	ʃɐi33 kai33 tʃɐi35	sai3 gaai3 zai2	混世界者，很能混者
3842	九、稱謂（1）一般稱謂/混世界者	世界仔	世界仔	ʃɐi33 kai33 tʃɐi35	sai3 gaai3 zai2	混世界者，很能混者，同「世界崽」
3843	九、稱謂（1）一般稱謂/大孩子	大怪	大怪	tai22 kʷai33	daai6 gwaai3	大孩子，童語，稱比自己大的孩子
3844	九、稱謂（1）一般稱謂/小孩子	細怪	细怪	ɬɐi33 kʷai33	slai3 gwaai3	小孩子，童語，稱比自己小的孩子
3845	九、稱謂（1）一般稱謂/淘氣鬼	牛骨崽	牛骨崽	ŋɐu21 kʷɐt5 tʃɐi35	ngau4 gwat1 zai2	淘氣鬼
3846	九、稱謂（1）一般稱謂/淘氣鬼	牛骨仔	牛骨仔	ŋɐu21 kʷɐt5 tʃɐi35	ngau4 gwat1 zai2	淘氣鬼，同「牛骨崽」
3847	九、稱謂（1）一般稱謂/討厭鬼	衰鬼	衰鬼	ʃui55 kʷɐi35	sui1 gwai2	討厭鬼
3848	九、稱謂（1）一般稱謂/愛哭鬼	哭星	哭星	hʊk5 ɬeŋ55	huk1 sling1	愛哭鬼
3849	九、稱謂（1）一般稱謂/搞事者	攪屎棍	搅屎棍	kɛu35 ʃi35 kʷɐn33	geu2 si2 gwan3	搞事者，調皮搗蛋、挑撥離間的人
3850	九、稱謂（1）一般稱謂/無頭蒼蠅	盲頭蟲	盲头虫	maŋ21 tʰɐu21 tʃʰʊŋ21	maang4 tau4 cung4	無頭蒼蠅，沒有主見的人
3851	九、稱謂（1）一般稱謂/豬八戒	豬八怪	猪八怪	tʃy55 pat3 kʷai33	zyu1 baat3 gwaai3	豬八戒，《西遊記》人物，或爲「豬八戒」與「醜八怪」的合成詞，也比喻醜八怪
3852	九、稱謂（1）一般稱謂/兩面派	兩頭蛇	两头蛇	lœŋ24 tʰɐu21 ʃɛ21	loeng5 tau4 se4	兩面派，喻指善於投機、兩面三刀的人
3853	九、稱謂（1）一般稱謂/支持者	擁躉	拥趸	jʊŋ35 tɐn35	jung2 dan2	支持者
3854	九、稱謂（1）一般稱謂/愛搬弄是非的女子	是非婆	是非婆	ʃi22 fi55 pʰɔ21	si6 fi1 po4	愛搬弄是非的女子
3855	九、稱謂（1）一般稱謂/愛搬弄是非的女孩	是非妹	是非妹	ʃi22 fi55 mui55	si6 fi1 mui1	愛搬弄是非的女孩
3856	九、稱謂（1）一般稱謂/笨蛋	豬嘜	猪唛	tʃy55 mɐk5	zyu1 mak1	笨蛋1，豬樣子
3857	九、稱謂（1）一般稱謂/笨蛋	蠢材	蠢材	tʃʰɐn35 tʃʰɔi21	can2 coi4	笨蛋2.1
3858	九、稱謂（1）一般稱謂/笨蛋	蠢材	蠢材	tʃʰyn35 tʃʰɔi21	cyun2 coi4	笨蛋2.2
3859	九、稱謂（1）一般稱謂/笨蛋	大頭蝦	大头虾	tai22 tʰɐu21 ha55	daai6 tau4 haa1	笨蛋3
3860	九、稱謂（1）一般稱謂/笨蛋	大番薯	大番薯	tai22 fan55 ʃy21	daai6 faan1 syu4	笨蛋4
3861	九、稱謂（1）一般稱謂/笨蛋	笨腏	笨腏	pɐn22 tʃʰɔt2	ban6 cot6	笨蛋5，詈語，可兼指男女
3862	九、稱謂（1）一般稱謂/笨蛋	癡㞓	痴㞓	tʃʰi55 hɐi55	ci1 hai1	笨蛋6，詈語，可兼指男女
3863	九、稱謂（1）一般稱謂/笨蛋	癡腏	痴腏	tʃʰi55 tʃʰɔt2	ci1 cot6	笨蛋7，詈語，可兼指男女
3864	九、稱謂（1）一般稱謂/傢伙	契弟	契弟	kʰɐi33 tɐi22	kai3 dai6	傢伙1，本指義弟，今指孌童（因古代常以收義弟爲名收孌童）
3865	九、稱謂（1）一般稱謂/傢伙	野崽	野崽	jɛ24 tʃɐi35	je5 zai2	傢伙2
3866	九、稱謂（1）一般稱謂/傢伙	野仔	野仔	jɛ24 tʃɐi35	je5 zai2	傢伙2，同「野崽」
3867	九、稱謂（1）一般稱謂/狗雜種	狗屌嘅	狗屌嘅	kɐu35 tiu35 ɛ33	gau2 diu2 e3	狗雜種，詈語
3868	九、稱謂（1）一般稱謂/能手	相家	相家	ɬœŋ33 ka55	sloeng3 gaa1	能手，能幹的人
3869	九、稱謂（1）一般稱謂/大個子	大䊆佬	大䊆佬	tai22 kɐu22 lu35	daai6 gau6 lu2	大個子1
3870	九、稱謂（1）一般稱謂/大個子	大碌藕	大碌藕	tai22 lʊk5 ŋɐu24	daai6 luk1 ngau5	大個子2
3871	九、稱謂（1）一般稱謂/矮個子	三寸釘	三寸钉	ɬam55 tʃʰyn33 tɛŋ55	slaam1 cyun3 deng1	矮個子1
3872	九、稱謂（1）一般稱謂/矮個子	豆丁	豆丁	tɐu22 tɛŋ55	dau6 deng1	矮個子2
3873	九、稱謂（1）一般稱謂/大人物	大粒嘢	大粒嘢	tai22 nɐp5 jɛ24	daai6 nap1 je5	大人物
3874	九、稱謂（1）一般稱謂/小人物	龍套	龙套	lʊŋ21 tʰu33	lung4 tu3	小人物1
3875	九、稱謂（1）一般稱謂/小人物	茄哩啡	茄哩啡	kʰɛ21 lɛ55 fɛ55	ke4 le1 fe1	小人物2，後起詞，從廣東或香港借入，英語carefree
3876	九、稱謂（1）一般稱謂/老好人	和事佬	和事佬	wɔ21 ʃi22 lu35	wo4 si6 lu2	老好人1.1
3877	九、稱謂（1）一般稱謂/老好人	和事佬	和事佬	wɔ21 sɿ22 lu35	wo4 sy6 lu2	老好人1.2
3878	九、稱謂（1）一般稱謂/性急的人	短命鬼	短命鬼	tyn35 mɛŋ22 kʷɐi35	dyun2 meng6 gwai2	性急的人，謔稱
3879	九、稱謂（1）一般稱謂/名字	名字	名字	mɛŋ21 tʃi22	meng4 zi6	名字1.1
3880	九、稱謂（1）一般稱謂/名字	名字	名字	mɛŋ21 tsɿ22	meng4 zy6	名字1.2
3881	九、稱謂（1）一般稱謂/綽號	花名	花名	fa55 mɛŋ21	faa1 meng4	綽號
3882	九、稱謂（2）職業稱謂/工作	工	工	kʊŋ55	gung1	工作1
3883	九、稱謂（2）職業稱謂/工作	事	事	ʃi22	si6	工作2.1
3884	九、稱謂（2）職業稱謂/工作	事	事	sɿ22	sy6	工作2.2
3885	九、稱謂（2）職業稱謂/事情	事幹	事干	ʃi22 kɔn33	si6 gon3	事情1.1，事兒
3886	九、稱謂（2）職業稱謂/事情	事幹	事干	sɿ22 kɔn33	sy6 gon3	事情1.2，事兒
3887	九、稱謂（2）職業稱謂/事情	事做	事做	ʃi22 tʃu33	si6 zu3	事情2.1，事兒
3888	九、稱謂（2）職業稱謂/事情	事做	事做	sɿ22 tʃu33	sy6 zu3	事情2.2，事兒
3889	九、稱謂（2）職業稱謂/做事	做嘢	做嘢	tʃu33 jɛ24	zu3 je5	做事
3890	九、稱謂（2）職業稱謂/沒活幹	冇嘢做	冇嘢做	mu24 jɛ24 tʃu33	mu5 je5 zu3	沒活幹
3891	九、稱謂（2）職業稱謂/沒有活幹	冇有嘢做	冇有嘢做	mu24 jɐu24 jɛ24 tʃu33	mu5 jau5 je5 zu3	沒有活幹
3892	九、稱謂（2）職業稱謂/沒有事做	冇有事做	冇有事做	mu24 jɐu24 ʃi22 tʃu33	mu5 jau5 si6 zu3	沒有事做1.1
3893	九、稱謂（2）職業稱謂/沒有事做	冇有事做	冇有事做	mu24 jɐu24 sɿ22 tʃu33	mu5 jau5 sy6 zu3	沒有事做1.2
3894	九、稱謂（2）職業稱謂/沒什麼事做	冇有乜嘢事做	冇有乜嘢事做	mu24 jɐu24 mɐt5 jɛ24 ʃi22 tʃu33	mu5 jau5 mat1 je5 si6 zu3	沒什麼事做1.1，語流中常會吞音，冇有乜嘢事做➔冇有咩事做➔冇咩事做
3895	九、稱謂（2）職業稱謂/沒什麼事做	冇有乜嘢事做	冇有乜嘢事做	mu24 jɐu24 mɐt5 jɛ24 sɿ22 tʃu33	mu5 jau5 mat1 je5 sy6 zu3	沒什麼事做1.2，語流中常會吞音，冇有乜嘢事做➔冇有咩事做➔冇咩事做
3896	九、稱謂（2）職業稱謂/上班	做工	做工	tʃu33 kʊŋ55	zu3 gung1	上班1
3897	九、稱謂（2）職業稱謂/上班	上班	上班	ʃœŋ24 pan55	soeng5 baan1	上班2
3898	九、稱謂（2）職業稱謂/上班	出工	出工	tʃʰyt5 kʊŋ55	cyut1 gung1	上班3
3899	九、稱謂（2）職業稱謂/下班	收工	收工	ʃɐu55 kʊŋ55	sau1 gung1	下班1
3900	九、稱謂（2）職業稱謂/下班	落班	落班	lɔk2 pan55	lok6 baan1	下班2
3901	九、稱謂（2）職業稱謂/日班	白班	白班	pak2 pan55	baak6 baan1	日班
3902	九、稱謂（2）職業稱謂/夜班	夜班	夜班	jɛ22 pan55	je6 baan1	夜班
3903	九、稱謂（2）職業稱謂/不幹了、改行	收山	收山	ʃɐu55 ʃan55	sau1 saan1	不幹了；改行
3904	九、稱謂（2）職業稱謂/找工作	搵工	揾工	wɐn35 kʊŋ55	wan2 gung1	找工作
3905	九、稱謂（2）職業稱謂/闖江湖	撈世界	捞世界	lu55 ʃɐi33 kai33	lu1 sai3 gaai3	闖江湖
3906	九、稱謂（2）職業稱謂/走江湖	走江湖	走江湖	tʃɐu35 kɔŋ55 wu21	zau2 gong1 wu4	走江湖
3907	九、稱謂（2）職業稱謂/享福	嘆世界	叹世界	tʰan33 ʃɐi33 kai33	taan3 sai3 gaai3	享福
3908	九、稱謂（2）職業稱謂/討生活	搵食	揾食	wɐn35 ʃek2	wan2 sik6	討生活1
3909	九、稱謂（2）職業稱謂/討生活	搵錢	揾钱	wɐn35 tʃʰin21	wan2 cin4	討生活2
3910	九、稱謂（2）職業稱謂/討生活	搵兩餐	揾两餐	wɐn35 lœŋ24 tʃʰan55	wan2 loeng5 caan1	討生活3
3911	九、稱謂（2）職業稱謂/有錢賺	得錢	得钱	tɐk5 tʃʰin21	dak1 cin4	有錢賺
3912	九、稱謂（2）職業稱謂/兼職	炒更	炒更	tʃʰɛu35 kaŋ55	ceu2 gaang1	兼職1.1
3913	九、稱謂（2）職業稱謂/兼職	炒更	炒更	tʃʰau35 kaŋ55	caau2 gaang1	兼職1.2
3914	九、稱謂（2）職業稱謂/值夜班	睇更	睇更	tʰɐi35 kaŋ55	tai2 gaang1	值夜班
3915	九、稱謂（2）職業稱謂/解雇	炒魷魚	炒鱿鱼	tʃʰɛu35 jɐu21 jy21	ceu2 jau4 jyu4	解雇1.1
3916	九、稱謂（2）職業稱謂/解雇	炒魷魚	炒鱿鱼	tʃʰau35 jɐu21 jy21	caau2 jau4 jyu4	解雇1.2
3917	九、稱謂（2）職業稱謂/解雇	解雇	解雇	kai35 ku33	gaai2 gu3	解雇2
3918	九、稱謂（2）職業稱謂/被解雇	執包袱	执包袱	tʃɐp5 pau55 fʊk2	zap1 baau1 fuk6	被解雇1.1
3919	九、稱謂（2）職業稱謂/被解雇	執包袱	执包袱	tʃɐp5 pɛu55 fʊk2	zap1 beu1 fuk6	被解雇1.2
3920	九、稱謂（2）職業稱謂/工資	工資	工资	kʊŋ55 tʃi55	gung1 zi1	工資1.1
3921	九、稱謂（2）職業稱謂/工資	工資	工资	kʊŋ55 tsɿ55	gung1 zy1	工資1.2
3922	九、稱謂（2）職業稱謂/工資	工錢	工钱	kʊŋ55 tʃʰin21	gung1 cin4	工資2
3923	九、稱謂（2）職業稱謂/工資	人工	人工	jɐn21 kʊŋ55	jan4 gung1	工資3
3924	九、稱謂（2）職業稱謂/工人	工崽	工崽	kʊŋ55 tʃɐi35	gung1 zai2	工人1
3925	九、稱謂（2）職業稱謂/工人	工仔	工仔	kʊŋ55 tʃɐi35	gung1 zai2	工人1，同「工崽」
3926	九、稱謂（2）職業稱謂/工人	工人	工人	kʊŋ55 jɐn21	gung1 jan4	工人2
3927	九、稱謂（2）職業稱謂/雇工	工崽	工崽	kʊŋ55 tʃɐi35	gung1 zai2	雇工1
3928	九、稱謂（2）職業稱謂/雇工	工仔	工仔	kʊŋ55 tʃɐi35	gung1 zai2	雇工1，同「工崽」
3929	九、稱謂（2）職業稱謂/雇工	打工崽	打工崽	ta35 kʊŋ55 tʃɐi35	daa2 gung1 zai2	雇工2
3930	九、稱謂（2）職業稱謂/雇工	打工仔	打工仔	ta35 kʊŋ55 tʃɐi35	daa2 gung1 zai2	雇工2，同「打工崽」
3931	九、稱謂（2）職業稱謂/雇工	打工妹	打工妹	ta35 kʊŋ55 mui55	daa2 gung1 mui1	雇工3
3932	九、稱謂（2）職業稱謂/作頭	工頭	工头	kʊŋ55 tʰɐu21	gung1 tau4	作頭
3933	九、稱謂（2）職業稱謂/長工	長工	长工	tʃʰœŋ21 kʊŋ55	coeng4 gung1	長工
3934	九、稱謂（2）職業稱謂/短工	短工	短工	tyn35 kʊŋ55	dyun2 gung1	短工
3935	九、稱謂（2）職業稱謂/零工	散工	散工	ɬan35 kʊŋ55	slaan2 gung1	零工
3936	九、稱謂（2）職業稱謂/計量活	計件	计件	kɐi33 kin22	gai3 gin6	計量活
3937	九、稱謂（2）職業稱謂/農民	耕田佬	耕田佬	kaŋ55 tʰin21 lu35	gaang1 tin4 lu2	農民1
3938	九、稱謂（2）職業稱謂/農民	農伯	农伯	nʊŋ21 pak3	nung4 baak3	農民2
3939	九、稱謂（2）職業稱謂/農民	農民	农民	nʊŋ21 mɐn21	nung4 man4	農民3
3940	九、稱謂（2）職業稱謂/農民	耙田佬	耙田佬	pʰa21 tʰin21 lu35	paa4 tin4 lu2	農民4
3941	九、稱謂（2）職業稱謂/放牛的	看牛佬	看牛佬	hɔn55 ŋɐu21 lu35	hon1 ngau4 lu2	放牛的
3942	九、稱謂（2）職業稱謂/牧童	看牛崽	看牛崽	hɔn55 ŋɐu21 tʃɐi35	hon1 ngau4 zai2	牧童
3943	九、稱謂（2）職業稱謂/牧童	看牛仔	看牛仔	hɔn55 ŋɐu21 tʃɐi35	hon1 ngau4 zai2	牧童，同「看牛崽」
3944	九、稱謂（2）職業稱謂/做買賣的	生意佬	生意佬	ʃaŋ55 ji33 lu35	saang1 ji3 lu2	做買賣的1
3945	九、稱謂（2）職業稱謂/做買賣的	開鋪頭嘅	开铺头嘅	hɔi55 pʰu33 tʰɐu21 kɛ33	hoi1 pu3 tau4 ge3	做買賣的2
3946	九、稱謂（2）職業稱謂/做買賣的	開店嘅	开店嘅	hɔi55 tim33 kɛ33	hoi1 dim3 ge3	做買賣的3
3947	九、稱謂（2）職業稱謂/坐櫃檯的	坐檯嘅	坐台嘅	tʃʰɔ24 tʰɔi21 kɛ33	co5 toi4 ge3	坐櫃檯的
3948	九、稱謂（2）職業稱謂/老闆	老闆	老板	lu24 pan35	lu5 baan2	老闆1
3949	九、稱謂（2）職業稱謂/老闆	事頭	事头	ʃi22 tʰɐu21	si6 tau4	老闆2.1
3950	九、稱謂（2）職業稱謂/老闆	事頭	事头	sɿ22 tʰɐu21	sy6 tau4	老闆2.2
3951	九、稱謂（2）職業稱謂/老闆	老世	老世	lu24 ʃɐi33	lu5 sai3	老闆3，該說法源自香港
3952	九、稱謂（2）職業稱謂/老闆娘	老闆娘	老板娘	lu24 pan35 nœŋ21	lu5 baan2 noeng4	老闆娘1
3953	九、稱謂（2）職業稱謂/老闆娘	事頭婆	事头婆	ʃi22 tʰɐu21 pʰɔ21	si6 tau4 po4	老闆娘2.1
3954	九、稱謂（2）職業稱謂/老闆娘	事頭婆	事头婆	sɿ22 tʰɐu21 pʰɔ21	sy6 tau4 po4	老闆娘2.2
3955	九、稱謂（2）職業稱謂/夥計	夥計	伙计	fɔ35 ki33	fo2 gi3	夥計，店員或長工
3956	九、稱謂（2）職業稱謂/學徒	學徒崽	学徒崽	hɔk2 tʰu21 tʃɐi35	hok6 tu4 zai2	學徒1
3957	九、稱謂（2）職業稱謂/學徒	學徒仔	学徒仔	hɔk2 tʰu21 tʃɐi35	hok6 tu4 zai2	學徒1，同「學徒崽」
3958	九、稱謂（2）職業稱謂/學徒	學徒	学徒	hɔk2 tʰu21	hok6 tu4	學徒2
3959	九、稱謂（2）職業稱謂/顧客	顧客	顾客	ku33 hak3	gu3 haak3	顧客
3960	九、稱謂（2）職業稱謂/常客	熟客	熟客	ʃʊk2 hak3	suk6 haak3	常客
3961	九、稱謂（2）職業稱謂/食客	食客	食客	ʃek2 hak3	sik6 haak3	食客1
3962	九、稱謂（2）職業稱謂/食客	揌客	揌客	ɬɔi55 hak3	sloi1 haak3	食客2
3963	九、稱謂（2）職業稱謂/小販	販子	贩子	fan33 tʃi35	faan3 zi2	小販1.1
3964	九、稱謂（2）職業稱謂/小販	販子	贩子	fan33 tsɿ35	faan3 zy2	小販1.2
3965	九、稱謂（2）職業稱謂/小販	攤販	摊贩	tʰan55 fan33	taan1 faan3	小販2
3966	九、稱謂（2）職業稱謂/小販	小販	小贩	ɬiu35 fan33	sliu2 faan3	小販3
3967	九、稱謂（2）職業稱謂/小販	販子佬	贩子佬	fan33 tʃi35 lu35	faan3 zi2 lu2	小販4.1
3968	九、稱謂（2）職業稱謂/小販	販子佬	贩子佬	fan33 tsɿ35 lu35	faan3 zy2 lu2	小販4.2
3969	九、稱謂（2）職業稱謂/（私塾）教書先生	先生	先生	ɬin55 ʃaŋ55	slin1 saang1	（私塾）教書先生
3970	九、稱謂（2）職業稱謂/（學校）教員	老師	老师	lu24 ʃi55	lu5 si1	（學校）教員1.1
3971	九、稱謂（2）職業稱謂/（學校）教員	老師	老师	lu24 sɿ55	lu5 sy1	（學校）教員1.2
3972	九、稱謂（2）職業稱謂/學生	學生	学生	hɔk2 ʃaŋ55	hok6 saang1	學生1
3973	九、稱謂（2）職業稱謂/學生	學生哥	学生哥	hɔk2 ʃaŋ55 kɔ55	hok6 saang1 go1	學生2
3974	九、稱謂（2）職業稱謂/同學	同學	同学	tʰʊŋ21 hɔk2	tung4 hok6	同學
3975	九、稱謂（2）職業稱謂/同事	工友	工友	kʊŋ55 jɐu24	gung1 jau5	同事
3976	九、稱謂（2）職業稱謂/朋友	朋友	朋友	pʰɐŋ21 jɐu24	pang4 jau5	朋友1
3977	九、稱謂（2）職業稱謂/朋友	老夥計	老伙计	lu24 fɔ35 ki33	lu5 fo2 gi3	朋友2
3978	九、稱謂（2）職業稱謂/好朋友	老友	老友	lu24 jɐu24	lu5 jau5	好朋友1
3979	九、稱謂（2）職業稱謂/好朋友	友崽	友崽	jɐu35 tʃɐi35	jau2 zai2	好朋友2，男性朋友
3980	九、稱謂（2）職業稱謂/好朋友	友仔	友仔	jɐu35 tʃɐi35	jau2 zai2	好朋友2，男性朋友，同「友崽」
3981	九、稱謂（2）職業稱謂/好朋友	友女	友女	jɐu35 ny35	jau2 nyu2	好朋友3，女性朋友
3982	九、稱謂（2）職業稱謂/男女朋友	蘭	兰	lan55	laan1	女友或男友的俗稱，英語friend（法蘭），後起詞
3983	九、稱謂（2）職業稱謂/男朋友	男朋友	男朋友	nam21 pʰɐŋ21 jɐu24	naam4 pang4 jau5	男朋友1
3984	九、稱謂（2）職業稱謂/男朋友	男友	男友	nam21 jɐu24	naam4 jau5	男朋友2
3985	九、稱謂（2）職業稱謂/男朋友	蘭公	兰公	lan55 kʊŋ55	laan1 gung1	男朋友3，俗稱，後起詞
3986	九、稱謂（2）職業稱謂/女朋友	女朋友	女朋友	ny24 pʰɐŋ21 jɐu24	nyu5 pang4 jau5	女朋友1
3987	九、稱謂（2）職業稱謂/女朋友	女友	女友	ny24 jɐu24	nyu5 jau5	女朋友2
3988	九、稱謂（2）職業稱謂/女朋友	蘭婆	兰婆	lan55 pʰɔ21	laan1 po4	女朋友3，俗稱，後起詞
3989	九、稱謂（2）職業稱謂/女朋友	蘭女	兰女	lan55 ny35	laan1 nyu2	女朋友4，俗稱，後起詞
3990	九、稱謂（2）職業稱謂/兵	兵佬	兵佬	peŋ55 lu35	bing1 lu2	兵1
3991	九、稱謂（2）職業稱謂/兵	軍佬	军佬	kʷɐn55 lu35	gwan1 lu2	兵2
3992	九、稱謂（2）職業稱謂/逃兵	攋屎兵	攋屎兵	lai22 ʃi35 peŋ55	laai6 si2 bing1	逃兵1.1
3993	九、稱謂（2）職業稱謂/逃兵	攋屎兵	攋屎兵	lai24 ʃi35 peŋ55	laai5 si2 bing1	逃兵1.2
3994	九、稱謂（2）職業稱謂/嘍囉	兵	兵	peŋ55	bing1	嘍囉1，手下，相當於香港的用詞「馬崽（嘍囉）」，南寧傳統上不用「馬崽」來表示「嘍囉」
3995	九、稱謂（2）職業稱謂/嘍囉	馬崽	马崽	ma24 tʃɐi35	maa5 zai2	嘍囉2，手下，後起詞，20世紀80年代後受香港影響產生
3996	九、稱謂（2）職業稱謂/嘍囉	馬仔	马仔	ma24 tʃɐi35	maa5 zai2	嘍囉2，手下，後起詞，20世紀80年代後受香港影響產生，同「馬崽」
3997	九、稱謂（2）職業稱謂/警察	警察	警察	keŋ35 tʃʰat3	ging2 caat3	警察1
3998	九、稱謂（2）職業稱謂/警察	大叔	大叔	tai22 ʃʊk5	daai6 suk1	警察2
3999	九、稱謂（2）職業稱謂/警察	差佬	差佬	tʃʰai55 lu35	caai1 lu2	警察3，舊時
4000	九、稱謂（2）職業稱謂/醫生	醫生	医生	ji55 ʃaŋ55	ji1 saang1	醫生1
4001	九、稱謂（2）職業稱謂/醫生	醫師	医师	ji55 ʃi55	ji1 si1	醫生2.1
4002	九、稱謂（2）職業稱謂/醫生	醫師	医师	ji55 sɿ55	ji1 sy1	醫生2.2
4003	九、稱謂（2）職業稱謂/司機	卡佬	卡佬	kʰa55 lu35	kaa1 lu2	司機1
4004	九、稱謂（2）職業稱謂/司機	車佬	车佬	tʃʰɛ55 lu35	ce1 lu2	司機2
4005	九、稱謂（2）職業稱謂/司機	車司	车司	tʃʰɛ55 ʃi55	ce1 si1	司機3
4006	九、稱謂（2）職業稱謂/司機	司機	司机	ʃi55 ki55	si1 gi1	司機4.1
4007	九、稱謂（2）職業稱謂/司機	司機	司机	sɿ55 ki55	sy1 gi1	司機4.2
4008	九、稱謂（2）職業稱謂/司機	抓車嘅	抓车嘅	tʃa55 tʃʰɛ55 kɛ33	zaa1 ce1 ge3	司機5
4009	九、稱謂（2）職業稱謂/手藝人	手藝人	手艺人	ʃɐu35 ŋɐi22 jɐn21	sau2 ngai6 jan4	手藝人
4010	九、稱謂（2）職業稱謂/鞋匠	補鞋佬	补鞋佬	pu35 hai21 lu35	bu2 haai4 lu2	鞋匠
4011	九、稱謂（2）職業稱謂/擦鞋匠	皮鞋佬	皮鞋佬	pʰi21 hai21 lu35	pi4 haai4 lu2	擦鞋匠
4012	九、稱謂（2）職業稱謂/油漆匠	油漆佬	油漆佬	jɐu21 tʃʰɐt5 lu35	jau4 cat1 lu2	油漆匠
4013	九、稱謂（2）職業稱謂/木匠	木工佬	木工佬	mʊk2 kʊŋ55 lu35	muk6 gung1 lu2	木匠1
4014	九、稱謂（2）職業稱謂/木匠	鬭木佬	鬭木佬	tɐu33 mʊk2 lu35	dau3 muk6 lu2	木匠2，俗作「鬥木佬」
4015	九、稱謂（2）職業稱謂/瓦匠	泥水佬	泥水佬	nɐi21 ʃui35 lu35	nai4 sui2 lu2	瓦匠，砌牆、抹牆的
4016	九、稱謂（2）職業稱謂/鐵匠	打鐵佬	打铁佬	ta35 tʰit3 lu35	daa2 tit3 lu2	鐵匠
4017	九、稱謂（2）職業稱謂/補鍋的	補鑊佬	补镬佬	pu35 wɔk2 lu35	bu2 wok6 lu2	補鍋的
4018	九、稱謂（2）職業稱謂/焊洋鐵壺的	䂿鐵佬	䂿铁佬	tɐp2 tʰit3 lu35	dap6 tit3 lu2	焊洋鐵壺的1
4019	九、稱謂（2）職業稱謂/焊洋鐵壺的	洋鐵佬	洋铁佬	jœŋ21 tʰit3 lu35	joeng4 tit3 lu2	焊洋鐵壺的2
4020	九、稱謂（2）職業稱謂/焊洋鐵壺的	白鐵佬	白铁佬	pak2 tʰit3 lu35	baak6 tit3 lu2	焊洋鐵壺的3
4021	九、稱謂（2）職業稱謂/裁縫	裁縫佬	裁缝佬	tʃʰɔi21 fʊŋ21 lu35	coi4 fung4 lu2	裁縫1
4022	九、稱謂（2）職業稱謂/裁縫	裁縫	裁缝	tʃʰɔi21 fʊŋ21	coi4 fung4	裁縫2
4023	九、稱謂（2）職業稱謂/理髮員	飛髮佬	飞发佬	fi55 fat3 lu35	fi1 faat3 lu2	理髮員1
4024	九、稱謂（2）職業稱謂/理髮員	剃頭佬	剃头佬	tʰɐi33 tʰɐu21 lu35	tai3 tau4 lu2	理髮員2
4025	九、稱謂（2）職業稱謂/理髮員	摸頂嘅	摸顶嘅	mɔ55 tɛŋ35 kɛ33	mo1 deng2 ge3	理髮員3
4026	九、稱謂（2）職業稱謂/屠戶	劏豬佬	㓥猪佬	tʰɔŋ55 tʃy55 lu35	tong1 zyu1 lu2	屠戶1
4027	九、稱謂（2）職業稱謂/屠戶	劏牛佬	㓥牛佬	tʰɔŋ55 ŋɐu21 lu35	tong1 ngau4 lu2	屠戶2
4028	九、稱謂（2）職業稱謂/賣肉的	豬肉佬	猪肉佬	tʃy55 jʊk2 lu35	zyu1 juk6 lu2	賣肉的
4029	九、稱謂（2）職業稱謂/賣油條的	油條佬	油条佬	jɐu21 tʰiu21 lu35	jau4 tiu4 lu2	賣油條的
4030	九、稱謂（2）職業稱謂/賣花生的	花生佬	花生佬	fa55 ʃaŋ55 lu35	faa1 saang1 lu2	賣花生的
4031	九、稱謂（2）職業稱謂/賣菜的	菜販	菜贩	tʃʰɔi33 fan33	coi3 faan3	賣菜的
4032	九、稱謂（2）職業稱謂/賣雞的	雞販	鸡贩	kɐi55 fan33	gai1 faan3	賣雞的
4033	九、稱謂（2）職業稱謂/腳伕	拱揭佬	拱揭佬	kʊŋ35 kɐt2 lu35	gung2 gat6 lu2	腳伕1
4034	九、稱謂（2）職業稱謂/腳伕	咕哩	咕哩	ku55 li55	gu1 li1	腳伕2
4035	九、稱謂（2）職業稱謂/腳伕	拱揭	拱揭	kʊŋ35 kɐt2	gung2 gat6	腳伕3
4036	九、稱謂（2）職業稱謂/腳伕	碼頭伕	码头夫	ma24 tʰɐu21 fu55	maa5 tau4 fu1	腳伕4
4037	九、稱謂（2）職業稱謂/挑夫	拱揭佬	拱揭佬	kʊŋ35 kɐt2 lu35	gung2 gat6 lu2	挑夫
4038	九、稱謂（2）職業稱謂/轎伕	擡轎佬	抬轿佬	tʰɔi21 kiu22 lu35	toi4 giu6 lu2	轎伕
4039	九、稱謂（2）職業稱謂/看門的	門口狗	门口狗	mun21 hɐu35 kɐu35	mun4 hau2 gau2	看門的
4040	九、稱謂（2）職業稱謂/收破爛的	收買佬	收买佬	ʃɐu55 mai24 lu35	sau1 maai5 lu2	收破爛的1
4041	九、稱謂（2）職業稱謂/收破爛的	鈴啷佬	铃啷佬	leŋ55 lɔŋ55 lu35	ling1 long1 lu2	收破爛的2
4042	九、稱謂（2）職業稱謂/經紀	九八佬	九八佬	kɐu35 pɛt3 lu35	gau2 bet3 lu2	經紀1，中介
4043	九、稱謂（2）職業稱謂/經紀	九八崽	九八崽	kɐu35 pɛt3 tʃɐi35	gau2 bet3 zai2	經紀2，中介，相關歷史見1987年《南寧文史資料·第3輯總第四輯》P77
4044	九、稱謂（2）職業稱謂/經紀	九八仔	九八仔	kɐu35 pɛt3 tʃɐi35	gau2 bet3 zai2	經紀2，中介，同「九八崽」
4045	九、稱謂（2）職業稱謂/經紀	經紀	经纪	keŋ55 ki35	ging1 gi2	經紀3，中介
4046	九、稱謂（2）職業稱謂/經紀	行街師爺	行街师爷	haŋ21 kai55 ʃi55 jɛ21	haang4 gaai1 si1 je4	經紀3.1
4047	九、稱謂（2）職業稱謂/經紀	行街師爺	行街师爷	haŋ21 kai55 sɿ55 jɛ21	haang4 gaai1 sy1 je4	經紀3.2
4048	九、稱謂（2）職業稱謂/疍民	疍家	疍家	tan22 ka55	daan6 gaa1	疍民1.1，水上船民
4049	九、稱謂（2）職業稱謂/疍民	疍家	疍家	tɐŋ22 ka55	dang6 gaa1	疍民1.2，水上船民，「疍」受後字「家」的逆同化，俗作「鄧家」
4050	九、稱謂（2）職業稱謂/艄工	船家佬	船家佬	ʃyn21 ka55 lu35	syun4 gaa1 lu2	艄工1
4051	九、稱謂（2）職業稱謂/艄工	艇家	艇家	tʰɛŋ24 ka55	teng5 gaa1	艄工2
4052	九、稱謂（2）職業稱謂/艄工	疍家佬	疍家佬	tɐŋ22 ka55 lu35	dang6 gaa1 lu2	艄工3，「疍」受後字「家」的逆同化，俗作「鄧家佬」
4053	九、稱謂（2）職業稱謂/大副	大偈	大偈	tai22 kɐi35	daai6 gai2	大副，船長的第一副手
4054	九、稱謂（2）職業稱謂/管家	管家	管家	kun35 ka55	gun2 gaa1	管家1
4055	九、稱謂（2）職業稱謂/管家	師爺	师爷	ʃi55 jɛ21	si1 je4	管家2.1
4056	九、稱謂（2）職業稱謂/管家	師爺	师爷	sɿ55 jɛ21	sy1 je4	管家2.2
4057	九、稱謂（2）職業稱謂/夥計	夥計	伙计	fɔ35 ki33	fo2 gi3	夥計，合作的人
4058	九、稱謂（2）職業稱謂/廚師	廚師	厨师	tʃʰy21 ʃi55	cyu4 si1	廚師1.1
4059	九、稱謂（2）職業稱謂/廚師	廚師	厨师	tʃʰy21 sɿ55	cyu4 sy1	廚師1.2
4060	九、稱謂（2）職業稱謂/廚師	大師父	大师父	tai22 ʃi55 fu22	daai6 si1 fu6	廚師2.1
4061	九、稱謂（2）職業稱謂/廚師	大師父	大师父	tai22 sɿ55 fu22	daai6 sy1 fu6	廚師2.2
4062	九、稱謂（2）職業稱謂/廚師	伙貓	伙猫	fɔ35 mɛu55	fo2 meu1	廚師3
4063	九、稱謂（2）職業稱謂/廚師	伙頭軍	伙头军	fɔ35 tʰɐu21 kʷɐn55	fo2 tau4 gwan1	廚師4
4064	九、稱謂（2）職業稱謂/廚師	廚房佬	厨房佬	tʃʰy21 fɔŋ21 lu35	cyu4 fong4 lu2	廚師5
4065	九、稱謂（2）職業稱謂/紅案（菜案）	紅案	红案	hʊŋ21 ɔn33	hung4 on3	紅案（菜案），負責烹調菜餚，紅案下的分工和命名不同地區稍有差異，邕菜紅案下分廚雜、水檯、打荷、上雜、燒臘、砧板、候鑊七大工種，加上白案傳統邕菜廚房共八個部門，參攷1987年高光明《烹飪指南》P7-8
4066	九、稱謂（2）職業稱謂/白案（面案）	白案	白案	pak2 ɔn33	baak6 on3	白案（面案），負責主食和麪點的製作
4067	九、稱謂（2）職業稱謂/廚雜（廚工、冷菜）	廚雜	厨杂	tʃʰy21 tʃap2	cyu4 zaap6	廚雜（廚工、冷菜），邕菜紅案七大工種之一，負責廚房衛生，廚具食具的存放、清潔、保管及設備維護，還負責冷菜的製作及冷碟拼擺
4068	九、稱謂（2）職業稱謂/水檯（水案）	水檯	水台	ʃui35 tʰɔi21	sui2 toi4	水檯（水案），邕菜紅案七大工種之一，負責禽類、魚類、蝦類等飛潛動物的宰殺及清洗，也粗略知道豬的宰殺起骨等原理
4069	九、稱謂（2）職業稱謂/打荷（助鍋）	打荷	打荷	ta35 hɔ21	daa2 ho4	打荷（助鍋），邕菜紅案七大工種之一，協助掌勺兒的完成菜品烹製，負責菜品上菜次序、預製加工、調料調配、傳遞菜料、餐具準備及盤飾設計等
4070	九、稱謂（2）職業稱謂/上雜（上什、蒸鍋、籠鍋）	上雜	上杂	ʃœŋ24 tʃap2	soeng5 zaap6	上雜（上什、蒸鍋、籠鍋），邕菜紅案七大工種之一，負責蒸、燉、煲、扣、熬等菜品的製作，以及海味乾貨如鮑魚、海蔘等的泡發
4071	九、稱謂（2）職業稱謂/燒臘（燒烤臘滷）	燒臘	烧腊	ʃiu55 lap2	siu1 laap6	燒臘（燒烤臘滷），邕菜紅案七大工種之一，負責燒烤、滷味和臘味的製作
4072	九、稱謂（2）職業稱謂/砧板（墩子）	砧板	砧板	tʃɐm55 pan35	zam1 baan2	砧板（墩子），邕菜紅案七大工種之一，負責食材的切配和半成品製作，還涉及成本覈算和貨源規劃
4073	九、稱謂（2）職業稱謂/掌勺兒（候鍋、爐頭）	候鑊	候镬	hɐu22 wɔk2	hau6 wok6	掌勺兒（候鍋、爐頭），邕菜紅案七大工種之一，負責菜品的最終烹調工作，且要具備領導安排廚房各部門全盤工作的能力
4074	九、稱謂（2）職業稱謂/師傅	師父	师父	ʃi55 fu22	si1 fu6	師傅1.1，有技藝者
4075	九、稱謂（2）職業稱謂/師傅	師父	师父	sɿ55 fu22	sy1 fu6	師傅1.2，有技藝者
4076	九、稱謂（1）一般稱謂/師母	師奶	师奶	ʃi55 nai55	si1 naai1	師母1.1
4077	九、稱謂（1）一般稱謂/師母	師奶	师奶	sɿ55 nai55	sy1 naai1	師母1.2
4078	九、稱謂（2）職業稱謂/奶媽	奶媽	奶妈	nai24 ma55	naai5 maa1	奶媽
4079	九、稱謂（2）職業稱謂/僕人	使人	使人	ʃɐi35 jɐn21	sai2 jan4	僕人1
4080	九、稱謂（2）職業稱謂/僕人	聽差	听差	tʰɛŋ55 tʃʰai55	teng1 caai1	僕人2，男的
4081	九、稱謂（2）職業稱謂/女僕	使媽	使妈	ʃɐi35 ma55	sai2 maa1	女僕
4082	九、稱謂（2）職業稱謂/丫環	丫環	丫环	ja55 wan21	jaa1 waan4	丫環1
4083	九、稱謂（2）職業稱謂/丫環	丫頭	丫头	ja55 tʰɐu21	jaa1 tau4	丫環2
4084	九、稱謂（2）職業稱謂/丫環	使妹	使妹	ʃɐi35 mui55	sai2 mui1	丫環3
4085	九、稱謂（2）職業稱謂/保姆	保姆	保姆	pu35 mu24	bu2 mu5	保姆1
4086	九、稱謂（2）職業稱謂/保姆	湊崽乸	凑崽乸	tʃʰɐu33 tʃɐi35 na35	cau3 zai2 naa2	保姆2
4087	九、稱謂（2）職業稱謂/保姆	湊仔乸	凑仔乸	tʃʰɐu33 tʃɐi35 na35	cau3 zai2 naa2	保姆2，同「湊崽乸」
4088	九、稱謂（2）職業稱謂/保姆	湊崽婆	凑崽婆	tʃʰɐu33 tʃɐi35 pʰɔ21	cau3 zai2 po4	保姆3
4089	九、稱謂（2）職業稱謂/保姆	湊仔婆	凑仔婆	tʃʰɐu33 tʃɐi35 pʰɔ21	cau3 zai2 po4	保姆3，同「湊崽婆」
4090	九、稱謂（2）職業稱謂/保姆	帶崽婆	带崽婆	tai33 tʃɐi35 pʰɔ21	daai3 zai2 po4	保姆4
4091	九、稱謂（2）職業稱謂/保姆	帶仔婆	带仔婆	tai33 tʃɐi35 pʰɔ21	daai3 zai2 po4	保姆4，同「帶崽婆」
4092	九、稱謂（2）職業稱謂/帶孩子	湊崽	凑崽	tʃʰɐu33 tʃɐi35	cau3 zai2	帶孩子
4093	九、稱謂（2）職業稱謂/帶孩子	湊仔	凑仔	tʃʰɐu33 tʃɐi35	cau3 zai2	帶孩子，同「湊崽」
4094	九、稱謂（2）職業稱謂/接生婆	接生婆	接生婆	tʃip3 ʃaŋ55 pʰɔ21	zip3 saang1 po4	接生婆1
4095	九、稱謂（2）職業稱謂/接生婆	執媽	执妈	tʃɐp5 ma55	zap1 maa1	接生婆2
4096	九、稱謂（2）職業稱謂/接生婆	收生婆	收生婆	ʃɐu55 ʃaŋ55 pʰɔ21	sau1 saang1 po4	接生婆3
4097	九、稱謂（2）職業稱謂/和尚	和尚	和尚	wɔ21 ʃœŋ35	wo4 soeng2	和尚
4098	九、稱謂（2）職業稱謂/尼姑	尼姑	尼姑	ni21 ku55	ni4 gu1	尼姑1.1
4099	九、稱謂（2）職業稱謂/尼姑	尼姑	尼姑	nɐi21 ku55	nai4 gu1	尼姑1.2
4100	九、稱謂（2）職業稱謂/道士	道士	道士	tu22 ʃi22	du6 si6	道士1.1，出家的道教徒
4101	九、稱謂（2）職業稱謂/道士	道士	道士	tu22 sɿ22	du6 sy6	道士2.1，出家的道教徒
4102	九、稱謂（2）職業稱謂/道士	道公	道公	tu22 kʊŋ55	du6 gung1	道士2
4103	九、稱謂（2）職業稱謂/道士	喃嘸佬	喃呒佬	nam55 mɔ55 lu35	naam1 mo1 lu2	道士3
4104	九、稱謂（2）職業稱謂/道士	道公佬	道公佬	tu22 kʊŋ55 lu35	du6 gung1 lu2	道士4
4105	九、稱謂（2）職業稱謂/道士	道士佬	道士佬	tu22 ʃi22 lu35	du6 si6 lu2	道士5.1
4106	九、稱謂（2）職業稱謂/道士	道士佬	道士佬	tu22 sɿ22 lu35	du6 sy6 lu2	道士5.2
4107	九、稱謂（2）職業稱謂/師公	師公	师公	ʃi55 kʊŋ55	si1 gung1	師公1.1
4108	九、稱謂（2）職業稱謂/師公	師公	师公	sɿ55 kʊŋ55	sy1 gung1	師公1.2
4109	九、稱謂（2）職業稱謂/出家	出家	出家	tʃʰyt5 ka55	cyut1 gaa1	出家
4110	九、稱謂（2）職業稱謂/出家人	出家人	出家人	tʃʰyt5 ka55 jɐn21	cyut1 gaa1 jan4	出家人
4111	九、稱謂（2）職業稱謂/住持	住持	住持	tʃy22 tʃʰi21	zyu6 ci4	住持
4112	十、親屬（1）長輩/長輩	長輩	长辈	tʃœŋ35 pui33	zoeng2 bui3	長輩1
4113	十、親屬（1）長輩/長輩	老一趟	老一趟	lu24 a55 tʰɔŋ33	lu5 aa1 tong3	長輩2，老一輩
4114	十、親屬（1）長輩/長輩	老輩	老辈	lu24 pui33	lu5 bui3	長輩3
4115	十、親屬（1）長輩/這輩人	阿趟人	阿趟人	a33 tʰɔŋ33 jɐn21	aa3 tong3 jan4	這輩人
4116	十、親屬（1）長輩/祖先	老祖	老祖	lu24 tʃu35	lu5 zu2	祖先
4117	十、親屬（1）長輩/曾祖父	太公	太公	tʰai33 kʊŋ55	taai3 gung1	曾祖父1，敘稱
4118	十、親屬（1）長輩/曾祖父	阿祖	阿祖	a33 tʃu35	aa3 zu2	曾祖父2，面稱
4119	十、親屬（1）長輩/曾祖父	祖祖	祖祖	tʃu35 tʃu35	zu2 zu2	曾祖父3，面稱
4120	十、親屬（1）長輩/曾祖母	太婆	太婆	tʰai33 pʰɔ21	taai3 po4	曾祖母1，敘稱
4121	十、親屬（1）長輩/曾祖母	阿太	阿太	a33 tʰai33	aa3 taai3	曾祖母2，敘稱
4122	十、親屬（1）長輩/曾祖母	阿祖	阿祖	a33 tʃu35	aa3 zu2	曾祖母3，面稱
4123	十、親屬（1）長輩/曾祖母	祖祖	祖祖	tʃu35 tʃu35	zu2 zu2	曾祖母4，面稱
4124	十、親屬（1）長輩/外曾祖父	外太公	外太公	ŋɔi22 tʰai33 kʊŋ55	ngoi6 taai3 gung1	外曾祖父
4125	十、親屬（1）長輩/外曾祖母	外太婆	外太婆	ŋɔi22 tʰai33 pʰɔ21	ngoi6 taai3 po4	外曾祖母
4126	十、親屬（1）長輩/祖父	爺爺	爷爷	jɛ21 jɛ35	je4 je2	祖父1
4127	十、親屬（1）長輩/祖父	阿爺	阿爷	a33 jɛ21	aa3 je4	祖父2
4128	十、親屬（1）長輩/祖父	阿公	阿公	a33 kʊŋ55	aa3 gung1	祖父3，也泛稱老人
4129	十、親屬（1）長輩/祖母	奶奶	奶奶	nai21 nai35	naai4 naai2	祖母1
4130	十、親屬（1）長輩/祖母	阿奶	阿奶	a33 nai55	aa3 naai1	祖母2
4131	十、親屬（1）長輩/祖母	老奶	老奶	lu24 nai55	lu5 naai1	祖母3
4132	十、親屬（1）長輩/祖母	阿婆	阿婆	a33 pʰɔ21	aa3 po4	祖母4，也泛稱老人
4133	十、親屬（1）長輩/祖母	阿嫲	阿嫲	a33 ma21	aa3 maa4	祖母5.1，老派用法，已罕用
4134	十、親屬（1）長輩/祖母	阿嫲	阿嫲	a33 ma35	aa3 maa2	祖母5.2，老派用法，已罕用
4135	十、親屬（1）長輩/外祖父	外公	外公	ŋɔi22 kʊŋ55	ngoi6 gung1	外祖父1
4136	十、親屬（1）長輩/外祖父	公公	公公	kʊŋ55 kʊŋ55	gung1 gung1	外祖父2
4137	十、親屬（1）長輩/外祖父	阿公	阿公	a33 kʊŋ55	aa3 gung1	外祖父3
4138	十、親屬（1）長輩/外祖母	外婆	外婆	ŋɔi22 pʰɔ21	ngoi6 po4	外祖母1
4139	十、親屬（1）長輩/外祖母	婆婆	婆婆	pʰɔ21 pʰɔ35	po4 po2	外祖母2
4140	十、親屬（1）長輩/外祖母	阿婆	阿婆	a33 pʰɔ21	aa3 po4	外祖母3
4141	十、親屬（1）長輩/父親	阿爸	阿爸	a33 pa55	aa3 baa1	父親1.1
4142	十、親屬（1）長輩/父親	爸	爸	pa55	baa1	父親1.2
4143	十、親屬（1）長輩/父親	爸爸	爸爸	pa21 pa55	baa4 baa1	父親2
4144	十、親屬（1）長輩/父親	老竇	老窦	lu24 tɐu22	lu5 dau6	父親3
4145	十、親屬（1）長輩/父親	老嘢	老嘢	lu24 jɛ24	lu5 je5	父親4，敘稱
4146	十、親屬（1）長輩/父親	老爹	老爹	lau55 kɛ55	laau1 ge1	父親5，敘稱，「爹」爲借字，當源自官話「老桿子（桿子的合音）」或「老鬼」
4147	十、親屬（1）長輩/母親	阿媽	阿妈	a33 ma55	aa3 maa1	母親1.1
4148	十、親屬（1）長輩/母親	媽	妈	ma55	maa1	母親1.2
4149	十、親屬（1）長輩/母親	媽媽	妈妈	ma21 ma55	maa4 maa1	母親2
4150	十、親屬（1）長輩/母親	老乸	老乸	lu24 na35	lu5 naa2	母親3，敘稱
4151	十、親屬（1）長輩/母親	老孃	老娘	lau55 nɛŋ55	laau1 neng1	母親4，敘稱
4152	十、親屬（1）長輩/母親	老媽子	老妈子	lu24 ma55 tʃi35	lu5 maa1 zi2	母親5.1，敘稱
4153	十、親屬（1）長輩/母親	老媽子	老妈子	lu24 ma55 tsɿ35	lu5 maa1 zy2	母親5.2，敘稱
4154	十、親屬（1）長輩/父母	老竇老乸	老窦老乸	lu24 tɐu22 lu24 na35	lu5 dau6 lu5 naa2	父母，合稱
4155	十、親屬（1）長輩/岳父	外父佬	外父佬	ŋɔi22 fu22 lu35	ngoi6 fu6 lu2	岳父1，敘稱
4156	十、親屬（1）長輩/岳父	外父	外父	ŋɔi22 fu22	ngoi6 fu6	岳父2，敘稱
4157	十、親屬（1）長輩/岳母	外母乸	外母乸	ŋɔi22 mu24 na35	ngoi6 mu5 naa2	岳母1，敘稱
4158	十、親屬（1）長輩/岳母	外母	外母	ŋɔi22 mu24	ngoi6 mu5	岳母2，敘稱
4159	十、親屬（1）長輩/公公	家公	家公	ka55 kʊŋ55	gaa1 gung1	夫之父，敘稱
4160	十、親屬（1）長輩/婆婆	家婆	家婆	ka55 pʰɔ21	gaa1 po4	夫之母，敘稱
4161	十、親屬（1）長輩/繼父	後爸	后爸	hɐu22 pa55	hau6 baa1	繼父1，敘稱
4162	十、親屬（1）長輩/繼父	後老竇	后老窦	hɐu22 lu24 tɐu22	hau6 lu5 dau6	繼父2，敘稱
4163	十、親屬（1）長輩/繼母	後乸	后乸	hɐu22 na35	hau6 naa2	繼母1，敘稱
4164	十、親屬（1）長輩/繼母	後媽	后妈	hɐu22 ma55	hau6 maa1	繼母2，敘稱
4165	十、親屬（1）長輩/繼母	後底乸	后底乸	hɐu22 tɐi35 na35	hau6 dai2 naa2	繼母3，敘稱
4166	十、親屬（1）長輩/繼母	後老乸	后老乸	hɐu22 lu24 na35	hau6 lu5 naa2	繼母4，敘稱
4167	十、親屬（1）長輩/乾爹	契爺	契爷	kʰɐi33 jɛ21	kai3 je4	乾爹
4168	十、親屬（1）長輩/乾媽	契媽	契妈	kʰɐi33 ma55	kai3 maa1	乾媽
4169	十、親屬（1）長輩/伯父	阿伯	阿伯	a33 pak3	aa3 baak3	伯父1，父之兄，也用於對一般長輩的敬稱
4170	十、親屬（1）長輩/伯父	伯	伯	pak3	baak3	伯父2，（幾）伯，大伯、二伯等等
4171	十、親屬（1）長輩/伯父	伯爺	伯爷	pak3 jɛ21	baak3 je4	伯父3，（幾）伯爺，大伯爺、二伯爺等等
4172	十、親屬（1）長輩/伯父	大伯	大伯	tai22 pak3	daai6 baak3	伯父4，父之兄，敘稱
4173	十、親屬（1）長輩/伯母	伯母	伯母	pak3 mu35	baak3 mu2	伯母1.1，父之嫂，也用於對一般長輩的敬稱
4174	十、親屬（1）長輩/伯母	伯母	伯母	pak3 mu24	baak3 mu5	伯母1.2，父之嫂，也用於對一般長輩的敬稱
4175	十、親屬（1）長輩/伯母	伯孃	伯娘	pak3 nœŋ21	baak3 noeng4	伯母2
4176	十、親屬（1）長輩/叔父	阿叔	阿叔	a33 ʃʊk5	aa3 suk1	叔父1
4177	十、親屬（1）長輩/叔父	叔	叔	ʃʊk5	suk1	叔父2，（幾）叔
4178	十、親屬（1）長輩/排行最小的叔父	晚叔	晚叔	man24 ʃʊk5	maan5 suk1	排行最小的叔父
4179	十、親屬（1）長輩/叔母	阿嬸	阿婶	a33 ʃɐm35	aa3 sam2	叔母1
4180	十、親屬（1）長輩/叔母	嬸	婶	ʃɐm35	sam2	叔母2，（幾）嬸
4181	十、親屬（1）長輩/叔公	叔公	叔公	ʃʊk5 kʊŋ55	suk1 gung1	父之叔
4182	十、親屬（1）長輩/叔婆	叔婆	叔婆	ʃʊk5 pʰɔ21	suk1 po4	父之嬸
4183	十、親屬（1）長輩/舅父	舅父	舅父	kʰɐu24 fu35	kau5 fu2	舅父1
4184	十、親屬（1）長輩/舅父	阿父	阿父	a33 fu22	aa3 fu6	舅父2
4185	十、親屬（1）長輩/舅母	妗母	妗母	kʰɐm24 mu35	kam5 mu2	舅母1.1
4186	十、親屬（1）長輩/舅母	妗母	妗母	kʰɐm24 mu24	kam5 mu5	舅母1.2
4187	十、親屬（1）長輩/舅母	舅母	舅母	kʰɐu24 mu35	kau5 mu2	舅母2.1
4188	十、親屬（1）長輩/舅母	舅母	舅母	kʰɐu24 mu24	kau5 mu5	舅母2.2
4189	十、親屬（1）長輩/舅母	舅媽	舅妈	kʰɐu24 ma55	kau5 maa1	舅母3
4190	十、親屬（1）長輩/舅公	舅公	舅公	kʰɐu24 kʊŋ55	kau5 gung1	舅公，父親或母親的舅舅
4191	十、親屬（1）長輩/舅婆	舅婆	舅婆	kʰɐu24 pʰɔ21	kau5 po4	舅婆，父親或母親的舅母
4192	十、親屬（1）長輩/舅奶奶	妗婆	妗婆	kʰɐm24 pʰɔ21	kam5 po4	舅奶奶，父親的舅母
4193	十、親屬（1）長輩/天上雷公，地下舅公	天上雷公，地下舅公	天上雷公，地下舅公	tʰin55 ʃœŋ22 lui21 kʊŋ55，ti22 ha22 kʰɐu24 kʊŋ55	tin1 soeng6 lui4 gung1，di6 haa6 kau5 gung1	天上雷公，地下舅公，俗語，舊時稱舅公的地位與雷公一樣高
4194	十、親屬（1）長輩/姑媽	姑媽	姑妈	ku55 ma55	gu1 maa1	姑媽，父之姐
4195	十、親屬（1）長輩/姑姑	阿姑	阿姑	a33 ku55	aa3 gu1	姑姑1，父之妹
4196	十、親屬（1）長輩/姑姑	姑姑	姑姑	ku55 ku55	gu1 gu1	姑姑2，父之妹
4197	十、親屬（1）長輩/姑姑	姑	姑	ku55	gu1	姑姑3，（幾）姑
4198	十、親屬（1）長輩/姨媽	阿母	阿母	a33 mu35	aa3 mu2	姨媽1，母之姐
4199	十、親屬（1）長輩/姨媽	姨母	姨母	ji21 mu24	ji4 mu5	姨媽2
4200	十、親屬（1）長輩/姨媽	姨媽	姨妈	ji21 ma55	ji4 maa1	姨媽3
4201	十、親屬（1）長輩/姨孃	阿姨	阿姨	a33 ji55	aa3 ji1	姨孃1，母之妹
4202	十、親屬（1）長輩/姨孃	阿孃	阿孃	a33 nœŋ55	aa3 noeng1	姨孃2
4203	十、親屬（1）長輩/姨孃	孃孃	孃孃	nœŋ55 nœŋ55	noeng1 noeng1	姨孃3
4204	十、親屬（1）長輩/姨孃	姨	姨	ji55	ji1	姨孃4，（幾）姨
4205	十、親屬（1）長輩/姑夫	姑丈	姑丈	ku55 tʃœŋ35	gu1 zoeng2	姑夫1.1，姑父
4206	十、親屬（1）長輩/姑夫	姑丈	姑丈	ku55 tʃœŋ22	gu1 zoeng6	姑夫1.2，姑父
4207	十、親屬（1）長輩/姑夫	姑爹	姑爹	ku55 tɛ55	gu1 de1	姑夫2，姑父
4208	十、親屬（1）長輩/姨夫	姨丈	姨丈	ji21 tʃœŋ35	ji4 zoeng2	姨夫1.1，姨父
4209	十、親屬（1）長輩/姨夫	姨丈	姨丈	ji21 tʃœŋ22	ji4 zoeng6	姨夫1.2，姨父
4210	十、親屬（1）長輩/姑奶奶	姑婆	姑婆	ku55 pʰɔ21	gu1 po4	姑奶奶1，父母之姑母
4211	十、親屬（1）長輩/姑奶奶	姑太	姑太	ku55 tʰai33	gu1 taai3	姑奶奶2，父母之姑母
4212	十、親屬（1）長輩/姨奶奶	姨婆	姨婆	ji21 pʰɔ21	ji4 po4	姨奶奶，父母之姨母
4213	十、親屬（2）平輩/平輩	同輩	同辈	tʰʊŋ21 pui33	tung4 bui3	平輩
4214	十、親屬（2）平輩/排行	排行	排行	pʰai21 hɔŋ21	paai4 hong4	排行
4215	十、親屬（2）平輩/夫妻	夫妻	夫妻	fu55 tʃʰɐi55	fu1 cai1	夫妻1
4216	十、親屬（2）平輩/夫妻	兩老	两老	lœŋ24 lu24	loeng5 lu5	夫妻2
4217	十、親屬（2）平輩/夫妻	兩老大	两老大	lœŋ24 lu24 tai35	loeng5 lu5 daai2	夫妻3
4218	十、親屬（2）平輩/夫妻	兩公婆	两公婆	lœŋ24 kʊŋ55 pʰɔ21	loeng5 gung1 po4	夫妻4
4219	十、親屬（2）平輩/夫	老公	老公	lu24 kʊŋ55	lu5 gung1	夫
4220	十、親屬（2）平輩/妻	老婆	老婆	lu24 pʰɔ21	lu5 po4	妻
4221	十、親屬（2）平輩/大老婆	大婆	大婆	tai22 pʰɔ21	daai6 po4	大老婆
4222	十、親屬（2）平輩/小老婆	細婆	细婆	ɬɐi33 pʰɔ21	slai3 po4	小老婆1
4223	十、親屬（2）平輩/小老婆	二奶	二奶	ji22 nai55	ji6 naai1	小老婆2
4224	十、親屬（2）平輩/大伯子	大伯	大伯	tai22 pak3	daai6 baak3	大伯子，夫之兄
4225	十、親屬（2）平輩/小叔子	叔崽	叔崽	ʃʊk5 tʃɐi35	suk1 zai2	小叔子1，夫之弟
4226	十、親屬（2）平輩/小叔子	叔仔	叔仔	ʃʊk5 tʃɐi35	suk1 zai2	小叔子1，夫之弟，同「叔崽」
4227	十、親屬（2）平輩/小叔子	細叔	细叔	ɬɐi33 ʃʊk5	slai3 suk1	小叔子2，夫之弟
4228	十、親屬（2）平輩/小叔子	細叔崽	细叔崽	ɬɐi33 ʃʊk5 tʃɐi35	slai3 suk1 zai2	小叔子3，夫之弟
4229	十、親屬（2）平輩/小叔子	細叔仔	细叔仔	ɬɐi33 ʃʊk5 tʃɐi35	slai3 suk1 zai2	小叔子3，夫之弟，同「細叔崽」
4230	十、親屬（2）平輩/大姑子	姑姐	姑姐	ku55 tʃɛ55	gu1 ze1	大姑子1，夫之姐
4231	十、親屬（2）平輩/大姑子	姑媽	姑妈	ku55 ma55	gu1 maa1	大姑子2，夫之姐，罕稱
4232	十、親屬（2）平輩/大姑子	大姑	大姑	tai22 ku55	daai6 gu1	大姑子3，夫之姐
4233	十、親屬（2）平輩/小姑子	姑崽	姑崽	ku55 tʃɐi35	gu1 zai2	小姑子，夫之妹
4234	十、親屬（2）平輩/小姑子	姑仔	姑仔	ku55 tʃɐi35	gu1 zai2	小姑子，夫之妹，同「姑崽」
4235	十、親屬（2）平輩/內兄弟	舅崽	舅崽	kʰɐu24 tʃɐi35	kau5 zai2	內兄弟1，妻之兄弟
4236	十、親屬（2）平輩/內兄弟	舅仔	舅仔	kʰɐu24 tʃɐi35	kau5 zai2	內兄弟1，妻之兄弟，同「舅崽」
4237	十、親屬（2）平輩/內兄弟	舅父	舅父	kʰɐu24 fu35	kau5 fu2	內兄弟2，妻之兄弟，罕稱
4238	十、親屬（2）平輩/內兄弟	舅爺	舅爷	kʰɐu24 jɛ21	kau5 je4	內兄弟3，妻之兄弟，也單指內兄，妻之兄
4239	十、親屬（2）平輩/內兄	大舅	大舅	tai22 kʰɐu24	daai6 kau5	內兄1，妻之兄
4240	十、親屬（2）平輩/內兄	大舅佬	大舅佬	tai22 kʰɐu24 lu35	daai6 kau5 lu2	內兄2，妻之兄
4241	十、親屬（2）平輩/內兄	舅爺	舅爷	kʰɐu24 jɛ21	kau5 je4	內兄3，妻之兄
4242	十、親屬（2）平輩/內兄	大舅爺	大舅爷	tai22 kʰɐu24 jɛ21	daai6 kau5 je4	內兄4，妻之兄
4243	十、親屬（2）平輩/內弟	舅崽	舅崽	kʰɐu24 tʃɐi35	kau5 zai2	內弟1，妻之弟
4244	十、親屬（2）平輩/內弟	舅仔	舅仔	kʰɐu24 tʃɐi35	kau5 zai2	內弟1，妻之弟，同「舅崽」
4245	十、親屬（2）平輩/內弟	細舅爺	细舅爷	ɬɐi33 kʰɐu24 jɛ21	slai3 kau5 je4	內弟2，妻之弟
4246	十、親屬（2）平輩/內弟	細舅崽	细舅崽	ɬɐi33 kʰɐu24 tʃɐi35	slai3 kau5 zai2	內弟3，妻之弟
4247	十、親屬（2）平輩/內弟	細舅仔	细舅仔	ɬɐi33 kʰɐu24 tʃɐi35	slai3 kau5 zai2	內弟3，妻之弟，同「細舅崽」
4248	十、親屬（2）平輩/大姨子	大姐	大姐	tai22 tʃɛ35	daai6 ze2	大姨子1，妻之姐
4249	十、親屬（2）平輩/大姨子	大姨	大姨	tai22 ji55	daai6 ji1	大姨子2，妻之姐
4250	十、親屬（2）平輩/小姨子	姨崽	姨崽	ji55 tʃɐi35	ji1 zai2	小姨子1，妻之妹
4251	十、親屬（2）平輩/小姨子	姨仔	姨仔	ji55 tʃɐi35	ji1 zai2	小姨子1，妻之妹，同「姨崽」
4252	十、親屬（2）平輩/小姨子	細姨崽	细姨崽	ɬɐi33 ji55 tʃɐi35	slai3 ji1 zai2	小姨子2，妻之妹
4253	十、親屬（2）平輩/小姨子	細姨仔	细姨仔	ɬɐi33 ji55 tʃɐi35	slai3 ji1 zai2	小姨子2，妻之妹，同「姨崽」
4254	十、親屬（2）平輩/弟兄	兄弟	兄弟	heŋ55 tɐi22	hing1 dai6	弟兄
4255	十、親屬（2）平輩/兄弟同心，其利斷金	兄弟同心，其利斷金	兄弟同心，其利断金	heŋ55 tɐi22 tʰʊŋ21 ɬɐm55，kʰi21 li22 tʰyn24 kɐm55	hing1 dai6 tung4 slam1，ki4 li6 tyun5 gam1	兄弟同心，其利斷金，諺語，比如團結一致可以產生強大力量
4256	十、親屬（2）平輩/姊妹	姊妹	姊妹	tʃi35 mui22	zi2 mui6	姊妹1.1
4257	十、親屬（2）平輩/姊妹	姊妹	姊妹	tsɿ35 mui22	zy2 mui6	姊妹1.2
4258	十、親屬（2）平輩/姊妹	姐妹	姐妹	tʃɛ35 mui22	ze2 mui6	姊妹2
4259	十、親屬（2）平輩/哥哥	阿哥	阿哥	a33 kɔ55	aa3 go1	哥哥1
4260	十、親屬（2）平輩/哥哥	哥哥	哥哥	kɔ21 kɔ55	go4 go1	哥哥2
4261	十、親屬（2）平輩/哥哥	哥	哥	kɔ55	go1	哥哥3，（幾）哥
4262	十、親屬（2）平輩/哥哥	大佬	大佬	tai22 lu35	daai6 lu2	哥哥4
4263	十、親屬（2）平輩/嫂子	阿嫂	阿嫂	a33 ɬu35	aa3 slu2	嫂子1
4264	十、親屬（2）平輩/嫂子	大嫂	大嫂	tai22 ɬu35	daai6 slu2	嫂子2
4265	十、親屬（2）平輩/嫂子	嫂	嫂	ɬu35	slu2	嫂子3，（幾）嫂
4266	十、親屬（2）平輩/弟弟	阿弟	阿弟	a33 ti35	aa3 di2	弟弟1
4267	十、親屬（2）平輩/弟弟	弟弟	弟弟	ti21 ti35	di4 di2	弟弟2.1
4268	十、親屬（2）平輩/弟弟	弟弟	弟弟	tɐi21 tɐi35	dai4 dai2	弟弟2.2
4269	十、親屬（2）平輩/弟弟	細佬	细佬	ɬɐi33 lu35	slai3 lu2	弟弟3，敘稱
4270	十、親屬（2）平輩/弟弟妹妹	細佬妹	细佬妹	ɬɐi33 lu35 mui35	slai3 lu2 mui2	弟弟妹妹
4271	十、親屬（2）平輩/弟媳	弟婦	弟妇	tɐi22 fu24	dai6 fu5	弟媳1
4272	十、親屬（2）平輩/弟媳	細嬸	细婶	ɬɐi33 ʃɐm35	slai3 sam2	弟媳2，敘稱
4273	十、親屬（2）平輩/姐姐	阿姐	阿姐	a33 tʃɛ55	aa3 ze1	姐姐1.1
4274	十、親屬（2）平輩/姐姐	姐	姐	tʃɛ55	ze1	姐姐1.2
4275	十、親屬（2）平輩/姐姐	姐姐	姐姐	tʃɛ21 tʃɛ55	ze4 ze1	姐姐2.1，年齡較小者
4276	十、親屬（2）平輩/姐姐	姐姐	姐姐	tʃɛ55 tʃɛ55	ze1 ze1	姐姐2.2，年齡較大者
4277	十、親屬（2）平輩/姐姐	阿家	阿家	a33 ka55	aa3 gaa1	姐姐3.1
4278	十、親屬（2）平輩/姐姐	家	家	ka55	gaa1	姐姐3.2
4279	十、親屬（2）平輩/姐姐	家姐	家姐	ka55 tʃɛ55	gaa1 ze1	姐姐4
4280	十、親屬（2）平輩/姐姐	大姐	大姐	tai22 tʃɛ35	daai6 ze2	姐姐5，敘稱
4281	十、親屬（2）平輩/姐姐	大姐姐	大姐姐	tai22 tʃɛ55 tʃɛ55	daai6 ze1 ze1	姐姐6，尊稱
4282	十、親屬（2）平輩/姐夫	姐夫	姐夫	tʃɛ35 fu55	ze2 fu1	姐夫
4283	十、親屬（2）平輩/姐（泛稱）	姐	姐	tʃɛ35	ze2	姐（泛稱），泛稱比自己年長的女子，如「李姐、楊姐」
4284	十、親屬（2）平輩/妹妹	阿妹	阿妹	a33 mui35	aa3 mui2	妹妹1
4285	十、親屬（2）平輩/妹妹	妹妹	妹妹	mui21 mui35	mui4 mui2	妹妹2
4286	十、親屬（2）平輩/妹妹	細妹	细妹	ɬɐi33 mui22	slai3 mui6	妹妹3，敘稱
4287	十、親屬（2）平輩/妹夫	妹夫	妹夫	mui22 fu55	mui6 fu1	妹夫1.2
4288	十、親屬（2）平輩/妹夫	妹夫	妹夫	mui35 fu55	mui2 fu1	妹夫1.1
4289	十、親屬（2）平輩/堂兄弟	堂兄弟	堂兄弟	tʰɔŋ21 heŋ55 tɐi22	tong4 hing1 dai6	堂兄弟1
4290	十、親屬（2）平輩/堂兄弟	叔伯兄弟	叔伯兄弟	ʃʊk5 pak3 heŋ55 tɐi22	suk1 baak3 hing1 dai6	堂兄弟2
4291	十、親屬（2）平輩/堂兄	堂哥	堂哥	tʰɔŋ21 kɔ55	tong4 go1	堂兄1，敘稱，面稱均稱「哥」
4292	十、親屬（2）平輩/堂兄	堂大佬	堂大佬	tʰɔŋ21 tai22 lu35	tong4 daai6 lu2	堂兄2，敘稱
4293	十、親屬（2）平輩/堂兄	疏堂大佬	疏堂大佬	ʃɔ55 tʰɔŋ21 tai22 lu35	so1 tong4 daai6 lu2	堂兄3，敘稱
4294	十、親屬（2）平輩/堂兄	叔伯大佬	叔伯大佬	ʃʊk5 pak3 tai22 lu35	suk1 baak3 daai6 lu2	堂兄4，敘稱
4295	十、親屬（2）平輩/堂弟	堂細佬	堂细佬	tʰɔŋ21 ɬɐi33 lu35	tong4 slai3 lu2	堂弟1，敘稱，面稱均稱「弟」或呼名
4296	十、親屬（2）平輩/堂弟	疏堂細佬	疏堂细佬	ʃɔ55 tʰɔŋ21 ɬɐi33 lu35	so1 tong4 slai3 lu2	堂弟2，敘稱
4297	十、親屬（2）平輩/堂弟	叔伯細佬	叔伯细佬	ʃʊk5 pak3 ɬɐi33 lu35	suk1 baak3 slai3 lu2	堂弟3，敘稱
4298	十、親屬（2）平輩/堂姊妹	堂姊妹	堂姊妹	tʰɔŋ21 tʃi35 mui22	tong4 zi2 mui6	堂姊妹1.1
4299	十、親屬（2）平輩/堂姊妹	堂姊妹	堂姊妹	tʰɔŋ21 tsɿ35 mui22	tong4 zy2 mui6	堂姊妹1.2
4300	十、親屬（2）平輩/堂姊妹	堂姐妹	堂姐妹	tʰɔŋ21 tʃɛ35 mui22	tong4 ze2 mui6	堂姊妹2
4301	十、親屬（2）平輩/堂姊妹	叔伯姐妹	叔伯姐妹	ʃʊk5 pak3 tʃɛ35 mui22	suk1 baak3 ze2 mui6	堂姊妹3
4302	十、親屬（2）平輩/堂姐	堂姐	堂姐	tʰɔŋ21 tʃɛ35	tong4 ze2	堂姐1，敘稱，面稱均稱「姐」
4303	十、親屬（2）平輩/堂姐	堂大姐	堂大姐	tʰɔŋ21 tai22 tʃɛ35	tong4 daai6 ze2	堂姐2，敘稱
4304	十、親屬（2）平輩/堂姐	疏堂大姐	疏堂大姐	ʃɔ55 tʰɔŋ21 tai22 tʃɛ35	so1 tong4 daai6 ze2	堂姐3，敘稱
4305	十、親屬（2）平輩/堂姐	叔伯大姐	叔伯大姐	ʃʊk5 pak3 tai22 tʃɛ35	suk1 baak3 daai6 ze2	堂姐4，敘稱
4306	十、親屬（2）平輩/堂妹	堂妹	堂妹	tʰɔŋ21 mui35	tong4 mui2	堂妹1，敘稱，面稱均稱「妹」或呼名
4307	十、親屬（2）平輩/堂妹	堂細妹	堂细妹	tʰɔŋ21 ɬɐi33 mui22	tong4 slai3 mui6	堂妹2，敘稱
4308	十、親屬（2）平輩/堂妹	疏堂細妹	疏堂细妹	ʃɔ55 tʰɔŋ21 ɬɐi33 mui22	so1 tong4 slai3 mui6	堂妹3，敘稱
4309	十、親屬（2）平輩/堂妹	叔伯細妹	叔伯细妹	ʃʊk5 pak3 ɬɐi33 mui22	suk1 baak3 slai3 mui6	堂妹4，敘稱
4310	十、親屬（2）平輩/表兄弟	老表	老表	lu24 piu35	lu5 biu2	表兄弟，敘稱
4311	十、親屬（2）平輩/表兄	表哥	表哥	piu35 kɔ55	biu2 go1	表兄
4312	十、親屬（2）平輩/表嫂	表嫂	表嫂	piu35 ɬu35	biu2 slu2	表嫂
4313	十、親屬（2）平輩/表弟	表弟	表弟	piu35 tɐi22	biu2 dai6	表弟
4314	十、親屬（2）平輩/表姊妹	老表	老表	lu24 piu35	lu5 biu2	表姊妹，敘稱
4315	十、親屬（2）平輩/表姐	表姐	表姐	piu35 tʃɛ35	biu2 ze2	表姐
4316	十、親屬（2）平輩/表妹	表妹	表妹	piu35 mui35	biu2 mui2	表妹
4317	十、親屬（3）晚輩/晚輩	晚輩	晚辈	man24 pui33	maan5 bui3	晚輩
4318	十、親屬（3）晚輩/子女	崽女	崽女	tʃɐi35 ny35	zai2 nyu2	子女1
4319	十、親屬（3）晚輩/子女	仔女	仔女	tʃɐi35 ny35	zai2 nyu2	子女1，同「崽女」
4320	十、親屬（3）晚輩/子女	細蚊崽	细蚊崽	ɬɐi33 mɐn55 tʃɐi35	slai3 man1 zai2	子女2
4321	十、親屬（3）晚輩/子女	細蚊仔	细蚊仔	ɬɐi33 mɐn55 tʃɐi35	slai3 man1 zai2	子女2，同「細蚊崽」
4322	十、親屬（3）晚輩/子女	鬼崽	鬼崽	kʷɐi35 tʃɐi35	gwai2 zai2	子女3
4323	十、親屬（3）晚輩/子女	鬼仔	鬼仔	kʷɐi35 tʃɐi35	gwai2 zai2	子女3，同「鬼崽」
4324	十、親屬（3）晚輩/子女	細鬼	细鬼	ɬɐi33 kʷɐi35	slai3 gwai2	子女4
4325	十、親屬（3）晚輩/兒子	崽	崽	tʃɐi35	zai2	兒子
4326	十、親屬（3）晚輩/兒子	仔	仔	tʃɐi35	zai2	兒子，同「崽」
4327	十、親屬（3）晚輩/大兒子	大崽	大崽	tai22 tʃɐi35	daai6 zai2	大兒子1
4328	十、親屬（3）晚輩/大兒子	大仔	大仔	tai22 tʃɐi35	daai6 zai2	大兒子1，同「大崽」
4329	十、親屬（3）晚輩/大兒子	老大	老大	lu24 tai22	lu5 daai6	大兒子2
4330	十、親屬（3）晚輩/小兒子	細崽	细崽	ɬɐi33 tʃɐi35	slai3 zai2	小兒子1
4331	十、親屬（3）晚輩/小兒子	細仔	细仔	ɬɐi33 tʃɐi35	slai3 zai2	小兒子1，同「細崽」
4332	十、親屬（3）晚輩/小兒子	晚崽	晚崽	man24 tʃɐi35	maan5 zai2	小兒子2，最小的兒子
4333	十、親屬（3）晚輩/小兒子	晚仔	晚仔	man24 tʃɐi35	maan5 zai2	小兒子2，最小的兒子，同「晚崽」
4334	十、親屬（3）晚輩/大女兒	大女	大女	tai22 ny35	daai6 nyu2	大女兒
4335	十、親屬（3）晚輩/小女兒	細女	细女	ɬɐi33 ny35	slai3 nyu2	小女兒1，最小的女兒
4336	十、親屬（3）晚輩/小女兒	晚女	晚女	man24 ny35	maan5 nyu2	小女兒2，最小的女兒
4337	十、親屬（3）晚輩/養子	養崽	养崽	jœŋ24 tʃɐi35	joeng5 zai2	養子
4338	十、親屬（3）晚輩/養子	養仔	养仔	jœŋ24 tʃɐi35	joeng5 zai2	養子，同「養崽」
4339	十、親屬（3）晚輩/兒媳婦	新婦	新妇	ɬɐn55 pʰu24	slan1 pu5	兒媳婦，也有後字逆同化讀「心婦」，俗作「心抱」
4340	十、親屬（3）晚輩/女兒	女	女	ny35	nyu2	女兒
4341	十、親屬（3）晚輩/女壻（女婿）	姑爺	姑爷	ku55 jɛ21	gu1 je4	女壻（女婿）
4342	十、親屬（3）晚輩/乾兒子	契崽	契崽	kʰɐi33 tʃɐi35	kai3 zai2	乾兒子
4343	十、親屬（3）晚輩/乾兒子	契仔	契仔	kʰɐi33 tʃɐi35	kai3 zai2	乾兒子，同「契崽」
4344	十、親屬（3）晚輩/乾女兒	契女	契女	kʰɐi33 ny35	kai3 nyu2	乾女兒
4345	十、親屬（3）晚輩/孫子	孫	孙	ɬyn55	slyun1	孫子1
4346	十、親屬（3）晚輩/孫子	孫崽	孙崽	ɬyn55 tʃɐi35	slyun1 zai2	孫子2
4347	十、親屬（3）晚輩/孫子	孫仔	孙仔	ɬyn55 tʃɐi35	slyun1 zai2	孫子2，同「孫崽」
4348	十、親屬（3）晚輩/孫媳婦	孫新婦	孙新妇	ɬyn55 ɬɐn55 pʰu24	slyun1 slan1 pu5	孫媳婦
4349	十、親屬（3）晚輩/孫女	孫女	孙女	ɬyn55 ny35	slyun1 nyu2	孫女
4350	十、親屬（3）晚輩/孫女壻（孫女婿）	孫姑爺	孙姑爷	ɬyn55 ku55 jɛ21	slyun1 gu1 je4	孫女壻（孫女婿）
4351	十、親屬（3）晚輩/重孫	息	息	ɬɐk5	slak1	重孫1
4352	十、親屬（3）晚輩/重孫	息崽	息崽	ɬɐk5 tʃɐi35	slak1 zai2	重孫2
4353	十、親屬（3）晚輩/重孫	息仔	息仔	ɬɐk5 tʃɐi35	slak1 zai2	重孫2，同「息崽」
4354	十、親屬（3）晚輩/重孫女	息	息	ɬɐk5	slak1	重孫女1
4355	十、親屬（3）晚輩/重孫女	息女	息女	ɬɐk5 ny35	slak1 nyu2	重孫女2
4356	十、親屬（3）晚輩/外孫	外孫	外孙	ŋɔi22 ɬyn55	ngoi6 slyun1	外孫1，女之子
4357	十、親屬（3）晚輩/外孫	外甥	外甥	ŋɔi22 ʃaŋ55	ngoi6 saang1	外孫2，女之子
4358	十、親屬（3）晚輩/外孫女	外孫女	外孙女	ŋɔi22 ɬyn55 ny35	ngoi6 slyun1 nyu2	外孫女1，女之女
4359	十、親屬（3）晚輩/外孫女	外孫	外孙	ŋɔi22 ɬyn55	ngoi6 slyun1	外孫女3，女之女
4360	十、親屬（3）晚輩/外孫女	外甥女	外甥女	ŋɔi22 ʃaŋ55 ny35	ngoi6 saang1 nyu2	外孫女2，女之女
4361	十、親屬（3）晚輩/外甥	外甥	外甥	ŋɔi22 ʃaŋ55	ngoi6 saang1	外甥1，姐妹之子，與「舅父、妗母」相對
4362	十、親屬（3）晚輩/外甥	姨甥	姨甥	ji21 ʃaŋ55	ji4 saang1	外甥2，姐妹之子，與「姨丈、姨媽」相對
4363	十、親屬（3）晚輩/外甥	外甥狗	外甥狗	ŋɔi22 ʃaŋ55 kɐu35	ngoi6 saang1 gau2	外甥3，姐妹之子，謙辭，如「賤內、寒舍」
4364	十、親屬（3）晚輩/外甥女	外甥	外甥	ŋɔi22 ʃaŋ55	ngoi6 saang1	外甥女1，姐妹之女，與「舅父、妗母」相對
4365	十、親屬（3）晚輩/外甥女	外甥女	外甥女	ŋɔi22 ʃaŋ55 ny35	ngoi6 saang1 nyu2	外甥女2，姐妹之女，與「舅父、妗母」相對
4366	十、親屬（3）晚輩/外甥女	姨甥女	姨甥女	ji21 ʃaŋ55 ny35	ji4 saang1 nyu2	外甥女3，姐妹之女，與「姨丈、姨媽」相對
4367	十、親屬（3）晚輩/外甥多似舅	外甥多似舅	外甥多似舅	ŋɔi22 ʃaŋ55 tɔ55 tʃʰi24 kʰɐu24	ngoi6 saang1 do1 ci5 kau5	外甥多似舅1.1，俗語
4368	十、親屬（3）晚輩/外甥多似舅	外甥多似舅	外甥多似舅	ŋɔi22 ʃaŋ55 tɔ55 tsʰɿ24 kʰɐu24	ngoi6 saang1 do1 cy5 kau5	外甥多似舅1.2，俗語
4369	十、親屬（3）晚輩/姪子（侄子）	姪崽	侄崽	tʃɐt2 tʃɐi35	zat6 zai2	姪子（侄子）
4370	十、親屬（3）晚輩/姪子（侄子）	姪仔	侄仔	tʃɐt2 tʃɐi35	zat6 zai2	姪子（侄子），同「姪崽」
4371	十、親屬（3）晚輩/姪女（侄女）	姪女	侄女	tʃɐt2 ny35	zat6 nyu2	姪女（侄女）
4372	十、親屬（3）晚輩/內姪（內侄）	內姪	内侄	nui22 tʃɐt2	nui6 zat6	內姪（內侄），妻的兄弟之子
4373	十、親屬（3）晚輩/內姪女（內侄女）	內姪女	内侄女	nui22 tʃɐt2 ny35	nui6 zat6 nyu2	內姪女（內侄女），妻的兄弟之女
4374	十、親屬（4）其他/輩分	輩分	辈分	pui33 fɐn22	bui3 fan6	輩分
4375	十、親屬（4）其他/連襟	連襟	连襟	lin21 kʰɐm55	lin4 kam1	連襟1
4376	十、親屬（4）其他/連襟	老襟	老襟	lu24 kʰɐm55	lu5 kam1	連襟2
4377	十、親屬（4）其他/親家	親家	亲家	tʃʰɐn33 ka55	can3 gaa1	親家
4378	十、親屬（4）其他/親家母	親家母	亲家母	tʃʰɐn33 ka55 mu24	can3 gaa1 mu5	親家母1
4379	十、親屬（4）其他/親家母	親家奶	亲家奶	tʃʰɐn33 ka55 nai24	can3 gaa1 naai5	親家母2
4380	十、親屬（4）其他/親家翁	親家公	亲家公	tʃʰɐn33 ka55 kʊŋ55	can3 gaa1 gung1	親家翁1
4381	十、親屬（4）其他/親家翁	親家爺	亲家爷	tʃʰɐn33 ka55 jɛ55	can3 gaa1 je1	親家翁2
4382	十、親屬（4）其他/親戚	親戚	亲戚	tʃʰɐn55 tʃʰek5	can1 cik1	親戚1
4383	十、親屬（4）其他/親戚	三姑六婆	三姑六婆	ɬam55 ku55 lʊk2 pʰɔ21	slaam1 gu1 luk6 po4	親戚2
4384	十、親屬（4）其他/親戚	姨媽姑爹	姨妈姑爹	ji21 ma55 ku55 tɛ55	ji4 maa1 gu1 de1	親戚3
4385	十、親屬（4）其他/親戚	六親	六亲	lʊk2 tʃʰɐn55	luk6 can1	親戚4
4386	十、親屬（4）其他/帶犢兒	掛油瓶	挂油瓶	kʷa33 jɐu21 pʰeŋ21	gwaa3 jau4 ping4	帶犢兒，婦女改嫁帶的子女
4387	十、親屬（4）其他/爺兒們	男人	男人	nam21 jɐn21	naam4 jan4	爺兒們1
4388	十、親屬（4）其他/爺兒們	男人佬	男人佬	nam21 jɐn21 lu35	naam4 jan4 lu2	爺兒們2
4389	十、親屬（4）其他/爺兒們	佬	佬	lu35	lu2	爺兒們3（男人統稱）
4390	十、親屬（4）其他/爺兒們	啲男人	啲男人	ti55 nam21 jɐn21	di1 naam4 jan4	爺兒們4
4391	十、親屬（4）其他/娘兒們	女人	女人	ny24 jɐn21	nyu5 jan4	娘兒們1
4392	十、親屬（4）其他/娘兒們	女人婆	女人婆	ny24 jɐn21 pʰɔ21	nyu5 jan4 po4	娘兒們2
4393	十、親屬（4）其他/娘兒們	啲女人	啲女人	ti55 ny24 jɐn21	di1 nyu5 jan4	娘兒們3
4394	十、親屬（4）其他/孃家	外家	外家	ŋɔi22 ka55	ngoi6 gaa1	孃家
4395	十、親屬（4）其他/婆家	家婆屋	家婆屋	ka55 pʰɔ21 ʊk5	gaa1 po4 uk1	婆家
4396	十、親屬（4）其他/男家	男家	男家	nam21 ka55	naam4 gaa1	男家1
4397	十、親屬（4）其他/男家	家婆屋	家婆屋	ka55 pʰɔ21 ʊk5	gaa1 po4 uk1	男家2
4398	十、親屬（4）其他/女家	外家	外家	ŋɔi22 ka55	ngoi6 gaa1	女家
4399	十、親屬（4）其他/姥姥家	外婆屋	外婆屋	ŋɔi22 pʰɔ21 ʊk5	ngoi6 po4 uk1	姥姥家
4400	十、親屬（4）其他/丈人家	外家	外家	ŋɔi22 ka55	ngoi6 gaa1	丈人家1
4401	十、親屬（4）其他/丈人家	外母乸屋	外母乸屋	ŋɔi22 mu24 na35 ʊk5	ngoi6 mu5 naa2 uk1	丈人家2
4402	十一、身體（1）五官/身體	身體	身体	ʃɐn55 tʰɐi35	san1 tai2	身體1
4403	十一、身體（1）五官/身體	身	身	ʃɐn55	san1	身體2
4404	十一、身體（1）五官/身材	身材	身材	ʃɐn55 tʃʰɔi21	san1 coi4	身材
4405	十一、身體（1）五官/架子	架閬	架阆	kʰa33 lɔŋ33	kaa3 long3	架子、形體、骨架
4406	十一、身體（1）五官/頭	頭	头	tʰɐu21	tau4	頭1
4407	十一、身體（1）五官/頭	頭殼	头壳	tʰɐu21 hɔk3	tau4 hok3	頭2
4408	十一、身體（1）五官/頭	㞓殼	㞓壳	hɐi55 hɔk3	hai1 hok3	頭3，俗稱，詈語
4409	十一、身體（1）五官/奔兒頭	突頭	突头	tɔk5 tʰɐu21	dok1 tau4	奔兒頭1，前額生得向前突
4410	十一、身體（1）五官/奔兒頭	突啲頭	突啲头	tɔk5 ti55 tʰɐu21	dok1 di1 tau4	奔兒頭2
4411	十一、身體（1）五官/前突金，後突銀	前突金，後突銀	前突金，后突银	tʃʰin21 tɔk5 kɐm55，hɐu22 tɔk5 ŋɐn21	cin4 dok1 gam1，hau6 dok1 ngan4	前突金，後突銀，面相俗語，前額頭凸金，後腦勺凸銀
4412	十一、身體（1）五官/禿頭	光頭	光头	kɔŋ55 tʰɐu21	gong1 tau4	禿頭
4413	十一、身體（1）五官/禿頂	禿頂	秃顶	tʰʊk5 tɛŋ35	tuk1 deng2	禿頂1.1
4414	十一、身體（1）五官/禿頂	禿頂	秃顶	tʰyt5 tɛŋ35	tyut1 deng2	禿頂1.2，本字「脫頂」
4415	十一、身體（1）五官/頭頂	頭頂	头顶	tʰɐu21 tɛŋ35	tau4 deng2	頭頂
4416	十一、身體（1）五官/後腦勺子	後股枕	后股枕	hɐu22 ku35 tʃɐm35	hau6 gu2 zam2	後腦勺子1
4417	十一、身體（1）五官/後腦勺子	後腦	后脑	hɐu22 nu24	hau6 nu5	後腦勺子2
4418	十一、身體（1）五官/脖子	頸	颈	kɛŋ35	geng2	脖子
4419	十一、身體（1）五官/後腦窩子	後頸窩	后颈窝	hɐu22 kɛŋ35 wɔ55	hau6 geng2 wo1	後腦窩子，頸後凹處
4420	十一、身體（1）五官/頭髮	頭髮	头发	tʰɐu21 fat3	tau4 faat3	頭髮
4421	十一、身體（1）五官/少白頭	少年白	少年白	ʃiu33 nin21 pak2	siu3 nin4 baak6	少白頭
4422	十一、身體（1）五官/掉頭髮	甩頭髮	甩头发	lɐt5 tʰɐu21 fat3	lat1 tau4 faat3	掉頭髮
4423	十一、身體（1）五官/頭屑	頭皮	头皮	tʰɐu21 pʰi21	tau4 pi4	頭屑1
4424	十一、身體（1）五官/頭屑	白雪	白雪	pak2 ɬyt3	baak6 slyut3	頭屑2
4425	十一、身體（1）五官/額	額頭	额头	ŋɐk2 tʰɐu21	ngak6 tau4	額
4426	十一、身體（1）五官/囟門	囟門	囟门	ɬɐn33 mun21	slan3 mun4	囟門1
4427	十一、身體（1）五官/囟門	腦門	脑门	nu24 mun21	nu5 mun4	囟門2
4428	十一、身體（1）五官/太陽穴	太陽	太阳	tʰai33 jœŋ21	taai3 joeng4	太陽穴
4429	十一、身體（1）五官/鬢角	滴水	滴水	tek5 ʃui35	dik1 sui2	鬢角
4430	十一、身體（1）五官/辮子	孖辮	孖辫	ma55 pin55	maa1 bin1	辮子
4431	十一、身體（1）五官/鬏	刷把	刷把	tʃʰat3 pa35	caat3 baa2	鬏
4432	十一、身體（1）五官/椰子頭	椰子頭	椰子头	jɛ21 tʃi35 tʰɐu21	je4 zi2 tau4	椰子頭1.1，女子短髮型
4433	十一、身體（1）五官/椰子頭	椰子頭	椰子头	jɛ21 tsɿ35 tʰɐu21	je4 zy2 tau4	椰子頭1.2，女子短髮型
4434	十一、身體（1）五官/椰子頭	椰子殼	椰子壳	jɛ21 tʃi35 hɔk3	je4 zi2 hok3	椰子頭2.1
4435	十一、身體（1）五官/椰子頭	椰子殼	椰子壳	jɛ21 tsɿ35 hɔk3	je4 zy2 hok3	椰子頭2.2
4436	十一、身體（1）五官/髻	髻	髻	kɐi33	gai3	髻
4437	十一、身體（1）五官/丫角髻	丫角髻	丫角髻	a55 kɔk3 kɐi33	aa1 gok3 gai3	丫角髻，女孩兒梳在頭頂兩側的圓形髻
4438	十一、身體（1）五官/劉海兒	陰	阴	jɐm55	jam1	劉海兒1，額前髮
4439	十一、身體（1）五官/劉海兒	劉陰	刘阴	lɐu21 jɐm55	lau4 jam1	劉海兒2，額前髮
4440	十一、身體（1）五官/臉蛋兒	面	面	min22	min6	臉蛋兒
4441	十一、身體（1）五官/面孔	面口	面口	min22 hɐu35	min6 hau2	面孔：～好熟
4442	十一、身體（1）五官/臉色	面色	面色	min22 ʃek5	min6 sik1	臉色
4443	十一、身體（1）五官/顴骨	面骨	面骨	min22 kʷɐt5	min6 gwat1	顴骨1
4444	十一、身體（1）五官/顴骨	顴骨	颧骨	kʰyn21 kʷɐt5	kyun4 gwat1	顴骨2
4445	十一、身體（1）五官/酒窩	酒窩	酒窝	tʃɐu35 wɔ55	zau2 wo1	酒窩1
4446	十一、身體（1）五官/酒窩	酒杯	酒杯	tʃɐu35 pui55	zau2 bui1	酒窩2
4447	十一、身體（1）五官/酒窩	酒凹	酒凹	tʃɐu35 mɐp5	zau2 map1	酒窩3
4448	十一、身體（1）五官/人中	人中	人中	jɐn21 tʃʊŋ55	jan4 zung1	人中
4449	十一、身體（1）五官/腮幫子	面墩	面墩	min22 tɐn55	min6 dan1	腮幫子1，臉蛋兒、臉頰
4450	十一、身體（1）五官/腮幫子	腮巴	腮巴	ɬɔi55 pa55	sloi1 baa1	腮幫子2，臉蛋兒、臉頰
4451	十一、身體（1）五官/眼睛	眼	眼	ŋɛn24	ngen5	眼睛1
4452	十一、身體（1）五官/眼睛	眼睛	眼睛	ŋɛn24 tʃeŋ55	ngen5 zing1	眼睛2
4453	十一、身體（1）五官/眼眶	眼眶	眼眶	ŋɛn24 kʷʰaŋ55	ngen5 kwaang1	眼眶1
4454	十一、身體（1）五官/眼眶	眼廓	眼廓	ŋɛn24 kʷʰak3	ngen5 kwaak3	眼眶2
4455	十一、身體（1）五官/眼珠兒	眼核	眼核	ŋɛn24 wɐt2	ngen5 wat6	眼珠兒
4456	十一、身體（1）五官/白眼珠兒	白眼核	白眼核	pak2 ŋɛn24 wɐt2	baak6 ngen5 wat6	白眼珠兒1
4457	十一、身體（1）五官/白眼珠兒	眼白	眼白	ŋɛn24 pak2	ngen5 baak6	白眼珠兒2
4458	十一、身體（1）五官/黑眼珠兒	黑眼核	黑眼核	hɐk5 ŋɛn24 wɐt2	hak1 ngen5 wat6	黑眼珠兒1
4459	十一、身體（1）五官/黑眼珠兒	眼黑	眼黑	ŋɛn24 hɐk5	ngen5 hak1	黑眼珠兒2
4460	十一、身體（1）五官/瞳人兒	人公崽	人公崽	jɐn21 kʊŋ55 tʃɐi35	jan4 gung1 zai2	瞳人兒1，因瞳孔可反映出對面的人影
4461	十一、身體（1）五官/瞳人兒	人公仔	人公仔	jɐn21 kʊŋ55 tʃɐi35	jan4 gung1 zai2	瞳人兒1，同「人公崽」
4462	十一、身體（1）五官/瞳人兒	公崽	公崽	kʊŋ55 tʃɐi35	gung1 zai2	瞳人兒2
4463	十一、身體（1）五官/瞳人兒	公仔	公仔	kʊŋ55 tʃɐi35	gung1 zai2	瞳人兒2，同「公崽」
4464	十一、身體（1）五官/瞳人兒	瞳人	瞳人	tʰʊŋ21 jɐn21	tung4 jan4	瞳人兒3
4465	十一、身體（1）五官/眼角兒	眼角	眼角	ŋɛn24 kɔk3	ngen5 gok3	眼角兒，上下眼瞼的結合處
4466	十一、身體（1）五官/大眼角	眼角	眼角	ŋɛn24 kɔk3	ngen5 gok3	大眼角，眼角兒靠近鼻子的部位
4467	十一、身體（1）五官/眼圈兒	眼框	眼框	ŋɛn24 kʷʰaŋ55	ngen5 kwaang1	眼圈兒1
4468	十一、身體（1）五官/眼圈兒	眼廓	眼廓	ŋɛn24 kʷʰak3	ngen5 kwaak3	眼圈兒2
4469	十一、身體（1）五官/眼圈兒	眼圈	眼圈	ŋɛn24 hyn55	ngen5 hyun1	眼圈兒3
4470	十一、身體（1）五官/眼淚	眼淚	眼泪	ŋɛn24 lui22	ngen5 lui6	眼淚1
4471	十一、身體（1）五官/眼淚	眼淚水	眼泪水	ŋɛn24 lui22 ʃui35	ngen5 lui6 sui2	眼淚2
4472	十一、身體（1）五官/眼淚	眼水	眼水	ŋɛn24 ʃui35	ngen5 sui2	眼淚3
4473	十一、身體（1）五官/眼眵	眼屎	眼屎	ŋɛn24 ʃi35	ngen5 si2	眼眵
4474	十一、身體（1）五官/眼皮兒	眼皮	眼皮	ŋɛn24 pʰi21	ngen5 pi4	眼皮兒
4475	十一、身體（1）五官/單眼皮兒	單眼皮	单眼皮	tan55 ŋɛn24 pʰi21	daan1 ngen5 pi4	單眼皮兒
4476	十一、身體（1）五官/雙眼皮兒	雙眼皮	双眼皮	ʃœŋ55 ŋɛn24 pʰi21	soeng1 ngen5 pi4	雙眼皮兒
4477	十一、身體（1）五官/眼睫毛	眼毛	眼毛	ŋɛn24 mu21	ngen5 mu4	眼睫毛1
4478	十一、身體（1）五官/眼睫毛	睫毛	睫毛	tʃit2 mu21	zit6 mu4	眼睫毛2
4479	十一、身體（1）五官/眉毛	眼眉	眼眉	ŋɛn24 mi21	ngen5 mi4	眉毛1
4480	十一、身體（1）五官/眉毛	眼眉毛	眼眉毛	ŋɛn24 mi21 mu21	ngen5 mi4 mu4	眉毛2
4481	十一、身體（1）五官/眉毛	眉毛	眉毛	mi21 mu21	mi4 mu4	眉毛3
4482	十一、身體（1）五官/皺眉頭	皺眉頭	皱眉头	tʃɐu33 mi21 tʰɐu21	zau3 mi4 tau4	皺眉頭1.1
4483	十一、身體（1）五官/皺眉頭	皺眉頭	皱眉头	jɐu33 mi21 tʰɐu21	jau3 mi4 tau4	皺眉頭1.2
4484	十一、身體（1）五官/眼尖	眼尖	眼尖	ŋɛn24 tʃim55	ngen5 zim1	眼尖1，眼力好
4485	十一、身體（1）五官/眼尖	眼水夠	眼水够	ŋɛn24 ʃui35 kɐu33	ngen5 sui2 gau3	眼尖2
4486	十一、身體（1）五官/眼拙	眼水差	眼水差	ŋɛn24 ʃui35	ngen5 sui2	眼拙1，眼力不好
4487	十一、身體（1）五官/眼拙	眼水冇夠	眼水冇够	ŋɛn24 ʃui35 mu24 kɐu33	ngen5 sui2 mu5 gau3	眼拙2
4488	十一、身體（1）五官/鼻子	鼻哥	鼻哥	pi22 kɔ55	bi6 go1	鼻子
4489	十一、身體（1）五官/鼻涕	鼻涕	鼻涕	pi22 tʰɐi33	bi6 tai3	鼻涕1
4490	十一、身體（1）五官/鼻涕	鼻涕水	鼻涕水	pi22 tʰɐi33 ʃui35	bi6 tai3 sui2	鼻涕2
4491	十一、身體（1）五官/幹鼻涕（鼻垢）	鼻屎	鼻屎	pi22 ʃi35	bi6 si2	幹鼻涕（鼻垢）
4492	十一、身體（1）五官/鼻孔	鼻哥窿	鼻哥窿	pi22 kɔ55 lʊŋ55	bi6 go1 lung1	鼻孔
4493	十一、身體（1）五官/鼻毛	鼻毛	鼻毛	pi22 mu21	bi6 mu4	鼻毛1
4494	十一、身體（1）五官/鼻毛	鼻哥毛	鼻哥毛	pi22 kɔ55 mu21	bi6 go1 mu4	鼻毛2
4495	十一、身體（1）五官/鼻子尖兒	鼻哥椗	鼻哥椗	pi22 kɔ55 tɛŋ33	bi6 go1 deng3	鼻子尖兒1
4496	十一、身體（1）五官/鼻子尖兒	鼻哥尖	鼻哥尖	pi22 kɔ55 tʃim55	bi6 go1 zim1	鼻子尖兒2
4497	十一、身體（1）五官/鼻子尖兒	鼻哥頭	鼻哥头	pi22 kɔ55 tʰɐu21	bi6 go1 tau4	鼻子尖兒3
4498	十一、身體（1）五官/鼻子尖	鼻尖	鼻尖	pi22 tʃim55	bi6 zim1	鼻子尖1，嗅覺靈敏
4499	十一、身體（1）五官/鼻子尖	鼻哥尖	鼻哥尖	pi22 kɔ55 tʃim55	bi6 go1 zim1	鼻子尖2，嗅覺靈敏
4500	十一、身體（1）五官/鼻樑兒	鼻樑	鼻梁	pi22 lœŋ21	bi6 loeng4	鼻樑兒
4501	十一、身體（1）五官/鼻翅兒	鼻翼	鼻翼	pi22 jek2	bi6 jik6	鼻翅兒
4502	十一、身體（1）五官/酒糟鼻子	紅鼻哥	红鼻哥	hʊŋ21 pi22 kɔ55	hung4 bi6 go1	酒糟鼻子1
4503	十一、身體（1）五官/酒糟鼻子	酒糟鼻	酒糟鼻	tʃɐu35 tʃu55 pi22	zau2 zu1 bi6	酒糟鼻子2
4504	十一、身體（1）五官/扁鼻	扁鼻	扁鼻	pɛn35 pi22	ben2 bi6	扁鼻，塌鼻子
4505	十一、身體（1）五官/鷹勾鼻	勾鼻	勾鼻	ŋɐu55 pi22	ngau1 bi6	鷹勾鼻
4506	十一、身體（1）五官/嘴	嘴	嘴	tʃui35	zui2	嘴1
4507	十一、身體（1）五官/嘴	口	口	hɐu35	hau2	嘴2
4508	十一、身體（1）五官/嘴脣兒	嘴脣	嘴唇	tʃui35 ʃɐn21	zui2 san4	嘴脣兒1.1
4509	十一、身體（1）五官/嘴脣兒	嘴脣	嘴唇	tʃui35 ʃyn21	zui2 syun4	嘴脣兒1.2
4510	十一、身體（1）五官/嘴脣兒	嘴脣皮	嘴唇皮	tʃui35 ʃɐn21 pʰi21	zui2 san4 pi4	嘴脣兒2.1
4511	十一、身體（1）五官/嘴脣兒	嘴脣皮	嘴唇皮	tʃui35 ʃyn21 pʰi21	zui2 syun4 pi4	嘴脣兒2.2
4512	十一、身體（1）五官/嘴脣兒	口脣	口唇	hɐu35 ʃɐn21	hau2 san4	嘴脣兒3.1
4513	十一、身體（1）五官/嘴脣兒	口脣	口唇	hɐu35 ʃyn21	hau2 syun4	嘴脣兒3.2
4514	十一、身體（1）五官/信用	口齒	口齿	hɐu35 tʃʰi35	hau2 ci2	信用
4515	十一、身體（1）五官/口才	口碼	口码	hɐu35 ma24	hau2 maa5	口才
4516	十一、身體（1）五官/消息	聲氣	声气	ʃɛŋ55 hi33	seng1 hi3	消息：好耐冇有～了
4517	十一、身體（1）五官/唾沫	口水	口水	hɐu35 ʃui35	hau2 sui2	唾沫
4518	十一、身體（1）五官/唾沫星兒	口水	口水	hɐu35 ʃui35	hau2 sui2	唾沫星兒
4519	十一、身體（1）五官/涎水	口水	口水	hɐu35 ʃui35	hau2 sui2	涎水
4520	十一、身體（1）五官/舌頭	利錢	利钱	li22 tʃʰin21	li6 cin4	舌頭1，俗作「脷前」
4521	十一、身體（1）五官/舌頭	脷前	脷前	li22 tʃʰin21	li6 cin4	舌頭1，本字「利錢」
4522	十一、身體（1）五官/舌頭	利	利	li22	li6	舌頭2，俗字「脷」，避諱「舌/折」
4523	十一、身體（1）五官/舌頭	脷	脷	li22	li6	舌頭2，本字「利」，避諱「舌/折」
4524	十一、身體（1）五官/舌苔	舌苔	舌苔	ʃit2 tʰɔi55	sit6 toi1	舌苔
4525	十一、身體（1）五官/大舌頭	𪙛牙	𪙛牙	nɐk5 ŋa21	nak1 ngaa4	大舌頭，口齒不清
4526	十一、身體（1）五官/扁桃體	扁桃體	扁桃体	pɛn35 tʰu21 tʰɐi35	ben2 tu4 tai2	扁桃體
4527	十一、身體（1）五官/牙	牙	牙	ŋa21	ngaa4	牙1
4528	十一、身體（1）五官/牙	牙齒	牙齿	ŋa21 tʃʰi35	ngaa4 ci2	牙2
4529	十一、身體（1）五官/門牙	門牙	门牙	mun21 ŋa21	mun4 ngaa4	門牙
4530	十一、身體（1）五官/大牙	大牙	大牙	tai22 ŋa21	daai6 ngaa4	大牙
4531	十一、身體（1）五官/虎牙	虎牙	虎牙	fu35 ŋa21	fu2 ngaa4	虎牙
4532	十一、身體（1）五官/智齒	智牙	智牙	tʃi33 ŋa21	zi3 ngaa4	智齒1
4533	十一、身體（1）五官/智齒	尾牙	尾牙	mi24 ŋa21	mi5 ngaa4	智齒2
4534	十一、身體（1）五官/智齒	盡頭牙	尽头牙	tʃɐn22 tʰɐu21 ŋa21	zan6 tau4 ngaa4	智齒3
4535	十一、身體（1）五官/牙垢	牙齒屎	牙齿屎	ŋa21 tʃʰi35 ʃi35	ngaa4 ci2 si2	牙垢
4536	十一、身體（1）五官/牙牀	牙肉	牙肉	ŋa21 jʊk2	ngaa4 juk6	牙牀
4537	十一、身體（1）五官/齲齒	蟲牙	虫牙	tʃʰʊŋ21 ŋa21	cung4 ngaa4	齲齒
4538	十一、身體（1）五官/齙牙	齙牙	龅牙	pɛu22 ŋa21	beu6 ngaa4	齙牙1
4539	十一、身體（1）五官/齙牙	哨牙	哨牙	ʃɛu33 ŋa21	seu3 ngaa4	齙牙2
4540	十一、身體（1）五官/齙牙貌	牙哨哨	牙哨哨	ŋa21 ʃau33 ʃau33	ngaa4 saau3 saau3	齙牙貌
4541	十一、身體（1）五官/耳朵	耳朵	耳朵	ji24 tɔ35	ji5 do2	耳朵1
4542	十一、身體（1）五官/耳朵	耳崽	耳崽	ji24 tʃɐi35	ji5 zai2	耳朵2
4543	十一、身體（1）五官/耳朵	耳仔	耳仔	ji24 tʃɐi35	ji5 zai2	耳朵2，同「耳崽」
4544	十一、身體（1）五官/耳朵眼兒	耳朵窿	耳朵窿	ji24 tɔ35 lʊŋ55	ji5 do2 lung1	耳朵眼兒1（耳孔）
4545	十一、身體（1）五官/耳朵眼兒	耳窿	耳窿	ji24 lʊŋ55	ji5 lung1	耳朵眼兒2（耳孔）
4546	十一、身體（1）五官/耳朵眼兒	耳環窿	耳环窿	ji24 wɛn21 lʊŋ55	ji5 wen4 lung1	耳朵眼兒（穿耳環的孔）
4547	十一、身體（1）五官/耳垂	耳珠	耳珠	ji24 tʃy55	ji5 zyu1	耳垂
4548	十一、身體（1）五官/耳屎	耳屎	耳屎	ji24 ʃi35	ji5 si2	耳屎1
4549	十一、身體（1）五官/耳屎	油耳	油耳	jɐu21 ji24	jau4 ji5	耳屎2，油性耳屎
4550	十一、身體（1）五官/耳屎	糠耳	糠耳	hɔŋ55 ji24	hong1 ji5	耳屎3，乾耳屎
4551	十一、身體（1）五官/耳背	耳背	耳背	ji24 pui22	ji5 bui6	耳背，聽力不好
4552	十一、身體（1）五官/下巴	下巴	下巴	ha22 pʰa21	haa6 paa4	下巴
4553	十一、身體（1）五官/下巴骨	牙鉸	牙铰	ŋa21 kau33	ngaa4 gaau3	牙鉸
4554	十一、身體（1）五官/脫臼	甩鉸	甩铰	lɐt5 kau33	lat1 gaau3	脫臼
4555	十一、身體（1）五官/喉嚨	喉嚨	喉咙	hɐu21 lʊŋ21	hau4 lung4	喉嚨
4556	十一、身體（1）五官/喉結	喉欖	喉榄	hɐu21 lam35	hau4 laam2	喉結1
4557	十一、身體（1）五官/喉結	喉嚨椗	喉咙椗	hɐu21 lʊŋ21 tɛŋ33	hau4 lung4 deng3	喉結2
4558	十一、身體（1）五官/鬍子	鬍鬚	胡须	wu21 ɬu55	wu4 slu1	鬍子
4559	十一、身體（1）五官/絡腮鬍子	癩鬚	癞须	lai33 ɬu55	laai3 slu1	絡腮鬍子
4560	十一、身體（1）五官/八字鬍子	八字鬍	八字胡	pɛt3 tʃi22 wu21	bet3 zi6 wu4	八字鬍子
4561	十一、身體（1）五官/下巴鬚	下巴鬚	下巴须	ha22 pʰa21 ɬu55	haa6 paa4 slu1	下巴鬚
4562	十一、身體（2）手、腳、胸、背/肩膀	膊頭	膊头	pɔk3 tʰɐu21	bok3 tau4	肩膀1
4563	十一、身體（2）手、腳、胸、背/肩膀	膊	膊	pɔk3	bok3	肩膀2，源自「髆」
4564	十一、身體（2）手、腳、胸、背/肩胛骨	肩胛	肩胛	kin55 kap3	gin1 gaap3	肩胛骨1
4565	十一、身體（2）手、腳、胸、背/肩胛骨	飯匙骨	饭匙骨	fan22 ʃi21 kʷɐt5	faan6 si4 gwat1	肩胛骨2
4566	十一、身體（2）手、腳、胸、背/溜肩膀兒	溜肩	溜肩	liu55 kin55	liu1 gin1	溜肩膀兒1
4567	十一、身體（2）手、腳、胸、背/溜肩膀兒	美人肩	美人肩	mɐi24 jɐn21 kin55	mai5 jan4 gin1	溜肩膀兒2.1
4568	十一、身體（2）手、腳、胸、背/溜肩膀兒	美人肩	美人肩	mi24 jɐn21 kin55	mi5 jan4 gin1	溜肩膀兒2.2
4569	十一、身體（2）手、腳、胸、背/溜肩膀兒	塌膊	塌膊	tʰap3 pɔk3	taap3 bok3	溜肩膀兒3
4570	十一、身體（2）手、腳、胸、背/溜肩膀兒	膊頭耷	膊头耷	pɔk3 tʰɐu21 tɐp5	bok3 tau4 dap1	溜肩膀兒4
4571	十一、身體（2）手、腳、胸、背/胳膊	手臂	手臂	ʃɐu35 pi33	sau2 bi3	胳膊1
4572	十一、身體（2）手、腳、胸、背/胳膊	手瓜	手瓜	ʃɐu35 kʷa55	sau2 gwaa1	胳膊2
4573	十一、身體（2）手、腳、胸、背/胳膊	手	手	ʃɐu35	sau2	胳膊3
4574	十一、身體（2）手、腳、胸、背/扳手腕	拗手瓜	拗手瓜	ɛu35 ʃɐu35 kʷa55	eu2 sau2 gwaa1	扳手腕
4575	十一、身體（2）手、腳、胸、背/胳膊肘兒	手坳	手坳	ʃɐu35 ɛu33	sau2 eu3	胳膊肘兒1.1，肘窩
4576	十一、身體（2）手、腳、胸、背/胳膊肘兒	手坳	手坳	ʃɐu35 au33	sau2 aau3	胳膊肘兒1.2，肘窩
4577	十一、身體（2）手、腳、胸、背/胳膊肘尖兒	手㬹	手㬹	ʃɐu35 tʃaŋ55	sau2 zaang1	胳膊肘尖兒，俗作「手踭」
4578	十一、身體（2）手、腳、胸、背/推託	托手㬹	托手㬹	tʰɔk3 ʃɐu35 tʃaŋ55	tok3 sau2 zaang1	推託，俗作「托手踭」
4579	十一、身體（2）手、腳、胸、背/膈肢窩	胳肋底	胳肋底	kak3 lɐk5 tɐi35	gaak3 lak1 dai2	腋窩、膈肢窩1.1，「胳」弱讀爲[ka33/kɐ33/kə33]
4580	十一、身體（2）手、腳、胸、背/膈肢窩	胳肋底	胳肋底	kak2 lɐk5 tɐi35	gaak6 lak1 dai2	腋窩、膈肢窩1.2，「胳」弱讀爲[ka22/kɐ22/kə22]
4581	十一、身體（2）手、腳、胸、背/膈肢窩	胳肋	胳肋	kak3 lɐk5	gaak3 lak1	腋窩、膈肢窩2.1，「胳」弱讀爲[ka33/kɐ33/kə33]
4582	十一、身體（2）手、腳、胸、背/膈肢窩	胳肋	胳肋	kak2 lɐk5	gaak6 lak1	腋窩、膈肢窩2.2，「胳」弱讀爲[ka22/kɐ22/kə22]
4583	十一、身體（2）手、腳、胸、背/膈肢窩	肋旯	肋旯	lak3 lɛ55	laak3 le1	腋窩、膈肢窩3
4584	十一、身體（2）手、腳、胸、背/膈肢（動詞）	擳	擳	tʃɛt5	zet1	膈肢（動詞）
4585	十一、身體（2）手、腳、胸、背/手腕子	手腕	手腕	ʃɐu35 wun35	sau2 wun2	手腕子
4586	十一、身體（2）手、腳、胸、背/左手	左手	左手	tʃɔ35 ʃɐu35	zo2 sau2	左手1
4587	十一、身體（2）手、腳、胸、背/左手	反手	反手	fan35 ʃɐu35	faan2 sau2	左手2
4588	十一、身體（2）手、腳、胸、背/左手	左瘸	左瘸	tʃɔ35 kʷʰɛ21	zo2 kwe4	左手3
4589	十一、身體（2）手、腳、胸、背/右手	右手	右手	jɐu22 ʃɐu35	jau6 sau2	右手1
4590	十一、身體（2）手、腳、胸、背/右手	正手	正手	tʃeŋ33 ʃɐu35	zing3 sau2	右手2
4591	十一、身體（2）手、腳、胸、背/手指	手指	手指	ʃɐu35 tʃi35	sau2 zi2	手指
4592	十一、身體（2）手、腳、胸、背/手指兒	手指兒	手指儿	ʃɐu35 tʃi35 ji55	sau2 zi2 ji1	手指兒，老派
4593	十一、身體（2）手、腳、胸、背/指關節	指關節	指关节	tʃi35 kʷan55 tʃit3	zi2 gwaan1 zit3	指關節1
4594	十一、身體（2）手、腳、胸、背/指關節	手指節	手指节	ʃɐu35 tʃi35 tʃit3	sau2 zi2 zit3	指關節2
4595	十一、身體（2）手、腳、胸、背/指關節	關節	关节	kʷan55 tʃit3	gwaan1 zit3	指關節3
4596	十一、身體（2）手、腳、胸、背/指關節	骨節	骨节	kʷɐt5 tʃit3	gwat1 zit3	指關節4
4597	十一、身體（2）手、腳、胸、背/手指縫兒	手指罅	手指罅	ʃɐu35 tʃi35 lɛ33	sau2 zi2 le3	手指縫兒
4598	十一、身體（2）手、腳、胸、背/手趼子	皽	皽	tʃin35	zin2	手趼子1
4599	十一、身體（2）手、腳、胸、背/手趼子	枕	枕	tʃɐm35	zam2	手趼子2
4600	十一、身體（2）手、腳、胸、背/手趼子	趼	趼	kɛn35	gen2	手趼子3
4601	十一、身體（2）手、腳、胸、背/大拇指	拇指	拇指	mu24 tʃi35	mu5 zi2	大拇指1
4602	十一、身體（2）手、腳、胸、背/大拇指	手乸頭	手乸头	ʃɐu35 na35 tʰɐu21	sau2 naa2 tau4	大拇指2
4603	十一、身體（2）手、腳、胸、背/大拇指	大手指	大手指	tai22 ʃɐu35 tʃi35	daai6 sau2 zi2	大拇指3
4604	十一、身體（2）手、腳、胸、背/大拇指	大拇指	大拇指	tai22 mu24 tʃi35	daai6 mu5 zi2	大拇指4
4605	十一、身體（2）手、腳、胸、背/食指	食指	食指	ʃek2 tʃi35	sik6 zi2	食指1
4606	十一、身體（2）手、腳、胸、背/食指	二指	二指	ji22 tʃi35	ji6 zi2	食指2
4607	十一、身體（2）手、腳、胸、背/食指	二手指	二手指	ji22 ʃɐu35 tʃi35	ji6 sau2 zi2	食指3
4608	十一、身體（2）手、腳、胸、背/中指	中指	中指	tʃʊŋ55 tʃi35	zung1 zi2	中指1
4609	十一、身體（2）手、腳、胸、背/中指	三指	三指	ɬam55 tʃi35	slaam1 zi2	中指2
4610	十一、身體（2）手、腳、胸、背/中指	中手指	中手指	tʃʊŋ55 ʃɐu35 tʃi35	zung1 sau2 zi2	中指3
4611	十一、身體（2）手、腳、胸、背/無名指	無名指	无名指	mu21 meŋ21 tʃi35	mu4 ming4 zi2	無名指1
4612	十一、身體（2）手、腳、胸、背/無名指	四指	四指	ɬi33 tʃi35	sli3 zi2	無名指2
4613	十一、身體（2）手、腳、胸、背/小拇指	細手指	细手指	ɬɐi33 ʃɐu35 tʃi35	slai3 sau2 zi2	小拇指1
4614	十一、身體（2）手、腳、胸、背/小拇指	蔑指	蔑指	mɛt5 tʃi35	met1 zi2	小拇指2
4615	十一、身體（2）手、腳、胸、背/小拇指	蔑蔑屎	蔑蔑屎	mɛt5 mɛt5 ʃi35	met1 met1 si2	小拇指3
4616	十一、身體（2）手、腳、胸、背/小拇指	尾指	尾指	mi24 tʃi35	mi5 zi2	小拇指4
4617	十一、身體（2）手、腳、胸、背/指甲	指甲	指甲	tʃi35 kɛp3	zi2 gep3	指甲1
4618	十一、身體（2）手、腳、胸、背/指甲	手甲	手甲	ʃɐu35 kɛp3	sau2 gep3	指甲2
4619	十一、身體（2）手、腳、胸、背/指甲縫兒	指甲罅	指甲罅	tʃi35 kɛp3 lɛ33	zi2 gep3 le3	指甲縫兒
4620	十一、身體（2）手、腳、胸、背/指甲心兒	指甲心	指甲心	tʃi35 kɛp3 ɬɐm55	zi2 gep3 slam1	指甲心兒，指甲蓋和指尖肌肉連接處
4621	十一、身體（2）手、腳、胸、背/手指頭肚兒	手指頭	手指头	ʃɐu35 tʃi35 tʰɐu21	sau2 zi2 tau4	手指頭肚兒
4622	十一、身體（2）手、腳、胸、背/拳頭	拳槌	拳槌	kʰyn21 tʃʰui21	kyun4 cui4	拳頭1
4623	十一、身體（2）手、腳、胸、背/拳頭	拳頭	拳头	kʰyn21 tʰɐu21	kyun4 tau4	拳頭2
4624	十一、身體（2）手、腳、胸、背/手掌	手板	手板	ʃɐu35 pan35	sau2 baan2	手掌
4625	十一、身體（2）手、腳、胸、背/斷掌	斷掌	断掌	tʰyn24 tʃœŋ35	tyun5 zoeng2	斷掌，掌紋橫斷手掌
4626	十一、身體（2）手、腳、胸、背/巴掌	巴掌	巴掌	pa55 tʃœŋ35	baa1 zoeng2	巴掌，打一～
4627	十一、身體（2）手、腳、胸、背/手心	手心	手心	ʃɐu35 ɬɐm55	sau2 slam1	手心
4628	十一、身體（2）手、腳、胸、背/手背	手背	手背	ʃɐu35 pui33	sau2 bui3	手背
4629	十一、身體（2）手、腳、胸、背/手藝	手勢	手势	ʃɐu35 ʃɐi33	sau2 sai3	手藝，技藝
4630	十一、身體（2）手、腳、胸、背/二頭肌	老鼠崽	老鼠崽	lu24 ʃy35 tʃɐi35	lu5 syu2 zai2	二頭肌，喻稱
4631	十一、身體（2）手、腳、胸、背/二頭肌	老鼠仔	老鼠仔	lu24 ʃy35 tʃɐi35	lu5 syu2 zai2	二頭肌，喻稱，同「老鼠崽」
4632	十一、身體（2）手、腳、胸、背/上肢	手	手	ʃɐu35	sau2	上肢，整條手，普通話「手」僅指手腕以下部分
4633	十一、身體（2）手、腳、胸、背/腿、下肢	腳	脚	kœk3	goek3	下肢、腿1，整條腿，普通話「腳」僅指腳腕以下部分
4634	十一、身體（2）手、腳、胸、背/腿、下肢	腿	腿	tʰui35	tui2	下肢、腿2，整條腿
4635	十一、身體（2）手、腳、胸、背/大腿	大髀	大髀	tai22 pi35	daai6 bi2	大腿1
4636	十一、身體（2）手、腳、胸、背/大腿	髀	髀	pi35	bi2	大腿2
4637	十一、身體（2）手、腳、胸、背/大腿根兒	大髀罅	大髀罅	tai22 pi35 lɛ33	daai6 bi2 le3	大腿根兒
4638	十一、身體（2）手、腳、胸、背/小腿	小腿	小腿	ɬiu35 tʰui35	sliu2 tui2	小腿1
4639	十一、身體（2）手、腳、胸、背/小腿	腳梗	脚梗	kœk3 kʷaŋ35	goek3 gwaang2	小腿2.1
4640	十一、身體（2）手、腳、胸、背/小腿	腳梗	脚梗	kœk3 kʷʰaŋ35	goek3 kwaang2	小腿2.2
4641	十一、身體（2）手、腳、胸、背/腿肚子	腳肚	脚肚	kœk3 tʰu24	goek3 tu5	腿肚子1
4642	十一、身體（2）手、腳、胸、背/腿肚子	飯包肉	饭包肉	fan22 pɛu55 jʊk2	faan6 beu1 juk6	腿肚子2
4643	十一、身體（2）手、腳、胸、背/脛骨	腳梗	脚梗	kœk3 kʷaŋ35	goek3 gwaang2	脛骨1.1，小腿內側的長骨
4644	十一、身體（2）手、腳、胸、背/脛骨	腳梗	脚梗	kœk3 kʷʰaŋ35	goek3 kwaang2	脛骨1.2，小腿內側的長骨
4645	十一、身體（2）手、腳、胸、背/馬面骨	馬面骨	马面骨	ma24 min22 kʷɐt5	maa5 min6 gwat1	馬面骨1，小腿正面中間處，此處如有傷難以癒合
4646	十一、身體（2）手、腳、胸、背/馬面骨	上五寸下五寸	上五寸下五寸	ʃœŋ22 ŋ̍24 tʃʰyn33 ha22 ŋ̍24 tʃʰyn33	soeng6 ng5 cyun3 haa6 ng5 cyun3	馬面骨2
4647	十一、身體（2）手、腳、胸、背/膝蓋	膝頭	膝头	ɬɐt5 tʰɐu21	slat1 tau4	膝蓋1，「膝」易語流音變爲[ɬɐk5]
4648	十一、身體（2）手、腳、胸、背/膝蓋	膝頭哥	膝头哥	ɬɐt5 tʰɐu21 kɔ55	slat1 tau4 go1	膝蓋2，「膝」易語流音變爲[ɬɐk5]
4649	十一、身體（2）手、腳、胸、背/臏骨	菠蘿蓋	菠萝盖	pɔ55 lɔ21 kɔi33	bo1 lo4 goi3	臏骨
4650	十一、身體（2）手、腳、胸、背/膕窩	腳坳	脚坳	kœk3 au33	goek3 aau3	膕窩，膝蓋後面，腳關節
4651	十一、身體（2）手、腳、胸、背/胯骨	胯骨	胯骨	kʷʰa55 kʷɐt5	kwaa1 gwat1	胯骨
4652	十一、身體（2）手、腳、胸、背/胯下	襠	裆	nɔŋ55	nong1	胯下1
4653	十一、身體（2）手、腳、胸、背/胯下	褲襠底	裤裆底	fu33 nɔŋ55 tɐi35	fu3 nong1 dai2	胯下2
4654	十一、身體（2）手、腳、胸、背/屁股	屎窟	屎窟	ʃi35 fɐt5	si2 fat1	屁股1，本字爲「屎胐」
4655	十一、身體（2）手、腳、胸、背/屁股	囉柚	啰柚	lɔ55 jɐu35	lo1 jau2	屁股2
4656	十一、身體（2）手、腳、胸、背/肛門	屎窟窿	屎窟窿	ʃi35 fɐt5 lʊŋ55	si2 fat1 lung1	肛門
4657	十一、身體（2）手、腳、胸、背/屁股蛋兒	屎窟臀	屎窟臀	ʃi35 fɐt5 tʰɐn21	si2 fat1 tan4	屁股蛋兒1
4658	十一、身體（2）手、腳、胸、背/屁股蛋兒	屎窟䐁	屎窟䐁	ʃi35 fɐt5 tʊk5	si2 fat1 duk1	屁股蛋兒2
4659	十一、身體（2）手、腳、胸、背/屁股溝兒	屎窟罅	屎窟罅	ʃi35 fɐt5 lɛ33	si2 fat1 le3	屁股溝兒
4660	十一、身體（2）手、腳、胸、背/尾骨	尾龍骨	尾龙骨	mi24 lʊŋ21 kʷɐt5	mi5 lung4 gwat1	尾骨
4661	十一、身體（2）手、腳、胸、背/雞巴（男陰）	麻鳥	麻鸟	ma21 tɛu55	maa4 deu1	雞巴1（男陰）
4662	十一、身體（2）手、腳、胸、背/雞巴（男陰）	鳥	鸟	tɛu55	deu1	雞巴2（男陰）
4663	十一、身體（2）手、腳、胸、背/雞巴（男陰）	腏	腏	tʃʰɔt2	cot6	雞巴3（男陰），假借字，實爲「戳物」的合音
4664	十一、身體（2）手、腳、胸、背/雞巴（男陰）	鳩	鸠	kɐu55	gau1	雞巴4（男陰），已罕用
4665	十一、身體（2）手、腳、胸、背/雞雞（赤子陰）	麻雀崽	麻雀崽	ma21 tʃʰœk3 tʃɐi35	maa4 coek3 zai2	雞雞1（赤子陰）
4666	十一、身體（2）手、腳、胸、背/雞雞（赤子陰）	麻雀仔	麻雀仔	ma21 tʃʰœk3 tʃɐi35	maa4 coek3 zai2	雞雞1（赤子陰），同「麻雀崽」
4667	十一、身體（2）手、腳、胸、背/雞雞（赤子陰）	慈姑椗	慈姑椗	tʃʰi21 ku55 tɛŋ33	ci4 gu1 deng3	雞雞2.1（赤子陰）
4668	十一、身體（2）手、腳、胸、背/雞雞（赤子陰）	慈姑椗	慈姑椗	tsʰɿ21 ku55 tɛŋ33	cy4 gu1 deng3	雞雞2.2（赤子陰）
4669	十一、身體（2）手、腳、胸、背/雞雞（赤子陰）	鳥鳥	鸟鸟	tɛu55 tɛu55	deu1 deu1	雞雞3（赤子陰）
4670	十一、身體（2）手、腳、胸、背/睾丸	卵子	卵子	lɔn55 tʃi35	lon1 zi2	睾丸1.1
4671	十一、身體（2）手、腳、胸、背/睾丸	卵子	卵子	lɔn55 tsɿ35	lon1 zy2	睾丸1.2
4672	十一、身體（2）手、腳、胸、背/陰囊	卵脬	卵脬	lɔn55 pʰɛu55	lon1 peu1	陰囊1.1
4673	十一、身體（2）手、腳、胸、背/陰囊	卵脬	卵脬	lɔn55 pʰau55	lon1 paau1	陰囊1.2
4674	十一、身體（2）手、腳、胸、背/龜頭	麻鳥頭	麻鸟头	ma21 tɛu55 tʰɐu21	maa4 deu1 tau4	龜頭1
4675	十一、身體（2）手、腳、胸、背/龜頭	鳥頭	鸟头	tɛu55 tʰɐu21	deu1 tau4	龜頭2
4676	十一、身體（2）手、腳、胸、背/龜頭	腏頭	腏头	tʃʰɔt2 tʰɐu21	cot6 tau4	龜頭3
4677	十一、身體（2）手、腳、胸、背/勃起	鳥硬	鸟硬	tɛu55 ŋaŋ22	deu1 ngaang6	勃起1
4678	十一、身體（2）手、腳、胸、背/勃起	鳥直	鸟直	tɛu55 tʃek2	deu1 zik6	勃起2
4679	十一、身體（2）手、腳、胸、背/（男性）手淫	打槍	打枪	ta35 tʃʰœŋ55	daa2 coeng1	（男性）手淫1，喻稱，普通話中有的地區叫「打飛機、擼管、自慰」
4680	十一、身體（2）手、腳、胸、背/（男性）手淫	打手槍	打手枪	ta35 ʃɐu35 tʃʰœŋ55	daa2 sau2 coeng1	（男性）手淫2
4681	十一、身體（2）手、腳、胸、背/女陰	㞓	㞓	hɐi55	hai1	女陰1，本字「谿」，山間河
4682	十一、身體（2）手、腳、胸、背/女陰	㞓屄	㞓屄	hɐi55 pɛ55	hai1 be1	女陰2
4683	十一、身體（2）手、腳、胸、背/女陰	㞓屄窿	㞓屄窿	hɐi55 pɛ55 lʊŋ55	hai1 be1 lung1	女陰3
4684	十一、身體（2）手、腳、胸、背/女陰	女㞓	女㞓	ny24 hɐi55	nyu5 hai1	女陰4
4685	十一、身體（2）手、腳、胸、背/交合	屌	屌	tiu35	diu2	交合1，本字「鳥」
4686	十一、身體（2）手、腳、胸、背/交合	屌㞓	屌㞓	tiu35 hɐi55	diu2 hai1	交合2
4687	十一、身體（2）手、腳、胸、背/交合	磨爛蓆	磨烂席	mɔ21 lan22 tʃɛk2	mo4 laan6 zek6	交合3，喻稱
4688	十一、身體（2）手、腳、胸、背/詈語	屌你媽㞓	屌你妈㞓	tiu35 ni24 ma55 hɐi55	diu2 ni5 maa1 hai1	詈語1
4689	十一、身體（2）手、腳、胸、背/詈語	屌你媽塊㞓	屌你妈块㞓	tiu35 ni24 ma55 fai33 hɐi55	diu2 ni5 maa1 faai3 hai1	詈語2，「塊㞓」語流中也變爲「化㞓」
4690	十一、身體（2）手、腳、胸、背/詈語	屌你老乸㞓	屌你老乸㞓	tiu35 ni24 lu24 na35 hɐi55	diu2 ni5 lu5 naa2 hai1	詈語3
4691	十一、身體（2）手、腳、胸、背/詈語	屌你老乸塊㞓	屌你老乸块㞓	tiu35 ni24 lu24 na35 fai33 hɐi55	diu2 ni5 lu5 naa2 faai3 hai1	詈語4，「塊㞓」語流中也變爲「化㞓」
4692	十一、身體（2）手、腳、胸、背/詈語	屌你老姘	屌你老姘	tiu35 ni24 lu24 feŋ33	diu2 ni5 lu5 fing3	詈語5
4693	十一、身體（2）手、腳、胸、背/詈語	屌你老姘㞓	屌你老姘㞓	tiu35 ni24 lu24 feŋ33 hɐi55	diu2 ni5 lu5 fing3 hai1	詈語6
4694	十一、身體（2）手、腳、胸、背/詈語	屌那媽	屌那妈	tiu35 na24 ma55	diu2 naa5 maa1	詈語7，後起詞，從廣東借入，「那」爲「你阿」的合音，常變調爲陰去，「屌」常變調爲陰平
4695	十一、身體（2）手、腳、胸、背/詈語	屌你個老乸	屌你个老乸	tiu35 ni24 kɔ33 lu24 na35	diu2 ni5 go3 lu5 naa2	詈語8，此處「屌」常變調爲陰平
4696	十一、身體（2）手、腳、胸、背/詈語	屌你個㞓窿	屌你个㞓窿	tiu35 ni24 kɔ33 hɐi55 lʊŋ55	diu2 ni5 go3 hai1 lung1	詈語9，此處「屌」常變調爲陰平
4697	十一、身體（2）手、腳、胸、背/詈語	屌那㞓	屌那㞓	tiu35 na24 hɐi55	diu2 naa5 hai1	詈語10，此處「那」爲「你阿媽」的合音，也讀[nia33ma55]（只合音了前兩字「你阿」），「屌」常變調爲陰平
4698	十一、身體（2）手、腳、胸、背/詈語	屌那㞓你	屌那㞓你	tiu35 na24 hɐi55 ni24	diu2 naa5 hai1 ni5	詈語11，已虛化爲語氣詞，此處「那、你」常變調爲陰去，「屌」常變調爲陰平，或變讀爲「嗯[ŋ̍55]」，寫作「嗯那㞓你」
4699	十一、身體（2）手、腳、胸、背/吃雞巴去	食腏	食腏	ʃek2 tʃʰɔt2	sik6 cot6	吃雞巴去1，詈語，用於責罵對方不切實際的幻想，～！你邊有噉嘅本事？！
4700	十一、身體（2）手、腳、胸、背/吃雞巴去	𠿓腏	𠿓腏	ɬap3 tʃʰɔt2	slaap3 cot6	吃雞巴去2，詈語，也說「你𠿓我腏」
4701	十一、身體（2）手、腳、胸、背/精液	腏水	腏水	tʃʰɔt2 ʃui35	cot6 sui2	精液1
4702	十一、身體（2）手、腳、胸、背/精液	鳥水	鸟水	tɛu55 ʃui35	deu1 sui2	精液2
4703	十一、身體（2）手、腳、胸、背/精液	炮油	炮油	pʰɛu33 jɐu21	peu3 jau4	精液3
4704	十一、身體（2）手、腳、胸、背/精液	精子	精子	tʃeŋ55 tʃi35	zing1 zi2	精液4.1
4705	十一、身體（2）手、腳、胸、背/精液	精子	精子	tʃeŋ55 tsɿ35	zing1 zy2	精液4.2
4706	十一、身體（2）手、腳、胸、背/月經	大姨媽	大姨妈	tai22 ji21 ma55	daai6 ji4 maa1	月經
4707	十一、身體（2）手、腳、胸、背/來月經	大姨媽來	大姨妈来	tai22 ji21 ma55 lɐi21	daai6 ji4 maa1 lai4	來月經
4708	十一、身體（2）手、腳、胸、背/月經期	例假	例假	lɐi22 kʰa33	lai6 kaa3	月經期
4709	十一、身體（2）手、腳、胸、背/踝子骨	腳眼	脚眼	kœk3 ŋɛn24	goek3 ngen5	踝子骨
4710	十一、身體（2）手、腳、胸、背/腳腕子	腳頸	脚颈	kœk3 kɛŋ35	goek3 geng2	腳腕
4711	十一、身體（2）手、腳、胸、背/腳	腳	脚	kœk3	goek3	腳
4712	十一、身體（2）手、腳、胸、背/赤腳	赤腳	赤脚	tʃʰi33 kœk3	ci3 goek3	赤腳1，光着腳
4713	十一、身體（2）手、腳、胸、背/赤腳	打赤腳	打赤脚	ta35 tʃʰi33 kœk3	daa2 ci3 goek3	赤腳2，光着腳
4714	十一、身體（2）手、腳、胸、背/赤腳	打把赤腳	打把赤脚	ta35 pa35 tʃʰi33 kœk3	daa2 baa2 ci3 goek3	赤腳3，光着腳
4715	十一、身體（2）手、腳、胸、背/腳背	腳面	脚面	kœk3 min35	goek3 min2	腳背1
4716	十一、身體（2）手、腳、胸、背/腳掌	腳板	脚板	kœk3 pan35	goek3 baan2	腳掌1
4717	十一、身體（2）手、腳、胸、背/腳掌	腳底	脚底	kœk3 tɐi35	goek3 dai2	腳掌2
4718	十一、身體（2）手、腳、胸、背/腳掌	腳肚	脚肚	kœk3 tʰu24	goek3 tu5	腳掌3
4719	十一、身體（2）手、腳、胸、背/腳心	腳板心	脚板心	kœk3 pan35 ɬɐm55	goek3 baan2 slam1	腳心1
4720	十一、身體（2）手、腳、胸、背/腳心	腳心	脚心	kœk3 ɬɐm55	goek3 slam1	腳心2
4721	十一、身體（2）手、腳、胸、背/腳尖	腳尖	脚尖	kœk3 tʃim55	goek3 zim1	腳尖
4722	十一、身體（2）手、腳、胸、背/腳趾頭	腳趾	脚趾	kœk3 tʃi35	goek3 zi2	腳趾頭
4723	十一、身體（2）手、腳、胸、背/腳趾甲	腳甲	脚甲	kœk3 kɛp3	goek3 gep3	腳趾甲
4724	十一、身體（2）手、腳、胸、背/腳拇指	腳乸頭	脚乸头	kœk3 na35 tʰɐu21	goek3 naa2 tau4	腳拇指1
4725	十一、身體（2）手、腳、胸、背/腳拇指	腳公	脚公	kœk3 kʊŋ55	goek3 gung1	腳拇指2
4726	十一、身體（2）手、腳、胸、背/腳跟兒	腳㬹	脚㬹	kœk3 tʃaŋ55	goek3 zaang1	腳跟兒1，俗作「腳踭」
4727	十一、身體（2）手、腳、胸、背/腳跟兒	腳䐁	脚䐁	kœk3 tʊk5	goek3 duk1	腳跟兒2
4728	十一、身體（2）手、腳、胸、背/腳印兒	腳印	脚印	kœk3 jɐn33	goek3 jan3	腳印兒
4729	十一、身體（2）手、腳、胸、背/平底足	鴨乸腳	鸭乸脚	ap3 na35 kœk3	aap3 naa2 goek3	平底足1
4730	十一、身體（2）手、腳、胸、背/平底足	平板腳	平板脚	pʰeŋ21 pan35 kœk3	ping4 baan2 goek3	平底足2
4731	十一、身體（2）手、腳、胸、背/雞眼	雞眼	鸡眼	kɐi55 ŋɛn24	gai1 ngen5	雞眼，一種足病
4732	十一、身體（2）手、腳、胸、背/心口兒	心口	心口	ɬɐm55 hɐu35	slam1 hau2	心口兒
4733	十一、身體（2）手、腳、胸、背/胸脯	胸	胸	hʊŋ55	hung1	胸脯1
4734	十一、身體（2）手、腳、胸、背/胸脯	胸口	胸口	hʊŋ55 hɐu35	hung1 hau2	胸脯2
4735	十一、身體（2）手、腳、胸、背/肋骨	肋索骨	肋索骨	lɐk2 ʃak3 kʷɐt5	lak6 saak3 gwat1	肋骨1，人或高等動物的肋骨
4736	十一、身體（2）手、腳、胸、背/肋骨	肋骨	肋骨	lɐk2 kʷɐt5	lak6 gwat1	肋骨2，人或高等動物的肋骨
4737	十一、身體（2）手、腳、胸、背/乳房	瀰瀰	弥弥	mɛ21 mɛ35	me4 me2	乳房1
4738	十一、身體（2）手、腳、胸、背/乳房	瀰	弥	mɛ21	me4	乳房2
4739	十一、身體（2）手、腳、胸、背/乳頭	瀰頭	弥头	mɛ21 tʰɐu21	me4 tau4	乳頭
4740	十一、身體（2）手、腳、胸、背/奶汁	奶	奶	nai24	naai5	奶汁1，乳汁
4741	十一、身體（2）手、腳、胸、背/奶汁	瀰水	弥水	mɛ21 ʃui35	me4 sui2	奶汁2，乳汁
4742	十一、身體（2）手、腳、胸、背/肚子	肚	肚	tʰu24	tu5	肚子1，腹部
4743	十一、身體（2）手、腳、胸、背/肚子	肚䏟	肚䏟	tʰu24 pɛt2	tu5 bet6	肚子2
4744	十一、身體（2）手、腳、胸、背/肚子	肚腩	肚腩	tʰu24 nam24	tu5 naam5	肚子3
4745	十一、身體（2）手、腳、胸、背/小肚子	小厴	小厴	ɬiu35 jim35	sliu2 jim2	小肚子1，小腹
4746	十一、身體（2）手、腳、胸、背/小肚子	小肚	小肚	ɬiu35 tʰu24	sliu2 tu5	小肚子2
4747	十一、身體（2）手、腳、胸、背/肚臍眼	肚臍	肚脐	tʰu24 tʃʰi21	tu5 ci4	肚臍眼1
4748	十一、身體（2）手、腳、胸、背/肚臍眼	肚臍窿	肚脐窿	tʰu24 tʃʰi21 lʊŋ55	tu5 ci4 lung1	肚臍眼2
4749	十一、身體（2）手、腳、胸、背/腰	腰骨	腰骨	jiu55 kʷɐt5	jiu1 gwat1	腰1
4750	十一、身體（2）手、腳、胸、背/腰	腰	腰	jiu55	jiu1	腰2
4751	十一、身體（2）手、腳、胸、背/細腰	黃蜂腰	黄蜂腰	wɔŋ21 fʊŋ55 jiu55	wong4 fung1 jiu1	細腰
4752	十一、身體（2）手、腳、胸、背/鎖骨	鎖骨	锁骨	ɬɔ35 kʷɐt5	slo2 gwat1	鎖骨
4753	十一、身體（2）手、腳、胸、背/脊背	背脊	背脊	pui33 tʃɛk3	bui3 zek3	脊背1
4754	十一、身體（2）手、腳、胸、背/脊背	背脢	背脢	pui33 mui21	bui3 mui4	脊背2，也指背上的肉
4755	十一、身體（2）手、腳、胸、背/脊樑骨	背脊骨	背脊骨	pui33 tʃɛk3 kʷɐt5	bui3 zek3 gwat1	脊樑骨1
4756	十一、身體（2）手、腳、胸、背/脊樑骨	脊骨	脊骨	tʃɛk3 kʷɐt5	zek3 gwat1	脊樑骨2
4757	十一、身體（2）手、腳、胸、背/脊樑骨	背脢骨	背脢骨	pui33 mui21 kʷɐt5	bui3 mui4 gwat1	脊樑骨3
4758	十一、身體（2）手、腳、胸、背/打赤膊	打赤肋	打赤肋	ta35 tʃʰi33 lɐk2	daa2 ci3 lak6	打赤膊1.1，裸上身
4759	十一、身體（2）手、腳、胸、背/打赤膊	打赤肋	打赤肋	ta35 tʃʰi33 lak3	daa2 ci3 laak3	打赤膊1.2，裸上身
4760	十一、身體（2）手、腳、胸、背/赤裸身體	打露俇	打露俇	ta35 lu22 kaŋ22	daa2 lu6 gaang6	赤裸身體1，裸下身
4761	十一、身體（2）手、腳、胸、背/赤裸身體	赤下身	赤下身	tʃʰek5 ha22 ʃɐn55	cik1 haa6 san1	赤裸身體2，裸下身
4762	十一、身體（2）手、腳、胸、背/全裸身體	赤身	赤身	tʃʰek5 ʃɐn55	cik1 san1	全裸身體2，全裸
4763	十一、身體（3）其他/頭髮旋兒	旋	旋	tʃyn22	zyun6	頭髮旋兒1
4764	十一、身體（3）其他/頭髮旋兒	髮旋	发旋	fat3 tʃyn22	faat3 zyun6	頭髮旋兒2
4765	十一、身體（3）其他/頭髮旋兒	頭旋	头旋	tʰɐu21 tʃyn22	tau4 zyun6	頭髮旋兒3
4766	十一、身體（3）其他/雙旋兒	兩隻旋	两只旋	lœŋ24 tʃɛk3 tʃyn22	loeng5 zek3 zyun6	雙旋兒
4767	十一、身體（3）其他/指紋	指紋	指纹	tʃi35 mɐn21	zi2 man4	指紋1
4768	十一、身體（3）其他/指紋	手紋	手纹	ʃɐu35 mɐn21	sau2 man4	指紋2
4769	十一、身體（3）其他/斗	腡	脶	lɔ21	lo4	斗，圓形的指紋
4770	十一、身體（3）其他/箕	篸	篸	tʃʰam35	caam2	箕1.1，簸箕形的指紋
4771	十一、身體（3）其他/箕	篸	篸	tʃʰɛm35	cem2	箕1.2，簸箕形的指紋
4772	十一、身體（3）其他/寒毛	寒毛	寒毛	hɔn21 mu21	hon4 mu4	寒毛1
4773	十一、身體（3）其他/寒毛	毛管	毛管	mu21 kun35	mu4 gun2	寒毛2
4774	十一、身體（3）其他/寒毛眼兒	肉毛支	肉毛支	jʊk2 mu21 tʃi55	juk6 mu4 zi1	肉毛支（珠），寒毛眼兒
4775	十一、身體（3）其他/痣	痣	痣	tʃi33	zi3	痣
4776	十一、身體（3）其他/骨	骨	骨	kʷɐt5	gwat1	骨1
4777	十一、身體（3）其他/骨	骨頭	骨头	kʷɐt5 tʰɐu21	gwat1 tau4	骨2
4778	十一、身體（3）其他/筋	筋	筋	kɐn55	gan1	筋
4779	十一、身體（3）其他/血	血	血	hyt3	hyut3	血
4780	十一、身體（3）其他/血管	筋	筋	kɐn55	gan1	血管1
4781	十一、身體（3）其他/血管	青筋	青筋	tʃʰeŋ55 kɐn55	cing1 gan1	血管2
4782	十一、身體（3）其他/脈	脈	脉	mɐk2	mak6	脈
4783	十一、身體（3）其他/五臟	五臟	五脏	ŋ̍24 tʃɔŋ22	ng5 zong6	五臟
4784	十一、身體（3）其他/心	心	心	ɬɐm55	slam1	心
4785	十一、身體（3）其他/肝	肝	肝	kɔn55	gon1	肝
4786	十一、身體（3）其他/肺	肺	肺	fɐi33	fai3	肺
4787	十一、身體（3）其他/膽	膽	胆	tam35	daam2	膽
4788	十一、身體（3）其他/脾	脾	脾	pʰi21	pi4	脾
4789	十一、身體（3）其他/胃	胃	胃	wɐi22	wai6	胃
4790	十一、身體（3）其他/腎	腎	肾	ʃɐn24	san5	腎1
4791	十一、身體（3）其他/腎	腰	腰	jiu55	jiu1	腎2
4792	十一、身體（3）其他/腸	腸	肠	tʃʰœŋ21	coeng4	腸
4793	十一、身體（3）其他/大腸	大腸	大肠	tai22 tʃʰœŋ21	daai6 coeng4	大腸
4794	十一、身體（3）其他/小腸	細腸	细肠	ɬɐi33 tʃʰœŋ21	slai3 coeng4	小腸
4795	十一、身體（3）其他/盲腸	盲腸	盲肠	maŋ21 tʃʰœŋ21	maang4 coeng4	盲腸
4796	十一、身體（3）其他/直腸	直腸	直肠	tʃek2 tʃʰœŋ21	zik6 coeng4	直腸
4797	十一、身體（3）其他/二頭肌	老鼠	老鼠	lu24 ʃy35	lu5 syu2	二頭肌，喻稱
4798	十二、疾病、醫療（1）一般用語/病了	病哂	病哂	pɛŋ22 ɬai33	beng6 slaai3	病了1
4799	十二、疾病、醫療（1）一般用語/病了	有病	有病	jɐu24 pɛŋ22	jau5 beng6	病了2
4800	十二、疾病、醫療（1）一般用語/病了	生病	生病	ʃaŋ55 pɛŋ22	saang1 beng6	病了3
4801	十二、疾病、醫療（1）一般用語/病了	病啊	病啊	pɛŋ22 a33	beng6 aa3	病了4
4802	十二、疾病、醫療（1）一般用語/發病	發病	发病	fat3 pɛŋ22	faat3 beng6	發病
4803	十二、疾病、醫療（1）一般用語/小病	細病	细病	ɬɐi33 pɛŋ22	slai3 beng6	小病1
4804	十二、疾病、醫療（1）一般用語/小病	冇舒服	冇舒服	mu24 ʃy55 fʊk2	mu5 syu1 fuk6	小病2
4805	十二、疾病、醫療（1）一般用語/急病	急病	急病	kɐp5 pɛŋ22	gap1 beng6	急病
4806	十二、疾病、醫療（1）一般用語/重病	大病	大病	tai22 pɛŋ22	daai6 beng6	重病1
4807	十二、疾病、醫療（1）一般用語/重病	病重	病重	pɛŋ22 tʃʰʊŋ24	beng6 cung5	重病2
4808	十二、疾病、醫療（1）一般用語/重病	病得要緊	病得要紧	pɛŋ22 tɐk5 jiu33 kɐn35	beng6 dak1 jiu3 gan2	重病3
4809	十二、疾病、醫療（1）一般用語/生重病	發大病	发大病	fat3 tai22 pɛŋ22	faat3 daai6 beng6	生重病
4810	十二、疾病、醫療（1）一般用語/病輕了	好啲喇	好啲喇	hu35 ti55 la33	hu2 di1 laa3	病輕了1
4811	十二、疾病、醫療（1）一般用語/病輕了	好啲哂	好啲哂	hu35 ti55 ɬai33	hu2 di1 slaai3	病輕了2
4812	十二、疾病、醫療（1）一般用語/病好了	好喇	好喇	hu35 la33	hu2 laa3	病好了1
4813	十二、疾病、醫療（1）一般用語/病好了	好哂	好哂	hu35 ɬai33	hu2 slaai3	病好了2
4814	十二、疾病、醫療（1）一般用語/斷根	斷根	断根	tʰyn24 kɐn55	tyun5 gan1	斷根，指病好徹底
4815	十二、疾病、醫療（1）一般用語/治（病）	醫	医	ji55	ji1	治（病）
4816	十二、疾病、醫療（1）一般用語/看病	睇病	睇病	tʰɐi35 pɛŋ22	tai2 beng6	看病
4817	十二、疾病、醫療（1）一般用語/住院	留醫	留医	lɐu21 ji55	lau4 ji1	住院
4818	十二、疾病、醫療（1）一般用語/陪牀	陪人	陪人	pʰui21 jɐn21	pui4 jan4	陪牀者
4819	十二、疾病、醫療（1）一般用語/號脈	摸脈	摸脉	mɔ55 mɐk2	mo1 mak6	號脈1
4820	十二、疾病、醫療（1）一般用語/號脈	把脈	把脉	pa35 mɐk2	baa2 mak6	號脈2
4821	十二、疾病、醫療（1）一般用語/開藥方子	開單	开单	hɔi55 tan55	hoi1 daan1	開藥方子1
4822	十二、疾病、醫療（1）一般用語/開藥方子	開方	开方	hɔi55 fɔŋ55	hoi1 fong1	開藥方子2
4823	十二、疾病、醫療（1）一般用語/開藥方子	開藥方	开药方	hɔi55 jœk2 fɔŋ55	hoi1 joek6 fong1	開藥方子3
4824	十二、疾病、醫療（1）一般用語/一劑藥	一劑藥	一剂药	a55 tʃɐi55 jœk2	aa1 zai1 joek6	一劑藥1.1
4825	十二、疾病、醫療（1）一般用語/一劑藥	一劑藥	一剂药	jɐt5 tʃɐi55 jœk2	jat1 zai1 joek6	一劑藥1.2
4826	十二、疾病、醫療（1）一般用語/一劑藥	一服藥	一服药	a55 fʊk2 jœk2	aa1 fuk6 joek6	一劑藥2.1
4827	十二、疾病、醫療（1）一般用語/一劑藥	一服藥	一服药	jɐt5 fʊk2 jœk2	jat1 fuk6 joek6	一劑藥2.2
4828	十二、疾病、醫療（1）一般用語/偏方兒	偏方	偏方	pʰin55 fɔŋ55	pin1 fong1	偏方兒
4829	十二、疾病、醫療（1）一般用語/抓藥	執藥	执药	tʃɐp5 jœk2	zap1 joek6	抓藥（中藥）
4830	十二、疾病、醫療（1）一般用語/買藥	買藥	买药	mai24 jœk2	maai5 joek6	買藥（西藥）
4831	十二、疾病、醫療（1）一般用語/（中）藥鋪	藥材鋪	药材铺	jœk2 tʃʰɔi21 pʰu33	joek6 coi4 pu3	（中）藥鋪
4832	十二、疾病、醫療（1）一般用語/藥房（西藥）	藥店	药店	jœk2 tim33	joek6 dim3	藥房（西藥）
4833	十二、疾病、醫療（1）一般用語/藥引子	藥引	药引	jœk2 jɐn24	joek6 jan5	藥引子
4834	十二、疾病、醫療（1）一般用語/中草藥	生草藥	生草药	ʃaŋ55 tʃʰu35 jœk2	saang1 cu2 joek6	中草藥，指未經泡製的
4835	十二、疾病、醫療（1）一般用語/藥罐子	藥罌	药罂	jœk2 aŋ55	joek6 aang1	藥罐子1
4836	十二、疾病、醫療（1）一般用語/藥罐子	藥煲	药煲	jœk2 pu55	joek6 bu1	藥罐子2
4837	十二、疾病、醫療（1）一般用語/煎藥	煲藥	煲药	pu55 jœk2	bu1 joek6	煎藥
4838	十二、疾病、醫療（1）一般用語/藥膏	藥膏	药膏	jœk2 ku55	joek6 gu1	藥膏1（西藥）
4839	十二、疾病、醫療（1）一般用語/藥膏	軟膏	软膏	jyn24 ku55	jyun5 gu1	藥膏2（西藥）
4840	十二、疾病、醫療（1）一般用語/膏藥	膏藥	膏药	ku55 jœk2	gu1 joek6	膏藥（中藥）
4841	十二、疾病、醫療（1）一般用語/藥麪兒	藥粉	药粉	jœk2 fɐn35	joek6 fan2	藥麪兒
4842	十二、疾病、醫療（1）一般用語/藥片	藥粒	药粒	jœk2 nɐp5	joek6 nap1	藥片
4843	十二、疾病、醫療（1）一般用語/擦藥膏	搽藥膏	搽药膏	tʃʰa21 jœk2 ku55	caa4 joek6 gu1	擦藥膏
4844	十二、疾病、醫療（1）一般用語/貼膏藥	𪐀膏藥	𪐀膏药	nɛ55 ku55 jœk2	ne1 gu1 joek6	貼膏藥1
4845	十二、疾病、醫療（1）一般用語/貼膏藥	躂膏藥	跶膏药	tat3 ku55 jœk2	daat3 gu1 joek6	貼膏藥2
4846	十二、疾病、醫療（1）一般用語/上藥	搽藥	搽药	tʃʰa21 jœk2	caa4 joek6	上藥
4847	十二、疾病、醫療（1）一般用語/敷藥	搕藥	搕药	ɐp5 jœk2	ap1 joek6	敷藥
4848	十二、疾病、醫療（1）一般用語/吃藥	食藥	食药	ʃek2 jœk2	sik6 joek6	吃藥
4849	十二、疾病、醫療（1）一般用語/湯藥	湯藥	汤药	tʰɔŋ55 jœk2	tong1 joek6	湯藥
4850	十二、疾病、醫療（1）一般用語/涼茶	涼茶	凉茶	lœŋ21 tʃʰa21	loeng4 caa4	清涼茶
4851	十二、疾病、醫療（1）一般用語/發汗	發表	发表	fat3 piu35	faat3 biu2	發汗
4852	十二、疾病、醫療（1）一般用語/祛風	去風	去风	hy33 fʊŋ55	hyu3 fung1	祛風1
4853	十二、疾病、醫療（1）一般用語/祛風	祛風	祛风	kʰy55 fʊŋ55	kyu1 fung1	祛風2
4854	十二、疾病、醫療（1）一般用語/祛火	敗火	败火	pai22 fɔ35	baai6 fo2	祛火1
4855	十二、疾病、醫療（1）一般用語/祛火	清火	清火	tʃʰeŋ55 fɔ35	cing1 fo2	祛火2
4856	十二、疾病、醫療（1）一般用語/祛火	墜火	坠火	tʃui22 fɔ35	zui6 fo2	祛火3
4857	十二、疾病、醫療（1）一般用語/祛溼	去溼	去湿	hy33 ʃɐp5	hyu3 sap1	祛溼
4858	十二、疾病、醫療（1）一般用語/祛毒	去毒	去毒	hy33 tʊk2	hyu3 duk6	祛毒1
4859	十二、疾病、醫療（1）一般用語/祛毒	敗毒	败毒	pai22 tʊk2	baai6 duk6	祛毒2
4860	十二、疾病、醫療（1）一般用語/祛毒	拔毒	拔毒	pat2 tʊk2	baat6 duk6	祛毒3
4861	十二、疾病、醫療（1）一般用語/消食	消滯	消滞	ɬiu55 tʃɐi22	sliu1 zai6	消食
4862	十二、疾病、醫療（1）一般用語/扎針	㓤針	㓤针	kɐt5 tʃɐm55	gat1 zam1	扎針
4863	十二、疾病、醫療（1）一般用語/打針	打針	打针	ta35 tʃɐm55	daa2 zam1	打針
4864	十二、疾病、醫療（1）一般用語/輸液	吊針	吊针	tiu33 tʃɐm55	diu3 zam1	輸液1
4865	十二、疾病、醫療（1）一般用語/輸液	打吊針	打吊针	ta35 tiu33 tʃɐm55	daa2 diu3 zam1	輸液2
4866	十二、疾病、醫療（1）一般用語/開刀	開刀	开刀	hɔi55 tu55	hoi1 du1	開刀
4867	十二、疾病、醫療（1）一般用語/縫針	聯針	联针	lyn21 tʃɐm55	lyun4 zam1	縫針1.1
4868	十二、疾病、醫療（1）一般用語/縫針	聯針	联针	lin21 tʃɐm55	lin4 zam1	縫針1.2
4869	十二、疾病、醫療（1）一般用語/縫針	縫針	缝针	fʊŋ21 tʃɐm55	fung4 zam1	縫針2
4870	十二、疾病、醫療（1）一般用語/量體溫	探溫	探温	tʰam33 wɐn55	taam3 wan1	量體溫
4871	十二、疾病、醫療（1）一般用語/體溫針	探溫針	探温针	tʰam33 wɐn55 tʃɐm55	taam3 wan1 zam1	體溫針，測量人或動物體溫的溫度計
4872	十二、疾病、醫療（1）一般用語/氟離子透入	氟透	氟透	fɐt5 tʰɐu33	fat1 tau3	氟離子透入，防止齲齒的一種技術，使用時，往往幾人一組，圍站在氟離子透入防齲儀旁，口中含住沾有氟化鈉溶液的齒托，是20世紀80-90年代中小學、幼兒園的保健項目，現已淘汰
4873	十二、疾病、醫療（1）一般用語/鍼灸	鍼灸	针灸	tʃɐm55 kʰɐu33	zam1 kau3	鍼灸
4874	十二、疾病、醫療（1）一般用語/拔火罐子	拔火罐	拔火罐	pat2 fɔ35 kun33	baat6 fo2 gun3	拔火罐子
4875	十二、疾病、醫療（1）一般用語/刮痧	刮痧	刮痧	kʷɛt3 ʃa55	gwet3 saa1	刮痧
4876	十二、疾病、醫療（1）一般用語/掐痧	扭痧	扭痧	nɐu35 ʃa55	nau2 saa1	掐痧
4877	十二、疾病、醫療（1）一般用語/坐浴	坐盆	坐盆	tʃʰɔ24 pʰun21	co5 pun4	坐浴
4878	十二、疾病、醫療（1）一般用語/風油精	風油精	风油精	fʊŋ55 jɐu21 tʃeŋ55	fung1 jau4 zing1	風油精，液體，用於止癢、止痛、消炎
4879	十二、疾病、醫療（1）一般用語/清涼油（萬金油）	清涼油	清凉油	tʃʰeŋ55 lœŋ21 jɐu21	cing1 loeng4 jau4	清涼油（萬金油），膏狀，用於提神醒腦、防暈車
4880	十二、疾病、醫療（1）一般用語/紅花油	萬花油	万花油	man22 fa55 jɐu21	maan6 faa1 jau4	紅花油，用於跌打損傷
4881	十二、疾病、醫療（1）一般用語/紅藥水	紅汞	红汞	hʊŋ21 kʊŋ33	hung4 gung3	紅藥水，用於傷口消毒
4882	十二、疾病、醫療（1）一般用語/藍藥水	藍汞	蓝汞	lam21 kʊŋ33	laam4 gung3	藍藥水，用於殺菌、收斂
4883	十二、疾病、醫療（1）一般用語/西瓜霜	西瓜霜	西瓜霜	ɬɐi55 kʷa55 ɬœŋ55	slai1 gwaa1 sloeng1	西瓜霜，由西瓜皮和芒硝混合製成的白色粉粒狀結晶，治療咽喉腫痛、口舌生瘡等，產自桂林，見2015年廣西壯族自治區商務廳《廣西特產寶典》P224-227
4884	十二、疾病、醫療（1）一般用語/正骨水	正骨水	正骨水	tʃeŋ33 kʷɐt5 ʃui35	zing3 gwat1 sui2	正骨水，治療跌打扭傷、骨折、脫臼等，產自鬱林，見2015年廣西壯族自治區商務廳《廣西特產寶典》P228-230和1985年《廣西特產風味指南》P91-92
4885	十二、疾病、醫療（1）一般用語/雲香精	雲香精	云香精	wɐn21 hœŋ55 tʃeŋ55	wan4 hoeng1 zing1	雲香精，有鎮痛、消腫、舒筋活絡等功效，緩解風溼骨痛、傷風感冒、暈車、暈船、頭痛、瘙癢等，產自鬱林，見1985年《廣西特產風味指南》P91-92
4886	十二、疾病、醫療（1）一般用語/虎骨酒	虎骨酒	虎骨酒	fu35 kʷɐt5 tʃɐu35	fu2 gwat1 zau2	虎骨酒，藥酒，舊時用虎骨泡製的藥酒，賣者宣稱有祛風、止痛的作用，老虎現爲保護動物，禁止私自捕殺買賣
4887	十二、疾病、醫療（1）一般用語/蛤蚧酒	蛤蚧酒	蛤蚧酒	kɐp5 kai33 tʃɐu35	gap1 gaai3 zau2	蛤蚧酒，藥酒，舊時用蛤蚧泡製的藥酒，賣者宣稱有補腎、助陽、益精的作用，見1985年《廣西特產風味指南》P147-148和1982年《南寧旅遊手冊》P102，蛤蚧現爲保護動物，禁止私自捕殺買賣
4888	十二、疾病、醫療（1）一般用語/三蛇酒	三蛇酒	三蛇酒	ɬam55 ʃɛ21 tʃɐu35	slaam1 se4 zau2	三蛇酒，藥酒，舊時用三種蛇加中藥在50度以上的白酒或米酒中泡製而成的藥酒，不同地區所用三蛇不同，比如兩廣一般用金包鐵（金環蛇）、吹風鱉/飯鏟頭（眼鏡蛇）和過樹龍/過樹榕（灰鼠蛇），前兩種是毒蛇，後一種是無毒蛇，賣者宣稱可治風溼癱瘓、面部腳部浮腫、中風傷溼、半身不遂和骨節疼痛，見1985年《廣西特產風味指南》P86-87和1982年《南寧旅遊手冊》P102，這些蛇現爲保護動物，禁止私自捕殺買賣
4889	十二、疾病、醫療（1）一般用語/白花蛇酒	白花蛇酒	白花蛇酒	pak2 fa55 ʃɛ21 tʃɐu35	baak6 faa1 se4 zau2	白花蛇酒，藥酒，舊時用白花蛇泡製的藥酒，賣者宣稱可治半身不遂、風溼骨痛，白花蛇現爲保護動物，禁止私自捕殺買賣
4890	十二、疾病、醫療（1）一般用語/蜥蜴酒	馬鬃蛇酒	马鬃蛇酒	ma24 tʃʊŋ55 ʃɛ21 tʃɐu35	maa5 zung1 se4 zau2	蜥蜴酒，藥酒，舊時用蜥蜴加當歸泡製的藥酒，賣者宣稱有滋補健身、祛風活血的作用
4891	十二、疾病、醫療（1）一般用語/蜂酒	蜂酒	蜂酒	fʊŋ55 tʃɐu35	fung1 zau2	蜂酒，藥酒，舊時用大型胡蜂泡製的藥酒，賣者宣稱有緩解風溼疼痛的作用
4892	十二、疾病、醫療（1）一般用語/毛雞酒	毛雞酒	毛鸡酒	mu21 kɐi55 tʃɐu35	mu4 gai1 zau2	毛雞酒，藥酒，舊時用毛雞（褐翅鴉鵑）泡製的藥酒，賣者宣稱有滋補養陰、調經通乳、祛風去溼等作用，見1985年《廣西特產風味指南》P87-88和1982年《南寧旅遊手冊》P102，褐翅鴉鵑現爲保護動物，禁止私自捕殺買賣
4893	十二、疾病、醫療（1）一般用語/田七酒（三七酒）	田七酒	田七酒	tʰin21 tʃʰɐt5 tʃɐu35	tin4 cat1 zau2	田七酒（三七酒），藥酒，舊時以田七爲主原料配以其他中藥材釀製的藥酒，賣者宣稱可治貧血、產後虛弱、神經衰弱等，見1982年《南寧旅遊手冊》P102
4894	十二、疾病、醫療（1）一般用語/首烏酒	首烏酒	首乌酒	ʃɐu35 wu55 tʃɐu35	sau2 wu1 zau2	首烏酒，藥酒，舊時以何首烏爲主原料配以其他中藥材釀製的藥酒，賣者宣稱主治身體虛弱、氣血兩虧、少年白髮症等，見1982年《南寧旅遊手冊》P103
4895	十二、疾病、醫療（1）一般用語/烏猿酒	烏猿酒	乌猿酒	wu55 jyn21 tʃɐu35	wu1 jyun4 zau2	烏猿酒，藥酒，舊時用珍稀動物黑葉猴釀製的藥酒，賣者宣稱具有滋補養顏、祛風健骨等作用，龍州所製較出名，因烏猿珍貴，國營所製也只用老殘烏猿，見1985年《廣西特產風味指南》P83-84和1982年《南寧旅遊手冊》P103，黑葉猴現爲保護動物，禁止私自捕殺買賣
4896	十二、疾病、醫療（2）內科/瀉肚	肚屙	肚屙	tʰu24 ɔ55	tu5 o1	瀉肚1
4897	十二、疾病、醫療（2）內科/瀉肚	屙肚	屙肚	ɔ55 tʰu24	o1 tu5	瀉肚2
4898	十二、疾病、醫療（2）內科/瀉肚	屙瀉	屙泻	ɔ55 ɬɛ33	o1 sle3	瀉肚3
4899	十二、疾病、醫療（2）內科/瀉肚	屙啡啡	屙啡啡	ɔ55 fɛ21 fɛ55	o1 fe4 fe1	瀉肚4
4900	十二、疾病、醫療（2）內科/痢疾	屙痢	屙痢	ɔ55 li22	o1 li6	痢疾1
4901	十二、疾病、醫療（2）內科/痢疾	屙紅白痢	屙红白痢	ɔ55 hʊŋ21 pak2 li22	o1 hung4 baak6 li6	痢疾2
4902	十二、疾病、醫療（2）內科/呻吟	呻	呻	ʃɐn33	san3	呻吟
4903	十二、疾病、醫療（2）內科/發燒	發燒	发烧	fat3 ʃiu55	faat3 siu1	發燒1
4904	十二、疾病、醫療（2）內科/發燒	發熱	发热	fat3 jit2	faat3 jit6	發燒2
4905	十二、疾病、醫療（2）內科/發燒	發㷫	发㷫	fat3 heŋ33	faat3 hing3	發燒3
4906	十二、疾病、醫療（2）內科/發冷	發冷	发冷	fat3 laŋ24	faat3 laang5	發冷
4907	十二、疾病、醫療（2）內科/發抖	恂	恂	ɬɐn21	slan4	發抖1
4908	十二、疾病、醫療（2）內科/發抖	打震	打震	ta35 tʃɐn33	daa2 zan3	發抖2，打顫，「顫」訓讀爲「震」
4909	十二、疾病、醫療（2）內科/發抖	打冷震	打冷震	ta35 laŋ24 tʃɐn33	daa2 laang5 zan3	發抖3，打冷顫，「顫」訓讀爲「震」
4910	十二、疾病、醫療（2）內科/起雞皮疙瘩	毛管起	毛管起	mu21 kun35 hi35	mu4 gun2 hi2	起雞皮疙瘩1
4911	十二、疾病、醫療（2）內科/起雞皮疙瘩	毛管徛	毛管徛	mu21 kun35 kʰi24	mu4 gun2 ki5	起雞皮疙瘩2
4912	十二、疾病、醫療（2）內科/起雞皮疙瘩	起肉毛支	起肉毛支	hi35 jʊk2 mu21 tʃi55	hi2 juk6 mu4 zi1	起雞皮疙瘩3
4913	十二、疾病、醫療（2）內科/傷風	傷風	伤风	ʃœŋ55 fʊŋ55	soeng1 fung1	傷風1
4914	十二、疾病、醫療（2）內科/傷風	涼着	凉着	lœŋ21 tʃœk2	loeng4 zoek6	傷風2
4915	十二、疾病、醫療（2）內科/傷風	感冒	感冒	kam35 mau22	gaam2 maau6	傷風3.1
4916	十二、疾病、醫療（2）內科/傷風	感冒	感冒	kam35 mu22	gaam2 mu6	傷風3.2
4917	十二、疾病、醫療（2）內科/咳嗽	咳	咳	kʰɐt5	kat1	咳嗽
4918	十二、疾病、醫療（2）內科/不停地咳嗽	咳鉗鉗	咳钳钳	kʰɐt5 kʰɛm21 kʰɛm21	kat1 kem4 kem4	不停地咳嗽，擬咳嗽聲
4919	十二、疾病、醫療（2）內科/氣喘	氣喘	气喘	hi33 tʃʰyn35	hi3 cyun2	氣喘
4920	十二、疾病、醫療（2）內科/喘貌	喘吷吷	喘吷吷	tʃʰyn35 hœt2 hœt2	cyun2 hoet6 hoet6	喘貌
4921	十二、疾病、醫療（2）內科/哮喘	哮喘	哮喘	hau55 tʃʰyn35	haau1 cyun2	哮喘1
4922	十二、疾病、醫療（2）內科/哮喘	絣瘕	絣瘕	mɐŋ55 ha55	mang1 haa1	哮喘2
4923	十二、疾病、醫療（2）內科/哮喘	掹瘕	掹瘕	mɐŋ55 ha55	mang1 haa1	哮喘2，同「絣瘕」
4924	十二、疾病、醫療（2）內科/哮喘	扯風箱	扯风箱	tʃʰɛ35 fʊŋ55 ɬœŋ55	ce2 fung1 sloeng1	哮喘3，比喻
4925	十二、疾病、醫療（2）內科/嗓子沙啞	喉瘕	喉瘕	hɐu21 ha55	hau4 haa1	嗓子沙啞
4926	十二、疾病、醫療（2）內科/倒牙	牙㾓	牙㾓	ŋa21 jyn55	ngaa4 jyun1	倒牙，牙齒酸軟
4927	十二、疾病、醫療（2）內科/氣管炎	氣管炎	气管炎	hi33 kun35 jim21	hi3 gun2 jim4	氣管炎
4928	十二、疾病、醫療（2）內科/中暑	中暑	中暑	tʃʊŋ33 ʃy35	zung3 syu2	中暑1
4929	十二、疾病、醫療（2）內科/中暑	感暑	感暑	kam35 ʃy35	gaam2 syu2	中暑2
4930	十二、疾病、醫療（2）內科/中暑	痧氣	痧气	ʃa55 hi33	saa1 hi3	中暑3
4931	十二、疾病、醫療（2）內科/中暑	發痧	发痧	fat3 ʃa55	faat3 saa1	中暑4
4932	十二、疾病、醫療（2）內科/痧氣重	痧氣重	痧气重	ʃa55 hi33 tʃʰʊŋ24	saa1 hi3 cung5	痧氣重
4933	十二、疾病、醫療（2）內科/絞腸痧	絞腸痧	绞肠痧	kɛu35 tʃʰœŋ21 ʃa55	geu2 coeng4 saa1	絞腸痧，痧氣的一種
4934	十二、疾病、醫療（2）內科/羊毛痧	羊毛痧	羊毛痧	jœŋ21 mu21 ʃa55	joeng4 mu4 saa1	羊毛痧，痧氣的一種
4935	十二、疾病、醫療（2）內科/飆蛇	飆蛇	飙蛇	piu55 ʃɛ21	biu1 se4	飆蛇，痧氣的一種
4936	十二、疾病、醫療（2）內科/上火	熱氣	热气	jit2 hi33	jit6 hi3	上火
4937	十二、疾病、醫療（2）內科/積滯	滯	滞	tʃɐi22	zai6	積滯
4938	十二、疾病、醫療（2）內科/肚子疼	肚痛	肚痛	tʰu24 tʰʊŋ33	tu5 tung3	肚子疼
4939	十二、疾病、醫療（2）內科/胸口疼	心口痛	心口痛	ɬɐm55 hɐu35 tʰʊŋ33	slam1 hau2 tung3	胸口疼
4940	十二、疾病、醫療（2）內科/腰痛	腰痛	腰痛	jiu55 tʰʊŋ33	jiu1 tung3	腰痛1
4941	十二、疾病、醫療（2）內科/腰痛	腰骨痛	腰骨痛	jiu55 kʷɐt5 tʰʊŋ33	jiu1 gwat1 tung3	腰痛2
4942	十二、疾病、醫療（2）內科/腰酸	腰脹	腰胀	jiu55 tʃœŋ33	jiu1 zoeng3	腰酸
4943	十二、疾病、醫療（2）內科/頭暈	頭暈	头晕	tʰɐu21 wɐn21	tau4 wan4	頭暈1
4944	十二、疾病、醫療（2）內科/頭暈	頭昏	头昏	tʰɐu21 wɐn55	tau4 wan1	頭暈2
4945	十二、疾病、醫療（2）內科/頭暈	昏嗲嗲	昏嗲嗲	wɐn55 tɛ21 tɛ21	wan1 de4 de4	頭暈3，暈頭轉向，源自「昏忳/忳忳」，昏沉貌
4946	十二、疾病、醫療（2）內科/頭暈	昏頭昏腦	昏头昏脑	wɐn55 tʰɐu21 wɐn55 nu24	wan1 tau4 wan1 nu5	頭暈4，迷糊、不清醒
4947	十二、疾病、醫療（2）內科/暈車	暈車	晕车	wɐn55 tʃʰɛ55	wan1 ce1	暈車
4948	十二、疾病、醫療（2）內科/暈船	暈船	晕船	wɐn55 ʃyn21	wan1 syun4	暈船1
4949	十二、疾病、醫療（2）內科/暈船	暈浪	晕浪	wɐn55 lɔŋ22	wan1 long6	暈船2
4950	十二、疾病、醫療（2）內科/頭疼	頭痛	头痛	tʰɐu21 tʰʊŋ33	tau4 tung3	頭疼1
4951	十二、疾病、醫療（2）內科/頭疼	頭刺	头刺	tʰɐu21 tʃʰɛk3	tau4 cek3	頭疼2
4952	十二、疾病、醫療（2）內科/噁心	心悶	心闷	ɬɐm55 mun22	slam1 mun6	噁心1，要嘔吐
4953	十二、疾病、醫療（2）內科/噁心	想嘔	想呕	ɬœŋ35 ɐu35	sloeng2 au2	噁心2
4954	十二、疾病、醫療（2）內科/噁心	想噦	想哕	ɬœŋ35 wɛ35	sloeng2 we2	噁心3
4955	十二、疾病、醫療（2）內科/嘔吐	嘔	呕	ɐu35	au2	嘔吐1
4956	十二、疾病、醫療（2）內科/嘔吐	噦	哕	wɛ35	we2	嘔吐2，本字「哇」，吐也
4957	十二、疾病、醫療（2）內科/乾噦	乾嘔	干呕	kɔn55 ɐu35	gon1 au2	乾噦
4958	十二、疾病、醫療（2）內科/疝氣	大卵脬	大卵脬	tai22 lɔn55 pʰau55	daai6 lon1 paau1	疝氣1，俗作「大卵泡」
4959	十二、疾病、醫療（2）內科/疝氣	大卵泡	大卵泡	tai22 lɔn55 pʰau55	daai6 lon1 paau1	疝氣1，同「大卵脬」
4960	十二、疾病、醫療（2）內科/疝氣	疝氣	疝气	ʃan33 hi33	saan3 hi3	疝氣2
4961	十二、疾病、醫療（2）內科/脫肛	大腸頭甩	大肠头甩	tai22 tʃʰœŋ21 tʰɐu21 lɐt5	daai6 coeng4 tau4 lat1	脫肛
4962	十二、疾病、醫療（2）內科/瘧疾	瘧疾	疟疾	nœk2 tʃɐt2	noek6 zat6	瘧疾1.1
4963	十二、疾病、醫療（2）內科/瘧疾	瘧疾	疟疾	jœk2 tʃɐt2	joek6 zat6	瘧疾1.2
4964	十二、疾病、醫療（2）內科/瘧疾	雞鬼	鸡鬼	kɐi55 kʷɐi35	gai1 gwai2	瘧疾2
4965	十二、疾病、醫療（2）內科/發瘧子	發熱發冷	发热发冷	fat3 jit2 fat3 laŋ24	faat3 jit6 faat3 laang5	發瘧子1
4966	十二、疾病、醫療（2）內科/發瘧子	發冷發熱	发冷发热	fat3 laŋ24 fat3 jit2	faat3 laang5 faat3 jit6	發瘧子2
4967	十二、疾病、醫療（2）內科/霍亂	霍亂	霍乱	kʰɔk3 lyn22	kok3 lyun6	霍亂1
4968	十二、疾病、醫療（2）內科/霍亂	發人瘟	发人瘟	fat3 jɐn21 wɐn55	faat3 jan4 wan1	霍亂2
4969	十二、疾病、醫療（2）內科/蕁痲疹（風疹塊）	風穙	风穙	fʊŋ55 pʊk2	fung1 buk6	蕁痲疹（風疹塊）
4970	十二、疾病、醫療（2）內科/出痲疹	出痲	出痲	tʃʰyt5 ma21	cyut1 maa4	出痲疹
4971	十二、疾病、醫療（2）內科/出水痘	出水痘	出水痘	tʃʰyt5 ʃui35 tɐu22	cyut1 sui2 dau6	出水痘
4972	十二、疾病、醫療（2）內科/出天花	出天花	出天花	tʃʰyt5 tʰin55 fa55	cyut1 tin1 faa1	出天花1
4973	十二、疾病、醫療（2）內科/出天花	出痘	出痘	tʃʰyt5 tɐu22	cyut1 dau6	出天花2
4974	十二、疾病、醫療（2）內科/天花	天花	天花	tʰin55 fa55	tin1 faa1	天花1
4975	十二、疾病、醫療（2）內科/天花	痘	痘	tɐu22	dau6	天花2
4976	十二、疾病、醫療（2）內科/種痘	種痘	种痘	tʃʊŋ33 tɐu22	zung3 dau6	種痘
4977	十二、疾病、醫療（2）內科/傷寒	傷寒	伤寒	ʃœŋ55 hɔn21	soeng1 hon4	傷寒
4978	十二、疾病、醫療（2）內科/黃疸	黃疸	黄疸	wɔŋ21 tam35	wong4 daam2	黃疸1
4979	十二、疾病、醫療（2）內科/黃疸	黃病	黄病	wɔŋ21 pɛŋ22	wong4 beng6	黃疸2
4980	十二、疾病、醫療（2）內科/肝炎	肝炎	肝炎	kɔn55 jim21	gon1 jim4	肝炎
4981	十二、疾病、醫療（2）內科/肺炎	肺炎	肺炎	fɐi33 jim21	fai3 jim4	肺炎
4982	十二、疾病、醫療（2）內科/胃病	胃病	胃病	wɐi22 pɛŋ22	wai6 beng6	胃病1
4983	十二、疾病、醫療（2）內科/胃病	心口痛	心口痛	ɬɐm55 hɐu35 tʰʊŋ33	slam1 hau2 tung3	胃病2
4984	十二、疾病、醫療（2）內科/胃病	胃痛	胃痛	wɐi22 tʰʊŋ33	wai6 tung3	胃病3
4985	十二、疾病、醫療（2）內科/盲腸炎	盲腸炎	盲肠炎	maŋ21 tʃʰœŋ21 jim21	maang4 coeng4 jim4	盲腸炎
4986	十二、疾病、醫療（2）內科/癆病	肺癆	肺痨	fɐi33 lu21	fai3 lu4	癆病，中醫指結核病
4987	十二、疾病、醫療（2）內科/傳染	惹	惹	jɛ24	je5	傳染
4988	十二、疾病、醫療（3）外科/跌傷	跌傷	跌伤	tit3 ʃœŋ55	dit3 soeng1	跌傷1
4989	十二、疾病、醫療（3）外科/跌傷	跌着	跌着	tit3 tʃœk2	dit3 zoek6	跌傷2
4990	十二、疾病、醫療（3）外科/碰傷	碰傷	碰伤	pʰʊŋ33 ʃœŋ55	pung3 soeng1	碰傷1
4991	十二、疾病、醫療（3）外科/碰傷	碰着	碰着	pʰʊŋ33 tʃœk2	pung3 zoek6	碰傷2
4992	十二、疾病、醫療（3）外科/碰傷	撞傷	撞伤	tʃɔŋ22 ʃœŋ55	zong6 soeng1	碰傷3
4993	十二、疾病、醫療（3）外科/碰傷	撞着	撞着	tʃɔŋ22 tʃœk2	zong6 zoek6	碰傷4
4994	十二、疾病、醫療（3）外科/扭傷	屈着	屈着	wɐt5 tʃœk2	wat1 zoek6	扭傷1
4995	十二、疾病、醫療（3）外科/扭傷	扭着	扭着	nɐu35 tʃœk2	nau2 zoek6	扭傷2
4996	十二、疾病、醫療（3）外科/（筋骨、肌肉）酸痛	㾓	㾓	jyn55	jyun1	筋骨、肌肉酸痛
4997	十二、疾病、醫療（3）外科/骨折	骨斷	骨断	kʷɐt5 tʰyn24	gwat1 tyun5	骨折
4998	十二、疾病、醫療（3）外科/蹭破皮兒	塌皮	塌皮	tʰat3 pʰi21	taat3 pi4	蹭破皮兒1
4999	十二、疾病、醫療（3）外科/蹭破皮兒	損	损	ɬyn35	slyun2	蹭破皮兒2
5000	十二、疾病、醫療（3）外科/蹭破皮兒	塌傷皮	塌伤皮	tʰat3 ʃœŋ55 pʰi21	taat3 soeng1 pi4	蹭破皮兒3
5001	十二、疾病、醫療（3）外科/剌個口子	割隻口	割只口	kɔt3 tʃɛk3 hɐu35	got3 zek3 hau2	剌個口子1
5002	十二、疾病、醫療（3）外科/剌個口子	擘隻口	擘只口	mak3 tʃɛk3 hɐu35	maak3 zek3 hau2	剌個口子2
5003	十二、疾病、醫療（3）外科/出血	出血	出血	tʃʰyt5 hyt3	cyut1 hyut3	出血
5004	十二、疾病、醫療（3）外科/瘀血	瘀血	瘀血	jy35 hyt3	jyu2 hyut3	瘀血1
5005	十二、疾病、醫療（3）外科/瘀血	黝血	黝血	ɐu35 hyt3	au2 hyut3	瘀血2
5006	十二、疾病、醫療（3）外科/腫	腫	肿	tʃʊŋ35	zung2	腫1
5007	十二、疾病、醫療（3）外科/腫	蓬腫	蓬肿	pʰʊŋ21 tʃʊŋ35	pung4 zung2	腫2
5008	十二、疾病、醫療（3）外科/紅腫	紅腫	红肿	hʊŋ21 tʃʊŋ35	hung4 zung2	紅腫1
5009	十二、疾病、醫療（3）外科/紅腫	紅紅腫腫	红红肿肿	hʊŋ21 hʊŋ21 tʃʊŋ35 tʃʊŋ35	hung4 hung4 zung2 zung2	紅腫2
5010	十二、疾病、醫療（3）外科/灌膿	漚膿	沤脓	ɐu33 nʊŋ21	au3 nung4	灌膿1，化膿
5011	十二、疾病、醫療（3）外科/灌膿	熟膿	熟脓	ʃʊk2 nʊŋ21	suk6 nung4	灌膿2，化膿
5012	十二、疾病、醫療（3）外科/潰膿	出膿	出脓	tʃʰyt5 nʊŋ21	cyut1 nung4	潰膿
5013	十二、疾病、醫療（3）外科/癒合	埋口	埋口	mai21 hɐu35	maai4 hau2	（傷口）癒合
5014	十二、疾病、醫療（3）外科/結痂	結疤	结疤	kit3 pa55	git3 baa1	結痂1
5015	十二、疾病、醫療（3）外科/結痂	結𥀬	结𥀬	kit3 jim35	git3 jim2	結痂2
5016	十二、疾病、醫療（3）外科/疤	囊肌	囊肌	nɐŋ55 kɐi55	nang1 gai1	疤1，俗字「𤹍雞」，「囊」取皮囊義，上古陽部
5017	十二、疾病、醫療（3）外科/疤	囊肌疤	囊肌疤	nɐŋ55 kɐi55 pa55	nang1 gai1 baa1	疤2，俗字「𤹍雞疤」，「囊」取皮囊義，上古陽部
5018	十二、疾病、醫療（3）外科/疤	𤶠	𤶠	na55	naa1	疤3，也指補丁，俗字「𤶸」
5019	十二、疾病、醫療（3）外科/腮腺炎	痄腮	痄腮	tʃa33 ɬɔi55	zaa3 sloi1	腮腺炎1
5020	十二、疾病、醫療（3）外科/腮腺炎	豬頭肥	猪头肥	tʃy55 tʰɐu21 fi21	zyu1 tau4 fi4	腮腺炎2
5021	十二、疾病、醫療（3）外科/長瘡	生瘡	生疮	ʃaŋ55 tʃʰɔŋ55	saang1 cong1	長瘡
5022	十二、疾病、醫療（3）外科/長疔	生疔	生疔	ʃaŋ55 teŋ55	saang1 ding1	長疔
5023	十二、疾病、醫療（3）外科/痔瘡	痔瘡	痔疮	tʃi22 tʃʰɔŋ55	zi6 cong1	痔瘡
5024	十二、疾病、醫療（3）外科/疥瘡	癩渣	癞渣	lai33 tʃa55	laai3 zaa1	疥瘡1
5025	十二、疾病、醫療（3）外科/疥瘡	癩瘡	癞疮	lai33 tʃʰɔŋ55	laai3 cong1	疥瘡2
5026	十二、疾病、醫療（3）外科/凍瘡	蘿蔔	萝卜	lɔ21 pak2	lo4 baak6	凍瘡
5027	十二、疾病、醫療（3）外科/蘿蔔腳	蘿蔔腳	萝卜脚	lɔ21 pak2 kœk3	lo4 baak6 goek3	蘿蔔腳，腳上長凍瘡
5028	十二、疾病、醫療（3）外科/蘿蔔手	蘿蔔手	萝卜手	lɔ21 pak2 ʃɐu35	lo4 baak6 sau2	蘿蔔手，手上長凍瘡
5029	十二、疾病、醫療（3）外科/長凍瘡	生蘿蔔	生萝卜	ʃaŋ55 lɔ21 pak2	saang1 lo4 baak6	長凍瘡
5030	十二、疾病、醫療（3）外科/甲溝炎	蛇頭瘡	蛇头疮	ʃɛ21 tʰɐu21 tʃʰɔŋ55	se4 tau4 cong1	甲溝炎
5031	十二、疾病、醫療（3）外科/癬	癬	癣	ɬyn35	slyun2	癬1
5032	十二、疾病、醫療（3）外科/癬	金錢癬	金钱癣	kɐm55 tʃʰin21 ɬyn35	gam1 cin4 slyun2	癬2，圓形狀的癬
5033	十二、疾病、醫療（3）外科/腳癬	沙蟲腳	沙虫脚	ʃa55 tʃʰʊŋ21 kœk3	saa1 cung4 goek3	腳癬1
5034	十二、疾病、醫療（3）外科/腳癬	香港腳	香港脚	hœŋ55 kɔŋ35 kœk3	hoeng1 gong2 goek3	腳癬2
5035	十二、疾病、醫療（3）外科/痱子	熱痱	热痱	jit2 fi35	jit6 fi2	痱子
5036	十二、疾病、醫療（3）外科/瘌痢、禿瘡	雞屎堆	鸡屎堆	kɐi55 ʃi35 tui55	gai1 si2 dui1	瘌痢、禿瘡1
5037	十二、疾病、醫療（3）外科/瘌痢、禿瘡	瘌痢頭	瘌痢头	lat3 li55 tʰɐu21	laat3 li1 tau4	瘌痢、禿瘡2
5038	十二、疾病、醫療（3）外科/白癜風	汗斑	汗斑	hɔn22 pan55	hon6 baan1	白癜風
5039	十二、疾病、醫療（3）外科/瘊子	魚鰈子	鱼鲽子	jy21 tɛp5 tʃi35	jyu4 dep1 zi2	瘊子1.1，魚鱗痣
5040	十二、疾病、醫療（3）外科/瘊子	魚鰈子	鱼鲽子	jy21 tɛp5 tsɿ35	jyu4 dep1 zy2	瘊子1.2，魚鱗痣
5041	十二、疾病、醫療（3）外科/瘊子	魚鰈痣	鱼鲽痣	jy21 tɛp5 tʃi33	jyu4 dep1 zi3	瘊子2，魚鱗痣
5042	十二、疾病、醫療（3）外科/痦子	痣	痣	tʃi33	zi3	痦子
5043	十二、疾病、醫療（3）外科/雀斑	蚊蠅屎	蚊蝇屎	mɐn55 jeŋ55 ʃi35	man1 jing1 si2	雀斑1
5044	十二、疾病、醫療（3）外科/雀斑	蒼蠅屎	苍蝇屎	tʃʰɔŋ55 jeŋ55 ʃi35	cong1 jing1 si2	雀斑2
5045	十二、疾病、醫療（3）外科/雀斑	墨子	墨子	mɐk2 tʃi35	mak6 zi2	雀斑3.1，俗字「癦」
5046	十二、疾病、醫療（3）外科/雀斑	墨子	墨子	mɐk2 tsɿ35	mak6 zy2	雀斑3.2，俗字「癦」
5047	十二、疾病、醫療（3）外科/黃褐斑	烏雲	乌云	wu55 wɐn21	wu1 wan4	黃褐斑
5048	十二、疾病、醫療（3）外科/粉刺	酒痣	酒痣	tʃɐu35 tʃi33	zau2 zi3	粉刺1
5049	十二、疾病、醫療（3）外科/粉刺	酒米	酒米	tʃɐu35 mɐi24	zau2 mai5	粉刺2
5050	十二、疾病、醫療（3）外科/疙瘩	㫱	㫱	nan33	naan3	蚊蟲叮咬起的皰
5051	十二、疾病、醫療（3）外科/水泡（水皰）	泡	泡	pɔk5	bok1	水泡（指水皰），本字「㿺」
5052	十二、疾病、醫療（3）外科/狐臭	羊臊	羊臊	jœŋ21 ɬu55	joeng4 slu1	狐臭
5053	十二、疾病、醫療（3）外科/口臭	口臭	口臭	hɐu35 tʃʰɐu33	hau2 cau3	口臭
5054	十二、疾病、醫療（3）外科/大脖子	大頸泡	大颈泡	tai22 kɛŋ35 pʰau55	daai6 geng2 paau1	大脖子
5055	十二、疾病、醫療（3）外科/甲狀腺腫大	大頸	大颈	tai22 kɛŋ35	daai6 geng2	甲狀腺腫大
5056	十二、疾病、醫療（3）外科/鼻子不靈	鼻哥冇靈	鼻哥冇灵	pi22 kɔ55 mu24 leŋ21	bi6 go1 mu5 ling4	鼻子不靈
5057	十二、疾病、醫療（3）外科/鼻子靈	鼻哥尖	鼻哥尖	pi22 kɔ55 tʃim55	bi6 go1 zim1	鼻子靈
5058	十二、疾病、醫療（3）外科/齉鼻兒	鼻塞	鼻塞	pi22 ɬɐk5	bi6 slak1	齉鼻兒1，鼻不通氣，發音不清
5059	十二、疾病、醫療（3）外科/齉鼻兒	鼻塞塞	鼻塞塞	pi22 ɬɐk5 ɬɐk5	bi6 slak1 slak1	齉鼻兒2
5060	十二、疾病、醫療（3）外科/水蛇腰	水蛇腰	水蛇腰	ʃui35 ʃɛ21 jiu55	sui2 se4 jiu1	水蛇腰1
5061	十二、疾病、醫療（3）外科/水蛇腰	長腰拐	长腰拐	tʃʰœŋ21 jiu55 kʷai35	coeng4 jiu1 gwaai2	水蛇腰2
5062	十二、疾病、醫療（3）外科/公鴨嗓兒	鴨公聲	鸭公声	ap3 kʊŋ55 ʃɛŋ55	aap3 gung1 seng1	公鴨嗓兒
5063	十二、疾病、醫療（3）外科/一隻眼兒	單眼	单眼	tan55 ŋɛn24	daan1 ngen5	一隻眼兒1
5064	十二、疾病、醫療（3）外科/一隻眼兒	獨眼	独眼	tʊk2 ŋɛn24	duk6 ngen5	一隻眼兒2
5065	十二、疾病、醫療（3）外科/一隻眼兒	獨眼龍	独眼龙	tʊk2 ŋɛn24 lʊŋ21	duk6 ngen5 lung4	一隻眼兒3
5066	十二、疾病、醫療（3）外科/一隻眼兒	單滴	单滴	tan55 tek5	daan1 dik1	一隻眼兒4，罕用
5067	十二、疾病、醫療（3）外科/近視眼	近視	近视	kɐn22 ʃi22	gan6 si6	近視眼1
5068	十二、疾病、醫療（3）外科/近視眼	四眼	四眼	ɬi33 ŋɛn24	sli3 ngen5	近視眼2
5069	十二、疾病、醫療（3）外科/近視眼	四眼狗	四眼狗	ɬi33 ŋɛn24 kɐu35	sli3 ngen5 gau2	近視眼3
5070	十二、疾病、醫療（3）外科/近視眼	近視眼	近视眼	kɐn22 ʃi22 ŋɛn24	gan6 si6 ngen5	近視眼4
5071	十二、疾病、醫療（3）外科/遠視眼	遠視	远视	jyn24 ʃi22	jyun5 si6	遠視眼
5072	十二、疾病、醫療（3）外科/老花眼	老花	老花	lu24 fa55	lu5 faa1	老花眼
5073	十二、疾病、醫療（3）外科/鼓眼泡兒	突眼	突眼	tɐt2 ŋɛn24	dat6 ngen5	鼓眼泡兒
5074	十二、疾病、醫療（3）外科/鬥雞眼兒	鬥雞眼	斗鸡眼	tɐu33 kɐi55 ŋɛn24	dau3 gai1 ngen5	鬥雞眼兒，內斜視
5075	十二、疾病、醫療（3）外科/羞明	怕光	怕光	pʰa33 kɔŋ55	paa3 gong1	羞明
5076	十二、疾病、醫療（3）外科/夜盲	發雞盲	发鸡盲	fat3 kɐi55 maŋ21	faat3 gai1 maang4	夜盲
5077	十二、疾病、醫療（3）外科/青光眼	發青光	发青光	fat3 tʃʰeŋ55 kɔŋ55	faat3 cing1 gong1	青光眼
5078	十二、疾病、醫療（3）外科/麥粒腫	偷針眼	偷针眼	tʰɐu55 tʃɐm55 ŋɛn24	tau1 zam1 ngen5	麥粒腫
5079	十二、疾病、醫療（4）殘疾等/癲癇	發羊吊	发羊吊	fat3 jœŋ21 tiu33	faat3 joeng4 diu3	癲癇1，發羊角瘋
5080	十二、疾病、醫療（4）殘疾等/癲癇	羊吊	羊吊	jœŋ21 tiu33	joeng4 diu3	癲癇2
5081	十二、疾病、醫療（4）殘疾等/發瘋	發癡	发痴	fat3 tʃʰi55	faat3 ci1	發瘋1，發神經
5082	十二、疾病、醫療（4）殘疾等/發瘋	發瘟	发瘟	fat3 wɐn55	faat3 wan1	發瘋2，發神經
5083	十二、疾病、醫療（4）殘疾等/驚風	抽筋	抽筋	tʃʰɐu55 kɐn55	cau1 gan1	驚風1，小兒病
5084	十二、疾病、醫療（4）殘疾等/驚風	驚風	惊风	keŋ55 fʊŋ55	ging1 fung1	驚風2
5085	十二、疾病、醫療（4）殘疾等/抽風	抽	抽	tʃʰɐu55	cau1	抽風1
5086	十二、疾病、醫療（4）殘疾等/抽風	冒風	冒风	mau22 fʊŋ55	maau6 fung1	抽風2.1
5087	十二、疾病、醫療（4）殘疾等/抽風	冒風	冒风	mu22 fʊŋ55	mu6 fung1	抽風2.2
5088	十二、疾病、醫療（4）殘疾等/中風	腦衝血	脑冲血	nu24 tʃʰʊŋ55 hyt3	nu5 cung1 hyut3	中風
5089	十二、疾病、醫療（4）殘疾等/癱瘓	半邊不遂	半边不遂	pun33 pin55 pɐt5 ʃui22	bun3 bin1 bat1 sui6	癱瘓1
5090	十二、疾病、醫療（4）殘疾等/癱瘓	半身不遂	半身不遂	pun33 ʃɐn55 pɐt5 ʃui22	bun3 san1 bat1 sui6	癱瘓2
5091	十二、疾病、醫療（4）殘疾等/癱瘓	癱	瘫	tʰan55	taan1	癱瘓3.1
5092	十二、疾病、醫療（4）殘疾等/癱瘓	癱	瘫	tʰan35	taan2	癱瘓3.2
5093	十二、疾病、醫療（4）殘疾等/癱瘓	手癱腳癱	手瘫脚瘫	ʃɐu35 tʰan35 kœk3 tʰan35	sau2 taan2 goek3 taan2	癱瘓4
5094	十二、疾病、醫療（4）殘疾等/瘸子	跛腳	跛脚	pɐi55 kœk3	bai1 goek3	瘸子1，「跛」的本字爲「䠋」，另一說本字即「跛」，上古歌部
5095	十二、疾病、醫療（4）殘疾等/瘸子	跛佬	跛佬	pɐi55 lu35	bai1 lu2	瘸子2
5096	十二、疾病、醫療（4）殘疾等/瘸子	跛崽	跛崽	pɐi55 tʃɐi35	bai1 zai2	瘸子3
5097	十二、疾病、醫療（4）殘疾等/瘸子	跛仔	跛仔	pɐi55 tʃɐi35	bai1 zai2	瘸子3，同「跛崽」
5098	十二、疾病、醫療（4）殘疾等/瘸子	瘸佬	瘸佬	kʷʰɛ21 lu35	kwe4 lu2	瘸子4
5099	十二、疾病、醫療（4）殘疾等/羅鍋兒	駝背	驼背	tʰɔ21 pui33	to4 bui3	羅鍋兒1，駝子
5100	十二、疾病、醫療（4）殘疾等/羅鍋兒	阿駝	阿驼	a33 tʰɔ35	aa3 to2	羅鍋兒2，駝子
5101	十二、疾病、醫療（4）殘疾等/羅鍋兒	駝背佬	驼背佬	tʰɔ21 pui33 lu35	to4 bui3 lu2	羅鍋兒3，駝子
5102	十二、疾病、醫療（4）殘疾等/聾子	聾佬	聋佬	lʊŋ21 lu35	lung4 lu2	聾子1
5103	十二、疾病、醫療（4）殘疾等/聾子	聾鬼	聋鬼	lʊŋ21 kʷɐi35	lung4 gwai2	聾子2
5104	十二、疾病、醫療（4）殘疾等/啞巴	啞佬	哑佬	a35 lu35	aa2 lu2	啞巴1
5105	十二、疾病、醫療（4）殘疾等/啞巴	啞公	哑公	a35 kʊŋ55	aa2 gung1	啞巴2
5106	十二、疾病、醫療（4）殘疾等/啞巴	啞婆	哑婆	a35 pʰɔ21	aa2 po4	啞巴3
5107	十二、疾病、醫療（4）殘疾等/啞巴	啞妹	哑妹	a35 mui55	aa2 mui1	啞巴4
5108	十二、疾病、醫療（4）殘疾等/結巴	𪙛牙	𪙛牙	nɐk5 ŋa21	nak1 ngaa4	結巴
5109	十二、疾病、醫療（4）殘疾等/瞎子	盲佬	盲佬	maŋ21 lu35	maang4 lu2	瞎子1
5110	十二、疾病、醫療（4）殘疾等/瞎子	盲鬼	盲鬼	maŋ21 kʷɐi35	maang4 gwai2	瞎子2
5111	十二、疾病、醫療（4）殘疾等/瞎子	盲公	盲公	maŋ21 kʊŋ55	maang4 gung1	瞎子3
5112	十二、疾病、醫療（4）殘疾等/瞎子	盲婆	盲婆	maŋ21 pʰɔ21	maang4 po4	瞎子4
5113	十二、疾病、醫療（4）殘疾等/瞎子	盲妹	盲妹	maŋ21 mui55	maang4 mui1	瞎子5
5114	十二、疾病、醫療（4）殘疾等/傻子	癡崽	痴崽	tʃʰi55 tʃɐi35	ci1 zai2	傻子1
5115	十二、疾病、醫療（4）殘疾等/傻子	癡仔	痴仔	tʃʰi55 tʃɐi35	ci1 zai2	傻子1，同「癡崽」
5116	十二、疾病、醫療（4）殘疾等/傻子	傻崽	傻崽	ɬɔ21 tʃɐi35	slo4 zai2	傻子2
5117	十二、疾病、醫療（4）殘疾等/傻子	傻仔	傻仔	ɬɔ21 tʃɐi35	slo4 zai2	傻子2，同「傻崽」
5118	十二、疾病、醫療（4）殘疾等/傻子	脤崽	脤崽	ʃɐn24 tʃɐi35	san5 zai2	傻子3
5119	十二、疾病、醫療（4）殘疾等/傻子	脤仔	脤仔	ʃɐn24 tʃɐi35	san5 zai2	傻子3，同「脤崽」
5120	十二、疾病、醫療（4）殘疾等/傻子	傻佬	傻佬	ɬɔ21 lu35	slo4 lu2	傻子4
5121	十二、疾病、醫療（4）殘疾等/傻子	傻妹	傻妹	ɬɔ21 mui55	slo4 mui1	傻子5
5122	十二、疾病、醫療（4）殘疾等/傻瓜	戇居	戆居	ŋɔŋ33 ky55	ngong3 gyu1	傻瓜1，「居」當爲「豬」的音變
5123	十二、疾病、醫療（4）殘疾等/傻瓜	傻瓜	傻瓜	ɬɔ21 kʷa55	slo4 gwaa1	傻瓜2，書面
5124	十二、疾病、醫療（4）殘疾等/傻瓜	喢戇	喢戆	ɬap3 ŋɔŋ33	slaap3 ngong3	傻瓜3，言行無道理
5125	十二、疾病、醫療（4）殘疾等/傻瓜	老襯	老衬	lu24 tʃʰɐn33	lu5 can3	傻瓜4，易受騙者
5126	十二、疾病、醫療（4）殘疾等/傻乎乎	戇居居	戆居居	ŋɔŋ33 ky55 ky55	ngong3 gyu1 gyu1	傻乎乎1
5127	十二、疾病、醫療（4）殘疾等/傻乎乎	傻戇戇	傻戆戆	ɬɔ21 ŋɐŋ55 ŋɐŋ55	slo4 ngang1 ngang1	傻乎乎2
5128	十二、疾病、醫療（4）殘疾等/傻乎乎	傻頭傻腦	傻头傻脑	ɬɔ21 tʰɐu21 ɬɔ21 nu24	slo4 tau4 slo4 nu5	傻乎乎3
5129	十二、疾病、醫療（4）殘疾等/不經過思考	冇過腦	冇过脑	mu24 kɔ33 nu24	mu5 go3 nu5	不經過思考
5130	十二、疾病、醫療（4）殘疾等/瘋子	癡崽	痴崽	tʃʰi55 tʃɐi35	ci1 zai2	瘋子1，瘋小子
5131	十二、疾病、醫療（4）殘疾等/瘋子	癡仔	痴仔	tʃʰi55 tʃɐi35	ci1 zai2	瘋子1，瘋小子，同「癡崽」
5132	十二、疾病、醫療（4）殘疾等/瘋子	癡佬	痴佬	tʃʰi55 lu35	ci1 lu2	瘋子2，瘋男人
5133	十二、疾病、醫療（4）殘疾等/瘋子	癡公	痴公	tʃʰi55 kʊŋ55	ci1 gung1	瘋子3，瘋男人
5134	十二、疾病、醫療（4）殘疾等/瘋子	癡婆	痴婆	tʃʰi55 pʰɔ21	ci1 po4	瘋子4，瘋女人
5135	十二、疾病、醫療（4）殘疾等/瘋子	癡妹	痴妹	tʃʰi55 mui55	ci1 mui1	瘋子5，瘋妹子
5136	十二、疾病、醫療（4）殘疾等/花癡	花癡	花痴	fa55 tʃʰi55	faa1 ci1	花癡，因男女之事而瘋
5137	十二、疾病、醫療（4）殘疾等/三寸釘	三寸釘	三寸钉	ɬam55 tʃʰyn33 tɛŋ55	slaam1 cyun3 deng1	三寸釘，喻指個矮的人
5138	十二、疾病、醫療（4）殘疾等/蜂窩煤	蜂窩煤	蜂窝煤	fʊŋ55 wɔ55 mui21	fung1 wo1 mui4	蜂窩煤，喻指又矮又黑的人
5139	十二、疾病、醫療（4）殘疾等/拽子	跛手	跛手	pɐi55 ʃɐu35	bai1 sau2	拽子，手殘者
5140	十二、疾病、醫療（4）殘疾等/禿子	光頭佬	光头佬	kɔŋ55 tʰɐu21 lu35	gong1 tau4 lu2	禿子1
5141	十二、疾病、醫療（4）殘疾等/禿子	澾頭佬	㳠头佬	tʰat3 tʰɐu21 lu35	taat3 tau4 lu2	禿子2
5142	十二、疾病、醫療（4）殘疾等/痲子（疤）	痲疤	痲疤	ma21 pɛ21	maa4 be4	痲子1（疤），出天花會留下的疤痕
5143	十二、疾病、醫療（4）殘疾等/痲子（疤）	痘皮	痘皮	tɐu22 pʰi21	dau6 pi4	痲子2（疤），俗作「豆皮」
5144	十二、疾病、醫療（4）殘疾等/痲子（人）	痲疤	痲疤	ma21 pɛ21	maa4 be4	痲子1（人），臉上有痲子的人
5145	十二、疾病、醫療（4）殘疾等/痲子（人）	痘皮公	痘皮公	tɐu22 pʰi21 kʊŋ55	dau6 pi4 gung1	痲子2（人），俗作「豆皮公」
5146	十二、疾病、醫療（4）殘疾等/痲子（人）	痘皮婆	痘皮婆	tɐu22 pʰi21 pʰɔ21	dau6 pi4 po4	痲子3（人），俗作「豆皮婆」
5147	十二、疾病、醫療（4）殘疾等/豁脣子	崩口	崩口	pɐŋ55 hɐu35	bang1 hau2	豁脣子1，豁嘴兒
5148	十二、疾病、醫療（4）殘疾等/豁脣子	兔脣	兔唇	tʰu33 ʃɐn21	tu3 san4	豁脣子2.1，豁嘴兒
5149	十二、疾病、醫療（4）殘疾等/豁脣子	兔脣	兔唇	tʰu33 ʃyn21	tu3 syun4	豁脣子2.2，豁嘴兒
5150	十二、疾病、醫療（4）殘疾等/豁牙子	崩牙	崩牙	pɐŋ55 ŋa21	bang1 ngaa4	豁牙子
5151	十二、疾病、醫療（4）殘疾等/老公嘴兒	婆面	婆面	pʰɔ21 min22	po4 min6	老公嘴兒，成人不生鬚的
5152	十二、疾病、醫療（4）殘疾等/六指兒	孖指	孖指	mɛ55 tʃi35	me1 zi2	六指兒
5153	十二、疾病、醫療（4）殘疾等/左撇子	左瘸	左瘸	tʃɔ35 kʷʰɛ21	zo2 kwe4	左撇子
5154	十二、疾病、醫療（4）殘疾等/胖子	肥佬	肥佬	fi21 lu35	fi4 lu2	胖子1，胖男人
5155	十二、疾病、醫療（4）殘疾等/胖子	肥婆	肥婆	fi21 pʰɔ21	fi4 po4	胖子2，胖女人
5156	十二、疾病、醫療（4）殘疾等/胖子	肥崽	肥崽	fi21 tʃɐi35	fi4 zai2	胖子3，小胖子
5157	十二、疾病、醫療（4）殘疾等/胖子	肥仔	肥仔	fi21 tʃɐi35	fi4 zai2	胖子3，小胖子，同「肥崽」
5158	十二、疾病、醫療（4）殘疾等/胖子	肥妹	肥妹	fi21 mui55	fi4 mui1	胖子4，小胖妹
5159	十三、衣服、穿戴（1）服裝/衣服	衫	衫	ʃam55	saam1	衣服
5160	十三、衣服、穿戴（1）服裝/穿戴	穿着	穿着	tʃʰyn55 tʃœk3	cyun1 zoek3	穿戴
5161	十三、衣服、穿戴（1）服裝/打扮	裝整	装整	tʃɔŋ55 tʃeŋ35	zong1 zing2	打扮1
5162	十三、衣服、穿戴（1）服裝/打扮	打扮	打扮	ta35 pan22	daa2 baan6	打扮2
5163	十三、衣服、穿戴（1）服裝/打扮	扮靚	扮靓	pan22 lɛŋ33	baan6 leng3	打扮3
5164	十三、衣服、穿戴（1）服裝/衣服	衫褲	衫裤	ʃam55 fu33	saam1 fu3	衣服，總稱
5165	十三、衣服、穿戴（1）服裝/制服	制服	制服	tʃɐi33 fʊk2	zai3 fuk6	制服
5166	十三、衣服、穿戴（1）服裝/中裝	唐裝	唐装	tʰɔŋ21 tʃɔŋ55	tong4 zong1	中裝
5167	十三、衣服、穿戴（1）服裝/西裝	西裝	西装	ɬɐi55 tʃɔŋ55	slai1 zong1	西裝1
5168	十三、衣服、穿戴（1）服裝/西裝	西服	西服	ɬɐi55 fʊk2	slai1 fuk6	西裝2
5169	十三、衣服、穿戴（1）服裝/夾衣	夾衫	夹衫	kap3 ʃam55	gaap3 saam1	夾衣
5170	十三、衣服、穿戴（1）服裝/單衣	單衫	单衫	tan55 ʃam55	daan1 saam1	單衣
5171	十三、衣服、穿戴（1）服裝/長衫	長衫	长衫	tʃʰœŋ21 ʃam55	coeng4 saam1	長衫
5172	十三、衣服、穿戴（1）服裝/馬褂兒	馬褂	马褂	ma24 kʷa33	maa5 gwaa3	馬褂兒
5173	十三、衣服、穿戴（1）服裝/旗袍	旗袍	旗袍	kʰi21 pʰu21	ki4 pu4	旗袍
5174	十三、衣服、穿戴（1）服裝/棉衣	棉衫	棉衫	min21 ʃam55	min4 saam1	棉衣
5175	十三、衣服、穿戴（1）服裝/棉襖	棉衫	棉衫	min21 ʃam55	min4 saam1	棉襖
5176	十三、衣服、穿戴（1）服裝/皮襖	皮草	皮草	pʰi21 tʃʰu35	pi4 cu2	皮襖1，有毛裏的
5177	十三、衣服、穿戴（1）服裝/皮襖	皮衫	皮衫	pʰi21 ʃam55	pi4 saam1	皮襖2，無毛裏的
5178	十三、衣服、穿戴（1）服裝/大衣	褸	褛	lɐu55	lau1	大衣1
5179	十三、衣服、穿戴（1）服裝/大衣	大褸	大褛	tai22 lɐu55	daai6 lau1	大衣2
5180	十三、衣服、穿戴（1）服裝/大衣	長褸	长褛	tʃʰœŋ21 lɐu55	coeng4 lau1	大衣3
5181	十三、衣服、穿戴（1）服裝/短大衣	短褸	短褛	tyn35 lɐu55	dyun2 lau1	短大衣
5182	十三、衣服、穿戴（1）服裝/呢子大衣	絨衫	绒衫	jʊŋ35 ʃam55	jung2 saam1	呢子大衣1
5183	十三、衣服、穿戴（1）服裝/呢子大衣	絨褸	绒褛	jʊŋ35 lɐu55	jung2 lau1	呢子大衣2
5184	十三、衣服、穿戴（1）服裝/羽絨服	太空褸	太空褛	tʰai33 hʊŋ55 lɐu55	taai3 hung1 lau1	羽絨服，因形似宇航服得名
5185	十三、衣服、穿戴（1）服裝/外衣	外套	外套	ŋɔi22 tʰu33	ngoi6 tu3	外衣1
5186	十三、衣服、穿戴（1）服裝/外衣	罩衫	罩衫	tʃau33 ʃam55	zaau3 saam1	外衣2.1
5187	十三、衣服、穿戴（1）服裝/外衣	罩衫	罩衫	tʃɛu33 ʃam55	zeu3 saam1	外衣2.2
5188	十三、衣服、穿戴（1）服裝/外衣	外衫	外衫	ŋɔi22 ʃam55	ngoi6 saam1	外衣3
5189	十三、衣服、穿戴（1）服裝/毛衣	唥衫	唥衫	laŋ55 ʃam55	laang1 saam1	毛衣，「唥」爲俗借字，或與羊同源，上古陽部，另一說法語laine/葡語lã/英語woollen
5190	十三、衣服、穿戴（1）服裝/衛生衣	衛生衣	卫生衣	wɐi22 ʃaŋ55 ji55	wai6 saang1 ji1	衛生衣，絨衣
5191	十三、衣服、穿戴（1）服裝/棉毛衫	厚笠	厚笠	hɐu24 lɐp5	hau5 lap1	棉毛衫1
5192	十三、衣服、穿戴（1）服裝/棉毛衫	薄笠	薄笠	pɔk2 lɐp5	bok6 lap1	棉毛衫2
5193	十三、衣服、穿戴（1）服裝/襯衫	襯衫	衬衫	tʃʰɐn33 ʃam55	can3 saam1	襯衫1
5194	十三、衣服、穿戴（1）服裝/襯衫	恤衫	恤衫	ɬɐt5 ʃam55	slat1 saam1	襯衫2.1，「恤」是英語shirt的音譯
5195	十三、衣服、穿戴（1）服裝/襯衫	恤衫	恤衫	ɬyt5 ʃam55	slyut1 saam1	襯衫2.2，「恤」是英語shirt的音譯
5196	十三、衣服、穿戴（1）服裝/襯衫	襯衣	衬衣	tʃʰɐn33 ji55	can3 ji1	襯衫3
5197	十三、衣服、穿戴（1）服裝/內衣	底衫	底衫	tɐi35 ʃam55	dai2 saam1	內衣
5198	十三、衣服、穿戴（1）服裝/乳罩	瀰罩	弥罩	mɛ21 tʃɛu33	me4 zeu3	乳罩
5199	十三、衣服、穿戴（1）服裝/坎肩	褂	褂	kʷa33	gwaa3	坎肩1
5200	十三、衣服、穿戴（1）服裝/坎肩	背心	背心	pui33 ɬɐm55	bui3 slam1	坎肩2
5201	十三、衣服、穿戴（1）服裝/棉背心	棉背心	棉背心	min21 pui33 ɬɐm55	min4 bui3 slam1	棉背心
5202	十三、衣服、穿戴（1）服裝/毛背心	唥背心	唥背心	laŋ55 pui33 ɬɐm55	laang1 bui3 slam1	毛背心
5203	十三、衣服、穿戴（1）服裝/文化衫	線衫	线衫	ɬin33 ʃam55	slin3 saam1	文化衫1，針織圓領短袖衫
5204	十三、衣服、穿戴（1）服裝/文化衫	線笠	线笠	ɬin33 lɐp5	slin3 lap1	文化衫2
5205	十三、衣服、穿戴（1）服裝/文化衫	笠衫	笠衫	lɐp5 ʃam55	lap1 saam1	文化衫3，即笠頭衫（套頭衫）
5206	十三、衣服、穿戴（1）服裝/文化衫	文化衫	文化衫	mɐn21 fa33 ʃam55	man4 faa3 saam1	文化衫4
5207	十三、衣服、穿戴（1）服裝/汗背心	線褂	线褂	ɬin33 kʷa33	slin3 gwaa3	汗背心1
5208	十三、衣服、穿戴（1）服裝/汗背心	褂笠	褂笠	kʷa33 lɐp5	gwaa3 lap1	汗背心2
5209	十三、衣服、穿戴（1）服裝/衣襟兒	衫襟	衫襟	ʃam55 kʰɐm55	saam1 kam1	衣襟兒
5210	十三、衣服、穿戴（1）服裝/大襟	大襟	大襟	tai22 kʰɐm55	daai6 kam1	大襟1，指唐裝的大襟
5211	十三、衣服、穿戴（1）服裝/大襟	唐裝衫	唐装衫	tʰɔŋ21 tʃɔŋ55 ʃam55	tong4 zong1 saam1	大襟2
5212	十三、衣服、穿戴（1）服裝/大襟	大襟衫	大襟衫	tai22 kʰɐm55 ʃam55	daai6 kam1 saam1	大襟3
5213	十三、衣服、穿戴（1）服裝/小襟	細襟	细襟	ɬɐi33 kʰɐm55	slai3 kam1	小襟
5214	十三、衣服、穿戴（1）服裝/對襟兒	對襟	对襟	tui33 kʰɐm55	dui3 kam1	對襟兒
5215	十三、衣服、穿戴（1）服裝/下襬	衫腳	衫脚	ʃam55 kœk3	saam1 goek3	下襬
5216	十三、衣服、穿戴（1）服裝/領子	衫領	衫领	ʃam55 lɛŋ24	saam1 leng5	領子1
5217	十三、衣服、穿戴（1）服裝/領子	領	领	lɛŋ24	leng5	領子2
5218	十三、衣服、穿戴（1）服裝/圓領	圓領	圆领	jyn21 lɛŋ24	jyun4 leng5	圓領1
5219	十三、衣服、穿戴（1）服裝/圓領	和尚領	和尚领	wɔ21 ʃœŋ35 lɛŋ24	wo4 soeng2 leng5	圓領2
5220	十三、衣服、穿戴（1）服裝/尖領	尖領	尖领	tʃim55 lɛŋ24	zim1 leng5	尖領
5221	十三、衣服、穿戴（1）服裝/方領	方領	方领	fɔŋ55 lɛŋ24	fong1 leng5	方領
5222	十三、衣服、穿戴（1）服裝/燕子領	燕子領	燕子领	jin33 tʃi35 lɛŋ24	jin3 zi2 leng5	燕子領1.1
5223	十三、衣服、穿戴（1）服裝/燕子領	燕子領	燕子领	jin33 tsɿ35 lɛŋ24	jin3 zy2 leng5	燕子領1.2
5224	十三、衣服、穿戴（1）服裝/假領	假領	假领	ka35 lɛŋ24	gaa2 leng5	假領
5225	十三、衣服、穿戴（1）服裝/風紀釦	領釦	领扣	lɛŋ24 kʰɐu33	leng5 kau3	風紀釦
5226	十三、衣服、穿戴（1）服裝/袖子	衫袖	衫袖	ʃam55 tʃɐu22	saam1 zau6	袖子1
5227	十三、衣服、穿戴（1）服裝/袖子	袖	袖	tʃɐu22	zau6	袖子2
5228	十三、衣服、穿戴（1）服裝/袖口	袖口	袖口	tʃɐu22 hɐu35	zau6 hau2	袖口
5229	十三、衣服、穿戴（1）服裝/長袖	長袖	长袖	tʃʰœŋ21 tʃɐu22	coeng4 zau6	長袖
5230	十三、衣服、穿戴（1）服裝/短袖	短袖	短袖	tyn35 tʃɐu22	dyun2 zau6	短袖1
5231	十三、衣服、穿戴（1）服裝/短袖	倔袖衫	倔袖衫	kʷɐt2 tʃɐu22 ʃam55	gwat6 zau6 saam1	短袖2
5232	十三、衣服、穿戴（1）服裝/裙子	裙	裙	kʷʰɐn21	kwan4	裙子
5233	十三、衣服、穿戴（1）服裝/連衣裙	連衣裙	连衣裙	lin21 ji55 kʷʰɐn21	lin4 ji1 kwan4	連衣裙1
5234	十三、衣服、穿戴（1）服裝/連衣裙	連衫裙	连衫裙	lin21 ʃam55 kʷʰɐn21	lin4 saam1 kwan4	連衣裙2
5235	十三、衣服、穿戴（1）服裝/西裙	西裙	西裙	ɬɐi55 kʷʰɐn21	slai1 kwan4	西裙
5236	十三、衣服、穿戴（1）服裝/三角裙	三角裙	三角裙	ɬam55 kɔk3 kʷʰɐn21	slaam1 gok3 kwan4	三角裙
5237	十三、衣服、穿戴（1）服裝/百褶裙	百褶裙	百褶裙	pak3 tʃip3 kʷʰɐn21	baak3 zip3 kwan4	百褶裙
5238	十三、衣服、穿戴（1）服裝/桶裙	桶裙	桶裙	tʰʊŋ35 kʷʰɐn21	tung2 kwan4	桶裙
5239	十三、衣服、穿戴（1）服裝/塔裙	塔裙	塔裙	tʰap3 kʷʰɐn21	taap3 kwan4	塔裙
5240	十三、衣服、穿戴（1）服裝/長裙	長裙	长裙	tʃʰœŋ21 kʷʰɐn21	coeng4 kwan4	長裙
5241	十三、衣服、穿戴（1）服裝/短裙	短裙	短裙	tyn35 kʷʰɐn21	dyun2 kwan4	短裙
5242	十三、衣服、穿戴（1）服裝/襯裙	襯裙	衬裙	tʃʰɐn33 kʷʰɐn21	can3 kwan4	襯裙
5243	十三、衣服、穿戴（1）服裝/圍裙	圍裙	围裙	wɐi21 kʷʰɐn21	wai4 kwan4	圍裙
5244	十三、衣服、穿戴（1）服裝/兜肚兒	肚兜	肚兜	tʰu24 tɐu55	tu5 dau1	兜肚兒
5245	十三、衣服、穿戴（1）服裝/袖套	袖套	袖套	tʃɐu22 tʰu33	zau6 tu3	袖套
5246	十三、衣服、穿戴（1）服裝/褲子	褲	裤	fu33	fu3	褲子
5247	十三、衣服、穿戴（1）服裝/單褲	單褲	单裤	tan55 fu33	daan1 fu3	單褲
5248	十三、衣服、穿戴（1）服裝/長褲	長褲	长裤	tʃʰœŋ21 fu33	coeng4 fu3	長褲
5249	十三、衣服、穿戴（1）服裝/夾褲	夾褲	夹裤	kap3 fu33	gaap3 fu3	夾褲
5250	十三、衣服、穿戴（1）服裝/棉褲	棉褲	棉裤	min21 fu33	min4 fu3	棉褲
5251	十三、衣服、穿戴（1）服裝/衛生褲	衛生褲	卫生裤	wɐi22 ʃaŋ55 fu33	wai6 saang1 fu3	衛生褲，絨褲
5252	十三、衣服、穿戴（1）服裝/棉毛褲	薄笠褲	薄笠裤	pɔk2 lɐp5 fu33	bok6 lap1 fu3	棉毛褲
5253	十三、衣服、穿戴（1）服裝/毛褲	唥褲	唥裤	laŋ55 fu33	laang1 fu3	毛褲
5254	十三、衣服、穿戴（1）服裝/紗褲	紗褲	纱裤	ʃa55 fu33	saa1 fu3	紗褲，用棉紗織的
5255	十三、衣服、穿戴（1）服裝/蘿蔔褲	蘿蔔褲	萝卜裤	lɔ21 pak2 fu33	lo4 baak6 fu3	蘿蔔褲
5256	十三、衣服、穿戴（1）服裝/牛崽褲	牛崽褲	牛崽裤	ŋɐu21 tʃɐi35 fu33	ngau4 zai2 fu3	牛崽褲
5257	十三、衣服、穿戴（1）服裝/牛仔褲	牛仔褲	牛仔裤	ŋɐu21 tʃɐi35 fu33	ngau4 zai2 fu3	牛仔褲，同「牛崽褲」
5258	十三、衣服、穿戴（1）服裝/褲衩兒	底褲	底裤	tɐi35 fu33	dai2 fu3	內褲1，褲衩兒
5259	十三、衣服、穿戴（1）服裝/褲衩兒	底艇	底艇	tɐi35 tʰɛŋ24	dai2 teng5	內褲2，褲衩兒
5260	十三、衣服、穿戴（1）服裝/褲衩兒	底衩	底衩	tɐi35 tʃʰa33	dai2 caa3	內褲3，褲衩兒
5261	十三、衣服、穿戴（1）服裝/平腳褲	平腳褲	平脚裤	pʰeŋ21 kœk3 fu33	ping4 goek3 fu3	平腳褲
5262	十三、衣服、穿戴（1）服裝/三角褲	三角褲	三角裤	ɬam55 kɔk3 fu33	slaam1 gok3 fu3	三角褲
5263	十三、衣服、穿戴（1）服裝/短褲	倔頭褲	倔头裤	kʷɐt2 tʰɐu21 fu33	gwat6 tau4 fu3	短褲1，穿在外面的
5264	十三、衣服、穿戴（1）服裝/短褲	西裝短褲	西装短裤	ɬɐi55 tʃɔŋ55 tyn35 fu33	slai1 zong1 dyun2 fu3	短褲2
5265	十三、衣服、穿戴（1）服裝/短褲	短褲	短裤	tyn35 fu33	dyun2 fu3	短褲3
5266	十三、衣服、穿戴（1）服裝/短褲	短衩	短衩	tyn35 tʃʰa33	dyun2 caa3	短褲4
5267	十三、衣服、穿戴（1）服裝/褲子（中式的）	唐裝褲	唐装裤	tʰɔŋ21 tʃɔŋ55 fu33	tong4 zong1 fu3	褲子1（中式的）
5268	十三、衣服、穿戴（1）服裝/褲子（中式的）	𢴬卟褲	𢴬卟裤	pan33 pɐp2 fu33	baan3 bap6 fu3	褲子2（中式的）
5269	十三、衣服、穿戴（1）服裝/鬆緊褲	鬆緊褲	松紧裤	ɬʊŋ55 kɐn35 fu33	slung1 gan2 fu3	鬆緊褲1
5270	十三、衣服、穿戴（1）服裝/鬆緊褲	勒頭褲	勒头裤	lɐk2 tʰɐu21 fu33	lak6 tau4 fu3	鬆緊褲2
5271	十三、衣服、穿戴（1）服裝/鬆緊褲	橡筋褲	橡筋裤	tʃœŋ22 kɐn55 fu33	zoeng6 gan1 fu3	鬆緊褲3
5272	十三、衣服、穿戴（1）服裝/鬆緊褲	索帶褲	索带裤	ɬɔk3 tai33 fu33	slok3 daai3 fu3	鬆緊褲4
5273	十三、衣服、穿戴（1）服裝/連腳褲	襪褲	袜裤	mat2 fu33	maat6 fu3	連腳褲
5274	十三、衣服、穿戴（1）服裝/踩腳褲	踩腳褲	踩脚裤	tʃʰai35 kœk3 fu33	caai2 goek3 fu3	踩腳褲
5275	十三、衣服、穿戴（1）服裝/臘腸褲	臘腸褲	腊肠裤	lap2 tʃʰœŋ21 fu33	laap6 coeng4 fu3	臘腸褲，褲腿很窄
5276	十三、衣服、穿戴（1）服裝/喇叭褲	喇叭褲	喇叭裤	la55 pa55 fu33	laa1 baa1 fu3	喇叭褲
5277	十三、衣服、穿戴（1）服裝/開襠褲	開襠褲	开裆裤	hɔi55 nɔŋ55 fu33	hoi1 nong1 fu3	開襠褲
5278	十三、衣服、穿戴（1）服裝/死襠褲	密襠褲	密裆裤	mɐt2 nɔŋ55 fu33	mat6 nong1 fu3	死襠褲，相對開襠褲而言
5279	十三、衣服、穿戴（1）服裝/褲襠	褲襠	裤裆	fu33 nɔŋ55	fu3 nong1	褲襠
5280	十三、衣服、穿戴（1）服裝/褲腰	褲頭	裤头	fu33 tʰɐu21	fu3 tau4	褲腰
5281	十三、衣服、穿戴（1）服裝/腰帶	腰帶	腰带	jiu55 tai33	jiu1 daai3	腰帶1，統稱
5282	十三、衣服、穿戴（1）服裝/腰帶	摳	抠	kʰɐu55	kau1	腰帶2，《說文》繑也
5283	十三、衣服、穿戴（1）服裝/褲腰帶	褲頭帶	裤头带	fu33 tʰɐu21 tai33	fu3 tau4 daai3	褲腰帶1
5284	十三、衣服、穿戴（1）服裝/褲腰帶	皮帶	皮带	pʰi21 tai33	pi4 daai3	褲腰帶2，皮革製的
5285	十三、衣服、穿戴（1）服裝/褲腿兒	褲腳	裤脚	fu33 kœk3	fu3 goek3	褲腿兒
5286	十三、衣服、穿戴（1）服裝/兜兒	荷包	荷包	hɔ21 pɛu55	ho4 beu1	兜兒1，上衣口袋
5287	十三、衣服、穿戴（1）服裝/兜兒	衫袋	衫袋	ʃam55 tɔi22	saam1 doi6	兜兒2
5288	十三、衣服、穿戴（1）服裝/錶袋	錶袋	表袋	piu55 tɔi22	biu1 doi6	表袋
5289	十三、衣服、穿戴（1）服裝/褲兜兒	褲袋	裤袋	fu33 tɔi22	fu3 doi6	褲兜兒1
5290	十三、衣服、穿戴（1）服裝/褲兜兒	荷包	荷包	hɔ21 pɛu55	ho4 beu1	褲兜兒2
5291	十三、衣服、穿戴（1）服裝/屁股兜	屎窟袋	屎窟袋	ʃi35 fɐt5 tɔi22	si2 fat1 doi6	屁股兜，褲子的後袋
5292	十三、衣服、穿戴（1）服裝/紐扣	紐	纽	nɐu35	nau2	紐扣1，西式的
5293	十三、衣服、穿戴（1）服裝/紐扣	布紐	布纽	pu33 nɐu35	bu3 nau2	紐扣2
5294	十三、衣服、穿戴（1）服裝/按釦	喼紐	喼纽	kɛp5 nɐu35	gep1 nau2	按釦1
5295	十三、衣服、穿戴（1）服裝/按釦	啪紐	啪纽	pak5 nɐu35	baak1 nau2	按釦2，扣紐時發出「啪」聲得名
5296	十三、衣服、穿戴（1）服裝/釦襻	布紐	布纽	pu33 nɐu35	bu3 nau2	釦襻，中式的
5297	十三、衣服、穿戴（1）服裝/釦兒	紐	纽	nɐu35	nau2	釦兒1，西式的
5298	十三、衣服、穿戴（1）服裝/釦兒	衫紐	衫纽	ʃam55 nɐu35	saam1 nau2	釦兒2
5299	十三、衣服、穿戴（1）服裝/紐扣（布）	紐鼻	纽鼻	nɐu35 pi22	nau2 bi6	紐扣（布）
5300	十三、衣服、穿戴（1）服裝/釦眼兒	紐窿	纽窿	nɐu35 lʊŋ55	nau2 lung1	釦眼兒1
5301	十三、衣服、穿戴（1）服裝/釦眼兒	紐眼	纽眼	nɐu35 ŋɛn24	nau2 ngen5	釦眼兒2
5302	十三、衣服、穿戴（1）服裝/釦眼兒	紐門	纽门	nɐu35 mun21	nau2 mun4	釦眼兒3
5303	十三、衣服、穿戴（1）服裝/扣釦子	扣紐	扣纽	kʰɐu33 nɐu35	kau3 nau2	扣釦子1
5304	十三、衣服、穿戴（1）服裝/扣釦子	扭紐	扭纽	nɐu35 nɐu35	nau2 nau2	扣釦子2
5305	十三、衣服、穿戴（1）服裝/元白布	白扣布	白扣布	pak2 kʰɐu33 pu33	baak6 kau3 bu3	元白布
5306	十三、衣服、穿戴（1）服裝/士林布	士林布	士林布	ʃi22 lɐm21 pu33	si6 lam4 bu3	士林布1.1，藍色
5307	十三、衣服、穿戴（1）服裝/士林布	士林布	士林布	sɿ22 lɐm21 pu33	sy6 lam4 bu3	士林布1.2，藍色
5308	十三、衣服、穿戴（1）服裝/白竹布	白竹布	白竹布	pak2 tʃʊk5 pu33	baak6 zuk1 bu3	白竹布1
5309	十三、衣服、穿戴（1）服裝/白竹布	竹紗	竹纱	tʃʊk5 ʃa55	zuk1 saa1	白竹布2
5310	十三、衣服、穿戴（1）服裝/府綢	府綢	府绸	fu35 tʃʰɐu21	fu2 cau4	府綢
5311	十三、衣服、穿戴（1）服裝/卡其布	咔嘰	咔叽	kʰa55 ki55	kaa1 gi1	卡其布，斜紋棉布
5312	十三、衣服、穿戴（1）服裝/燈芯絨	燈芯絨	灯芯绒	tɐŋ55 ɬɐm55 jʊŋ35	dang1 slam1 jung2	燈芯絨
5313	十三、衣服、穿戴（1）服裝/天鵝絨	平絨	平绒	pʰeŋ21 jʊŋ35	ping4 jung2	天鵝絨
5314	十三、衣服、穿戴（1）服裝/呢子	絨	绒	jʊŋ35	jung2	呢子1
5315	十三、衣服、穿戴（1）服裝/呢子	海軍呢	海军呢	hɔi35 kʷɐn55 ni21	hoi2 gwan1 ni4	呢子2
5316	十三、衣服、穿戴（1）服裝/土布	土布	土布	tʰu35 pu33	tu2 bu3	土布1
5317	十三、衣服、穿戴（1）服裝/土布	玉林布	玉林布	jʊk2 lɐm21 pu33	juk6 lam4 bu3	土布2，舊時玉林土布出名
5318	十三、衣服、穿戴（1）服裝/的確涼（的確良、滌綸）	的確涼	的确凉	tek5 kʰɔk3 lœŋ21	dik1 kok3 loeng4	的確涼（的確良、滌綸），滌綸紡織物，英語dacron，舊時南寧麻滌（麻的確涼）很出名，見1985年《廣西特產風味指南》P97-98
5319	十三、衣服、穿戴（1）服裝/麻的確涼（麻的確良、麻滌）	麻的確涼	麻的确凉	ma21 tek5 kʰɔk3 lœŋ21	maa4 dik1 kok3 loeng4	麻的確涼（麻的確良、麻滌），是用苧麻與滌綸混紡而成的紡織新產品，具有強力高、表面光潔、堅固挺適、透氣舒適等特點，廣西絹麻紡織科學研究所和南寧絹麻紡織印染廠合作研製的麻滌獲得過多個科技獎項，見1985年《廣西特產風味指南》P97-98
5320	十三、衣服、穿戴（1）服裝/棉的確涼（棉的確良、棉滌）	棉的確涼	棉的确凉	min21 tek5 kʰɔk3 lœŋ21	min4 dik1 kok3 loeng4	棉的確涼（棉的確良、棉滌），棉與滌綸混紡的的確涼
5321	十三、衣服、穿戴（1）服裝/毛的確涼（毛的確良、毛滌）	毛的確涼	毛的确凉	mu21 tek5 kʰɔk3 lœŋ21	mu4 dik1 kok3 loeng4	毛的確涼（毛的確良、毛滌），毛與滌綸混紡的的確涼
5322	十三、衣服、穿戴（1）服裝/綢	綢	绸	tʃʰɐu21	cau4	綢
5323	十三、衣服、穿戴（1）服裝/緞	緞	缎	tyn22	dyun6	緞
5324	十三、衣服、穿戴（1）服裝/雙縐	縐紗	绉纱	tʃɐu33 ʃa55	zau3 saa1	雙縐1
5325	十三、衣服、穿戴（1）服裝/雙縐	雙縐	双绉	ʃœŋ55 tʃɐu33	soeng1 zau3	雙縐2
5326	十三、衣服、穿戴（1）服裝/香雲紗	點梅紗	点梅纱	tim35 mui21 ʃa55	dim2 mui4 saa1	香雲紗1
5327	十三、衣服、穿戴（1）服裝/香雲紗	荔枝綢	荔枝绸	lɐi22 tʃi55 tʃʰɐu21	lai6 zi1 cau4	香雲紗2
5328	十三、衣服、穿戴（1）服裝/帆布	帆布	帆布	fan21 pu33	faan4 bu3	帆布
5329	十三、衣服、穿戴（1）服裝/布類表面有毛刺	紕	纰	pʰi55	pi1	布類表面有毛刺
5330	十三、衣服、穿戴（2）鞋帽/鞋	鞋	鞋	hai21	haai4	鞋
5331	十三、衣服、穿戴（2）鞋帽/拖鞋	拖鞋	拖鞋	tʰɔ55 hai21	to1 haai4	拖鞋1
5332	十三、衣服、穿戴（2）鞋帽/拖鞋	拖趿鞋	拖趿鞋	tʰɔ55 tʰɛt5 hai21	to1 tet1 haai4	拖鞋2
5333	十三、衣服、穿戴（2）鞋帽/人字拖	人字拖	人字拖	jɐn21 tʃi22 tʰɔ55	jan4 zi6 to1	人字拖
5334	十三、衣服、穿戴（2）鞋帽/棉鞋	棉鞋	棉鞋	min21 hai21	min4 haai4	棉鞋
5335	十三、衣服、穿戴（2）鞋帽/皮鞋	皮鞋	皮鞋	pʰi21 hai21	pi4 haai4	皮鞋，南寧皮鞋中有幾種特別有名的產品，如「81-01型三節頭男式牛皮鞋」、「老三條男式皮涼鞋」，見1985年《廣西特產風味指南》P98-100
5336	十三、衣服、穿戴（2）鞋帽/大頭皮鞋	大頭皮鞋	大头皮鞋	tai22 tʰɐu21 pʰi21 hai21	daai6 tau4 pi4 haai4	大頭皮鞋
5337	十三、衣服、穿戴（2）鞋帽/氈鞋	絨鞋	绒鞋	jʊŋ35 hai21	jung2 haai4	氈鞋
5338	十三、衣服、穿戴（2）鞋帽/球鞋	波鞋	波鞋	pɔ55 hai21	bo1 haai4	球鞋，「波」爲英語ball音譯
5339	十三、衣服、穿戴（2）鞋帽/釘鞋	釘鞋	钉鞋	tɛŋ55 hai21	deng1 haai4	釘鞋
5340	十三、衣服、穿戴（2）鞋帽/解放鞋	解放鞋	解放鞋	kai35 fɔŋ33 hai21	gaai2 fong3 haai4	解放鞋
5341	十三、衣服、穿戴（2）鞋帽/力士鞋	力士鞋	力士鞋	lek2 ʃi22 hai21	lik6 si6 haai4	力士鞋1.1
5342	十三、衣服、穿戴（2）鞋帽/力士鞋	力士鞋	力士鞋	lek2 sɿ22 hai21	lik6 sy6 haai4	力士鞋1.2
5343	十三、衣服、穿戴（2）鞋帽/布鞋	布鞋	布鞋	pu33 hai21	bu3 haai4	布鞋
5344	十三、衣服、穿戴（2）鞋帽/袼褙	布朴	布朴	pu33 pʰɔk3	bu3 pok3	袼褙，用碎布拼成的鞋底原料
5345	十三、衣服、穿戴（2）鞋帽/北京涼鞋	北京膠	北京胶	pɐk5 keŋ55 kɛu55	bak1 ging1 geu1	北京涼鞋，橡膠製的解放涼鞋，舊時這種橡膠製的解放涼鞋很流行，一般是棕色、鏤空、橡膠底、橡膠面、金屬釦，因從北方傳入，故而冠以「北京」之名，有些地方稱爲「豬籠鞋」
5346	十三、衣服、穿戴（2）鞋帽/打袼褙	打布朴	打布朴	ta35 pu33 pʰɔk3	daa2 bu3 pok3	打袼褙1，用碎布料製鞋底
5347	十三、衣服、穿戴（2）鞋帽/打袼褙	打朴	打朴	ta35 pʰɔk3	daa2 pok3	打袼褙2，用碎布料製鞋底
5348	十三、衣服、穿戴（2）鞋帽/納鞋底	納鞋底	纳鞋底	nap2 hai21 tɐi35	naap6 haai4 dai2	納鞋底
5349	十三、衣服、穿戴（2）鞋帽/馬靴	靴	靴	hœ55	hoe1	馬靴1
5350	十三、衣服、穿戴（2）鞋帽/馬靴	長統靴	长统靴	tʃʰœŋ21 tʰʊŋ35 hœ55	coeng4 tung2 hoe1	馬靴2
5351	十三、衣服、穿戴（2）鞋帽/鞋底兒	鞋底	鞋底	hai21 tɐi35	haai4 dai2	鞋底兒
5352	十三、衣服、穿戴（2）鞋帽/鞋幫兒	鞋㬹	鞋㬹	hai21 tʃaŋ55	haai4 zaang1	鞋幫兒，俗作「鞋踭」
5353	十三、衣服、穿戴（2）鞋帽/鞋楦子	鞋楦	鞋楦	hai21 hyn33	haai4 hyun3	鞋楦子1
5354	十三、衣服、穿戴（2）鞋帽/鞋楦子	楦頭	楦头	hyn33 tʰɐu21	hyun3 tau4	鞋楦子2
5355	十三、衣服、穿戴（2）鞋帽/鞋拔子	鞋拔	鞋拔	hai21 pat2	haai4 baat6	鞋拔子1
5356	十三、衣服、穿戴（2）鞋帽/鞋拔子	鞋搊	鞋搊	hai21 tʃʰɐu55	haai4 cau1	鞋拔子2，俗作「鞋抽」
5357	十三、衣服、穿戴（2）鞋帽/雨鞋	水鞋	水鞋	ʃui35 hai21	sui2 haai4	雨鞋，橡膠做的
5358	十三、衣服、穿戴（2）鞋帽/木屐	木屐	木屐	mʊk2 kʰɛk5	muk6 kek1	木屐1
5359	十三、衣服、穿戴（2）鞋帽/木屐	棕屐	棕屐	tʃʊŋ55 kʰɛk2	zung1 kek6	木屐2
5360	十三、衣服、穿戴（2）鞋帽/溜冰鞋	溜冰鞋	溜冰鞋	liu55 peŋ55 hai21	liu1 bing1 haai4	溜冰鞋1
5361	十三、衣服、穿戴（2）鞋帽/溜冰鞋	雪屐	雪屐	ɬyt3 kʰɛk5	slyut3 kek1	溜冰鞋2
5362	十三、衣服、穿戴（2）鞋帽/鞋帶兒	鞋帶	鞋带	hai21 tai33	haai4 daai3	鞋帶兒
5363	十三、衣服、穿戴（2）鞋帽/鞋跟	鞋㬹	鞋㬹	hai21 tʃaŋ55	haai4 zaang1	鞋跟，俗作「鞋踭」
5364	十三、衣服、穿戴（2）鞋帽/襪子	襪	袜	mɐt2	mat6	襪子1.1
5365	十三、衣服、穿戴（2）鞋帽/襪子	襪	袜	mat2	maat6	襪子1.2
5366	十三、衣服、穿戴（2）鞋帽/線襪	線襪	线袜	ɬin33 mɐt2	slin3 mat6	線襪1.1
5367	十三、衣服、穿戴（2）鞋帽/線襪	線襪	线袜	ɬin33 mat2	slin3 maat6	線襪1.2
5368	十三、衣服、穿戴（2）鞋帽/絲襪	絲襪	丝袜	ʃi55 mɐt2	si1 mat6	絲襪1.1
5369	十三、衣服、穿戴（2）鞋帽/絲襪	絲襪	丝袜	ʃi55 mat2	si1 maat6	絲襪1.2
5370	十三、衣服、穿戴（2）鞋帽/尼龍襪	尼龍襪	尼龙袜	ni21 lʊŋ21 mɐt2	ni4 lung4 mat6	尼龍襪1.1
5371	十三、衣服、穿戴（2）鞋帽/尼龍襪	尼龍襪	尼龙袜	ni21 lʊŋ21 mat2	ni4 lung4 maat6	尼龍襪1.2
5372	十三、衣服、穿戴（2）鞋帽/長襪	長統襪	长统袜	tʃʰœŋ21 tʰʊŋ35 mɐt2	coeng4 tung2 mat6	長襪
5373	十三、衣服、穿戴（2）鞋帽/短襪	短統襪	短统袜	tyn35 tʰʊŋ35 mɐt2	dyun2 tung2 mat6	短襪
5374	十三、衣服、穿戴（2）鞋帽/襪帶	襪帶	袜带	mɐt2 tai33	mat6 daai3	襪帶1.1
5375	十三、衣服、穿戴（2）鞋帽/襪帶	襪帶	袜带	mat2 tai33	maat6 daai3	襪帶1.2
5376	十三、衣服、穿戴（2）鞋帽/上襪底	上襪底	上袜底	ʃœŋ24 mɐt2 tɐi35	soeng5 mat6 dai2	上襪底1.1，舊時爲使襪子耐穿要縫上布底
5377	十三、衣服、穿戴（2）鞋帽/上襪底	上襪底	上袜底	ʃœŋ24 mat2 tɐi35	soeng5 maat6 dai2	上襪底1.2，舊時爲使襪子耐穿要縫上布底
5378	十三、衣服、穿戴（2）鞋帽/襪跟	襪䐁	袜䐁	mɐt2 tʊk5	mat6 duk1	襪跟1.1
5379	十三、衣服、穿戴（2）鞋帽/襪跟	襪䐁	袜䐁	mat2 tʊk5	maat6 duk1	襪跟1.2
5380	十三、衣服、穿戴（2）鞋帽/襪跟	襪㬹	袜㬹	mɐt2 tʃaŋ55	mat6 zaang1	襪跟2.1，俗作「襪踭」
5381	十三、衣服、穿戴（2）鞋帽/襪跟	襪㬹	袜㬹	mat2 tʃaŋ55	maat6 zaang1	襪跟2.2，俗作「襪踭」
5382	十三、衣服、穿戴（2）鞋帽/弓鞋	細腳鞋	细脚鞋	ɬɐi33 kœk3 hai21	slai3 goek3 haai4	弓鞋，舊時裹腳婦女穿的鞋
5383	十三、衣服、穿戴（2）鞋帽/裹腳婦女	細腳婆	细脚婆	ɬɐi33 kœk3 pʰɔ21	slai3 goek3 po4	裹腳婦女
5384	十三、衣服、穿戴（2）鞋帽/裹腳	紮腳帶	扎脚带	tʃat3 kœk3 tai33	zaat3 goek3 daai3	裹腳，舊時婦女裹腳的布
5385	十三、衣服、穿戴（2）鞋帽/裹腿	綁腿	绑腿	pɔŋ35 tʰui35	bong2 tui2	裹腿，軍人用的
5386	十三、衣服、穿戴（2）鞋帽/繫鞋帶	綁鞋帶	绑鞋带	pɔŋ35 hai21 tai33	bong2 haai4 daai3	繫鞋帶
5387	十三、衣服、穿戴（2）鞋帽/帽子	帽	帽	mu22	mu6	帽子
5388	十三、衣服、穿戴（2）鞋帽/皮帽	皮帽	皮帽	pʰi21 mu22	pi4 mu6	皮帽
5389	十三、衣服、穿戴（2）鞋帽/呢帽	絨帽	绒帽	jʊŋ35 mu22	jung2 mu6	呢帽
5390	十三、衣服、穿戴（2）鞋帽/禮帽	禮帽	礼帽	lɐi24 mu22	lai5 mu6	禮帽
5391	十三、衣服、穿戴（2）鞋帽/瓜皮帽	瓜皮帽	瓜皮帽	kʷa55 pʰi21 mu22	gwaa1 pi4 mu6	瓜皮帽
5392	十三、衣服、穿戴（2）鞋帽/軍帽	軍帽	军帽	kʷɐn55 mu22	gwan1 mu6	軍帽
5393	十三、衣服、穿戴（2）鞋帽/鴨舌帽	喼帽	喼帽	kɛp5 mu22	gep1 mu6	鴨舌帽，英語cap
5394	十三、衣服、穿戴（2）鞋帽/草帽	草帽	草帽	tʃʰu35 mu22	cu2 mu6	草帽
5395	十三、衣服、穿戴（2）鞋帽/斗笠	雨帽	雨帽	jy24 mu22	jyu5 mu6	斗笠1
5396	十三、衣服、穿戴（2）鞋帽/斗笠	竹帽	竹帽	tʃʊk5 mu22	zuk1 mu6	斗笠2
5397	十三、衣服、穿戴（2）鞋帽/斗笠	笠帽	笠帽	lɐp5 mu22	lap1 mu6	斗笠3
5398	十三、衣服、穿戴（2）鞋帽/帽檐兒	帽檐	帽檐	mu22 jim35	mu6 jim2	帽檐兒
5399	十三、衣服、穿戴（3）裝飾品/首飾	首飾	首饰	ʃɐu35 ʃek5	sau2 sik1	首飾1
5400	十三、衣服、穿戴（3）裝飾品/首飾	金器	金器	kɐm55 hi33	gam1 hi3	首飾2
5401	十三、衣服、穿戴（3）裝飾品/鐲子	鈪	鈪	ak3	aak3	鐲子，本字「扼」，唐代作「扼臂」
5402	十三、衣服、穿戴（3）裝飾品/手鐲	手鈪	手鈪	ʃɐu35 ak3	sau2 aak3	手鐲
5403	十三、衣服、穿戴（3）裝飾品/腳鐲	腳鈪	脚鈪	kœk3 ak3	goek3 aak3	腳鐲
5404	十三、衣服、穿戴（3）裝飾品/金鐲子	金鈪	金鈪	kɐm55 ak3	gam1 aak3	金鐲子
5405	十三、衣服、穿戴（3）裝飾品/銀鐲子	銀鈪	银鈪	ŋɐn21 ak3	ngan4 aak3	銀鐲子
5406	十三、衣服、穿戴（3）裝飾品/玉鐲子	玉鈪	玉鈪	jʊk2 ak3	juk6 aak3	玉鐲子
5407	十三、衣服、穿戴（3）裝飾品/戒指	戒指	戒指	kai33 tʃi35	gaai3 zi2	戒指1
5408	十三、衣服、穿戴（3）裝飾品/戒指	戒子	戒子	kai33 tʃi35	gaai3 zi2	戒指2.1
5409	十三、衣服、穿戴（3）裝飾品/戒指	戒子	戒子	kai33 tsɿ35	gaai3 zy2	戒指2.2
5410	十三、衣服、穿戴（3）裝飾品/項鏈	頸鏈	颈链	kɛŋ35 lin35	geng2 lin2	項鏈1
5411	十三、衣服、穿戴（3）裝飾品/項鏈	項鏈	项链	hɔŋ35 lin35	hong2 lin2	項鏈2
5412	十三、衣服、穿戴（3）裝飾品/項圈	頸圈	颈圈	kɛŋ35 hyn55	geng2 hyun1	項圈
5413	十三、衣服、穿戴（3）裝飾品/金鏈子	金鏈	金链	kɐm55 lin35	gam1 lin2	金鏈子
5414	十三、衣服、穿戴（3）裝飾品/百家鎖	百家鎖	百家锁	pak3 ka55 ɬɔ35	baak3 gaa1 slo2	百家鎖1，小兒佩戴的
5415	十三、衣服、穿戴（3）裝飾品/百家鎖	長命鎖	长命锁	tʃʰœŋ21 mɛŋ22 ɬɔ35	coeng4 meng6 slo2	百家鎖2
5416	十三、衣服、穿戴（3）裝飾品/別針兒	釦針	扣针	kʰɐu33 tʃɐm55	kau3 zam1	別針兒
5417	十三、衣服、穿戴（3）裝飾品/簪子	簪	簪	tʃam55	zaam1	簪子
5418	十三、衣服、穿戴（3）裝飾品/耳環	耳環	耳环	ji24 wɛn21	ji5 wen4	耳環1.1
5419	十三、衣服、穿戴（3）裝飾品/耳環	耳環	耳环	ji24 wan21	ji5 waan4	耳環1.2
5420	十三、衣服、穿戴（3）裝飾品/耳墜兒	耳墜	耳坠	ji24 tʃui22	ji5 zui6	耳墜兒
5421	十三、衣服、穿戴（3）裝飾品/胭脂	胭脂	胭脂	jin55 tʃi55	jin1 zi1	胭脂
5422	十三、衣服、穿戴（3）裝飾品/粉	粉	粉	fɐn35	fan2	粉
5423	十三、衣服、穿戴（4）其他穿戴用品/圍裙	圍裙	围裙	wɐi21 kʷʰɐn21	wai4 kwan4	圍裙
5424	十三、衣服、穿戴（4）其他穿戴用品/圍嘴兒	口水褸	口水褛	hɐu35 ʃui35 lɐu55	hau2 sui2 lau1	圍嘴兒
5425	十三、衣服、穿戴（4）其他穿戴用品/尿布	屎片	屎片	ʃi35 pʰɛn35	si2 pen2	尿布1
5426	十三、衣服、穿戴（4）其他穿戴用品/尿布	尿片	尿片	niu22 pʰɛn35	niu6 pen2	尿布2
5427	十三、衣服、穿戴（4）其他穿戴用品/手絹兒	抓巾	抓巾	tʃa55 kɐn55	zaa1 gan1	手絹兒1
5428	十三、衣服、穿戴（4）其他穿戴用品/手絹兒	抓巾崽	抓巾崽	tʃa55 kɐn55 tʃɐi35	zaa1 gan1 zai2	手絹兒2
5429	十三、衣服、穿戴（4）其他穿戴用品/手絹兒	抓巾仔	抓巾仔	tʃa55 kɐn55 tʃɐi35	zaa1 gan1 zai2	手絹兒2，同「抓巾崽」
5430	十三、衣服、穿戴（4）其他穿戴用品/手絹兒	手巾崽	手巾崽	ʃɐu35 kɐn55 tʃɐi35	sau2 gan1 zai2	手絹兒3
5431	十三、衣服、穿戴（4）其他穿戴用品/手絹兒	手巾仔	手巾仔	ʃɐu35 kɐn55 tʃɐi35	sau2 gan1 zai2	手絹兒3，同「手巾崽」
5432	十三、衣服、穿戴（4）其他穿戴用品/圍巾	頸巾	颈巾	kɛŋ35 kɐn55	geng2 gan1	圍巾1，長條的
5433	十三、衣服、穿戴（4）其他穿戴用品/圍巾	頭巾	头巾	tʰɐu21 kɐn55	tau4 gan1	圍巾2，方的
5434	十三、衣服、穿戴（4）其他穿戴用品/圍巾	褸巾	褛巾	lɐu55 kɐn55	lau1 gan1	圍巾3
5435	十三、衣服、穿戴（4）其他穿戴用品/圍巾	圍巾	围巾	wɐi21 kɐn55	wai4 gan1	圍巾4
5436	十三、衣服、穿戴（4）其他穿戴用品/手套	手襪	手袜	ʃɐu35 mɐt2	sau2 mat6	手套1.1
5437	十三、衣服、穿戴（4）其他穿戴用品/手套	手襪	手袜	ʃɐu35 mat2	sau2 maat6	手套1.2
5438	十三、衣服、穿戴（4）其他穿戴用品/手套	手套	手套	ʃɐu35 tʰu33	sau2 tu3	手套2
5439	十三、衣服、穿戴（4）其他穿戴用品/袖套	袖套	袖套	tʃɐu22 tʰu33	zau6 tu3	袖套
5440	十三、衣服、穿戴（4）其他穿戴用品/眼鏡	眼鏡	眼镜	ŋɛn24 kɛŋ33	ngen5 geng3	眼鏡
5441	十三、衣服、穿戴（4）其他穿戴用品/老花鏡	老花鏡	老花镜	lu24 fa55 kɛŋ33	lu5 faa1 geng3	老花鏡
5442	十三、衣服、穿戴（4）其他穿戴用品/太陽鏡	太陽鏡	太阳镜	tʰai33 jœŋ21 kɛŋ33	taai3 joeng4 geng3	太陽鏡1
5443	十三、衣服、穿戴（4）其他穿戴用品/太陽鏡	黑眼鏡	黑眼镜	hɐk5 ŋɛn24 kɛŋ33	hak1 ngen5 geng3	太陽鏡2
5444	十三、衣服、穿戴（4）其他穿戴用品/太陽鏡	墨鏡	墨镜	mɐk2 kɛŋ33	mak6 geng3	太陽鏡3
5445	十三、衣服、穿戴（4）其他穿戴用品/放大鏡	放大鏡	放大镜	fɔŋ33 tai22 kɛŋ33	fong3 daai6 geng3	放大鏡
5446	十三、衣服、穿戴（4）其他穿戴用品/傘	遮	遮	tʃɛ55	ze1	傘1
5447	十三、衣服、穿戴（4）其他穿戴用品/傘	雨遮	雨遮	jy24 tʃɛ55	jyu5 ze1	傘2，雨傘
5448	十三、衣服、穿戴（4）其他穿戴用品/布傘	布遮	布遮	pu33 tʃɛ55	bu3 ze1	布傘
5449	十三、衣服、穿戴（4）其他穿戴用品/油紙傘	油紙遮	油纸遮	jɐu21 tʃi35 tʃɛ55	jau4 zi2 ze1	油紙傘
5450	十三、衣服、穿戴（4）其他穿戴用品/尼龍傘	尼龍遮	尼龙遮	ni21 lʊŋ21 tʃɛ55	ni4 lung4 ze1	尼龍傘
5451	十三、衣服、穿戴（4）其他穿戴用品/打傘	撐遮	撑遮	tʃʰaŋ55 tʃɛ55	caang1 ze1	打傘
5452	十三、衣服、穿戴（4）其他穿戴用品/傘骨	遮骨	遮骨	tʃɛ55 kʷɐt5	ze1 gwat1	傘骨
5453	十三、衣服、穿戴（4）其他穿戴用品/傘柄	遮柄	遮柄	tʃɛ55 pɛŋ33	ze1 beng3	傘柄
5454	十三、衣服、穿戴（4）其他穿戴用品/蓑衣	蓑衣	蓑衣	ɬɔ55 ji55	slo1 ji1	蓑衣
5455	十三、衣服、穿戴（4）其他穿戴用品/雨衣	雨衣	雨衣	jy24 ji55	jyu5 ji1	雨衣，新式的
5456	十三、衣服、穿戴（4）其他穿戴用品/雨披	雨披	雨披	jy24 pʰi55	jyu5 pi1	雨披
5457	十三、衣服、穿戴（4）其他穿戴用品/手錶	手錶	手表	ʃɐu35 piu55	sau2 biu1	手錶
5458	十三、衣服、穿戴（4）其他穿戴用品/懷錶	錶	表	piu55	biu1	懷錶1
5459	十三、衣服、穿戴（4）其他穿戴用品/懷錶	袋錶	袋表	tɔi22 piu55	doi6 biu1	懷錶2
5460	十三、衣服、穿戴（4）其他穿戴用品/鍾	鍾	钟	tʃʊŋ55	zung1	鍾
5461	十三、衣服、穿戴（4）其他穿戴用品/座鐘	座鐘	座钟	tʃɔ22 tʃʊŋ55	zo6 zung1	座鐘
5462	十三、衣服、穿戴（4）其他穿戴用品/掛鐘	掛鐘	挂钟	kʷa33 tʃʊŋ55	gwaa3 zung1	掛鐘
5463	十四、飲食（1）伙食/吃	食	食	ʃek2	sik6	吃1（～飯）
5464	十四、飲食（1）伙食/吃	齰	𫜬	jak3	jaak3	吃2，齧也，俗作「喫」
5465	十四、飲食（1）伙食/吃	吃	吃	hɛk3	hek3	吃3，本字「喫」
5466	十四、飲食（1）伙食/吃	唰	唰	tʃʰat3	caat3	吃4（～嘢、～飯），粗俗的說法
5467	十四、飲食（1）伙食/吃	捎	捎	ɬau21	slaau4	吃5，很能吃
5468	十四、飲食（1）伙食/吃	揌	揌	ɬɔi55	sloi1	吃6，很能吃
5469	十四、飲食（1）伙食/吃	𠶲	𠶲	kɐp2	gap6	吃7，啃、咬
5470	十四、飲食（1）伙食/吃	𠿓	𠿓	ɬap3	slaap3	吃8，吸食
5471	十四、飲食（1）伙食/吃	嗒	嗒	tɛp5	dep1	吃9，慢慢～，慢慢地吃
5472	十四、飲食（1）伙食/伙食	伙食	伙食	fɔ35 ʃek2	fo2 sik6	伙食
5473	十四、飲食（1）伙食/便飯	便飯	便饭	pin22 fan22	bin6 faan6	便飯
5474	十四、飲食（1）伙食/吃飯	食飯	食饭	ʃek2 fan22	sik6 faan6	吃飯
5475	十四、飲食（1）伙食/吃飯飯	食𩛎𩛎	食𩛎𩛎	ʃek2 mɐm55 mɐm55	sik6 mam1 mam1	吃飯飯，童語，當爲「唵唵」的順同化
5476	十四、飲食（1）伙食/吃粉	食粉	食粉	ʃek2 fɐn35	sik6 fan2	吃粉
5477	十四、飲食（1）伙食/吃麪條	食麪	食面	ʃek2 min22	sik6 min6	吃麪條
5478	十四、飲食（1）伙食/早飯	過早	过早	kɔ33 tʃu35	go3 zu2	早飯
5479	十四、飲食（1）伙食/午飯	晏飯	晏饭	an33 fan22	aan3 faan6	午飯1
5480	十四、飲食（1）伙食/午飯	晏	晏	an33	aan3	午飯2
5481	十四、飲食（1）伙食/午飯	中飯	中饭	tʃʊŋ55 fan22	zung1 faan6	午飯3
5482	十四、飲食（1）伙食/晚飯	夜飯	夜饭	jɛ22 fan22	je6 faan6	晚飯
5483	十四、飲食（1）伙食/食物	嘢	嘢	jɛ24	je5	食物，本字「兒」，即（物）兒，本爲物的兒尾小稱
5484	十四、飲食（1）伙食/零食	消口	消口	ɬiu55 hɐu35	sliu1 hau2	零食1
5485	十四、飲食（1）伙食/零食	小口	小口	ɬiu35 hɐu35	sliu2 hau2	零食2
5486	十四、飲食（1）伙食/零食	嘴頭	嘴头	tʃui35 tʰɐu21	zui2 tau4	零食3
5487	十四、飲食（1）伙食/零食	零嘴	零嘴	leŋ21 tʃui35	ling4 zui2	零食4
5488	十四、飲食（1）伙食/小吃	小食	小食	ɬiu35 ʃek2	sliu2 sik6	小吃
5489	十四、飲食（1）伙食/點心	點心	点心	tim35 ɬɐm55	dim2 slam1	點心，糕餅之類食品
5490	十四、飲食（1）伙食/糕點	糕點	糕点	ku55 tim35	gu1 dim2	糕點，糕和點心的統稱
5491	十四、飲食（1）伙食/糖餅	糖餅	糖饼	tʰɔŋ21 pɛŋ35	tong4 beng2	糖餅，糖果和餅乾的統稱
5492	十四、飲食（1）伙食/喝早茶	飲早茶	饮早茶	jɐm35 tʃu35 tʃʰa21	jam2 zu2 caa4	喝早茶
5493	十四、飲食（1）伙食/一盅兩件	一盅兩件	一盅两件	a55 tʃʊŋ55 lœŋ24 kin22	aa1 zung1 loeng5 gin6	一盅茶或燒酒，加上兩塊點心，指早茶習慣
5494	十四、飲食（1）伙食/茶點	點心	点心	tim35 ɬɐm55	dim2 slam1	茶點1，茶水和點心
5495	十四、飲食（1）伙食/茶點	茶點	茶点	tʃʰa21 tim35	caa4 dim2	茶點2，茶水和點心
5496	十四、飲食（1）伙食/夜宵	宵夜	宵夜	ɬiu55 jɛ35	sliu1 je2	夜宵
5497	十四、飲食（1）伙食/消夜	食宵夜	食宵夜	ʃek2 ɬiu55 jɛ35	sik6 sliu1 je2	消夜，吃夜宵
5498	十四、飲食（1）伙食/現點	即點	即点	tʃek5 tim35	zik1 dim2	現點
5499	十四、飲食（1）伙食/現做	即做	即做	tʃek5 tʃu33	zik1 zu3	現做
5500	十四、飲食（1）伙食/現賣	即賣	即卖	tʃek5 mai22	zik1 maai6	現賣
5501	十四、飲食（1）伙食/現做現賣	即做即賣	即做即卖	tʃek5 tʃu33 tʃek5 mai22	zik1 zu3 zik1 maai6	現做現賣
5502	十四、飲食（1）伙食/即食（立即可以吃）	即食	即食	tʃek5 ʃek2	zik1 sik6	即食（立即可以吃）
5503	十四、飲食（1）伙食/大鍋飯	大鑊飯	大镬饭	tai22 wɔk2 fan22	daai6 wok6 faan6	大鍋飯
5504	十四、飲食（2）米食/米飯	飯	饭	fan22	faan6	米飯
5505	十四、飲食（2）米食/剩飯	舊飯	旧饭	kɐu22 fan22	gau6 faan6	剩飯1
5506	十四、飲食（2）米食/剩飯	冷飯	冷饭	laŋ24 fan22	laang5 faan6	剩飯2
5507	十四、飲食（2）米食/剩飯	剩飯	剩饭	tʃeŋ22 fan22	zing6 faan6	剩飯3
5508	十四、飲食（2）米食/生冷降	生冷降	生冷降	ʃaŋ55 laŋ24 kɔŋ33	saang1 laang5 gong3	生冷降，飯放冷了
5509	十四、飲食（2）米食/硬飯	硬飯	硬饭	ŋaŋ22 fan22	ngaang6 faan6	硬飯
5510	十四、飲食（2）米食/爛飯	爛飯	烂饭	lan22 fan22	laan6 faan6	爛飯1，飯很軟
5511	十四、飲食（2）米食/爛飯	爛頭飯	烂头饭	lan22 tʰɐu21 fan22	laan6 tau4 faan6	爛飯2
5512	十四、飲食（2）米食/燶飯	燶飯	㶶饭	nʊŋ55 fan22	nung1 faan6	煮煳的飯
5513	十四、飲食（2）米食/夾生飯	夾生飯	夹生饭	kap3 ʃaŋ55 fan22	gaap3 saang1 faan6	夾生飯
5514	十四、飲食（2）米食/白飯	白飯	白饭	pak2 fan22	baak6 faan6	白飯，沒菜的飯
5515	十四、飲食（2）米食/現飯	舊飯	旧饭	kɐu22 fan22	gau6 faan6	現飯，不是本餐新做的飯
5516	十四、飲食（2）米食/（飯）煳	燶	㶶	nʊŋ55	nung1	（飯）煳，本字「𪒬」
5517	十四、飲食（2）米食/（飯）餿	宿	宿	ɬʊk5	sluk1	（飯）餿，食物過宿義
5518	十四、飲食（2）米食/（飯）餿了	宿哂	宿哂	ɬʊk5 ɬai33	sluk1 slaai3	（飯）餿了
5519	十四、飲食（2）米食/鍋巴	鍋巴	锅巴	kɔ55 pa55	go1 baa1	鍋巴1
5520	十四、飲食（2）米食/鍋巴	飯焦	饭焦	fan22 tʃiu55	faan6 ziu1	鍋巴2
5521	十四、飲食（2）米食/粥	粥	粥	tʃʊk5	zuk1	粥1，稀飯，統稱
5522	十四、飲食（2）米食/粥	米粥	米粥	mɐi24 tʃʊk5	mai5 zuk1	粥2，稀飯
5523	十四、飲食（2）米食/稀粥	稀粥	稀粥	hi55 tʃʊk5	hi1 zuk1	稀粥，稀的稀飯
5524	十四、飲食（2）米食/稠粥	渴粥	渴粥	kit2 tʃʊk5	git6 zuk1	稠粥1，稠的稀飯
5525	十四、飲食（2）米食/稠粥	渴頭粥	渴头粥	kit2 tʰɐu21 tʃʊk5	git6 tau4 zuk1	稠粥2
5526	十四、飲食（2）米食/稠粥	爛頭粥	烂头粥	lan22 tʰɐu21 tʃʊk5	laan6 tau4 zuk1	稠粥3
5527	十四、飲食（2）米食/三滾粥	三滾粥	三滚粥	ɬam55 kʷɐn35 tʃʊk5	slaam1 gwan2 zuk1	三滾粥
5528	十四、飲食（2）米食/冷飯粥	冷飯粥	冷饭粥	laŋ24 fan22 tʃʊk5	laang5 faan6 zuk1	冷飯粥，泡飯
5529	十四、飲食（2）米食/冷飯粥	玉米粥	玉米粥	jy22 mɐi24 tʃʊk5	jyu6 mai5 zuk1	玉米粥
5530	十四、飲食（2）米食/木薯粥	木薯粥	木薯粥	mʊk2 ʃy21 tʃʊk5	muk6 syu4 zuk1	木薯粥
5531	十四、飲食（2）米食/綠豆粥	綠豆粥	绿豆粥	lʊk2 tɐu22 tʃʊk5	luk6 dau6 zuk1	綠豆粥，一般使用黃糖，見2009年嚴風華《四季飄香：南寧飲食文化尋蹤》P77-78
5532	十四、飲食（2）米食/皮蛋粥	皮蛋粥	皮蛋粥	pʰi21 tan22 tʃʊk5	pi4 daan6 zuk1	皮蛋粥
5533	十四、飲食（2）米食/艇崽粥	艇崽粥	艇崽粥	tʰɛŋ24 tʃɐi35 tʃʊk5	teng5 zai2 zuk1	艇崽粥，舊時由廣州疍民在小艇上售賣的一種粥食，故稱，後流傳到南寧，它是用細米熬成粥，再加以豬肉、豬肝、豬肚、皮蛋、魷魚、雞肉、魚肉等不同配料，味道隨配料不同而不同，見1982年《南寧旅遊手冊》P83
5534	十四、飲食（2）米食/艇仔粥	艇仔粥	艇仔粥	tʰɛŋ24 tʃɐi35 tʃʊk5	teng5 zai2 zuk1	艇仔粥，同「艇崽粥」
5535	十四、飲食（2）米食/海鮮粥	海鮮粥	海鲜粥	hɔi35 ɬin55 tʃʊk5	hoi2 slin1 zuk1	海鮮粥
5536	十四、飲食（2）米食/及第粥	及第粥	及第粥	kɐp2 tɐi22 tʃʊk5	gap6 dai6 zuk1	及第粥，用料有瘦肉、香信、蝦米等，配以魷魚絲、肉絲、油條
5537	十四、飲食（2）米食/肝肉粥	肝肉粥	肝肉粥	kɔn55 jʊk2 tʃʊk5	gon1 juk6 zuk1	肝肉粥，用料有豬肝、瘦肉、豬腰、油條等
5538	十四、飲食（2）米食/牛雜粥	牛雜粥	牛杂粥	ŋɐu21 tʃap2 tʃʊk5	ngau4 zaap6 zuk1	牛雜粥，用料有牛肉、牛百葉、牛肝、牛肚、油條等
5539	十四、飲食（2）米食/魚生粥	魚生粥	鱼生粥	jy21 ʃaŋ55 tʃʊk5	jyu4 saang1 zuk1	魚生粥，以滾粥燙熟魚生得名，用料有紫蘇、瓜英、蜇皮、薑絲、胡椒粉、熟花生、薄脆、香蔥、芫荽等
5540	十四、飲食（2）米食/黃鱔粥	黃鱔粥	黄鳝粥	wɔŋ21 ʃin24 tʃʊk5	wong4 sin5 zuk1	黃鱔粥
5541	十四、飲食（2）米食/白鴿粥	白鴿粥	白鸽粥	pak2 kɐp3 tʃʊk5	baak6 gap3 zuk1	白鴿粥
5542	十四、飲食（2）米食/麻雀粥	麻雀粥	麻雀粥	ma21 tʃʰœk3 tʃʊk5	maa4 coek3 zuk1	麻雀粥
5543	十四、飲食（2）米食/鵪鶉粥	鵪鶉粥	鹌鹑粥	ɐm55 tʃʰɐn55 tʃʊk5	am1 can1 zuk1	鵪鶉粥1.1
5544	十四、飲食（2）米食/鵪鶉粥	鵪鶉粥	鹌鹑粥	ɐm55 tʃʰyn55 tʃʊk5	am1 cyun1 zuk1	鵪鶉粥1.2
5545	十四、飲食（2）米食/八寶粥	八寶粥	八宝粥	pɛt3 pu35 tʃʊk5	bet3 bu2 zuk1	八寶粥，南寧傳統常見的是「黑米八寶粥」
5546	十四、飲食（2）米食/八寶飯	八寶飯	八宝饭	pɛt3 pu35 fan22	bet3 bu2 faan6	八寶飯，糯米加果料兒調以豬油、白糖和溼澱粉蒸製的甜食，本地常用果料兒有蜜棗、杏仁、蓮子、桂圓肉、青梅糖、桔餅、葡萄乾、蜜冬瓜、蜜櫻桃、欖仁、核桃仁、瓜子仁等等乾果或蜜餞，見1985年《廣西特產風味指南》P202-203
5547	十四、飲食（2）米食/白粥	白粥	白粥	pak2 tʃʊk5	baak6 zuk1	白粥，白米粥
5548	十四、飲食（2）米食/肉粥	肉粥	肉粥	jʊk2 tʃʊk5	juk6 zuk1	肉粥
5549	十四、飲食（2）米食/小米粥	黃細米粥	黄细米粥	wɔŋ21 ɬɐi33 mɐi24 tʃʊk5	wong4 slai3 mai5 zuk1	小米粥
5550	十四、飲食（2）米食/糯米糖粥	糯米糖粥	糯米糖粥	nɔ22 mɐi24 tʰɔŋ21 tʃʊk5	no6 mai5 tong4 zuk1	糯米糖粥
5551	十四、飲食（2）米食/肉湯	羹	羹	kaŋ55	gaang1	肉湯
5552	十四、飲食（2）米食/米湯	米羹	米羹	mɐi24 kaŋ55	mai5 gaang1	米湯
5553	十四、飲食（2）米食/雞茸燕	雞茸燕	鸡茸燕	kɐi55 jʊŋ21 jin33	gai1 jung4 jin3	雞茸燕1，南寧的一道傳統名菜，邕菜的代表之一，全稱「雞茸仿燕羹」，以豬皮和雞茸仿作燕窩得名，是傳統宴席的頭一道菜，起暖胃、墊肚的作用
5554	十四、飲食（2）米食/雞茸燕	雞茸仿燕羹	鸡茸仿燕羹	kɐi55 jʊŋ21 fɔŋ35 jin33 kɐŋ55	gai1 jung4 fong2 jin3 gang1	雞茸燕2，「雞茸燕」的全稱，由王堂豪口述的全名
5555	十四、飲食（2）米食/紙包雞	紙包雞	纸包鸡	tʃi35 pau55 kɐi55	zi2 baau1 gai1	紙包雞，一道傳統名菜，起源於民國初年梧州環翠樓的大廚官良，以玉扣紙包浸過白酒或汾酒、五香粉等配料的三黃雞炸成而得名，南寧的萬國酒家名廚潘啓鎰繼承和創製了「萬國紙包雞」，王堂豪屬於「萬國紙包雞」的第二代傳承人，原味紙包雞做法見1985年《廣西特產風味指南》P209和1982年《南寧旅遊手冊》P73
5556	十四、飲食（2）米食/萬國紙包雞	萬國紙包雞	万国纸包鸡	man22 kɔk3 tʃi35 pau55 kɐi55	maan6 gok3 zi2 baau1 gai1	萬國紙包雞，由萬國酒家名廚潘啓鎰繼承和創製的紙包雞做法，第二代傳承人爲王堂豪，做法見1999年董尚效等《名廚導做——廚師考級必備輔導》P226
5557	十四、飲食（2）米食/麪糊	麪糊	面糊	min22 wu21	min6 wu4	麪糊
5558	十四、飲食（2）米食/米糊	米糊	米糊	mɐi24 wu21	mai5 wu4	米糊1，用米磨成的粉做的糊狀食物
5559	十四、飲食（2）米食/米糊	米漿	米浆	mɐi24 tʃœŋ55	mai5 zoeng1	米糊2
5560	十四、飲食（2）米食/芝麻糊	芝麻糊	芝麻糊	tʃi55 ma21 wu21	zi1 maa4 wu4	芝麻糊
5561	十四、飲食（2）米食/花生糊	花生糊	花生糊	fa55 ʃaŋ55 wu21	faa1 saang1 wu4	花生糊
5562	十四、飲食（2）米食/杏仁糊	杏仁糊	杏仁糊	hɐŋ22 jɐn21 wu21	hang6 jan4 wu4	杏仁糊
5563	十四、飲食（2）米食/奶糊	奶糊	奶糊	nai24 wu21	naai5 wu4	奶糊
5564	十四、飲食（2）米食/鴛鴦糊	鴛鴦糊	鸳鸯糊	jyn55 jœŋ55 wu21	jyun1 joeng1 wu4	鴛鴦糊，芝麻糊和花生糊黑白相配
5565	十四、飲食（2）米食/糉子	糉	粽	tʃʊŋ33	zung3	糉子
5566	十四、飲食（2）米食/開鍋糉	開鑊糉	开镬粽	hɔi55 wɔk2 tʃʊŋ33	hoi1 wok6 zung3	開鍋糉，舊時過年熬一大鍋糉子要十幾個小時，常常包個較小的糉給小孩兒
5567	十四、飲食（2）米食/豬肉糉	豬肉糉	猪肉粽	tʃy55 jʊk2 tʃʊŋ33	zyu1 juk6 zung3	豬肉糉1，也簡稱「肉糉」，指糯米包着以豬肉、綠豆爲餡的糉子，高級一點的還包香腸、板栗、筍絲等，糉子、粉利和年糕三者是南寧過春節的傳統食品，寓意「大吉大利（粉利），年年高（年糕）中（糉子）」，見1985年《廣西特產風味指南》P189-191和1982年《南寧旅遊手冊》P84
5568	十四、飲食（2）米食/豬肉糉	裹蒸糉	裹蒸粽	kɔ35 tʃeŋ55 tʃʊŋ33	go2 zing1 zung3	豬肉糉2，統稱糯米包裹着豬肉、綠豆等餡用來蒸製的糉子
5569	十四、飲食（2）米食/豆沙糉	豆沙糉	豆沙粽	tɐu22 ʃa55 tʃʊŋ33	dau6 saa1 zung3	豆沙糉
5570	十四、飲食（2）米食/灰水糉	灰水糉	灰水粽	fui55 ʃui35 tʃʊŋ33	fui1 sui2 zung3	灰水糉1，即鹼水糉，用草木灰水浸泡糯米做成的糉子，見2009年嚴風華《四季飄香：南寧飲食文化尋蹤》P153-154
5571	十四、飲食（2）米食/灰水糉	涼糉	凉粽	lœŋ21 tʃʊŋ33	loeng4 zung3	灰水糉2
5572	十四、飲食（2）米食/灰水糉	三角糉	三角粽	ɬam55 kɔk3 tʃʊŋ33	slaam1 gok3 zung3	灰水糉3
5573	十四、飲食（2）米食/灰水糉	羊角糉	羊角粽	jœŋ21 kɔk3 tʃʊŋ33	joeng4 gok3 zung3	灰水糉4
5574	十四、飲食（2）米食/荷葉糉	荷葉糉	荷叶粽	hɔ21 jip2 tʃʊŋ33	ho4 jip6 zung3	荷葉糉，以荷葉包製的傳統糉子，糉裏除了糯米、豬肉外，還有蝦米、香菇、玉蘭片等，吃起來有荷葉香，見1985年《廣西特產風味指南》P189-191
5575	十四、飲食（2）米食/盲糉	盲糉	盲粽	maŋ21 tʃʊŋ33	maang4 zung3	盲糉，沒有肉餡只有糯米的糉子
5576	十四、飲食（2）米食/大肉糉	枕頭糉	枕头粽	tʃɐm35 tʰɐu21 tʃʊŋ33	zam2 tau4 zung3	大肉糉，一般十斤米左右
5577	十四、飲食（2）米食/米粉	粉	粉	fɐn35	fan2	米粉
5578	十四、飲食（2）米食/榨粉	榨粉	榨粉	tʃa33 fɐn35	zaa3 fan2	榨粉1
5579	十四、飲食（2）米食/榨粉	生榨米粉	生榨米粉	ʃaŋ55 tʃa33 mɐi24 fɐn35	saang1 zaa3 mai5 fan2	榨粉2，南寧水街、邕寧縣的蒲廟鎮和那樓鎮、武鳴縣、馬山縣等地皆有，各地製作方法及口味稍有不同，做法見2009年嚴風華《四季飄香：南寧飲食文化尋蹤》P47-49
5580	十四、飲食（2）米食/切粉	切粉	切粉	tʃʰit3 fɐn35	cit3 fan2	切粉
5581	十四、飲食（2）米食/湯粉	湯粉	汤粉	tʰɔŋ55 fɐn35	tong1 fan2	湯粉，帶湯的米粉
5582	十四、飲食（2）米食/涼拌粉	乾撈粉	干捞粉	kɔn55 lu55 fɐn35	gon1 lu1 fan2	乾撈粉，涼拌的米粉，常見的有南寧乾撈粉、賓陽酸粉、橫縣酥肉酸粉、桂林滷菜粉等
5583	十四、飲食（2）米食/南寧乾撈粉	南寧乾撈粉	南宁干捞粉	nam21 neŋ21 kɔn55 lu55 fɐn35	naam4 ning4 gon1 lu1 fan2	南寧乾撈粉，用料多爲叉燒、肉末、蔥花、黃瓜絲、豆芽、花生等，醬汁以酸甜味爲主
5584	十四、飲食（2）米食/老友粉	老友粉	老友粉	lu24 jɐu24 fɐn35	lu5 jau5 fan2	老友粉，南寧的一種傳統美食，以切粉配以爆香的豆豉、酸筍、酸辣椒、蒜茸、豬肉片製成，前身爲老友麪
5585	十四、飲食（2）米食/八鮮粉	八鮮粉	八鲜粉	pɛt3 ɬin55 fɐn35	bet3 slin1 fan2	八鮮粉，南寧的一種傳統美食，以海味爲主的湯粉，用料有魷魚、蝦米、蠔豉、香菇、豬肉、牛肉、海蔘、滑雞等
5586	十四、飲食（2）米食/三鮮粉	三鮮粉	三鲜粉	ɬam55 ɬin55 fɐn35	slaam1 slin1 fan2	三鮮粉，一種湯粉，本地三鮮用料多爲豬肉、魷魚和鵪鶉蛋
5587	十四、飲食（2）米食/八珍粉	八珍粉	八珍粉	pɛt3 tʃɐn55 fɐn35	bet3 zan1 fan2	八珍粉，因老店叫仙池八珍粉麪而得名，用料有醉蛋（鮑魚汁、蟹肉汁和50度以上麴酒醃製的鵪鶉蛋）、魚角、蠔豉、魚丸、香菇、魷魚、滑肉、蝦米等
5588	十四、飲食（2）米食/牛肉湯粉	牛肉粉	牛肉粉	ŋɐu21 jʊk2 fɐn35	ngau4 juk6 fan2	牛肉湯粉，新華街清真寺常見的湯粉
5589	十四、飲食（2）米食/羊肉湯粉	羊肉粉	羊肉粉	jœŋ21 jʊk2 fɐn35	joeng4 juk6 fan2	羊肉湯粉，新華街清真寺常見的湯粉
5590	十四、飲食（2）米食/雞肉湯粉	雞肉粉	鸡肉粉	kɐi55 jʊk2 fɐn35	gai1 juk6 fan2	雞肉湯粉，21世紀初傳入南寧，憑祥、龍州等地流行，據說最先從越南傳過來，見2009年嚴風華《四季飄香：南寧飲食文化尋蹤》P55
5591	十四、飲食（2）米食/酸粉	酸粉	酸粉	ɬyn55 fɐn35	slyun1 fan2	酸粉，常見的有賓陽酸粉、橫縣酥肉酸粉等
5592	十四、飲食（2）米食/賓陽酸粉	賓陽酸粉	宾阳酸粉	pɐn55 jœŋ21 ɬyn55 fɐn35	ban1 joeng4 slyun1 fan2	賓陽酸粉，屬於乾撈粉的一種，起源於賓陽縣，用料多爲叉燒、牛肉羓、炸波肉、炸灌風腸、酸黃瓜、炸花生等，醬汁以酸味爲主，見2009年嚴風華《四季飄香：南寧飲食文化尋蹤》P54-55
5593	十四、飲食（2）米食/炒粉	炒粉	炒粉	tʃʰɛu35 fɐn35	ceu2 fan2	炒粉
5594	十四、飲食（2）米食/肉粉	肉粉	肉粉	jʊk2 fɐn35	juk6 fan2	肉粉
5595	十四、飲食（2）米食/素粉	素粉	素粉	ɬu33 fɐn35	slu3 fan2	素粉，沒肉的米粉，舊時四分錢一兩素粉稱「細素」，八分錢二兩素粉稱「大素」
5596	十四、飲食（2）米食/大素	大素	大素	tai22 ɬu33	daai6 slu3	大素，大碗素粉，舊時稱四分錢的一兩素粉
5597	十四、飲食（2）米食/小素	細素	细素	ɬɐi33 ɬu33	slai3 slu3	小素，小碗素粉，舊時稱八分錢的二兩素粉
5598	十四、飲食（2）米食/乾米粉	乾粉	干粉	kɔn55 fɐn35	gon1 fan2	乾米粉
5599	十四、飲食（2）米食/扁粉	扁粉	扁粉	pɛn35 fɐn35	ben2 fan2	扁粉，扁條狀米粉
5600	十四、飲食（2）米食/圓粉	圓粉	圆粉	jyn21 fɐn35	jyun4 fan2	圓粉，圓條狀米粉
5601	十四、飲食（2）米食/粉餃	粉餃	粉饺	fɐn35 kau35	fan2 gaau2	粉餃1.1，以米粉作皮包上肉餡的餃子，粉餃皮傳統上用油粘細米，餡心除豬肉外，還有馬蹄或涼薯、蓮藕等，食用時配黃皮醬、海鮮醬、醋或醬油，見1985年《廣西特產風味指南》P191-192和1982年《南寧旅遊手冊》P83-84
5602	十四、飲食（2）米食/粉餃	粉餃	粉饺	fɐn35 kɛu35	fan2 geu2	粉餃1.2
5603	十四、飲食（2）米食/粉餃	粉角	粉角	fɐn35 kɔk3	fan2 gok3	粉餃2，較大，呈三角形，餡料多爲豬肉、馬蹄、紅蘿蔔絲、木耳、涼薯等，粉皮薄透，舊時還使用郊區橫塘、心墟一帶出產的「油粘細米」，見2009年嚴風華《四季飄香：南寧飲食文化尋蹤》P84
5604	十四、飲食（2）米食/粉蟲	粉蟲	粉虫	fɐn35 tʃʰʊŋ21	fan2 cung4	粉蟲，本地傳統小吃，將秈米磨漿蒸糰後，在簸箕搓成一根根兩頭尖中間圓帶螺紋的長條而成，形似蟲得名
5605	十四、飲食（2）米食/老友炒粉蟲	老友炒粉蟲	老友炒粉虫	lu24 jɐu24 tʃʰɛu35 fɐn35 tʃʰʊŋ21	lu5 jau5 ceu2 fan2 cung4	老友炒粉蟲，一道家常菜
5606	十四、飲食（2）米食/粉利	粉利	粉利	fɐn35 li22	fan2 li6	粉利，用大米細磨成漿，灌模成小圓柱狀蒸八分熟，取出晾乾而成，吃時，配上豬肉、青菜，煎、炒、煮均可，見1982年《南寧旅遊手冊》P84
5607	十四、飲食（2）米食/腸粉	捲筒粉	卷筒粉	kyn35 tʰʊŋ21 fɐn35	gyun2 tung4 fan2	腸粉1，粉皮厚，餡料多爲豬肉、雞蛋、豆角、木耳等，一般配醬油、黃皮醬、番茄醬、花生醬、甜辣醬等其中之一二調味，見2009年嚴風華《四季飄香：南寧飲食文化尋蹤》P52-54和1982年《南寧旅遊手冊》P84
5608	十四、飲食（2）米食/腸粉	捲粉	卷粉	kyn35 fɐn35	gyun2 fan2	腸粉2，同「捲筒粉」，也指沒有餡，切塊直接淋汁的腸粉
5609	十四、飲食（2）米食/腸粉	腸粉	肠粉	tʃʰœŋ21 fɐn35	coeng4 fan2	腸粉3，粉皮薄，餡料多爲豬肉、牛肉、鮮蝦等，一般配醬油
5610	十四、飲食（2）米食/紅米腸	紅腸	红肠	hʊŋ21 tʃʰœŋ21	hung4 coeng4	紅米腸，腸粉的一種，早茶常見
5611	十四、飲食（2）米食/年糕	年糕	年糕	nin21 ku55	nin4 gu1	年糕，南寧傳統年糕一般加入紅糖，有金魚、元寶、福字等造型，過年過節常見
5612	十四、飲食（2）米食/糖糕	糖糕	糖糕	tʰɔŋ21 ku55	tong4 gu1	糖糕，統稱用糕粉發酵做成的糕，加有糖、青絲、桂圓等
5613	十四、飲食（2）米食/發糕	發糕	发糕	fat3 ku55	faat3 gu1	發糕，用麪粉、米粉等發酵做成的糕，略帶發酵後的微酸味，氣孔較大，一般加白糖或紅糖
5614	十四、飲食（2）米食/燉粉糕	燉粉糕	炖粉糕	tɐn22 fɐn35 ku55	dan6 fan2 gu1	燉粉糕1.1
5615	十四、飲食（2）米食/燉粉糕	燉粉糕	炖粉糕	tɐn33 fɐn35 ku55	dan3 fan2 gu1	燉粉糕1.2
5616	十四、飲食（2）米食/蘿蔔糕	蘿蔔糕	萝卜糕	lɔ21 pak2 ku55	lo4 baak6 gu1	蘿蔔糕，用秈米粉加蘿蔔絲、臘肉、蝦米等蒸成的糕，常煎至兩面金黃外脆內軟食用
5617	十四、飲食（2）米食/芋頭糕	芋頭糕	芋头糕	wu22 tʰɐu21 ku55	wu6 tau4 gu1	芋頭糕，秈米粉與芋頭碎做成的糕
5618	十四、飲食（2）米食/馬蹄糕	馬蹄糕	马蹄糕	ma24 tʰɐi21 ku55	maa5 tai4 gu1	馬蹄糕，用荸薺粉製成的半透明膠狀糕
5619	十四、飲食（2）米食/紅豆馬蹄糕	紅豆馬蹄糕	红豆马蹄糕	hʊŋ21 tɐu22 ma24 tʰɐi21 ku55	hung4 dau6 maa5 tai4 gu1	紅豆馬蹄糕，馬蹄糕的一種，以紅豆和荸薺粉製成的半透明膠狀糕
5620	十四、飲食（2）米食/綠豆馬蹄糕	綠豆馬蹄糕	绿豆马蹄糕	lʊk2 tɐu22 ma24 tʰɐi21 ku55	luk6 dau6 maa5 tai4 gu1	綠豆馬蹄糕，馬蹄糕的一種，以綠豆和荸薺粉製成的半透明膠狀糕
5621	十四、飲食（2）米食/九層糕	九層糕	九层糕	kɐu35 tʃʰɐŋ21 ku55	gau2 cang4 gu1	九層糕，傳統糕點，一般分九層
5622	十四、飲食（2）米食/千層糕	千層糕	千层糕	tʃʰin55 tʃʰɐŋ21 ku55	cin1 cang4 gu1	千層糕，印尼糕點，由印尼華僑引入南寧，以木薯葉、椰漿等爲原料，添加斑斕葉等印尼特色香料製成，也叫「印尼九層糕」
5623	十四、飲食（2）米食/黃金糕	黃金糕	黄金糕	wɔŋ21 kɐm55 ku55	wong4 gam1 gu1	黃金糕，印尼糕點，由印尼華僑引入南寧，本名「蜂窩糕」
5624	十四、飲食（2）米食/長壽糕	長壽糕	长寿糕	tʃʰœŋ21 ʃɐu22 ku55	coeng4 sau6 gu1	長壽糕，印尼糕點，由印尼華僑引入南寧，內餡爲椰茸，外形爲烏龜貌，龜背刻有「壽」字，也叫「烏龜糕」
5625	十四、飲食（2）米食/西米糕	西米糕	西米糕	ɬɐi55 mɐi24 ku55	slai1 mai5 gu1	西米糕，東南亞糕點，由印尼華僑引入南寧，以西米、斑斕葉、玉米和椰漿爲原料製成，形似方形燈盞，也叫「椰汁西米糕」
5626	十四、飲食（2）米食/倫教糕	倫教糕	伦教糕	lɐn21 kau33 ku55	lan4 gaau3 gu1	倫教糕1.1，以秈米粉、白糖、小蘇打、生油和麪種等爲原料經發酵蒸製而成，呈白色或淡黃色，源自順德倫教鎮得名，南寧水街也有，做法見1987年高光明《烹飪指南》P342
5627	十四、飲食（2）米食/倫教糕	倫教糕	伦教糕	lyn21 kau33 ku55	lyun4 gaau3 gu1	倫教糕1.2
5628	十四、飲食（2）米食/白糖糕（白糖鬆糕）	白糖糕	白糖糕	pak2 tʰɔŋ21 ku55	baak6 tong4 gu1	白糖糕（也叫白糖鬆糕），以秈米粉、白糖、小蘇打和麪種等爲原料經發酵蒸製而成，呈白色，做法見1987年高光明《烹飪指南》P343
5629	十四、飲食（2）米食/紅豆糕	紅豆糕	红豆糕	hʊŋ21 tɐu22 ku55	hung4 dau6 gu1	紅豆糕，統稱主原料爲紅豆的糕，有時也指「紅豆馬蹄糕」
5630	十四、飲食（2）米食/綠豆糕	綠豆糕	绿豆糕	lʊk2 tɐu22 ku55	luk6 dau6 gu1	綠豆糕，統稱主原料爲綠豆的糕，有時也指「綠豆馬蹄糕」
5631	十四、飲食（2）米食/越南綠豆糕	越南綠豆糕	越南绿豆糕	jyt2 nam21 lʊk2 tɐu22 ku55	jyut6 naam4 luk6 dau6 gu1	越南綠豆糕，綠豆糕的一種，在中國最出名的是黃龍牌
5632	十四、飲食（2）米食/鉢崽糕	鉢崽糕	钵崽糕	put3 tʃɐi35 ku55	but3 zai2 gu1	鉢崽糕，用小鉢蒸的發麪糕
5633	十四、飲食（2）米食/鉢仔糕	鉢仔糕	钵仔糕	put3 tʃɐi35 ku55	but3 zai2 gu1	鉢仔糕，同「鉢崽糕」
5634	十四、飲食（2）米食/鯉魚糕	鯉魚糕	鲤鱼糕	li24 jy21 ku55	li5 jyu4 gu1	鯉魚糕，一種失傳糕點，有句童謠：「買就來，買就來，冇買就雞啼，鯉魚糕，鯉魚糕，食得肥嘟[nu55]嘟[nu55]」，但究竟是一種什麼糕點已無從攷證，用料、做法、造型、味道等已失傳
5635	十四、飲食（2）米食/餈粑	餈粑	糍粑	tʃʰi21 pa55	ci4 baa1	餈粑1.1
5636	十四、飲食（2）米食/餈粑	餈粑	糍粑	tsʰɿ21 pa55	cy4 baa1	餈粑1.2
5637	十四、飲食（2）米食/餈粑	餈粑䊦	糍粑䊦	tʃʰi21 pa55 ɛt3	ci4 baa1 et3	餈粑2.1
5638	十四、飲食（2）米食/餈粑	餈粑䊦	糍粑䊦	tsʰɿ21 pa55 ɛt3	cy4 baa1 et3	餈粑2.2
5639	十四、飲食（2）米食/蕉葉餈	蕉葉餈	蕉叶糍	tʃiu55 jip2 tʃʰi21	ziu1 jip6 ci4	蕉葉餈1.1，用芭蕉葉包裹糯米製成的餈粑，有鹹、甜兩大類，見1985年《廣西特產風味指南》P203-204
5640	十四、飲食（2）米食/蕉葉餈	蕉葉餈	蕉叶糍	tʃiu55 jip2 tsʰɿ21	ziu1 jip6 cy4	蕉葉餈1.2
5641	十四、飲食（2）米食/馬打滾（驢打滾兒）	馬打滾	马打滚	ma24 ta35 kʷɐn35	maa5 daa2 gwan2	馬打滾（北方叫驢打滾兒），一種傳統小吃，將糯米粉揉好後包以芝麻、花生、豆沙、糖等放入水中煮熟，撈起放在黃豆粉或綠豆粉中滾動，似馬打滾得名，有句俗語「家家馬打滾，處處香噴噴」，見2009年嚴風華《四季飄香：南寧飲食文化尋蹤》P81-83
5642	十四、飲食（2）米食/糯米雞	糯米雞	糯米鸡	nɔ22 mɐi24 kɐi55	no6 mai5 gai1	糯米雞
5643	十四、飲食（2）米食/脆皮糯米雞	脆皮糯米雞	脆皮糯米鸡	tʃʰui33 pʰi21 nɔ22 mɐi24 kɐi55	cui3 pi4 no6 mai5 gai1	脆皮糯米雞，1990年被評爲南寧風味菜點之一，見1990年飲食服務公司文件《關於申報企業升級風味菜點的批覆》
5644	十四、飲食（2）米食/糯米飯	糯米飯	糯米饭	nɔ22 mɐi24 fan22	no6 mai5 faan6	糯米飯1，城內及郊區漢族的糯米飯一般爲白糯米配黃豆、酸菜、香腸、扣肉等，鄉村少數民族的糯米飯一般爲五色糯米飯，見2009年嚴風華《四季飄香：南寧飲食文化尋蹤》P144-145
5645	十四、飲食（2）米食/糯米飯	糯飯	糯饭	nɔ22 fan22	no6 faan6	糯米飯2
5646	十四、飲食（2）米食/油炸鬼	油炸鬼	油炸鬼	jɐu21 tʃa33 kʷɐi35	jau4 zaa3 gwai2	油炸鬼1
5647	十四、飲食（2）米食/油炸鬼	油餈	油糍	jɐu21 tʃʰi21	jau4 ci4	油炸鬼2.1
5648	十四、飲食（2）米食/油炸鬼	油餈	油糍	jɐu21 tsʰɿ21	jau4 cy4	油炸鬼2.2
5649	十四、飲食（2）米食/麻花	麻花	麻花	ma21 fa55	maa4 faa1	麻花兒
5650	十四、飲食（2）米食/煎䭔（麻團）	煎䭔	煎𫗰	tʃin55 tui55	zin1 dui1	煎䭔1（麻團），一種傳統小吃，以加入糖漿的糯米粉作皮，豆沙作餡滾上芝麻製成的球狀油炸品，俗作「煎堆」
5651	十四、飲食（2）米食/煎䭔（麻團）	煎堆	煎堆	tʃin55 tui55	zin1 dui1	煎䭔1（麻團），同「煎䭔」
5652	十四、飲食（2）米食/煎䭔（麻團）	油䭔	油𫗰	jɐu21 tui55	jau4 dui1	煎䭔2（麻團），俗作「油堆」，義同「煎䭔」
5653	十四、飲食（2）米食/煎䭔（麻團）	油堆	油堆	jɐu21 tui55	jau4 dui1	煎䭔2（麻團），本字「油䭔」，義同「煎䭔」
5654	十四、飲食（2）米食/沙䭔（炸糯米餈）	沙䭔	沙𫗰	ʃa55 tui55	saa1 dui1	沙䭔1（炸糯米餈），一種傳統小吃，用糯米粉與油混合成的麪糰油炸後在表面滾上白糖粉製成，因形似銀髮老翁，也叫「沙翁」，做法見1987年高光明《烹飪指南》P335-336，俗作「沙堆」
5655	十四、飲食（2）米食/沙䭔（炸糯米餈）	沙堆	沙堆	ʃa55 tui55	saa1 dui1	沙䭔1（炸糯米餈），同「沙䭔」
5656	十四、飲食（2）米食/沙䭔（炸糯米餈）	沙翁	沙翁	ʃa55 jʊŋ55	saa1 jung1	沙䭔2.1（炸糯米餈）
5657	十四、飲食（2）米食/沙䭔（炸糯米餈）	沙翁	沙翁	ʃa55 ʊŋ55	saa1 ung1	沙䭔2.2（炸糯米餈）
5658	十四、飲食（2）米食/炸蛋球	炸蛋球	炸蛋球	tʃa33 tan22 kʰɐu21	zaa3 daan6 kau4	炸蛋球1，一種傳統小吃，以麪粉、雞蛋與豬油爲原料製成的蛋球油炸後在表面撒上白糖粉而成，做法見1987年高光明《烹飪指南》P331，與「沙䭔」不同，傳統沙䭔不用雞蛋
5659	十四、飲食（2）米食/炸蛋球	冰花鳳凰球	冰花凤凰球	peŋ55 fa55 fʊŋ22 wɔŋ21 kʰɐu21	bing1 faa1 fung6 wong4 kau4	炸蛋球2
5660	十四、飲食（2）米食/米花（米花糖）	米花	米花	mɐi24 fa55	mai5 faa1	米花1（米花糖），一種傳統小吃，用炒米花拌上糖漿冷卻凝結而成，切成塊狀
5661	十四、飲食（2）米食/米花（米花糖）	米花糖	米花糖	mɐi24 fa55 tʰɔŋ21	mai5 faa1 tong4	米花2（米花糖）
5662	十四、飲食（2）米食/米花（米花糖）	糖米花	糖米花	tʰɔŋ21 mɐi24 fa55	tong4 mai5 faa1	米花3（米花糖）
5663	十四、飲食（2）米食/薩其馬	薩騎馬	萨骑马	ɬat3 kʰɛ21 ma24	slaat3 ke4 maa5	薩其馬
5664	十四、飲食（3）麪食/麪粉	灰麪	灰面	fui55 min22	fui1 min6	麪粉1
5665	十四、飲食（3）麪食/麪粉	麪粉	面粉	min22 fɐn35	min6 fan2	麪粉2
5666	十四、飲食（3）麪食/麪粉	麥麪粉	麦面粉	mɐk2 min22 fɐn35	mak6 min6 fan2	麪粉3
5667	十四、飲食（3）麪食/精白麪	富強麪	富强面	fu33 kʰœŋ21 min22	fu3 koeng4 min6	精白麪，也叫「富強粉」
5668	十四、飲食（3）麪食/高筋麪粉	高筋麪	高筋面	ku55 kɐn55 min22	gu1 gan1 min6	高筋麪粉
5669	十四、飲食（3）麪食/中筋麪粉	中筋麪	中筋面	tʃʊŋ55 kɐn55 min22	zung1 gan1 min6	中筋麪粉
5670	十四、飲食（3）麪食/低筋麪粉	低筋麪	低筋面	tɐi55 kɐn55 min22	dai1 gan1 min6	低筋麪粉
5671	十四、飲食（3）麪食/糕粉	糕粉	糕粉	ku55 fɐn35	gu1 fan2	糕粉，即熟糯米粉，蒸糕點用
5672	十四、飲食（3）麪食/麪條兒	麪	面	min22	min6	麪條兒1
5673	十四、飲食（3）麪食/麪條兒	麪條	面条	min22 tʰiu21	min6 tiu4	麪條兒2
5674	十四、飲食（3）麪食/掛麪	麪	面	min22	min6	掛麪1
5675	十四、飲食（3）麪食/掛麪	麪條	面条	min22 tʰiu21	min6 tiu4	掛麪2
5676	十四、飲食（3）麪食/乾切麪	溼麪條	湿面条	ʃɐp5 min22 tʰiu21	sap1 min6 tiu4	乾切麪，機製的寬的乾麪條
5677	十四、飲食（3）麪食/湯麪	湯麪	汤面	tʰɔŋ55 min22	tong1 min6	湯麪，帶湯的麪條
5678	十四、飲食（3）麪食/涼拌麪	乾撈麪	干捞面	kɔn55 lu55 min22	gon1 lu1 min6	乾撈麪，涼拌的麪條
5679	十四、飲食（3）麪食/餛飩麪	餛飩麪	馄饨面	wɐn21 tʰɐn55 min22	wan4 tan1 min6	餛飩麪，俗作「雲吞麪」
5680	十四、飲食（3）麪食/雲吞麪	雲吞麪	云吞面	wɐn21 tʰɐn55 min22	wan4 tan1 min6	雲吞麪，同「餛飩麪」
5681	十四、飲食（3）麪食/老友麪	老友麪	老友面	lu24 jɐu24 min22	lu5 jau5 min6	老友麪，南寧的一種傳統美食，以溼麪條（最早使用鹼水麪）配以爆香的豆豉、酸筍、酸辣椒、蒜茸、碎牛肉、糖醋、麻油、胡椒粉製成，據說1939年前後由羨雅酒樓（即萬國大飯店的前身之一）的周端複大廚爲治食友的感冒而創製，1945年萬國大飯店開業後改用伊府蛋麪（即油炸過的全蛋麪條），20世紀50年代雖然南寧以米食爲主但切粉要手工加工，生產效率低，所以市面仍流行老友麪，到了20世紀60年代切粉加工流程纔逐步機械化，大約20世紀90年代初切粉在市場上的供應纔完全得到技術保證，故而老友粉於20世紀80年代初開始流行，用料改爲切粉、豬肉。見王允權《南寧老友麪》、廣西標準化協會《預包裝南寧老友麪加工技術規程》、2009年嚴風華《四季飄香：南寧飲食文化尋蹤》P49-52和1982年《南寧旅遊手冊》P83
5682	十四、飲食（3）麪食/素麪	素麪	素面	ɬu33 min22	slu3 min6	素麪，不放肉類葷油的麪
5683	十四、飲食（3）麪食/伊麪	伊麪	伊面	ji55 min22	ji1 min6	伊麪1，一種油炸過的麪條，全稱「伊府麪」
5684	十四、飲食（3）麪食/伊麪	伊府麪	伊府面	ji55 fu35 min22	ji1 fu2 min6	伊麪2
5685	十四、飲食（3）麪食/槓打麪	槓打麪	杠打面	kɔŋ33 ta35 min22	gong3 daa2 min6	槓打麪，南寧的一種傳統麪條，以竹槓壓成扁粗型的麪條製成，已罕見
5686	十四、飲食（3）麪食/方便麪	快餐麪	快餐面	fai33 tʃʰan55 min22	faai3 caan1 min6	方便麪
5687	十四、飲食（3）麪食/臊子（肉末）	肉碎	肉碎	jʊk2 ɬui33	juk6 slui3	臊子（肉末）
5688	十四、飲食（3）麪食/麪片兒	麪片	面片	min22 pʰin33	min6 pin3	面片兒
5689	十四、飲食（3）麪食/麪疙瘩	雞頭子	鸡头子	kɐi55 tʰɐu21 tʃi35	gai1 tau4 zi2	麪疙瘩1.1
5690	十四、飲食（3）麪食/麪疙瘩	雞頭子	鸡头子	kɐi55 tʰɐu21 tsɿ35	gai1 tau4 zy2	麪疙瘩1.2
5691	十四、飲食（3）麪食/麪疙瘩	麪疙𤶠	面疙𤶠	min22 kɐt5 na55	min6 gat1 naa1	麪疙瘩2
5692	十四、飲食（3）麪食/饅頭	饅頭	馒头	man22 tʰɐu21	maan6 tau4	饅頭，沒餡的
5693	十四、飲食（3）麪食/包子	包	包	pau55	baau1	包子1.1，有餡的
5694	十四、飲食（3）麪食/包子	包	包	pɛu55	beu1	包子1.2，有餡的
5695	十四、飲食（3）麪食/叉燒包	叉燒包	叉烧包	tʃʰa55 ʃiu55 pau55	caa1 siu1 baau1	叉燒包1.1
5696	十四、飲食（3）麪食/叉燒包	叉燒包	叉烧包	tʃʰa55 ʃiu55 pɛu55	caa1 siu1 beu1	叉燒包1.2
5697	十四、飲食（3）麪食/水晶包	水晶包	水晶包	ʃui35 tʃeŋ55 pau55	sui2 zing1 baau1	水晶包1.1
5698	十四、飲食（3）麪食/水晶包	水晶包	水晶包	ʃui35 tʃeŋ55 pɛu55	sui2 zing1 beu1	水晶包1.2
5699	十四、飲食（3）麪食/奶黃包	奶黃包	奶黄包	nai24 wɔŋ21 pau55	naai5 wong4 baau1	奶黃包1.1
5700	十四、飲食（3）麪食/奶黃包	奶黃包	奶黄包	nai24 wɔŋ21 pɛu55	naai5 wong4 beu1	奶黃包1.2
5701	十四、飲食（3）麪食/生煎包	生煎包	生煎包	ʃaŋ55 tʃin55 pau55	saang1 zin1 baau1	生煎包1.1
5702	十四、飲食（3）麪食/生煎包	生煎包	生煎包	ʃaŋ55 tʃin55 pɛu55	saang1 zin1 beu1	生煎包1.2
5703	十四、飲食（3）麪食/糯米包	糯米包	糯米包	nɔ22 mɐi24 pau55	no6 mai5 baau1	糯米包1.1
5704	十四、飲食（3）麪食/糯米包	糯米包	糯米包	nɔ22 mɐi24 pɛu55	no6 mai5 beu1	糯米包1.2
5705	十四、飲食（3）麪食/豆沙包	豆沙包	豆沙包	tɐu22 ʃa55 pau55	dau6 saa1 baau1	豆沙包1.1
5706	十四、飲食（3）麪食/豆沙包	豆沙包	豆沙包	tɐu22 ʃa55 pɛu55	dau6 saa1 beu1	豆沙包1.2
5707	十四、飲食（3）麪食/豆蓉包	豆蓉包	豆蓉包	tɐu22 jʊŋ21 pau55	dau6 jung4 baau1	豆蓉包1.1
5708	十四、飲食（3）麪食/豆蓉包	豆蓉包	豆蓉包	tɐu22 jʊŋ21 pɛu55	dau6 jung4 beu1	豆蓉包1.2
5709	十四、飲食（3）麪食/豬油包	豬油包	猪油包	tʃy55 jɐu21 pau55	zyu1 jau4 baau1	豬油包1.1
5710	十四、飲食（3）麪食/豬油包	豬油包	猪油包	tʃy55 jɐu21 pɛu55	zyu1 jau4 beu1	豬油包1.2
5711	十四、飲食（3）麪食/豬油豆沙包	豬油豆沙包	猪油豆沙包	tʃy55 jɐu21 tɐu22 ʃa55 pau55	zyu1 jau4 dau6 saa1 baau1	豬油豆沙包1.1，1990年被評爲南寧風味菜點之一，見1990年飲食服務公司文件《關於申報企業升級風味菜點的批覆》
5712	十四、飲食（3）麪食/豬油豆沙包	豬油豆沙包	猪油豆沙包	tʃy55 jɐu21 tɐu22 ʃa55 pɛu55	zyu1 jau4 dau6 saa1 beu1	豬油豆沙包1.2
5713	十四、飲食（3）麪食/小籠包	小籠包	小笼包	ɬiu35 lʊŋ21 pau55	sliu2 lung4 baau1	小籠包1.1
5714	十四、飲食（3）麪食/小籠包	小籠包	小笼包	ɬiu35 lʊŋ21 pɛu55	sliu2 lung4 beu1	小籠包1.2
5715	十四、飲食（3）麪食/小籠包	天津包	天津包	tʰin55 tʃɐn55 pau55	tin1 zan1 baau1	小籠包2.1
5716	十四、飲食（3）麪食/小籠包	天津包	天津包	tʰin55 tʃɐn55 pɛu55	tin1 zan1 beu1	小籠包2.2
5717	十四、飲食（3）麪食/小籠包	天津包	天津包	tʰin55 tʃyn55 pau55	tin1 zyun1 baau1	小籠包2.3
5718	十四、飲食（3）麪食/小籠包	天津包	天津包	tʰin55 tʃyn55 pɛu55	tin1 zyun1 beu1	小籠包2.4
5719	十四、飲食（3）麪食/灌湯包	湯包	汤包	tʰɔŋ55 pau55	tong1 baau1	灌湯包1.1，形似小籠包，而其餡飽含肉湯，故稱
5720	十四、飲食（3）麪食/灌湯包	湯包	汤包	tʰɔŋ55 pɛu55	tong1 beu1	灌湯包1.2
5721	十四、飲食（3）麪食/雞球大包	雞球大包	鸡球大包	kɐi55 kʰɐu21 tai22 pau55	gai1 kau4 daai6 baau1	雞球大包1.1，一種傳統麪點，用雞肉作餡做成的大包子，南寧萬國酒家的經典麪點之一
5722	十四、飲食（3）麪食/雞球大包	雞球大包	鸡球大包	kɐi55 kʰɐu21 tai22 pɛu55	gai1 kau4 daai6 beu1	雞球大包1.2
5723	十四、飲食（3）麪食/肉包	肉包	肉包	jʊk2 pau55	juk6 baau1	肉包1.1，統稱
5724	十四、飲食（3）麪食/肉包	肉包	肉包	jʊk2 pɛu55	juk6 beu1	肉包1.2
5725	十四、飲食（3）麪食/菜包	菜包	菜包	tʃʰɔi33 pau55	coi3 baau1	菜包1.1，統稱
5726	十四、飲食（3）麪食/菜包	菜包	菜包	tʃʰɔi33 pɛu55	coi3 beu1	菜包1.2
5727	十四、飲食（3）麪食/麪包	麪包	面包	min22 pau55	min6 baau1	麪包1.1，統稱
5728	十四、飲食（3）麪食/麪包	麪包	面包	min22 pɛu55	min6 beu1	麪包1.2
5729	十四、飲食（3）麪食/菠蘿包	菠蘿包	菠萝包	pɔ55 lɔ21 pau55	bo1 lo4 baau1	菠蘿包1.1，酥皮麪包的一種
5730	十四、飲食（3）麪食/菠蘿包	菠蘿包	菠萝包	pɔ55 lɔ21 pɛu55	bo1 lo4 beu1	菠蘿包1.2
5731	十四、飲食（3）麪食/枕頭包	枕頭包	枕头包	tʃɐm35 tʰɐu21 pau55	zam2 tau4 baau1	枕頭包1.1，方形長條麪包，形似枕頭得名
5732	十四、飲食（3）麪食/枕頭包	枕頭包	枕头包	tʃɐm35 tʰɐu21 pɛu55	zam2 tau4 beu1	枕頭包1.2
5733	十四、飲食（3）麪食/吐司	多士	多士	do1 si2	do1 si2	吐司1.1，英語toast，老派用法
5734	十四、飲食（3）麪食/吐司	多士	多士	do1 sy2	do1 sy2	吐司1.2，英語toast，老派用法
5735	十四、飲食（3）麪食/手撕包	手撕包	手撕包	ʃɐu35 ʃi55 pau55	sau2 si1 baau1	手撕包1.1
5736	十四、飲食（3）麪食/手撕包	手撕包	手撕包	ʃɐu35 sɿ55 pau55	sau2 sy1 baau1	手撕包1.2
5737	十四、飲食（3）麪食/餐包	餐包	餐包	tʃʰan55 pau55	caan1 baau1	餐包，以麪粉、牛奶、牛油等原料製作的西式發酵麪點
5738	十四、飲食（3）麪食/墨西哥餐包	墨西哥餐包	墨西哥餐包	mɐk2 ɬɐi55 kɔ55 tʃʰan55 pau55	mak6 slai1 go1 caan1 baau1	墨西哥餐包，1989年荔園食品廠的糕點之一
5739	十四、飲食（3）麪食/蛋奶餐包	蛋奶餐包	蛋奶餐包	tan22 nai24 tʃʰan55 pau55	daan6 naai5 caan1 baau1	蛋奶餐包，1989年荔園食品廠的糕點之一
5740	十四、飲食（3）麪食/包包子	做包	做包	tʃu33 pau55	zu3 baau1	包包子，做包子或做麪包
5741	十四、飲食（3）麪食/油條	油條	油条	jɐu21 tʰiu21	jau4 tiu4	油條1
5742	十四、飲食（3）麪食/油條	油炸鬼	油炸鬼	jɐu21 tʃa33 kʷɐi35	jau4 zaa3 gwai2	油條2
5743	十四、飲食（3）麪食/油條	油㷹鬼	油㷹鬼	jɐu21 tʃɛu33 kʷɐi35	jau4 zeu3 gwai2	油條3.1，舊稱
5744	十四、飲食（3）麪食/油條	油㷹鬼	油㷹鬼	jɐu21 tʃau33 kʷɐi35	jau4 zaau3 gwai2	油條3.2，舊稱
5745	十四、飲食（3）麪食/燒餅	燒餅	烧饼	ʃiu55 pɛŋ35	siu1 beng2	燒餅
5746	十四、飲食（3）麪食/烙餅	煎餅	煎饼	tʃin55 pɛŋ35	zin1 beng2	烙餅1
5747	十四、飲食（3）麪食/烙餅	餺鐺	馎铛	pɔk3 tʃʰaŋ55	bok3 caang1	烙餅2
5748	十四、飲食（3）麪食/烙餅	薄鐺	薄铛	pɔk2 tʃʰaŋ55	bok6 caang1	烙餅3，同「餺鐺」，「薄」爲「餺」的音變
5749	十四、飲食（3）麪食/酥餅	酥餅	酥饼	ɬu55 pɛŋ35	slu1 beng2	酥餅，統稱酥脆的餅
5750	十四、飲食（3）麪食/花卷兒	花卷	花卷	fa55 kyn35	faa1 gyun2	花卷兒
5751	十四、飲食（3）麪食/春卷兒	腰卷	腰卷	jiu55 kyn35	jiu1 gyun2	春卷兒1
5752	十四、飲食（3）麪食/春卷兒	春卷	春卷	tʃʰɐn55 kyn35	can1 gyun2	春卷兒2.1
5753	十四、飲食（3）麪食/春卷兒	春卷	春卷	tʃʰyn55 kyn35	cyun1 gyun2	春卷兒2.2
5754	十四、飲食（3）麪食/印尼春卷	印尼春卷	印尼春卷	jɐn33 ni21 tʃʰɐn55 kyn35	jan3 ni4 can1 gyun2	印尼春卷1.1，印尼傳統麪點，由印尼華僑引入南寧
5755	十四、飲食（3）麪食/印尼春卷	印尼春卷	印尼春卷	jɐn33 ni21 tʃʰyn55 kyn35	jan3 ni4 cyun1 gyun2	印尼春卷1.2
5756	十四、飲食（3）麪食/椰絲卷	椰絲卷	椰丝卷	jɛ21 ʃi55 kyn35	je4 si1 gyun2	椰絲卷1.1，印尼傳統麪點，由印尼華僑引入南寧，外皮呈斑斕葉的綠色，內餡爲椰絲
5757	十四、飲食（3）麪食/椰絲卷	椰絲卷	椰丝卷	jɛ21 sɿ55 kyn35	je4 sy1 gyun2	椰絲卷1.2
5758	十四、飲食（3）麪食/泡芙	泡芙	泡芙	pʰau33 fu21	paau3 fu4	泡芙，英語puff，一種源自意大利的甜點
5759	十四、飲食（3）麪食/蛋奶酥	疏芙哩	疏芙哩	ʃɔ55 fu21 li55	so1 fu4 li1	蛋奶酥（又叫舒芙蕾），一種源自法國的烘培麪點，法語Soufflé，20世紀60年代南寧新生園飯店有提供
5760	十四、飲食（3）麪食/酥角	酥角	酥角	ɬu55 kɔk3	slu1 gok3	酥角，一種傳統麪點，形如餃子的油炸食品，也稱「油角」
5761	十四、飲食（3）麪食/雞粒酥角	雞粒酥角	鸡粒酥角	kɐi55 nɐp5 ɬu55 kɔk3	gai1 nap1 slu1 gok3	雞粒酥角，酥角的一種經典類型，舊時萬國酒家有製作
5762	十四、飲食（3）麪食/酥皮	酥皮	酥皮	ɬu55 pʰi21	slu1 pi4	酥皮，由水麪揉合油麪做成的點心皮，～麪包、～蛋撻、千層～
5763	十四、飲食（3）麪食/酥皮麪包	酥皮麪包	酥皮面包	ɬu55 pʰi21 min22 pau55	slu1 pi4 min6 baau1	酥皮麪包1.1，最常見的是菠蘿包
5764	十四、飲食（3）麪食/酥皮麪包	酥皮麪包	酥皮面包	ɬu55 pʰi21 min22 pɛu55	slu1 pi4 min6 beu1	酥皮麪包1.2
5765	十四、飲食（3）麪食/牡丹酥	牡丹酥	牡丹酥	mau24 tan55 ɬu55	maau5 daan1 slu1	牡丹酥，一種外形似牡丹花的傳統麪點
5766	十四、飲食（3）麪食/甘露酥	甘露酥	甘露酥	kɐm55 lu22 ɬu55	gam1 lu6 slu1	甘露酥，以低筋麪粉、白糖、黃油（或豬油）、雞蛋、臭粉和泡打粉等製成的一種傳統酥點，餡料有蓮蓉、紅豆沙等，表面金黃略帶裂紋，微塌呈山形，已罕見，做法見1987年高光明《烹飪指南》P323
5767	十四、飲食（3）麪食/蓮蓉甘露酥	蓮蓉甘露酥	莲蓉甘露酥	lin21 jʊŋ21 kɐm55 lu22 ɬu55	lin4 jung4 gam1 lu6 slu1	蓮蓉甘露酥，以蓮蓉作餡的甘露酥，已罕見，1989年荔園食品廠的糕點之一
5768	十四、飲食（3）麪食/桃酥	桃酥	桃酥	tʰu21 ɬu55	tu4 slu1	桃酥，一種傳統麪點，麪粉加油和糖烤製的酥餅，表面有裂紋
5769	十四、飲食（3）麪食/核桃酥（合桃酥）	核桃酥	核桃酥	hɐt2 tʰu21 ɬu55	hat6 tu4 slu1	核桃酥（又叫合桃酥），一種傳統麪點，麪粉加油、糖和核桃仁烤製的酥餅，鬆而易碎，做法見1987年高光明《烹飪指南》P323
5770	十四、飲食（3）麪食/千層酥皮（擘酥皮）	千層酥	千层酥	tʃʰin55 tʃʰɐŋ21 ɬu55	cin1 cang4 slu1	千層酥皮（擘酥皮），一種源自法國的點心，做法見1987年高光明《烹飪指南》P323-325
5771	十四、飲食（3）麪食/蛋黃酥	蛋黃酥	蛋黄酥	tan22 wɔŋ21 ɬu55	daan6 wong4 slu1	蛋黃酥，以小麥粉、黃油和鹹蛋黃爲主要原料製成的酥點
5772	十四、飲食（3）麪食/蓮蓉蛋黃酥	蓮蓉蛋黃酥	莲蓉蛋黄酥	lin21 jʊŋ21 tan22 wɔŋ21 ɬu55	lin4 jung4 daan6 wong4 slu1	蓮蓉蛋黃酥，以蓮蓉包裹鹹蛋黃作餡料的蛋黃酥
5773	十四、飲食（3）麪食/餃子	餃子	饺子	kau35 tʃi35	gaau2 zi2	餃子1.1
5774	十四、飲食（3）麪食/餃子	餃子	饺子	kau35 tsɿ35	gaau2 zy2	餃子1.2
5775	十四、飲食（3）麪食/餃子	餃子	饺子	kɛu35 tʃi35	geu2 zi2	餃子1.3
5776	十四、飲食（3）麪食/餃子	餃子	饺子	kɛu35 tsɿ35	geu2 zy2	餃子1.4
5777	十四、飲食（3）麪食/包餃子	包餃子	包饺子	pɛu55 kau35 tʃi35	beu1 gaau2 zi2	包餃子1.1
5778	十四、飲食（3）麪食/包餃子	包餃子	包饺子	pɛu55 kau35 tsɿ35	beu1 gaau2 zy2	包餃子1.2
5779	十四、飲食（3）麪食/包餃子	包餃子	包饺子	pɛu55 kɛu35 tʃi35	beu1 geu2 zi2	包餃子1.3
5780	十四、飲食（3）麪食/包餃子	包餃子	包饺子	pɛu55 kɛu35 tsɿ35	beu1 geu2 zy2	包餃子1.4
5781	十四、飲食（3）麪食/水餃	水餃	水饺	ʃui35 kau35	sui2 gaau2	水餃1.1
5782	十四、飲食（3）麪食/水餃	水餃	水饺	ʃui35 kɛu35	sui2 geu2	水餃1.2
5783	十四、飲食（3）麪食/蝦餃	蝦餃	虾饺	ha55 kau35	haa1 gaau2	蝦餃1.1
5784	十四、飲食（3）麪食/蝦餃	蝦餃	虾饺	ha55 kɛu35	haa1 geu2	蝦餃1.2
5785	十四、飲食（3）麪食/煎餃	煎餃	煎饺	tʃin55 kau35	zin1 gaau2	煎餃1.1
5786	十四、飲食（3）麪食/煎餃	煎餃	煎饺	tʃin55 kɛu35	zin1 geu2	煎餃1.2
5787	十四、飲食（3）麪食/煎餃	鍋貼	锅贴	kɔ55 tʰip3	go1 tip3	煎餃2
5788	十四、飲食（3）麪食/餡兒	心	心	ɬɐm55	slam1	餡兒
5789	十四、飲食（3）麪食/餛飩	餛飩	馄饨	wɐn21 tʰɐn55	wan4 tan1	餛飩，俗作「雲吞」
5790	十四、飲食（3）麪食/雲吞	雲吞	云吞	wɐn21 tʰɐn55	wan4 tan1	雲吞，同「餛飩」
5791	十四、飲食（3）麪食/包餛飩	包餛飩	包馄饨	pɛu55 wɐn21 tʰɐn55	beu1 wan4 tan1	包餛飩，俗作「包雲吞」
5792	十四、飲食（3）麪食/包雲吞	包雲吞	包云吞	pɛu55 wɐn21 tʰɐn55	beu1 wan4 tan1	包雲吞，同「包餛飩」
5793	十四、飲食（3）麪食/燒賣	燒賣	烧卖	ʃiu55 mai35	siu1 maai2	燒賣，統稱，做法有乾蒸（帶麪皮、無汁）和溼蒸（不帶麪皮、有汁）兩種
5794	十四、飲食（3）麪食/乾蒸燒賣	乾蒸燒賣	干蒸烧卖	kɔn55 tʃeŋ55 ʃiu55 mai35	gon1 zing1 siu1 maai2	乾蒸燒賣，統稱以乾蒸法（帶麪皮、無汁）做成的燒賣，不少人簡稱爲「乾蒸」，如「鮮蝦乾蒸燒賣」、「蟹肉瑤柱乾蒸燒賣」、「豬肉乾蒸燒賣」等
5795	十四、飲食（3）麪食/溼蒸燒賣	溼蒸燒賣	湿蒸烧卖	ʃɐp5 tʃeŋ55 ʃiu55 mai35	sap1 zing1 siu1 maai2	溼蒸燒賣，統稱以溼蒸法（不帶麪皮、有汁）做成的燒賣，如「牛肉丸燒賣」、「排骨燒賣」、「豬潤燒賣」等
5796	十四、飲食（3）麪食/百花乾蒸賣（鮮蝦乾蒸燒賣）	百花乾蒸賣	百花干蒸卖	pak3 fa55 kɔn55 tʃeŋ55 mai35	baak3 faa1 gon1 zing1 maai2	百花乾蒸賣（也叫鮮蝦乾蒸燒賣），1990年被評爲南寧風味菜點之一，見1990年飲食服務公司文件《關於申報企業升級風味菜點的批覆》
5797	十四、飲食（3）麪食/牛肉丸燒賣（陳皮牛肉燒賣）	牛肉丸燒賣	牛肉丸烧卖	ŋɐu21 jʊk2 jyn21 ʃiu55 mai35	ngau4 juk6 jyun4 siu1 maai2	牛肉丸燒賣（也叫陳皮牛肉燒賣），1990年被評爲南寧風味菜點之一，見1990年飲食服務公司文件《關於申報企業升級風味菜點的批覆》
5798	十四、飲食（3）麪食/蛋糕	蛋糕	蛋糕	tan22 ku55	daan6 gu1	蛋糕，統稱
5799	十四、飲食（3）麪食/裱花蛋糕	花蛋糕	花蛋糕	faa1 daan6 gu1	faa1 daan6 gu1	裱花蛋糕
5800	十四、飲食（3）麪食/奶油蛋糕	奶油蛋糕	奶油蛋糕	nai24 jɐu21 tan22 ku55	naai5 jau4 daan6 gu1	奶油蛋糕
5801	十四、飲食（3）麪食/蛋撻	蛋撻	蛋挞	tan22 tʰat3	daan6 taat3	蛋撻，統稱
5802	十四、飲食（3）麪食/牛油蛋撻	牛油蛋撻	牛油蛋挞	ŋɐu21 jɐu21 tan22 tʰat3	ngau4 jau4 daan6 taat3	牛油蛋撻
5803	十四、飲食（3）麪食/酥皮蛋撻	酥皮蛋撻	酥皮蛋挞	ɬu55 pʰi21 tan22 tʰat3	slu1 pi4 daan6 taat3	酥皮蛋撻
5804	十四、飲食（3）麪食/葡式蛋撻	葡式蛋撻	葡式蛋挞	pʰu21 ʃek5 tan22 tʰat3	pu4 sik1 daan6 taat3	葡式蛋撻
5805	十四、飲食（3）麪食/元宵	水圓	水圆	ʃui35 jyn21	sui2 jyun4	元宵
5806	十四、飲食（3）麪食/湯圓	水圓	水圆	ʃui35 jyn21	sui2 jyun4	湯圓
5807	十四、飲食（3）麪食/鹹湯圓	鹹水圓	咸水圆	hɛm21 ʃui35 jyn21	hem4 sui2 jyun4	鹹湯圓，本地常以豬肉、馬蹄、頭菜等爲餡料，個兒大，一般冬至或元宵節吃，今已罕見
5808	十四、飲食（3）麪食/甜湯圓	甜水圓	甜水圆	tʰim21 ʃui35 jyn21	tim4 sui2 jyun4	甜湯圓，本地常以花生、芝麻等爲餡料，配紅糖薑水，個兒小，一般冬至或元宵節吃
5809	十四、飲食（3）麪食/寬記京粉水圓	寬記京粉水圓	宽记京粉水圆	fun55 ki33 keŋ55 fɐn35 ʃui35 jyn21	fun1 gi3 ging1 fan2 sui2 jyun4	寬記京粉水圓，起源於民國三十三年（1945年）府門口的寬記京粉水圓店，原爲沿街叫賣，以心墟優質糯米磨漿瀝乾加上10%澱粉揉搓製皮，內包水晶、麻蓉或豆蓉餡製成，所用糖水爲「冰花白糖水」，即白糖滾水的溶液中加上雞蛋清過濾沉澱而成，見1998年《南寧市誌·綜合卷》P326或1988年《南寧文史資料·第3輯總第七輯》P128，今已不存
5810	十四、飲食（3）麪食/月餅	月餅	月饼	jyt2 pɛŋ35	jyut6 beng2	月餅
5811	十四、飲食（3）麪食/素月餅	素月	素月	ɬu33 jyt2	slu3 jyut6	素月餅，餡裏沒有肉的月餅
5812	十四、飲食（3）麪食/出籠包，隔夜餅	出籠包，隔夜餅	出笼包，隔夜饼	tʃʰyt5 lʊŋ21 pau55，kak3 jɛ22 pɛŋ35	cyut1 lung4 baau1，gaak3 je6 beng2	出籠包，隔夜餅，諺語，即包子要趁新鮮出籠吃而餅出爐後要隔夜再吃，比如廣式月餅含油多，經過烘烤後馬上吃餅皮很硬，隔兩三日後餅皮纔軟熟
5813	十四、飲食（3）麪食/餅乾	餅乾	饼干	pɛŋ35 kɔn55	beng2 gon1	餅乾，統稱
5814	十四、飲食（3）麪食/威化餅（維夫餅乾）	威化餅	威化饼	wɐi55 fa33 pɛŋ35	wai1 faa3 beng2	威化餅（維夫餅乾），英語wafer
5815	十四、飲食（3）麪食/西餅	西餅	西饼	ɬɐi55 pɛŋ35	slai1 beng2	西餅，西式糕點的統稱
5816	十四、飲食（3）麪食/福壽餅	福壽餅	福寿饼	fʊk5 ʃɐu22 pɛŋ35	fuk1 sau6 beng2	福壽餅，南寧的傳統餅食之一，以小麥粉、白糖、雞蛋等爲原料烘烤製成的硬餅，大小如象棋，印有「福」或「壽」字，常用於壽宴或進香
5817	十四、飲食（3）麪食/雞仔餅	雞崽餅	鸡崽饼	kɐi55 tʃɐi35 pɛŋ35	gai1 zai2 beng2	雞崽餅，一種以糖醃肉作餡的傳統餅食
5818	十四、飲食（3）麪食/雞仔餅	雞仔餅	鸡仔饼	kɐi55 tʃɐi35 pɛŋ35	gai1 zai2 beng2	雞仔餅，同「雞崽餅」
5819	十四、飲食（3）麪食/盲公餅	盲公餅	盲公饼	maŋ21 kʊŋ55 pɛŋ35	maang4 gung1 beng2	盲公餅，以糯米粉、花生、芝麻、豬肉等製成的甜餅，據傳由佛山的盲人何聲朝創製
5820	十四、飲食（3）麪食/大福餅	大福餅	大福饼	tai22 fʊk5 pɛŋ35	daai6 fuk1 beng2	大福餅，以小麥粉、白糖、雞蛋等製成的粉白色、鬆軟綿密的圓餅
5821	十四、飲食（3）麪食/粘米餅	粘米餅	粘米饼	tʃim55 mɐi24 pɛŋ35	zim1 mai5 beng2	粘米餅，也作「占米餅、尖米餅」
5822	十四、飲食（3）麪食/糯米餅	糯米餅	糯米饼	nɔ22 mɐi24 pɛŋ35	no6 mai5 beng2	糯米餅，糯米粉壓成的餅，由印有圖案的模具做成，春節用來待客或送禮
5823	十四、飲食（3）麪食/老婆餅	老婆餅	老婆饼	lu24 pʰɔ21 pɛŋ35	lu5 po4 beng2	老婆餅
5824	十四、飲食（3）麪食/綠豆餅	綠豆餅	绿豆饼	lʊk2 tɐu22 pɛŋ35	luk6 dau6 beng2	綠豆餅，統稱
5825	十四、飲食（3）麪食/酥皮綠豆餅	酥皮綠豆餅	酥皮绿豆饼	ɬu55 pʰi21 lʊk2 tɐu22 pɛŋ35	slu1 pi4 luk6 dau6 beng2	酥皮綠豆餅，綠豆餅的一種
5826	十四、飲食（3）麪食/杏仁餅	杏仁餅	杏仁饼	hɐŋ22 jɐn21 pɛŋ35	hang6 jan4 beng2	杏仁餅，綠豆餅的一種，添加有杏仁、花生、芝麻等
5827	十四、飲食（3）麪食/老友餅	老友餅	老友饼	lu24 jɐu24 pɛŋ35	lu5 jau5 beng2	老友餅，老字號荔園餅家近年（21世紀初）的新產品
5828	十四、飲食（3）麪食/油香餅	油餅	油饼	jɐu21 pɛŋ35	jau4 beng2	油香餅，一種油炸麪食，呈金黃色扁圓形，有蓬鬆軟厚的特點，新華街清真寺常見
5829	十四、飲食（3）麪食/芝麻餅	芝麻餅	芝麻饼	tʃi55 ma21 pɛŋ35	zi1 maa4 beng2	芝麻餅，一種表皮黏有芝麻的薄餅，多以紅薯爲餡，糯米粉作皮製成，橫縣、邕寧等地常見
5830	十四、飲食（3）麪食/沙糕	沙糕	沙糕	ʃa55 ku55	saa1 gu1	沙糕，以糯米粉、白糖、綠豆粉、芝麻等原料製成的糕，切成小塊包裝，因口感沙質得名
5831	十四、飲食（3）麪食/雲片糕	雲片糕	云片糕	wɐn21 pʰin33 ku55	wan4 pin3 gu1	雲片糕，用糯米粉、白糖、芝麻、核桃仁等製成的糕，切成長方形薄片，形似雲片得名
5832	十四、飲食（3）麪食/桂花糕	桂花糕	桂花糕	kʷɐi33 fa55 ku55	gwai3 faa1 gu1	桂花糕，用糯米粉、糖和桂花製成的糕，切成方塊形，桂林特產
5833	十四、飲食（3）麪食/馬拉糕	馬拉糕	马拉糕	ma24 lai55 ku55	maa5 laai1 gu1	馬拉糕，以麪粉、木薯粉、白糖、豬油、雞蛋等爲原料，發酵後蒸熟而成，甜味醇厚，氣孔較小
5834	十四、飲食（3）麪食/軟糕	軟糕	软糕	jyn24 ku55	jyun5 gu1	軟糕，用糯米粉、白糖、芝麻等製成的有夾層的糕，常切成圓角矩形塊，味甜形軟
5835	十四、飲食（3）麪食/牛耳朵	牛耳朵	牛耳朵	ŋɐu21 ji24 tɔ35	ngau4 ji5 do2	牛耳朵，用小麥粉、白糖、雞蛋等製成的餅，形似牛耳朵得名，現在也有叫「貓耳朵」
5836	十四、飲食（3）麪食/山楂餅	山楂餅	山楂饼	ʃan55 tʃa55 pɛŋ35	saan1 zaa1 beng2	山楂餅
5837	十四、飲食（3）麪食/開口棗（開口笑）	開口棗	开口枣	hɔi55 hɐu35 tʃu35	hoi1 hau2 zu2	開口棗1（開口笑），一種傳統小吃，以麪粉、糖爲原料製成球狀，表面滾上芝麻，油炸後裂開，做法見1987年高光明《烹飪指南》P337-338
5838	十四、飲食（3）麪食/開口棗（開口笑）	坼口棗	坼口枣	tʃʰak3 hɐu35 tʃu35	caak3 hau2 zu2	開口棗2（開口笑）
5839	十四、飲食（3）麪食/麻蛋棗	麻蛋棗	麻蛋枣	ma21 tan22 tʃu35	maa4 daan6 zu2	麻蛋棗
5840	十四、飲食（3）麪食/麻通	麻通	麻通	ma21 tʰʊŋ55	maa4 tung1	麻通，一種傳統小吃，圓筒形油炸麪食，外面黏有芝麻
5841	十四、飲食（3）麪食/炸角	㷹角	㷹角	tʃɛu33 kɔk3	zeu3 gok3	炸角
5842	十四、飲食（3）麪食/糖環	糖環	糖环	tʰɔŋ21 wan21	tong4 waan4	糖環1.1，一種用糯米粉加白糖做成交疊環狀的油炸甜麪食
5843	十四、飲食（3）麪食/糖環	糖環	糖环	tʰɔŋ21 wɛn21	tong4 wen4	糖環1.2
5844	十四、飲食（3）麪食/雞蛋饊（排叉兒）	蛋饊	蛋馓	tan22 ɬan35	daan6 slaan2	雞蛋饊（排叉兒），一種片狀油炸小吃，一般上面澆糖漿，做法見1987年高光明《烹飪指南》P332-333，俗作「蛋散」
5845	十四、飲食（3）麪食/雞蛋饊（排叉兒）	蛋散	蛋散	tan22 ɬan35	daan6 slaan2	雞蛋饊（排叉兒），同「蛋饊」
5846	十四、飲食（3）麪食/冰花雞蛋饊	冰花蛋饊	冰花蛋馓	peŋ55 fa55 tan22 ɬan35	bing1 faa1 daan6 slaan2	冰花雞蛋饊，指澆上糖漿的雞蛋饊，做法見1987年高光明《烹飪指南》P332-333，俗作「冰花蛋散」
5847	十四、飲食（3）麪食/冰花雞蛋饊	冰花蛋散	冰花蛋散	peŋ55 fa55 tan22 ɬan35	bing1 faa1 daan6 slaan2	冰花雞蛋饊，同「冰花蛋饊」
5848	十四、飲食（3）麪食/酵子	包種	包种	pɛu55 tʃʊŋ35	beu1 zung2	酵子1.1
5849	十四、飲食（3）麪食/酵子	包種	包种	pau55 tʃʊŋ35	baau1 zung2	酵子1.2
5850	十四、飲食（3）麪食/酵子	麪種	面种	min22 tʃʊŋ35	min6 zung2	酵子2
5851	十四、飲食（3）麪食/泡打粉	泡打粉	泡打粉	pʰɛu55 ta35 fɐn35	peu1 daa2 fan2	泡打粉1.1，英語powder
5852	十四、飲食（3）麪食/泡打粉	泡打粉	泡打粉	pʰau55 ta35 fɐn35	paau1 daa2 fan2	泡打粉1.2，英語powder
5853	十四、飲食（3）麪食/泡打粉	發粉	发粉	fat3 fɐn35	faat3 fan2	泡打粉2
5854	十四、飲食（3）麪食/酒麴	酒餅	酒饼	tʃɐu35 pɛŋ35	zau2 beng2	酒麴
5855	十四、飲食（4）肉、蛋/葷腥	葷腥	荤腥	wɐn55 ɬɛŋ55	wan1 sleng1	葷腥，指肉類
5856	十四、飲食（4）肉、蛋/肉丁	肉丁	肉丁	jʊk2 teŋ55	juk6 ding1	肉丁
5857	十四、飲食（4）肉、蛋/肉片	肉片	肉片	jʊk2 pʰin33	juk6 pin3	肉片
5858	十四、飲食（4）肉、蛋/肉絲	肉絲	肉丝	jʊk2 ʃi55	juk6 si1	肉絲1.1
5859	十四、飲食（4）肉、蛋/肉絲	肉絲	肉丝	jʊk2 sɿ55	juk6 sy1	肉絲1.2
5860	十四、飲食（4）肉、蛋/肉末	肉碎	肉碎	jʊk2 ɬui33	juk6 slui3	肉末
5861	十四、飲食（4）肉、蛋/肉皮	豬皮	猪皮	tʃy55 pʰi21	zyu1 pi4	肉皮1
5862	十四、飲食（4）肉、蛋/肉皮	西肚	西肚	ɬɐi55 tʰu24	slai1 tu5	肉皮2
5863	十四、飲食（4）肉、蛋/肉皮	肉皮	肉皮	jʊk2 pʰi21	juk6 pi4	肉皮3
5864	十四、飲食（4）肉、蛋/浮皮	浮皮	浮皮	fɐu21 pʰi21	fau4 pi4	浮皮，沙炒的豬皮
5865	十四、飲食（4）肉、蛋/豬腳凍	豬腳凍	猪脚冻	tʃy55 kœk3 tʊŋ33	zyu1 goek3 dung3	豬腳凍，一道傳統冷食菜
5866	十四、飲食（4）肉、蛋/豬腳薑	豬腳薑	猪脚姜	tʃy55 kœk3 kœŋ55	zyu1 goek3 goeng1	豬腳薑，一道傳統菜，以甜醋、雞蛋、老薑燉豬蹄製成，有祛寒暖身的作用，適合坐月子的產婦
5867	十四、飲食（4）肉、蛋/肉汁	肉汁	肉汁	jʊk2 tʃɐp5	juk6 zap1	肉汁兒
5868	十四、飲食（4）肉、蛋/肉鬆	肉鬆	肉松	jʊk2 ɬʊŋ55	juk6 slung1	肉鬆
5869	十四、飲食（4）肉、蛋/肉丸	肉丸	肉丸	jʊk2 jyn21	juk6 jyun4	肉丸
5870	十四、飲食（4）肉、蛋/雷公根肉丸湯	雷公根肉丸湯	雷公根肉丸汤	lui21 kʊŋ55 kɐn55 jʊk2 jyn21 tʰɔŋ55	lui4 gung1 gan1 juk6 jyun4 tong1	雷公根肉丸湯，一道特色菜
5871	十四、飲食（4）肉、蛋/豬肉丸	豬肉丸	猪肉丸	tʃy55 jʊk2 jyn21	zyu1 juk6 jyun4	豬肉丸
5872	十四、飲食（4）肉、蛋/牛肉丸	牛肉丸	牛肉丸	ŋɐu21 jʊk2 jyn21	ngau4 juk6 jyun4	牛肉丸
5873	十四、飲食（4）肉、蛋/牛肉乾	牛肉羓	牛肉羓	ŋɐu21 jʊk2 pa55	ngau4 juk6 baa1	牛肉乾，俗作「牛肉巴」
5874	十四、飲食（4）肉、蛋/牛肉乾	牛肉巴	牛肉巴	ŋɐu21 jʊk2 pa55	ngau4 juk6 baa1	牛肉乾，同「牛肉羓」
5875	十四、飲食（4）肉、蛋/陳皮牛肉	陳皮牛肉	陈皮牛肉	tʃʰɐn21 pʰi21 ŋɐu21 jʊk2	can4 pi4 ngau4 juk6	陳皮牛肉，一道傳統名菜
5876	十四、飲食（4）肉、蛋/肘子	圓蹄	圆蹄	jyn21 tʰɐi21	jyun4 tai4	肘子，豬腿靠近身體的部位
5877	十四、飲食（4）肉、蛋/紮蹄	紮蹄	扎蹄	tʃat3 tʰɐi21	zaat3 tai4	紮蹄，一種以豬腿爲原料的熟食
5878	十四、飲食（4）肉、蛋/豬蹄兒	豬腳	猪脚	tʃy55 kœk3	zyu1 goek3	豬蹄兒，統稱，有時也指豬後腿，與「豬手」相對
5879	十四、飲食（4）肉、蛋/豬前腿	前腳	前脚	tʃʰin21 kœk3	cin4 goek3	豬前腿1
5880	十四、飲食（4）肉、蛋/豬前腿	豬手	猪手	tʃy55 ʃɐu35	zyu1 sau2	豬前腿2
5881	十四、飲食（4）肉、蛋/豬後腿	後腳	后脚	hɐu22 kœk3	hau6 goek3	豬後腿
5882	十四、飲食（4）肉、蛋/蹄尖	豬腳蹀	猪脚蹀	tʃy55 kœk3 tɛp5	zyu1 goek3 dep1	蹄尖
5883	十四、飲食（4）肉、蛋/裏脊	脢肉	脢肉	mui21 jʊk2	mui4 juk6	裏脊1
5884	十四、飲食（4）肉、蛋/裏脊	腰脢	腰脢	jiu55 mui21	jiu1 mui4	裏脊2
5885	十四、飲食（4）肉、蛋/裏脊	扁擔肉	扁担肉	pɛn35 tam33 jʊk2	ben2 daam3 juk6	裏脊3，因形似扁擔得名
5886	十四、飲食（4）肉、蛋/前腿肉	前胛	前胛	tʃʰin21 kap3	cin4 gaap3	（豬牛羊）前腿肉1
5887	十四、飲食（4）肉、蛋/前腿肉	脢頭	脢头	mui21 tʰɐu21	mui4 tau4	（豬牛羊）前腿肉2
5888	十四、飲食（4）肉、蛋/後腿肉	後胛	后胛	hɐu22 kap3	hau6 gaap3	（豬牛羊）後腿肉1
5889	十四、飲食（4）肉、蛋/後腿肉	後腿肉	后腿肉	hɐu22 tʰui35 jʊk2	hau6 tui2 juk6	（豬牛羊）後腿肉2
5890	十四、飲食（4）肉、蛋/後臀肉	沙梨䐁	沙梨䐁	ʃa55 li21 tʊk5	saa1 li4 duk1	後臀肉
5891	十四、飲食（4）肉、蛋/隔山肉	隔山肉	隔山肉	kak3 ʃan55 jʊk2	gaak3 saan1 juk6	隔山肉，豬的胸膈膜上的瘦肉
5892	十四、飲食（4）肉、蛋/五花肉	五花腩	五花腩	ŋ̍24 fa55 nam24	ng5 faa1 naam5	五花肉1
5893	十四、飲食（4）肉、蛋/五花肉	五花	五花	ŋ̍24 fa55	ng5 faa1	五花肉2
5894	十四、飲食（4）肉、蛋/囊膪	泡囊肉	泡囊肉	pʰau55 nɔŋ55 jʊk2	paau1 nong1 juk6	囊膪，奶脯肉，即豬肚腩碰地部位的肉，一般用於煉油
5895	十四、飲食（4）肉、蛋/三角肉	不見天	不见天	pɐt5 kin33 tʰin55	bat1 gin3 tin1	三角肉，豬的前腿腋下的肉，呈三角形狀，廚師分檔取料時常見
5896	十四、飲食（4）肉、蛋/豬頸肉	腮巴肉	腮巴肉	ɬɔi55 pa55 jʊk2	sloi1 baa1 juk6	豬頸肉，用於製作粉蒸肉、回鍋肉、脆皮等
5897	十四、飲食（4）肉、蛋/豬中里肌肉	老鼠崽	老鼠崽	lu24 ʃy35 tʃɐi35	lu5 syu2 zai2	豬中里肌肉，喻稱，位於豬後腿內側，因形似小老鼠得名
5898	十四、飲食（4）肉、蛋/豬中里肌肉	老鼠仔	老鼠仔	lu24 ʃy35 tʃɐi35	lu5 syu2 zai2	豬中里肌肉，喻稱，位於豬後腿內側，因形似小老鼠得名，同「老鼠崽」
5899	十四、飲食（4）肉、蛋/蹄筋	筋	筋	kɐn55	gan1	蹄筋1
5900	十四、飲食（4）肉、蛋/蹄筋	豬腳筋	猪脚筋	tʃy55 kœk3 kɐn55	zyu1 goek3 gan1	蹄筋2
5901	十四、飲食（4）肉、蛋/牛舌頭	牛利	牛利	ŋɐu21 li22	ngau4 li6	牛舌頭，俗作「牛脷」
5902	十四、飲食（4）肉、蛋/牛舌頭	牛脷	牛脷	ŋɐu21 li22	ngau4 li6	牛舌頭，同「牛利」
5903	十四、飲食（4）肉、蛋/豬舌頭	豬利	猪利	tʃy55 li22	zyu1 li6	豬舌頭，俗作「豬脷」
5904	十四、飲食（4）肉、蛋/豬舌頭	豬脷	猪脷	tʃy55 li22	zyu1 li6	豬舌頭，同「豬利」
5905	十四、飲食（4）肉、蛋/豬胰臟	豬橫利	猪横利	tʃy55 waŋ21 li22	zyu1 waang4 li6	豬胰臟1，俗作「豬橫脷」，因其形似舌，故稱
5906	十四、飲食（4）肉、蛋/豬胰臟	豬橫脷	猪横脷	tʃy55 waŋ21 li22	zyu1 waang4 li6	豬胰臟1，同「豬橫利」，因其形似舌，故稱
5907	十四、飲食（4）肉、蛋/豬胰臟	橫利	横利	waŋ21 li22	waang4 li6	豬胰臟2，俗作「橫脷」，因其形似舌，故稱
5908	十四、飲食（4）肉、蛋/豬胰臟	橫脷	横脷	waŋ21 li22	waang4 li6	豬胰臟2，同「橫利」，因其形似舌，故稱
5909	十四、飲食（4）肉、蛋/（牛）腱子	牛蹍	牛蹍	ŋɐu21 tʃin35	ngau4 zin2	（牛）腱子1
5910	十四、飲食（4）肉、蛋/（牛）腱子	腱子肉	腱子肉	kin33 tʃi35 jʊk2	gin3 zi2 juk6	（牛）腱子2.1
5911	十四、飲食（4）肉、蛋/（牛）腱子	腱子肉	腱子肉	kin33 tsɿ35 jʊk2	gin3 zy2 juk6	（牛）腱子2.2
5912	十四、飲食（4）肉、蛋/下水	下水	下水	ha22 ʃui35	haa6 sui2	下水，畜禽內臟的統稱
5913	十四、飲食（4）肉、蛋/牛下水	牛䐆	牛䐆	ŋɐu21 tʃʰai35	ngau4 caai2	牛下水1
5914	十四、飲食（4）肉、蛋/牛下水	牛拉啦	牛拉啦	ŋɐu21 lap2 la21	ngau4 laap6 laa4	牛下水2
5915	十四、飲食（4）肉、蛋/豬下水	豬下水	猪下水	tʃy55 ha22 ʃui35	zyu1 haa6 sui2	豬下水
5916	十四、飲食（4）肉、蛋/肺	肺	肺	fɐi33	fai3	肺1
5917	十四、飲食（4）肉、蛋/肺	發	发	fat3	faat3	肺2
5918	十四、飲食（4）肉、蛋/豬肺	豬發	猪发	tʃy55 fat3	zyu1 faat3	豬肺1
5919	十四、飲食（4）肉、蛋/豬肺	豬肺	猪肺	tʃy55 fɐi33	zyu1 fai3	豬肺2
5920	十四、飲食（4）肉、蛋/腸	腸	肠	tʃʰœŋ21	coeng4	肠子
5921	十四、飲食（4）肉、蛋/腸子（豬的）	豬腸	猪肠	tʃy55 tʃʰœŋ21	zyu1 coeng4	豬的腸子，統稱
5922	十四、飲食（4）肉、蛋/大腸	大腸	大肠	tai22 tʃʰœŋ21	daai6 coeng4	大腸
5923	十四、飲食（4）肉、蛋/豬大腸	豬大腸	猪大肠	tʃy55 tai22 tʃʰœŋ21	zyu1 daai6 coeng4	豬大腸
5924	十四、飲食（4）肉、蛋/炒大腸	炒大腸	炒大肠	tʃʰɛu35 tai22 tʃʰœŋ21	ceu2 daai6 coeng4	炒大腸，豬大腸爲原料，一道家常菜
5925	十四、飲食（4）肉、蛋/油泡大腸	油泡大腸	油泡大肠	jɐu21 pʰau33 tai22 tʃʰœŋ21	jau4 paau3 daai6 coeng4	油泡大腸，豬大腸爲原料，一道家常菜，也叫「油浸大腸」
5926	十四、飲食（4）肉、蛋/三華李油泡大腸	三華李油泡大腸	三华李油泡大肠	ɬam55 wa21 li24 jɐu21 pʰau33 tai22 tʃʰœŋ21	slaam1 waa4 li5 jau4 paau3 daai6 coeng4	三華李油泡大腸，三華李和豬大腸爲原料，南寧的特色菜之一，也叫「三華李油浸大腸」
5927	十四、飲食（4）肉、蛋/蠔油大腸	蠔油大腸	蚝油大肠	hu21 jɐu21 tai22 tʃʰœŋ21	hu4 jau4 daai6 coeng4	蠔油大腸，豬大腸爲原料，既是一道傳統菜，也是一道家常菜
5928	十四、飲食（4）肉、蛋/小腸（豬的）	粉腸	粉肠	fɐn35 tʃʰœŋ21	fan2 coeng4	小腸（豬的）
5929	十四、飲食（4）肉、蛋/豬七寸	豬七寸	猪七寸	tʃy55 tʃʰɐt5 tʃʰyn33	zyu1 cat1 cyun3	豬七寸1，直腸靠近肛門的一截，用於製作假燒鵝、肥腸等
5930	十四、飲食（4）肉、蛋/豬七寸	七寸	七寸	tʃʰɐt5 tʃʰyn33	cat1 cyun3	豬七寸2，直腸靠近肛門的一截，用於製作假燒鵝、肥腸等
5931	十四、飲食（4）肉、蛋/豬肚	豬肚	猪肚	tʃy55 tʰu24	zyu1 tu5	豬肚
5932	十四、飲食（4）肉、蛋/豬肚仁	豬肚仁	猪肚仁	tʃy55 tʰu24 jɐn21	zyu1 tu5 jan4	豬肚仁1
5933	十四、飲食（4）肉、蛋/豬肚仁	豬肚椗	猪肚椗	tʃy55 tʰu24 tɛŋ33	zyu1 tu5 deng3	豬肚仁2
5934	十四、飲食（4）肉、蛋/炒豬肚	炒肚仁	炒肚仁	tʃʰɛu35 tʰu24 jɐn21	ceu2 tu5 jan4	炒豬肚，一道家常菜
5935	十四、飲食（4）肉、蛋/豬肚煲雞	豬肚雞	猪肚鸡	tʃy55 tʰu24 kɐi55	zyu1 tu5 gai1	豬肚煲雞，一道家常菜
5936	十四、飲食（4）肉、蛋/苦瓜豬肚湯	涼瓜豬肚湯	凉瓜猪肚汤	lœŋ21 kʷa55 tʃy55 tʰu24 tʰɔŋ55	loeng4 gwaa1 zyu1 tu5 tong1	苦瓜豬肚湯，一道家常菜
5937	十四、飲食（4）肉、蛋/豬尿泡	豬小肚	猪小肚	tʃy55 ɬiu35 tʰu24	zyu1 sliu2 tu5	豬尿泡
5938	十四、飲食（4）肉、蛋/豬油	豬油	猪油	tʃy55 jɐu21	zyu1 jau4	豬油
5939	十四、飲食（4）肉、蛋/板油	板油	板油	pan35 jɐu21	baan2 jau4	板油（豬的脂肪），用於煉油
5940	十四、飲食（4）肉、蛋/網油	網油	网油	mɔŋ24 jɐu21	mong5 jau4	網油（豬網油）
5941	十四、飲食（4）肉、蛋/網油炸腰卷	網油腰卷	网油腰卷	mɔŋ24 jɐu21 jiu55 kyn35	mong5 jau4 jiu1 gyun2	網油炸腰卷，南寧的一道傳統名菜，邕菜的代表之一，以豬網油包裹食材炸成春卷兒得名，舊名叫「白蟒佔龍宮」，爲「白網佔籠宮」的諧音，文革時曾被批判而改爲今名
5942	十四、飲食（4）肉、蛋/油渣	油渣	油渣	jɐu21 tʃa55	jau4 zaa1	油渣
5943	十四、飲食（4）肉、蛋/（豬的）腔骨	筒骨	筒骨	tʰʊŋ21 kʷɐt5	tung4 gwat1	（豬的）腔骨
5944	十四、飲食（4）肉、蛋/（豬的）排骨	排骨	排骨	pʰai21 kʷɐt5	paai4 gwat1	（豬的）排骨1，分大排、中排、細排（小排），通常說的排骨指細排（小排），即從豬頸骨數下去七節的部分
5945	十四、飲食（4）肉、蛋/（豬的）排骨	並骨	并骨	pʰɛŋ24 kʷɐt5	peng5 gwat1	（豬的）排骨2
5946	十四、飲食（4）肉、蛋/（豬的）小排	細排	细排	ɬɐi33 pʰai21	slai3 paai4	（豬的）小排，從豬的頸部數下去七節
5947	十四、飲食（4）肉、蛋/（豬的）沙骨	沙骨	沙骨	ʃa55 kʷɐt5	saa1 gwat1	（豬的）沙骨，常用來煲湯
5948	十四、飲食（4）肉、蛋/（豬的）尾骨	尾骨	尾骨	mi24 kʷɐt5	mi5 gwat1	（豬的）尾骨1
5949	十四、飲食（4）肉、蛋/（豬的）尾骨	尾龍骨	尾龙骨	mi24 lʊŋ21 kʷɐt5	mi5 lung4 gwat1	（豬的）尾骨2
5950	十四、飲食（4）肉、蛋/（豬的）扇骨	扇骨	扇骨	ʃin33 kʷɐt5	sin3 gwat1	（豬的）扇骨，豬臀部的骨頭，呈扇狀，常用來煲湯
5951	十四、飲食（4）肉、蛋/（豬的）千斤骨	千斤骨	千斤骨	tʃʰin55 kɐn55 kʷɐt5	cin1 gan1 gwat1	（豬的）千斤骨，豬身上用於掛起整隻豬的有洞的骨頭
5952	十四、飲食（4）肉、蛋/豬尾	豬尾	猪尾	tʃy55 mi24	zyu1 mi5	豬尾
5953	十四、飲食（4）肉、蛋/起骨	起骨	起骨	hi35 kʷɐt5	hi2 gwat1	起骨1，把骨頭取出
5954	十四、飲食（4）肉、蛋/起骨	剔骨	剔骨	tʰɛk3 kʷɐt5	tek3 gwat1	起骨2，把骨頭取出
5955	十四、飲食（4）肉、蛋/炸排骨	炸排骨	炸排骨	tʃa33 pʰai21 kʷɐt5	zaa3 paai4 gwat1	炸排骨，統稱
5956	十四、飲食（4）肉、蛋/蒸排骨	蒸排骨	蒸排骨	tʃeŋ55 pʰai21 kʷɐt5	zing1 paai4 gwat1	蒸排骨，統稱
5957	十四、飲食（4）肉、蛋/豉汁蒸排骨	豉汁排骨	豉汁排骨	ʃi22 tʃɐp5 pʰai21 kʷɐt5	si6 zap1 paai4 gwat1	豉汁蒸排骨，一道傳統菜，也是家常菜
5958	十四、飲食（4）肉、蛋/酸甜排骨	酸甜排骨	酸甜排骨	ɬyn55 tʰim21 pʰai21 kʷɐt5	slyun1 tim4 paai4 gwat1	酸甜排骨，一道家常菜
5959	十四、飲食（4）肉、蛋/乾炸排骨	乾炸排骨	干炸排骨	kɔn55 tʃa33 pʰai21 kʷɐt5	gon1 zaa3 paai4 gwat1	乾炸排骨，一道家常菜
5960	十四、飲食（4）肉、蛋/印度焗骨	印度焗骨	印度焗骨	jɐn33 tu22 kʊk2 kʷɐt5	jan3 du6 guk6 gwat1	印度焗骨，一道傳統老菜，已少見
5961	十四、飲食（4）肉、蛋/籠崽糯香骨	籠崽糯香骨	笼崽糯香骨	lʊŋ21 tʃɐi35 nɔ22 hœŋ55 kʷɐt5	lung4 zai2 no6 hoeng1 gwat1	籠崽糯香骨，一道傳統菜，也是家常菜，即糯米蒸排骨
5962	十四、飲食（4）肉、蛋/籠仔糯香骨	籠仔糯香骨	笼仔糯香骨	lʊŋ21 tʃɐi35 nɔ22 hœŋ55 kʷɐt5	lung4 zai2 no6 hoeng1 gwat1	籠仔糯香骨，同「籠崽糯香骨」
5963	十四、飲食（4）肉、蛋/冬瓜排骨湯	冬瓜排骨湯	冬瓜排骨汤	tʊŋ55 kʷa55 pʰai21 kʷɐt5 tʰɔŋ55	dung1 gwaa1 paai4 gwat1 tong1	冬瓜排骨湯，一道家常菜
5964	十四、飲食（4）肉、蛋/碧綠掛肉果（桂綠爽肉果）	碧綠掛肉果	碧绿挂肉果	pek5 lʊk2 kʷa33 jʊk2 kɔ35	bik1 luk6 gwaa3 juk6 go2	碧綠掛肉果（也叫桂綠爽肉果），萬國酒家潘啓鎰所創菜餚，以裏脊肉丸子爲主料，配以菜軟、大玉薑、紅蘿蔔、蔥白等輔料經煮製、穿菜、拉油、調芡等工序製成，形似翠綠肉果得名，1990年被評爲南寧風味菜點之一，見1990年飲食服務公司文件《關於申報企業升級風味菜點的批覆》，做法見1999年董尚效等《名廚導做——廚師考級必備輔導》P229
5965	十四、飲食（4）肉、蛋/狗肉	狗肉	狗肉	kɐu35 jʊk2	gau2 juk6	狗肉1，一般爲白斬、燉、烤、紅燒、紅扣或打邊爐這幾種做法，見2009年嚴風華《四季飄香：南寧飲食文化尋蹤》P56-60和1985年《廣西特產風味指南》P195-197
5966	十四、飲食（4）肉、蛋/狗肉	三六	三六	ɬam55 lʊk2	slaam1 luk6	狗肉2，舊時婉稱，餐飲業常用，因爲三加六即九，九與狗諧音
5967	十四、飲食（4）肉、蛋/狗肉	地羊	地羊	ti22 jœŋ21	di6 joeng4	狗肉3，舊時婉稱，餐飲業常用
5968	十四、飲食（4）肉、蛋/狗肉	香肉	香肉	hœŋ55 jʊk2	hoeng1 juk6	狗肉4，舊時婉稱，餐飲業常用
5969	十四、飲食（4）肉、蛋/白斬狗（白切狗）	白斬狗	白斩狗	pak2 tʃɛm35 kɐu35	baak6 zem2 gau2	白斬狗（白切狗），以賓陽白斬狗爲出名，見2009年嚴風華《四季飄香：南寧飲食文化尋蹤》P58-59
5970	十四、飲食（4）肉、蛋/龍虎鳳	龍虎鳳	龙虎凤	lʊŋ21 fu35 fʊŋ22	lung4 fu2 fung6	龍虎鳳，一道傳統菜，以蛇肉、貓肉、雞肉爲原料做成，龍、虎、鳳分別爲蛇、貓、雞的雅稱，今已罕見，舊時南寧蛇餐館做過這類菜，見1985年《廣西特產風味指南》P219-220和1982年《南寧旅遊手冊》P78，81-82，賓陽縣也有，見2009年嚴風華《四季飄香：南寧飲食文化尋蹤》P99-100
5971	十四、飲食（4）肉、蛋/牛肚兒	牛百葉	牛百叶	ŋɐu21 pak3 jip2	ngau4 baak3 jip6	牛肚兒，帶毛狀物的那種
5972	十四、飲食（4）肉、蛋/牛肚兒	牛肚	牛肚	ŋɐu21 tʰu24	ngau4 tu5	牛肚兒，光滑的那種
5973	十四、飲食（4）肉、蛋/牛缸沿	牛缸沿	牛缸沿	ŋɐu21 kɔŋ55 jyn21	ngau4 gong1 jyun4	牛缸沿
5974	十四、飲食（4）肉、蛋/牛腩	牛腩	牛腩	ŋɐu21 nam24	ngau4 naam5	牛腩
5975	十四、飲食（4）肉、蛋/牛白腩	牛白腩	牛白腩	ŋɐu21 pak2 nam24	ngau4 baak6 naam5	牛白腩
5976	十四、飲食（4）肉、蛋/黑腩	黑腩	黑腩	hɐk5 nam24	hak1 naam5	黑腩，夾有一層肉
5977	十四、飲食（4）肉、蛋/牛喉	牛喉	牛喉	ŋɐu21 hɐu21	ngau4 hau4	牛喉
5978	十四、飲食（4）肉、蛋/牛筋	牛筋	牛筋	ŋɐu21 kɐn55	ngau4 gan1	牛筋
5979	十四、飲食（4）肉、蛋/苦瓜炒牛肉	涼瓜炒牛肉	凉瓜炒牛肉	lœŋ21 kʷa55 tʃʰɛu35 ŋɐu21 jʊk2	loeng4 gwaa1 ceu2 ngau4 juk6	苦瓜炒牛肉，一道家常菜
5980	十四、飲食（4）肉、蛋/心	心	心	ɬɐm55	slam1	心
5981	十四、飲食（4）肉、蛋/肝兒	潤	润	jɐn35	jan2	肝兒1.1，避諱「肝/乾」，俗字「膶」
5982	十四、飲食（4）肉、蛋/肝兒	潤	润	jyn35	jyun2	肝兒1.2，避諱「肝/乾」，俗字「膶」
5983	十四、飲食（4）肉、蛋/肝兒	肝	肝	kɔn55	gon1	肝兒2
5984	十四、飲食（4）肉、蛋/肝兒	溼	湿	ʃɐp5	sap1	肝兒3，避諱「肝/乾」
5985	十四、飲食（4）肉、蛋/肝	豬潤	猪润	tʃy55 jɐn35	zyu1 jan2	肝1.1，豬的，俗作「豬膶」
5986	十四、飲食（4）肉、蛋/肝	豬潤	猪润	tʃy55 jyn35	zyu1 jyun2	肝1.2，豬的，俗作「豬膶」
5987	十四、飲食（4）肉、蛋/肝	豬溼	猪湿	tʃy55 ʃɐp5	zyu1 sap1	肝2，豬的，「溼」爲「肝/乾」的避諱
5988	十四、飲食（4）肉、蛋/肝	豬肝	猪肝	tʃy55 kɔn55	zyu1 gon1	肝3，豬的
5989	十四、飲食（4）肉、蛋/粉肝	粉肝	粉肝	fɐn35 kɔn55	fan2 gon1	粉肝，質地較粗的豬肝，適合煮粉
5990	十四、飲食（4）肉、蛋/油肝	油肝	油肝	jɐu21 kɔn55	jau4 gon1	油肝，質地較細膩的豬肝
5991	十四、飲食（4）肉、蛋/沙肝	沙肝	沙肝	ʃa55 kɔn55	saa1 gon1	沙肝，豬的脾臟，適合煎炒
5992	十四、飲食（4）肉、蛋/腰子	豬腰	猪腰	tʃy55 jiu55	zyu1 jiu1	腰子，豬的
5993	十四、飲食（4）肉、蛋/肉頭	肉頭	肉头	jʊk2 tʰɐu21	juk6 tau4	肉頭，（豬的）連着脊骨的一塊肥肉
5994	十四、飲食（4）肉、蛋/膠頭	膠頭	胶头	kɛu55 tʰɐu21	geu1 tau4	膠頭1.1，（豬的）膠原蛋白，例如「裏脊肉肉質比較細膩，～好」
5995	十四、飲食（4）肉、蛋/膠頭	膠頭	胶头	kau55 tʰɐu21	gaau1 tau4	膠頭1.2，（豬的）膠原蛋白，例如「裏脊肉肉質比較細膩，～好」
5996	十四、飲食（4）肉、蛋/雞雜兒	雞雜	鸡杂	kɐi55 tʃap2	gai1 zaap6	雞雜兒1
5997	十四、飲食（4）肉、蛋/雞雜兒	雞下水	鸡下水	kɐi55 ha22 ʃui35	gai1 haa6 sui2	雞雜兒2
5998	十四、飲食（4）肉、蛋/雞肫	雞䐃	鸡䐃	kɐi55 kʰɐn24	gai1 kan5	雞肫1
5999	十四、飲食（4）肉、蛋/雞肫	雞腎	鸡肾	kɐi55 ʃɐn24	gai1 san5	雞肫2
6000	十四、飲食（4）肉、蛋/雞肝	雞潤	鸡润	kɐi55 jɐn35	gai1 jan2	雞肝1.1，俗作「雞膶」
6001	十四、飲食（4）肉、蛋/雞肝	雞潤	鸡润	kɐi55 jyn35	gai1 jyun2	雞肝1.2，俗作「雞膶」
6002	十四、飲食（4）肉、蛋/鴨肝	鴨潤	鸭润	ap3 jɐn35	aap3 jan2	鴨肝1.1，俗作「鴨膶」
6003	十四、飲食（4）肉、蛋/鴨肝	鴨潤	鸭润	ap3 jyn35	aap3 jyun2	鴨肝1.2，俗作「鴨膶」
6004	十四、飲食（4）肉、蛋/雞脾臟	雞忘記	鸡忘记	kɐi55 mɔŋ22 ki33	gai1 mong6 gi3	雞的脾臟，據傳吃此器官，人會健忘，故稱
6005	十四、飲食（4）肉、蛋/雞翅	雞翼	鸡翼	kɐi55 jek2	gai1 jik6	雞翅
6006	十四、飲食（4）肉、蛋/雞翅尖	雞翼尖	鸡翼尖	kɐi55 jek2 tʃim55	gai1 jik6 zim1	雞翅前面部分
6007	十四、飲食（4）肉、蛋/可樂雞翅	可樂雞翼	可乐鸡翼	hɔ35 lɔk2 kɐi55 jek2	ho2 lok6 gai1 jik6	可樂雞翅，一道家常菜
6008	十四、飲食（4）肉、蛋/雞翅包飯	雞翅包飯	鸡翼包饭	kɐi55 jek2 pɛu55 fan22	gai1 jik6 beu1 faan6	雞翅包飯1.1，一道家常小吃
6009	十四、飲食（4）肉、蛋/雞翅包飯	雞翅包飯	鸡翼包饭	kɐi55 jek2 pau55 fan22	gai1 jik6 baau1 faan6	雞翅包飯1.2，一道家常小吃
6010	十四、飲食（4）肉、蛋/龍鳳荔枝（龍穿鳳翼）	龍鳳荔枝	龙凤荔枝	lʊŋ21 fʊŋ22 lɐi22 tʃi55	lung4 fung6 lai6 zi1	龍鳳荔枝（也叫龍穿鳳翼），一道傳統名菜，串燒雞翼仿作荔枝，鳳翼即雞翼的雅稱，屬於䭐雞翼的一種，源自俗語「有朝一日龍穿鳳，冇使成世褲穿窿」，南寧萬國酒家名廚潘啓鎰的做法爲魚膠代表荔枝肉，冬菇魚肉餡代表荔枝核，做法見1999年董尚效等《名廚導做——廚師考級必備輔導》P227
6011	十四、飲食（4）肉、蛋/邕城鴛鴦雞（邕城醉子雞）	邕城鴛鴦雞	邕城鸳鸯鸡	jʊŋ55 ʃeŋ21 jyn55 jœŋ55 kɐi55	jung1 sing4 jyun1 joeng1 gai1	邕城鴛鴦雞（也叫邕城醉子雞），1990年被評爲南寧風味菜點之一，見1990年飲食服務公司文件《關於申報企業升級風味菜點的批覆》
6012	十四、飲食（4）肉、蛋/雞腳	雞腳	鸡脚	kɐi55 kœk3	gai1 goek3	雞腳1
6013	十四、飲食（4）肉、蛋/雞腳	鳳爪	凤爪	fʊŋ22 tʃɛu35	fung6 zeu2	雞腳2.1，雅稱
6014	十四、飲食（4）肉、蛋/雞腳	鳳爪	凤爪	fʊŋ22 tʃau35	fung6 zaau2	雞腳2.2，雅稱
6015	十四、飲食（4）肉、蛋/雞腿	雞巴髀	鸡巴髀	kɐi55 pa55 pi35	gai1 baa1 bi2	雞腿1
6016	十四、飲食（4）肉、蛋/雞腿	雞髀	鸡髀	kɐi55 pi35	gai1 bi2	雞腿2
6017	十四、飲食（4）肉、蛋/雞屁股	雞屎窟	鸡屎窟	kɐi55 ʃi35 fɐt5	gai1 si2 fat1	雞屁股1
6018	十四、飲食（4）肉、蛋/雞屁股	雞尾椎	鸡尾椎	kɐi55 mi24 tʃui55	gai1 mi5 zui1	雞屁股2
6019	十四、飲食（4）肉、蛋/雞脖子	雞頸	鸡颈	kɐi55 kɛŋ35	gai1 geng2	雞脖子
6020	十四、飲食（4）肉、蛋/雞肉塊	雞球	鸡球	kɐi55 kʰɐu21	gai1 kau4	雞肉塊
6021	十四、飲食（4）肉、蛋/雞綹	雞綹	鸡绺	kɐi55 lɐu24	gai1 lau5	雞綹，雞胸肉切條，俗作「雞柳」
6022	十四、飲食（4）肉、蛋/雞綹	雞柳	鸡柳	kɐi55 lɐu24	gai1 lau5	雞綹，同「雞綹」
6023	十四、飲食（4）肉、蛋/水盆雞	水盆雞	水盆鸡	ʃui35 pʰun21 kɐi55	sui2 pun4 gai1	水盆雞，宰殺好的雞
6024	十四、飲食（4）肉、蛋/水盆鴨	水盆鴨	水盆鸭	ʃui35 pʰun21 ap3	sui2 pun4 aap3	水盆鴨，宰殺好的鴨
6025	十四、飲食（4）肉、蛋/白斬雞（白切雞）	白斬雞	白斩鸡	pak2 tʃɛm35 kɐi55	baak6 zem2 gai1	白斬雞1，也叫「白切雞」，一道傳統菜，也是家常菜
6026	十四、飲食（4）肉、蛋/白斬雞（白切雞）	白切雞	白切鸡	pak2 tʃʰit3 kɐi55	baak6 cit3 gai1	白斬雞2，同「白斬雞」
6027	十四、飲食（4）肉、蛋/豉油雞	豉油雞	豉油鸡	ʃi22 jɐu21 kɐi55	si6 jau4 gai1	豉油雞
6028	十四、飲食（4）肉、蛋/鹽焗雞	鹽焗雞	盐焗鸡	jim21 kʊk2 kɐi55	jim4 guk6 gai1	鹽焗雞
6029	十四、飲食（4）肉、蛋/脆皮雞	脆皮雞	脆皮鸡	tʃʰui33 pʰi21 kɐi55	cui3 pi4 gai1	脆皮雞，做法見1982年《南寧旅遊手冊》P73
6030	十四、飲食（4）肉、蛋/燉雞	燉雞	炖鸡	tɐn22 kɐi55	dan6 gai1	燉雞
6031	十四、飲食（4）肉、蛋/銀耳燉雞	銀耳燉雞	银耳炖鸡	ŋɐn21 ji24 tɐn22 kɐi55	ngan4 ji5 dan6 gai1	銀耳燉雞，一道傳統菜，見1982年《南寧旅遊手冊》P83
6032	十四、飲食（4）肉、蛋/燉雛鴿	燉乳鴿	炖乳鸽	tɐn22 jy24 kɐp3	dan6 jyu5 gap3	燉雛鴿
6033	十四、飲食（4）肉、蛋/五彩雞絲	五彩雞絲	五彩鸡丝	ŋ̍24 tʃʰɔi35 kɐi55 ʃi55	ng5 coi2 gai1 si1	五彩雞絲1.1，一道家常菜
6034	十四、飲食（4）肉、蛋/五彩雞絲	五彩雞絲	五彩鸡丝	ŋ̍24 tʃʰɔi35 kɐi55 sɿ55	ng5 coi2 gai1 sy1	五彩雞絲1.2，一道家常菜
6035	十四、飲食（4）肉、蛋/白斬鴨（白切鴨）	白斬鴨	白斩鸭	pak2 tʃɛm35 ap3	baak6 zem2 aap3	白斬鴨（白切鴨）
6036	十四、飲食（4）肉、蛋/檸檬鴨	檸檬鴨	柠檬鸭	neŋ21 mʊŋ35 ap3	ning4 mung2 aap3	檸檬鴨，起源於武鳴縣甘墟鎮，在高峯林場成型，使用青頭鴨或土鴨，以醃製的檸檬、酸辣椒、酸薑、酸藠頭、酸梅、蒜頭、生薑等炒製而成，見2009年嚴風華《四季飄香：南寧飲食文化尋蹤》P108-109
6037	十四、飲食（4）肉、蛋/梅子鴨	梅子鴨	梅子鸭	mui21 tʃi35 ap3	mui4 zi2 aap3	梅子鴨1.1
6038	十四、飲食（4）肉、蛋/梅子鴨	梅子鴨	梅子鸭	mui21 tsɿ35 ap3	mui4 zy2 aap3	梅子鴨1.2
6039	十四、飲食（4）肉、蛋/香酥鴨	香酥鴨	香酥鸭	hœŋ55 ɬu55 ap3	hoeng1 slu1 aap3	香酥鴨
6040	十四、飲食（4）肉、蛋/荔茸香酥鴨	荔茸香酥鴨	荔茸香酥鸭	lɐi22 jʊŋ21 hœŋ55 ɬu55 ap3	lai6 jung4 hoeng1 slu1 aap3	荔茸香酥鴨，一道傳統名菜，萬國酒家的傳承菜
6041	十四、飲食（4）肉、蛋/雲針爩鴨	雲針爩鴨	云针爩鸭	wɐn21 tʃɐm55 wɐt5 ap3	wan4 zam1 wat1 aap3	雲針爩鴨，雲耳和針菜燻鴨，酒席常見
6042	十四、飲食（4）肉、蛋/燒鴨	燒鴨	烧鸭	ʃiu55 ap3	siu1 aap3	燒鴨，舊時在解放路尾的大華飯店烹製的「皺皮燒鴨」尤佳，見1982年《南寧旅遊手冊》P82-83
6043	十四、飲食（4）肉、蛋/扒鴨	扒鴨	扒鸭	pʰa55 ap3	paa1 aap3	扒鴨，一道傳統菜
6044	十四、飲食（4）肉、蛋/滷鴨	滷鴨	卤鸭	lu24 ap3	lu5 aap3	滷鴨
6045	十四、飲食（4）肉、蛋/醉鴨	醉鴨	醉鸭	tʃui33 ap3	zui3 aap3	醉鴨
6046	十四、飲食（4）肉、蛋/花雕醉全鴨（陳皮花雕醉鴨）	花雕醉全鴨	花雕醉全鸭	fa55 tiu55 tʃui33 tʃʰyn21 ap3	faa1 diu1 zui3 cyun4 aap3	花雕醉全鴨（也叫陳皮花雕醉鴨），1990年被評爲南寧風味菜點之一，見1990年飲食服務公司文件《關於申報企業升級風味菜點的批覆》
6047	十四、飲食（4）肉、蛋/燉鴨	燉鴨	炖鸭	tɐn22 ap3	dan6 aap3	燉鴨
6048	十四、飲食（4）肉、蛋/陳皮燉鴨	陳皮燉鴨	陈皮炖鸭	tʃʰɐn21 pʰi21 tɐn22 ap3	can4 pi4 dan6 aap3	陳皮燉鴨，以兩斤半重的小土鴨製成，老萬國酒家的經典菜之一
6049	十四、飲食（4）肉、蛋/鴨掌	鴨掌	鸭掌	ap3 tʃœŋ35	aap3 zoeng2	鴨掌1
6050	十四、飲食（4）肉、蛋/鴨掌	鴨腳	鸭脚	ap3 kœk3	aap3 goek3	鴨掌2
6051	十四、飲食（4）肉、蛋/鴨下巴	鴨下巴	鸭下巴	ap3 ha22 pʰa21	aap3 haa6 paa4	鴨下巴
6052	十四、飲食（4）肉、蛋/鴨嗉胞	鴨韸韸	鸭韸韸	ap3 pɐm21 pɐm35	aap3 bam4 bam2	鴨嗉胞，鴨嗉子剝下的薄層，吹着玩
6053	十四、飲食（4）肉、蛋/滷味	滷味	卤味	lu24 mi35	lu5 mi2	滷味，燒滷食品的統稱
6054	十四、飲食（4）肉、蛋/燒鵝	燒鵝	烧鹅	ʃiu55 ŋɔ21	siu1 ngo4	燒鵝
6055	十四、飲食（4）肉、蛋/假燒鵝	假燒鵝	假烧鹅	ka35 ʃiu55 ŋɔ21	gaa2 siu1 ngo4	假燒鵝，南寧傳統菜之一，將豬七寸經清洗、焯水、滷製、油炸等步驟做成燒鵝狀
6056	十四、飲食（4）肉、蛋/醉鵝	醉鵝	醉鹅	tʃui33 ŋɔ21	zui3 ngo4	醉鵝
6057	十四、飲食（4）肉、蛋/上莊	上胛	上胛	ʃœŋ22 kap3	soeng6 gaap3	上莊，熟食鴨鵝的上半部分
6058	十四、飲食（4）肉、蛋/下莊	下胛	下胛	ha22 kap3	haa6 gaap3	下莊，熟食鴨鵝的下半部分
6059	十四、飲食（4）肉、蛋/烤豬肉	燒肉	烧肉	ʃiu55 jʊk2	siu1 juk6	烤豬肉，泛稱
6060	十四、飲食（4）肉、蛋/烤乳豬	乳豬	乳猪	jy24 tʃy55	jyu5 zyu1	烤乳豬1，省略了「烤」字
6061	十四、飲食（4）肉、蛋/烤乳豬	烤乳豬	烤乳猪	hau55 jy24 tʃy55	haau1 jyu5 zyu1	烤乳豬2
6062	十四、飲食（4）肉、蛋/燒豬	燒豬	烧猪	ʃiu55 tʃy55	siu1 zyu1	燒豬
6063	十四、飲食（4）肉、蛋/香豬	香豬	香猪	hœŋ55 tʃy55	hoeng1 zyu1	香豬，產於廣西巴馬、環江一帶，見2015年廣西壯族自治區商務廳《廣西特產寶典》P120-123
6064	十四、飲食（4）肉、蛋/脆皮	脆皮	脆皮	tʃʰui33 pʰi21	cui3 pi4	脆皮，油炸過的五花肉或腮巴肉（豬頸肉），前者一般用於製作「脆皮扣」，後者在桂林稱爲「鍋燒」，用作桂林米粉的配菜
6065	十四、飲食（4）肉、蛋/脆皮豬肉	脆皮豬	脆皮猪	tʃʰui33 pʰi21 tʃy55	cui3 pi4 zyu1	脆皮豬肉，有一道名菜爲「珍醬脆皮豬」，見1985年《廣西特產風味指南》P212-213
6066	十四、飲食（4）肉、蛋/脆皮豬前腿	脆皮豬手	脆皮猪手	tʃʰui33 pʰi21 tʃy55 ʃɐu35	cui3 pi4 zyu1 sau2	脆皮豬前腿，一道家常菜
6067	十四、飲食（4）肉、蛋/椒鹽豬前腿	椒鹽豬手	椒盐猪手	tʃiu55 jim21 tʃy55 ʃɐu35	ziu1 jim4 zyu1 sau2	椒鹽豬前腿，一道家常菜
6068	十四、飲食（4）肉、蛋/白雲豬手	白雲豬手	白云猪手	pak2 wɐn21 tʃy55 ʃɐu35	baak6 wan4 zyu1 sau2	白雲豬手，一道傳統名菜，源自廣州
6069	十四、飲食（4）肉、蛋/叉燒	叉燒	叉烧	tʃʰa55 ʃiu55	caa1 siu1	叉燒
6070	十四、飲食（4）肉、蛋/扣肉	扣肉	扣肉	kʰɐu33 jʊk2	kau3 juk6	扣肉，一道家常菜
6071	十四、飲食（4）肉、蛋/芋頭扣肉	芋頭扣	芋头扣	wu22 tʰɐu21 kʰɐu33	wu6 tau4 kau3	芋頭扣肉，統稱以豬的五花肉和芋頭經多種工序製成的一道傳統菜
6072	十四、飲食（4）肉、蛋/脆皮扣肉	脆皮扣	脆皮扣	tʃʰui33 pʰi21 kʰɐu33	cui3 pi4 kau3	脆皮扣肉，南寧的一道傳統菜，用料爲豬的五花肉和荔浦芋頭
6073	十四、飲食（4）肉、蛋/紅燒肉	紅燒肉	红烧肉	hʊŋ21 ʃiu55 jʊk2	hung4 siu1 juk6	紅燒肉1
6074	十四、飲食（4）肉、蛋/紅燒肉	紅燜肉	红焖肉	hʊŋ21 mɐn55 jʊk2	hung4 man1 juk6	紅燒肉2
6075	十四、飲食（4）肉、蛋/粉蒸肉	粉蒸肉	粉蒸肉	fɐn35 tʃeŋ55 jʊk2	fan2 zing1 juk6	粉蒸肉
6076	十四、飲食（4）肉、蛋/水晶肉	水晶肉	水晶肉	ʃui35 tʃeŋ55 jʊk2	sui2 zing1 juk6	水晶肉
6077	十四、飲食（4）肉、蛋/咕嚕肉	咕嚕肉	咕噜肉	ku55 lu55 jʊk5	gu1 lu1 juk6	咕嚕肉，一道傳統名菜，即醋熘炸裏脊，因咕嚕肉酸甜開胃使人肚子咕嚕咕嚕響得名，曾是萬國酒家的經典菜
6078	十四、飲食（4）肉、蛋/金錢蝦盒	金錢蝦盒	金钱虾盒	kɐm55 tʃʰin21 ha55 hɐp2	gam1 cin4 haa1 hap6	金錢蝦盒，一道傳統名菜，以肥膘肉、蝦仁通過半煎炸製成金黃色盒狀得名，如果加入蟹肉，也稱爲「金錢蟹盒」，老萬國酒家的經典菜之一
6079	十四、飲食（4）肉、蛋/滑熘裏脊	滑熘裏脊	滑熘里脊	wɛt2 liu55 li24 tʃɛk3	wet6 liu1 li5 zek3	滑熘裏脊1.1，一道家常菜
6080	十四、飲食（4）肉、蛋/滑熘裏脊	滑熘裏脊	滑熘里脊	wat2 liu55 li24 tʃɛk3	waat6 liu1 li5 zek3	滑熘裏脊1.2，一道家常菜
6081	十四、飲食（4）肉、蛋/椒熘裏脊	椒熘裏脊	椒熘里脊	tʃiu55 liu55 li24 tʃɛk3	ziu1 liu1 li5 zek3	椒熘裏脊，一道家常菜
6082	十四、飲食（4）肉、蛋/糖醋裏脊	糖醋裏脊	糖醋里脊	tʰɔŋ21 tʃʰu33 li24 tʃɛk3	tong4 cu3 li5 zek3	糖醋裏脊，一道家常菜
6083	十四、飲食（4）肉、蛋/豉肉	豉肉	豉肉	ʃi22 jʊk2	si6 juk6	豉肉，用豉醃製後蒸熟
6084	十四、飲食（4）肉、蛋/肉餅	肉餅	肉饼	jʊk2 pɛŋ35	juk6 beng2	肉餅
6085	十四、飲食（4）肉、蛋/冬瓜蒸肉餅	冬瓜蒸肉餅	冬瓜蒸肉饼	tʊŋ55 kʷa55 tʃeŋ55 jʊk2 pɛŋ35	dung1 gwaa1 zing1 juk6 beng2	冬瓜蒸肉餅，一道家常菜
6086	十四、飲食（4）肉、蛋/沙爹肉串	沙爹肉串	沙爹肉串	ʃa55 tɛ55 jʊk2 tʃʰyn33	saa1 de1 juk6 cyun3	沙爹肉串，印尼傳統烤肉串，由印尼華僑引入南寧，「沙爹」即「沙茶」，「爹」爲摹仿閩南語「茶」字的發音
6087	十四、飲食（4）肉、蛋/魚扣	魚扣	鱼扣	jy21 kʰɐu33	jyu4 kau3	魚扣，一種熟食
6088	十四、飲食（4）肉、蛋/生魚片	魚生	鱼生	jy21 ʃaŋ55	jyu4 saang1	生魚片，橫縣、武鳴、馬山、龍州、大新等地常見，見2009年嚴風華《四季飄香：南寧飲食文化尋蹤》P61-65
6089	十四、飲食（4）肉、蛋/魚頭	魚頭	鱼头	jy21 tʰɐu21	jyu4 tau4	魚頭
6090	十四、飲食（4）肉、蛋/魚腦	魚雲	鱼云	jy21 wɐn21	jyu4 wan4	魚腦
6091	十四、飲食（4）肉、蛋/魚腩	魚腩	鱼腩	jy21 nam24	jyu4 naam5	魚腩，魚腹肉
6092	十四、飲食（4）肉、蛋/魚肉	魚肉	鱼肉	jy21 jʊk2	jyu4 juk6	魚肉
6093	十四、飲食（4）肉、蛋/魚丸	魚丸	鱼丸	jy21 jyn21	jyu4 jyun4	魚丸
6094	十四、飲食（4）肉、蛋/魚肚	魚肚	鱼肚	jy21 tʰu24	jyu4 tu5	魚肚，有鰵肚、鱔肚、黃白色肚、赤肚等，見1987年高光明《烹飪指南》P23
6095	十四、飲食（4）肉、蛋/五綹魚	五綹魚	五绺鱼	ŋ̍24 lɐu24 jy21	ng5 lau5 jyu4	五綹魚，南寧的一道傳統名菜，使用五綹料配糖醋汁得名，魚可選草魚、鱸魚、桂花魚、羅非魚等，做成菊花魚狀，俗作「五柳魚」
6096	十四、飲食（4）肉、蛋/五綹魚	五柳魚	五柳鱼	ŋ̍24 lɐu24 jy21	ng5 lau5 jyu4	五綹魚，同「五綹魚」
6097	十四、飲食（4）肉、蛋/肚鯪魚	肚鯪魚	肚鲮鱼	tʰu24 lɛŋ21 jy21	tu5 leng4 jyu4	肚鯪魚，把鯪魚身上的肉挖出剁碎，拌好配料再塞回，看上去還是一條完整的鯪魚
6098	十四、飲食（4）肉、蛋/白焯蝦	白焯蝦	白焯虾	pak2 tʃʰœk3 ha55	baak6 coek3 haa1	白焯蝦，清煮蝦，俗作「白灼蝦」
6099	十四、飲食（4）肉、蛋/生醃蝦	蝦生	虾生	ha55 ʃaŋ55	haa1 saang1	生醃蝦，類似魚生，生吃
6100	十四、飲食（4）肉、蛋/扣蝦	扣蝦	扣虾	kʰɐu33 ha55	kau3 haa1	扣蝦
6101	十四、飲食（4）肉、蛋/醋熘蟹	醋熘蟹	醋熘蟹	tʃʰu33 liu55 hai24	cu3 liu1 haai5	醋熘蟹
6102	十四、飲食（4）肉、蛋/清蒸蟹	清蒸蟹	清蒸蟹	tʃʰeŋ55 tʃeŋ55 hai24	cing1 zing1 haai5	清蒸蟹
6103	十四、飲食（4）肉、蛋/豬血	豬紅	猪红	tʃy55 hʊŋ21	zyu1 hung4	豬血，「紅」乃避諱「血」
6104	十四、飲食（4）肉、蛋/牛血	牛紅	牛红	ŋɐu21 hʊŋ21	ngau4 hung4	牛血，「紅」乃避諱「血」
6105	十四、飲食（4）肉、蛋/雞血	雞紅	鸡红	kɐi55 hʊŋ21	gai1 hung4	雞血，「紅」乃避諱「血」
6106	十四、飲食（4）肉、蛋/鴨血	鴨紅	鸭红	ap3 hʊŋ21	aap3 hung4	鴨血，「紅」乃避諱「血」
6107	十四、飲食（4）肉、蛋/豬排	豬扒	猪扒	tʃy55 pʰa35	zyu1 paa2	豬排
6108	十四、飲食（4）肉、蛋/牛排	牛扒	牛扒	ŋɐu21 pʰa35	ngau4 paa2	牛排
6109	十四、飲食（4）肉、蛋/雞排	雞扒	鸡扒	kɐi55 pʰa35	gai1 paa2	雞排
6110	十四、飲食（4）肉、蛋/炒雞蛋	炒蛋	炒蛋	tʃʰɛu35 tan22	ceu2 daan6	炒雞蛋1
6111	十四、飲食（4）肉、蛋/炒雞蛋	炒滑蛋	炒滑蛋	tʃʰɛu35 wɛt2 tan22	ceu2 wet6 daan6	炒雞蛋2
6112	十四、飲食（4）肉、蛋/荷包蛋	荷包蛋	荷包蛋	hɔ21 pɛu55 tan22	ho4 beu1 daan6	荷包蛋1，油炸或煎的
6113	十四、飲食（4）肉、蛋/荷包蛋	蛋包	蛋包	tan22 pɛu55	daan6 beu1	荷包蛋2
6114	十四、飲食（4）肉、蛋/荷包蛋	煎蛋包	煎蛋包	tʃin55 tan22 pɛu55	zin1 daan6 beu1	荷包蛋3
6115	十四、飲食（4）肉、蛋/蛋餃	蛋角	蛋角	tan22 kɔk3	daan6 gok3	蛋餃
6116	十四、飲食（4）肉、蛋/臥雞子兒	荷包蛋	荷包蛋	hɔ21 pɛu55 tan22	ho4 beu1 daan6	臥雞子兒，水煮的，不帶殼
6117	十四、飲食（4）肉、蛋/煮雞子兒	煠蛋	煠蛋	ʃɛp2 tan22	sep6 daan6	煮雞子兒1.1，連殼煮的雞蛋
6118	十四、飲食（4）肉、蛋/煮雞子兒	煠蛋	煠蛋	ʃap2 tan22	saap6 daan6	煮雞子兒1.2，連殼煮的雞蛋
6119	十四、飲食（4）肉、蛋/炸雞子兒	炸蛋	炸蛋	tʃa33 tan22	zaa3 daan6	炸雞子兒
6120	十四、飲食（4）肉、蛋/滷蛋	滷蛋	卤蛋	lu24 tan22	lu5 daan6	滷蛋
6121	十四、飲食（4）肉、蛋/雞蛋羹	芙蓉蛋	芙蓉蛋	fu21 jʊŋ21 tan22	fu4 jung4 daan6	雞蛋羹1
6122	十四、飲食（4）肉、蛋/雞蛋羹	蒸蛋	蒸蛋	tʃeŋ55 tan22	zing1 daan6	雞蛋羹2
6123	十四、飲食（4）肉、蛋/雞蛋湯	蛋花湯	蛋花汤	tan22 fa55 tʰɔŋ55	daan6 faa1 tong1	雞蛋湯1
6124	十四、飲食（4）肉、蛋/雞蛋湯	蛋湯	蛋汤	tan22 tʰɔŋ55	daan6 tong1	雞蛋湯2
6125	十四、飲食（4）肉、蛋/沖雞蛋湯	打蛋湯	打蛋汤	ta35 tan22 tʰɔŋ55	daa2 daan6 tong1	沖雞蛋湯
6126	十四、飲食（4）肉、蛋/蛋清	蛋白	蛋白	tan22 pak2	daan6 baak6	蛋清1
6127	十四、飲食（4）肉、蛋/蛋清	蛋清	蛋清	tan22 tʃʰeŋ55	daan6 cing1	蛋清2
6128	十四、飲食（4）肉、蛋/酸辣湯	酸辣湯	酸辣汤	ɬyn55 lat2 tʰɔŋ55	slyun1 laat6 tong1	酸辣湯
6129	十四、飲食（4）肉、蛋/雞酒湯	雞酒湯	鸡酒汤	kɐi55 tʃɐu35 tʰɔŋ55	gai1 zau2 tong1	雞酒湯，有暖身的作用，適合坐月子的產婦，一般冬天喝
6130	十四、飲食（4）肉、蛋/啫啫煲	啫啫煲	啫啫煲	tʃɛ55 tʃɛ55 pu55	ze1 ze1 bu1	啫啫煲1.1，一道傳統菜，因高溫後瓦煲啫啫響得名
6131	十四、飲食（4）肉、蛋/啫啫煲	啫啫煲	啫啫煲	tʃœ55 tʃœ55 pu55	zoe1 zoe1 bu1	啫啫煲1.2，一道傳統菜，因高溫後瓦煲啫啫響得名
6132	十四、飲食（4）肉、蛋/鴨腳煲	鴨腳煲	鸭脚煲	ap3 kœk3 pu55	aap3 goek3 bu1	鴨腳煲
6133	十四、飲食（4）肉、蛋/瓦煲飯（沙鍋飯）	瓦煲飯	瓦煲饭	ŋa24 pu55 fan22	ngaa5 bu1 faan6	瓦煲飯1（沙鍋飯），用沙鍋做成的飯，配有蝦、魷魚、瘦肉、豬肝、排骨、雞肉、香腸等菜，舊時用合浦沙煲，菜的種類多樣，主要有香菇瘦肉飯、魷魚豬肉飯、豬肝飯、排骨飯、臘腸飯、扣肉飯、蝦米飯、雞蛋飯等近十種，見1985年《廣西特產風味指南》P192-193和1982年《南寧旅遊手冊》P83
6134	十四、飲食（4）肉、蛋/瓦煲飯（沙鍋飯）	煲崽飯	煲崽饭	pu55 tʃɐi35 fan22	bu1 zai2 faan6	瓦煲飯2（沙鍋飯）
6135	十四、飲食（4）肉、蛋/瓦煲飯（沙鍋飯）	煲仔飯	煲仔饭	pu55 tʃɐi35 fan22	bu1 zai2 faan6	瓦煲飯2（沙鍋飯），同「煲崽飯」
6136	十四、飲食（4）肉、蛋/黃薑飯	黃薑飯	黄姜饭	wɔŋ21 kœŋ55 fan22	wong4 goeng1 faan6	黃薑飯，印尼傳統主食，由印尼華僑引入南寧
6137	十四、飲食（4）肉、蛋/松花蛋	皮蛋	皮蛋	pʰi21 tan22	pi4 daan6	松花蛋
6138	十四、飲食（4）肉、蛋/鹹雞蛋	鹹蛋	咸蛋	hɛm21 tan22	hem4 daan6	鹹雞蛋
6139	十四、飲食（4）肉、蛋/鹹鴨蛋	鹹蛋	咸蛋	hɛm21 tan22	hem4 daan6	鹹鴨蛋
6140	十四、飲食（4）肉、蛋/燒臘	燒臘	烧腊	ʃiu55 lap2	siu1 laap6	燒臘，烤製、臘製肉食的總稱
6141	十四、飲食（4）肉、蛋/臘味	臘味	腊味	lap2 mi35	laap6 mi2	臘味，臘製肉食的總稱
6142	十四、飲食（4）肉、蛋/香腸	臘腸	腊肠	lap2 tʃʰœŋ21	laap6 coeng4	香腸
6143	十四、飲食（4）肉、蛋/臘肉	臘肉	腊肉	lap2 jʊk2	laap6 juk6	臘肉
6144	十四、飲食（4）肉、蛋/臘鴨	臘鴨	腊鸭	lap2 ap3	laap6 aap3	臘鴨
6145	十四、飲食（4）肉、蛋/臘鴨肫	臘鴨䐃	腊鸭䐃	lap2 ap3 kʰɐn24	laap6 aap3 kan5	臘鴨肫
6146	十四、飲食（4）肉、蛋/金銀潤	金銀潤	金银润	kɐm55 ŋɐn21 jɐn35	gam1 ngan4 jan2	金銀潤1.1，臘豬肝裏嵌着肥肉，俗作「金銀膶」
6147	十四、飲食（4）肉、蛋/金銀潤	金銀潤	金银润	kɐm55 ŋɐn21 jyn35	gam1 ngan4 jyun2	金銀潤1.2，臘豬肝裏嵌着肥肉，俗作「金銀膶」
6148	十四、飲食（4）肉、蛋/火腿	火腿	火腿	fɔ35 tʰui35	fo2 tui2	火腿
6149	十四、飲食（4）肉、蛋/燻肉	火煙肉	火烟肉	fɔ35 jin55 jʊk2	fo2 jin1 juk6	燻肉
6150	十四、飲食（4）肉、蛋/鹹肉	鹹肉	咸肉	hɛm21 jʊk2	hem4 juk6	鹹肉
6151	十四、飲食（4）肉、蛋/鹹魚	鹹魚	咸鱼	hɛm21 jy21	hem4 jyu4	鹹魚
6152	十四、飲食（4）肉、蛋/梅香鹹魚	梅香鹹魚	梅香咸鱼	mui21 hœŋ55 hɛm21 jy21	mui4 hoeng1 hem4 jyu4	梅香鹹魚
6153	十四、飲食（4）肉、蛋/乾魚	魚乾	鱼干	jy21 kɔn55	jyu4 gon1	乾魚
6154	十四、飲食（4）肉、蛋/乾蝦	蝦乾	虾干	ha55 kɔn55	haa1 gon1	乾蝦
6155	十四、飲食（4）肉、蛋/海味	海味	海味	hɔi35 mi22	hoi2 mi6	海味，海產乾貨的統稱
6156	十四、飲食（4）肉、蛋/松子魚	松子魚	松子鱼	ɬʊŋ55 tʃi35 jy21	slung1 zi2 jyu4	松子魚1.1，一道傳統名菜，南寧的習慣做法爲「甜酒松子魚」
6157	十四、飲食（4）肉、蛋/松子魚	松子魚	松子鱼	ɬʊŋ55 tsɿ35 jy21	slung1 zy2 jyu4	松子魚1.2
6158	十四、飲食（4）肉、蛋/松子魚	松子魚	松子鱼	tʃʰʊŋ21 tʃi35 jy21	cung4 zi2 jyu4	松子魚1.3
6159	十四、飲食（4）肉、蛋/松子魚	松子魚	松子鱼	tʃʰʊŋ21 tsɿ35 jy21	cung4 zy2 jyu4	松子魚1.4
6160	十四、飲食（4）肉、蛋/甜酒魚	甜酒魚	甜酒鱼	tʰim21 tʃɐu35 jy21	tim4 zau2 jyu4	甜酒魚，南寧的一道傳統名菜，全稱爲「甜酒松子魚」
6161	十四、飲食（4）肉、蛋/甜酒松子魚	甜酒松子魚	甜酒松子鱼	tʰim21 tʃɐu35 ɬʊŋ55 tʃi35 jy21	tim4 zau2 slung1 zi2 jyu4	甜酒松子魚1.1，南寧的一道傳統名菜，常用羅非魚、鱸魚、鯇魚或桂花魚，將魚上漿炸成松果狀再輔以番茄沙司、糖醋、甜酒等調成的芡汁製成
6162	十四、飲食（4）肉、蛋/甜酒松子魚	甜酒松子魚	甜酒松子鱼	tʰim21 tʃɐu35 ɬʊŋ55 tsɿ35 jy21	tim4 zau2 slung1 zy2 jyu4	甜酒松子魚1.2
6163	十四、飲食（4）肉、蛋/甜酒松子魚	甜酒松子魚	甜酒松子鱼	tʰim21 tʃɐu35 tʃʰʊŋ21 tʃi35 jy21	tim4 zau2 cung4 zi2 jyu4	甜酒松子魚1.3
6164	十四、飲食（4）肉、蛋/甜酒松子魚	甜酒松子魚	甜酒松子鱼	tʰim21 tʃɐu35 tʃʰʊŋ21 tsɿ35 jy21	tim4 zau2 cung4 zy2 jyu4	甜酒松子魚1.4
6165	十四、飲食（4）肉、蛋/老友魚	老友魚	老友鱼	lu24 jɐu24 jy21	lu5 jau5 jyu4	老友魚，近年（21世紀初）的新菜
6166	十四、飲食（4）肉、蛋/冬瓜盅	冬瓜盅	冬瓜盅	tʊŋ55 kʷa55 tʃʊŋ55	dung1 gwaa1 zung1	冬瓜盅，夏季的一道傳統菜，冬瓜切開一截當蓋，去掉瓤，中間放入焯过水的肉類和湯水經隔水蒸熟而成，南寧常見的用料爲瑤柱、蝦米、螺肉、豬後腿肉、蓮子，最後放千里香點綴
6167	十四、飲食（4）肉、蛋/蝦米蒸冬瓜	蝦米蒸冬瓜	虾米蒸冬瓜	ha55 mɐi24 tʃeŋ55 tʊŋ55 kʷa55	haa1 mai5 zing1 dung1 gwaa1	蝦米蒸冬瓜，一道家常菜
6168	十四、飲食（4）肉、蛋/冬瓜湯	冬瓜湯	冬瓜汤	tʊŋ55 kʷa55 tʰɔŋ55	dung1 gwaa1 tong1	冬瓜湯，家常菜，也叫「冬瓜排骨湯」
6169	十四、飲食（4）肉、蛋/燉品	燉品	炖品	tɐn22 pʰɐn35	dan6 pan2	燉品，用藥材和肉蛋類蒸製的食品
6170	十四、飲食（4）肉、蛋/脆皮炸牛奶	脆皮炸牛奶	脆皮炸牛奶	tʃʰui33 pʰi21 tʃa33 ŋɐu21 nai24	cui3 pi4 zaa3 ngau4 naai5	脆皮炸牛奶，1990年被評爲南寧風味菜點之一，見1990年飲食服務公司文件《關於申報企業升級風味菜點的批覆》
6171	十四、飲食（4）肉、蛋/水牛奶	水牛奶	水牛奶	ʃui35 ŋɐu21 nai24	sui2 ngau4 naai5	水牛奶，主產地在廣西，見2015年廣西壯族自治區商務廳《廣西特產寶典》P155-158
6172	十四、飲食（5）菜/菜	菜	菜	tʃʰɔi33	coi3	菜1
6173	十四、飲食（5）菜/菜	送	送	ɬʊŋ33	slung3	菜2，下飯的菜，俗字「餸」
6174	十四、飲食（5）菜/菜	餸	𩠌	ɬʊŋ33	slung3	菜2，下飯的菜，本字「送」
6175	十四、飲食（5）菜/青菜	青菜	青菜	tʃʰɛŋ55 tʃʰɔi33	ceng1 coi3	青菜，綠葉蔬菜的總稱
6176	十四、飲食（5）菜/素菜	素菜	素菜	ɬu33 tʃʰɔi33	slu3 coi3	素菜，沒有肉類葷油的菜
6177	十四、飲食（5）菜/葷菜	葷菜	荤菜	wɐn55 tʃʰɔi33	wan1 coi3	葷菜1
6178	十四、飲食（5）菜/葷菜	肉菜	肉菜	jʊk2 tʃʰɔi33	juk6 coi3	葷菜2
6179	十四、飲食（5）菜/葷菜	肉	肉	jʊk2	juk6	葷菜3
6180	十四、飲食（5）菜/鹹菜	鹹菜	咸菜	hɛm21 tʃʰɔi33	hem4 coi3	鹹菜
6181	十四、飲食（5）菜/頭菜（大頭菜）	頭菜	头菜	tʰɐu21 tʃʰɔi33	tau4 coi3	頭菜1（大頭菜），二年生草本植物，芥菜的變種，根部肥大，有辣味，花黃色，塊根和嫩葉供食用
6182	十四、飲食（5）菜/頭菜（大頭菜）	酸頭菜	酸头菜	ɬyn55 tʰɐu21 tʃʰɔi33	slyun1 tau4 coi3	頭菜2（大頭菜）
6183	十四、飲食（5）菜/梅菜	梅菜	梅菜	mui21 tʃʰɔi33	mui4 coi3	梅菜
6184	十四、飲食（5）菜/酸菜	酸菜	酸菜	ɬyn55 tʃʰɔi33	slyun1 coi3	酸菜，用芥菜醃製，以楊美酸菜爲出名，見2009年嚴風華《四季飄香：南寧飲食文化尋蹤》P118-120
6185	十四、飲食（5）菜/酸筍	酸筍	酸笋	ɬyn55 ɬɐn35	slyun1 slan2	酸筍1.1
6186	十四、飲食（5）菜/酸筍	酸筍	酸笋	ɬyn55 ɬyn35	slyun1 slyun2	酸筍1.2
6187	十四、飲食（5）菜/酸品	酸嘢	酸嘢	ɬyn55 jɛ24	slyun1 je5	酸品、酸小吃，果蔬類醃酸製品，常用的果蔬有刀豆、牛甘果、椰菜、蘿蔔、木瓜、黃瓜、沙梨、李果、芒果、楊桃、菠蘿、扁桃等，見2009年嚴風華《四季飄香：南寧飲食文化尋蹤》P35-37
6188	十四、飲食（5）菜/英雄難過美人關，美人難過酸嘢攤	英雄難過美人關，美人難過酸嘢攤	英雄难过美人关，美人难过酸嘢摊	jeŋ55 hʊŋ21 nan21 kɔ33 mɐi24 jɐn21 kʷan55，mɐi24 jɐn21 nan21 kɔ33 ɬyn55 jɛ24 tʰan55	jing1 hung4 naan4 go3 mai5 jan4 gwaan1，mai5 jan4 naan4 go3 slyun1 je5 taan1	英雄難過美人關，美人難過酸嘢攤1.1，俗語，指女性多喜歡吃酸品
6189	十四、飲食（5）菜/英雄難過美人關，美人難過酸嘢攤	英雄難過美人關，美人難過酸嘢攤	英雄难过美人关，美人难过酸嘢摊	jeŋ55 hʊŋ21 nan21 kɔ33 mi24 jɐn21 kʷan55，mi24 jɐn21 nan21 kɔ33 ɬyn55 jɛ24 tʰan55	jing1 hung4 naan4 go3 mi5 jan4 gwaan1，mi5 jan4 naan4 go3 slyun1 je5 taan1	英雄難過美人關，美人難過酸嘢攤1.2，俗語
6190	十四、飲食（5）菜/榨菜	榨菜	榨菜	tʃa33 tʃʰɔi33	zaa3 coi3	榨菜
6191	十四、飲食（5）菜/糖醃木瓜絲	瓜纓	瓜缨	kʷa55 jeŋ55	gwaa1 jing1	糖醃木瓜絲，五綹料（俗作五柳料）之一，俗作「瓜英」
6192	十四、飲食（5）菜/糖醃木瓜絲	瓜英	瓜英	kʷa55 jeŋ55	gwaa1 jing1	糖醃木瓜絲，同「瓜纓」
6193	十四、飲食（5）菜/冬京菜	冬京菜	冬京菜	tʊŋ55 keŋ55 tʃʰɔi33	dung1 ging1 coi3	冬京菜，用大白菜醃製
6194	十四、飲食（5）菜/剩菜	菜腳	菜脚	tʃʰɔi33 kœk3	coi3 goek3	剩菜
6195	十四、飲食（5）菜/老菜葉	菜掐	菜掐	tʃʰɔi33 hap3	coi3 haap3	老菜葉、菜幫子，俗作「菜莢」
6196	十四、飲食（5）菜/豆腐	豆腐	豆腐	tɐu22 fu22	dau6 fu6	豆腐
6197	十四、飲食（5）菜/豆腐皮	豆腐皮	豆腐皮	tɐu22 fu22 pʰi21	dau6 fu6 pi4	豆腐皮
6198	十四、飲食（5）菜/腐竹	腐竹	腐竹	fu22 tʃʊk5	fu6 zuk1	腐竹
6199	十四、飲食（5）菜/豆腐乾兒	豆腐餅	豆腐饼	tɐu22 fu22 pɛŋ35	dau6 fu6 beng2	豆腐乾兒1
6200	十四、飲食（5）菜/豆腐乾兒	豆腐潤	豆腐润	tɐu22 fu22 jɐn35	dau6 fu6 jan2	豆腐乾兒2.1
6201	十四、飲食（5）菜/豆腐乾兒	豆腐潤	豆腐润	tɐu22 fu22 jyn35	dau6 fu6 jyun2	豆腐乾兒2.2
6202	十四、飲食（5）菜/豆腐乾兒	豆腐乾	豆腐干	tɐu22 fu22 kɔn55	dau6 fu6 gon1	豆腐乾兒3
6203	十四、飲食（5）菜/豆腐泡兒	豆腐泡	豆腐泡	tɐu22 fu22 pɔk5	dau6 fu6 bok1	豆腐泡兒1，本作「豆腐㿺」，也簡稱「豆泡（豆㿺）」
6204	十四、飲食（5）菜/豆腐泡兒	油餜	油馃	jɐu21 kɔ35	jau4 go2	豆腐泡兒2，俗作「油果」
6205	十四、飲食（5）菜/豆腐泡兒	油果	油果	jɐu21 kɔ35	jau4 go2	豆腐泡兒2，同「油餜」
6206	十四、飲食（5）菜/豆腐泡兒	油豆腐	油豆腐	jɐu21 tɐu22 fu22	jau4 dau6 fu6	豆腐泡兒3
6207	十四、飲食（5）菜/豆腐腦兒	豆腐花	豆腐花	tɐu22 fu22 fa55	dau6 fu6 faa1	豆腐腦兒，一般加糖作甜食
6208	十四、飲食（5）菜/水豆腐	水豆腐	水豆腐	ʃui35 tɐu22 fu22	sui2 dau6 fu6	水豆腐
6209	十四、飲食（5）菜/豆漿	豆漿	豆浆	tɐu22 tʃœŋ55	dau6 zoeng1	豆漿
6210	十四、飲食（5）菜/豆腐渣	豆腐渣	豆腐渣	tɐu22 fu22 tʃa55	dau6 fu6 zaa1	豆腐渣，可作菜
6211	十四、飲食（5）菜/豆腐乳	腐乳	腐乳	fu22 jy24	fu6 jyu5	豆腐乳
6212	十四、飲食（5）菜/南乳	南乳	南乳	nam21 jy24	naam4 jyu5	南乳，腐乳的一種
6213	十四、飲食（5）菜/臭豆腐	臭豆腐	臭豆腐	tʃʰɐu33 tɐu22 fu22	cau3 dau6 fu6	臭豆腐
6214	十四、飲食（5）菜/豆腐煲	豆腐煲	豆腐煲	tɐu22 fu22 pu55	dau6 fu6 bu1	豆腐煲，用瘦肉、雞肉、魷魚、豆腐煲製，鮮嫩滑香，舊時民生路新生園飯店所製豆腐煲久享盛名，見1982年《南寧旅遊手冊》P83
6215	十四、飲食（5）菜/粉絲	細粉	细粉	ɬɐi33 fɐn35	slai3 fan2	粉絲1，綠豆做的，細條的
6216	十四、飲食（5）菜/粉絲	粉絲	粉丝	fɐn35 ʃi55	fan2 si1	粉絲2.1
6217	十四、飲食（5）菜/粉絲	粉絲	粉丝	fɐn35 sɿ55	fan2 sy1	粉絲2.2
6218	十四、飲食（5）菜/粉條	南粉	南粉	nam21 fɐn35	naam4 fan2	粉條1，薯粉，舊時是用飯豆和綠豆做成的粉條，見1991年《南寧文史資料·總第十三輯》P273
6219	十四、飲食（5）菜/粉條	薯粉	薯粉	ʃy21 fɐn35	syu4 fan2	粉條2
6220	十四、飲食（5）菜/粉皮	粉皮	粉皮	fɐn35 pʰi21	fan2 pi4	粉皮，綠豆做的
6221	十四、飲食（5）菜/麪筋	麪筋	面筋	min22 kɐn55	min6 gan1	麪筋
6222	十四、飲食（5）菜/芋角（芋茸角）	芋角	芋角	wu22 kɔk3	wu6 gok3	芋角（也叫芋茸角），一種傳統點心，以芋泥爲皮，包上肉餡等用油炸熟
6223	十四、飲食（5）菜/蜂巢荔芋角（荔浦芋茸角、蜂巢香芋角）	蜂巢荔芋角	蜂巢荔芋角	fʊŋ55 tʃʰau21 lɐi22 wu22 kɔk3	fung1 caau4 lai6 wu6 gok3	蜂巢荔芋角（也叫荔浦芋茸角、蜂巢香芋角），用荔浦芋製成的蝦餡芋茸角，1990年被評爲南寧風味菜點之一，見1990年飲食服務公司文件《關於申報企業升級風味菜點的批覆》和1985年《廣西特產風味指南》P204-205
6224	十四、飲食（5）菜/糖水	糖水	糖水	tʰɔŋ21 ʃui35	tong4 sui2	糖水，流質或半流質甜品的總稱
6225	十四、飲食（5）菜/甜湯	甜湯	甜汤	tʰim21 tʰɔŋ55	tim4 tong1	甜湯，總稱帶湯水的甜品
6226	十四、飲食（5）菜/玉米糖水	玉米糖水	玉米糖水	jy22 mɐi24 tʰɔŋ21 ʃui35	jyu6 mai5 tong4 sui2	玉米糖水，甜品
6227	十四、飲食（5）菜/芋頭糖水	芋頭糖水	芋头糖水	wu22 tʰɐu21 tʰɔŋ21 ʃui35	wu6 tau4 tong4 sui2	芋頭糖水，甜品
6228	十四、飲食（5）菜/薑糖水	薑糖水	姜糖水	kœŋ55 tʰɔŋ21 ʃui35	goeng1 tong4 sui2	薑糖水，一道家常甜品，可暖身，適合受寒感冒者
6229	十四、飲食（5）菜/西瓜露	西瓜露	西瓜露	ɬɐi55 kʷa55 lu22	slai1 gwaa1 lu6	西瓜露，甜品，也寫作「西瓜酪」
6230	十四、飲食（5）菜/苦瓜露	涼瓜露	凉瓜露	lœŋ21 kʷa55 lu22	loeng4 gwaa1 lu6	苦瓜露，甜品，也寫作「涼瓜酪」
6231	十四、飲食（5）菜/椰汁西米露	椰汁西米露	椰汁西米露	jɛ21 tʃɐp5 ɬɐi55 mɐi24 lu22	je4 zap1 slai1 mai5 lu6	椰汁西米露，甜品，也寫作「椰汁西米酪」
6232	十四、飲食（5）菜/雙皮奶	雙皮奶	双皮奶	ʃœŋ55 pʰi21 nai24	soeng1 pi4 naai5	雙皮奶，甜品
6233	十四、飲食（5）菜/薑撞奶	薑撞奶	姜撞奶	kœŋ55 tʃɔŋ22 nai24	goeng1 zong6 naai5	薑撞奶，甜品
6234	十四、飲食（5）菜/蛋奶	蛋奶	蛋奶	tan22 nai24	daan6 naai5	蛋奶，甜品
6235	十四、飲食（5）菜/龜苓膏	龜苓膏	龟苓膏	kʷɐi55 leŋ21 ku55	gwai1 ling4 gu1	龜苓膏，甜品
6236	十四、飲食（5）菜/芋圓	芋圓	芋圆	wu22 jyn21	wu6 jyun4	芋圓，甜品
6237	十四、飲食（5）菜/木薯羹	木薯羹	木薯羹	mʊk2 ʃy21 kɐŋ55	muk6 syu4 gang1	木薯羹，甜品
6238	十四、飲食（5）菜/槐花粉	槐花粉	槐花粉	wai21 fa55 fɐn35	waai4 faa1 fan2	槐花粉，甜品
6239	十四、飲食（5）菜/綠豆糖水	綠豆水	绿豆水	lʊk2 tɐu22 ʃui35	luk6 dau6 sui2	綠豆糖水，甜品，流質狀，南寧傳統常見的有「海帶綠豆水、生地綠豆水」
6240	十四、飲食（5）菜/海帶綠豆糖水	海帶綠豆水	海带绿豆水	hɔi35 tai33 lʊk2 tɐu22 ʃui35	hoi2 daai3 luk6 dau6 sui2	海帶綠豆糖水，甜品，流質狀
6241	十四、飲食（5）菜/生地綠豆糖水	生地綠豆水	生地绿豆水	ʃaŋ55 ti22 lʊk2 tɐu22 ʃui35	saang1 di6 luk6 dau6 sui2	生地綠豆糖水，甜品，流質狀
6242	十四、飲食（5）菜/綠豆沙	綠豆沙	绿豆沙	lʊk2 tɐu22 ʃa55	luk6 dau6 saa1	綠豆沙，甜品，半流質狀
6243	十四、飲食（5）菜/紅豆沙	紅豆沙	红豆沙	hʊŋ21 tɐu22 ʃa55	hung4 dau6 saa1	紅豆沙，甜品，半流質狀
6244	十四、飲食（5）菜/銀耳糖水	冰糖銀耳	冰糖银耳	peŋ55 tʰɔŋ21 ŋɐn21 ji24	bing1 tong4 ngan4 ji5	銀耳糖水，甜品
6245	十四、飲食（5）菜/涼粉	涼粉	凉粉	lœŋ21 fɐn35	loeng4 fan2	涼粉，常用於甜品
6246	十四、飲食（5）菜/黑涼粉	黑涼粉	黑凉粉	hɐk5 lœŋ21 fɐn35	hak1 loeng4 fan2	黑涼粉，常用於甜品
6247	十四、飲食（5）菜/白涼粉	白涼粉	白凉粉	pak2 lœŋ21 fɐn35	baak6 loeng4 fan2	白涼粉，常用於甜品
6248	十四、飲食（5）菜/涼粉草	涼粉草	凉粉草	lœŋ21 fɐn35 tʃʰu35	loeng4 fan2 cu2	涼粉草，又稱「仙草」，常用於甜品
6249	十四、飲食（5）菜/藕粉	藕粉	藕粉	ŋɐu24 fɐn35	ngau5 fan2	藕粉
6250	十四、飲食（5）菜/馬蹄粉	馬蹄粉	马蹄粉	ma24 tʰɐi21 fɐn35	maa5 tai4 fan2	馬蹄粉
6251	十四、飲食（5）菜/百合粉	百合粉	百合粉	pak3 hɐp2 fɐn35	baak3 hap6 fan2	百合粉，用百合地下球狀鱗莖製成的食用澱粉，主產地在平樂縣，見1985年《廣西特產風味指南》P37-38
6252	十四、飲食（5）菜/桄榔粉	桄榔粉	桄榔粉	kɔŋ35 lɔŋ21 fɐn35	gong2 long4 fan2	桄榔粉，用桄榔樹的髓心製成的食用澱粉，主產地在龍州縣，見1985年《廣西特產風味指南》P38-39
6253	十四、飲食（5）菜/玉米花（爆米花）	玉米花	玉米花	jy22 mɐi24 fa55	jyu6 mai5 faa1	玉米花，即爆米花
6254	十四、飲食（5）菜/椰子泥	椰茸	椰茸	jɛ21 jʊŋ21	je4 jung4	椰子泥，粉末狀的椰子肉，常用作餡料，俗作「椰蓉」
6255	十四、飲食（5）菜/椰子泥	椰蓉	椰蓉	jɛ21 jʊŋ21	je4 jung4	椰子泥，同「椰茸」
6256	十四、飲食（5）菜/蓮子泥	蓮茸	莲茸	lin21 jʊŋ21	lin4 jung4	蓮子泥，常用作餡料，俗作「蓮蓉」
6257	十四、飲食（5）菜/蓮子泥	蓮蓉	莲蓉	lin21 jʊŋ21	lin4 jung4	蓮子泥，同「蓮茸」
6258	十四、飲食（5）菜/豆子泥	豆茸	豆茸	tɐu22 jʊŋ21	dau6 jung4	豆子泥，豆子煮爛搗成泥，常用作餡料，俗作「豆蓉」
6259	十四、飲食（5）菜/豆子泥	豆蓉	豆蓉	tɐu22 jʊŋ21	dau6 jung4	豆子泥，同「豆茸」
6260	十四、飲食（5）菜/什錦	什錦	什锦	ʃɐp2 kɐm35	sap6 gam2	什錦1，多種原料或多種花樣製成的
6261	十四、飲食（5）菜/什錦	雜錦	杂锦	tʃap2 kɐm35	zaap6 gam2	什錦2
6262	十四、飲食（5）菜/雜燴	雜燴	杂烩	tʃap2 wui22	zaap6 wui6	雜燴，多種菜合在一起燴的菜
6263	十四、飲食（5）菜/豆豉	豆豉	豆豉	tɐu22 ʃi22	dau6 si6	豆豉
6264	十四、飲食（5）菜/芡粉	豆粉	豆粉	tɐu22 fɐn35	dau6 fan2	芡粉1
6265	十四、飲食（5）菜/芡粉	生粉	生粉	ʃaŋ55 fɐn35	saang1 fan2	芡粉2
6266	十四、飲食（5）菜/芡	芡汁	芡汁	him33 tʃɐp5	him3 zap1	芡1
6267	十四、飲食（5）菜/芡	芡	芡	him33	him3	芡2
6268	十四、飲食（5）菜/勾芡	打芡	打芡	ta35 him33	daa2 him3	勾芡1.1
6269	十四、飲食（5）菜/勾芡	打芡	打芡	ta35 kʰɛm24	daa2 kem5	勾芡1.2
6270	十四、飲食（5）菜/勾芡	勾芡	勾芡	ŋɐu55 him33	ngau1 him3	勾芡2
6271	十四、飲食（5）菜/勾芡	打滷	打卤	ta35 lu24	daa2 lu5	勾芡3
6272	十四、飲食（5）菜/番茄醬	茄醬	茄酱	kʰɛ21 tʃœŋ33	ke4 zoeng3	番茄醬
6273	十四、飲食（5）菜/番茄汁	茄汁	茄汁	kʰɛ35 tʃɐp5	ke2 zap1	番茄汁
6274	十四、飲食（5）菜/辣醬油	喼汁	喼汁	kɛp5 tʃɐp5	gep1 zap1	辣醬油，英語ketchup、catchup或catsup，又叫「伍斯特沙司、英國黑醋」，常用於豬扒、牛扒、炸春卷等西餐調味，形如醬油得名，但無醬油成份，早期原料中本無番茄，但後來加入番茄成爲番茄汁，所以也稱「茄汁」，20世紀60年代南寧新生園飯店做豬扒時用到
6275	十四、飲食（5）菜/白汁	白汁	白汁	pak2 tʃɐp5	baak6 zap1	白汁
6276	十四、飲食（5）菜/醬汁	醬汁	酱汁	tʃœŋ33 tʃɐp5	zoeng3 zap1	醬汁1
6277	十四、飲食（5）菜/醬汁	汁醬	汁酱	tʃɐp5 tʃœŋ33	zap1 zoeng3	醬汁2
6278	十四、飲食（5）菜/蘇打粉	食粉	食粉	ʃek2 fɐn35	sik6 fan2	蘇打粉1，烹調用的小蘇打，老派用法
6279	十四、飲食（5）菜/蘇打粉	小梳打	小梳打	ɬiu35 ʃɔ55 ta35	sliu2 so1 daa2	蘇打粉2
6280	十四、飲食（5）菜/吉士粉	吉士粉	吉士粉	kɐt5 ʃi22 fɐn35	gat1 si6 fan2	吉士粉1.1
6281	十四、飲食（5）菜/吉士粉	吉士粉	吉士粉	kɐt5 sɿ22 fɐn35	gat1 sy6 fan2	吉士粉1.2
6282	十四、飲食（5）菜/臭粉	臭粉	臭粉	tʃʰɐu33 fɐn35	cau3 fan2	臭粉，碳酸氫銨，烤製桃酥時用到
6283	十四、飲食（5）菜/五綹料	五綹料	五绺料	ŋ̍24 lɐu24 liu35	ng5 lau5 liu2	五綹料，一種傳統酸甜配料，南寧的用料爲瓜纓、酸薑絲、酸藠頭、酸椒絲、甜椒絲，常用於製作五綹魚，俗作「五柳料」
6284	十四、飲食（5）菜/五綹料	五柳料	五柳料	ŋ̍24 lɐu24 liu35	ng5 lau5 liu2	五綹料，同「五綹料」
6285	十四、飲食（5）菜/沙拉	沙律	沙律	ʃa55 lɐt2	saa1 lat6	沙拉1.1，西餐蔬菜冷盤，英語salad
6286	十四、飲食（5）菜/沙拉	沙律	沙律	ʃa55 lyt2	saa1 lyut6	沙拉1.2
6287	十四、飲食（5）菜/木耳（黑木耳、黑雲耳）	木耳	木耳	mʊk2 ji24	muk6 ji5	木耳（黑木耳、黑雲耳），因生長在朽木，又形似人耳得名，一般指較粗厚的木耳，表面黑褐色，背面灰白色，大多生長在椴木上，適合燉湯、滷煮，口感爽脆
6288	十四、飲食（5）菜/雲耳	雲耳	云耳	wɐn21 ji24	wan4 ji5	雲耳，木耳的一種，因形似雲朵，又形似人耳得名，一般指朵片較薄、顏色較深、朵形較小的木耳，大多生長在桑樹、櫟樹上，適合涼拌、快炒或作餡，口感嫩滑，廣西主產地在百色、田林、田陽一帶，見1985年《廣西特產風味指南》P17-19和1982年《南寧旅遊手冊》P101
6289	十四、飲食（5）菜/銀耳（白木耳、白雲耳）	銀耳	银耳	ŋɐn21 ji24	ngan4 ji5	銀耳（白木耳、白雲耳），白色、半透明、富於膠質，用於甜品
6290	十四、飲食（5）菜/金針	針菜	针菜	tʃɐm55 tʃʰɔi33	zam1 coi3	金針
6291	十四、飲食（5）菜/髮菜	髮菜	发菜	fat3 tʃʰɔi33	faat3 coi3	髮菜
6292	十四、飲食（5）菜/鮑魚	鮑魚	鲍鱼	pau55 jy21	baau1 jyu4	鮑魚，有網鮑、窩麻鮑、吉品鮑、改良鮑等，見1987年高光明《烹飪指南》P20
6293	十四、飲食（5）菜/海蔘	海蔘	海参	hɔi35 ʃɐm55	hoi2 sam1	海蔘，有婆蔘、港石蔘、烏巖蔘、明玉蔘、刺蔘、什港蔘等，見1987年高光明《烹飪指南》P21
6294	十四、飲食（5）菜/海帶	海帶	海带	hɔi35 tai33	hoi2 daai3	海帶
6295	十四、飲食（5）菜/海蜇	蜇皮	蜇皮	tʃit3 pʰi21	zit3 pi4	海蜇
6296	十四、飲食（5）菜/紫菜	紫菜	紫菜	tʃi35 tʃʰɔi33	zi2 coi3	紫菜1.1
6297	十四、飲食（5）菜/紫菜	紫菜	紫菜	tsɿ35 tʃʰɔi33	zy2 coi3	紫菜1.2
6298	十四、飲食（6）油鹽作料/滋味	味道	味道	mi22 tu22	mi6 du6	滋味1
6299	十四、飲食（6）油鹽作料/滋味	味	味	mi22	mi6	滋味2
6300	十四、飲食（6）油鹽作料/入味	入味	入味	jɐp2 mi22	jap6 mi6	入味
6301	十四、飲食（6）油鹽作料/對味	啱味	啱味	ŋam55 mi22	ngaam1 mi6	對味
6302	十四、飲食（6）油鹽作料/氣味	氣味	气味	hi33 mi22	hi3 mi6	氣味1
6303	十四、飲食（6）油鹽作料/氣味	氣	气	hi33	hi3	氣味2
6304	十四、飲食（6）油鹽作料/氣味	隨	随	tʃʰui21	cui4	氣味3，多指不好的氣味，避諱「氣/棄」
6305	十四、飲食（6）油鹽作料/鍋氣	鑊氣	镬气	wɔk2 hi33	wok6 hi3	鍋氣，大火炒菜後的油香味
6306	十四、飲食（6）油鹽作料/顏色	顏色	颜色	ŋan21 ʃek5	ngaan4 sik1	顏色1.1
6307	十四、飲食（6）油鹽作料/顏色	顏色	颜色	ŋɛn21 ʃek5	ngen4 sik1	顏色1.2
6308	十四、飲食（6）油鹽作料/顏色	色水	色水	ʃek5 ʃui35	sik1 sui2	顏色2，色澤
6309	十四、飲食（6）油鹽作料/顏色	色	色	ʃek5	sik1	顏色3
6310	十四、飲食（6）油鹽作料/葷油	油	油	jɐu21	jau4	葷油
6311	十四、飲食（6）油鹽作料/豬油	豬油	猪油	tʃy55 jɐu21	zyu1 jau4	豬油
6312	十四、飲食（6）油鹽作料/牛油	牛油	牛油	ŋɐu21 jɐu21	ngau4 jau4	牛油
6313	十四、飲食（6）油鹽作料/雞油	雞油	鸡油	kɐi55 jɐu21	gai1 jau4	雞油
6314	十四、飲食（6）油鹽作料/素油	油	油	jɐu21	jau4	素油
6315	十四、飲食（6）油鹽作料/花生油	生油	生油	ʃaŋ55 jɐu21	saang1 jau4	花生油
6316	十四、飲食（6）油鹽作料/茶子油（茶籽油）	茶油	茶油	tʃʰa21 jɐu21	caa4 jau4	茶子油，茶籽油
6317	十四、飲食（6）油鹽作料/菜子油（菜籽油）	菜油	菜油	tʃʰɔi33 jɐu21	coi3 jau4	菜子油，菜籽油
6318	十四、飲食（6）油鹽作料/黃豆油	豆油	豆油	tɐu22 jɐu21	dau6 jau4	黃豆油
6319	十四、飲食（6）油鹽作料/糠油	糠油	糠油	hɔŋ55 jɐu21	hong1 jau4	糠油
6320	十四、飲食（6）油鹽作料/脂麻油（芝麻油）	麻油	麻油	ma21 jɐu21	maa4 jau4	脂麻油，即芝麻油
6321	十四、飲食（6）油鹽作料/辣椒油	紅油	红油	hʊŋ21 jɐu21	hung4 jau4	辣椒油1
6322	十四、飲食（6）油鹽作料/辣椒油	辣椒油	辣椒油	lat2 tʃiu55 jɐu21	laat6 ziu1 jau4	辣椒油2
6323	十四、飲食（6）油鹽作料/火麻油	火麻油	火麻油	fɔ35 ma21 jɐu21	fo2 maa4 jau4	火麻油，巴馬特產
6324	十四、飲食（6）油鹽作料/明油	包尾油	包尾油	pau55 mi24 jɐu21	baau1 mi5 jau4	明油1，在烹調好的菜餚上澆的油
6325	十四、飲食（6）油鹽作料/明油	尾油	尾油	mi24 jɐu21	mi5 jau4	明油2
6326	十四、飲食（6）油鹽作料/鹽	鹽	盐	jim21	jim4	鹽
6327	十四、飲食（6）油鹽作料/粗鹽	生鹽	生盐	ʃaŋ55 jim21	saang1 jim4	粗鹽
6328	十四、飲食（6）油鹽作料/精鹽	熟鹽	熟盐	ʃʊk2 jim21	suk6 jim4	精鹽
6329	十四、飲食（6）油鹽作料/醬油	豉油	豉油	ʃi22 jɐu21	si6 jau4	醬油1，統稱，「豉」字易受後字調類化爲陽平
6330	十四、飲食（6）油鹽作料/醬油	生曬	生晒	ʃaŋ55 ʃai33	saang1 saai3	醬油2，色淡
6331	十四、飲食（6）油鹽作料/醬油	生抽	生抽	ʃaŋ55 tʃʰɐu55	saang1 cau1	醬油3，色淡味濃
6332	十四、飲食（6）油鹽作料/醬油	白豉油	白豉油	pak2 ʃi22 jɐu21	baak6 si6 jau4	醬油4，白醬油
6333	十四、飲食（6）油鹽作料/醬油	老抽	老抽	lu24 tʃʰɐu55	lu5 cau1	醬油5，色濃味淡
6334	十四、飲食（6）油鹽作料/醬油	紅豉油	红豉油	hʊŋ21 ʃi22 jɐu21	hung4 si6 jau4	醬油6，紅醬油
6335	十四、飲食（6）油鹽作料/脂麻醬（芝麻醬）	芝麻醬	芝麻酱	tʃi55 ma21 tʃœŋ33	zi1 maa4 zoeng3	芝麻醬
6336	十四、飲食（6）油鹽作料/脂麻醬（芝麻醬）	脂麻醬	脂麻酱	tʃi55 ma21 tʃœŋ33	zi1 maa4 zoeng3	脂麻醬，同「芝麻醬」
6337	十四、飲食（6）油鹽作料/花生醬	花生醬	花生酱	fa55 ʃaŋ55 tʃœŋ33	faa1 saang1 zoeng3	花生醬
6338	十四、飲食（6）油鹽作料/甜麪醬	甜麪醬	甜面酱	tʰim21 min22 tʃœŋ33	tim4 min6 zoeng3	甜麪醬
6339	十四、飲食（6）油鹽作料/醬油膏	豉油膏	豉油膏	ʃi22 jɐu21 ku55	si6 jau4 gu1	醬油膏，一種黑豆熬製加工成的棕黑色油膏狀調料，見1985年《廣西特產風味指南》P45-46
6340	十四、飲食（6）油鹽作料/豆瓣兒醬	鹽豉	盐豉	jim21 ʃi22	jim4 si6	豆瓣兒醬1
6341	十四、飲食（6）油鹽作料/豆瓣兒醬	麪豉	面豉	min22 ʃi22	min6 si6	豆瓣兒醬2
6342	十四、飲食（6）油鹽作料/辣醬	辣椒醬	辣椒酱	lat2 tʃiu55 tʃœŋ33	laat6 ziu1 zoeng3	辣醬1
6343	十四、飲食（6）油鹽作料/辣醬	蒜茸辣椒醬	蒜茸辣椒酱	ɬyn33 jʊŋ21 lat2 tʃiu55 tʃœŋ33	slyun3 jung4 laat6 ziu1 zoeng3	辣醬2
6344	十四、飲食（6）油鹽作料/黃皮醬	黃皮醬	黄皮酱	wɔŋ21 pʰi21 tʃœŋ33	wong4 pi4 zoeng3	黃皮醬，南寧的傳統醬料，常用來配捲筒粉、餃子、米粉、麪條等等，也用來調味作菜，見1985年《廣西特產風味指南》P39-40
6345	十四、飲食（6）油鹽作料/蘇梅醬	蘇梅醬	苏梅酱	ɬu55 mui21 tʃœŋ33	slu1 mui4 zoeng3	蘇梅醬
6346	十四、飲食（6）油鹽作料/醋	醋	醋	tʃʰu33	cu3	醋1
6347	十四、飲食（6）油鹽作料/醋	七醋	七醋	tʃʰɐt5 tʃʰu33	cat1 cu3	醋2
6348	十四、飲食（6）油鹽作料/醋	酸醋	酸醋	ɬyn55 tʃʰu33	slyun1 cu3	醋3
6349	十四、飲食（6）油鹽作料/白醋	白醋	白醋	pak2 tʃʰu33	baak6 cu3	白醋
6350	十四、飲食（6）油鹽作料/紅醋	紅醋	红醋	hʊŋ21 tʃʰu33	hung4 cu3	紅醋
6351	十四、飲食（6）油鹽作料/米醋	米醋	米醋	mɐi24 tʃʰu33	mai5 cu3	米醋
6352	十四、飲食（6）油鹽作料/糯米醋	糯米醋	糯米醋	nɔ22 mɐi24 tʃʰu33	no6 mai5 cu3	糯米醋
6353	十四、飲食（6）油鹽作料/黑米醋	黑米醋	黑米醋	hɐk5 mɐi24 tʃʰu33	hak1 mai5 cu3	黑米醋
6354	十四、飲食（6）油鹽作料/陳醋	陳醋	陈醋	tʃʰɐn21 tʃʰu33	can4 cu3	陳醋
6355	十四、飲食（6）油鹽作料/浙醋	浙醋	浙醋	tʃit3 tʃʰu33	zit3 cu3	浙醋1
6356	十四、飲食（6）油鹽作料/浙醋	大紅浙醋	大红浙醋	tai22 hʊŋ21 tʃit3 tʃʰu33	daai6 hung4 zit3 cu3	浙醋2
6357	十四、飲食（6）油鹽作料/料酒	料酒	料酒	liu22 tʃɐu35	liu6 zau2	料酒1.1，黃酒
6358	十四、飲食（6）油鹽作料/料酒	料酒	料酒	liu35 tʃɐu35	liu2 zau2	料酒1.2，黃酒
6359	十四、飲食（6）油鹽作料/料酒	黃酒	黄酒	wɔŋ21 tʃɐu35	wong4 zau2	料酒2，黃酒
6360	十四、飲食（6）油鹽作料/料酒	色酒	色酒	ʃek5 tʃɐu35	sik1 zau2	料酒3，黃酒
6361	十四、飲食（6）油鹽作料/料酒	酒	酒	tʃɐu35	zau2	料酒4，黃酒
6362	十四、飲食（6）油鹽作料/老酒	陳酒	陈酒	tʃʰɐn21 tʃɐu35	can4 zau2	老酒
6363	十四、飲食（6）油鹽作料/燒酒	燒酒	烧酒	ʃiu55 tʃɐu35	siu1 zau2	燒酒1，白酒
6364	十四、飲食（6）油鹽作料/燒酒	白酒	白酒	pak2 tʃɐu35	baak6 zau2	燒酒2，白酒
6365	十四、飲食（6）油鹽作料/燒酒	酒	酒	tʃɐu35	zau2	燒酒2，白酒
6366	十四、飲食（6）油鹽作料/葡萄酒	紅酒	红酒	hʊŋ21 tʃɐu35	hung4 zau2	葡萄酒1
6367	十四、飲食（6）油鹽作料/葡萄酒	葡萄酒	葡萄酒	pʰu21 tʰu21 tʃɐu35	pu4 tu4 zau2	葡萄酒2
6368	十四、飲食（6）油鹽作料/桑葚酒	桑葚酒	桑葚酒	ɬɔŋ55 ʃɐm22 tʃɐu35	slong1 sam6 zau2	桑葚酒
6369	十四、飲食（6）油鹽作料/江米酒	糯米甜酒	糯米甜酒	nɔ22 mɐi24 tʰim21 tʃɐu35	no6 mai5 tim4 zau2	江米酒1，酒釀、醪糟
6370	十四、飲食（6）油鹽作料/江米酒	甜酒	甜酒	tʰim21 tʃɐu35	tim4 zau2	江米酒2，酒釀、醪糟
6371	十四、飲食（6）油鹽作料/酒釀雞蛋	蛋酒	蛋酒	tan22 tʃɐu35	daan6 zau2	酒釀雞蛋1，一道家常湯品，見2009年嚴風華《四季飄香：南寧飲食文化尋蹤》P85-86
6372	十四、飲食（6）油鹽作料/酒釀雞蛋	雞蛋甜酒	鸡蛋甜酒	kɐi55 tan22 tʰim21 tʃɐu35	gai1 daan6 tim4 zau2	酒釀雞蛋2
6373	十四、飲食（6）油鹽作料/酒釀湯圓	水圓甜酒	水圆甜酒	ʃui35 jyn21 tʰim21 tʃɐu35	sui2 jyun4 tim4 zau2	酒釀湯圓，一道家常湯品
6374	十四、飲食（6）油鹽作料/米單酒	米單	米单	mɐi24 tan55	mai5 daan1	米單酒
6375	十四、飲食（6）油鹽作料/米雙酒	米雙	米双	mɐi24 ʃœŋ55	mai5 soeng1	米雙酒
6376	十四、飲食（6）油鹽作料/三花酒	三花	三花	ɬam55 fa55	slaam1 faa1	三花酒，燒酒的一種，經過三次蒸餾而成，桂林特產，見1985年《廣西特產風味指南》P80-81和1982年《南寧旅遊手冊》P103
6377	十四、飲食（6）油鹽作料/木薯酒	木薯酒	木薯酒	mʊk2 ʃy21 tʃɐu35	muk6 syu4 zau2	木薯酒
6378	十四、飲食（6）油鹽作料/花雕酒	花雕酒	花雕酒	fa55 tiu55 tʃɐu35	faa1 diu1 zau2	花雕酒，浙江紹興特產
6379	十四、飲食（6）油鹽作料/茅臺酒	茅臺酒	茅台酒	mɛu21 tʰɔi21 tʃɐu35	meu4 toi4 zau2	茅臺酒1.1，貴州茅臺鎮特產
6380	十四、飲食（6）油鹽作料/茅臺酒	茅臺酒	茅台酒	mau21 tʰɔi21 tʃɐu35	maau4 toi4 zau2	茅臺酒1.2
6381	十四、飲食（6）油鹽作料/五糧液	五糧液	五粮液	ŋ̍24 lœŋ21 jek2	ng5 loeng4 jik6	五糧液，四川宜賓特產
6382	十四、飲食（6）油鹽作料/二鍋頭	二鍋頭	二锅头	ji22 kɔ55 tʰɐu21	ji6 go1 tau4	二鍋頭，北京特產
6383	十四、飲食（6）油鹽作料/汾酒	汾酒	汾酒	fɐn21 tʃɐu35	fan4 zau2	汾酒，山西汾陽特產
6384	十四、飲食（6）油鹽作料/乳泉酒	乳泉酒	乳泉酒	jy24 tʃʰyn21 tʃɐu35	jyu5 cyun4 zau2	乳泉酒，桂平特產，見1985年《廣西特產風味指南》P81-82和1982年《南寧旅遊手冊》P103
6385	十四、飲食（6）油鹽作料/紅糖	黃糖	黄糖	wɔŋ21 tʰɔŋ21	wong4 tong4	紅糖1
6386	十四、飲食（6）油鹽作料/紅糖	黃片糖	黄片糖	wɔŋ21 pʰin33 tʰɔŋ21	wong4 pin3 tong4	紅糖2
6387	十四、飲食（6）油鹽作料/紅糖	片糖	片糖	pʰin33 tʰɔŋ21	pin3 tong4	紅糖3
6388	十四、飲食（6）油鹽作料/黃沙糖	黃沙糖	黄沙糖	wɔŋ21 ʃa55 tʰɔŋ21	wong4 saa1 tong4	黃沙糖
6389	十四、飲食（6）油鹽作料/冰片糖	冰片糖	冰片糖	peŋ55 pʰin33 tʰɔŋ21	bing1 pin3 tong4	冰片糖
6390	十四、飲食（6）油鹽作料/白糖	白糖	白糖	pak2 tʰɔŋ21	baak6 tong4	白糖1
6391	十四、飲食（6）油鹽作料/白糖	白沙糖	白沙糖	pak2 ʃa55 tʰɔŋ21	baak6 saa1 tong4	白糖2
6392	十四、飲食（6）油鹽作料/白糖	砂糖	砂糖	ʃa55 tʰɔŋ21	saa1 tong4	白糖3
6393	十四、飲食（6）油鹽作料/綿白糖	綿白糖	绵白糖	min21 pak2 tʰɔŋ21	min4 baak6 tong4	綿白糖，白糖的一種，粉狀，不結晶，見1991年《南寧文史資料·總第十三輯》P274
6394	十四、飲食（6）油鹽作料/冰糖	冰糖	冰糖	peŋ55 tʰɔŋ21	bing1 tong4	冰糖
6395	十四、飲食（6）油鹽作料/糖塊	糖粒	糖粒	tʰɔŋ21 nɐp5	tong4 nap1	糖塊1，用紙包的
6396	十四、飲食（6）油鹽作料/糖塊	紙包糖	纸包糖	tʃi35 pɛu55 tʰɔŋ21	zi2 beu1 tong4	糖塊2
6397	十四、飲食（6）油鹽作料/糖塊	糖果	糖果	tʰɔŋ21 kɔ35	tong4 go2	糖塊3
6398	十四、飲食（6）油鹽作料/糖膠	糖膠	糖胶	tʰɔŋ21 kʰɛu55	tong4 keu1	糖膠1.1，無紙包的手工製糖塊
6399	十四、飲食（6）油鹽作料/糖膠	糖膠	糖胶	tʰɔŋ21 kɛu55	tong4 geu1	糖膠1.2，無紙包的手工製糖塊
6400	十四、飲食（6）油鹽作料/涼果	涼果	凉果	lœŋ21 kɔ35	loeng4 go2	涼果，經醃製、糖漬、乾燥等加工而成的瓜果類糖果，如：話梅、陳皮、糖橄欖、糖無花果、糖柑橘、糖柿子等等，南寧常見的是用扁桃或扁桃杧製成的「香話杧」，見1985年《廣西特產風味指南》P41-42
6401	十四、飲食（6）油鹽作料/花生糖	花生糖	花生糖	fa55 ʃaŋ55 tʰɔŋ21	faa1 saang1 tong4	花生糖，花生與麥芽糖或糖漿製成的糖果，常切成方塊
6402	十四、飲食（6）油鹽作料/芝麻糖	芝麻糖	芝麻糖	tʃi55 ma21 tʰɔŋ21	zi1 maa4 tong4	芝麻糖，芝麻與麥芽糖或糖漿製成的糖果，常切成方塊，口感酥脆香甜
6403	十四、飲食（6）油鹽作料/麥芽糖	麥芽糖	麦芽糖	mɐk2 ŋa21 tʰɔŋ21	mak6 ngaa4 tong4	麥芽糖
6404	十四、飲食（6）油鹽作料/飴糖	飴糖	饴糖	ji21 tʰɔŋ21	ji4 tong4	飴糖
6405	十四、飲食（6）油鹽作料/冬瓜糖	冬瓜糖	冬瓜糖	tʊŋ55 kʷa55 tʰɔŋ21	dung1 gwaa1 tong4	冬瓜糖，以冬瓜和白糖製成的白色半透明條狀糖果，表面有糖霜
6406	十四、飲食（6）油鹽作料/柚子糖	樸碌糖	朴碌糖	pʊk5 lʊk5 tʰɔŋ21	buk1 luk1 tong4	柚子糖，以柚子皮和白糖製成的糖果，表面有糖霜
6407	十四、飲食（6）油鹽作料/蓮藕糖	蓮藕糖	莲藕糖	lin21 ŋɐu24 tʰɔŋ21	lin4 ngau5 tong4	蓮藕糖，以切片的蓮藕和白糖製成的糖果，表面有糖霜
6408	十四、飲食（6）油鹽作料/牛軋糖	牛軋糖	牛轧糖	ŋɐu21 tʃat3 tʰɔŋ21	ngau4 zaat3 tong4	牛軋糖
6409	十四、飲食（6）油鹽作料/牛皮糖	牛皮糖	牛皮糖	ŋɐu21 pʰi21 tʰɔŋ21	ngau4 pi4 tong4	牛皮糖，一種用飴糖、芝麻等製成的軟糖，又韌又黏似牛皮，故稱
6410	十四、飲食（6）油鹽作料/跳跳糖	跳跳糖	跳跳糖	tʰiu33 tʰiu33 tʰɔŋ21	tiu3 tiu3 tong4	跳跳糖，糖粒在口腔內遇熱後因二氧化碳釋放有蹦跳的感覺，1956年美國通用食品公司的科學家威廉·米切爾（William Mitchell）發明，中國大約20世紀90年代開始流行
6411	十四、飲食（6）油鹽作料/棒棒糖	棒棒糖	棒棒糖	pɔŋ22 pɔŋ22 tʰɔŋ21	bong6 bong6 tong4	棒棒糖
6412	十四、飲食（6）油鹽作料/口香糖	香口膠	香口胶	hœŋ55 hɐu35 kɛu55	hoeng1 hau2 geu1	口香糖
6413	十四、飲食（6）油鹽作料/泡泡糖	吹泡糖	吹泡糖	tʃʰui55 pɔk5 tʰɔŋ21	cui1 bok1 tong4	泡泡糖，本作「吹㿺糖」，口香糖的一種，可吹出泡泡，20世紀90年代最出名的產品是「大大卷」
6414	十四、飲食（6）油鹽作料/巧克力	朱古力	朱古力	tʃy55 ku55 lek5	zyu1 gu1 lik1	巧克力，糖果，英語chocolate
6415	十四、飲食（6）油鹽作料/魚皮花生	魚皮花生	鱼皮花生	jy21 pʰi21 fa55 ʃaŋ55	jyu4 pi4 faa1 saang1	魚皮花生，一種小吃，花生仁外裹上麪粉和調味品烘烤而成
6416	十四、飲食（6）油鹽作料/冰棍兒	雪條	雪条	ɬyt3 tʰiu21	slyut3 tiu4	冰棍兒，冷食
6417	十四、飲食（6）油鹽作料/冰淇淋	雪糕	雪糕	ɬyt3 ku55	slyut3 gu1	冰淇淋1，冷食
6418	十四、飲食（6）油鹽作料/冰淇淋	冰淇淋	冰淇淋	peŋ55 kʰi21 lɐm21	bing1 ki4 lam4	冰淇淋2，冷食，英語icecream
6419	十四、飲食（6）油鹽作料/布丁	布甸	布甸	pu33 tin22	bu3 din6	布丁，用麪粉、牛奶、雞蛋、水果等製成的半固體甜點，英語pudding，舊時萬國酒家做過「七彩奶布甸」，見1982年《南寧旅遊手冊》P79
6420	十四、飲食（6）油鹽作料/作料	配料	配料	pʰui33 liu35	pui3 liu2	作料
6421	十四、飲食（6）油鹽作料/蘸料	點料	点料	tɛm35 liu35	dem2 liu2	蘸料
6422	十四、飲食（6）油鹽作料/主作料	料頭	料头	liu35 tʰɐu21	liu2 tau4	主作料
6423	十四、飲食（6）油鹽作料/八角（大茴香、大料）	八角	八角	pɛt3 kɔk3	bet3 gok3	八角（大茴香、大料），八角樹的果實，因果實呈八角狀得名，見1985年《廣西特產風味指南》P5-6和1982年《南寧旅遊手冊》P100-101
6424	十四、飲食（6）油鹽作料/桂皮	桂皮	桂皮	kʷɐi33 pʰi21	gwai3 pi4	桂皮，桂皮樹的樹皮，見1985年《廣西特產風味指南》P8-9
6425	十四、飲食（6）油鹽作料/花椒	花椒	花椒	fa55 tʃiu55	faa1 ziu1	花椒
6426	十四、飲食（6）油鹽作料/陳皮	陳皮	陈皮	tʃʰɐn21 pʰi21	can4 pi4	陳皮
6427	十四、飲食（6）油鹽作料/草果	草果	草果	tʃʰu35 kɔ35	cu2 go2	草果
6428	十四、飲食（6）油鹽作料/五指毛桃	五指毛桃	五指毛桃	ŋ̍24 tʃi35 mu21 tʰu21	ng5 zi2 mu4 tu4	五指毛桃，煲湯用
6429	十四、飲食（6）油鹽作料/胡椒粉	胡椒粉	胡椒粉	wu21 tʃiu55 fɐn35	wu4 ziu1 fan2	胡椒粉1
6430	十四、飲食（6）油鹽作料/胡椒粉	古月粉	古月粉	ku35 jyt2 fɐn35	gu2 jyut6 fan2	胡椒粉2
6431	十四、飲食（6）油鹽作料/胡椒粉	胡椒	胡椒	wu21 tʃiu55	wu4 ziu1	胡椒粉3
6432	十四、飲食（6）油鹽作料/五香粉	五香粉	五香粉	ŋ̍24 hœŋ55 fɐn35	ng5 hoeng1 fan2	五香粉
6433	十四、飲食（6）油鹽作料/咖喱	咖喱	咖喱	ka33 li55	gaa3 li1	咖喱
6434	十四、飲食（7）菸、茶、酒/菸	菸	烟	jin55	jin1	菸，廣西產的菸一般是「劉三姐、鐘山、甲天下、富饒、真龍」等，外省菸在南寧也很常見，比如雲南菸有「玉溪、紅塔山、雲菸、小熊貓、阿詩瑪」等，湖南菸有「芙蓉王、白沙」等，北京菸有「中南海」，國營菸有「中華」，見2009年嚴風華《四季飄香：南寧飲食文化尋蹤》P27-29
6435	十四、飲食（7）菸、茶、酒/菸葉	菸葉	烟叶	jin55 jip2	jin1 jip6	菸葉
6436	十四、飲食（7）菸、茶、酒/菸絲	菸絲	烟丝	jin55 ʃi55	jin1 si1	菸絲1.1
6437	十四、飲食（7）菸、茶、酒/菸絲	菸絲	烟丝	jin55 sɿ55	jin1 sy1	菸絲1.2
6438	十四、飲食（7）菸、茶、酒/菸骨	菸骨	烟骨	jin55 kʷɐt5	jin1 gwat1	菸葉的脈絡，可防蛀蟲
6439	十四、飲食（7）菸、茶、酒/香菸	菸崽	烟崽	jin55 tʃɐi35	jin1 zai2	香菸
6440	十四、飲食（7）菸、茶、酒/香菸	菸仔	烟仔	jin55 tʃɐi35	jin1 zai2	香菸，同「菸崽」
6441	十四、飲食（7）菸、茶、酒/旱菸	生菸	生烟	ʃaŋ55 jin55	saang1 jin1	旱菸
6442	十四、飲食（7）菸、茶、酒/烤菸	熟菸	熟烟	ʃʊk2 jin55	suk6 jin1	烤菸
6443	十四、飲食（7）菸、茶、酒/雪茄	雪茄	雪茄	ɬyt3 ka55	slyut3 gaa1	雪茄1.1，英語cigar
6444	十四、飲食（7）菸、茶、酒/雪茄	雪茄	雪茄	ɬyt3 kʰɛ21	slyut3 ke4	雪茄1.2
6445	十四、飲食（7）菸、茶、酒/雪茄	雪茄	雪茄	ɬyt3 kʰɛ35	slyut3 ke2	雪茄1.3
6446	十四、飲食（7）菸、茶、酒/菸袋	菸袋	烟袋	jin55 tɔi22	jin1 doi6	菸袋
6447	十四、飲食（7）菸、茶、酒/水菸袋	菸筒斗	烟筒斗	jin55 tʰʊŋ21 tɐu35	jin1 tung4 dau2	水菸袋，銅製的
6448	十四、飲食（7）菸、茶、酒/水菸筒	水菸筒	水烟筒	ʃui35 jin55 tʰʊŋ21	sui2 jin1 tung4	水菸筒1，竹製的
6449	十四、飲食（7）菸、茶、酒/水菸筒	菸筒	烟筒	jin55 tʰʊŋ21	jin1 tung4	水菸筒2
6450	十四、飲食（7）菸、茶、酒/水菸筒	大碌竹	大碌竹	tai22 lʊk5 tʃʊk5	daai6 luk1 zuk1	水菸筒3
6451	十四、飲食（7）菸、茶、酒/旱菸袋	菸筒斗	烟筒斗	jin55 tʰʊŋ21 tɐu35	jin1 tung4 dau2	旱菸袋，細竹竿兒做的菸具
6452	十四、飲食（7）菸、茶、酒/菸斗	菸筒斗	烟筒斗	jin55 tʰʊŋ21 tɐu35	jin1 tung4 dau2	菸斗
6453	十四、飲食（7）菸、茶、酒/菸嘴	菸嘴	烟嘴	jin55 tʃui35	jin1 zui2	菸嘴
6454	十四、飲食（7）菸、茶、酒/菸盒	菸盒	烟盒	jin55 hɐp2	jin1 hap6	菸盒，裝香菸的金屬盒
6455	十四、飲食（7）菸、茶、酒/打火機	火機	火机	fɔ35 kɐi55	fo2 gai1	打火機1
6456	十四、飲食（7）菸、茶、酒/打火機	打火機	打火机	ta35 fɔ35 kɐi55	daa2 fo2 gai1	打火機2
6457	十四、飲食（7）菸、茶、酒/劃火柴	搉火柴	搉火柴	kʷʰɐk5 fɔ35 tʃʰai21	kwak1 fo2 caai4	劃火柴
6458	十四、飲食（7）菸、茶、酒/菸油子	菸屎	烟屎	jin55 ʃi35	jin1 si2	菸油子
6459	十四、飲食（7）菸、茶、酒/菸灰	菸灰	烟灰	jin55 fui55	jin1 fui1	菸灰
6460	十四、飲食（7）菸、茶、酒/菸灰缸	菸灰缸	烟灰缸	jin55 fui55 kɔŋ55	jin1 fui1 gong1	菸灰缸
6461	十四、飲食（7）菸、茶、酒/火鐮	火鐮	火镰	fɔ35 lim21	fo2 lim4	火鐮，舊時取火用具
6462	十四、飲食（7）菸、茶、酒/火石	火石	火石	fɔ35 ʃɛk2	fo2 sek6	火石，用火鐮打的石頭
6463	十四、飲食（7）菸、茶、酒/紙煤兒	火茸	火茸	fɔ35 jʊŋ21	fo2 jung4	紙煤兒
6464	十四、飲食（7）菸、茶、酒/抽菸	燒菸	烧烟	ʃiu55 jin55	siu1 jin1	抽菸1
6465	十四、飲食（7）菸、茶、酒/抽菸	食菸	食烟	ʃek2 jin55	sik6 jin1	抽菸2
6466	十四、飲食（7）菸、茶、酒/抽菸	嗒菸	嗒烟	pap5 jin55	baap1 jin1	抽菸3.1，此處端母讀如幫母
6467	十四、飲食（7）菸、茶、酒/抽菸	嗒菸	嗒烟	pɐp5 jin55	bap1 jin1	抽菸3.2，此處端母讀如幫母
6468	十四、飲食（7）菸、茶、酒/茶	茶	茶	tʃʰa21	caa4	茶
6469	十四、飲食（7）菸、茶、酒/釅茶	濃茶	浓茶	nʊŋ21 tʃʰa21	nung4 caa4	釅茶
6470	十四、飲食（7）菸、茶、酒/茶葉	茶葉	茶叶	tʃʰa21 jip2	caa4 jip6	茶葉
6471	十四、飲食（7）菸、茶、酒/開水	開水	开水	hɔi55 ʃui35	hoi1 sui2	開水1，一般指煮沸過可飲用的水，區分冷熱可以說「凍開水」和「熱開水」
6472	十四、飲食（7）菸、茶、酒/開水	滾水	滚水	kʷɐn35 ʃui35	gwan2 sui2	開水2
6473	十四、飲食（7）菸、茶、酒/熱開水	熱開水	热开水	jit2 hɔi55 ʃui35	jit6 hoi1 sui2	熱開水
6474	十四、飲食（7）菸、茶、酒/冷開水	凍開水	冻开水	tʊŋ33 hɔi55 ʃui35	dung3 hoi1 sui2	冷開水
6475	十四、飲食（7）菸、茶、酒/沏茶	沖茶	冲茶	tʃʰʊŋ55 tʃʰa21	cung1 caa4	沏茶1
6476	十四、飲食（7）菸、茶、酒/沏茶	焗茶	焗茶	kʊk2 tʃʰa21	guk6 caa4	沏茶2
6477	十四、飲食（7）菸、茶、酒/倒茶	斟茶	斟茶	tʃɐm55 tʃʰa21	zam1 caa4	倒茶
6478	十四、飲食（7）菸、茶、酒/喝茶	飲茶	饮茶	jɐm35 tʃʰa21	jam2 caa4	喝茶
6479	十四、飲食（7）菸、茶、酒/磚茶	茶磚	茶砖	tʃʰa21 tʃyn55	caa4 zyun1	磚茶，壓成磚狀的茶葉
6480	十四、飲食（7）菸、茶、酒/紅茶	紅茶	红茶	hʊŋ21 tʃʰa21	hung4 caa4	紅茶，全發酵茶
6481	十四、飲食（7）菸、茶、酒/綠茶	綠茶	绿茶	lʊk2 tʃʰa21	luk6 caa4	綠茶，不發酵茶
6482	十四、飲食（7）菸、茶、酒/烏龍茶	青茶	青茶	tʃʰɛŋ55 tʃʰa21	ceng1 caa4	烏龍茶1，半發酵茶
6483	十四、飲食（7）菸、茶、酒/烏龍茶	烏龍茶	乌龙茶	wu55 lʊŋ21 tʃʰa21	wu1 lung4 caa4	烏龍茶2
6484	十四、飲食（7）菸、茶、酒/黑茶	黑茶	黑茶	hɐk5 tʃʰa21	hak1 caa4	黑茶，後發酵茶
6485	十四、飲食（7）菸、茶、酒/白茶	白茶	白茶	pak2 tʃʰa21	baak6 caa4	白茶，輕發酵茶
6486	十四、飲食（7）菸、茶、酒/黃茶	黃茶	黄茶	wɔŋ21 tʃʰa21	wong4 caa4	黃茶，輕發酵茶但經過悶黃工藝
6487	十四、飲食（7）菸、茶、酒/祁紅	祁紅	祁红	kʰi21 hʊŋ21	ki4 hung4	祁紅，紅茶的一種
6488	十四、飲食（7）菸、茶、酒/滇紅	滇紅	滇红	tin55 hʊŋ21	din1 hung4	滇紅，紅茶的一種
6489	十四、飲食（7）菸、茶、酒/碧螺春	碧螺春	碧螺春	pek5 lɔ21 tʃʰɐn55	bik1 lo4 can1	碧螺春1.1，綠茶的一種
6490	十四、飲食（7）菸、茶、酒/碧螺春	碧螺春	碧螺春	pek5 lɔ21 tʃʰyn55	bik1 lo4 cyun1	碧螺春1.2，綠茶的一種
6491	十四、飲食（7）菸、茶、酒/毛尖	毛尖	毛尖	mu21 tʃim55	mu4 zim1	毛尖，綠茶的一種
6492	十四、飲食（7）菸、茶、酒/龍井	龍井	龙井	lʊŋ21 tʃɛŋ35	lung4 zeng2	龍井，綠茶的一種
6493	十四、飲食（7）菸、茶、酒/茉莉花茶	茉莉花茶	茉莉花茶	mut2 li22 fa55 tʃʰa21	mut6 li6 faa1 caa4	茉莉花茶，綠茶的一種，主產地在橫縣，見2015年廣西壯族自治區商務廳《廣西特產寶典》P283-288
6494	十四、飲食（7）菸、茶、酒/西山茶	西山茶	西山茶	ɬɐi55 ʃan55 tʃʰa21	slai1 saan1 caa4	西山茶，綠茶的一種，主產地在桂平縣，見1985年《廣西特產風味指南》P73-74
6495	十四、飲食（7）菸、茶、酒/白毛茶	白毛茶	白毛茶	pak2 mu21 tʃʰa21	baak6 mu4 caa4	白毛茶，綠茶的一種，主產地在凌雲縣、貴縣等，見1985年《廣西特產風味指南》P76-77
6496	十四、飲食（7）菸、茶、酒/鐵觀音	鐵觀音	铁观音	tʰit3 kun55 jɐm55	tit3 gun1 jam1	鐵觀音，烏龍茶的一種
6497	十四、飲食（7）菸、茶、酒/大紅袍	大紅袍	大红袍	tai22 hʊŋ21 pʰu21	daai6 hung4 pu4	大紅袍，烏龍茶的一種
6498	十四、飲食（7）菸、茶、酒/普洱茶	普洱	普洱	pʰu35 ji24	pu2 ji5	普洱茶，黑茶的一種
6499	十四、飲食（7）菸、茶、酒/六堡茶	六堡茶	六堡茶	lʊk2 pu35 tʃʰa21	luk6 bu2 caa4	六堡茶，黑茶的一種，產自梧州市蒼梧縣六堡鎮，泡時茶湯紅亮如琥珀色，香味純正，味道甘醇，見2015年廣西壯族自治區商務廳《廣西特產寶典》P278-282和1985年《廣西特產風味指南》P74-75
6500	十四、飲食（7）菸、茶、酒/花茶	花茶	花茶	fa55 tʃʰa21	faa1 caa4	花茶，用曬乾的花所沖泡的茶
6501	十四、飲食（7）菸、茶、酒/甜茶	甜茶	甜茶	tʰim21 tʃʰa21	tim4 caa4	甜茶，加有糖分的紅茶，也有用含甜味素的植物葉子製成的茶，在端午節前後採製質量較好，所以也叫「端午茶、五月茶」，見1985年《廣西特產風味指南》P78
6502	十四、飲食（7）菸、茶、酒/油茶	油茶	油茶	jɐu21 tʃʰa21	jau4 caa4	油茶，一種以茶葉、炒米、生薑等爲主料經翻炒等工藝製作再配上花生米、米花等食用的茶飲，桂北山區多見，以桂林恭城油茶爲出名，製作油茶稱爲「打油茶（即舂油茶）」，生活在南寧的苗族人也常做，見1985年《廣西特產風味指南》P187-189和2009年嚴風華《四季飄香：南寧飲食文化尋蹤》P124-127
6503	十四、飲食（7）菸、茶、酒/抹茶	抹茶	抹茶	mut3 tʃʰa21	mut3 caa4	抹茶，製成細末的綠茶，源自中國宋代的「末茶」，後傳入日本寫作「抹茶」，明代中後期逐漸消失，20世紀末重新傳入中國
6504	十四、飲食（7）菸、茶、酒/清補涼	清補涼	清补凉	tʃʰeŋ55 pu35 lœŋ21	cing1 bu2 loeng4	清補涼，一種藥膳湯料，常用的藥材有薏米、淮山、茨實、桂圓肉、百合、蓮子、沙蔘、玉竹、京柿等等，也常煮成糖水作夏天的清涼飲料
6505	十四、飲食（7）菸、茶、酒/涼茶	涼茶	凉茶	lœŋ21 tʃʰa21	loeng4 caa4	清涼茶，一種用藥材熬煎的茶飲
6506	十四、飲食（7）菸、茶、酒/菊花茶	菊花茶	菊花茶	kʊk5 fa55 tʃʰa21	guk1 faa1 caa4	菊花茶，涼茶
6507	十四、飲食（7）菸、茶、酒/冬瓜茶	冬瓜茶	冬瓜茶	tʊŋ55 kʷa55 tʃʰa21	dung1 gwaa1 caa4	冬瓜茶，涼茶
6508	十四、飲食（7）菸、茶、酒/羅漢果	羅漢果	罗汉果	lɔ21 hɔn33 kɔ35	lo4 hon3 go2	羅漢果，涼茶
6509	十四、飲食（7）菸、茶、酒/雷公根	雷公根	雷公根	lui21 kʊŋ55 kɐn55	lui4 gung1 gan1	雷公根1，涼茶，南寧傳統常見的是「生舂雷公根」，「生舂」常俗作「生沖」，「生舂」即是將洗淨的新鮮雷公根放入舂坎（石臼）中舂打兩三個鐘頭
6510	十四、飲食（7）菸、茶、酒/雷公根	生舂雷公根	生舂雷公根	ʃaŋ55 tʃʰʊŋ55 lui21 kʊŋ55 kɐn55	saang1 cung1 lui4 gung1 gan1	雷公根2，涼茶，「生舂」常俗作「生沖」，「生舂」即是將洗淨的新鮮雷公根放入舂坎（石臼）中舂打兩三個鐘頭
6511	十四、飲食（7）菸、茶、酒/生地	生地	生地	ʃaŋ55 ti22	saang1 di6	生地，涼茶
6512	十四、飲食（7）菸、茶、酒/王老吉	王老吉	王老吉	wɔŋ21 lu24 kɐt5	wong4 lu5 gat1	王老吉，涼茶
6513	十四、飲食（7）菸、茶、酒/茅根竹蔗水	茅根蔗茶	茅根蔗茶	mɛu21 kɐn55 tʃɛ33 tʃʰa21	meu4 gan1 ze3 caa4	茅根竹蔗水1.1，涼茶，有的品種也加入馬蹄，稱「馬蹄茅根竹蔗水」
6514	十四、飲食（7）菸、茶、酒/茅根竹蔗水	茅根蔗茶	茅根蔗茶	mau21 kɐn55 tʃɛ33 tʃʰa21	maau4 gan1 ze3 caa4	茅根竹蔗水1.2，涼茶
6515	十四、飲食（7）菸、茶、酒/雞骨草	雞骨草	鸡骨草	kɐi55 kʷɐt5 tʃʰu35	gai1 gwat1 cu2	雞骨草，涼茶
6516	十四、飲食（7）菸、茶、酒/田基黃	田基黃	田基黄	tʰin21 ki55 wɔŋ21	tin4 gi1 wong4	田基黃，涼茶
6517	十四、飲食（7）菸、茶、酒/五花茶	五花茶	五花茶	ŋ̍24 fa55 tʃʰa21	ng5 faa1 caa4	五花茶，涼茶，包含菊花、金銀花、臘梅花、雞蛋花、木棉花
6518	十四、飲食（7）菸、茶、酒/夏桑菊	夏桑菊	夏桑菊	ha22 ɬɔŋ55 kʊk5	haa6 slong1 guk1	夏桑菊，涼茶
6519	十四、飲食（7）菸、茶、酒/桑寄生茶	桑寄生茶	桑寄生茶	ɬɔŋ55 ki33 ʃaŋ55 tʃʰa21	slong1 gi3 saang1 caa4	桑寄生茶，涼茶，以梧州桑寄生茶爲著名，見1985年《廣西特產風味指南》P79
6520	十四、飲食（7）菸、茶、酒/二十四味	廿四味	廿四味	ja22 ɬi33 mi22	jaa6 sli3 mi6	二十四味，涼茶
6521	十四、飲食（7）菸、茶、酒/涼茶王	涼茶王	凉茶王	lœŋ21 tʃʰa21 wɔŋ21	loeng4 caa4 wong4	涼茶王，涼茶的一種，味苦，治上火
6522	十四、飲食（7）菸、茶、酒/可樂	可樂	可乐	hɔ35 lɔk2	ho2 lok6	可樂，英語cola
6523	十四、飲食（7）菸、茶、酒/奶茶	奶茶	奶茶	nai24 tʃʰa21	naai5 caa4	奶茶
6524	十四、飲食（7）菸、茶、酒/咖啡	咖啡	咖啡	kʰa55 fi55	kaa1 fi1	咖啡，英語coffee
6525	十四、飲食（7）菸、茶、酒/啤酒	啤酒	啤酒	pɛ55 tʃɐu35	be1 zau2	啤酒，德語bier
6526	十四、飲食（7）菸、茶、酒/藥酒	藥酒	药酒	jœk2 tʃɐu35	joek6 zau2	藥酒
6527	十四、飲食（7）菸、茶、酒/果酒	果酒	果酒	kɔ35 tʃɐu35	go2 zau2	果酒
6528	十四、飲食（7）菸、茶、酒/乳酒	乳酒	乳酒	jy24 tʃɐu35	jyu5 zau2	乳酒
6529	十五、紅白大事（1）婚姻、生育/擇日	睇日子	睇日子	tʰɐi35 jɐt2 tʃi35	tai2 jat6 zi2	擇日1.1
6530	十五、紅白大事（1）婚姻、生育/擇日	睇日子	睇日子	tʰɐi35 jɐt2 tsɿ35	tai2 jat6 zy2	擇日1.2
6531	十五、紅白大事（1）婚姻、生育/親事	喜事	喜事	hi35 ʃi22	hi2 si6	親事1.1
6532	十五、紅白大事（1）婚姻、生育/親事	喜事	喜事	hi35 sɿ22	hi2 sy6	親事1.2
6533	十五、紅白大事（1）婚姻、生育/說媒	做媒	做媒	tʃu33 mui21	zu3 mui4	說媒
6534	十五、紅白大事（1）婚姻、生育/媒人	媒人	媒人	mui21 jɐn21	mui4 jan4	媒人1
6535	十五、紅白大事（1）婚姻、生育/媒人	媒婆	媒婆	mui21 pʰɔ21	mui4 po4	媒人2
6536	十五、紅白大事（1）婚姻、生育/相親	相親	相亲	ɬœŋ33 tʃʰɐn55	sloeng3 can1	相親1
6537	十五、紅白大事（1）婚姻、生育/相親	睇人	睇人	tʰɐi35 jɐn21	tai2 jan4	相親2
6538	十五、紅白大事（1）婚姻、生育/相貌	相貌	相貌	ɬœŋ33 mau22	sloeng3 maau6	相貌1
6539	十五、紅白大事（1）婚姻、生育/相貌	樣子	样子	jœŋ35 tʃi35	joeng2 zi2	相貌2.1
6540	十五、紅白大事（1）婚姻、生育/相貌	樣子	样子	jœŋ35 tsɿ35	joeng2 zy2	相貌2.2
6541	十五、紅白大事（1）婚姻、生育/相貌	面口	面口	min22 hɐu35	min6 hau2	相貌3
6542	十五、紅白大事（1）婚姻、生育/相貌	嘜頭	唛头	mɐk5 tʰɐu21	mak1 tau4	相貌4，英語mark，又指商標、牌子
6543	十五、紅白大事（1）婚姻、生育/年齡	年紀	年纪	nin21 ki35	nin4 gi2	年齡
6544	十五、紅白大事（1）婚姻、生育/訂婚	訂婚	订婚	teŋ22 wɐn55	ding6 wan1	訂婚1.1，定婚
6545	十五、紅白大事（1）婚姻、生育/訂婚	訂婚	订婚	teŋ22 fɐn55	ding6 fan1	訂婚1.2，定婚
6546	十五、紅白大事（1）婚姻、生育/定禮	聘禮	聘礼	pʰeŋ33 lɐi24	ping3 lai5	定禮
6547	十五、紅白大事（1）婚姻、生育/付定金	落定	落定	lɔk2 teŋ22	lok6 ding6	付定金、放定
6548	十五、紅白大事（1）婚姻、生育/喜期	喜期	喜期	hi35 kʰi21	hi2 ki4	喜期1，結婚的日子
6549	十五、紅白大事（1）婚姻、生育/喜期	日子	日子	jɐt2 tʃi35	jat6 zi2	喜期2.1，結婚的日子
6550	十五、紅白大事（1）婚姻、生育/喜期	日子	日子	jɐt2 tsɿ35	jat6 zy2	喜期2.2，結婚的日子
6551	十五、紅白大事（1）婚姻、生育/喜酒	喜酒	喜酒	hi35 tʃɐu35	hi2 zau2	喜酒
6552	十五、紅白大事（1）婚姻、生育/辦喜酒	請酒	请酒	tʃʰeŋ35 tʃɐu35	cing2 zau2	辦喜酒
6553	十五、紅白大事（1）婚姻、生育/吃喜酒	飲酒	饮酒	jɐm35 tʃɐu35	jam2 zau2	吃喜酒
6554	十五、紅白大事（1）婚姻、生育/嫁妝	嫁妝	嫁妆	ka33 tʃɔŋ55	gaa3 zong1	嫁妝1
6555	十五、紅白大事（1）婚姻、生育/嫁妝	陪嫁	陪嫁	pʰui21 ka33	pui4 gaa3	嫁妝2
6556	十五、紅白大事（1）婚姻、生育/過嫁妝	過嫁妝	过嫁妆	kɔ33 ka33 tʃɔŋ55	go3 gaa3 zong1	過嫁妝1
6557	十五、紅白大事（1）婚姻、生育/過嫁妝	過禮	过礼	kɔ33 lɐi24	go3 lai5	過嫁妝2
6558	十五、紅白大事（1）婚姻、生育/娶親	攞老婆	攞老婆	lɔ35 lu24 pʰɔ21	lo2 lu5 po4	娶親
6559	十五、紅白大事（1）婚姻、生育/娶媳婦	攞新婦	攞新妇	lɔ35 ɬɐn55 pʰu24	lo2 slan1 pu5	娶媳婦
6560	十五、紅白大事（1）婚姻、生育/找對象	搵老婆	揾老婆	wɐn35 lu24 pʰɔ21	wan2 lu5 po4	找對象
6561	十五、紅白大事（1）婚姻、生育/送親	送親	送亲	ɬʊŋ33 tʃʰɐn55	slung3 can1	送親
6562	十五、紅白大事（1）婚姻、生育/迎親	迎親	迎亲	jeŋ21 tʃʰɐn55	jing4 can1	迎親
6563	十五、紅白大事（1）婚姻、生育/出嫁	嫁	嫁	ka33	gaa3	出嫁1
6564	十五、紅白大事（1）婚姻、生育/出嫁	嫁人	嫁人	ka33 jɐn21	gaa3 jan4	出嫁2
6565	十五、紅白大事（1）婚姻、生育/出嫁	出嫁	出嫁	tʃʰyt5 ka33	cyut1 gaa3	出嫁3
6566	十五、紅白大事（1）婚姻、生育/嫁閨女	嫁女	嫁女	ka33 ny35	gaa3 nyu2	嫁閨女
6567	十五、紅白大事（1）婚姻、生育/結婚	結婚	结婚	kit3 wɐn55	git3 wan1	結婚1.1
6568	十五、紅白大事（1）婚姻、生育/結婚	結婚	结婚	kit3 fɐn55	git3 fan1	結婚1.2
6569	十五、紅白大事（1）婚姻、生育/結婚	成親	成亲	ʃeŋ21 tʃʰɐn55	sing4 can1	結婚2
6570	十五、紅白大事（1）婚姻、生育/花轎	花轎	花轿	fa55 kiu22	faa1 giu6	花轎
6571	十五、紅白大事（1）婚姻、生育/拜堂	拜堂	拜堂	pai33 tʰɔŋ21	baai3 tong4	拜堂1
6572	十五、紅白大事（1）婚姻、生育/拜堂	拜天地	拜天地	pai33 tʰin55 ti22	baai3 tin1 di6	拜堂2
6573	十五、紅白大事（1）婚姻、生育/拜堂	成禮	成礼	ʃeŋ21 lɐi24	sing4 lai5	拜堂3
6574	十五、紅白大事（1）婚姻、生育/開臉	開面	开面	hɔi55 min22	hoi1 min6	開臉，出嫁前化妝
6575	十五、紅白大事（1）婚姻、生育/新郎	新郎	新郎	ɬɐn55 lɔŋ21	slan1 long4	新郎1
6576	十五、紅白大事（1）婚姻、生育/新郎	新郎公	新郎公	ɬɐn55 lɔŋ21 kʊŋ55	slan1 long4 gung1	新郎2
6577	十五、紅白大事（1）婚姻、生育/新郎	新郎哥	新郎哥	ɬɐn55 lɔŋ21 kɔ55	slan1 long4 go1	新郎3
6578	十五、紅白大事（1）婚姻、生育/新郎	新姑爺	新姑爷	ɬɐn55 ku55 jɛ21	slan1 gu1 je4	新郎4
6579	十五、紅白大事（1）婚姻、生育/新娘	新娘	新娘	ɬɐn55 nœŋ21	slan1 noeng4	新娘1
6580	十五、紅白大事（1）婚姻、生育/新娘	新婦娘	新妇娘	ɬɐn55 pʰu24 nœŋ21	slan1 pu5 noeng4	新娘2
6581	十五、紅白大事（1）婚姻、生育/伴郎	伴郎	伴郎	pun22 lɔŋ21	bun6 long4	伴郎1
6582	十五、紅白大事（1）婚姻、生育/伴郎	陪郎	陪郎	pʰui21 lɔŋ21	pui4 long4	伴郎2
6583	十五、紅白大事（1）婚姻、生育/伴娘	伴娘	伴娘	pun22 nœŋ21	bun6 noeng4	伴娘1
6584	十五、紅白大事（1）婚姻、生育/伴娘	陪娘	陪娘	pʰui21 nœŋ21	pui4 noeng4	伴娘2
6585	十五、紅白大事（1）婚姻、生育/新房	新房	新房	ɬɐn55 fɔŋ21	slan1 fong4	新房1
6586	十五、紅白大事（1）婚姻、生育/新房	洞房	洞房	tʊŋ22 fɔŋ21	dung6 fong4	新房2
6587	十五、紅白大事（1）婚姻、生育/跨火盆	𨂾火盆	𨂾火盆	nam33 fɔ35 pʰun21	naam3 fo2 pun4	跨火盆，新娘進夫家門要跨火盆
6588	十五、紅白大事（1）婚姻、生育/交杯酒	交杯酒	交杯酒	kau55 pui55 tʃɐu35	gaau1 bui1 zau2	交杯酒
6589	十五、紅白大事（1）婚姻、生育/鬧新房	鬧新房	闹新房	nau22 ɬɐn55 fɔŋ21	naau6 slan1 fong4	鬧新房
6590	十五、紅白大事（1）婚姻、生育/送年茶	送年茶	送年茶	ɬʊŋ33 nin21 tʃʰa21	slung3 nin4 caa4	送年茶，春節時新婚夫婦回孃家賀年並送禮物，孃家也備糉子、年糕、米花糖、油餈粑等還送
6591	十五、紅白大事（1）婚姻、生育/回門	回門	回门	wui21 mun21	wui4 mun4	回門
6592	十五、紅白大事（1）婚姻、生育/再醮	再嫁	再嫁	tʃɔi33 ka33	zoi3 gaa3	再醮
6593	十五、紅白大事（1）婚姻、生育/改嫁	改嫁	改嫁	kɔi35 ka33	goi2 gaa3	改嫁
6594	十五、紅白大事（1）婚姻、生育/二婚女人	返頭婆	返头婆	fan55 tʰɐu21 pʰɔ21	faan1 tau4 po4	二婚女人，俗作「翻頭婆」
6595	十五、紅白大事（1）婚姻、生育/續絃	再攞過	再攞过	tʃɔi33 lɔ35 kɔ33	zoi3 lo2 go3	續絃1，從男方說
6596	十五、紅白大事（1）婚姻、生育/續絃	續娶	续娶	tʃʊk2 tʃʰy35	zuk6 cyu2	續絃2，從男方說
6597	十五、紅白大事（1）婚姻、生育/填房	填房	填房	tʰin21 fɔŋ21	tin4 fong4	填房，從女方說
6598	十五、紅白大事（1）婚姻、生育/懷孕了	有身	有身	jɐu24 ʃɐn55	jau5 san1	懷孕了1
6599	十五、紅白大事（1）婚姻、生育/懷孕了	有身子	有身子	jɐu24 ʃɐn55 tʃi35	jau5 san1 zi2	懷孕了2.1
6600	十五、紅白大事（1）婚姻、生育/懷孕了	有身子	有身子	jɐu24 ʃɐn55 tsɿ35	jau5 san1 zy2	懷孕了2.2
6601	十五、紅白大事（1）婚姻、生育/懷孕了	馱崽	驮崽	tʰɔ21 tʃɐi35	to4 zai2	懷孕了3
6602	十五、紅白大事（1）婚姻、生育/懷孕了	馱仔	驮仔	tʰɔ21 tʃɐi35	to4 zai2	懷孕了3，同「馱崽」
6603	十五、紅白大事（1）婚姻、生育/懷孕了	有崽	有崽	jɐu24 tʃɐi35	jau5 zai2	懷孕了4
6604	十五、紅白大事（1）婚姻、生育/懷孕了	有仔	有仔	jɐu24 tʃɐi35	jau5 zai2	懷孕了4，同「有崽」
6605	十五、紅白大事（1）婚姻、生育/懷孕了	漚崽	沤崽	ɐu33 tʃɐi35	au3 zai2	懷孕了5，尤指妊娠初期
6606	十五、紅白大事（1）婚姻、生育/懷孕了	漚仔	沤仔	ɐu33 tʃɐi35	au3 zai2	懷孕了5，尤指妊娠初期，同「漚崽」
6607	十五、紅白大事（1）婚姻、生育/懷孕了	肚大	肚大	tʰu24 tai22	tu5 daai6	懷孕了6
6608	十五、紅白大事（1）婚姻、生育/懷孕了	有喜	有喜	jɐu24 hi35	jau5 hi2	懷孕了7
6609	十五、紅白大事（1）婚姻、生育/孕婦	大肚婆	大肚婆	tai22 tʰu24 pʰɔ21	daai6 tu5 po4	孕婦
6610	十五、紅白大事（1）婚姻、生育/產婦	坐月婆	坐月婆	tʃʰɔ24 jyt2 pʰɔ21	co5 jyut6 po4	產婦，坐月子的婦女
6611	十五、紅白大事（1）婚姻、生育/流產	小產	小产	ɬiu35 tʃʰan35	sliu2 caan2	流產1
6612	十五、紅白大事（1）婚姻、生育/流產	甩	甩	lɐt5	lat1	流產2，本字「㪐」，另一說本字「脫」，上古複輔音遺留
6613	十五、紅白大事（1）婚姻、生育/流產	流	流	lɐu21	lau4	流產3
6614	十五、紅白大事（1）婚姻、生育/流產	甩胎	甩胎	lɐt5 tʰɔi55	lat1 toi1	流產4
6615	十五、紅白大事（1）婚姻、生育/臨產	臨盆	临盆	lɐm21 pʰun21	lam4 pun4	臨產
6616	十五、紅白大事（1）婚姻、生育/出生	出世	出世	tʃʰyt5 ʃɐi33	cyut1 sai3	出生
6617	十五、紅白大事（1）婚姻、生育/生孩子	生崽	生崽	ʃaŋ55 tʃɐi35	saang1 zai2	生孩子1
6618	十五、紅白大事（1）婚姻、生育/生孩子	生仔	生仔	ʃaŋ55 tʃɐi35	saang1 zai2	生孩子1，同「生崽」
6619	十五、紅白大事（1）婚姻、生育/生孩子	生	生	ʃaŋ55	saang1	生孩子2
6620	十五、紅白大事（1）婚姻、生育/接生	接生	接生	tʃip3 ʃaŋ55	zip3 saang1	接生
6621	十五、紅白大事（1）婚姻、生育/接生婆	接生婆	接生婆	tʃip3 ʃaŋ55 pʰɔ21	zip3 saang1 po4	接生婆
6622	十五、紅白大事（1）婚姻、生育/剪臍帶	剪臍帶	剪脐带	tʃin35 tʃʰi21 tai33	zin2 ci4 daai3	剪臍帶
6623	十五、紅白大事（1）婚姻、生育/胎盤	胎盤	胎盘	tʰɔi55 pʰun21	toi1 pun4	胎盤1
6624	十五、紅白大事（1）婚姻、生育/胎盤	胞衣	胞衣	pɛu55 ji55	beu1 ji1	胎盤2.1
6625	十五、紅白大事（1）婚姻、生育/胎盤	胞衣	胞衣	pau55 ji55	baau1 ji1	胎盤2.2
6626	十五、紅白大事（1）婚姻、生育/胎盤	紫河車	紫河车	tʃi35 hɔ21 tʃʰɛ55	zi2 ho4 ce1	胎盤3.1
6627	十五、紅白大事（1）婚姻、生育/胎盤	紫河車	紫河车	tsɿ35 hɔ21 tʃʰɛ55	zy2 ho4 ce1	胎盤3.2
6628	十五、紅白大事（1）婚姻、生育/坐月子	坐月	坐月	tʃʰɔ24 jyt2	co5 jyut6	坐月子
6629	十五、紅白大事（1）婚姻、生育/三朝	三朝	三朝	ɬam55 tʃiu55	slaam1 ziu1	三朝，小孩兒生下三天纔能見外人
6630	十五、紅白大事（1）婚姻、生育/滿月	滿月	满月	mun24 jyt2	mun5 jyut6	滿月1
6631	十五、紅白大事（1）婚姻、生育/滿月	出月	出月	tʃʰyt5 jyt2	cyut1 jyut6	滿月2
6632	十五、紅白大事（1）婚姻、生育/飲滿月酒	飲滿月酒	饮满月酒	jɐm35 mun24 jyt2 tʃɐu35	jam2 mun5 jyut6 zau2	飲滿月酒
6633	十五、紅白大事（1）婚姻、生育/百日	百籮	百箩	pak3 lɔ55	baak3 lo1	百日
6634	十五、紅白大事（1）婚姻、生育/週歲	對歲	对岁	tui33 ɬui33	dui3 slui3	週歲
6635	十五、紅白大事（1）婚姻、生育/第一胎	頭胎	头胎	tʰɐu21 tʰɔi55	tau4 toi1	第一胎
6636	十五、紅白大事（1）婚姻、生育/雙胞胎	雙孖胎	双孖胎	ʃœŋ55 ma55 tʰɔi55	soeng1 maa1 toi1	雙胞胎1
6637	十五、紅白大事（1）婚姻、生育/雙胞胎	雙孖崽	双孖崽	ʃœŋ55 ma55 tʃɐi35	soeng1 maa1 zai2	雙胞胎2
6638	十五、紅白大事（1）婚姻、生育/雙胞胎	雙孖仔	双孖仔	ʃœŋ55 ma55 tʃɐi35	soeng1 maa1 zai2	雙胞胎2，同「雙孖崽」
6639	十五、紅白大事（1）婚姻、生育/雙胞胎	雙孖女	双孖女	ʃœŋ55 ma55 ny35	soeng1 maa1 nyu2	雙胞胎3
6640	十五、紅白大事（1）婚姻、生育/雙胞胎	雙胞胎	双胞胎	ʃœŋ55 pɛu55 tʰɔi55	soeng1 beu1 toi1	雙胞胎4.1
6641	十五、紅白大事（1）婚姻、生育/雙胞胎	雙胞胎	双胞胎	ʃœŋ55 pau55 tʰɔi55	soeng1 baau1 toi1	雙胞胎4.2
6642	十五、紅白大事（1）婚姻、生育/雙生子	孖崽	孖崽	ma55 tʃɐi35	maa1 zai2	雙生子
6643	十五、紅白大事（1）婚姻、生育/雙生子	孖仔	孖仔	ma55 tʃɐi35	maa1 zai2	雙生子，同「孖崽」
6644	十五、紅白大事（1）婚姻、生育/雙生女	孖女	孖女	ma55 ny35	maa1 nyu2	雙生女
6645	十五、紅白大事（1）婚姻、生育/背生子	遺腹崽	遗腹崽	wɐi21 fʊk5 tʃɐi35	wai4 fuk1 zai2	背生子1.1
6646	十五、紅白大事（1）婚姻、生育/背生子	遺腹仔	遗腹仔	wɐi21 fʊk5 tʃɐi35	wai4 fuk1 zai2	背生子1.1，同「遺腹崽」
6647	十五、紅白大事（1）婚姻、生育/背生子	遺腹崽	遗腹崽	ji21 fʊk5 tʃɐi35	ji4 fuk1 zai2	背生子1.2
6648	十五、紅白大事（1）婚姻、生育/背生子	遺腹仔	遗腹仔	ji21 fʊk5 tʃɐi35	ji4 fuk1 zai2	背生子1.2，同「遺腹崽」
6649	十五、紅白大事（1）婚姻、生育/墮胎	打胎	打胎	ta35 tʰɔi55	daa2 toi1	墮胎
6650	十五、紅白大事（1）婚姻、生育/吃奶	食奶	食奶	ʃek2 nai24	sik6 naai5	吃奶1
6651	十五、紅白大事（1）婚姻、生育/吃奶	食瀰瀰	食弥弥	ʃek2 mɛ21 mɛ35	sik6 me4 me2	吃奶2
6652	十五、紅白大事（1）婚姻、生育/吃奶	食瀰	食弥	ʃek2 mɛ21	sik6 me4	吃奶3
6653	十五、紅白大事（1）婚姻、生育/奶頭	瀰瀰	弥弥	mɛ21 mɛ35	me4 me2	奶頭
6654	十五、紅白大事（1）婚姻、生育/斷奶	隔奶	隔奶	kak3 nai24	gaak3 naai5	斷奶
6655	十五、紅白大事（1）婚姻、生育/尿牀	攋尿	攋尿	lai22 niu22	laai6 niu6	尿牀1.1
6656	十五、紅白大事（1）婚姻、生育/尿牀	攋尿	攋尿	lai24 niu22	laai5 niu6	尿牀1.2
6657	十五、紅白大事（1）婚姻、生育/遺屎	攋屎	攋屎	lai22 ʃi35	laai6 si2	遺屎1.1
6658	十五、紅白大事（1）婚姻、生育/遺屎	攋屎	攋屎	lai24 ʃi35	laai5 si2	遺屎1.2
6659	十五、紅白大事（2）壽辰、喪葬/生日	生日	生日	ʃaŋ55 jɐt2	saang1 jat6	生日1
6660	十五、紅白大事（2）壽辰、喪葬/生日	牛一	牛一	ŋɐu21 jɐt5	ngau4 jat1	生日2，因爲「生」字拆開爲「牛一」
6661	十五、紅白大事（2）壽辰、喪葬/過生日	做生日	做生日	tʃu33 ʃaŋ55 jɐt2	zu3 saang1 jat6	過生日1
6662	十五、紅白大事（2）壽辰、喪葬/過生日	做壽	做寿	tʃu33 ʃɐu22	zu3 sau6	過生日2，一般是長者
6663	十五、紅白大事（2）壽辰、喪葬/過生日	過生日	过生日	kɔ33 ʃaŋ55 jɐt2	go3 saang1 jat6	過生日3
6664	十五、紅白大事（2）壽辰、喪葬/祝壽	祝壽	祝寿	tʃʊk5 ʃɐu22	zuk1 sau6	祝壽
6665	十五、紅白大事（2）壽辰、喪葬/慶壽	拜壽	拜寿	pai33 ʃɐu22	baai3 sau6	慶壽
6666	十五、紅白大事（2）壽辰、喪葬/壽星	壽星	寿星	ʃɐu22 ɬeŋ55	sau6 sling1	壽星
6667	十五、紅白大事（2）壽辰、喪葬/落地哭三聲，富貴命生成	落地哭三聲，富貴命生成	落地哭三声，富贵命生成	lɔk2 ti22 hʊk5 ɬam55 ʃɛŋ55，fu33 kʷɐi33 mɛŋ22 ʃaŋ55 ʃɛŋ21	lok6 di6 huk1 slaam1 seng1，fu3 gwai3 meng6 saang1 seng4	落地哭三聲，富貴命生成，俗語，認爲富貴、生死是天註定的，多用於安慰人
6668	十五、紅白大事（2）壽辰、喪葬/喪事	白事	白事	pak2 ʃi22	baak6 si6	喪事1.1
6669	十五、紅白大事（2）壽辰、喪葬/喪事	白事	白事	pak2 sɿ22	baak6 sy6	喪事1.2
6670	十五、紅白大事（2）壽辰、喪葬/奔喪	奔喪	奔丧	pɐn55 ɬɔŋ55	ban1 slong1	奔喪
6671	十五、紅白大事（2）壽辰、喪葬/哭喪	哭喪	哭丧	hʊk5 ɬɔŋ55	huk1 slong1	哭喪
6672	十五、紅白大事（2）壽辰、喪葬/斷氣	斷氣	断气	tʰyn24 hi33	tyun5 hi3	斷氣
6673	十五、紅白大事（2）壽辰、喪葬/死	死	死	ɬi35	sli2	死1，統稱
6674	十五、紅白大事（2）壽辰、喪葬/死	翹	翘	kʰɛu21	keu4	死2
6675	十五、紅白大事（2）壽辰、喪葬/死了	死哂	死哂	ɬi35 ɬai33	sli2 slaai3	死了1
6676	十五、紅白大事（2）壽辰、喪葬/死了	過哂	过哂	kɔ33 ɬai33	go3 slaai3	死了2
6677	十五、紅白大事（2）壽辰、喪葬/死了	行哂	行哂	haŋ21 ɬai33	haang4 slaai3	死了3
6678	十五、紅白大事（2）壽辰、喪葬/死了	翹哂	翘哂	kʰɛu21 ɬai33	keu4 slaai3	死了4
6679	十五、紅白大事（2）壽辰、喪葬/死了	歄哂	歄哂	kʷa55 ɬai33	gwaa1 slaai3	死了5，俗作「瓜哂」
6680	十五、紅白大事（2）壽辰、喪葬/死了	過世	过世	kɔ33 ʃɐi33	go3 sai3	死了6
6681	十五、紅白大事（2）壽辰、喪葬/死了	過身	过身	kɔ33 ʃɐn55	go3 san1	死了7
6682	十五、紅白大事（2）壽辰、喪葬/死了	去世	去世	hy33 ʃɐi33	hyu3 sai3	死了8
6683	十五、紅白大事（2）壽辰、喪葬/死了	死翹翹	死翘翘	ɬi35 kʰɛu21 kʰɛu55	sli2 keu4 keu1	死了9
6684	十五、紅白大事（2）壽辰、喪葬/靈牀	靈牀	灵床	leŋ21 tʃʰɔŋ21	ling4 cong4	靈牀
6685	十五、紅白大事（2）壽辰、喪葬/棺材	棺材	棺材	kun55 tʃʰɔi21	gun1 coi4	棺材1
6686	十五、紅白大事（2）壽辰、喪葬/棺材	壽材	寿材	ʃɐu22 tʃʰɔi21	sau6 coi4	棺材2，生前預製的棺材
6687	十五、紅白大事（2）壽辰、喪葬/棺材	壽木	寿木	ʃɐu22 mʊk2	sau6 muk6	棺材3
6688	十五、紅白大事（2）壽辰、喪葬/入殮	入殮	入殓	jɐp2 lim22	jap6 lim6	入殮1.2
6689	十五、紅白大事（2）壽辰、喪葬/入殮	入殮	入殓	jɐp2 lim35	jap6 lim2	入殮1.1
6690	十五、紅白大事（2）壽辰、喪葬/靈堂	靈堂	灵堂	leŋ21 tʰɔŋ21	ling4 tong4	靈堂
6691	十五、紅白大事（2）壽辰、喪葬/佛堂	佛堂	佛堂	fɐt2 tʰɔŋ21	fat6 tong4	佛堂
6692	十五、紅白大事（2）壽辰、喪葬/守靈	守靈	守灵	ʃɐu35 leŋ21	sau2 ling4	守靈1
6693	十五、紅白大事（2）壽辰、喪葬/守靈	坐夜	坐夜	tʃʰɔ24 jɛ22	co5 je6	守靈2
6694	十五、紅白大事（2）壽辰、喪葬/靈位	靈牌	灵牌	leŋ21 pʰai21	ling4 paai4	靈位1
6695	十五、紅白大事（2）壽辰、喪葬/靈位	神主牌	神主牌	ʃɐn21 tʃy35 pʰai21	san4 zyu2 paai4	靈位2
6696	十五、紅白大事（2）壽辰、喪葬/做七	做七	做七	tʃu33 tʃʰɐt5	zu3 cat1	做七
6697	十五、紅白大事（2）壽辰、喪葬/守孝	守孝	守孝	ʃɐu35 hau33	sau2 haau3	守孝
6698	十五、紅白大事（2）壽辰、喪葬/帶孝	帶孝	带孝	tai33 hau33	daai3 haau3	帶孝
6699	十五、紅白大事（2）壽辰、喪葬/披麻帶孝	披麻帶孝	披麻带孝	pʰi55 ma21 tai33 hau33	pi1 maa4 daai3 haau3	披麻帶孝
6700	十五、紅白大事（2）壽辰、喪葬/孝帽	孝帽	孝帽	hau33 mu22	haau3 mu6	孝帽
6701	十五、紅白大事（2）壽辰、喪葬/孝巾	孝巾	孝巾	hau33 kɐn55	haau3 gan1	孝巾
6702	十五、紅白大事（2）壽辰、喪葬/戴孝巾	紮孝巾	扎孝巾	tʃat3 hau33 kɐn55	zaat3 haau3 gan1	戴孝巾
6703	十五、紅白大事（2）壽辰、喪葬/孝衣	孝服	孝服	hau33 fʊk2	haau3 fuk6	孝衣
6704	十五、紅白大事（2）壽辰、喪葬/脫孝	除孝	除孝	tʃʰy21 hau33	cyu4 haau3	脫孝1
6705	十五、紅白大事（2）壽辰、喪葬/脫孝	解孝	解孝	kai35 hau33	gaai2 haau3	脫孝2
6706	十五、紅白大事（2）壽辰、喪葬/脫孝	脫孝	脱孝	tʰyt3 hau33	tyut3 haau3	脫孝3
6707	十五、紅白大事（2）壽辰、喪葬/哀杖	孝杖	孝杖	hau33 tʃœŋ22	haau3 zoeng6	哀杖
6708	十五、紅白大事（2）壽辰、喪葬/壽碗	壽碗	寿碗	ʃɐu22 wun35	sau6 wun2	壽碗
6709	十五、紅白大事（2）壽辰、喪葬/孝子	孝子	孝子	hau33 tʃi35	haau3 zi2	孝子1.1
6710	十五、紅白大事（2）壽辰、喪葬/孝子	孝子	孝子	hau33 tsɿ35	haau3 zy2	孝子1.2
6711	十五、紅白大事（2）壽辰、喪葬/孝孫	孝孫	孝孙	hau33 ɬyn55	haau3 slyun1	孝孫
6712	十五、紅白大事（2）壽辰、喪葬/孝棒	打狗棍	打狗棍	ta35 kɐu35 kʷɐn33	daa2 gau2 gwan3	孝棒
6713	十五、紅白大事（2）壽辰、喪葬/弔孝	弔孝	吊孝	tiu33 hau33	diu3 haau3	弔孝
6714	十五、紅白大事（2）壽辰、喪葬/訃聞	報喪	报丧	pu33 ɬɔŋ55	bu3 slong1	訃聞
6715	十五、紅白大事（2）壽辰、喪葬/謝孝	謝孝	谢孝	tʃɛ22 hau33	ze6 haau3	謝孝
6716	十五、紅白大事（2）壽辰、喪葬/祭奠	祭靈	祭灵	tʃɐi33 leŋ21	zai3 ling4	祭奠
6717	十五、紅白大事（2）壽辰、喪葬/祭文	祭文	祭文	tʃɐi33 mɐn21	zai3 man4	祭文
6718	十五、紅白大事（2）壽辰、喪葬/出殯	出殯	出殡	tʃʰyt5 pɐn55	cyut1 ban1	出殯1
6719	十五、紅白大事（2）壽辰、喪葬/出殯	上山	上山	ʃœŋ24 ʃan55	soeng5 saan1	出殯2
6720	十五、紅白大事（2）壽辰、喪葬/出殯	出山	出山	tʃʰyt5 ʃan55	cyut1 saan1	出殯3
6721	十五、紅白大事（2）壽辰、喪葬/出殯	送喪	送丧	ɬʊŋ33 ɬɔŋ55	slung3 slong1	出殯4
6722	十五、紅白大事（2）壽辰、喪葬/出殯	出喪	出丧	tʃʰyt5 ɬɔŋ55	cyut1 slong1	出殯5
6723	十五、紅白大事（2）壽辰、喪葬/送葬	送葬	送葬	ɬʊŋ33 tʃɔŋ33	slung3 zong3	送葬
6724	十五、紅白大事（2）壽辰、喪葬/壽衣鋪	壽衣鋪	寿衣铺	ʃɐu22 ji55 pʰu33	sau6 ji1 pu3	壽衣鋪
6725	十五、紅白大事（2）壽辰、喪葬/棺材鋪	棺材鋪	棺材铺	kun55 tʃʰɔi21 pʰu33	gun1 coi4 pu3	棺材鋪
6726	十五、紅白大事（2）壽辰、喪葬/擡棺材的	仵作佬	仵作佬	ŋ̍24 tʃɔk2 lu35	ng5 zok6 lu2	擡棺材的1
6727	十五、紅白大事（2）壽辰、喪葬/擡棺材的	土公佬	土公佬	tʰu35 kʊŋ55 lu35	tu2 gung1 lu2	擡棺材的2
6728	十五、紅白大事（2）壽辰、喪葬/開坑	開金井	开金井	hɔi55 kɐm55 tʃɛŋ35	hoi1 gam1 zeng2	開坑1
6729	十五、紅白大事（2）壽辰、喪葬/開坑	挖坑	挖坑	wɛt3 haŋ55	wet3 haang1	開坑2
6730	十五、紅白大事（2）壽辰、喪葬/開坑	挖窿	挖窿	wɛt3 lʊŋ55	wet3 lung1	開坑3
6731	十五、紅白大事（2）壽辰、喪葬/開坑	開坑	开坑	hɔi55 haŋ55	hoi1 haang1	開坑4
6732	十五、紅白大事（2）壽辰、喪葬/葬	葬	葬	tʃɔŋ33	zong3	葬1
6733	十五、紅白大事（2）壽辰、喪葬/葬	壅	壅	ʊŋ55	ung1	葬2
6734	十五、紅白大事（2）壽辰、喪葬/紙紮	燒衣	烧衣	ʃiu55 ji55	siu1 ji1	紙紮，用紙紮的人、馬、房子等
6735	十五、紅白大事（2）壽辰、喪葬/紙錢	雞錢	鸡钱	kɐi55 tʃʰin21	gai1 cin4	紙錢1，冥幣
6736	十五、紅白大事（2）壽辰、喪葬/紙錢	陰司紙	阴司纸	jɐm55 ʃi55 tʃi35	jam1 si1 zi2	紙錢2.1，冥幣
6737	十五、紅白大事（2）壽辰、喪葬/紙錢	陰司紙	阴司纸	jɐm55 sɿ55 tʃi35	jam1 sy1 zi2	紙錢2.2，冥幣
6738	十五、紅白大事（2）壽辰、喪葬/元寶	元寶	元宝	jyn21 pu35	jyun4 bu2	元寶，紙摺的
6739	十五、紅白大事（2）壽辰、喪葬/金銀紙	金銀紙	金银纸	kɐm55 ŋɐn21 tʃi35	gam1 ngan4 zi2	金銀紙
6740	十五、紅白大事（2）壽辰、喪葬/符籙	符法	符法	fu21 fɛt5	fu4 fet1	符籙，引申爲戲法、把戲
6741	十五、紅白大事（2）壽辰、喪葬/墳地	墳地	坟地	fɐn21 ti22	fan4 di6	墳地1
6742	十五、紅白大事（2）壽辰、喪葬/墳地	墓地	墓地	mu22 ti22	mu6 di6	墳地2
6743	十五、紅白大事（2）壽辰、喪葬/墳墓	墳山	坟山	fɐn21 ʃan55	fan4 saan1	墳墓
6744	十五、紅白大事（2）壽辰、喪葬/碑	碑	碑	pi55	bi1	碑1，不單指墓碑
6745	十五、紅白大事（2）壽辰、喪葬/碑	墓碑	墓碑	mu22 pi55	mu6 bi1	碑2
6746	十五、紅白大事（2）壽辰、喪葬/上墳	拜山	拜山	pai33 ʃan55	baai3 saan1	上墳1
6747	十五、紅白大事（2）壽辰、喪葬/上墳	掃墳	扫坟	ɬu33 fɐn21	slu3 fan4	上墳2
6748	十五、紅白大事（2）壽辰、喪葬/上墳	鏟墳	铲坟	tʃʰɛn35 fɐn21	cen2 fan4	上墳3
6749	十五、紅白大事（2）壽辰、喪葬/尋短見	搵死	揾死	wɐn35 ɬi35	wan2 sli2	尋短見1
6750	十五、紅白大事（2）壽辰、喪葬/尋短見	想死	想死	ɬœŋ35 ɬi35	sloeng2 sli2	尋短見2
6751	十五、紅白大事（2）壽辰、喪葬/自殺	自盡	自尽	tʃi22 tʃɐn22	zi6 zan6	自殺1.1
6752	十五、紅白大事（2）壽辰、喪葬/自殺	自盡	自尽	tsɿ22 tʃɐn22	zy6 zan6	自殺1.2
6753	十五、紅白大事（2）壽辰、喪葬/自殺	自殺	自杀	tʃi22 ʃat3	zi6 saat3	自殺2.1
6754	十五、紅白大事（2）壽辰、喪葬/自殺	自殺	自杀	tsɿ22 ʃat3	zy6 saat3	自殺2.2
6755	十五、紅白大事（2）壽辰、喪葬/投水（自盡）	跳水	跳水	tʰiu33 ʃui35	tiu3 sui2	投水1（自盡）
6756	十五、紅白大事（2）壽辰、喪葬/投水（自盡）	跳河	跳河	tʰiu33 hɔ21	tiu3 ho4	投水2（自盡）
6757	十五、紅白大事（2）壽辰、喪葬/溺水	沈水	沈水	tʃɐm22 ʃui35	zam6 sui2	溺水
6758	十五、紅白大事（2）壽辰、喪葬/淹死	沈死	沈死	tʃɐm22 ɬi35	zam6 sli2	淹死1
6759	十五、紅白大事（2）壽辰、喪葬/淹死	浸死	浸死	tʃɐm33 ɬi35	zam3 sli2	淹死2
6760	十五、紅白大事（2）壽辰、喪葬/上吊	吊頸	吊颈	tiu33 kɛŋ35	diu3 geng2	上吊
6761	十五、紅白大事（2）壽辰、喪葬/驗屍	驗屍	验尸	nim22 ʃi55	nim6 si1	驗屍
6762	十五、紅白大事（2）壽辰、喪葬/屍體	死屍	死尸	ɬi35 ʃi55	sli2 si1	屍體1
6763	十五、紅白大事（2）壽辰、喪葬/屍體	屍	尸	ʃi55	si1	屍體2
6764	十五、紅白大事（2）壽辰、喪葬/屍體	屍骸	尸骸	ʃi55 hai21	si1 haai4	屍體3.1
6765	十五、紅白大事（2）壽辰、喪葬/屍體	屍骸	尸骸	ʃi55 hɔi21	si1 hoi4	屍體3.2
6766	十五、紅白大事（2）壽辰、喪葬/屍骨	骨	骨	kʷɐt5	gwat1	屍骨1
6767	十五、紅白大事（2）壽辰、喪葬/屍骨	骨骸	骨骸	kʷɐt5 hai21	gwat1 haai4	屍骨2.1
6768	十五、紅白大事（2）壽辰、喪葬/屍骨	骨骸	骨骸	kʷɐt5 hɔi21	gwat1 hoi4	屍骨2.2
6769	十五、紅白大事（2）壽辰、喪葬/屍骨	屍骸	尸骸	ʃi55 hai21	si1 haai4	屍骨3.1，屍、骨：捱老虎擔去，連～都冇見
6770	十五、紅白大事（2）壽辰、喪葬/屍骨	屍骸	尸骸	ʃi55 hɔi21	si1 hoi4	屍骨3.2，屍、骨：捱老虎擔去，連～都冇見
6771	十五、紅白大事（2）壽辰、喪葬/骨灰	骨灰	骨灰	kʷɐt5 fui55	gwat1 fui1	骨灰
6772	十五、紅白大事（2）壽辰、喪葬/骨灰（或骨殖）罈子	金罌	金罂	kɐm55 aŋ55	gam1 aang1	骨灰（或骨殖）罈子1，「金」爲「骨」的音變
6773	十五、紅白大事（2）壽辰、喪葬/骨灰（或骨殖）罈子	金埕	金埕	kɐm55 tʃʰeŋ21	gam1 cing4	骨灰（或骨殖）罈子2，「金」爲「骨」的音變
6774	十五、紅白大事（2）壽辰、喪葬/骨灰（或骨殖）罈子	骨罌	骨罂	kʷɐt5 aŋ55	gwat1 aang1	骨灰（或骨殖）罈子3
6775	十五、紅白大事（2）壽辰、喪葬/骨灰（或骨殖）罈子	金聳	金耸	kɐm55 ɬʊŋ35	gam1 slung2	骨灰（或骨殖）罈子4，實爲「骨冢」的音變
6776	十五、紅白大事（2）壽辰、喪葬/骨灰（或骨殖）罈子	骨冢埕	骨冢埕	kʷɐt5 tʃʊŋ35 tʃʰeŋ21	gwat1 zung2 cing4	骨灰（或骨殖）罈子5
6777	十五、紅白大事（2）壽辰、喪葬/遷葬	執骨	执骨	tʃɐp5 kʷɐt5	zap1 gwat1	遷葬，撿拾屍骨作二次葬
6778	十五、紅白大事（3）迷信/老天爺	天老爺	天老爷	tʰin55 lu24 jɛ21	tin1 lu5 je4	老天爺1
6779	十五、紅白大事（3）迷信/老天爺	青天老爺	青天老爷	tʃʰeŋ55 tʰin55 lu24 jɛ21	cing1 tin1 lu5 je4	老天爺2
6780	十五、紅白大事（3）迷信/老天爺	天公	天公	tʰin55 kʊŋ55	tin1 gung1	老天爺3
6781	十五、紅白大事（3）迷信/老天爺	天公老爺	天公老爷	tʰin55 kʊŋ55 lu24 jɛ21	tin1 gung1 lu5 je4	老天爺4
6782	十五、紅白大事（3）迷信/老天爺	皇天老爺	皇天老爷	wɔŋ21 tʰin55 lu24 jɛ21	wong4 tin1 lu5 je4	老天爺5
6783	十五、紅白大事（3）迷信/竈王爺	竈君老爺	灶君老爷	tʃu33 kʷɐn55 lu24 jɛ21	zu3 gwan1 lu5 je4	竈王爺1
6784	十五、紅白大事（3）迷信/竈王爺	竈王爺	灶王爷	tʃu33 wɔŋ21 jɛ21	zu3 wong4 je4	竈王爺2
6785	十五、紅白大事（3）迷信/竈王爺	竈君	灶君	tʃu33 kʷɐn55	zu3 gwan1	竈王爺3
6786	十五、紅白大事（3）迷信/竈王爺	竈神爺	灶神爷	tʃu33 ʃɐn21 jɛ21	zu3 san4 je4	竈王爺4
6787	十五、紅白大事（3）迷信/佛	佛	佛	fɐt2	fat6	佛1
6788	十五、紅白大事（3）迷信/佛	大肚佛	大肚佛	tai22 tʰu24 fɐt2	daai6 tu5 fat6	佛2
6789	十五、紅白大事（3）迷信/神	神	神	ʃɐn21	san4	神1
6790	十五、紅白大事（3）迷信/神	神仙	神仙	ʃɐn21 ɬin55	san4 slin1	神2
6791	十五、紅白大事（3）迷信/菩薩	菩薩	菩萨	pʰɔ21 ɬat3	po4 slaat3	菩薩
6792	十五、紅白大事（3）迷信/觀世音	觀音	观音	kun55 jɐm55	gun1 jam1	觀世音1，觀音
6793	十五、紅白大事（3）迷信/觀世音	觀音菩薩	观音菩萨	kun55 jɐm55 pʰɔ21 ɬat3	gun1 jam1 po4 slaat3	觀世音2，觀音
6794	十五、紅白大事（3）迷信/觀世音	觀世音	观世音	kun55 ʃɐi33 jɐm55	gun1 sai3 jam1	觀世音3，觀音
6795	十五、紅白大事（3）迷信/廟	廟	庙	miu22	miu6	廟
6796	十五、紅白大事（3）迷信/庵	庵	庵	ɐm55	am1	庵
6797	十五、紅白大事（3）迷信/寺廟、廟宇	廟堂	庙堂	miu22 tʰɔŋ21	miu6 tong4	寺廟、廟宇
6798	十五、紅白大事（3）迷信/土地廟	土地廟	土地庙	tʰu35 ti22 miu22	tu2 di6 miu6	土地廟
6799	十五、紅白大事（3）迷信/土地神	土地公	土地公	tʰu35 ti22 kʊŋ55	tu2 di6 gung1	土地神1
6800	十五、紅白大事（3）迷信/土地神	社公	社公	ʃɛ24 kʊŋ55	se5 gung1	土地神2
6801	十五、紅白大事（3）迷信/財神爺	財神爺	财神爷	tʃʰɔi21 ʃɐn21 jɛ21	coi4 san4 je4	財神爺
6802	十五、紅白大事（3）迷信/關帝廟	關帝廟	关帝庙	kʷan55 tɐi33 miu22	gwaan1 dai3 miu6	關帝廟
6803	十五、紅白大事（3）迷信/龍王廟	龍王廟	龙王庙	lʊŋ21 wɔŋ21 miu22	lung4 wong4 miu6	龍王廟
6804	十五、紅白大事（3）迷信/龍王	龍王	龙王	lʊŋ21 wɔŋ21	lung4 wong4	龍王
6805	十五、紅白大事（3）迷信/城隍廟	城隍廟	城隍庙	ʃeŋ21 wɔŋ21 miu22	sing4 wong4 miu6	城隍廟
6806	十五、紅白大事（3）迷信/水月庵	水月庵	水月庵	ʃui35 jyt2 ɐm55	sui2 jyut6 am1	水月庵，本地廟宇名
6807	十五、紅白大事（3）迷信/清真寺	清真寺	清真寺	tʃʰeŋ55 tʃɐn55 tʃʰi22	cing1 zan1 ci6	清真寺1.1
6808	十五、紅白大事（3）迷信/清真寺	清真寺	清真寺	tʃʰeŋ55 tʃɐn55 tsʰɿ22	cing1 zan1 cy6	清真寺1.2
6809	十五、紅白大事（3）迷信/清真寺	清真寺	清真寺	tʃʰeŋ55 tʃɐn55 tʃi22	cing1 zan1 zi6	清真寺1.3，罕讀
6810	十五、紅白大事（3）迷信/清真寺	清真寺	清真寺	tʃʰeŋ55 tʃɐn55 tsɿ22	cing1 zan1 zy6	清真寺1.4，罕讀
6811	十五、紅白大事（3）迷信/閻王	閻羅王	阎罗王	jim21 lɔ21 wɔŋ21	jim4 lo4 wong4	閻王
6812	十五、紅白大事（3）迷信/祠堂	祠堂	祠堂	tʃʰi21 tʰɔŋ21	ci4 tong4	祠堂1.1
6813	十五、紅白大事（3）迷信/祠堂	祠堂	祠堂	tsʰɿ21 tʰɔŋ21	cy4 tong4	祠堂1.2
6814	十五、紅白大事（3）迷信/祠堂	宗廟	宗庙	tʃʊŋ55 miu22	zung1 miu6	祠堂2
6815	十五、紅白大事（3）迷信/佛龕	神龕	神龛	ʃɐn21 kʰam55	san4 kaam1	佛龕1.2
6816	十五、紅白大事（3）迷信/佛龕	神龕	神龛	ʃɐn21 hɐm55	san4 ham1	佛龕1.1
6817	十五、紅白大事（3）迷信/香案	神檯	神台	ʃɐn21 tʰɔi21	san4 toi4	香案1，香桌、供桌
6818	十五、紅白大事（3）迷信/香案	香檯	香台	hœŋ55 tʰɔi21	hoeng1 toi4	香案2，香桌、供桌
6819	十五、紅白大事（3）迷信/神位	神祉牌	神祉牌	ʃɐn21 tʃi35 pʰai21	san4 zi2 paai4	神位1
6820	十五、紅白大事（3）迷信/神位	神位	神位	ʃɐn21 wɐi35	san4 wai2	神位2.1
6821	十五、紅白大事（3）迷信/神位	神位	神位	ʃɐn21 wɐi22	san4 wai6	神位2.2
6822	十五、紅白大事（3）迷信/上供	供	供	kʊŋ33	gung3	上供1
6823	十五、紅白大事（3）迷信/上供	供神	供神	kʊŋ33 ʃɐn21	gung3 san4	上供2
6824	十五、紅白大事（3）迷信/上供	拜神	拜神	pai33 ʃɐn21	baai3 san4	上供3
6825	十五、紅白大事（3）迷信/燭臺	燭臺	烛台	tʃʊk5 tʰɔi21	zuk1 toi4	燭臺
6826	十五、紅白大事（3）迷信/蠟燭	蠟燭	蜡烛	lap2 tʃʊk5	laap6 zuk1	蠟燭，敬神的那種
6827	十五、紅白大事（3）迷信/線香	香	香	hœŋ55	hoeng1	線香
6828	十五、紅白大事（3）迷信/香枝蠟燭	香枝蠟燭	香枝蜡烛	hœŋ55 tʃi55 lap2 tʃʊk5	hoeng1 zi1 laap6 zuk1	香枝蠟燭
6829	十五、紅白大事（3）迷信/香爐	香爐	香炉	hœŋ55 lu21	hoeng1 lu4	香爐1
6830	十五、紅白大事（3）迷信/香爐	香爐鉢	香炉钵	hœŋ55 lu21 put3	hoeng1 lu4 but3	香爐2
6831	十五、紅白大事（3）迷信/燒香	裝香	装香	tʃɔŋ55 hœŋ55	zong1 hoeng1	燒香1
6832	十五、紅白大事（3）迷信/燒香	燒香	烧香	ʃiu55 hœŋ55	siu1 hoeng1	燒香2
6833	十五、紅白大事（3）迷信/燒香	進香	进香	tʃɐn33 hœŋ55	zan3 hoeng1	燒香3
6834	十五、紅白大事（3）迷信/長明燈	長明燈	长明灯	tʃʰœŋ21 meŋ21 tɐŋ55	coeng4 ming4 dang1	長明燈
6835	十五、紅白大事（3）迷信/籤	籤	签	tʃʰim55	cim1	籤
6836	十五、紅白大事（3）迷信/求籤	求籤	求签	kʰɐu21 tʃʰim55	kau4 cim1	求籤
6837	十五、紅白大事（3）迷信/打卦	打卦	打卦	ta35 kʷa33	daa2 gwaa3	打卦1
6838	十五、紅白大事（3）迷信/打卦	睇卦	睇卦	tʰɐi35 kʷa33	tai2 gwaa3	打卦2
6839	十五、紅白大事（3）迷信/打卦	占卦	占卦	tʃim55 kʷa33	zim1 gwaa3	打卦3
6840	十五、紅白大事（3）迷信/打卦	卜卦	卜卦	pʰʊk5 kʷa33	puk1 gwaa3	打卦4
6841	十五、紅白大事（3）迷信/陰珓	陰卦	阴卦	jɐm55 kʷa33	jam1 gwaa3	陰珓，兩面都朝下
6842	十五、紅白大事（3）迷信/陽珓	陽卦	阳卦	jœŋ21 kʷa33	joeng4 gwaa3	陽珓，兩面都朝上
6843	十五、紅白大事（3）迷信/聖珓	寶卦	宝卦	pu35 kʷa33	bu2 gwaa3	聖珓，一正一反
6844	十五、紅白大事（3）迷信/廟會	廟會	庙会	miu22 wui35	miu6 wui2	廟會1.1
6845	十五、紅白大事（3）迷信/廟會	廟會	庙会	miu22 wui22	miu6 wui6	廟會1.2
6846	十五、紅白大事（3）迷信/木魚	木魚	木鱼	mʊk2 jy21	muk6 jyu4	木魚
6847	十五、紅白大事（3）迷信/香錢	香錢	香钱	hœŋ55 tʃʰin21	hoeng1 cin4	香錢
6848	十五、紅白大事（3）迷信/佈施	施捨	施舍	ʃi55 ʃɛ35	si1 se2	佈施
6849	十五、紅白大事（3）迷信/做道場	做法事	做法事	tʃu33 fat3 ʃi22	zu3 faat3 si6	做道場1.1
6850	十五、紅白大事（3）迷信/做道場	做法事	做法事	tʃu33 fat3 sɿ22	zu3 faat3 sy6	做道場1.2
6851	十五、紅白大事（3）迷信/做道場	打齋	打斋	ta35 tʃai55	daa2 zaai1	做道場2
6852	十五、紅白大事（3）迷信/做道場	喃齋	喃斋	nam55 tʃai55	naam1 zaai1	做道場3
6853	十五、紅白大事（3）迷信/唸經	喃經	喃经	nam55 keŋ55	naam1 ging1	唸經1
6854	十五、紅白大事（3）迷信/唸經	喃齋	喃斋	nam55 tʃai55	naam1 zaai1	唸經2
6855	十五、紅白大事（3）迷信/唸經	喃嘸	喃呒	nam55 mɔ55	naam1 mo1	唸經3
6856	十五、紅白大事（3）迷信/求福	求福	求福	kʰɐu21 fʊk5	kau4 fuk1	求福
6857	十五、紅白大事（3）迷信/拜佛	拜佛	拜佛	pai33 fɐt2	baai3 fat6	拜佛
6858	十五、紅白大事（3）迷信/虔誠	虔誠	虔诚	kʰin21 ʃeŋ21	kin4 sing4	虔誠
6859	十五、紅白大事（3）迷信/測字	測字	测字	tʃʰɐk5 tʃi22	cak1 zi6	測字1.1
6860	十五、紅白大事（3）迷信/測字	測字	测字	tʃʰɐk5 tsɿ22	cak1 zy6	測字1.2
6861	十五、紅白大事（3）迷信/看風水	睇風水	睇风水	tʰɐi35 fʊŋ55 ʃui35	tai2 fung1 sui2	看風水
6862	十五、紅白大事（3）迷信/風水先生	風水先生	风水先生	fʊŋ55 ʃui35 ɬin55 ʃaŋ55	fung1 sui2 slin1 saang1	風水先生1
6863	十五、紅白大事（3）迷信/風水先生	地理先生	地理先生	ti22 li24 ɬin55 ʃaŋ55	di6 li5 slin1 saang1	風水先生2
6864	十五、紅白大事（3）迷信/風水先生	風水佬	风水佬	fʊŋ55 ʃui35 lu35	fung1 sui2 lu2	風水先生3
6865	十五、紅白大事（3）迷信/算命	算命	算命	ɬyn33 mɛŋ22	slyun3 meng6	算命1，看生辰八字
6866	十五、紅白大事（3）迷信/算命	睇相	睇相	tʰɐi35 ɬœŋ33	tai2 sloeng3	算命2，看相
6867	十五、紅白大事（3）迷信/算命先生	算命先生	算命先生	ɬyn33 mɛŋ22 ɬin55 ʃaŋ55	slyun3 meng6 slin1 saang1	算命先生1，看生辰八字的
6868	十五、紅白大事（3）迷信/算命先生	睇相嘅	睇相嘅	tʰɐi35 ɬœŋ33 kɛ33	tai2 sloeng3 ge3	算命先生2，看相的
6869	十五、紅白大事（3）迷信/算命先生	算命佬	算命佬	ɬyn33 mɛŋ22 lu35	slyun3 meng6 lu2	算命先生3，看生辰八字的
6870	十五、紅白大事（3）迷信/算命先生	睇相佬	睇相佬	tʰɐi35 ɬœŋ55 lu35	tai2 sloeng1 lu2	算命先生4，看相的
6871	十五、紅白大事（3）迷信/巫婆	仙婆	仙婆	ɬin55 pʰɔ21	slin1 po4	巫婆1
6872	十五、紅白大事（3）迷信/巫婆	鬼婆	鬼婆	kʷɐi35 pʰɔ21	gwai2 po4	巫婆2
6873	十五、紅白大事（3）迷信/跳神	跳神	跳神	tʰiu33 ʃɐn21	tiu3 san4	跳神
6874	十五、紅白大事（3）迷信/許願	許願	许愿	hy35 jyn22	hyu2 jyun6	許願
6875	十五、紅白大事（3）迷信/還願	還願	还愿	wan21 jyn22	waan4 jyun6	還願1.1
6876	十五、紅白大事（3）迷信/還願	還願	还愿	wɛn21 jyn22	wen4 jyun6	還願1.2
6877	十五、紅白大事（3）迷信/還願	還神	还神	wan21 ʃɐn21	waan4 san4	還願2.1
6878	十五、紅白大事（3）迷信/還願	還神	还神	wɛn21 ʃɐn21	wen4 san4	還願2.2
6879	十五、紅白大事（3）迷信/保佑	保佑	保佑	pu35 jɐu22	bu2 jau6	保佑
6880	十六、日常生活（1）衣/衣服	衫褲	衫裤	ʃam55 fu33	saam1 fu3	衣服
6881	十六、日常生活（1）衣/穿衣服	着衫	着衫	tʃœk3 ʃam55	zoek3 saam1	穿衣服1
6882	十六、日常生活（1）衣/穿衣服	穿衫	穿衫	tʃʰyn55 ʃam55	cyun1 saam1	穿衣服2
6883	十六、日常生活（1）衣/提褲子	搊褲	搊裤	tʃʰɐu55 fu33	cau1 fu3	提褲子1，俗作「抽褲」
6884	十六、日常生活（1）衣/提褲子	搊褲	搊裤	jɐu55 fu33	jau1 fu3	提褲子2
6885	十六、日常生活（1）衣/提鞋幫	搊鞋	搊鞋	jɐu55 hai21	jau1 haai4	提鞋幫
6886	十六、日常生活（1）衣/穿（衣服、鞋）	着	着	tʃœk3	zoek3	穿1（衣服、鞋、襪）
6887	十六、日常生活（1）衣/穿（衣服、鞋）	穿	穿	tʃʰyn55	cyun1	穿2（衣服、鞋、襪）
6888	十六、日常生活（1）衣/脫（衣服、鞋）	除	除	tʃʰy21	cyu4	脫1（衣服、鞋、襪）
6889	十六、日常生活（1）衣/脫（衣服、鞋）	解	解	kai35	gaai2	脫2（衣服、鞋、襪）
6890	十六、日常生活（1）衣/脫（衣服、鞋）	脫	脱	tʰyt3	tyut3	脫3（衣服、鞋、襪）
6891	十六、日常生活（1）衣/脫衣服	除衫	除衫	tʃʰy21 ʃam55	cyu4 saam1	脫衣服1
6892	十六、日常生活（1）衣/脫衣服	解衫	解衫	kai35 ʃam55	gaai2 saam1	脫衣服2
6893	十六、日常生活（1）衣/脫衣服	脫衫	脱衫	tʰyt3 ʃam55	tyut3 saam1	脫衣服3
6894	十六、日常生活（1）衣/穿鞋	着鞋	着鞋	tʃœk3 hai21	zoek3 haai4	穿鞋1
6895	十六、日常生活（1）衣/穿鞋	穿鞋	穿鞋	tʃʰyn55 hai21	cyun1 haai4	穿鞋2
6896	十六、日常生活（1）衣/穿鞋踏襪	穿鞋踏襪	穿鞋踏袜	tʃʰyn55 hai21 tap2 mat2	cyun1 haai4 daap6 maat6	穿鞋踏襪
6897	十六、日常生活（1）衣/脫鞋	除鞋	除鞋	tʃʰy21 hai21	cyu4 haai4	脫鞋1
6898	十六、日常生活（1）衣/脫鞋	解鞋	解鞋	kai35 hai21	gaai2 haai4	脫鞋2
6899	十六、日常生活（1）衣/脫鞋	脫鞋	脱鞋	tʰyt3 hai21	tyut3 haai4	脫鞋3
6900	十六、日常生活（1）衣/光腳穿鞋	乾撈	干捞	kɔn55 lu55	gon1 lu1	光腳穿鞋，戲稱
6901	十六、日常生活（1）衣/挽起、捲起	摺	折	jɛp3	jep3	挽起、捲起（～衫袖、～褲腳），俗字「擪」
6902	十六、日常生活（1）衣/挽起袖子、捲起袖子	摺衫袖	折衫袖	jɛp3 ʃam55 tʃɐu22	jep3 saam1 zau6	挽起袖子、捲起袖子，俗作「擪衫袖」
6903	十六、日常生活（1）衣/挽起褲腿兒、捲起褲腿兒	摺褲腳	折裤脚	jɛp3 fu33 kœk3	jep3 fu3 goek3	挽起褲腿兒、捲起褲腿兒，俗作「擪褲腳」
6904	十六、日常生活（1）衣/量衣服	度身	度身	tɔk2 ʃɐn55	dok6 san1	量衣服1
6905	十六、日常生活（1）衣/量衣服	度尺寸	度尺寸	tɔk2 tʃʰɛk3 tʃʰyn33	dok6 cek3 cyun3	量衣服2
6906	十六、日常生活（1）衣/量衣服	量尺寸	量尺寸	lœŋ21 tʃʰɛk3 tʃʰyn33	loeng4 cek3 cyun3	量衣服3
6907	十六、日常生活（1）衣/打粉線	畫線	画线	wak2 ɬin33	waak6 slin3	打粉線
6908	十六、日常生活（1）衣/裁	裁	裁	tʃʰɔi21	coi4	裁
6909	十六、日常生活（1）衣/裁衫	裁衫	裁衫	tʃʰɔi21 ʃam55	coi4 saam1	裁衣
6910	十六、日常生活（1）衣/做衣服	做衫	做衫	tʃu33 ʃam55	zu3 saam1	做衣服，統稱
6911	十六、日常生活（1）衣/做鞋子	做鞋	做鞋	tʃu33 hai21	zu3 haai4	做鞋子，統稱
6912	十六、日常生活（1）衣/做裙子	做裙	做裙	tʃu33 kʷʰɐn21	zu3 kwan4	做裙子
6913	十六、日常生活（1）衣/縫（衣服）	聯	联	lyn21	lyun4	縫1.1（衣服）
6914	十六、日常生活（1）衣/縫（衣服）	聯	联	lin21	lin4	縫1.2（衣服）
6915	十六、日常生活（1）衣/縫（被子）	䋎	䋎	tan33	daan3	縫2.1（被子），讀聲符旦，又或上古知組讀如端組遺留
6916	十六、日常生活（1）衣/縫（被子）	䋎	䋎	nan33	naan3	縫2.2（被子），猶似端組旁轉
6917	十六、日常生活（1）衣/縫（鞋子）	綻	绽	tʃan33	zaan3	縫3（鞋子），～花鞋，繡製花鞋，～鞋底，納鞋底，老派用法
6918	十六、日常生活（1）衣/縫衣服	聯衫	联衫	lyn21 ʃam55	lyun4 saam1	縫衣服1.1，統稱
6919	十六、日常生活（1）衣/縫衣服	聯衫	联衫	lin21 ʃam55	lin4 saam1	縫衣服1.2，統稱
6920	十六、日常生活（1）衣/縫衣服	針衫	针衫	tʃɐm55 ʃam55	zam1 saam1	縫衣服2，舊時用手工縫
6921	十六、日常生活（1）衣/縫衣服	車衫	车衫	tʃʰɛ55 ʃam55	ce1 saam1	縫衣服3，用縫紉機縫
6922	十六、日常生活（1）衣/織毛衣	織唥衫	织唥衫	tʃek5 laŋ55 ʃam55	zik1 laang1 saam1	織毛衣
6923	十六、日常生活（1）衣/針工	針工	针工	tʃɐm55 kʊŋ55	zam1 gung1	針工，縫紉的技術
6924	十六、日常生活（1）衣/編竹片	織篾	织篾	tʃek5 mɛt2	zik1 met6	編竹片，用於花燈等
6925	十六、日常生活（1）衣/貼邊	貼邊	贴边	tʰip3 pin55	tip3 bin1	貼邊，縫在衣服裏子邊上的窄條
6926	十六、日常生活（1）衣/緄邊	緄邊	绲边	kʷʰɐn35 pin55	kwan2 bin1	緄邊，在衣服、布鞋等的邊緣特別縫製的一種圓棱的邊兒
6927	十六、日常生活（1）衣/鎖邊	鎖邊	锁边	ɬɔ35 pin55	slo2 bin1	鎖邊，用機器
6928	十六、日常生活（1）衣/繚貼邊	落貼	落贴	lɔk2 tʰip3	lok6 tip3	繚貼邊
6929	十六、日常生活（1）衣/繰邊兒	繚衫腳	缭衫脚	lɛu55 ʃam55 kœk3	leu1 saam1 goek3	繰邊兒1
6930	十六、日常生活（1）衣/繰邊兒	繚褲腳	缭裤脚	lɛu55 fu33 kœk3	leu1 fu3 goek3	繰邊兒2
6931	十六、日常生活（1）衣/繰邊兒	繚袖口	缭袖口	lɛu55 tʃɐu22 hɐu35	leu1 zau6 hau2	繰邊兒3
6932	十六、日常生活（1）衣/繰邊兒	挑褲腳	挑裤脚	tʰiu55 fu33 kœk3	tiu1 fu3 goek3	繰邊兒4
6933	十六、日常生活（1）衣/放長	落腳	落脚	lɔk2 kœk3	lok6 goek3	放長1，把衣、褲放長
6934	十六、日常生活（1）衣/放長	放腳	放脚	fɔŋ33 kœk3	fong3 goek3	放長2
6935	十六、日常生活（1）衣/納鞋底子	打鞋底	打鞋底	ta35 hai21 tɐi35	daa2 haai4 dai2	納鞋底子1
6936	十六、日常生活（1）衣/納鞋底子	綻鞋底	绽鞋底	tʃan33 hai21 tɐi35	zaan3 haai4 dai2	納鞋底子2，老派用法
6937	十六、日常生活（1）衣/繡製花鞋	綻花鞋	绽花鞋	tʃan33 fa55 hai21	zaan3 faa1 haai4	繡製花鞋，老派用法
6938	十六、日常生活（1）衣/釘釦子	釘紐	钉纽	tɛŋ55 nɐu35	deng1 nau2	釘釦子
6939	十六、日常生活（1）衣/開釦眼	開紐門	开纽门	hɔi55 nɐu35 mun21	hoi1 nau2 mun4	開釦眼1
6940	十六、日常生活（1）衣/開釦眼	開紐窿	开纽窿	hɔi55 nɐu35 lʊŋ55	hoi1 nau2 lung1	開釦眼2
6941	十六、日常生活（1）衣/鎖釦眼	鎖紐門	锁纽门	ɬɔ35 nɐu35 mun21	slo2 nau2 mun4	鎖釦眼1
6942	十六、日常生活（1）衣/鎖釦眼	鎖紐窿	锁纽窿	ɬɔ35 nɐu35 lʊŋ55	slo2 nau2 lung1	鎖釦眼2
6943	十六、日常生活（1）衣/繡花兒	繡花	绣花	ɬɐu33 fa55	slau3 faa1	繡花兒
6944	十六、日常生活（1）衣/打補丁	補𤶠	补𤶠	pu35 na55	bu2 naa1	打補丁1
6945	十六、日常生活（1）衣/打補丁	補衫	补衫	pu35 ʃam55	bu2 saam1	打補丁2
6946	十六、日常生活（1）衣/補褲子	補褲	补裤	pu35 fu33	bu2 fu3	補褲子
6947	十六、日常生活（1）衣/做被臥	絎被	绗被	hɔŋ21 pʰi24	hong4 pi5	做被臥1
6948	十六、日常生活（1）衣/做被臥	䋎被	䋎被	tan33 pʰi24	daan3 pi5	做被臥2.1
6949	十六、日常生活（1）衣/做被臥	䋎被	䋎被	nan33 pʰi24	naan3 pi5	做被臥2.2
6950	十六、日常生活（1）衣/洗衣服	洗衫	洗衫	ɬɐi35 ʃam55	slai2 saam1	洗衣服1
6951	十六、日常生活（1）衣/洗衣服	洗衫褲	洗衫裤	ɬɐi35 ʃam55 fu33	slai2 saam1 fu3	洗衣服2
6952	十六、日常生活（1）衣/洗一次	洗一水	洗一水	ɬɐi35 a55 ʃui35	slai2 aa1 sui2	洗一次1
6953	十六、日常生活（1）衣/洗一次	洗過一水	洗过一水	ɬɐi35 kɔ33 a55 ʃui35	slai2 go3 aa1 sui2	洗一次2
6954	十六、日常生活（1）衣/投清	過衫	过衫	kɔ33 ʃam55	go3 saam1	投清，用清水漂洗
6955	十六、日常生活（1）衣/曬衣服	曬衫	晒衫	ʃai33 ʃam55	saai3 saam1	曬衣服
6956	十六、日常生活（1）衣/晾衣服	㫰衫	㫰衫	lɔŋ22 ʃam55	long6 saam1	晾衣服，俗作「晾衫」
6957	十六、日常生活（1）衣/晾乾	㫰乾	㫰干	lɔŋ22 kɔn55	long6 gon1	晾乾，俗作「晾乾」
6958	十六、日常生活（1）衣/漿衣服	過漿	过浆	kɔ33 tʃœŋ55	go3 zoeng1	漿衣服1
6959	十六、日常生活（1）衣/漿衣服	漿衫	浆衫	tʃœŋ55 ʃam55	zoeng1 saam1	漿衣服2
6960	十六、日常生活（1）衣/熨衣服	燙衫	烫衫	tʰɔŋ33 ʃam55	tong3 saam1	熨衣服1
6961	十六、日常生活（1）衣/熨衣服	燙衫褲	烫衫裤	tʰɔŋ33 ʃam55 fu33	tong3 saam1 fu3	熨衣服2
6962	十六、日常生活（1）衣/（衣服）縮水	縮水	缩水	ʃʊk5 ʃui35	suk1 sui2	（衣服）縮水1
6963	十六、日常生活（1）衣/（衣服）縮水	縮	缩	ʃʊk5	suk1	（衣服）縮水2
6964	十六、日常生活（1）衣/做針線活	做針子	做针子	tʃu33 tʃɐm55 tʃi35	zu3 zam1 zi2	做針線活兒1.1
6965	十六、日常生活（1）衣/做針線活	做針子	做针子	tʃu33 tʃɐm55 tsɿ35	zu3 zam1 zy2	做針線活兒1.2
6966	十六、日常生活（2）食/邕菜（南寧菜）	邕菜	邕菜	jʊŋ55 tʃʰɔi33	jung1 coi3	邕菜（南寧菜），南寧風味的菜餚，與粵菜同源，以1945年12月成立的萬國大飯店（1950年改名「萬國酒家」）的菜餚爲代表，代表廚師有周端複、吳耀、潘啓鎰、鍾逢秋、黄美泰、鄺惠全、淩菊生、陳偉雄、蒙新、王堂豪等等，到了20世紀80年代末因國企私有化改革中的一起國有資產流失案導致萬國酒家最終於1993年倒閉，員工全部下崗，最後一任經理爲王允權（第十七任），老萬國酒家今已不復存在；另外，1930年前後建成的金山酒家和1942年建成的桂南酒家也是南寧酒家的代表，今已不存；除此以外，1952年成立的明園飯店、1958年成立的西園飯店和1952年成立的南寧飯店也是南寧著名的國賓館，代表廚師爲高光明（1916-1994）
6967	十六、日常生活（2）食/上珍	上珍	上珍	ʃœŋ22 tʃɐn55	soeng6 zan1	上珍，即上乘的菜餚
6968	十六、日常生活（2）食/中珍	中珍	中珍	tʃʊŋ55 tʃɐn55	zung1 zan1	中珍，即中乘的菜餚
6969	十六、日常生活（2）食/下珍	下珍	下珍	ha22 tʃɐn55	haa6 zan1	下珍，即下乘的菜餚
6970	十六、日常生活（2）食/燒煤	燒煤	烧煤	ʃiu55 mui21	siu1 mui4	燒煤
6971	十六、日常生活（2）食/燒煤氣（燒液化石油氣）	燒煤氣	烧煤气	ʃiu55 mui21 hi33	siu1 mui4 hi3	燒煤氣1（燒液化石油氣）
6972	十六、日常生活（2）食/燒煤氣（燒液化石油氣）	燒油	烧油	ʃiu55 jɐu21	siu1 jau4	燒煤氣2（燒液化石油氣）
6973	十六、日常生活（2）食/生火	透火	透火	tʰɐu33 fɔ35	tau3 fo2	生火
6974	十六、日常生活（2）食/燒火	燒火	烧火	ʃiu55 fɔ35	siu1 fo2	燒火
6975	十六、日常生活（2）食/封火	封火	封火	fʊŋ55 fɔ35	fung1 fo2	封火
6976	十六、日常生活（2）食/看火	睇火	睇火	tʰɐi35 fɔ35	tai2 fo2	看火
6977	十六、日常生活（2）食/做飯	煮飯	煮饭	tʃy35 fan22	zyu2 faan6	做飯1，總稱
6978	十六、日常生活（2）食/做飯	舞兩餐	舞两餐	mu24 lœŋ24 tʃʰan55	mu5 loeng5 caan1	做飯2
6979	十六、日常生活（2）食/做飯	舞兩頭餐	舞两头餐	mu24 lœŋ24 tʰɐu21 tʃʰan55	mu5 loeng5 tau4 caan1	做飯3
6980	十六、日常生活（2）食/熬粥	煲粥	煲粥	pu55 tʃʊk5	bu1 zuk1	熬粥
6981	十六、日常生活（2）食/煲到飛	煲到飛	煲到飞	pu55 tu33 fi55	bu1 du3 fi1	煲到飛，粥煮得看不到米粒
6982	十六、日常生活（2）食/淘米	洗米	洗米	ɬɐi35 mɐi24	slai2 mai5	淘米1
6983	十六、日常生活（2）食/淘米	淘米	淘米	tʰu21 mɐi24	tu4 mai5	淘米2
6984	十六、日常生活（2）食/劈柴	破柴	破柴	pʰɔ33 tʃʰai21	po3 caai4	劈柴
6985	十六、日常生活（2）食/煮飯	煮飯	煮饭	tʃy35 fan22	zyu2 faan6	煮飯
6986	十六、日常生活（2）食/燜飯	焗飯	焗饭	kʊk2 fan22	guk6 faan6	燜飯1
6987	十六、日常生活（2）食/燜飯	燜飯	焖饭	mɐn55 fan22	man1 faan6	燜飯2
6988	十六、日常生活（2）食/燜排骨	焗骨	焗骨	kʊk2 kʷɐt5	guk6 gwat1	燜排骨1
6989	十六、日常生活（2）食/燜排骨	燜排骨	焖排骨	mɐn55 pʰai21 kʷɐt5	man1 paai4 gwat1	燜排骨2
6990	十六、日常生活（2）食/茄子燜排骨	矮瓜燜排骨	矮瓜焖排骨	ɐi35 kʷa55 mɐn55 pʰai21 kʷɐt5	ai2 gwaa1 man1 paai4 gwat1	茄子燜排骨，一道家常菜，20世紀60年代舊名曾叫「矮崽上樓頭」
6991	十六、日常生活（2）食/發麪	發麪	发面	fat3 min22	faat3 min6	發麪1
6992	十六、日常生活（2）食/發麪	發麪粉	发面粉	fat3 min22 fɐn35	faat3 min6 fan2	發麪2
6993	十六、日常生活（2）食/和麪	搋麪	搋面	tʃʰai55 min22	caai1 min6	和麪1
6994	十六、日常生活（2）食/和麪	搋麪粉	搋面粉	tʃʰai55 min22 fɐn35	caai1 min6 fan2	和麪2
6995	十六、日常生活（2）食/揉麪	搋麪	搋面	tʃʰai55 min22	caai1 min6	揉麪1
6996	十六、日常生活（2）食/揉麪	搙麪	搙面	nʊk5 min22	nuk1 min6	揉麪2
6997	十六、日常生活（2）食/擀麪條	擀麪	擀面	kɔn35 min22	gon2 min6	擀麪條1
6998	十六、日常生活（2）食/擀麪條	研麪	研面	ŋɛn21 min22	ngen4 min6	擀麪條2.1
6999	十六、日常生活（2）食/擀麪條	研麪	研面	ŋan21 min22	ngaan4 min6	擀麪條2.2
7000	十六、日常生活（2）食/抻面條	拉麪	拉面	lai55 min22	laai1 min6	抻面條
7001	十六、日常生活（2）食/下麪條	熝麪	熝面	lʊk5 min22	luk1 min6	下麪條1
7002	十六、日常生活（2）食/下麪條	放麪條	放面条	fɔŋ33 min22 tʰiu21	fong3 min6 tiu4	下麪條2
7003	十六、日常生活（2）食/下麪條	落麪條	落面条	lɔk2 min22 tʰiu21	lok6 min6 tiu4	下麪條3
7004	十六、日常生活（2）食/切麪條	切麪	切面	tʃʰit3 min22	cit3 min6	切麪條
7005	十六、日常生活（2）食/煮麪條	煮麪條	煮面条	tʃy35 min22 tʰiu21	zyu2 min6 tiu4	煮麪條
7006	十六、日常生活（2）食/煮粉	煮粉	煮粉	tʃy35 fɐn35	zyu2 fan2	煮粉
7007	十六、日常生活（2）食/過涼水	過冷河	过冷河	kɔ33 laŋ24 hɔ21	go3 laang5 ho4	過涼水，食物煮過後放涼水浸一下
7008	十六、日常生活（2）食/蒸饅頭	蒸饅頭	蒸馒头	tʃeŋ55 man22 tʰɐu21	zing1 maan6 tau4	蒸饅頭
7009	十六、日常生活（2）食/蒸包子	蒸包	蒸包	tʃeŋ55 pɛu55	zing1 beu1	蒸包子1.1
7010	十六、日常生活（2）食/蒸包子	蒸包	蒸包	tʃeŋ55 pau55	zing1 baau1	蒸包子1.2
7011	十六、日常生活（2）食/煎包子	煎包	煎包	tʃin55 pɛu55	zin1 beu1	煎包子1.1
7012	十六、日常生活（2）食/煎包子	煎包	煎包	tʃin55 pau55	zin1 baau1	煎包子1.2
7013	十六、日常生活（2）食/蒸飯	蒸飯	蒸饭	tʃeŋ55 fan22	zing1 faan6	蒸飯1
7014	十六、日常生活（2）食/蒸飯	甑飯	甑饭	tʃɐŋ33 fan22	zang3 faan6	蒸飯2
7015	十六、日常生活（2）食/洗菜	洗菜	洗菜	ɬɐi35 tʃʰɔi33	slai2 coi3	洗菜
7016	十六、日常生活（2）食/擇菜	擇菜	择菜	tʃak2 tʃʰɔi33	zaak6 coi3	擇菜1
7017	十六、日常生活（2）食/擇菜	揀菜	拣菜	kɛn35 tʃʰɔi33	gen2 coi3	擇菜2
7018	十六、日常生活（2）食/掐菜	擘菜	擘菜	mek5 tʃʰɔi33	mik1 coi3	掐菜
7019	十六、日常生活（2）食/切菜	切菜	切菜	tʃʰit3 tʃʰɔi33	cit3 coi3	切菜
7020	十六、日常生活（2）食/（食物）發	發	发	fat3	faat3	（食物）發，食物因發酵或水浸而膨脹
7021	十六、日常生活（2）食/泡發海蔘	發海蔘	发海参	fat3 hɔi35 ʃɐm55	faat3 hoi2 sam1	泡發海蔘
7022	十六、日常生活（2）食/削	𠜱	𠜱	pʰɐi55	pai1	削1.1（～蘋果）
7023	十六、日常生活（2）食/削	𠜱	𠜱	mɐi55	mai1	削1.2（～蘋果）
7024	十六、日常生活（2）食/削皮	𠜱皮	𠜱皮	pʰɐi55 pʰi21	pai1 pi4	削皮1.1
7025	十六、日常生活（2）食/削皮	𠜱皮	𠜱皮	mɐi55 pʰi21	mai1 pi4	削皮1.2
7026	十六、日常生活（2）食/片（動詞）	片	片	pʰɛn35	pen2	片（動詞）
7027	十六、日常生活（2）食/剖開	破	破	pʰɔ33	po3	剖開
7028	十六、日常生活（2）食/破肚	破肚	破肚	pʰɔ33 tʰu24	po3 tu5	破肚1，指剖開魚、雞、鴨肚子
7029	十六、日常生活（2）食/破肚	開肚	开肚	hɔi55 tʰu24	hoi1 tu5	破肚2
7030	十六、日常生活（2）食/開大肚	開大肚	开大肚	hɔi55 tai22 tʰu24	hoi1 daai6 tu5	開大肚
7031	十六、日常生活（2）食/開小肚	開細肚	开细肚	hɔi55 ɬɐi33 tʰu24	hoi1 slai3 tu5	開小肚
7032	十六、日常生活（2）食/破邊	破邊	破边	pʰɔ33 pɛn55	po3 ben1	破邊1.1，剖開兩半
7033	十六、日常生活（2）食/破邊	破邊	破边	pʰɔ33 pin55	po3 bin1	破邊1.2，剖開兩半
7034	十六、日常生活（2）食/剁	斲	斲	tœk3	doek3	剁
7035	十六、日常生活（2）食/砍骨頭	斬骨	斩骨	tʃɛm35 kʷɐt5	zem2 gwat1	砍骨頭
7036	十六、日常生活（2）食/分檔取料	分檔取料	分档取料	fɐn55 tɔŋ33 tʃʰy35 liu35	fan1 dong3 cyu2 liu2	分檔取料，根據原料的部位、品質和用途，將食材分類、分割並合理利用的專業技術
7037	十六、日常生活（2）食/做菜	煮菜	煮菜	tʃy35 tʃʰɔi33	zyu2 coi3	做菜1，總稱
7038	十六、日常生活（2）食/做菜	炒菜	炒菜	tʃʰɛu35 tʃʰɔi33	ceu2 coi3	做菜2
7039	十六、日常生活（2）食/弄菜	撚菜	撚菜	nɐn35 tʃʰɔi33	nan2 coi3	弄菜
7040	十六、日常生活（2）食/弄吃	撚食	撚食	nɐn35 ʃek2	nan2 sik6	弄吃
7041	十六、日常生活（2）食/煎（烹飪技法）	煎	煎	tʃin55	zin1	煎（烹飪技法）
7042	十六、日常生活（2）食/爆（烹飪技法）	爆	爆	pɛu33	beu3	爆1.1（烹飪技法），猛火爆炒
7043	十六、日常生活（2）食/爆（烹飪技法）	爆	爆	pau33	baau3	爆1.2（烹飪技法）
7044	十六、日常生活（2）食/炒（烹飪技法）	炒	炒	tʃʰɛu35	ceu2	炒1（烹飪技法）
7045	十六、日常生活（2）食/炒（烹飪技法）	兜	兜	tɐu55	dau1	炒2（烹飪技法）
7046	十六、日常生活（2）食/熘（烹飪技法）	熘	熘	liu55	liu1	熘（烹飪技法），炸或炒後，加上作料和澱粉汁，也寫作「溜」
7047	十六、日常生活（2）食/燜（烹飪技法）	燜	焖	mɐn55	man1	燜1（烹飪技法），訓讀「炆」，蓋緊鍋蓋，用文火燉或熬
7048	十六、日常生活（2）食/燜（烹飪技法）	焗	焗	kʊk2	guk6	燜2（烹飪技法）
7049	十六、日常生活（2）食/燻（烹飪技法）	燻	熏	wɐn55	wan1	燻1（烹飪技法）
7050	十六、日常生活（2）食/燻（烹飪技法）	爩	爩	wɐt5	wat1	燻2（烹飪技法），俗字「煀」
7051	十六、日常生活（2）食/燒（烹飪技法）	燒	烧	ʃiu55	siu1	燒（烹飪技法），先用油炸，再加湯汁來炒或燉，或先煮熟再用油炸
7052	十六、日常生活（2）食/紅燒	紅燜	红焖	hʊŋ21 mɐn55	hung4 man1	紅燒1
7053	十六、日常生活（2）食/紅燒	紅燒	红烧	hʊŋ21 ʃiu55	hung4 siu1	紅燒2
7054	十六、日常生活（2）食/扒（烹飪技法）	扒	扒	pʰa21	paa4	扒（烹飪技法），煮半熟再油炸，最後用微火煮爛，與西餐菜餚「豬扒、牛扒」的「扒」無關
7055	十六、日常生活（2）食/蒸（烹飪技法）	蒸	蒸	tʃeŋ55	zing1	蒸（烹飪技法）
7056	十六、日常生活（2）食/清蒸	清蒸	清蒸	tʃʰeŋ55 tʃeŋ55	cing1 zing1	清蒸
7057	十六、日常生活（2）食/燉（烹飪技法）	燉	炖	tɐn22	dan6	燉（烹飪技法），隔水蒸
7058	十六、日常生活（2）食/燴（烹飪技法）	燴	烩	wui22	wui6	燴（烹飪技法），炒後加濃汁燒煮或將多種食物混在一起煮
7059	十六、日常生活（2）食/煠（烹飪技法）	煠	煠	ʃɛp2	sep6	煠1.1（烹飪技法），用清水煮，～糉、～蛋
7060	十六、日常生活（2）食/煠（烹飪技法）	煠	煠	ʃap2	saap6	煠1.2（烹飪技法）
7061	十六、日常生活（2）食/煠熟	煠熟	煠熟	ʃɛp2 ʃʊk2	sep6 suk6	煠熟1.1，用清水煮熟
7062	十六、日常生活（2）食/煠熟	煠熟	煠熟	ʃap2 ʃʊk2	saap6 suk6	煠熟1.2
7063	十六、日常生活（2）食/煲（烹飪技法）	煲	煲	pu55	bu1	煲（烹飪技法），用小火慢煮或熬，～骨頭、～雞、～湯
7064	十六、日常生活（2）食/漚（烹飪技法）	漚	沤	ɐu33	au3	漚（烹飪技法），長時間熬煮，～糉
7065	十六、日常生活（2）食/煨（烹飪技法）	煨	煨	wui55	wui1	煨（烹飪技法），把生的食物埋在火灰中燒熟，～番薯
7066	十六、日常生活（2）食/醃	醃	腌	jip3	jip3	醃
7067	十六、日常生活（2）食/生醉	生醉	生醉	ʃaŋ55 tʃui33	saang1 zui3	生醉，生的食材配以花雕酒、冰糖、香料、鹽等調料醃製，比如：生醉蝦、生醉蟹
7068	十六、日常生活（2）食/熟醉	熟醉	熟醉	ʃʊk2 tʃui33	suk6 zui3	熟醉，蒸熟的食材配以花雕酒、冰糖、香料、鹽等調料醃製，比如：熟醉鴨、熟醉鵝
7069	十六、日常生活（2）食/炸（烹飪技法）	炸	炸	tʃa33	zaa3	炸1（烹飪技法），新派
7070	十六、日常生活（2）食/炸（烹飪技法）	㷹	㷹	tʃɛu33	zeu3	炸2（烹飪技法），老派
7071	十六、日常生活（2）食/油炸	油炸	油炸	jɐu21 tʃa33	jau4 zaa3	油炸1，利用煮沸的油使食物熟透
7072	十六、日常生活（2）食/油炸	油㷹	油㷹	jɐu21 tʃɛu33	jau4 zeu3	油炸2.1
7073	十六、日常生活（2）食/油炸	油㷹	油㷹	jɐu21 tʃau33	jau4 zaau3	油炸2.2
7074	十六、日常生活（2）食/泡（烹飪技法）	泡	泡	pʰau33	paau3	泡1（烹飪技法），把食物放在油鍋裏，用微火炸熟
7075	十六、日常生活（2）食/泡（烹飪技法）	浸	浸	tʃɐm33	zam3	泡2（烹飪技法）
7076	十六、日常生活（2）食/油泡	油泡	油泡	jɐu21 pʰau33	jau4 paau3	油泡1，以高溫油微火炸熟食材
7077	十六、日常生活（2）食/油泡	油浸	油浸	jɐu21 tʃɐm33	jau4 zam3	油泡2
7078	十六、日常生活（2）食/過油鍋	過油鑊	过油镬	kɔ33 jɐu21 wɔk2	go3 jau4 wok6	過油鍋，食物在油鍋過一下
7079	十六、日常生活（2）食/油炸聲	啫啫聲	啫啫声	tʃœ55 tʃœ55 ʃɛŋ55	zoe1 zoe1 seng1	油炸聲
7080	十六、日常生活（2）食/顛鍋	拋鑊	抛镬	pʰɛu55 wɔk2	peu1 wok6	顛鍋
7081	十六、日常生活（2）食/熗鍋	起鑊	起镬	hi35 wɔk2	hi2 wok6	熗鍋
7082	十六、日常生活（2）食/熱鍋	紅鑊	红镬	hʊŋ21 wɔk2	hung4 wok6	熱鍋，燒紅的
7083	十六、日常生活（2）食/汆（烹飪技法）	汆	汆	tʃʰyn55	cyun1	汆（烹飪技法），一種成菜的烹調技法，將食材投入沸水或沸湯中短時間加熱至熟，湯水保留，連湯帶料一起上桌食用，典型菜品如汆丸子湯、汆白肉、鯽魚汆湯等，本字「爨」
7084	十六、日常生活（2）食/焯（烹飪技法）	熝	熝	lʊk5	luk1	焯1（烹飪技法），一種預處理工藝，將食材放入冷水（肉類）或沸水（蔬菜）中短暫加熱後撈出，水要倒掉，目的是去除血污、腥羶異味、草酸等，爲後續烹飪做準備，比如炒菠菜前先焯水、燉排骨前先焯水
7085	十六、日常生活（2）食/焯（烹飪技法）	泹	泹	tan35	daan2	焯2（烹飪技法），本字「燀」
7086	十六、日常生活（2）食/焯（烹飪技法）	焯	焯	tʃʰœk3	coek3	焯3（烹飪技法）
7087	十六、日常生活（2）食/焯水	焯水	焯水	tʃʰœk3 ʃui35	coek3 sui2	焯水1
7088	十六、日常生活（2）食/焯水	飛水	飞水	fi55 ʃui35	fi1 sui2	焯水2
7089	十六、日常生活（2）食/焯水	泹水	泹水	tan35 ʃui35	daan2 sui2	焯水3，「泹」本字「燀」
7090	十六、日常生活（2）食/焯菜	焯菜	焯菜	tʃʰœk3 tʃʰɔi33	coek3 coi3	焯菜
7091	十六、日常生活（2）食/白焯	白焯	白焯	pak2 tʃʰœk3	baak6 coek3	白焯，用開水把食物焯熟，俗作「白灼」
7092	十六、日常生活（2）食/白斬（白切）	白斬	白斩	pak2 tʃɛm35	baak6 zem2	白斬1，雞鴨等煮熟或蒸熟後切成塊蘸調味料食用，也叫「白切」
7093	十六、日常生活（2）食/白斬（白切）	白切	白切	pak2 tʃʰit3	baak6 cit3	白斬2，同「白斬」
7094	十六、日常生活（2）食/醋熘	醋熘	醋熘	tʃʰu33 liu55	cu3 liu1	醋熘
7095	十六、日常生活（2）食/椒熘	椒熘	椒熘	tʃiu55 liu55	ziu1 liu1	椒熘
7096	十六、日常生活（2）食/翻熱	㷫	㷫	heŋ33	hing3	翻熱1
7097	十六、日常生活（2）食/翻熱	熱	热	jit2	jit6	翻熱2
7098	十六、日常生活（2）食/攤凍	攤凍	摊冻	tʰan55 tʊŋ33	taan1 dung3	攤凍，把食物放涼
7099	十六、日常生活（2）食/做湯	滾湯	滚汤	kʷɐn35 tʰɔŋ55	gwan2 tong1	做湯1
7100	十六、日常生活（2）食/做湯	煲湯	煲汤	pu55 tʰɔŋ55	bu1 tong1	做湯2
7101	十六、日常生活（2）食/做湯	煮湯	煮汤	tʃy35 tʰɔŋ55	zyu2 tong1	做湯3
7102	十六、日常生活（2）食/做湯	打湯	打汤	ta35 tʰɔŋ55	daa2 tong1	做湯4
7103	十六、日常生活（2）食/做雞湯	煲雞	煲鸡	pu55 kɐi55	bu1 gai1	做雞湯
7104	十六、日常生活（2）食/做骨頭湯	煲骨頭	煲骨头	pu55 kʷɐt5 tʰɐu21	bu1 gwat1 tau4	做骨頭湯，大多指做豬骨湯
7105	十六、日常生活（2）食/清湯	清湯	清汤	tʃʰeŋ55 tʰɔŋ55	cing1 tong1	清湯1，青菜湯
7106	十六、日常生活（2）食/清湯	清湯寡水	清汤寡水	tʃʰeŋ55 tʰɔŋ55 kʷa35 ʃui35	cing1 tong1 gwaa2 sui2	清湯2，青菜湯
7107	十六、日常生活（2）食/高湯	靚湯	靓汤	lɛŋ33 tʰɔŋ55	leng3 tong1	高湯1，指上乘的湯水
7108	十六、日常生活（2）食/高湯	上湯	上汤	ʃœŋ22 tʰɔŋ55	soeng6 tong1	高湯2，本指上乘的湯水，現多指以煮肉或雞鴨魚熬製的烹飪用湯
7109	十六、日常生活（2）食/高湯	高湯	高汤	ku55 tʰɔŋ55	gu1 tong1	高湯3，同「上湯」
7110	十六、日常生活（2）食/吃火鍋	打邊爐	打边炉	ta35 pin55 lu21	daa2 bin1 lu4	吃火鍋，一說「邊」的本字爲「甂」，傳統上，南寧的火鍋用炭火升爐，肉湯或雞湯作原湯，放入豬肉片、魚肉片、雞肉片、豬肝片、粉絲、白菜、生菜、菠菜等，邊燙邊吃，見1982年《南寧旅遊手冊》P84
7111	十六、日常生活（2）食/飯好了	飯得哂	饭得哂	fan22 tɐk5 ɬai33	faan6 dak1 slaai3	飯好了，包括飯菜
7112	十六、日常生活（2）食/（飯）生	生	生	ʃaŋ55	saang1	（飯）生1
7113	十六、日常生活（2）食/（飯）生	夾生	夹生	kap3 ʃaŋ55	gaap3 saang1	（飯）生2
7114	十六、日常生活（2）食/飯糊了	飯燶	饭燶	fan22 nʊŋ55	faan6 nung1	飯糊了1
7115	十六、日常生活（2）食/飯糊了	煮燶飯	煮燶饭	tʃy35 nʊŋ55 fan22	zyu2 nung1 faan6	飯糊了2
7116	十六、日常生活（2）食/飯糊了	臭燶	臭燶	tʃʰɐu33 nʊŋ55	cau3 nung1	飯糊了3
7117	十六、日常生活（2）食/糉葉	糉葉	粽叶	tʃʊŋ33 jip2	zung3 jip6	糉葉，本地一般用柊葉、箬葉，少數也有用荷葉、芭蕉葉，糉繩一般爲稻草、麻線或棉線
7118	十六、日常生活（2）食/包糉子	包糉	包粽	pɛu55 tʃʊŋ33	beu1 zung3	包糉子
7119	十六、日常生活（2）食/熬煮糉子	漚糉	沤粽	ɐu33 tʃʊŋ33	au3 zung3	熬煮糉子1
7120	十六、日常生活（2）食/熬煮糉子	煠糉	煠粽	ʃɛp2 tʃʊŋ33	sep6 zung3	熬煮糉子2
7121	十六、日常生活（2）食/煎糉子	煎糉	煎粽	tʃin55 tʃʊŋ33	zin1 zung3	煎糉子
7122	十六、日常生活（2）食/䭐（烹飪技法）	䭐	䭐	jœŋ22	joeng6	䭐（烹飪技法），將豆腐、苦瓜、油餜、西肚等掏空再塞入各種餡兒做成菜肴，一般五月初五吃，俗字「釀」
7123	十六、日常生活（2）食/䭐苦瓜	䭐苦瓜	䭐苦瓜	jœŋ22 fu35 kʷa55	joeng6 fu2 gwaa1	䭐苦瓜，苦瓜䭐肉，俗作「釀苦瓜」
7124	十六、日常生活（2）食/䭐豆腐	䭐豆腐	䭐豆腐	jœŋ22 tɐu22 fu22	joeng6 dau6 fu6	䭐豆腐，豆腐䭐肉，俗作「釀豆腐」
7125	十六、日常生活（2）食/䭐油餜	䭐油餜	䭐油馃	jœŋ22 jɐu21 kɔ35	joeng6 jau4 go2	䭐油餜，油餜䭐肉，俗作「釀油果」
7126	十六、日常生活（2）食/䭐西肚	䭐西肚	䭐西肚	jœŋ22 ɬɐi55 tʰu24	joeng6 slai1 tu5	䭐西肚，豬肉皮䭐肉，俗作「釀西肚」
7127	十六、日常生活（2）食/餓了	肚餓	肚饿	tʰu24 ŋɔ22	tu5 ngo6	餓了1
7128	十六、日常生活（2）食/餓了	餓哂	饿哂	ŋɔ22 ɬai33	ngo6 slaai3	餓了2
7129	十六、日常生活（2）食/餓了	餓啊	饿啊	ŋɔ22 a33	ngo6 aa3	餓了3
7130	十六、日常生活（2）食/餓過頭	餓過龍	饿过龙	ŋɔ22 kɔ33 lʊŋ21	ngo6 go3 lung4	餓過頭1，餓過勁了
7131	十六、日常生活（2）食/餓過頭	餓過功	饿过功	ŋɔ22 kɔ33 kʊŋ55	ngo6 go3 gung1	餓過頭2，餓過勁了
7132	十六、日常生活（2）食/極餓的樣子	餓饞饞	饿馋馋	ŋɔ22 ɬɛm21 ɬɛm21	ngo6 slem4 slem4	極餓的樣子1
7133	十六、日常生活（2）食/極餓的樣子	餓饞饞	饿馋馋	ŋɔ22 ɬam21 ɬam21	ngo6 slaam4 slaam4	極餓的樣子2
7134	十六、日常生活（2）食/忍受飢餓	抵餓	抵饿	tɐi35 ŋɔ22	dai2 ngo6	忍受飢餓
7135	十六、日常生活（2）食/忍得飢餓	抵得餓	抵得饿	tɐi35 tɐk5 ŋɔ22	dai2 dak1 ngo6	忍得飢餓
7136	十六、日常生活（2）食/開飯	開飯	开饭	hɔi55 fan22	hoi1 faan6	開飯
7137	十六、日常生活（2）食/盛	裝	装	tʃɔŋ55	zong1	盛1（～飯）
7138	十六、日常生活（2）食/盛	滭	滭	pɐt5	bat1	盛2（～飯），舀液體出盛器的狀態似泉水漫出，故稱，俗字「𢳂」，又或「撥」字，上古月部，另一說本字「拂/潷」
7139	十六、日常生活（2）食/盛飯	裝飯	装饭	tʃɔŋ55 fan22	zong1 faan6	盛飯1
7140	十六、日常生活（2）食/盛飯	滭飯	滭饭	pɐt5 fan22	bat1 faan6	盛飯2
7141	十六、日常生活（2）食/減飯	攤飯	摊饭	tʰan55 fan22	taan1 faan6	減飯
7142	十六、日常生活（2）食/添飯	添飯	添饭	tʰim55 fan22	tim1 faan6	添飯
7143	十六、日常生活（2）食/搛菜	鑷菜	镊菜	nɛp3 tʃʰɔi33	nep3 coi3	搛菜1
7144	十六、日常生活（2）食/搛菜	鉗菜	钳菜	kʰɛm21 tʃʰɔi33	kem4 coi3	搛菜2
7145	十六、日常生活（2）食/舀湯	滭湯	滭汤	pɐt5 tʰɔŋ55	bat1 tong1	舀湯1
7146	十六、日常生活（2）食/舀湯	滭羹	滭羹	pɐt5 kɐŋ55	bat1 gang1	舀湯2
7147	十六、日常生活（2）食/喝湯	飲湯	饮汤	jɐm35 tʰɔŋ55	jam2 tong1	喝湯
7148	十六、日常生活（2）食/乾拌	乾撈	干捞	kɔn55 lu55	gon1 lu1	乾拌
7149	十六、日常生活（2）食/濾去液體	潷	滗	pi33	bi3	濾去液體1.1，擋住渣滓或泡着的東西，把液體倒出
7150	十六、日常生活（2）食/濾去液體	潷	滗	mi33	mi3	濾去液體1.2
7151	十六、日常生活（2）食/（豬油等）凝結	凝	凝	kʰeŋ21	king4	（豬油等）凝結
7152	十六、日常生活（2）食/澄清（水、液體）	澄	澄	kʰeŋ21	king4	澄清（水、液體）
7153	十六、日常生活（2）食/吃早飯	食過早	食过早	ʃek2 kɔ33 tʃu35	sik6 go3 zu2	吃早飯
7154	十六、日常生活（2）食/吃午飯	食晏	食晏	ʃek2 an33	sik6 aan3	吃午飯1
7155	十六、日常生活（2）食/吃午飯	食中午飯	食中午饭	ʃek2 tʃʊŋ55 ŋ̍24 fan22	sik6 zung1 ng5 faan6	吃午飯2
7156	十六、日常生活（2）食/吃晚飯	食夜飯	食夜饭	ʃek2 jɛ22 fan22	sik6 je6 faan6	吃晚飯
7157	十六、日常生活（2）食/吃零食	食嘴頭	食嘴头	ʃek2 tʃui35 tʰɐu21	sik6 zui2 tau4	吃零食1
7158	十六、日常生活（2）食/吃零食	食消口	食消口	ʃek2 ɬiu55 hɐu35	sik6 sliu1 hau2	吃零食2
7159	十六、日常生活（2）食/使筷子	使筷子	使筷子	ʃɐi35 fai33 tʃi35	sai2 faai3 zi2	使筷子1.1
7160	十六、日常生活（2）食/使筷子	使筷子	使筷子	ʃɐi35 fai33 tsɿ35	sai2 faai3 zy2	使筷子1.2
7161	十六、日常生活（2）食/使筷子	擰筷子	拧筷子	neŋ55 fai33 tʃi35	ning1 faai3 zi2	使筷子2.1
7162	十六、日常生活（2）食/使筷子	擰筷子	拧筷子	neŋ55 fai33 tsɿ35	ning1 faai3 zy2	使筷子2.2
7163	十六、日常生活（2）食/使筷子	抓筷子	抓筷子	ja55 fai33 tʃi35	jaa1 faai3 zi2	使筷子3.1
7164	十六、日常生活（2）食/使筷子	抓筷子	抓筷子	ja55 fai33 tsɿ35	jaa1 faai3 zy2	使筷子3.2
7165	十六、日常生活（2）食/肉不爛	韌	韧	jɐŋ33	jang3	肉不爛1
7166	十六、日常生活（2）食/肉不爛	肉冇腍	肉冇腍	jʊk2 mu24 nɐm21	juk6 mu5 nam4	肉不爛2
7167	十六、日常生活（2）食/嚼不動	咬冇逳	咬冇逳	ŋɛu24 mu24 jʊk5	ngeu5 mu5 juk1	嚼不動
7168	十六、日常生活（2）食/（飯、菜）噎	哽	哽	kʰɐŋ35	kang2	（飯、菜）噎
7169	十六、日常生活（2）食/（魚骨、魚刺）噎	鯁	鲠	kʰɐŋ35	kang2	（魚骨、魚刺）噎
7170	十六、日常生活（2）食/（骨頭）噎	骾	鲠	kʰɐŋ35	kang2	（骨頭）噎
7171	十六、日常生活（2）食/（吃飯）噎住了	哽頸	哽颈	kʰɐŋ35 kɛŋ35	kang2 geng2	（吃飯）噎住了1
7172	十六、日常生活（2）食/（吃飯）噎住了	哽着	哽着	kʰɐŋ35 tʃœk2	kang2 zoek6	（吃飯）噎住了2
7173	十六、日常生活（2）食/（吃飯）噎住了	咔頸	咔颈	kʰa21 kɛŋ35	kaa4 geng2	（吃飯）噎住了3
7174	十六、日常生活（2）食/吃不飽	冇夠喉	冇够喉	mu24 kɐu33 hɐu21	mu5 gau3 hau4	吃不飽
7175	十六、日常生活（2）食/吃得飽	夠喉	够喉	kɐu33 hɐu21	gau3 hau4	吃得飽1
7176	十六、日常生活（2）食/吃得飽	頂得肚	顶得肚	teŋ35 tɐk5 tʰu24	ding2 dak1 tu5	吃得飽2
7177	十六、日常生活（2）食/吃得飽	飽肚	饱肚	pɛu35 tʰu24	beu2 tu5	吃得飽3
7178	十六、日常生活（2）食/太飽了	飽過頭	饱过头	pɛu35 kɔ33 tʰɐu21	beu2 go3 tau4	太飽了1
7179	十六、日常生活（2）食/太飽了	頂喉頂頸	顶喉顶颈	teŋ35 hɐu21 teŋ35 kɛŋ35	ding2 hau4 ding2 geng2	太飽了2
7180	十六、日常生活（2）食/打嗝兒	打肊	打肊	ta35 ek5	daa2 ik1	打嗝兒1
7181	十六、日常生活（2）食/打嗝兒	打呃	打呃	ta35 ɐk5	daa2 ak1	打嗝兒2
7182	十六、日常生活（2）食/打嗝兒	打閡呃	打阂呃	ta35 hɐk2 ɐk5	daa2 hak6 ak1	打嗝兒3
7183	十六、日常生活（2）食/搶着吃	爭食	争食	tʃaŋ55 ʃek2	zaang1 sik6	搶着吃
7184	十六、日常生活（2）食/撐着了	肚脹	肚胀	tʰu24 tʃœŋ33	tu5 zoeng3	撐着了1
7185	十六、日常生活（2）食/撐着了	脹哂	胀哂	tʃœŋ33 ɬai33	zoeng3 slaai3	撐着了2
7186	十六、日常生活（2）食/吃撐了	䂻	䂻	tʃaŋ22	zaang6	吃撐了
7187	十六、日常生活（2）食/吃完	食哂	食哂	ʃek2 ɬai33	sik6 slaai3	吃完1
7188	十六、日常生活（2）食/吃完	食齊	食齐	ʃek2 tʃʰɐi21	sik6 cai4	吃完2
7189	十六、日常生活（2）食/吃完	捎齊	捎齐	ɬau21 tʃʰɐi21	slaau4 cai4	吃完3
7190	十六、日常生活（2）食/洗碗	洗碗	洗碗	ɬɐi35 wun35	slai2 wun2	洗碗
7191	十六、日常生活（2）食/收拾碗碟	執碟	执碟	tʃɐp5 tip2	zap1 dip6	收拾碗碟
7192	十六、日常生活（2）食/嘴沒味兒	口淡	口淡	hɐu35 tʰam24	hau2 taam5	嘴沒味兒
7193	十六、日常生活（2）食/空口食	空口就	空口就	hʊŋ55 hɐu35 tʃɐu22	hung1 hau2 zau6	空口食，不就其他東西白口吃
7194	十六、日常生活（2）食/肚寡	肚寡	肚寡	tʰu24 kʷa35	tu5 gwaa2	肚寡1，沒油水，餓得快
7195	十六、日常生活（2）食/肚寡	肚刮	肚刮	tʰu24 kʷɛt3	tu5 gwet3	肚寡2
7196	十六、日常生活（2）食/下飯	摵飯	摵饭	ʃak3 fan22	saak3 faan6	下飯，指菜開胃、下飯
7197	十六、日常生活（2）食/眼睛大肚子小	眼大肚窄	眼大肚窄	ŋɛn24 tai22 tʰu24 tʃak3	ngen5 daai6 tu5 zaak3	眼睛大肚子小，指想多吃又吃不下
7198	十六、日常生活（2）食/神仙肚	神仙肚	神仙肚	ʃɐn21 ɬin55 tʰu24	san4 slin1 tu5	神仙肚，比喻不必吃飯也不餓的肚子
7199	十六、日常生活（2）食/鐵腳馬眼神仙肚	鐵腳馬眼神仙肚	铁脚马眼神仙肚	tʰit3 kœk3 ma24 ŋɛn24 ʃɐn21 ɬin55 tʰu24	tit3 goek3 maa5 ngen5 san4 slin1 tu5	鐵腳馬眼神仙肚，俗語，比喻經常加班的人要練就的三個本領，鐵的腳，走不累、站不累，馬的眼，不用睡或睡得少，神仙的肚子，不用吃飯
7200	十六、日常生活（2）食/沒胃口	滯	滞	tʃɐi22	zai6	沒胃口1
7201	十六、日常生活（2）食/沒胃口	肚滯	肚滞	tʰu24 tʃɐi22	tu5 zai6	沒胃口2
7202	十六、日常生活（2）食/沒胃口	冇開胃	冇开胃	mu24 hɔi55 wɐi22	mu5 hoi1 wai6	沒胃口3
7203	十六、日常生活（2）食/沒胃口	冇有胃口	冇有胃口	mu24 jɐu24 wɐi22 hɐu35	mu5 jau5 wai6 hau2	沒胃口4
7204	十六、日常生活（2）食/沒胃口	翳滯	翳滞	ɐi33 tʃɐi22	ai3 zai6	沒胃口5
7205	十六、日常生活（2）食/消化不良	溼熱	湿热	ʃɐp5 jit2	sap1 jit6	消化不良1
7206	十六、日常生活（2）食/消化不良	積滯	积滞	tʃek5 tʃɐi22	zik1 zai6	消化不良2
7207	十六、日常生活（2）食/膩	膩	腻	ni22	ni6	膩1
7208	十六、日常生活（2）食/膩	腬	腬	nɐu22	nau6	膩2
7209	十六、日常生活（2）食/渴	渴	渴	hɔt3	hot3	渴（口～）
7210	十六、日常生活（2）食/口渴	頸渴	颈渴	kɛŋ35 hɔt3	geng2 hot3	口渴1
7211	十六、日常生活（2）食/口渴	口乾	口干	hɐu35 kɔn55	hau2 gon1	口渴2
7212	十六、日常生活（2）食/喝	飲	饮	jɐm35	jam2	喝1（～茶、～酒）
7213	十六、日常生活（2）食/喝	欱	欱	hap3	haap3	喝2（～茶、～酒），指大口喝
7214	十六、日常生活（2）食/喝茶	飲茶	饮茶	jɐm35 tʃʰa21	jam2 caa4	喝茶1
7215	十六、日常生活（2）食/喝茶	嘆茶	叹茶	tʰan33 tʃʰa21	taan3 caa4	喝茶2
7216	十六、日常生活（2）食/喝茶	嗗茶	嗗茶	kut2 tʃʰa21	gut6 caa4	喝茶3.1
7217	十六、日常生活（2）食/喝茶	嗗茶	嗗茶	kɔt2 tʃʰa21	got6 caa4	喝茶3.2
7218	十六、日常生活（2）食/喝水	飲水	饮水	jɐm35 ʃui35	jam2 sui2	喝水
7219	十六、日常生活（2）食/泡茶	沖茶	冲茶	tʃʰʊŋ55 tʃʰa21	cung1 caa4	泡茶1
7220	十六、日常生活（2）食/泡茶	焗茶	焗茶	kʊk2 tʃʰa21	guk6 caa4	泡茶2
7221	十六、日常生活（2）食/沖開水	沖開水	冲开水	tʃʰʊŋ55 hɔi55 ʃui35	cung1 hoi1 sui2	沖開水1
7222	十六、日常生活（2）食/沖開水	沖滾水	冲滚水	tʃʰʊŋ55 kʷɐn35 ʃui35	cung1 gwan2 sui2	沖開水2
7223	十六、日常生活（2）食/沖開水	焗開水	焗开水	kʊk2 hɔi55 ʃui35	guk6 hoi1 sui2	沖開水3
7224	十六、日常生活（2）食/沖開水	焗滾水	焗滚水	kʊk2 kʷɐn35 ʃui35	guk6 gwan2 sui2	沖開水4
7225	十六、日常生活（2）食/燒開水	燒開水	烧开水	ʃiu55 hɔi55 ʃui35	siu1 hoi1 sui2	燒開水1
7226	十六、日常生活（2）食/燒開水	燒滾水	烧滚水	ʃiu55 kʷɐn35 ʃui35	siu1 gwan2 sui2	燒開水2
7227	十六、日常生活（2）食/斟茶	斟茶	斟茶	tʃɐm55 tʃʰa21	zam1 caa4	斟茶
7228	十六、日常生活（2）食/斟酒	斟酒	斟酒	tʃɐm55 tʃɐu35	zam1 zau2	斟酒
7229	十六、日常生活（2）食/喝酒	飲酒	饮酒	jɐm35 tʃɐu35	jam2 zau2	喝酒1
7230	十六、日常生活（2）食/喝酒	嗒酒	嗒酒	tɛp5 tʃɐu35	dep1 zau2	喝酒2
7231	十六、日常生活（2）食/喝酒	嗗酒	嗗酒	kut2 tʃɐu35	gut6 zau2	喝酒3.1
7232	十六、日常生活（2）食/喝酒	嗗酒	嗗酒	kɔt2 tʃɐu35	got6 zau2	喝酒3.2
7233	十六、日常生活（2）食/慢慢吃	慢慢嗒	慢慢嗒	man22 man35 tɛp5	maan6 maan2 dep1	很享受地慢慢吃、喝
7234	十六、日常生活（2）食/咂嘴聲	嗒嗒聲	嗒嗒声	tap5 tap5 ʃɛŋ55	daap1 daap1 seng1	咂嘴聲，食得～，指吃得津津有味
7235	十六、日常生活（2）食/咂嘴	嗒嘴脣	嗒嘴唇	tɛp5 tʃui35 ʃɐn21	dep1 zui2 san4	咂嘴1.1
7236	十六、日常生活（2）食/咂嘴	嗒嘴脣	嗒嘴唇	tɛp5 tʃui35 ʃyn21	dep1 zui2 syun4	咂嘴1.2
7237	十六、日常生活（2）食/吞咽聲	嗗嗗聲	嗗嗗声	kut2 kut2 ʃɛŋ55	gut6 gut6 seng1	吞咽聲1.1，飲聲
7238	十六、日常生活（2）食/吞咽聲	嗗嗗聲	嗗嗗声	kɔt2 kɔt2 ʃɛŋ55	got6 got6 seng1	吞咽聲1.2，飲聲
7239	十六、日常生活（2）食/咽	吞	吞	tʰɐn55	tan1	咽（～下去）
7240	十六、日常生活（2）食/喝兩杯	乜兩杯	乜两杯	mɛ21 lœŋ24 pui55	me4 loeng5 bui1	喝兩杯
7241	十六、日常生活（2）食/嗜酒	濫飲	滥饮	lan22 jɐm35	laan6 jam2	嗜酒1
7242	十六、日常生活（2）食/嗜酒	餓酒	饿酒	ŋɔ22 tʃɐu35	ngo6 zau2	嗜酒2
7243	十六、日常生活（2）食/喝醉	飲酒醉	饮酒醉	jɐm35 tʃɐu35 tʃui33	jam2 zau2 zui3	喝醉1
7244	十六、日常生活（2）食/喝醉	飲乜哂	饮乜哂	jɐm35 mɛ21 ɬai33	jam2 me4 slaai3	喝醉2
7245	十六、日常生活（2）食/喝醉	乜哂	乜哂	mɛ21 ɬai33	me4 slaai3	喝醉3，也指不清醒
7246	十六、日常生活（2）食/喝醉	乜斜	乜斜	mɛ21 ɬɛ21	me4 sle4	喝醉4，也指不清醒
7247	十六、日常生活（2）食/喝醉	乜乜斜斜	乜乜斜斜	mɛ21 mɛ21 ɬɛ21 ɬɛ21	me4 me4 sle4 sle4	喝醉5，也指不清醒
7248	十六、日常生活（2）食/抽菸	燒菸	烧烟	ʃiu55 jin55	siu1 jin1	抽菸1
7249	十六、日常生活（2）食/抽菸	食菸	食烟	ʃek2 jin55	sik6 jin1	抽菸2
7250	十六、日常生活（2）食/抽菸	嗒菸	嗒烟	pap5 jin55	baap1 jin1	抽菸3.1，此處端母讀如幫母
7251	十六、日常生活（2）食/抽菸	嗒菸	嗒烟	pɐp5 jin55	bap1 jin1	抽菸3.2，此處端母讀如幫母
7252	十六、日常生活（2）食/貪吃	濫食	滥食	lan22 ʃek2	laan6 sik6	貪吃
7253	十六、日常生活（2）食/好吃	爲食	为食	wɐi22 ʃek2	wai6 sik6	好吃1，嘴饞
7254	十六、日常生活（2）食/好吃	餓食	饿食	ŋɔ22 ʃek2	ngo6 sik6	好吃2，嘴饞
7255	十六、日常生活（2）食/很能吃	大食	大食	tai22 ʃek2	daai6 sik6	很能吃1
7256	十六、日常生活（2）食/很能吃	食得	食得	ʃek2 tɐk5	sik6 dak1	很能吃2
7257	十六、日常生活（2）食/很能吃	揌得	揌得	ɬɔi55 tɐk5	sloi1 dak1	很能吃3
7258	十六、日常生活（2）食/流口水貌	流嗲嗲	流嗲嗲	lɐu21 tɛ21 tɛ21	lau4 de4 de4	流口水貌1，口水滴瀝貌，源自「沌沌」，水流貌
7259	十六、日常生活（2）食/流口水貌	流啲嗲	流啲嗲	lɐu21 ti55 tɛ21	lau4 di1 de4	流口水貌2，口水滴瀝貌
7260	十六、日常生活（2）食/流口水貌	流矴矴	流矴矴	lɐu21 tɛŋ33 tɛŋ33	lau4 deng3 deng3	流口水貌3，口水滴瀝貌
7261	十六、日常生活（2）食/水滴瀝貌	流嗲嗲	流嗲嗲	lɐu21 tɛ21 tɛ21	lau4 de4 de4	水滴瀝貌，泛指，源自「沌沌」，水流貌
7262	十六、日常生活（2）食/發黴	發黴	发霉	fat3 mɐt5	faat3 mat1	發黴1.1
7263	十六、日常生活（2）食/發黴	發黴	发霉	fat3 mui21	faat3 mui4	發黴1.2
7264	十六、日常生活（2）食/發黴	發毛	发毛	fat3 mu55	faat3 mu1	發黴2
7265	十六、日常生活（3）住/起牀	起身	起身	hi35 ʃɐn55	hi2 san1	起牀1
7266	十六、日常生活（3）住/起牀	起牀	起床	hi35 tʃʰɔŋ21	hi2 cong4	起牀2
7267	十六、日常生活（3）住/上牀	上牀	上床	ʃœŋ24 tʃʰɔŋ21	soeng5 cong4	上牀
7268	十六、日常生活（3）住/下牀	落牀	落床	lɔk2 tʃʰɔŋ21	lok6 cong4	下牀
7269	十六、日常生活（3）住/掛蚊帳	掛蚊帳	挂蚊帐	kʷa33 mɐn55 tʃœŋ33	gwaa3 man1 zoeng3	掛蚊帳1，起牀把蚊帳掛起
7270	十六、日常生活（3）住/掛蚊帳	撐蚊帳	撑蚊帐	tʃʰaŋ55 mɐn55 tʃœŋ33	caang1 man1 zoeng3	掛蚊帳2，把蚊帳張起
7271	十六、日常生活（3）住/下蚊帳	落蚊帳	落蚊帐	lɔk2 mɐn55 tʃœŋ33	lok6 man1 zoeng3	下蚊帳，把蚊帳放下
7272	十六、日常生活（3）住/疊被子	摺被	折被	tʃip3 pʰi24	zip3 pi5	疊被子
7273	十六、日常生活（3）住/舀水	滭水	滭水	pɐt5 ʃui35	bat1 sui2	舀水
7274	十六、日常生活（3）住/洗手	洗手	洗手	ɬɐi35 ʃɐu35	slai2 sau2	洗手
7275	十六、日常生活（3）住/洗臉	洗面	洗面	ɬɐi35 min22	slai2 min6	洗臉
7276	十六、日常生活（3）住/洗頭	洗頭	洗头	ɬɐi35 tʰɐu21	slai2 tau4	洗頭
7277	十六、日常生活（3）住/涮	盪	荡	lɔŋ35	long2	涮（把杯子～一下）
7278	十六、日常生活（3）住/漱口	盪口	荡口	lɔŋ35 hɐu35	long2 hau2	漱口1
7279	十六、日常生活（3）住/漱口	漱口	漱口	ɬu33 hɐu35	slu3 hau2	漱口2
7280	十六、日常生活（3）住/刷牙	刷牙	刷牙	tʃʰat3 ŋa21	caat3 ngaa4	刷牙1
7281	十六、日常生活（3）住/刷牙	㨘牙	㨘牙	ʃaŋ35 ŋa21	saang2 ngaa4	刷牙2
7282	十六、日常生活（3）住/梳頭	梳頭	梳头	ʃɔ55 tʰɐu21	so1 tau4	梳頭
7283	十六、日常生活（3）住/梳辮子	梳辮	梳辫	ʃɔ55 pin55	so1 bin1	梳辮子1
7284	十六、日常生活（3）住/梳辮子	梳孖辮	梳孖辫	ʃɔ55 ma55 pin55	so1 maa1 bin1	梳辮子2
7285	十六、日常生活（3）住/梳辮子	捹辮	捹辫	pɐn33 pin55	ban3 bin1	梳辮子3
7286	十六、日常生活（3）住/梳辮子	捹孖辮	捹孖辫	pɐn33 ma55 pin55	ban3 maa1 bin1	梳辮子4
7287	十六、日常生活（3）住/梳髻	梳髻	梳髻	ʃɔ55 kɐi33	so1 gai3	梳髻
7288	十六、日常生活（3）住/篦頭	篦頭	篦头	pi22 tʰɐu21	bi6 tau4	篦頭
7289	十六、日常生活（3）住/篦頭皮	篦頭皮	篦头皮	pi22 tʰɐu21 pʰi21	bi6 tau4 pi4	篦頭皮，用篦子篦頭皮屑
7290	十六、日常生活（3）住/篦蝨子	篦蝨乸	篦虱乸	pi22 ʃɐt5 na35	bi6 sat1 naa2	篦蝨子，用篦子篦蝨子
7291	十六、日常生活（3）住/剪指甲	剪指甲	剪指甲	tʃin35 tʃi35 kɛp3	zin2 zi2 gep3	剪指甲
7292	十六、日常生活（3）住/剪指甲	剪腳甲	剪脚甲	tʃin35 kœk3 kɛp3	zin2 goek3 gep3	剪腳指甲
7293	十六、日常生活（3）住/掏耳朵	撩耳朵	撩耳朵	lɛu55 ji24 tɔ35	leu1 ji5 do2	掏耳朵1
7294	十六、日常生活（3）住/掏耳朵	撩耳屎	撩耳屎	lɛu55 ji24 ʃi35	leu1 ji5 si2	掏耳朵2
7295	十六、日常生活（3）住/掏耳朵	挖耳屎	挖耳屎	wɛt3 ji24 ʃi35	wet3 ji5 si2	掏耳朵3
7296	十六、日常生活（3）住/掏耳朵	取耳	取耳	tʃʰy35 ji24	cyu2 ji5	掏耳朵4，理髮店行話
7297	十六、日常生活（3）住/拔眉毛	撏眼眉	挦眼眉	tʃʰim21 ŋɛn24 mi21	cim4 ngen5 mi4	拔眉毛、修眉
7298	十六、日常生活（3）住/洗澡	沖涼	冲凉	tʃʰʊŋ55 lœŋ21	cung1 loeng4	洗澡1
7299	十六、日常生活（3）住/洗澡	洗身	洗身	ɬɐi35 ʃɐn55	slai2 san1	洗澡2
7300	十六、日常生活（3）住/洗澡	劏豬	㓥猪	tʰɔŋ55 tʃy55	tong1 zyu1	洗澡3，戲稱，因殺豬之前需要燒熱水，洗澡之前也要燒熱水，故而用來戲稱洗澡
7301	十六、日常生活（3）住/擦澡	抹身	抹身	mat3 ʃɐn55	maat3 san1	擦澡
7302	十六、日常生活（3）住/燒熱水	燒熱水	烧热水	ʃiu55 jit2 ʃui35	siu1 jit6 sui2	燒熱水，一般用於洗澡或殺豬等用途
7303	十六、日常生活（3）住/洗澡水	沖涼水	冲凉水	tʃʰʊŋ55 lœŋ21 ʃui35	cung1 loeng4 sui2	洗澡水
7304	十六、日常生活（3）住/洗腳	洗腳	洗脚	ɬɐi35 kœk3	slai2 goek3	洗腳
7305	十六、日常生活（3）住/燙腳	熝腳	熝脚	lʊk5 kœk3	luk1 goek3	燙腳
7306	十六、日常生活（3）住/擦腳	抹腳	抹脚	mat3 kœk3	maat3 goek3	擦腳
7307	十六、日常生活（3）住/放屁	屙屁	屙屁	ɔ55 pʰi33	o1 pi3	放屁
7308	十六、日常生活（3）住/小便	屙尿	屙尿	ɔ55 niu22	o1 niu6	小便
7309	十六、日常生活（3）住/尿淋	屙胺尿	屙胺尿	ɔ55 ŋɐt5 niu22	o1 ngat1 niu6	尿淋
7310	十六、日常生活（3）住/大便	屙屎	屙屎	ɔ55 ʃi35	o1 si2	大便1，拉屎
7311	十六、日常生活（3）住/大便	屙屎	屙屎	ɔ55 ɛ33	o1 e3	大便2，拉屎
7312	十六、日常生活（3）住/大便	屙屎	屙屎	ɔ55 kʰɛ55	o1 ke1	大便3，拉屎，俗字「屙𡲢」
7313	十六、日常生活（3）住/大便	出恭	出恭	tʃʰyt5 kʊŋ55	cyut1 gung1	大便4，拉屎
7314	十六、日常生活（3）住/大便	踎坑	踎坑	mɐu55 haŋ55	mau1 haang1	大便5，拉屎
7315	十六、日常生活（3）住/大便	嗯屎	嗯屎	ɐŋ33 ʃi35	ang3 si2	大便6，拉屎
7316	十六、日常生活（3）住/拉不出屎埋怨地面硬	屙屎冇出賴地硬	屙屎冇出赖地硬	ɔ55 ʃi35 mu24 tʃʰyt5 lai22 ti22 ŋaŋ22	o1 si2 mu5 cyut1 laai6 di6 ngaang6	拉不出屎埋怨地面硬，俗語，指人將自身的問題推給外界，怨天尤人
7317	十六、日常生活（3）住/便祕	屙硬屎	屙硬屎	ɔ55 ŋaŋ22 ʃi35	o1 ngaang6 si2	便祕1
7318	十六、日常生活（3）住/便祕	結恭	结恭	kit3 kʊŋ55	git3 gung1	便祕2
7319	十六、日常生活（3）住/大便稀	屙爛屎	屙烂屎	ɔ55 lan22 ʃi35	o1 laan6 si2	大便稀
7320	十六、日常生活（3）住/拉溼熱屎	屙溼熱屎	屙湿热屎	ɔ55 ʃɐp5 jit2 ʃi35	o1 sap1 jit6 si2	拉溼熱屎，也喻指事情的不良後果拖得長
7321	十六、日常生活（3）住/使勁憋	嗯	嗯	ɐŋ33	ang3	使勁憋，大便時向下用力，象聲或「啊嗯」的合音
7322	十六、日常生活（3）住/擦屁股	抆屎	抆屎	mɐn35 ʃi35	man2 si2	擦屁股1.1
7323	十六、日常生活（3）住/擦屁股	抆屎	抆屎	mɛn35 ʃi35	men2 si2	擦屁股1.2
7324	十六、日常生活（3）住/擦屁股	抹屎	抹屎	mat3 ʃi35	maat3 si2	擦屁股2
7325	十六、日常生活（3）住/擦屁股	抆屎窟	抆屎窟	mɐn35 ʃi35 fɐt5	man2 si2 fat1	擦屁股3.1
7326	十六、日常生活（3）住/擦屁股	抆屎窟	抆屎窟	mɛn35 ʃi35 fɐt5	men2 si2 fat1	擦屁股3.2
7327	十六、日常生活（3）住/擦屁股	抹屎窟	抹屎窟	mat3 ʃi35 fɐt5	maat3 si2 fat1	擦屁股4
7328	十六、日常生活（3）住/乘涼	乘涼	乘凉	ʃeŋ21 lœŋ21	sing4 loeng4	乘涼1
7329	十六、日常生活（3）住/乘涼	㪗涼	㪗凉	tʰɐu35 lœŋ21	tau2 loeng4	乘涼2
7330	十六、日常生活（3）住/曬太陽	曬熱頭	晒热头	ʃai33 jit2 tʰɐu21	saai3 jit6 tau4	曬太陽1
7331	十六、日常生活（3）住/曬太陽	曬太陽	晒太阳	ʃai33 tʰai33 jœŋ21	saai3 taai3 joeng4	曬太陽2
7332	十六、日常生活（3）住/烤火	炕火	炕火	hɔŋ33 fɔ35	hong3 fo2	烤火，取暖
7333	十六、日常生活（3）住/炕（土、磚砌的）	炕	炕	kʰɔŋ33	kong3	炕，土、磚砌的，北方睡覺用
7334	十六、日常生活（3）住/點燈	點燈	点灯	tim35 tɐŋ55	dim2 dang1	點燈，指油燈
7335	十六、日常生活（3）住/開燈	開燈	开灯	hɔi55 tɐŋ55	hoi1 dang1	開燈1，指電燈
7336	十六、日常生活（3）住/開燈	拉燈	拉灯	lai55 tɐŋ55	laai1 dang1	開燈2
7337	十六、日常生活（3）住/開燈	着燈	着灯	tʃœk2 tɐŋ55	zoek6 dang1	開燈3
7338	十六、日常生活（3）住/熄燈	黑燈	黑灯	hɐk5 tɐŋ55	hak1 dang1	熄燈1
7339	十六、日常生活（3）住/熄燈	吹燈	吹灯	tʃʰui55 tɐŋ55	cui1 dang1	熄燈2，指油燈
7340	十六、日常生活（3）住/休息	㪗	㪗	tʰɐu35	tau2	休息1
7341	十六、日常生活（3）住/休息	休息	休息	jɐu55 ɬek5	jau1 slik1	休息2
7342	十六、日常生活（3）住/歇歇	㪗下	㪗下	tʰɐu35 ha24	tau2 haa5	歇歇1，休息一會兒
7343	十六、日常生活（3）住/歇歇	慳下	悭下	hɛn55 ha24	hen1 haa5	歇歇2
7344	十六、日常生活（3）住/歇歇	㪗㪗	㪗㪗	tʰɐu35 tʰɐu35	tau2 tau2	歇歇3
7345	十六、日常生活（3）住/歇歇	㪗氣	㪗气	tʰɐu35 hi33	tau2 hi3	歇歇4，歇氣
7346	十六、日常生活（3）住/打盹兒	拜眼睏	拜眼困	pai33 ŋɛn24 hɐn33	baai3 ngen5 han3	打瞌睡1，打盹兒
7347	十六、日常生活（3）住/打盹兒	瞌眼睏	瞌眼困	hɐp5 ŋɛn24 hɐn33	hap1 ngen5 han3	打瞌睡2，打盹兒
7348	十六、日常生活（3）住/打盹兒	瞌一瞌	瞌一瞌	hɐp5 a55 hɐp5	hap1 aa1 hap1	打瞌睡3，打盹兒
7349	十六、日常生活（3）住/打盹兒	瞌一覺	瞌一觉	hɐp5 a55 kɛu33	hap1 aa1 geu3	打瞌睡4，打盹兒
7350	十六、日常生活（3）住/打哈欠	打欱浪	打欱浪	ta35 hap3 lɔŋ22	daa2 haap3 long6	打哈欠
7351	十六、日常生活（3）住/金星火眼	金星火眼	金星火眼	kɐm55 ɬeŋ55 fɔ35 ŋɛn24	gam1 sling1 fo2 ngen5	金星火眼，比喻加班熬夜眼睛充血的樣子，也比喻能熬夜加班
7352	十六、日常生活（3）住/睏	眼睏	眼困	ŋɛn24 hɐn33	ngen5 han3	睏
7353	十六、日常生活（3）住/鋪牀	鋪牀	铺床	pʰu55 tʃʰɔŋ21	pu1 cong4	鋪牀
7354	十六、日常生活（3）住/熄燈	黑燈	黑灯	hɐk5 tɐŋ55	hak1 dang1	熄燈1
7355	十六、日常生活（3）住/熄燈	關燈	关灯	kʷɛn55 tɐŋ55	gwen1 dang1	熄燈2
7356	十六、日常生活（3）住/躺下	睡落來	睡落来	ʃui22 lɔk2 lɐi21	sui6 lok6 lai4	躺下1
7357	十六、日常生活（3）住/躺下	睡落去	睡落去	ʃui22 lɔk2 hy33	sui6 lok6 hyu3	躺下2
7358	十六、日常生活（3）住/躺下	曬腩	晒腩	ʃai33 nam24	saai3 naam5	躺下3
7359	十六、日常生活（3）住/躺下	挺屍	挺尸	tʰeŋ35 ʃi55	ting2 si1	躺下4
7360	十六、日常生活（3）住/躺下	躂落牀	跶落床	tat3 lɔk2 tʃʰɔŋ21	daat3 lok6 cong4	躺下5
7361	十六、日常生活（3）住/躺着	睡住	睡住	ʃui22 tʃy22	sui6 zyu6	躺着
7362	十六、日常生活（3）住/孖鋪	孖鋪	孖铺	ma55 pʰu55	maa1 pu1	孖鋪，兩人睡一張牀
7363	十六、日常生活（3）住/蓋被子	𠖫被	𠖫被	kʰɐm35 pʰi24	kam2 pi5	蓋被子1，俗作「冚被」
7364	十六、日常生活（3）住/蓋被子	䆟被	䆟被	kʰɐp5 pʰi24	kap1 pi5	蓋被子2
7365	十六、日常生活（3）住/睡覺	睡覺	睡觉	ʃui22 kɛu33	sui6 geu3	睡覺1.1
7366	十六、日常生活（3）住/睡覺	睡覺	睡觉	ʃui22 kau33	sui6 gaau3	睡覺1.2
7367	十六、日常生活（3）住/睡覺	睡	睡	ʃui22	sui6	睡覺2
7368	十六、日常生活（3）住/睡覺	瞓	瞓	fɐn33	fan3	睡覺3，罕用，本字「睏」
7369	十六、日常生活（3）住/睡着	睡着	睡着	ʃui22 tʃœk2	sui6 zoek6	睡着
7370	十六、日常生活（3）住/睡了	睡哂	睡哂	ʃui22 ɬai33	sui6 slaai3	睡了
7371	十六、日常生活（3）住/睡熟	睡得腍	睡得腍	ʃui22 tɐk5 nɐm21	sui6 dak1 nam4	睡熟
7372	十六、日常生活（3）住/打呼	扯鼻鼾	扯鼻鼾	tʃʰɛ35 pi22 hɔn22	ce2 bi6 hon6	打呼1
7373	十六、日常生活（3）住/打呼	打呼嚕	打呼噜	ta35 fu55 lu55	daa2 fu1 lu1	打呼2
7374	十六、日常生活（3）住/打呼	打鼻鼾	打鼻鼾	ta35 pi22 hɔn22	daa2 bi6 hon6	打呼3
7375	十六、日常生活（3）住/打鼾聲	䬍䬍聲	䬍䬍声	fɔt2 fɔt2 ʃɛŋ55	fot6 fot6 seng1	打鼾聲1，也用於火旺貌、風嘯聲
7376	十六、日常生活（3）住/打鼾聲	吙吙聲	吙吙声	fɔ21 fɔ21 ʃɛŋ55	fo4 fo4 seng1	打鼾聲2，也用於火旺貌、風嘯聲
7377	十六、日常生活（3）住/打鼾聲	㰤㰤聲	㰤㰤声	kɔ21 kɔ21 ʃɛŋ55	go4 go4 seng1	打鼾聲3.1，豬睡覺的聲音，形容人打鼾
7378	十六、日常生活（3）住/打鼾聲	㰤㰤聲	㰤㰤声	kɔ21 kɔ35 ʃɛŋ55	go4 go2 seng1	打鼾聲3.2，豬睡覺的聲音，形容人打鼾
7379	十六、日常生活（3）住/蚊蟲聲	營營嗡嗡	营营嗡嗡	weŋ55 weŋ55 wʊŋ55 wʊŋ55	wing1 wing1 wung1 wung1	蚊蟲聲1
7380	十六、日常生活（3）住/蚊蟲聲	嗡嗡聲	嗡嗡声	wɐŋ55 wɐŋ55 ʃɛŋ55	wang1 wang1 seng1	蚊蟲聲2
7381	十六、日常生活（3）住/啪啪響	啪啪聲	啪啪声	pak5 pak5 ʃɛŋ55	baak1 baak1 seng1	啪啪響
7382	十六、日常生活（3）住/睡不着	睡冇着	睡冇着	ʃui22 mu24 tʃœk2	sui6 mu5 zoek6	睡不着、失眠
7383	十六、日常生活（3）住/睡不夠	冇夠眼	冇够眼	mu24 kɐu33 ŋɛn24	mu5 gau3 ngen5	睡不夠1
7384	十六、日常生活（3）住/睡不夠	𱤜睡夠	𱤜睡够	mɐŋ21 ʃui22 kɐu33	mang4 sui6 gau3	睡不夠2
7385	十六、日常生活（3）住/睡不夠	睡冇夠	睡冇够	ʃui22 mu24 kɐu33	sui6 mu5 gau3	睡不夠3
7386	十六、日常生活（3）住/睡不夠	未睡夠	未睡够	mi22 ʃui22 kɐu33	mi6 sui6 gau3	睡不夠4
7387	十六、日常生活（3）住/睡夠了	睡飽哂	睡饱哂	ʃui22 pɛu35 ɬai33	sui6 beu2 slaai3	睡夠了
7388	十六、日常生活（3）住/貪睡	濫睡	滥睡	lan22 ʃui22	laan6 sui6	貪睡，很能睡
7389	十六、日常生活（3）住/睡午覺	睡晏覺	睡晏觉	ʃui22 an33 kɛu33	sui6 aan3 geu3	睡午覺
7390	十六、日常生活（3）住/仰面睡	仰住睡	仰住睡	ŋɔŋ24 tʃy22 ʃui22	ngong5 zyu6 sui6	仰面睡1
7391	十六、日常生活（3）住/仰面睡	打仰睡	打仰睡	ta35 ŋɔŋ24 ʃui22	daa2 ngong5 sui6	仰面睡2
7392	十六、日常生活（3）住/側着睡	側住睡	侧住睡	tʃɐk5 tʃy22 ʃui22	zak1 zyu6 sui6	側着睡1
7393	十六、日常生活（3）住/側着睡	打側睡	打侧睡	ta35 tʃɐk5 ʃui22	daa2 zak1 sui6	側着睡2
7394	十六、日常生活（3）住/側着睡	側身睡	侧身睡	tʃɐk5 ʃɐn55 ʃui22	zak1 san1 sui6	側着睡3
7395	十六、日常生活（3）住/趴	仆	仆	pʰʊk5	puk1	趴（～着睡）
7396	十六、日常生活（3）住/趴着睡	趴住睡	趴住睡	pʰa55 tʃy22 ʃui22	paa1 zyu6 sui6	趴着睡1
7397	十六、日常生活（3）住/趴着睡	仆住睡	仆住睡	pʰʊk5 tʃy22 ʃui22	puk1 zyu6 sui6	趴着睡2
7398	十六、日常生活（3）住/趴着睡	仆睡	仆睡	pʰʊk5 ʃui22	puk1 sui6	趴着睡3
7399	十六、日常生活（3）住/支腿睡	戙腳睡	戙脚睡	tʊŋ22 kœk3 ʃui22	dung6 goek3 sui6	支腿睡
7400	十六、日常生活（3）住/癱睡貌	睡跋躠	睡跋躠	ʃui22 pʰat2 ɬat2	sui6 paat6 slaat6	癱睡貌1
7401	十六、日常生活（3）住/癱睡貌	睡跋跋	睡跋跋	ʃui22 pʰat2 pʰat2	sui6 paat6 paat6	癱睡貌2
7402	十六、日常生活（3）住/落枕	睏戾頸	困戾颈	hɐn33 lɐi35 kɛŋ35	han3 lai2 geng2	落枕1
7403	十六、日常生活（3）住/落枕	睡戾頸	睡戾颈	ʃui22 lɐi35 kɛŋ35	sui6 lai2 geng2	落枕2
7404	十六、日常生活（3）住/落枕	睡錯枕	睡错枕	ʃui22 tʃʰɔ33 tʃɐm35	sui6 co3 zam2	落枕3
7405	十六、日常生活（3）住/落枕	錯枕	错枕	tʃʰɔ33 tʃɐm35	co3 zam2	落枕4
7406	十六、日常生活（3）住/抽筋	抽筋	抽筋	tʃʰɐu55 kɐn55	cau1 gan1	抽筋
7407	十六、日常生活（3）住/做夢	睡夢	睡梦	ʃui22 mʊŋ22	sui6 mung6	做夢1
7408	十六、日常生活（3）住/做夢	發夢	发梦	fat3 mʊŋ22	faat3 mung6	做夢2
7409	十六、日常生活（3）住/說夢話	講夢話	讲梦话	kɔŋ35 mʊŋ22 wa22	gong2 mung6 waa6	說夢話1
7410	十六、日常生活（3）住/說夢話	發開口夢	发开口梦	fat3 hɔi55 hɐu35 mʊŋ22	faat3 hoi1 hau2 mung6	說夢話2
7411	十六、日常生活（3）住/魘住了	扎醒	扎醒	tʃat3 ɬɛŋ35	zaat3 sleng2	魘住了1
7412	十六、日常生活（3）住/魘住了	打扎跳	打扎跳	ta35 tʃat3 tʰiu33	daa2 zaat3 tiu3	魘住了2
7413	十六、日常生活（3）住/做夢癲	發夢癲	发梦癫	fat3 mʊŋ22 tin55	faat3 mung6 din1	做夢癲，指小孩半夜無端哭鬧
7414	十六、日常生活（3）住/熬夜	捱夜	挨夜	ŋai21 jɛ22	ngaai4 je6	熬夜1
7415	十六、日常生活（3）住/熬夜	捱更抵夜	挨更抵夜	ŋai21 kaŋ55 tɐi35 jɛ22	ngaai4 gaang1 dai2 je6	熬夜2
7416	十六、日常生活（3）住/熬夜	熬通宵	熬通宵	ŋau21 tʰʊŋ55 ɬiu55	ngaau4 tung1 sliu1	熬夜3
7417	十六、日常生活（3）住/熬夜	熬夜	熬夜	ŋau21 jɛ22	ngaau4 je6	熬夜4
7418	十六、日常生活（3）住/開夜車	開夜車	开夜车	hɔi55 jɛ22 tʃʰɛ55	hoi1 je6 ce1	開夜車1
7419	十六、日常生活（3）住/開夜車	戙牀板	戙床板	tʊŋ22 tʃʰɔŋ21 pan35	dung6 cong4 baan2	開夜車2
7420	十六、日常生活（3）住/開夜車	做通宵	做通宵	tʃu33 tʰʊŋ55 ɬiu55	zu3 tung1 sliu1	開夜車3
7421	十六、日常生活（4）行/走路	行路	行路	haŋ21 lu22	haang4 lu6	走路1
7422	十六、日常生活（4）行/走路	行	行	haŋ21	haang4	走路2
7423	十六、日常生活（4）行/下地	去做工	去做工	hy33 tʃu33 kʊŋ55	hyu3 zu3 gung1	下地，去地裏幹活
7424	十六、日常生活（4）行/趕集	趁墟	趁墟	tʃʰɐn33 hy55	can3 hyu1	趕集1
7425	十六、日常生活（4）行/趕集	趕墟	赶墟	kɔn35 hy55	gon2 hyu1	趕集2
7426	十六、日常生活（4）行/趕集	去墟	去墟	hy33 hy55	hyu3 hyu1	趕集3
7427	十六、日常生活（4）行/成墟	成墟	成墟	ʃɛŋ21 hy55	seng4 hyu1	成墟，集日人最多的時候
7428	十六、日常生活（4）行/散墟	散墟	散墟	ɬan35 hy55	slaan2 hyu1	散墟
7429	十六、日常生活（4）行/走親戚	行親戚	行亲戚	haŋ21 tʃʰɐn55 tʃʰek5	haang4 can1 cik1	走親戚1
7430	十六、日常生活（4）行/走親戚	尋親戚	寻亲戚	tʃʰɐm21 tʃʰɐn55 tʃʰek5	cam4 can1 cik1	走親戚2
7431	十六、日常生活（4）行/出去了	出去哂	出去哂	tʃʰyt5 hy33 ɬai33	cyut1 hyu3 slaai3	出去了
7432	十六、日常生活（4）行/出門	出去	出去	tʃʰyt5 hy33	cyut1 hyu3	出門1
7433	十六、日常生活（4）行/出門	出門	出门	tʃʰyt5 mun21	cyut1 mun4	出門2
7434	十六、日常生活（4）行/回家	返屋	返屋	fan55 ʊk5	faan1 uk1	回家1
7435	十六、日常生活（4）行/回家	返來	返来	fan55 lɐi21	faan1 lai4	回家2
7436	十六、日常生活（4）行/回家了	返來哂	返来哂	fan55 lɐi21 ɬai33	faan1 lai4 slaai3	回家了1
7437	十六、日常生活（4）行/回家了	返屋哂	返屋哂	fan55 ʊk5 ɬai33	faan1 uk1 slaai3	回家了2
7438	十六、日常生活（4）行/悶在家	屈喺屋	屈喺屋	wɐt5 hɐi35 ʊk5	wat1 hai2 uk1	悶在家1
7439	十六、日常生活（4）行/悶在家	屈喺屋企	屈喺屋企	wɐt5 hɐi35 ʊk5 kʰi35	wat1 hai2 uk1 ki2	悶在家2
7440	十六、日常生活（4）行/玩兒	耍	耍	ʃa35	saa2	玩兒1
7441	十六、日常生活（4）行/玩兒	去耍	去耍	hy33 ʃa35	hyu3 saa2	玩兒2
7442	十六、日常生活（4）行/逛街	逛街	逛街	kʷaŋ22 kai55	gwaang6 gaai1	逛街1.1
7443	十六、日常生活（4）行/逛街	逛街	逛街	kɔŋ22 kai55	gong6 gaai1	逛街1.2
7444	十六、日常生活（4）行/逛街	行街	行街	haŋ21 kai55	haang4 gaai1	逛街2
7445	十六、日常生活（4）行/逛街	蕩街	荡街	tɔŋ22 kai55	dong6 gaai1	逛街3
7446	十六、日常生活（4）行/上街	出街	出街	tʃʰyt5 kai55	cyut1 gaai1	上街1
7447	十六、日常生活（4）行/上街	去街	去街	hy33 kai55	hyu3 gaai1	上街2
7448	十六、日常生活（4）行/走街串巷	穿街過巷	穿街过巷	tʃʰyn55 kai55 kɔ33 hɔŋ35	cyun1 gaai1 go3 hong2	走街串巷
7449	十六、日常生活（4）行/木屐聲	啲啲咑咑	啲啲咑咑	ti55 ti55 tak5 tak5	di1 di1 daak1 daak1	木屐聲
7450	十六、日常生活（4）行/散步	散步	散步	ɬan33 pu22	slaan3 bu6	散步1
7451	十六、日常生活（4）行/散步	行行	行行	haŋ21 haŋ21	haang4 haang4	散步2
7452	十六、日常生活（4）行/散步	行下	行下	haŋ21 ha24	haang4 haa5	散步3
7453	十六、日常生活（4）行/散散步	散散步	散散步	ɬan33 ɬan33 pu22	slaan3 slaan3 bu6	散散步
7454	十六、日常生活（4）行/轉轉	捹捹	捹捹	pɐn33 pɐn33	ban3 ban3	轉轉
7455	十六、日常生活（4）行/轉一圈	捹一圈	捹一圈	pɐn33 a55 hyn55	ban3 aa1 hyun1	轉一圈
7456	十六、日常生活（4）行/騎自行車	騎車	骑车	kʰɛ21 tʃʰɛ55	ke4 ce1	騎自行車1
7457	十六、日常生活（4）行/騎自行車	踩車	踩车	tʃʰai35 tʃʰɛ55	caai2 ce1	騎自行車2
7458	十六、日常生活（4）行/騎自行車	坐單車	坐单车	tʃʰɔ24 tan55 tʃʰɛ55	co5 daan1 ce1	騎自行車3
7459	十六、日常生活（4）行/開汽車	抓車	抓车	tʃa55 tʃʰɛ55	zaa1 ce1	開汽車1
7460	十六、日常生活（4）行/開汽車	開車	开车	hɔi55 tʃʰɛ55	hoi1 ce1	開汽車2
7461	十六、日常生活（4）行/車開得快	車開吪吪	车开吪吪	tʃʰɛ55 hɔi55 fa21 fa21	ce1 hoi1 faa4 faa4	車開得快
7462	十六、日常生活（4）行/乘車	搭車	搭车	tap3 tʃʰɛ55	daap3 ce1	乘車1
7463	十六、日常生活（4）行/乘車	坐車	坐车	tʃʰɔ24 tʃʰɛ55	co5 ce1	乘車2
7464	十六、日常生活（4）行/乘公共汽車	搭公車	搭公车	tap3 kʊŋ55 tʃʰɛ55	daap3 gung1 ce1	乘公共汽車
7465	十六、日常生活（4）行/搭順風車	搭順風車	搭顺风车	tap3 ʃɐn22 fʊŋ55 tʃʰɛ55	daap3 san6 fung1 ce1	搭順風車1，搭便車
7466	十六、日常生活（4）行/搭順風車	坐順風車	坐顺风车	tʃʰɔ24 ʃɐn22 fʊŋ55 tʃʰɛ55	co5 san6 fung1 ce1	搭順風車2
7467	十六、日常生活（4）行/乘船	搭船	搭船	tap3 ʃyn21	daap3 syun4	乘船1
7468	十六、日常生活（4）行/乘船	坐船	坐船	tʃʰɔ24 ʃyn21	co5 syun4	乘船2
7469	十六、日常生活（4）行/乘船	搭渡	搭渡	tap3 tu22	daap3 du6	乘船3，老派
7470	十六、日常生活（4）行/乘飛機	搭飛機	搭飞机	tap3 fi55 ki55	daap3 fi1 gi1	乘飛機1
7471	十六、日常生活（4）行/乘飛機	坐飛機	坐飞机	tʃʰɔ24 fi55 ki55	co5 fi1 gi1	乘飛機2
7472	十六、日常生活（4）行/攀車邊	攀車邊	攀车边	man55 tʃʰɛ55 pin55	maan1 ce1 bin1	攀車邊，搭別人的方便
7473	十六、日常生活（4）行/兜客	兜客	兜客	tɐu55 hak3	dau1 haak3	兜客，招攬乘客
7474	十六、日常生活（4）行/拉客	拉客	拉客	lai55 hak3	laai1 haak3	拉客，載客，也指攬客
7475	十六、日常生活（4）行/搭客	搭客	搭客	tap3 hak3	daap3 haak3	搭客，搭載乘客
7476	十七、訟事/打官司	打官司	打官司	ta35 kun55 ʃi55	daa2 gun1 si1	打官司1.1
7477	十七、訟事/打官司	打官司	打官司	ta35 kun55 sɿ55	daa2 gun1 sy1	打官司1.2
7478	十七、訟事/告狀	告狀	告状	ku33 tʃɔŋ22	gu3 zong6	告狀
7479	十七、訟事/原告	原告	原告	jyn21 ku33	jyun4 gu3	原告
7480	十七、訟事/被告	被告	被告	pi22 ku33	bi6 gu3	被告
7481	十七、訟事/狀子（訴狀）	狀紙	状纸	tʃɔŋ22 tʃi35	zong6 zi2	狀子1（訴狀）
7482	十七、訟事/狀子（訴狀）	狀子	状子	tʃɔŋ22 tʃi35	zong6 zi2	狀子2.1（訴狀）
7483	十七、訟事/狀子（訴狀）	狀子	状子	tʃɔŋ22 tsɿ35	zong6 zy2	狀子2.2（訴狀）
7484	十七、訟事/坐堂	升堂	升堂	ʃeŋ55 tʰɔŋ21	sing1 tong4	坐堂
7485	十七、訟事/退堂	退堂	退堂	tʰui33 tʰɔŋ21	tui3 tong4	退堂
7486	十七、訟事/問案	審案	审案	ʃɐm35 ɔn33	sam2 on3	問案
7487	十七、訟事/過堂	過堂	过堂	kɔ33 tʰɔŋ21	go3 tong4	過堂
7488	十七、訟事/開庭	開庭	开庭	hɔi55 tʰeŋ21	hoi1 ting4	開庭
7489	十七、訟事/證人	證人	证人	tʃeŋ33 jɐn21	zing3 jan4	證人
7490	十七、訟事/人證	人證	人证	jɐn21 tʃeŋ33	jan4 zing3	人證
7491	十七、訟事/物證	物證	物证	mɐt2 tʃeŋ33	mat6 zing3	物證
7492	十七、訟事/對質	對證	对证	tui33 tʃeŋ33	dui3 zing3	對質
7493	十七、訟事/毒品	粉	粉	fɐn35	fan2	毒品，喻稱，因早期常見的毒品爲粉狀
7494	十七、訟事/海洛因	白粉	白粉	pak2 fɐn35	baak6 fan2	海洛因，毒品
7495	十七、訟事/刑事	刑事	刑事	jeŋ21 ʃi22	jing4 si6	刑事1.1
7496	十七、訟事/刑事	刑事	刑事	jeŋ21 sɿ22	jing4 sy6	刑事1.2
7497	十七、訟事/民事	民事	民事	mɐn21 ʃi22	man4 si6	民事1.1
7498	十七、訟事/民事	民事	民事	mɐn21 sɿ22	man4 sy6	民事1.2
7499	十七、訟事/家務事	家務事	家务事	ka55 mu22 ʃi22	gaa1 mu6 si6	家務事1.1
7500	十七、訟事/家務事	家務事	家务事	ka55 mu22 sɿ22	gaa1 mu6 sy6	家務事1.2
7501	十七、訟事/律師	律師	律师	lɐt2 ʃi55	lat6 si1	律師1.1
7502	十七、訟事/律師	律師	律师	lɐt2 sɿ55	lat6 sy1	律師1.2
7503	十七、訟事/律師	律師	律师	lyt2 sɿ55	lyut6 sy1	律師1.3
7504	十七、訟事/代書	代書	代书	tɔi22 ʃy55	doi6 syu1	代書（代人寫狀子的）
7505	十七、訟事/服	服	服	fʊk2	fuk6	服
7506	十七、訟事/不服	冇服	冇服	mu24 fʊk2	mu5 fuk6	不服
7507	十七、訟事/上訴	上訴	上诉	ʃœŋ22 ɬu33	soeng6 slu3	上訴
7508	十七、訟事/宣判	判	判	pʰun33	pun3	宣判
7509	十七、訟事/招認	認	认	jeŋ22	jing6	招認
7510	十七、訟事/口供	口供	口供	hɐu35 kʊŋ55	hau2 gung1	口供
7511	十七、訟事/供	供	供	kʊŋ55	gung1	供1（～出同謀）
7512	十七、訟事/供	咬	咬	ŋɛu24	ngeu5	供2（～出同謀）
7513	十七、訟事/同謀	同夥	同伙	tʰʊŋ21 fɔ35	tung4 fo2	同謀1
7514	十七、訟事/同謀	同黨	同党	tʰʊŋ21 tɔŋ35	tung4 dong2	同謀2
7515	十七、訟事/同謀	同謀	同谋	tʰʊŋ21 mɐu21	tung4 mau4	同謀3
7516	十七、訟事/故犯	故犯	故犯	ku33 fan22	gu3 faan6	故犯
7517	十七、訟事/誤犯	誤犯	误犯	ŋ̍22 fan22	ng6 faan6	誤犯
7518	十七、訟事/犯法	犯法	犯法	fan22 fat3	faan6 faat3	犯法
7519	十七、訟事/犯罪	犯罪	犯罪	fan22 tʃui22	faan6 zui6	犯罪
7520	十七、訟事/誣告	誣告	诬告	mu55 ku33	mu1 gu3	誣告1
7521	十七、訟事/誣告	賴	赖	lai22	laai6	誣告2
7522	十七、訟事/連坐	連坐	连坐	lin21 tʃʰɔ24	lin4 co5	連坐
7523	十七、訟事/保釋	保釋	保释	pu35 ɬek5	bu2 slik1	保釋
7524	十七、訟事/取保	擔保	担保	tam55 pu35	daam1 bu2	取保
7525	十七、訟事/逮捕	捉	捉	tʃɔk3	zok3	逮捕1，語流中也有讀[tʃʊk3]
7526	十七、訟事/逮捕	拉	拉	lai55	laai1	逮捕2
7527	十七、訟事/押解	解	解	kai33	gaai3	押解1
7528	十七、訟事/押解	解犯	解犯	kai33 fan22	gaai3 faan6	押解2
7529	十七、訟事/囚車	犯車	犯车	fan22 tʃʰɛ55	faan6 ce1	囚車1
7530	十七、訟事/囚車	囚車	囚车	tʃʰɐu21 tʃʰɛ55	cau4 ce1	囚車2
7531	十七、訟事/清官	清官	清官	tʃʰeŋ55 kun55	cing1 gun1	清官
7532	十七、訟事/鐵面無私	鐵面無私	铁面无私	tʰit3 min22 mu21 ʃi55	tit3 min6 mu4 si1	鐵面無私1.1
7533	十七、訟事/鐵面無私	鐵面無私	铁面无私	tʰit3 min22 mu21 sɿ55	tit3 min6 mu4 sy1	鐵面無私1.2
7534	十七、訟事/贓官	貪官	贪官	tʰam55 kun55	taam1 gun1	贓官
7535	十七、訟事/昏官	昏官	昏官	wɐn55 kun55	wan1 gun1	昏官
7536	十七、訟事/受賄	受賄	受贿	ʃɐu22 fui35	sau6 fui2	受賄
7537	十七、訟事/行賄	使錢	使钱	ʃɐi35 tʃʰin21	sai2 cin4	行賄1，賄賂
7538	十七、訟事/行賄	搕錢	搕钱	ɐp5 tʃʰin21	ap1 cin4	行賄2，賄賂
7539	十七、訟事/行賄	收買	收买	ʃɐu55 mai24	sau1 maai5	行賄3，賄賂
7540	十七、訟事/行賄	買通	买通	mai24 tʰʊŋ55	maai5 tung1	行賄4，賄賂
7541	十七、訟事/罰款	罰錢	罚钱	fat2 tʃʰin21	faat6 cin4	罰款
7542	十七、訟事/斬首	斬頭	斩头	tʃɛm35 tʰɐu21	zem2 tau4	斬首
7543	十七、訟事/槍斃	槍斃	枪毙	tʃʰœŋ55 pi22	coeng1 bi6	槍斃1
7544	十七、訟事/槍斃	打靶	打靶	ta35 pa35	daa2 baa2	槍斃2
7545	十七、訟事/斬條	牌	牌	pʰai21	paai4	斬條，插在死囚背後驗明正身的木條
7546	十七、訟事/用刑	上刑	上刑	ʃœŋ24 jeŋ21	soeng5 jing4	用刑
7547	十七、訟事/拷打	打	打	ta35	daa2	拷打
7548	十七、訟事/打屁股	打屎窟	打屎窟	ta35 ʃi35 fɐt5	daa2 si2 fat1	打屁股1，舊時刑罰
7549	十七、訟事/打屁股	打板子	打板子	ta35 pan35 tʃi35	daa2 baan2 zi2	打屁股2.1
7550	十七、訟事/打屁股	打板子	打板子	ta35 pan35 tsɿ35	daa2 baan2 zy2	打屁股2.2
7551	十七、訟事/上枷	戴枷	戴枷	tai33 ka55	daai3 gaa1	上枷
7552	十七、訟事/手銬	手銬	手铐	ʃɐu35 kʰau33	sau2 kaau3	手銬
7553	十七、訟事/戴手銬	戴手銬	戴手铐	tai33 ʃɐu35 kʰau33	daai3 sau2 kaau3	戴手銬
7554	十七、訟事/腳鐐	腳鏈	脚链	kœk3 lin35	goek3 lin2	腳鐐1
7555	十七、訟事/腳鐐	腳銬	脚铐	kœk3 kʰau33	goek3 kaau3	腳鐐2
7556	十七、訟事/綁起來	綁起身	绑起身	pɔŋ35 hi35 ʃɐn55	bong2 hi2 san1	綁起來
7557	十七、訟事/囚禁起來	困起身	困起身	wɐn33 hi35 ʃɐn55	wan3 hi2 san1	囚禁起來
7558	十七、訟事/坐牢	坐監	坐监	tʃʰɔ24 kam55	co5 gaam1	坐牢1
7559	十七、訟事/坐牢	踎監	踎监	mɐu55 kam55	mau1 gaam1	坐牢2
7560	十七、訟事/坐牢	墩監	墩监	tɐn35 kam55	dan2 gaam1	坐牢3
7561	十七、訟事/探監	探監	探监	tʰam33 kam55	taam3 gaam1	探監
7562	十七、訟事/越獄	偷趯	偷趯	tʰɐu55 tɛk3	tau1 dek3	越獄
7563	十七、訟事/立字據	立字據	立字据	lɐp2 tʃi22 ky33	lap6 zi6 gyu3	立字據
7564	十七、訟事/畫押	撳手印	揿手印	kɐm22 ʃɐu35 jɐn33	gam6 sau2 jan3	畫押1，按手印
7565	十七、訟事/畫押	畫押	画押	wak2 ap3	waak6 aap3	畫押2
7566	十七、訟事/立約	簽約	签约	tʃʰim55 jœk3	cim1 joek3	立約1
7567	十七、訟事/立約	訂合同	订合同	teŋ22 hɐp2 tʰʊŋ21	ding6 hap6 tung4	立約2
7568	十七、訟事/課子	稅	税	ʃui33	sui3	課子
7569	十七、訟事/捐稅	交稅	交税	kɛu55 ʃui33	geu1 sui3	捐稅
7570	十七、訟事/地租	地租	地租	ti22 tʃu55	di6 zu1	地租
7571	十七、訟事/地契	地契	地契	ti22 kʰɐi33	di6 kai3	地契
7572	十七、訟事/房租	屋租	屋租	ʊk5 tʃu55	uk1 zu1	房租
7573	十七、訟事/房契	屋契	屋契	ʊk5 kʰɐi33	uk1 kai3	房契
7574	十七、訟事/稅契	稅契	税契	ʃui33 kʰɐi33	sui3 kai3	稅契
7575	十七、訟事/納稅	交稅	交税	kɛu55 ʃui33	geu1 sui3	納稅1
7576	十七、訟事/納稅	納稅	纳税	nap2 ʃui33	naap6 sui3	納稅2
7577	十七、訟事/執照	執照	执照	tʃɐp5 tʃiu33	zap1 ziu3	執照
7578	十七、訟事/營業執照	牌照	牌照	pʰai21 tʃiu33	paai4 ziu3	營業執照
7579	十七、訟事/護照	護照	护照	wu22 tʃiu33	wu6 ziu3	護照
7580	十七、訟事/告示	佈告	布告	pu33 ku33	bu3 gu3	告示
7581	十七、訟事/通知	通知	通知	tʰʊŋ55 tʃi55	tung1 zi1	通知
7582	十七、訟事/路條	路條	路条	lu22 tʰiu21	lu6 tiu4	路條
7583	十七、訟事/命令	命令	命令	meŋ22 leŋ22	ming6 ling6	命令
7584	十七、訟事/公家	公家	公家	kʊŋ55 ka55	gung1 gaa1	公家
7585	十七、訟事/印	大印	大印	tai22 jɐn33	daai6 jan3	印1，官方圖章
7586	十七、訟事/印	印	印	jɐn33	jan3	印2
7587	十七、訟事/印	公章	公章	kʊŋ55 tʃœŋ55	gung1 zoeng1	印3
7588	十七、訟事/印	章	章	tʃœŋ55	zoeng1	印4
7589	十七、訟事/私章	私章	私章	ʃi55 tʃœŋ55	si1 zoeng1	私章
7590	十七、訟事/蓋章	抌印	抌印	tɐm35 jɐn33	dam2 jan3	蓋章1
7591	十七、訟事/蓋章	䆟章	䆟章	kʰɐp5 tʃœŋ55	kap1 zoeng1	蓋章2
7592	十七、訟事/私訪	暗訪	暗访	ɐm33 fɔŋ35	am3 fong2	私訪
7593	十七、訟事/交代	交帶	交带	kɛu55 tai33	geu1 daai3	交代1，把經手的事務移交給接替的人
7594	十七、訟事/交代	交代	交代	kɛu55 tɔi22	geu1 doi6	交代2.1
7595	十七、訟事/交代	交代	交代	kau55 tɔi22	gaau1 doi6	交代2.2
7596	十七、訟事/上任	上任	上任	ʃœŋ24 jɐm22	soeng5 jam6	上任1
7597	十七、訟事/上任	上臺	上台	ʃœŋ24 tʰɔi21	soeng5 toi4	上任2
7598	十七、訟事/卸任	卸任	卸任	ɬɛ33 jɐm22	sle3 jam6	卸任1
7599	十七、訟事/卸任	落臺	落台	lɔk2 tʰɔi21	lok6 toi4	卸任2
7600	十七、訟事/罷免	罷免	罢免	pa22 min24	baa6 min5	罷免1
7601	十七、訟事/罷免	罷官	罢官	pa22 kun55	baa6 gun1	罷免2
7602	十七、訟事/罷免	撤職	撤职	tʃʰit3 tʃek5	cit3 zik1	罷免3
7603	十七、訟事/案卷	案卷	案卷	ɔn33 kyn35	on3 gyun2	案卷1
7604	十七、訟事/案卷	宗卷	宗卷	tʃʊŋ55 kyn35	zung1 gyun2	案卷2
7605	十七、訟事/傳票	傳票	传票	tʃʰyn21 pʰiu33	cyun4 piu3	傳票
7606	十八、交際/應酬	應酬	应酬	jeŋ33 tʃʰɐu21	jing3 cau4	應酬
7607	十八、交際/來往	來往	来往	lɔi21 wɔŋ24	loi4 wong5	來往1
7608	十八、交際/來往	交往	交往	kɛu55 wɔŋ24	geu1 wong5	來往2
7609	十八、交際/看人	睇人	睇人	tʰɐi35 jɐn21	tai2 jan4	看人1，去看望人
7610	十八、交際/看人	探	探	tʰam33	taam3	看人2
7611	十八、交際/拜訪	拜訪	拜访	pai33 fɔŋ35	baai3 fong2	拜訪1
7612	十八、交際/拜訪	拜望	拜望	pai33 mɔŋ22	baai3 mong6	拜訪2
7613	十八、交際/回拜	回訪	回访	wui21 fɔŋ35	wui4 fong2	回拜
7614	十八、交際/名片	名片	名片	meŋ21 pʰin33	ming4 pin3	名片
7615	十八、交際/客人	客人	客人	hak3 jɐn21	haak3 jan4	客人1
7616	十八、交際/客人	客	客	hak3	haak3	客人2
7617	十八、交際/客人	人客	人客	jɐn21 hak3	jan4 haak3	客人3
7618	十八、交際/請客	請客	请客	tʃʰeŋ35 hak3	cing2 haak3	請客1
7619	十八、交際/請客	請飲	请饮	tʃʰeŋ35 jɐm35	cing2 jam2	請客2
7620	十八、交際/招待	招待	招待	tʃiu55 tɔi22	ziu1 doi6	招待1
7621	十八、交際/招待	招呼	招呼	tʃiu55 fu55	ziu1 fu1	招待2
7622	十八、交際/招待不周	招呼冇到	招呼冇到	tʃiu55 fu55 mu24 tu33	ziu1 fu1 mu5 du3	招待不周
7623	十八、交際/虧待	虧待	亏待	kʷʰɐi55 tɔi22	kwai1 doi6	虧待
7624	十八、交際/男客	男客	男客	nam21 hak3	naam4 haak3	男客
7625	十八、交際/女客	女客	女客	ny24 hak3	nyu5 haak3	女客
7626	十八、交際/送禮	送禮	送礼	ɬʊŋ33 lɐi24	slung3 lai5	送禮1
7627	十八、交際/送禮	做人情	做人情	tʃu33 jɐn21 tʃʰeŋ21	zu3 jan4 cing4	送禮2
7628	十八、交際/湊份子	佮份	佮份	kɐp3 fɐn22	gap3 fan6	湊份子
7629	十八、交際/禮物	禮物	礼物	lɐi24 mɐt2	lai5 mat6	禮物1
7630	十八、交際/禮物	禮	礼	lɐi24	lai5	禮物2
7631	十八、交際/禮物	人情	人情	jɐn21 tʃʰeŋ21	jan4 cing4	禮物3
7632	十八、交際/人情	人情	人情	jɐn21 tʃʰeŋ21	jan4 cing4	人情
7633	十八、交際/做東	打色	打色	ta35 ʃek5	daa2 sik1	做東，本義擲色子，引申爲做東
7634	十八、交際/做客	做客	做客	tʃu33 hak3	zu3 haak3	做客
7635	十八、交際/欠人情	爭人情	争人情	tʃaŋ55 jɐn21 tʃʰeŋ21	zaang1 jan4 cing4	欠人情
7636	十八、交際/貴賓	貴賓	贵宾	kʷɐi33 pɐn55	gwai3 ban1	貴賓
7637	十八、交際/陪客（動賓）	陪客	陪客	pʰui21 hak3	pui4 haak3	陪客（動賓）
7638	十八、交際/送客	送客	送客	ɬʊŋ33 hak3	slung3 haak3	送客
7639	十八、交際/不送了	冇送啊	冇送啊	mu24 ɬʊŋ33 a33	mu5 slung3 aa3	不送了1（主人說的客氣話）
7640	十八、交際/不送了	好行	好行	hu35 haŋ21	hu2 haang4	不送了2（主人說的客氣話）
7641	十八、交際/留步	留步	留步	lɐu21 pu22	lau4 bu6	留步1
7642	十八、交際/留步	冇使送	冇使送	mu24 ʃɐi35 ɬʊŋ33	mu5 sai2 slung3	留步2
7643	十八、交際/再見	再見	再见	tʃɔi33 kin33	zoi3 gin3	再見
7644	十八、交際/早安	早晨	早晨	tʃu35 ʃɐn21	zu2 san4	早安，早上好
7645	十八、交際/晚安	晚安	晚安	man24 ɔn55	maan5 on1	晚安
7646	十八、交際/您好	你好	你好	ni24 hu35	ni5 hu2	您好
7647	十八、交際/請進	落來坐	落来坐	lɔk2 lɐi21 tʃʰɔ24	lok6 lai4 co5	請進
7648	十八、交際/謝謝	多謝	多谢	tɔ55 tʃɛ22	do1 ze6	謝謝1
7649	十八、交際/謝謝	唔該	唔该	m̩21 kɔi55	m4 goi1	謝謝2，老派，本義表勞駕，本地兼表多謝
7650	十八、交際/謝謝關心	有心	有心	jɐu24 ɬɐm55	jau5 slam1	謝謝關心
7651	十八、交際/對不起	對冇住	对冇住	tui33 mu24 tʃy22	dui3 mu5 zyu6	對不起
7652	十八、交際/客氣	客氣	客气	hak3 hi33	haak3 hi3	客氣1
7653	十八、交際/客氣	做客	做客	tʃu33 hak3	zu3 haak3	客氣2
7654	十八、交際/不客氣	冇客氣	冇客气	mu24 hak3 hi33	mu5 haak3 hi3	不客氣1
7655	十八、交際/不客氣	冇使客氣	冇使客气	mu24 ʃɐi35 hak3 hi33	mu5 sai2 haak3 hi3	不客氣2
7656	十八、交際/不用拘束	冇拘	冇拘	mu24 kʰy55	mu5 kyu1	不用拘束
7657	十八、交際/不用急	冇使急	冇使急	mu24 ʃɐi35 kɐp5	mu5 sai2 gap1	不用急
7658	十八、交際/不好意思	冇好意思	冇好意思	mu24 hu35 ji33 ʃi55	mu5 hu2 ji3 si1	不好意思1.1
7659	十八、交際/不好意思	冇好意思	冇好意思	mu24 hu35 ji33 sɿ55	mu5 hu2 ji3 sy1	不好意思1.2
7660	十八、交際/婚宴	喜宴	喜宴	hi35 jin33	hi2 jin3	婚宴
7661	十八、交際/生日宴	生日宴	生日宴	ʃaŋ55 jɐt2 jin33	saang1 jat6 jin3	生日宴
7662	十八、交際/升學宴	升學宴	升学宴	ʃeŋ55 hɔk2 jin33	sing1 hok6 jin3	升學宴
7663	十八、交際/壽宴	壽宴	寿宴	ʃɐu22 jin33	sau6 jin3	壽宴
7664	十八、交際/擺酒席	擺酒	摆酒	pai35 tʃɐu35	baai2 zau2	擺酒席1
7665	十八、交際/擺酒席	請酒	请酒	tʃʰeŋ35 tʃɐu35	cing2 zau2	擺酒席2
7666	十八、交際/擺酒席	請飲	请饮	tʃʰeŋ35 jɐm35	cing2 jam2	擺酒席3
7667	十八、交際/擺酒席	做酒	做酒	tʃu33 tʃɐu35	zu3 zau2	擺酒席4
7668	十八、交際/擺酒席	擺檯	摆台	pai35 tʰɔi21	baai2 toi4	擺酒席5
7669	十八、交際/一桌（酒席）	一圍檯	一围台	a55 wɐi21 tʰɔi21	aa1 wai4 toi4	一桌1（酒席）
7670	十八、交際/一桌（酒席）	一檯	一台	a55 tʰɔi21	aa1 toi4	一桌2（酒席）
7671	十八、交際/一桌酒席	一檯酒	一台酒	a55 tʰɔi21 tʃɐu35	aa1 toi4 zau2	一桌酒席
7672	十八、交際/請帖	請帖	请帖	tʃʰeŋ35 tʰip3	cing2 tip3	請帖
7673	十八、交際/下請帖	發請帖	发请帖	fat3 tʃʰeŋ35 tʰip3	faat3 cing2 tip3	下請帖1
7674	十八、交際/下請帖	落請帖	落请帖	lɔk2 tʃʰeŋ35 tʰip3	lok6 cing2 tip3	下請帖2
7675	十八、交際/訂檯	訂檯	订台	tɛŋ22 tʰɔi21	deng6 toi4	訂檯，預訂位置
7676	十八、交際/開檯	開檯	开台	hɔi55 tʰɔi21	hoi1 toi4	開檯（把飯菜擺出來準備吃或把麻將碼好準備打）
7677	十八、交際/上席	上席	上席	ʃœŋ22 tʃek2	soeng6 zik6	上席1
7678	十八、交際/上席	上座	上座	ʃœŋ22 tʃɔ22	soeng6 zo6	上席2
7679	十八、交際/入席	入席	入席	jɐp2 tʃek2	jap6 zik6	入席1
7680	十八、交際/入席	坐埋檯	坐埋台	tʃʰɔ24 mai21 tʰɔi21	co5 maai4 toi4	入席2
7681	十八、交際/入席	坐埋來	坐埋来	tʃʰɔ24 mai21 lɐi21	co5 maai4 lai4	入席3
7682	十八、交際/入席	坐檯	坐台	tʃʰɔ24 tʰɔi21	co5 toi4	入席4
7683	十八、交際/上菜	上菜	上菜	ʃœŋ24 tʃʰɔi33	soeng5 coi3	上菜
7684	十八、交際/斟酒	斟酒	斟酒	tʃɐm55 tʃɐu35	zam1 zau2	斟酒
7685	十八、交際/喝酒	飲酒	饮酒	jɐm35 tʃɐu35	jam2 zau2	喝酒
7686	十八、交際/豪飲	劈酒	劈酒	pʰɛk3 tʃɐu35	pek3 zau2	豪飲，狂飲酒，也比喻斗酒、比拼酒量
7687	十八、交際/勸酒	敬酒	敬酒	keŋ33 tʃɐu35	ging3 zau2	勸酒
7688	十八、交際/碰杯	碰杯	碰杯	pʰʊŋ33 pui55	pung3 bui1	碰杯
7689	十八、交際/乾杯	乾杯	干杯	kɔn55 pui55	gon1 bui1	乾杯1
7690	十八、交際/乾杯	飲哂	饮哂	jɐm35 ɬai33	jam2 slaai3	乾杯2
7691	十八、交際/筷落	筷落	筷落	fai33 lɔk2	faai3 lok6	筷落，宴席上筷子掉落時的吉利語，諧音「快樂」
7692	十八、交際/碎碎平安	碎碎平安	碎碎平安	ɬui33 ɬui33 pʰeŋ21 ɔn55	slui3 slui3 ping4 on1	碎碎平安，宴席上碎盤時的吉利語，諧音「歲歲平安」
7693	十八、交際/恭喜發財，紅包進袋	恭喜發財，利市落袋	恭喜发财，利市落袋	kʊŋ55 hi35 fat3 tʃʰɔi21，li22 ʃi22 lɔk3 tɔi22	gung1 hi2 faat3 coi4，li6 si6 lok3 doi6	恭喜發財，紅包進袋，俗語，過年過節時的俏皮話
7694	十八、交際/大吉大利	大吉大利	大吉大利	tai22 kɐt5 tai22 li22	daai6 gat1 daai6 li6	大吉大利，吉祥話
7695	十八、交際/年年有餘	年年有餘	年年有余	nin21 nin21 jɐu24 jy21	nin4 nin4 jau5 jyu4	年年有餘，吉祥話
7696	十八、交際/快快長大	快高快大	快高快大	fai33 ku55 fai33 tai22	faai3 gu1 faai3 daai6	快快長大，對兒童的祝福語
7697	十八、交際/兆頭	意頭	意头	ji33 tʰɐu21	ji3 tau4	兆頭，吉凶的徵兆
7698	十八、交際/信（一封～）	家書	家书	ka55 ʃy55	gaa1 syu1	信（一封～）
7699	十八、交際/捎個信	帶封信去	带封信去	tai33 fʊŋ55 ɬɐn33 hy33	daai3 fung1 slan3 hyu3	捎個信1
7700	十八、交際/捎個信	帶話	带话	tai33 wa22	daai3 waa6	捎個信2
7701	十八、交際/匿名信	匿名信	匿名信	nek2 meŋ21 ɬɐn33	nik6 ming4 slan3	匿名信
7702	十八、交際/不和	冇啱	冇啱	mu24 ŋam55	mu5 ngaam1	（兩人）不和1
7703	十八、交際/不和	冇同耍	冇同耍	mu24 tʰʊŋ21 ʃa35	mu5 tung4 saa2	（兩人）不和2
7704	十八、交際/不和	冇啱瓦	冇啱瓦	mu24 ŋam55 ŋa24	mu5 ngaam1 ngaa5	（兩人）不和3
7705	十八、交際/不和	冇啱傾	冇啱倾	mu24 ŋam55 kʰeŋ55	mu5 ngaam1 king1	（兩人）不和4
7706	十八、交際/不和	冇和	冇和	mu24 wɔ21	mu5 wo4	（兩人）不和5
7707	十八、交際/鄰居	隔籬鄰舍	隔篱邻舍	kak3 li21 lɐn21 ʃɛ33	gaak3 li4 lan4 se3	鄰居1.1
7708	十八、交際/鄰居	隔籬鄰舍	隔篱邻舍	kak3 li21 lɐn21 ʃɛ24	gaak3 li4 lan4 se5	鄰居1.2
7709	十八、交際/鄰居	街坊	街坊	kai55 fɔŋ55	gaai1 fong1	鄰居2
7710	十八、交際/朋友	朋友	朋友	pʰɐŋ21 jɐu24	pang4 jau5	朋友1
7711	十八、交際/朋友	老夥計	老伙计	lu24 fɔ35 ki33	lu5 fo2 gi3	朋友2
7712	十八、交際/朋友	友崽	友崽	jɐu35 tʃɐi35	jau2 zai2	朋友3，男性朋友
7713	十八、交際/朋友	友仔	友仔	jɐu35 tʃɐi35	jau2 zai2	朋友3，男性朋友，同「友崽」
7714	十八、交際/朋友	友女	友女	jɐu24 ny35	jau5 nyu2	朋友4，女性朋友
7715	十八、交際/老朋友	老友	老友	lu24 jɐu24	lu5 jau5	老朋友1
7716	十八、交際/老朋友	老友鬼鬼	老友鬼鬼	lu24 jɐu24 kʷɐi35 kʷɐi35	lu5 jau5 gwai2 gwai2	老朋友2
7717	十八、交際/老朋友	老友記	老友记	lu24 jɐu24 ki33	lu5 jau5 gi3	老朋友3
7718	十八、交際/作伴	做隊	做队	tʃu33 tui22	zu3 dui6	作伴1
7719	十八、交際/作伴	作伴	作伴	tʃɔk3 pʰun24	zok3 pun5	作伴2
7720	十八、交際/有伴	有隊	有队	jɐu24 tui22	jau5 dui6	有伴1
7721	十八、交際/有伴	有伴	有伴	jɐu24 pʰun24	jau5 pun5	有伴2
7722	十八、交際/好伴	好伴	好伴	hu35 pʰun24	hu2 pun5	好伴
7723	十八、交際/冤家	冤家	冤家	jyn55 ka55	jyun1 gaa1	冤家1
7724	十八、交際/冤家	對頭	对头	tui33 tʰɐu21	dui3 tau4	冤家2
7725	十八、交際/冤家	死對頭	死对头	ɬi35 tui33 tʰɐu21	sli2 dui3 tau4	冤家3
7726	十八、交際/冤仇	仇口	仇口	tʃʰɐu21 hɐu35	cau4 hau2	冤仇
7727	十八、交際/合得來	佮得來	佮得来	kɐp3 tɐk5 lɐi21	gap3 dak1 lai4	合得來1
7728	十八、交際/合得來	佮得啱	佮得啱	kɐp3 tɐk5 ŋam55	gap3 dak1 ngaam1	合得來2
7729	十八、交際/合得來	啱偈	啱偈	ŋam55 kɐi35	ngaam1 gai2	合得來3
7730	十八、交際/合得來	啱瓦	啱瓦	ŋam55 ŋa24	ngaam1 ngaa5	合得來4
7731	十八、交際/合得來	啱傾	啱倾	ŋam55 kʰeŋ55	ngaam1 king1	合得來5，談得來
7732	十八、交際/合不來	佮冇來	佮冇來	kɐp3 mu24 lɐi21	gap3 mu5 lai4	合不來1
7733	十八、交際/合不來	冇啱	冇啱	mu24 ŋam55	mu5 ngaam1	合不來2
7734	十八、交際/談戀愛	拍拖	拍拖	pʰak3 tʰɔ55	paak3 to1	談戀愛1，拍：並排，拖：拉手
7735	十八、交際/談戀愛	抨佛	抨佛	pʰaŋ24 fɐt2	paang5 fat6	談戀愛2
7736	十八、交際/談戀愛	談戀愛	谈恋爱	tʰam21 lyn35 ɔi33	taam4 lyun2 oi3	談戀愛3
7737	十八、交際/泡妞	傾蘭	倾兰	kʰeŋ55 lan55	king1 laan1	泡妞1
7738	十八、交際/泡妞	撩蘭	撩兰	lɛu55 lan55	leu1 laan1	泡妞2，部分人以「摳（本字勾）」代替「撩」的後起用法，是受香港用詞「摳（本字勾）女」的影響而產生
7739	十八、交際/泡妞	追女崽	追女崽	tʃui55 ny24 tʃɐi35	zui1 nyu5 zai2	泡妞3
7740	十八、交際/泡妞	追女仔	追女仔	tʃui55 ny24 tʃɐi35	zui1 nyu5 zai2	泡妞3，同「追女崽」
7741	十八、交際/戀人分手	甩拖	甩拖	lɐt5 tʰɔ55	lat1 to1	戀人分手
7742	十八、交際/合夥	佮夥	佮伙	kɐp3 fɔ35	gap3 fo2	合夥1
7743	十八、交際/合夥	佮檔	佮档	kɐp3 tɔŋ33	gap3 dong3	合夥2
7744	十八、交際/合夥	拍檔	拍档	pʰak3 tɔŋ33	paak3 dong3	合夥3
7745	十八、交際/散夥	散檔	散档	ɬan35 tɔŋ33	slaan2 dong3	散夥
7746	十八、交際/不平	冇平	冇平	mu24 pʰeŋ21	mu5 ping4	不平（路見～）
7747	十八、交際/扯平	平過	平过	pʰeŋ21 kɔ33	ping4 go3	扯平
7748	十八、交際/冤枉	冤枉	冤枉	jyn55 wɔŋ35	jyun1 wong2	冤枉1
7749	十八、交際/冤枉	冤屈	冤屈	jyn55 wɐt5	jyun1 wat1	冤枉2
7750	十八、交際/揹黑鍋	孭鑊	孭镬	mɛ55 wɔk2	me1 wok6	揹黑鍋
7751	十八、交際/譏笑	諰譡	諰譡	ɬai55 tɔŋ33	slaai1 dong3	譏笑
7752	十八、交際/譏笑人	諰人	諰人	ɬai55 jɐn21	slaai1 jan4	譏笑人
7753	十八、交際/插嘴	插嘴	插嘴	tʃʰɛp3 tʃui35	cep3 zui2	插嘴1
7754	十八、交際/插嘴	插口	插口	tʃʰɛp3 hɐu35	cep3 hau2	插嘴2
7755	十八、交際/多嘴	多口	多口	tɔ55 hɐu35	do1 hau2	多嘴
7756	十八、交際/髒話	粗口	粗口	tʃʰu55 hɐu35	cu1 hau2	髒話1
7757	十八、交際/髒話	爛口	烂口	lan22 hɐu35	laan6 hau2	髒話2
7758	十八、交際/髒話	訕嗽	讪嗽	ʃan55 ʃɐu33	saan1 sau3	髒話3，罕用
7759	十八、交際/挑剔	㤿憸	㤿𪫺	jim55 tʃim55	jim1 zim1	過分挑剔，吹毛求疵
7760	十八、交際/賞臉	畀面	畀面	pi35 min35	bi2 min2	賞臉
7761	十八、交際/做作	撚	撚	nɐn35	nan2	做作1
7762	十八、交際/做作	撚唅唅	撚唅唅	nɐn35 hɐm21 hɐm21	nan2 ham4 ham4	做作2
7763	十八、交際/擺架子	擺架子	摆架子	pai35 kʰa33 tʃi35	baai2 kaa3 zi2	擺架子1.1
7764	十八、交際/擺架子	擺架子	摆架子	pai35 kʰa33 tsɿ35	baai2 kaa3 zy2	擺架子1.2
7765	十八、交際/擺架子	擺架閬	摆架阆	pai35 kʰa33 lɔŋ33	baai2 kaa3 long3	擺架子2
7766	十八、交際/擺架子	懶叻	懒叻	lan24 lɛk5	laan5 lek1	擺架子3
7767	十八、交際/擺架子	高竇	高窦	ku55 tɐu33	gu1 dau3	擺架子4
7768	十八、交際/擺架子	簕竇	簕窦	lɐk2 tɐu33	lak6 dau3	擺架子5
7769	十八、交際/擺架子	鳩屎	鸠屎	kɐu55 ʃi35	gau1 si2	擺架子6，自以爲是、臭美
7770	十八、交際/擺架子	亢赳	亢赳	kʰɐŋ33 tɐu35	kang3 dau2	擺架子7，高傲、目中無人
7771	十八、交際/自視甚高	牙擦	牙擦	ŋa21 tʃʰat3	ngaa4 caat3	自視甚高1，看不起人
7772	十八、交際/自視甚高	牙擦擦	牙擦擦	ŋa21 tʃʰat3 tʃʰat3	ngaa4 caat3 caat3	自視甚高2，看不起人
7773	十八、交際/言談自負	牙斬斬	牙斩斩	ŋa21 tʃam35 tʃam35	ngaa4 zaam2 zaam2	言談自負，強詞奪理
7774	十八、交際/待理不理	懶理	懒理	lan24 li24	laan5 li5	待理不理1
7775	十八、交際/待理不理	冇理人	冇理人	mu24 li24 jɐn21	mu5 li5 jan4	待理不理2
7776	十八、交際/待理不理	懶刮	懒刮	lan24 kʷɛt3	laan5 gwet3	待理不理3
7777	十八、交際/待理不理	懶屌	懒屌	lan24 tiu35	laan5 diu2	待理不理4，貶義
7778	十八、交際/得意洋洋	得意洋洋	得意洋洋	tɐk5 ji33 jœŋ21 jœŋ21	dak1 ji3 joeng4 joeng4	得意洋洋1
7779	十八、交際/得意洋洋	憬	憬	keŋ35	ging2	得意洋洋2，「見廣」的合音
7780	十八、交際/得意洋洋	憬昏七	憬昏七	keŋ35 wɐn55 tʃʰɐt5	ging2 wan1 cat1	得意洋洋3
7781	十八、交際/裝傻	裝癡	装痴	tʃɔŋ55 tʃʰi55	zong1 ci1	裝傻1
7782	十八、交際/裝傻	詐傻	诈傻	tʃa33 ɬɔ21	zaa3 slo4	裝傻2
7783	十八、交際/裝傻	詐懵	诈懵	tʃa33 mʊŋ35	zaa3 mung2	裝傻3
7784	十八、交際/裝傻	詐脤	诈脤	tʃa33 ʃɐn24	zaa3 san5	裝傻4
7785	十八、交際/裝傻	裝癡詐脤	装痴诈脤	tʃɔŋ55 tʃʰi55 tʃa33 ʃɐn24	zong1 ci1 zaa3 san5	裝傻5
7786	十八、交際/講排場	講排場	讲排场	kɔŋ35 pʰai21 tʃʰœŋ21	gong2 paai4 coeng4	講排場1
7787	十八、交際/講排場	充闊佬	充阔佬	tʃʰʊŋ55 fut3 lu35	cung1 fut3 lu2	講排場2
7788	十八、交際/出洋相	出洋相	出洋相	tʃʰyt5 jœŋ21 ɬœŋ33	cyut1 joeng4 sloeng3	出洋相1，出醜
7789	十八、交際/出洋相	獻世	献世	hin33 ʃɐi33	hin3 sai3	出洋相2，出醜
7790	十八、交際/丟人	甩鬚	甩须	lɐt5 ɬu55	lat1 slu1	丟人1，比喻有經驗的人也會出錯
7791	十八、交際/丟人	失禮	失礼	ʃɐt5 lɐi24	sat1 lai5	丟人2，失敬
7792	十八、交際/丟人	獻世	献世	hin33 ʃɐi33	hin3 sai3	丟人3，現眼
7793	十八、交際/丟人	冇識醜	冇识丑	mu24 ʃek5 tʃʰɐu35	mu5 sik1 cau2	丟人4，不知醜
7794	十八、交際/丟人	面皮厚	面皮厚	min22 pʰi21 hɐu24	min6 pi4 hau5	丟人5，臉皮厚
7795	十八、交際/丟人	冇要面	冇要面	mu24 jiu33 min22	mu5 jiu3 min6	丟人6，不要臉
7796	十八、交際/丟人	丟架	丢架	tiu55 ka22	diu1 gaa6	丟人7，掉價
7797	十八、交際/丟人	丟面	丢面	tiu55 min22	diu1 min6	丟人8，丟臉
7798	十八、交際/巴結	捧脬	捧脬	pʰʊŋ35 pʰɛu55	pung2 peu1	巴結1.1
7799	十八、交際/巴結	捧脬	捧脬	pʰʊŋ35 pʰau55	pung2 paau1	巴結1.2
7800	十八、交際/巴結	捧大腿	捧大腿	pʰʊŋ35 tai22 tʰui35	pung2 daai6 tui2	巴結2
7801	十八、交際/巴結	拍	拍	pʰak3	paak3	巴結3
7802	十八、交際/巴結	拍馬屁	拍马屁	pʰak3 ma24 pʰi33	paak3 maa5 pi3	巴結4
7803	十八、交際/仗恃、倚仗	恃	恃	tʃʰi24	ci5	仗恃1.1，倚仗
7804	十八、交際/仗恃、倚仗	恃	恃	tsʰɿ24	cy5	仗恃1.2，倚仗
7805	十八、交際/串門兒	串門	串门	tʃʰyn33 mun21	cyun3 mun4	串門兒
7806	十八、交際/拉近乎	摟	搂	lɐu55	lau1	拉近乎
7807	十八、交際/捉弄	整蠱	整蛊	tʃeŋ35 ku35	zing2 gu2	捉弄1
7808	十八、交際/捉弄	撚化	撚化	nɐn35 fa33	nan2 faa3	捉弄2
7809	十八、交際/拿手	撚手	撚手	nɐn35 ʃɐu35	nan2 sau2	拿手1
7810	十八、交際/拿手	耍家	耍家	ʃa35 ka55	saa2 gaa1	拿手2（有乜嘢～嘅？搞幾杯試睇過）
7811	十八、交際/看得起	睇得起	睇得起	tʰɐi35 tɐk5 hi35	tai2 dak1 hi2	看得起
7812	十八、交際/看不起	睇冇起	睇冇起	tʰɐi35 mu24 hi35	tai2 mu5 hi2	看不起1
7813	十八、交際/看不起	睇衰	睇衰	tʰɐi35 ʃui55	tai2 sui1	看不起2
7814	十八、交際/唱衰	喃衰	喃衰	nam55 ʃui55	naam1 sui1	唱衰，不看好
7815	十八、交際/合夥兒	佮夥	佮伙	kɐp3 fɔ35	gap3 fo2	合夥兒1
7816	十八、交際/合夥兒	佮份	佮份	kɐp3 fɐn22	gap3 fan6	合夥兒2
7817	十八、交際/齊心協力	佮手佮腳	佮手佮脚	kɐp3 ʃɐu35 kɐp3 kœk3	gap3 sau2 gap3 goek3	齊心協力
7818	十八、交際/提攜	帶協	带协	tai33 hip3	daai3 hip3	提攜1，本作「帶挈」，韻尾音變
7819	十八、交際/提攜	帶挈	带挈	tai33 hit3	daai3 hit3	提攜2
7820	十八、交際/答應	應承	应承	jeŋ55 ʃeŋ21	jing1 sing4	答應1
7821	十八、交際/答應	䎺	䎺	tʃɐi33	zai3	答應2
7822	十八、交際/答應	肯	肯	hɐŋ35	hang2	答應3（～來）
7823	十八、交際/不答應	冇應承	冇应承	mu24 jeŋ55 ʃeŋ21	mu5 jing1 sing4	不答應1
7824	十八、交際/不答應	冇肯	冇肯	mu24 hɐŋ35	mu5 hang2	不答應2
7825	十八、交際/不答應	冇䎺	冇䎺	mu24 tʃɐi33	mu5 zai3	不答應3
7826	十八、交際/不答應	冇做	冇做	mu24 tʃu33	mu5 zu3	不答應4
7827	十八、交際/不答應	唔䎺	唔䎺	m̩21 tʃɐi33	m4 zai3	不答應5，老派
7828	十八、交際/可以	可以	可以	hɔ35 ji24	ho2 ji5	可以（～去）
7829	十八、交際/攆出去	抨出去	抨出去	pʰaŋ24 tʃʰyt5 hy33	paang5 cyut1 hyu3	攆出去
7830	十八、交際/（有）關係	𪐀經	𪐀经	na55 kaŋ55	naa1 gaang1	（有）關係1（我同阿件事冇～），俗作「𪐀耕」
7831	十八、交際/（有）關係	𪐀褦	𪐀褦	na55 nɐŋ33	naa1 nang3	（有）關係2
7832	十八、交際/（有）關係	關事	关事	kʷan55 ʃi22	gwaan1 si6	（有）關係3.1
7833	十八、交際/（有）關係	關事	关事	kʷan55 sɿ22	gwaan1 sy6	（有）關係3.2
7834	十八、交際/毫無關係（毫不相干）	冇𪐀經	冇𪐀经	mu24 na55 kaŋ55	mu5 naa1 gaang1	毫無關係1（毫不相干），俗作「冇𪐀耕」
7835	十八、交際/毫無關係（毫不相干）	冇𪐀褦	冇𪐀褦	mu24 na55 nɐŋ33	mu5 naa1 nang3	毫無關係2（毫不相干）
7836	十八、交際/毫無關係（毫不相干）	冇關事	冇关事	mu24 kʷan55 ʃi22	mu5 gwaan1 si6	毫無關係3.1（毫不相干）
7837	十八、交際/毫無關係（毫不相干）	冇關事	冇关事	mu24 kʷan55 sɿ22	mu5 gwaan1 sy6	毫無關係3.2（毫不相干）
7838	十八、交際/先這樣吧	係噉先	系噉先	hɐi22 kɐm35 ɬin55	hai6 gam2 slin1	先這樣吧1.1
7839	十八、交際/先這樣吧	係噉先	系噉先	hɐi22 kɐm35 lin55	hai6 gam2 lin1	先這樣吧1.2
7840	十八、交際/這樣的話	係噉話	系噉话	hɐi22 kɐm35 wa22	hai6 gam2 waa6	這樣的話（～呢可以降低成本）
7841	十九、商業、交通（1）經商行業/字號	字號	字号	tʃi22 hu22	zi6 hu6	字號1.1
7842	十九、商業、交通（1）經商行業/字號	字號	字号	tsɿ22 hu22	zy6 hu6	字號1.2
7843	十九、商業、交通（1）經商行業/招牌	招牌	招牌	tʃiu55 pʰai21	ziu1 paai4	招牌
7844	十九、商業、交通（1）經商行業/廣告	廣告	广告	kɔŋ35 ku33	gong2 gu3	廣告
7845	十九、商業、交通（1）經商行業/廣告紙	招紙	招纸	tʃiu55 tʃi35	ziu1 zi2	廣告紙，牆上的海報或商品上的商標紙
7846	十九、商業、交通（1）經商行業/包裝紙	包裝紙	包装纸	pau55 tʃɔŋ55 tʃi35	baau1 zong1 zi2	包裝紙
7847	十九、商業、交通（1）經商行業/開鋪子	開鋪頭	开铺头	hɔi55 pʰu33 tʰɐu21	hoi1 pu3 tau4	開鋪子1
7848	十九、商業、交通（1）經商行業/開鋪子	開檔口	开档口	hɔi55 tɔŋ33 hɐu35	hoi1 dong3 hau2	開鋪子2
7849	十九、商業、交通（1）經商行業/開鋪子	開檔	开档	hɔi55 tɔŋ33	hoi1 dong3	開鋪子3
7850	十九、商業、交通（1）經商行業/鋪面	鋪面	铺面	pʰu33 min35	pu3 min2	鋪面1
7851	十九、商業、交通（1）經商行業/鋪面	門面	门面	mun21 min35	mun4 min2	鋪面2
7852	十九、商業、交通（1）經商行業/鋪面	檔口	档口	tɔŋ33 hɐu35	dong3 hau2	鋪面3
7853	十九、商業、交通（1）經商行業/地攤	地攤	地摊	ti22 tʰan55	di6 taan1	地攤1
7854	十九、商業、交通（1）經商行業/地攤	地檔	地档	ti22 tɔŋ33	di6 dong3	地攤2
7855	十九、商業、交通（1）經商行業/擺攤子	擺攤	摆摊	pai35 tʰan55	baai2 taan1	擺攤子1
7856	十九、商業、交通（1）經商行業/擺攤子	擺檔	摆档	pai35 tɔŋ33	baai2 dong3	擺攤子2
7857	十九、商業、交通（1）經商行業/收攤	收攤	收摊	ʃɐu55 tʰan55	sau1 taan1	收攤1
7858	十九、商業、交通（1）經商行業/收攤	收檔	收档	ʃɐu55 tɔŋ33	sau1 dong3	收攤2
7859	十九、商業、交通（1）經商行業/跑單幫	跑單幫	跑单帮	pʰau35 tan55 pɔŋ55	paau2 daan1 bong1	跑單幫
7860	十九、商業、交通（1）經商行業/做生意	做生意	做生意	tʃu33 ʃaŋ55 ji33	zu3 saang1 ji3	做生意
7861	十九、商業、交通（1）經商行業/談買賣	傾生意	倾生意	kʰeŋ55 ʃaŋ55 ji33	king1 saang1 ji3	談買賣
7862	十九、商業、交通（1）經商行業/拉生意	拉生意	拉生意	lai55 ʃaŋ55 ji33	laai1 saang1 ji3	拉生意
7863	十九、商業、交通（1）經商行業/搶生意	搶生意	抢生意	tʃʰœŋ35 ʃaŋ55 ji33	coeng2 saang1 ji3	搶生意
7864	十九、商業、交通（1）經商行業/旅店	旅社	旅社	ly24 ʃɛ24	lyu5 se5	旅店
7865	十九、商業、交通（1）經商行業/客棧	客棧	客栈	hak3 tʃan35	haak3 zaan2	客棧
7866	十九、商業、交通（1）經商行業/飯館	飯店	饭店	fan22 tim33	faan6 dim3	飯館1，舊時南寧的名飯館有南湖魚餐館、南寧蛇餐館、萬國酒家、西園飯店、明園飯店、邕州飯店、邕江飯店、南寧飯店等，見1985年《廣西特產風味指南》P218-221，225-227和1982年《南寧旅遊手冊》P63-71，77-79
7867	十九、商業、交通（1）經商行業/飯館	飲食店	饮食店	jɐm35 ʃek2 tim33	jam2 sik6 dim3	飯館2
7868	十九、商業、交通（1）經商行業/飯館	粉店	粉店	fɐn35 tim33	fan2 dim3	飯館3，專賣米粉
7869	十九、商業、交通（1）經商行業/飯館	酒樓	酒楼	tʃɐu35 lɐu21	zau2 lau4	飯館4
7870	十九、商業、交通（1）經商行業/飯館	酒家	酒家	tʃɐu35 ka55	zau2 gaa1	飯館5
7871	十九、商業、交通（1）經商行業/粉攤	粉攤	粉摊	fɐn35 tʰan55	fan2 taan1	粉攤，街邊攤
7872	十九、商業、交通（1）經商行業/酸品攤	酸嘢攤	酸嘢摊	ɬyn55 jɛ24 tʰan55	slyun1 je5 taan1	酸品攤，街邊攤
7873	十九、商業、交通（1）經商行業/大排檔	大排檔	大排档	tai22 pʰai21 tɔŋ33	daai6 paai4 dong3	大排檔1
7874	十九、商業、交通（1）經商行業/大排檔	排檔	排档	pʰai21 tɔŋ33	paai4 dong3	大排檔2
7875	十九、商業、交通（1）經商行業/餐廳	餐廳	餐厅	tʃʰan55 tʰɛŋ55	caan1 teng1	餐廳
7876	十九、商業、交通（1）經商行業/冷飲店	冰室	冰室	peŋ55 ʃɐt5	bing1 sat1	冷飲店
7877	十九、商業、交通（1）經商行業/茶葉鋪	茶葉鋪	茶叶铺	tʃʰa21 jip2 pʰu33	caa4 jip6 pu3	茶葉鋪
7878	十九、商業、交通（1）經商行業/茶館兒	茶樓	茶楼	tʃʰa21 lɐu21	caa4 lau4	茶館
7879	十九、商業、交通（1）經商行業/坐茶館	飲茶	饮茶	jɐm35 tʃʰa21	jam2 caa4	坐茶館1
7880	十九、商業、交通（1）經商行業/坐茶館	嘆茶	叹茶	tʰan33 tʃʰa21	taan3 caa4	坐茶館2
7881	十九、商業、交通（1）經商行業/茶市	茶市	茶市	tʃʰa21 ʃi24	caa4 si5	茶市，早茶市場
7882	十九、商業、交通（1）經商行業/開茶市	開茶	开茶	hɔi55 tʃʰa21	hoi1 caa4	開茶市，茶市開始營業
7883	十九、商業、交通（1）經商行業/下館子	去飯店	去饭店	hy33 fan22 tim33	hyu3 faan6 dim3	下館子1
7884	十九、商業、交通（1）經商行業/下館子	出去食	出去食	tʃʰyt5 hy33 ʃek2	cyut1 hyu3 sik6	下館子2
7885	十九、商業、交通（1）經商行業/堂倌兒	夥計	伙计	fɔ35 ki33	fo2 gi3	堂倌兒1
7886	十九、商業、交通（1）經商行業/堂倌兒	工崽	工崽	kʊŋ55 tʃɐi35	gung1 zai2	堂倌兒2
7887	十九、商業、交通（1）經商行業/堂倌兒	工仔	工仔	kʊŋ55 tʃɐi35	gung1 zai2	堂倌兒2，同「工崽」
7888	十九、商業、交通（1）經商行業/堂倌兒	馬崽	马崽	ma24 tʃɐi35	maa5 zai2	堂倌兒3
7889	十九、商業、交通（1）經商行業/堂倌兒	馬仔	马仔	ma24 tʃɐi35	maa5 zai2	堂倌兒3，同「馬崽」
7890	十九、商業、交通（1）經商行業/布店	布店	布店	pu33 tim33	bu3 dim3	布店
7891	十九、商業、交通（1）經商行業/絲綢店	蘇杭鋪	苏杭铺	ɬu55 hɔŋ21 pʰu33	slu1 hong4 pu3	絲綢店
7892	十九、商業、交通（1）經商行業/舊衣攤	故衣攤	故衣摊	ku33 ji55 tʰan55	gu3 ji1 taan1	舊衣攤，賣舊衣服的
7893	十九、商業、交通（1）經商行業/舊衣攤	估衣攤	估衣摊	ku33 ji55 tʰan55	gu3 ji1 taan1	舊衣攤，賣舊衣服的
7894	十九、商業、交通（1）經商行業/紙紮鋪	紙紮鋪	纸扎铺	tʃi35 tʃat3 pʰu33	zi2 zaat3 pu3	裱糊鋪
7895	十九、商業、交通（1）經商行業/京貨鋪	京貨鋪	京货铺	keŋ55 fɔ33 pʰu33	ging1 fo3 pu3	京貨鋪
7896	十九、商業、交通（1）經商行業/街邊鋪	街邊攤	街边摊	kai55 pin55 tʰan55	gaai1 bin1 taan1	街邊鋪1，路邊攤
7897	十九、商業、交通（1）經商行業/街邊鋪	路邊攤	路边摊	lu22 pin55 tʰan55	lu6 bin1 taan1	街邊鋪2，路邊攤
7898	十九、商業、交通（1）經商行業/絲棉	豬肚綿	猪肚绵	tʃy55 tʰu24 min21	zyu1 tu5 min4	絲棉
7899	十九、商業、交通（1）經商行業/老鼠街	老鼠街	老鼠街	lu24 ʃy35 kai55	lu5 syu2 gaai1	老鼠街，賣批發貨的地下商業街，南寧一般指朝陽商圈的地下商業街
7900	十九、商業、交通（1）經商行業/商店	鋪頭	铺头	pʰu33 tʰɐu21	pu3 tau4	商店1
7901	十九、商業、交通（1）經商行業/商店	商店	商店	ʃœŋ55 tim33	soeng1 dim3	商店2
7902	十九、商業、交通（1）經商行業/百貨店	百貨店	百货店	pak3 fɔ33 tim33	baak3 fo3 dim3	百貨店
7903	十九、商業、交通（1）經商行業/雜貨店	雜貨鋪	杂货铺	tʃap2 fɔ33 pʰu33	zaap6 fo3 pu3	雜貨店1
7904	十九、商業、交通（1）經商行業/雜貨店	雜貨店	杂货店	tʃap2 fɔ33 tim33	zaap6 fo3 dim3	雜貨店2
7905	十九、商業、交通（1）經商行業/日雜店	日雜店	日杂店	jɐt2 tʃap2 tim33	jat6 zaap6 dim3	日雜店
7906	十九、商業、交通（1）經商行業/染衫鋪	染衫鋪	染衫铺	jim24 ʃam55 pʰu33	jim5 saam1 pu3	染衫鋪，舊時染布、染衣是一個行業
7907	十九、商業、交通（1）經商行業/糧店	糧店	粮店	lœŋ21 tim33	loeng4 dim3	糧店
7908	十九、商業、交通（1）經商行業/煤鋪	煤店	煤店	mui21 tim33	mui4 dim3	煤鋪
7909	十九、商業、交通（1）經商行業/瓷器店	缸瓦鋪	缸瓦铺	kɔŋ55 ŋa24 pʰu33	gong1 ngaa5 pu3	瓷器店
7910	十九、商業、交通（1）經商行業/鐵器鋪	白鐵鋪	白铁铺	pak2 tʰit3 pʰu33	baak6 tit3 pu3	鐵器鋪
7911	十九、商業、交通（1）經商行業/山貨鋪	山貨鋪	山货铺	ʃan55 fɔ33 pʰu33	saan1 fo3 pu3 	山貨鋪，賣竹子、木頭、檾麻、陶土等的鋪子
7912	十九、商業、交通（1）經商行業/古玩店	古董鋪	古董铺	ku35 tʊŋ35 pʰu33	gu2 dung2 pu3	古玩店
7913	十九、商業、交通（1）經商行業/鐵匠鋪	打鐵鋪	打铁铺	ta35 tʰit3 pʰu33	daa2 tit3 pu3	鐵匠鋪
7914	十九、商業、交通（1）經商行業/文具店	文具店	文具店	mɐn21 ky22 tim33	man4 gyu6 dim3	文具店
7915	十九、商業、交通（1）經商行業/書店	書店	书店	ʃy55 tim33	syu1 dim3	書店，舊時南寧的書店有外文書店、新華書店新華路門市部、科技圖書門市部、古舊書店、兒童書店、新華書店其他各地門市部、邕城書店，見1982年《南寧旅遊手冊》P90-91
7916	十九、商業、交通（1）經商行業/古舊書店	古舊書店	古旧书店	ku35 kɐu22 ʃy55 tim33	gu2 gau6 syu1 dim3	古舊書店
7917	十九、商業、交通（1）經商行業/照像館	影相鋪	影相铺	jeŋ35 ɬœŋ33 pʰu33	jing2 sloeng3 pu3	照像館
7918	十九、商業、交通（1）經商行業/照像攤	影相攤	影相摊	jeŋ35 ɬœŋ33 tʰan55	jing2 sloeng3 taan1	照像攤
7919	十九、商業、交通（1）經商行業/理髮店	飛髮鋪	飞发铺	fi55 fat3 pʰu33	fi1 faat3 pu3	理髮店1
7920	十九、商業、交通（1）經商行業/理髮店	理髮店	理发店	li24 fat3 tim33	li5 faat3 dim3	理髮店2
7921	十九、商業、交通（1）經商行業/理髮店	髮廊	发廊	fat3 lɔŋ21	faat3 long4	理髮店3，新名詞
7922	十九、商業、交通（1）經商行業/理髮	飛髮	飞发	fi55 fat3	fi1 faat3	理髮1
7923	十九、商業、交通（1）經商行業/理髮	飛頭髮	飞头发	fi55 tʰɐu21 fat3	fi1 tau4 faat3	理髮2
7924	十九、商業、交通（1）經商行業/理髮	剃頭	剃头	tʰɐi33 tʰɐu21	tai3 tau4	理髮3
7925	十九、商業、交通（1）經商行業/刮臉	剃面	剃面	tʰɐi33 min22	tai3 min6	刮臉1
7926	十九、商業、交通（1）經商行業/刮臉	刮面	刮面	kʷɛt3 min22	gwet3 min6	刮臉2
7927	十九、商業、交通（1）經商行業/刮鬍子	剃鬚	剃须	tʰɐi33 ɬu55	tai3 slu1	刮鬍子1
7928	十九、商業、交通（1）經商行業/刮鬍子	刮鬚	刮须	kʷɛt3 ɬu55	gwet3 slu1	刮鬍子2
7929	十九、商業、交通（1）經商行業/修面	絣面毛	絣面毛	mɐŋ55 min22 mu21	mang1 min6 mu4	修面
7930	十九、商業、交通（1）經商行業/修面	掹面毛	掹面毛	mɐŋ55 min22 mu21	mang1 min6 mu4	修面，同「絣面毛」
7931	十九、商業、交通（1）經商行業/中分	西裝頭	西装头	ɬɐi55 tʃɔŋ55 tʰɐu21	slai1 zong1 tau4	中分
7932	十九、商業、交通（1）經商行業/剃光頭	剃光頭	剃光头	tʰɐi33 kɔŋ55 tʰɐu21	tai3 gong1 tau4	剃光頭1
7933	十九、商業、交通（1）經商行業/剃光頭	飛光頭	飞光头	fi55 kɔŋ55 tʰɐu21	fi1 gong1 tau4	剃光頭2
7934	十九、商業、交通（1）經商行業/推平頭	飛陸軍裝	飞陆军装	fi55 lʊk2 kʷɐn55 tʃɔŋ55	fi1 luk6 gwan1 zong1	推平頭
7935	十九、商業、交通（1）經商行業/肉鋪	肉店	肉店	jʊk2 tim33	juk6 dim3	肉鋪1
7936	十九、商業、交通（1）經商行業/肉鋪	肉攤	肉摊	jʊk2 tʰan55	juk6 taan1	肉鋪2
7937	十九、商業、交通（1）經商行業/滷味店	滷味店	卤味店	lu24 mi35 tim33	lu5 mi2 dim3	滷味店
7938	十九、商業、交通（1）經商行業/菜行	菜行	菜行	tʃʰɔi33 hɔŋ21	coi3 hong4	菜行，市場內專賣青菜的
7939	十九、商業、交通（1）經商行業/雞鴨行	雞鴨行	鸡鸭行	kɐi55 ap3 hɔŋ21	gai1 aap3 hong4	雞鴨行，市場內專賣雞鴨的
7940	十九、商業、交通（1）經商行業/米行	米行	米行	mɐi24 hɔŋ21	mai5 hong4	米行，市場內專賣米的
7941	十九、商業、交通（1）經商行業/經紀行	九八行	九八行	kɐu35 pɛt3 hɔŋ21	gau2 bet3 hong4	經紀行，舊稱，協助買賣雙方成交的商號，因對雙方收取2%的佣金，所以貨主只能得到98%的貨款，故名九八行，相關歷史見1988年《南寧文史資料·第1輯總第五輯》P31
7942	十九、商業、交通（1）經商行業/殺（豬、牛、雞、魚）	劏	㓥	tʰɔŋ55	tong1	殺（豬、牛、雞、鴨、魚），本字「湯」
7943	十九、商業、交通（1）經商行業/殺豬	劏豬	㓥猪	tʰɔŋ55 tʃy55	tong1 zyu1	殺豬
7944	十九、商業、交通（1）經商行業/宰羊	劏羊	㓥羊	tʰɔŋ55 jœŋ21	tong1 joeng4	宰羊
7945	十九、商業、交通（1）經商行業/宰牛	劏牛	㓥牛	tʰɔŋ55 ŋɐu21	tong1 ngau4	宰牛
7946	十九、商業、交通（1）經商行業/殺雞	劏雞	㓥鸡	tʰɔŋ55 kɐi55	tong1 gai1	殺雞
7947	十九、商業、交通（1）經商行業/（殺雞鴨鵝）割頸	割頸	割颈	kɔt3 kɛŋ35	got3 geng2	（殺雞鴨鵝）割頸
7948	十九、商業、交通（1）經商行業/（殺雞鴨鵝）燙水	熝水	熝水	lʊk5 ʃui35	luk1 sui2	（殺雞鴨鵝）燙水
7949	十九、商業、交通（1）經商行業/（殺雞鴨鵝）去毛	除毛	除毛	tʃʰy21 mu21	cyu4 mu4	（殺雞鴨鵝）去毛1，拔毛
7950	十九、商業、交通（1）經商行業/（殺雞鴨鵝）去毛	絣毛	絣毛	mɐŋ55 mu21	mang1 mu4	（殺雞鴨鵝）去毛2，拔毛
7951	十九、商業、交通（1）經商行業/（殺雞鴨鵝）去毛	掹毛	掹毛	mɐŋ55 mu21	mang1 mu4	（殺雞鴨鵝）去毛2，拔毛，同「絣毛」
7952	十九、商業、交通（1）經商行業/（殺雞鴨鵝）開膛	開膛	开膛	hɔi55 tʰɔŋ21	hoi1 tong4	（殺雞鴨鵝）開膛
7953	十九、商業、交通（1）經商行業/（殺雞鴨鵝）取內臟	取內臟	取内脏	tʃʰy35 nui22 tʃɔŋ22	cyu2 nui6 zong6	（殺雞鴨鵝）取內臟
7954	十九、商業、交通（1）經商行業/（處理食材）剔肉	起肉	起肉	hi35 jʊk2	hi2 juk6	（處理食材）剔肉
7955	十九、商業、交通（1）經商行業/（處理食材）脫骨	拆骨	拆骨	tʃʰak3 kʷɐt5	caak3 gwat1	（處理食材）脫骨
7956	十九、商業、交通（1）經商行業/（處理食材）改刀	改刀	改刀	kɔi35 tu55	goi2 du1	（處理食材）改刀
7957	十九、商業、交通（1）經商行業/醬園	醬料園	酱料园	tʃœŋ33 liu22 jyn21	zoeng3 liu6 jyun4	醬園
7958	十九、商業、交通（1）經商行業/油坊	油榨屋	油榨屋	jɐu21 tʃa33 ʊk5	jau4 zaa3 uk1	油坊1
7959	十九、商業、交通（1）經商行業/油坊	油坊	油坊	jɐu21 fɔŋ21	jau4 fong4	油坊2
7960	十九、商業、交通（1）經商行業/酒坊	酒坊	酒坊	tʃɐu35 fɔŋ21	zau2 fong4	酒坊
7961	十九、商業、交通（1）經商行業/當鋪	當鋪	当铺	tɔŋ33 pʰu33	dong3 pu3	當鋪
7962	十九、商業、交通（1）經商行業/金店	今鋪	金铺	kɐm55 pʰu33	gam1 pu3	金店1
7963	十九、商業、交通（1）經商行業/金店	金行	金行	kɐm55 hɔŋ21	gam1 hong4	金店2
7964	十九、商業、交通（1）經商行業/租房子	租屋	租屋	tʃu55 ʊk5	zu1 uk1	租房子
7965	十九、商業、交通（1）經商行業/典房子	當屋	当屋	tɔŋ33 ʊk5	dong3 uk1	典房子1
7966	十九、商業、交通（1）經商行業/典房子	頂出去	顶出去	teŋ35 tʃʰyt5 hy33	ding2 cyut1 hyu3	典房子2，（屋）頂出去
7967	十九、商業、交通（1）經商行業/典房子	頂畀人	顶畀人	teŋ35 pi35 jɐn21	ding2 bi2 jan4	典房子3，（屋）頂畀人
7968	十九、商業、交通（1）經商行業/搬家	搬屋	搬屋	pun55 ʊk5	bun1 uk1	搬家
7969	十九、商業、交通（2）經營、交易/開業	開張	开张	hɔi55 tʃœŋ55	hoi1 zoeng1	開業1
7970	十九、商業、交通（2）經營、交易/開業	開檔	开档	hɔi55 tɔŋ33	hoi1 dong3	開業2
7971	十九、商業、交通（2）經營、交易/停業	關門	关门	kʷɛn55 mun21	gwen1 mun4	停業
7972	十九、商業、交通（2）經營、交易/倒閉	䆟斗	䆟斗	kʰɐp5 tɐu35	kap1 dau2	倒閉1
7973	十九、商業、交通（2）經營、交易/倒閉	冧檔	冧档	lɐm33 tɔŋ33	lam3 dong3	倒閉2
7974	十九、商業、交通（2）經營、交易/盤貨	點貨	点货	tim35 fɔ33	dim2 fo3	盤貨1
7975	十九、商業、交通（2）經營、交易/盤貨	盤貨	盘货	pʰun21 fɔ33	pun4 fo3	盤貨2，書面
7976	十九、商業、交通（2）經營、交易/盤點	盤點	盘点	pʰun21 tim35	pun4 dim2	盤點
7977	十九、商業、交通（2）經營、交易/櫃檯	櫃檯	柜台	kʷɐi22 tʰɔi21	gwai6 toi4	櫃檯
7978	十九、商業、交通（2）經營、交易/買東西	買嘢	买嘢	mai24 jɛ24	maai5 je5	買東西
7979	十九、商業、交通（2）經營、交易/光顧	幫襯	帮衬	pɔŋ55 tʃʰɐn33	bong1 can3	光顧
7980	十九、商業、交通（2）經營、交易/價錢	價錢	价钱	ka33 tʃʰin21	gaa3 cin4	價錢1
7981	十九、商業、交通（2）經營、交易/價錢	數口	数口	ʃu33 hɐu35	su3 hau2	價錢2，也泛指數字計算方面的事務
7982	十九、商業、交通（2）經營、交易/價位	價位	价位	ka33 wɐi35	gaa3 wai2	價位
7983	十九、商業、交通（2）經營、交易/開價	開價	开价	hɔi55 ka33	hoi1 gaa3	開價1
7984	十九、商業、交通（2）經營、交易/開價	給隻價	给只价	kɐi55 tʃɛk3 ka33	gai1 zek3 gaa3	開價2
7985	十九、商業、交通（2）經營、交易/開價	畀隻價	畀只价	pi35 tʃɛk3 ka33	bi2 zek3 gaa3	開價3
7986	十九、商業、交通（2）經營、交易/開價	喊價	喊价	hɛm33 ka33	hem3 gaa3	開價4
7987	十九、商業、交通（2）經營、交易/還價	還價	还价	wɛn21 ka33	wen4 gaa3	還價1
7988	十九、商業、交通（2）經營、交易/還價	畀價	畀价	pi35 ka33	bi2 gaa3	還價2
7989	十九、商業、交通（2）經營、交易/講價	講價	讲价	kɔŋ35 ka33	gong2 gaa3	講價
7990	十九、商業、交通（2）經營、交易/不講價	冇講價	冇讲价	mu24 kɔŋ35 ka33	mu5 gong2 gaa3	不講價1
7991	十九、商業、交通（2）經營、交易/不講價	冇得傾	冇得倾	mu24 tɐk5 kʰeŋ55	mu5 dak1 king1	不講價2
7992	十九、商業、交通（2）經營、交易/談價錢	傾價	倾价	kʰeŋ55 ka33	king1 gaa3	談價錢1
7993	十九、商業、交通（2）經營、交易/談價錢	傾數	倾数	kʰeŋ55 ʃu33	king1 su3	談價錢2
7994	十九、商業、交通（2）經營、交易/討價還價	講數口	讲数口	kɔŋ35 ʃu33 hɐu35	gong2 su3 hau2	討價還價
7995	十九、商業、交通（2）經營、交易/計較	志在	志在	tʃi33 tʃɔi22	zi3 zoi6	計較1，在乎
7996	十九、商業、交通（2）經營、交易/計較	爭在	争在	tʃaŋ55 tʃɔi22	zaang1 zoi6	計較2，在乎
7997	十九、商業、交通（2）經營、交易/不計較	冇志在	冇志在	mu24 tʃi33 tʃɔi22	mu5 zi3 zoi6	不計較1
7998	十九、商業、交通（2）經營、交易/不計較	冇爭在	冇争在	mu24 tʃaŋ55 tʃɔi22	mu5 zaang1 zoi6	不計較2
7999	十九、商業、交通（2）經營、交易/批發價	批發價	批发价	pʰɐi55 fat3 ka33	pai1 faat3 gaa3	批發價
8000	十九、商業、交通（2）經營、交易/優惠價	優惠價	优惠价	jɐu55 wɐi22 ka33	jau1 wai6 gaa3	優惠價
8001	十九、商業、交通（2）經營、交易/零售價	零售價	零售价	leŋ21 ʃɐu22 ka33	ling4 sau6 gaa3	零售價
8002	十九、商業、交通（2）經營、交易/市場價	市場價	市场价	ʃi24 tʃʰœŋ21 ka33	si5 coeng4 gaa3	市場價
8003	十九、商業、交通（2）經營、交易/開盤價	開盤價	开盘价	hɔi55 pʰun21 ka33	hoi1 pun4 gaa3	開盤價
8004	十九、商業、交通（2）經營、交易/收盤價	收盤價	收盘价	ʃɐu55 pʰun21 ka33	sau1 pun4 gaa3	收盤價
8005	十九、商業、交通（2）經營、交易/到岸價	到岸價	到岸价	tu33 ŋɔn22 ka33	du3 ngon6 gaa3	到岸價
8006	十九、商業、交通（2）經營、交易/離岸價	離岸價	离岸价	li21 ŋɔn22 ka33	li4 ngon6 gaa3	離岸價
8007	十九、商業、交通（2）經營、交易/出廠價	出廠價	出厂价	tʃʰyt5 tʃʰɔŋ35 ka33	cyut1 cong2 gaa3	出廠價
8008	十九、商業、交通（2）經營、交易/起步價	起步價	起步价	hi35 pu22 ka33	hi2 bu6 gaa3	起步價
8009	十九、商業、交通（2）經營、交易/成交價	成交價	成交价	ʃeŋ21 kau55 ka33	sing4 gaau1 gaa3	成交價
8010	十九、商業、交通（2）經營、交易/特價	特價	特价	tɐk2 ka33	dak6 gaa3	特價
8011	十九、商業、交通（2）經營、交易/跳樓價	跳樓價	跳楼价	tʰiu33 lɐu21 ka33	tiu3 lau4 gaa3	跳樓價
8012	十九、商業、交通（2）經營、交易/實價	實價	实价	ʃɐt2 ka33	sat6 gaa3	實價
8013	十九、商業、交通（2）經營、交易/虛價	虛價	虚价	hy55 ka33	hyu1 gaa3	虛價
8014	十九、商業、交通（2）經營、交易/打死狗講價	打死狗講價	打死狗讲价	ta35 ɬi35 kɐu35 kɔŋ35 ka33	daa2 sli2 gau2 gong2 gaa3	打死了狗再講價，比喻既成事實後漫天要價
8015	十九、商業、交通（2）經營、交易/一分錢一分貨	分錢分貨	分钱分货	fɐn55 tʃʰin21 fɐn55 fɔ33	fan1 cin4 fan1 fo3	一分錢一分貨之省
8016	十九、商業、交通（2）經營、交易/漲價	起價	起价	hi35 ka33	hi2 gaa3	漲價1
8017	十九、商業、交通（2）經營、交易/漲價	漲價	涨价	tʃœŋ33 ka33	zoeng3 gaa3	漲價2
8018	十九、商業、交通（2）經營、交易/降價	跌價	跌价	tit3 ka33	dit3 gaa3	降價1，減價
8019	十九、商業、交通（2）經營、交易/降價	降價	降价	kɔŋ33 ka33	gong3 gaa3	降價2，減價
8020	十九、商業、交通（2）經營、交易/降價	減價	减价	kɛm35 ka33	gem2 gaa3	降價3，減價
8021	十九、商業、交通（2）經營、交易/下單	落單	落单	lɔk2 tan55	lok6 daan1	下單
8022	十九、商業、交通（2）經營、交易/付錢	給錢	给钱	kɐi55 tʃʰin21	gai1 cin4	付錢1
8023	十九、商業、交通（2）經營、交易/付錢	畀錢	畀钱	pi35 tʃʰin21	bi2 cin4	付錢2
8024	十九、商業、交通（2）經營、交易/付錢	睇數	睇数	tʰɐi35 ʃu33	tai2 su3	付錢3
8025	十九、商業、交通（2）經營、交易/付錢	埋單	埋单	mai21 tan55	maai4 daan1	付錢4
8026	十九、商業、交通（2）經營、交易/收錢	收錢	收钱	ʃɐu55 tʃʰin21	sau1 cin4	收錢1
8027	十九、商業、交通（2）經營、交易/收錢	收數	收数	ʃɐu55 ʃu33	sau1 su3	收錢2
8028	十九、商業、交通（2）經營、交易/刷卡	刷卡	刷卡	tʃʰat3 kʰa55	caat3 kaa1	刷卡
8029	十九、商業、交通（2）經營、交易/掃二維碼	掃碼	扫码	ɬu33 ma24	slu3 maa5	掃二維碼
8030	十九、商業、交通（2）經營、交易/逃單	趯單	趯单	tɛk3 tan55	dek3 daan1	逃單
8031	十九、商業、交通（2）經營、交易/簽單	簽單	签单	tʃʰim55 tan55	cim1 daan1	簽單
8032	十九、商業、交通（2）經營、交易/賒賬	賒數	赊数	ʃɛ55 ʃu33	se1 su3	賒賬
8033	十九、商業、交通（2）經營、交易/找錢	補錢	补钱	pu35 tʃʰin21	bu2 cin4	找錢1
8034	十九、商業、交通（2）經營、交易/找錢	找錢	找钱	tʃɛu35 tʃʰin21	zeu2 cin4	找錢2
8035	十九、商業、交通（2）經營、交易/找錢	找數	找数	tʃɛu35 ʃu33	zeu2 su3	找錢3
8036	十九、商業、交通（2）經營、交易/換零錢	換散紙	换散纸	wun22 ɬan35 tʃi35	wun6 slaan2 zi2	換零錢1
8037	十九、商業、交通（2）經營、交易/換零錢	暢開張銀紙	畅开张银纸	tʃʰœŋ33 hɔi55 tʃœŋ55 ŋɐn21 tʃi35	coeng3 hoi1 zoeng1 ngan4 zi2	換零錢2
8038	十九、商業、交通（2）經營、交易/數錢	數錢	数钱	ʃu35 tʃʰin21	su2 cin4	數錢1
8039	十九、商業、交通（2）經營、交易/數錢	數牛	数牛	ʃu35 ŋɐu21	su2 ngau4	數錢2，喻稱
8040	十九、商業、交通（2）經營、交易/數目正確	啱數	啱数	ŋam55 ʃu33	ngaam1 su3	數目正確，數目合適
8041	十九、商業、交通（2）經營、交易/（價錢）便宜	平	平	pʰɛŋ21	peng4	（價錢）便宜
8042	十九、商業、交通（2）經營、交易/（商品）價廉物美且正品	平靚正	平靓正	pʰɛŋ21 lɛŋ33 tʃɛŋ33	peng4 leng3 zeng3	（商品）價廉物美且正品
8043	十九、商業、交通（2）經營、交易/省錢	慳錢	悭钱	han55 tʃʰin21	haan1 cin4	省錢
8044	十九、商業、交通（2）經營、交易/不值錢	爛賤	烂贱	lan22 tʃin22	laan6 zin6	太便宜，不值錢
8045	十九、商業、交通（2）經營、交易/沒人看上	冇人候	冇人候	mu24 jɐn21 hɐu55	mu5 jan4 hau1	沒人看上
8046	十九、商業、交通（2）經營、交易/（價錢）貴	貴	贵	kʷɐi33	gwai3	（價錢）貴
8047	十九、商業、交通（2）經營、交易/（價錢）太貴	貴得滯	贵得滞	kʷɐi33 tɐk5 tʃɐi22	gwai3 dak1 zai6	（價錢）太貴1
8048	十九、商業、交通（2）經營、交易/（價錢）太貴	爲得貴	为得贵	wɐi21 tɐk5 kʷɐi33	wai4 dak1 gwai3	（價錢）太貴2
8049	十九、商業、交通（2）經營、交易/（價錢）公道	公道	公道	kʊŋ55 tu22	gung1 du6	（價錢）公道1
8050	十九、商業、交通（2）經營、交易/（價錢）公道	啱	啱	ŋam55	ngaam1	（價錢）公道2
8051	十九、商業、交通（2）經營、交易/包圓兒	要哂	要哂	jiu33 ɬai33	jiu3 slaai3	包圓兒1，剩下的全部買了
8052	十九、商業、交通（2）經營、交易/包圓兒	要齊	要齐	jiu33 tʃʰɐi21	jiu3 cai4	包圓兒2
8053	十九、商業、交通（2）經營、交易/包圓兒	攞齊	攞齐	lɔ35 tʃʰɐi21	lo2 cai4	包圓兒3
8054	十九、商業、交通（2）經營、交易/零賣	散賣	散卖	ɬan35 mai22	slaan2 maai6	零賣1
8055	十九、商業、交通（2）經營、交易/零賣	拆賣	拆卖	tʃʰak3 mai22	caak3 maai6	零賣2
8056	十九、商業、交通（2）經營、交易/好貨	正嘢	正嘢	tʃɛŋ33 jɛ24	zeng3 je5	好貨1
8057	十九、商業、交通（2）經營、交易/好貨	靚嘢	靓嘢	lɛŋ33 jɛ24	leng3 je5	好貨2
8058	十九、商業、交通（2）經營、交易/好貨	堅嘢	坚嘢	kin55 jɛ24	gin1 je5	好貨3
8059	十九、商業、交通（2）經營、交易/好貨	上等貨	上等货	ʃœŋ22 tɐŋ35 fɔ33	soeng6 dang2 fo3	好貨4
8060	十九、商業、交通（2）經營、交易/次貨	泥嘢	泥嘢	jɐi21 jɛ24	jai4 je5	次貨1
8061	十九、商業、交通（2）經營、交易/次貨	流嘢	流嘢	lɐu21 jɛ24	lau4 je5	次貨2
8062	十九、商業、交通（2）經營、交易/次貨	苴嘢	苴嘢	tʃa35 jɛ24	zaa2 je5	次貨3
8063	十九、商業、交通（2）經營、交易/次貨	水貨	水货	ʃui35 fɔ33	sui2 fo3	次貨4
8064	十九、商業、交通（2）經營、交易/次貨	次貨	次货	tʃʰi33 fɔ33	ci3 fo3	次貨5.1
8065	十九、商業、交通（2）經營、交易/次貨	次貨	次货	tsʰɿ33 fɔ33	cy3 fo3	次貨5.2
8066	十九、商業、交通（2）經營、交易/二手貨	二手貨	二手货	ji22 ʃɐu35 fɔ33	ji6 sau2 fo3	二手貨，別人用過的舊貨
8067	十九、商業、交通（2）經營、交易/賣剩的次貨	賣剩嘅	卖剩嘅	mai22 tʃeŋ22 ɛ33	maai6 zing6 e3	賣剩的次貨1
8068	十九、商業、交通（2）經營、交易/賣剩的次貨	揀剩嘅	拣剩嘅	kɛn35 tʃeŋ22 ɛ33	gen2 zing6 e3	賣剩的次貨2
8069	十九、商業、交通（2）經營、交易/洋貨	進口貨	进口货	tʃɐn33 hɐu35 fɔ33	zan3 hau2 fo3	洋貨1
8070	十九、商業、交通（2）經營、交易/洋貨	來路貨	来路货	lɔi21 lu22 fɔ33	loi4 lu6 fo3	洋貨2
8071	十九、商業、交通（2）經營、交易/買賣好	生意好	生意好	ʃaŋ55 ji33 hu35	saang1 ji3 hu2	買賣好1
8072	十九、商業、交通（2）經營、交易/買賣好	生意旺	生意旺	ʃaŋ55 ji33 wɔŋ22	saang1 ji3 wong6	買賣好2
8073	十九、商業、交通（2）經營、交易/買賣好	好賣	好卖	hu35 mai22	hu2 maai6	買賣好3
8074	十九、商業、交通（2）經營、交易/買賣好	旺市	旺市	wɔŋ22 ʃi24	wong6 si5	買賣好4
8075	十九、商業、交通（2）經營、交易/買賣好	發市	发市	fat3 ʃi24	faat3 si5	買賣好5
8076	十九、商業、交通（2）經營、交易/排長隊	排長龍	排长龙	pʰai21 tʃʰœŋ21 lʊŋ21	paai4 coeng4 lung4	排長隊
8077	十九、商業、交通（2）經營、交易/暢銷	搶手	抢手	tʃʰœŋ35 ʃɐu35	coeng2 sau2	暢銷
8078	十九、商業、交通（2）經營、交易/倒賣	轉手	转手	tʃyn35 ʃɐu35	zyun2 sau2	倒賣
8079	十九、商業、交通（2）經營、交易/開頭發市	開頭發市	开头发市	hɔi55 tʰɐu21 fat3 ʃi24	hoi1 tau4 faat3 si5	開頭發市，開張第一筆買賣
8080	十九、商業、交通（2）經營、交易/買賣清淡	生意淡	生意淡	ʃaŋ55 ji33 tʰam24	saang1 ji3 taam5	買賣清淡1
8081	十九、商業、交通（2）經營、交易/買賣清淡	爛市	烂市	lan22 ʃi24	laan6 si5	買賣清淡2
8082	十九、商業、交通（2）經營、交易/倒閉	䆟斗	䆟斗	kʰɐp5 tɐu35	kap1 dau2	倒閉1
8083	十九、商業、交通（2）經營、交易/倒閉	冧檔	冧档	lɐm33 tɔŋ33	lam3 dong3	倒閉2
8084	十九、商業、交通（2）經營、交易/倒閉	執笠	执笠	tʃɐp5 lɐp5	zap1 lap1	倒閉3
8085	十九、商業、交通（2）經營、交易/頂替	頂檔	顶档	teŋ35 tɔŋ33	ding2 dong3	頂替，本義臨時頂替他人看攤子
8086	十九、商業、交通（2）經營、交易/散市	散檔	散档	ɬan33 tɔŋ33	slaan3 dong3	散市；散夥
8087	十九、商業、交通（2）經營、交易/大單	大單	大单	tai22 tan55	daai6 daan1	大宗（買賣）；（事情）嚴重
8088	十九、商業、交通（2）經營、交易/小單	細單	细单	ɬɐi33 tan55	slai3 daan1	小筆（生意）
8089	十九、商業、交通（2）經營、交易/工錢	工錢	工钱	kʊŋ55 tʃʰin21	gung1 cin4	工錢1
8090	十九、商業、交通（2）經營、交易/工錢	人工	人工	jɐn21 kʊŋ55	jan4 gung1	工錢2
8091	十九、商業、交通（2）經營、交易/本錢	本錢	本钱	pun35 tʃʰin21	bun2 cin4	本錢1
8092	十九、商業、交通（2）經營、交易/本錢	本	本	pun35	bun2	本錢2
8093	十九、商業、交通（2）經營、交易/本錢	老本	老本	lu24 pun35	lu5 bun2	本錢3
8094	十九、商業、交通（2）經營、交易/保本	平本	平本	pʰeŋ21 pun35	ping4 bun2	保本1
8095	十九、商業、交通（2）經營、交易/保本	得還本	得还本	tɐk5 wɛn21 pun35	dak1 wen4 bun2	保本2
8096	十九、商業、交通（2）經營、交易/保本	得返本	得返本	tɐk5 fan55 pun35	dak1 faan1 bun2	保本3
8097	十九、商業、交通（2）經營、交易/賺錢	賺錢	赚钱	tʃan22 tʃʰin21	zaan6 cin4	賺錢1
8098	十九、商業、交通（2）經營、交易/賺錢	有賺	有赚	jɐu24 tʃan22	jau5 zaan6	賺錢2
8099	十九、商業、交通（2）經營、交易/賺錢	賺	赚	tʃan22	zaan6	賺錢3
8100	十九、商業、交通（2）經營、交易/虧本	折本	折本	ʃit2 pun35	sit6 bun2	虧本1
8101	十九、商業、交通（2）經營、交易/虧本	冧本	冧本	lɐm33 pun35	lam3 bun2	虧本2
8102	十九、商業、交通（2）經營、交易/虧定了	折硬	折硬	ʃit2 ŋaŋ35	sit6 ngaang2	虧定了
8103	十九、商業、交通（2）經營、交易/翻本	扳本	扳本	man55 pun35	maan1 bun2	翻本
8104	十九、商業、交通（2）經營、交易/折扣	打折	打折	ta35 tʃit3	daa2 zit3	折扣1
8105	十九、商業、交通（2）經營、交易/折扣	折本賣	折本卖	ʃit2 pun35 mai22	sit6 bun2 maai6	折扣2
8106	十九、商業、交通（2）經營、交易/賺頭折尾	賺頭折尾	赚头折尾	tʃan22 tʰɐu21 ʃit2 mi24	zaan6 tau4 sit6 mi5	賺頭折尾，前面賣貴賺了，剩下的便宜賣了
8107	十九、商業、交通（2）經營、交易/路費	車腳	车脚	tʃʰɛ55 kœk3	ce1 goek3	路費1
8108	十九、商業、交通（2）經營、交易/路費	水腳	水脚	ʃui35 kœk3	sui2 goek3	路費2
8109	十九、商業、交通（2）經營、交易/路費	路費	路费	lu22 fɐi33	lu6 fai3	路費3
8110	十九、商業、交通（2）經營、交易/利息	利息	利息	li22 ɬek5	li6 slik1	利息1
8111	十九、商業、交通（2）經營、交易/利息	利	利	li22	li6	利息2
8112	十九、商業、交通（2）經營、交易/利息	釘	钉	tɛŋ55	deng1	利息3，專指高利貸的利息（重爭人40萬，人哋講～，～腏啊傾齊啊，～乜嘢㞓先，當時～一日一萬文三百嘛，後尾聽啲人講一個月一千，我講平常都出事啊，～乜嘢腏，還得本冇錯哂啊講啊，你追得我就跑路怕乜嘢腏）
8113	十九、商業、交通（2）經營、交易/抽頭	抽水	抽水	tʃʰɐu55 ʃui35	cau1 sui2	抽頭，賭博時莊家從贏家的錢中抽一部分（攤租重捱～，抽到你褲都甩齊去）
8114	十九、商業、交通（2）經營、交易/拿錢來	傍水	傍水	pɔŋ22 ʃui35	bong6 sui2	拿錢來，本義爲交保護費、交買路錢，俗作「磅水」
8115	十九、商業、交通（2）經營、交易/幾成利	幾分利	几分利	ki35 fɐn55 li22	gi2 fan1 li6	幾成利
8116	十九、商業、交通（2）經營、交易/紅利	紅利	红利	hʊŋ21 li22	hung4 li6	紅利
8117	十九、商業、交通（2）經營、交易/六合彩	六合彩	六合彩	lʊk2 hɐp2 tʃʰɔi35	luk6 hap6 coi2	六合彩1（一種地下賭博）
8118	十九、商業、交通（2）經營、交易/六合彩	六叔	六叔	lʊk2 ʃʊk5	luk6 suk1	六合彩2（一種地下賭博），喻稱
8119	十九、商業、交通（2）經營、交易/運氣好	好彩	好彩	hu35 tʃʰɔi35	hu2 coi2	運氣好1，走運
8120	十九、商業、交通（2）經營、交易/運氣好	好運	好运	hu35 wɐn22	hu2 wan6	運氣好2，走運
8121	十九、商業、交通（2）經營、交易/運氣好	行運	行运	haŋ21 wɐn22	haang4 wan6	運氣好3，走運
8122	十九、商業、交通（2）經營、交易/走大運	行大運	行大运	haŋ21 tai22 wɐn22	haang4 daai6 wan6	走大運，走好運
8123	十九、商業、交通（2）經營、交易/飛黃騰達	龍穿鳳	龙穿凤	lʊŋ21 tʃʰyn55 fʊŋ22	lung4 cyun1 fung6	飛黃騰達，即穿龍戴鳳：有朝一日～，冇使成世褲穿窿
8124	十九、商業、交通（2）經營、交易/窮困潦倒	褲穿窿	裤穿窿	fu33 tʃʰyn55 lʊŋ55	fu3 cyun1 lung1	比喻窮困潦倒：有朝一日龍穿鳳，冇使成世～
8125	十九、商業、交通（2）經營、交易/欠	爭	争	tʃaŋ55	zaang1	欠
8126	十九、商業、交通（2）經營、交易/差	爭	争	tʃaŋ55	zaang1	差（～五角十文，即九元五角）
8127	十九、商業、交通（2）經營、交易/欠着	爭住	争住	tʃaŋ55 tʃy22	zaang1 zyu6	欠着
8128	十九、商業、交通（2）經營、交易/押金	押金	押金	ap3 kɐm55	aap3 gam1	押金
8129	十九、商業、交通（2）經營、交易/划算	抵	抵	tɐi35	dai2	划算1，合算
8130	十九、商業、交通（2）經營、交易/划算	抵值	抵值	tɐi35 tʃek2	dai2 zik6	划算2，合算
8131	十九、商業、交通（2）經營、交易/划算	抵手	抵手	tɐi35 ʃɐu35	dai2 sau2	划算3，合算
8132	十九、商業、交通（2）經營、交易/划算	着數	着数	tʃœk2 ʃu33	zoek6 su3	划算4，合算
8133	十九、商業、交通（2）經營、交易/划算	爲得過	为得过	wɐi21 tɐk5 kɔ33	wai4 dak1 go3	划算5，合算
8134	十九、商業、交通（2）經營、交易/算起來	爲過	为过	wɐi21 kɔ33	wai4 go3	算起來
8135	十九、商業、交通（2）經營、交易/不划算	冇抵	冇抵	mu24 tɐi35	mu5 dai2	不划算1，不合算
8136	十九、商業、交通（2）經營、交易/不划算	折抵	折抵	ʃit2 tɐi35	sit6 dai2	不划算2，不合算，俗作「折底」
8137	十九、商業、交通（2）經營、交易/不划算	爲冇過	为冇过	wɐi21 mu24 kɔ33	wai4 mu5 go3	不划算3，不合算
8138	十九、商業、交通（2）經營、交易/不划算	冇爲得過	冇为得过	mu24 wɐi21 tɐk5 kɔ33	mu5 wai4 dak1 go3	不划算4，不合算
8139	十九、商業、交通（2）經營、交易/值錢	抵錢	抵钱	tɐi35 tʃʰin21	dai2 cin4	值錢
8140	十九、商業、交通（2）經營、交易/吃得值	抵食	抵食	tɐi35 ʃek2	dai2 sik6	吃得值
8141	十九、商業、交通（2）經營、交易/買得值	抵買	抵买	tɐi35 mai24	dai2 maai5	買得值
8142	十九、商業、交通（2）經營、交易/不值	冇抵	冇抵	mu24 tɐi35	mu5 dai2	不值
8143	十九、商業、交通（2）經營、交易/花（錢）	使	使	ʃɐi35	sai2	花（錢）
8144	十九、商業、交通（2）經營、交易/花了（多少錢）	使哂	使哂	ʃɐi35 ɬai33	sai2 slaai3	花了1（多少錢），～幾多錢
8145	十九、商業、交通（2）經營、交易/花了（多少錢）	使開	使开	ʃɐi35 hɔi55	sai2 hoi1	花了2（多少錢）
8146	十九、商業、交通（2）經營、交易/花了（多少錢）	買着	买着	mai24 tʃœk2	maai5 zoek6	花了3（多少錢）
8147	十九、商業、交通（2）經營、交易/不花錢	冇使錢	冇使钱	mu24 ʃɐi35 tʃʰin21	mu5 sai2 cin4	不花錢
8148	十九、商業、交通（2）經營、交易/不收錢	冇着錢	冇着钱	mu24 tʃœk2 tʃʰin21	mu5 zoek6 cin4	不收錢
8149	十九、商業、交通（2）經營、交易/不夠花	冇見使	冇见使	mu24 kin33 ʃɐi35	mu5 gin3 sai2	物價貴，錢花得快
8150	十九、商業、交通（2）經營、交易/花錢大手大腳	大擤	大擤	tai22 ɬɐŋ33	daai6 slang3	花錢大手大腳
8151	十九、商業、交通（2）經營、交易/托兒	做媒	做媒	tʃu33 mui21	zu3 mui4	托兒1
8152	十九、商業、交通（2）經營、交易/托兒	拉檔	拉档	lai55 tɔŋ33	laai1 dong3	托兒2
8153	十九、商業、交通（2）經營、交易/托兒	擡豬	抬猪	tʰɔi21 tʃy55	toi4 zyu1	托兒3
8154	十九、商業、交通（3）賬目、度量衡/賬房	賬房	账房	tʃœŋ33 fɔŋ21	zoeng3 fong4	賬房
8155	十九、商業、交通（3）賬目、度量衡/開銷	開銷	开销	hɔi55 ɬiu55	hoi1 sliu1	開銷1，開支
8156	十九、商業、交通（3）賬目、度量衡/開銷	使錢	使钱	ʃɐi35 tʃʰin21	sai2 cin4	開銷2，開支
8157	十九、商業、交通（3）賬目、度量衡/開銷	開支	开支	hɔi55 tʃi55	hoi1 zi1	開銷3，開支
8158	十九、商業、交通（3）賬目、度量衡/賬目	賬目	账目	tʃœŋ33 mʊk2	zoeng3 muk6	賬目
8159	十九、商業、交通（3）賬目、度量衡/流水賬	流水賬	流水账	lɐu21 ʃui35 tʃœŋ33	lau4 sui2 zoeng3	流水賬
8160	十九、商業、交通（3）賬目、度量衡/收賬	入賬	入账	jɐp2 tʃœŋ33	jap6 zoeng3	收賬
8161	十九、商業、交通（3）賬目、度量衡/出賬	出賬	出账	tʃʰyt5 tʃœŋ33	cyut1 zoeng3	出賬
8162	十九、商業、交通（3）賬目、度量衡/記賬	記賬	记账	ki33 tʃœŋ33	gi3 zoeng3	記賬
8163	十九、商業、交通（3）賬目、度量衡/賒賬	賒賬	赊账	ʃɛ55 tʃœŋ33	se1 zoeng3	賒賬
8164	十九、商業、交通（3）賬目、度量衡/欠賬	爭債	争债	tʃaŋ55 tʃai33	zaang1 zaai3	欠賬
8165	十九、商業、交通（3）賬目、度量衡/要賬	攞債	攞债	lɔ35 tʃai33	lo2 zaai3	要賬1
8166	十九、商業、交通（3）賬目、度量衡/要賬	追債	追债	tʃui55 tʃai33	zui1 zaai3	要賬2
8167	十九、商業、交通（3）賬目、度量衡/要賬	催債	催债	tʃʰui55 tʃai33	cui1 zaai3	要賬3
8168	十九、商業、交通（3）賬目、度量衡/爛賬	死賬	死账	ɬi35 tʃœŋ33	sli2 zoeng3	爛賬，要不來的賬
8169	十九、商業、交通（3）賬目、度量衡/糧票	糧票	粮票	lœŋ21 pʰiu33	loeng4 piu3	糧票
8170	十九、商業、交通（3）賬目、度量衡/發票	發票	发票	fat3 pʰiu33	faat3 piu3	發票1
8171	十九、商業、交通（3）賬目、度量衡/發票	飛	飞	fi55	fi1	發票2
8172	十九、商業、交通（3）賬目、度量衡/單據	單據	单据	tan55 ky33	daan1 gyu3	單據1
8173	十九、商業、交通（3）賬目、度量衡/單據	單	单	tan55	daan1	單據2
8174	十九、商業、交通（3）賬目、度量衡/收據	收據	收据	ʃɐu55 ky33	sau1 gyu3	收據1
8175	十九、商業、交通（3）賬目、度量衡/收據	收條	收条	ʃɐu55 tʰiu21	sau1 tiu4	收據2
8176	十九、商業、交通（3）賬目、度量衡/提貨單	提貨單	提货单	tʰɐi21 fɔ33 tan55	tai4 fo3 daan1	提貨單
8177	十九、商業、交通（3）賬目、度量衡/款項	款項	款项	fun35 hɔŋ22	fun2 hong6	款項
8178	十九、商業、交通（3）賬目、度量衡/存款	存款	存款	tʃʰyn21 fun35	cyun4 fun2	存款1
8179	十九、商業、交通（3）賬目、度量衡/存款	存錢	存钱	tʃʰyn21 tʃʰin21	cyun4 cin4	存款2
8180	十九、商業、交通（3）賬目、度量衡/錢	銀紙	银纸	ŋɐn21 tʃi35	ngan4 zi2	錢1
8181	十九、商業、交通（3）賬目、度量衡/錢	飛	飞	fɛ35	fe2	錢2，英語fare
8182	十九、商業、交通（3）賬目、度量衡/錢	錢	钱	tʃʰin21	cin4	錢3
8183	十九、商業、交通（3）賬目、度量衡/港幣	港紙	港纸	kɔŋ35 tʃi35	gong2 zi2	港幣
8184	十九、商業、交通（3）賬目、度量衡/人民幣	人民幣	人民币	jɐn21 mɐn21 pi22	jan4 man4 bi6	人民幣1.1
8185	十九、商業、交通（3）賬目、度量衡/人民幣	人民幣	人民币	jɐn21 mɐn21 pɐi22	jan4 man4 bai6	人民幣1.2
8186	十九、商業、交通（3）賬目、度量衡/整錢	大紙	大纸	tai22 tʃi35	daai6 zi2	整錢，如十元、百元的錢
8187	十九、商業、交通（3）賬目、度量衡/零錢	散紙	散纸	ɬan35 tʃi35	slaan2 zi2	零錢1
8188	十九、商業、交通（3）賬目、度量衡/零錢	散錢	散钱	ɬan35 tʃʰin21	slaan2 cin4	零錢2
8189	十九、商業、交通（3）賬目、度量衡/零錢	碎紙	碎纸	ɬui33 tʃi35	slui3 zi2	零錢3
8190	十九、商業、交通（3）賬目、度量衡/零用	零用	零用	leŋ21 jʊŋ22	ling4 jung6	零用1
8191	十九、商業、交通（3）賬目、度量衡/零用	零使	零使	leŋ21 ʃɐi35	ling4 sai2	零用2
8192	十九、商業、交通（3）賬目、度量衡/鈔票	銀紙	银纸	ŋɐn21 tʃi35	ngan4 zi2	鈔票
8193	十九、商業、交通（3）賬目、度量衡/硬幣	銻崽	锑崽	tʰɐi55 tʃɐi35	tai1 zai2	硬幣
8194	十九、商業、交通（3）賬目、度量衡/硬幣	銻仔	锑仔	tʰɐi55 tʃɐi35	tai1 zai2	硬幣，同「銻崽」
8195	十九、商業、交通（3）賬目、度量衡/銅板兒	銅仙	铜仙	tʰʊŋ21 ɬin55	tung4 slin1	銅板兒1
8196	十九、商業、交通（3）賬目、度量衡/銅板兒	銅錢	铜钱	tʰʊŋ21 tʃʰin21	tung4 cin4	銅板兒2
8197	十九、商業、交通（3）賬目、度量衡/銀元	光洋	光洋	kɔŋ55 jœŋ21	gong1 joeng4	銀元1
8198	十九、商業、交通（3）賬目、度量衡/銀元	大洋	大洋	tai22 jœŋ21	daai6 joeng4	銀元2
8199	十九、商業、交通（3）賬目、度量衡/一分錢	一分錢	一分钱	a55 fɐn55 tʃʰin21	aa1 fan1 cin4	一分錢1
8200	十九、商業、交通（3）賬目、度量衡/一分錢	一分紙	一分纸	a55 fɐn55 tʃi35	aa1 fan1 zi2	一分錢2
8201	十九、商業、交通（3）賬目、度量衡/一分錢	一釐子	一厘子	a55 li55 tʃi35	aa1 li1 zi2	一分錢3.1
8202	十九、商業、交通（3）賬目、度量衡/一分錢	一釐子	一厘子	a55 li55 tsɿ35	aa1 li1 zy2	一分錢3.2
8203	十九、商業、交通（3）賬目、度量衡/一分錢	一釐銻	一厘锑	a55 li55 tʰɐi55	aa1 li1 tai1	一分錢4
8204	十九、商業、交通（3）賬目、度量衡/半角錢	半毫子	半毫子	pun33 hu21 tʃi35	bun3 hu4 zi2	半角錢1.1，半毛錢
8205	十九、商業、交通（3）賬目、度量衡/半角錢	半毫子	半毫子	pun33 hu21 tsɿ35	bun3 hu4 zy2	半角錢1.2，半毛錢
8206	十九、商業、交通（3）賬目、度量衡/一角錢	一毫子	一毫子	a55 hu21 tʃi35	aa1 hu4 zi2	一角錢1.1，一毛錢
8207	十九、商業、交通（3）賬目、度量衡/一角錢	一毫子	一毫子	a55 hu21 tsɿ35	aa1 hu4 zy2	一角錢1.2，一毛錢
8208	十九、商業、交通（3）賬目、度量衡/一角錢	一毫子	一毫子	jɐt5 hu21 tʃi35	jat1 hu4 zi2	一角錢1.3，一毛錢
8209	十九、商業、交通（3）賬目、度量衡/一角錢	一毫子	一毫子	jɐt5 hu21 tsɿ35	jat1 hu4 zy2	一角錢1.4，一毛錢
8210	十九、商業、交通（3）賬目、度量衡/一角錢	一粒鬼	一粒鬼	a55 nɐp5 kʷɐi35	aa1 nap1 gwai2	一角錢2.1，一毛錢，戲稱
8211	十九、商業、交通（3）賬目、度量衡/一角錢	一粒鬼	一粒鬼	jɐt5 nɐp5 kʷɐi35	jat1 nap1 gwai2	一角錢2.2，一毛錢，戲稱
8212	十九、商業、交通（3）賬目、度量衡/一角五分錢	角五銀	角五银	kɔk3 ŋ̍24 ŋɐn21	gok3 ng5 ngan4	一角五分錢
8213	十九、商業、交通（3）賬目、度量衡/一角幾分錢	角幾銀	角几银	kɔk3 ki35 ŋɐn21	gok3 gi2 ngan4	一角幾分錢
8214	十九、商業、交通（3）賬目、度量衡/一毛多	毫幾子	毫几子	hu21 ki35 tʃi35	hu4 gi2 zi2	一毛多1.1
8215	十九、商業、交通（3）賬目、度量衡/一毛多	毫幾子	毫几子	hu21 ki35 tsɿ35	hu4 gi2 zy2	一毛多1.2
8216	十九、商業、交通（3）賬目、度量衡/一毛多	毫零子	毫零子	hu21 lɛŋ21 tʃi35	hu4 leng4 zi2	一毛多2.1
8217	十九、商業、交通（3）賬目、度量衡/一毛多	毫零子	毫零子	hu21 lɛŋ21 tsɿ35	hu4 leng4 zy2	一毛多2.2
8218	十九、商業、交通（3）賬目、度量衡/一毛多	毫把子	毫把子	hu21 pa35 tʃi35	hu4 baa2 zi2	一毛多3.1
8219	十九、商業、交通（3）賬目、度量衡/一毛多	毫把子	毫把子	hu21 pa35 tsɿ35	hu4 baa2 zy2	一毛多3.2
8220	十九、商業、交通（3）賬目、度量衡/一塊錢	一文錢	一文钱	a55 mɐn55 tʃʰin21	aa1 man1 cin4	一塊錢1
8221	十九、商業、交通（3）賬目、度量衡/一塊錢	一文紙	一文纸	a55 mɐn55 tʃi35	aa1 man1 zi2	一塊錢2
8222	十九、商業、交通（3）賬目、度量衡/一塊錢	一文雞	一文鸡	a55 mɐn55 kɐi55	aa1 man1 gai1	一塊錢3
8223	十九、商業、交通（3）賬目、度量衡/一塊錢	一文銀	一文银	a55 mɐn55 ŋɐn21	aa1 man1 ngan4	一塊錢4.1
8224	十九、商業、交通（3）賬目、度量衡/一塊錢	一文銀	一文银	jɐt5 mɐn55 ŋɐn21	jat1 man1 ngan4	一塊錢4.2
8225	十九、商業、交通（3）賬目、度量衡/一塊五	文半	文半	mɐn55 pun33	man1 bun3	一塊五1，一元五角
8226	十九、商業、交通（3）賬目、度量衡/一塊五	一文半	一文半	a55 mɐn55 pun33	aa1 man1 bun3	一塊五2，一元五角
8227	十九、商業、交通（3）賬目、度量衡/一塊多	文幾錢	文几钱	mɐn55 ki35 tʃʰin21	man1 gi2 cin4	一塊多1
8228	十九、商業、交通（3）賬目、度量衡/一塊多	文零錢	文零钱	mɐn55 lɛŋ21 tʃʰin21	man1 leng4 cin4	一塊多2
8229	十九、商業、交通（3）賬目、度量衡/一塊多	文把錢	文把钱	mɐn55 pa35 tʃʰin21	man1 baa2 cin4	一塊多3
8230	十九、商業、交通（3）賬目、度量衡/一塊多	文零銀	文零银	mɐn55 lɛŋ21 ŋɐn21	man1 leng4 ngan4	一塊多4
8231	十九、商業、交通（3）賬目、度量衡/十塊錢	十文錢	十文钱	ʃɐp2 mɐn55 tʃʰin21	sap6 man1 cin4	十塊錢1
8232	十九、商業、交通（3）賬目、度量衡/十塊錢	十文雞	十文鸡	ʃɐp2 mɐn55 kɐi55	sap6 man1 gai1	十塊錢2
8233	十九、商業、交通（3）賬目、度量衡/十塊錢	一蔸水	一蔸水	a55 tɐu55 ʃui35	aa1 dau1 sui2	十塊錢3，有時用「幾蔸水」喻指歲數（十歲的倍數），五蔸水即五十歲
8234	十九、商業、交通（3）賬目、度量衡/一百塊錢	一百文	一百文	a55 pak3 mɐn55	aa1 baak3 man1	一百塊錢1
8235	十九、商業、交通（3）賬目、度量衡/一百塊錢	一張紙	一张纸	a55 tʃœŋ55 tʃi35	aa1 zoeng1 zi2	一百塊錢2
8236	十九、商業、交通（3）賬目、度量衡/一百塊錢	一䊆水	一䊆水	a55 kɐu22 ʃui35	aa1 gau6 sui2	一百塊錢3
8237	十九、商業、交通（3）賬目、度量衡/一千塊錢	一千文	一千文	a55 tʃʰin55 mɐn55	aa1 cin1 man1	一千塊錢1
8238	十九、商業、交通（3）賬目、度量衡/一千塊錢	一紮水	一扎水	a55 tʃat3 ʃui35	aa1 zaat3 sui2	一千塊錢2
8239	十九、商業、交通（3）賬目、度量衡/一萬塊錢	一萬文	一万文	a55 man22 mɐn55	aa1 maan6 man1	一萬塊錢1
8240	十九、商業、交通（3）賬目、度量衡/一萬塊錢	一粒嘢	一粒嘢	a55 nɐp5 jɛ24	aa1 nap1 je5	一萬塊錢2
8241	十九、商業、交通（3）賬目、度量衡/一張票子	一張銀紙	一张银纸	a55 tʃœŋ55 ŋɐn21 tʃi35	aa1 zoeng1 ngan4 zi2	一張票子
8242	十九、商業、交通（3）賬目、度量衡/一個銅子兒	一文仙	一文仙	a55 mɐn55 ɬin55	aa1 man1 slin1	一個銅子兒
8243	十九、商業、交通（3）賬目、度量衡/一個硬幣	一隻銻崽	一只锑崽	a55 tʃɛk3 tʰɐi55 tʃɐi35	aa1 zek3 tai1 zai2	一個硬幣
8244	十九、商業、交通（3）賬目、度量衡/一個硬幣	一隻銻仔	一只锑仔	a55 tʃɛk3 tʰɐi55 tʃɐi35	aa1 zek3 tai1 zai2	一個硬幣，同「一隻銻崽」
8245	十九、商業、交通（3）賬目、度量衡/算盤	算盤	算盘	ɬyn33 pʰun21	slyun3 pun4	算盤
8246	十九、商業、交通（3）賬目、度量衡/打算盤	敲算盤	敲算盘	hau55 ɬyn33 pʰun21	haau1 slyun3 pun4	打算盤1
8247	十九、商業、交通（3）賬目、度量衡/打算盤	趯算盤	趯算盘	tʰek5 ɬyn33 pʰun21	tik1 slyun3 pun4	打算盤2，由「鉤或挑」義引申而來
8248	十九、商業、交通（3）賬目、度量衡/珠算	珠算	珠算	tʃy55 ɬyn33	zyu1 slyun3	珠算，用算盤計算的方法
8249	十九、商業、交通（3）賬目、度量衡/天平	天平	天平	tʰin55 pʰeŋ21	tin1 ping4	天平
8250	十九、商業、交通（3）賬目、度量衡/戥子	戥子	戥子	tɐŋ35 tʃi35	dang2 zi2	戥子1.1
8251	十九、商業、交通（3）賬目、度量衡/戥子	戥子	戥子	tɐŋ35 tsɿ35	dang2 zy2	戥子1.2
8252	十九、商業、交通（3）賬目、度量衡/釐戥	釐戥	厘戥	li21 tɐŋ35	li4 dang2	釐戥
8253	十九、商業、交通（3）賬目、度量衡/秤	秤	秤	tʃʰeŋ33	cing3	秤
8254	十九、商業、交通（3）賬目、度量衡/新秤	新秤	新秤	ɬɐn55 tʃʰeŋ33	slan1 cing3	新秤，十兩稱
8255	十九、商業、交通（3）賬目、度量衡/舊秤	舊秤	旧秤	kɐu22 tʃʰeŋ33	gau6 cing3	舊秤，十六兩稱
8256	十九、商業、交通（3）賬目、度量衡/大秤	大秤	大秤	tai22 tʃʰeŋ33	daai6 cing3	大秤
8257	十九、商業、交通（3）賬目、度量衡/磅秤	磅秤	磅秤	pɔŋ22 tʃʰeŋ33	bong6 cing3	磅秤1
8258	十九、商業、交通（3）賬目、度量衡/磅秤	磅	磅	pɔŋ22	bong6	磅秤2
8259	十九、商業、交通（3）賬目、度量衡/盤秤	盤秤	盘秤	pʰun21 tʃʰeŋ33	pun4 cing3	盤秤，有秤盤的秤
8260	十九、商業、交通（3）賬目、度量衡/鉤秤	鉤秤	钩秤	ŋɐu55 tʃʰeŋ33	ngau1 cing3	鉤秤
8261	十九、商業、交通（3）賬目、度量衡/秤盤	戥盤	戥盘	tɐŋ35 pʰun21	dang2 pun4	秤盤
8262	十九、商業、交通（3）賬目、度量衡/秤星兒	秤星	秤星	tʃʰeŋ33 ɬeŋ55	cing3 sling1	秤星兒
8263	十九、商業、交通（3）賬目、度量衡/秤桿兒	秤桿	秤杆	tʃʰeŋ33 kɔn35	cing3 gon2	秤桿兒
8264	十九、商業、交通（3）賬目、度量衡/秤鉤子	秤鉤	秤钩	tʃʰeŋ33 ŋɐu55	cing3 ngau1	秤鉤子
8265	十九、商業、交通（3）賬目、度量衡/秤錘	秤砣	秤砣	tʃʰeŋ33 tʰɔ21	cing3 to4	秤錘
8266	十九、商業、交通（3）賬目、度量衡/秤毫	秤腦	秤脑	tʃʰeŋ33 nu24	cing3 nu5	秤毫
8267	十九、商業、交通（3）賬目、度量衡/頭腦	頭腦	头脑	tʰɐu21 nu24	tau4 nu5	頭腦
8268	十九、商業、交通（3）賬目、度量衡/二腦	二腦	二脑	ji22 nu24	ji6 nu5	二腦
8269	十九、商業、交通（3）賬目、度量衡/過秤	過秤	过秤	kɔ33 tʃʰeŋ33	go3 cing3	過秤
8270	十九、商業、交通（3）賬目、度量衡/過磅	過磅	过磅	kɔ33 pɔŋ22	go3 bong6	過磅
8271	十九、商業、交通（3）賬目、度量衡/稱（物）	稱	称	tʃʰeŋ55	cing1	稱（物），用稈秤～
8272	十九、商業、交通（3）賬目、度量衡/稱一稱	稱一稱	称一称	tʃʰeŋ55 a55 tʃʰeŋ55	cing1 aa1 cing1	稱一稱1.1
8273	十九、商業、交通（3）賬目、度量衡/稱一稱	稱一稱	称一称	tʃʰeŋ55 jɐt5 tʃʰeŋ55	cing1 jat1 cing1	稱一稱1.2
8274	十九、商業、交通（3）賬目、度量衡/（稱物時）稱尾高	先	先	ɬin55	slin1	（稱物時）稱尾高
8275	十九、商業、交通（3）賬目、度量衡/（稱物時）稱尾低	慢	慢	man22	maan6	（稱物時）稱尾低
8276	十九、商業、交通（3）賬目、度量衡/有餘	有突	有突	jɐu24 tɐt2	jau5 dat6	有餘，多出，超出
8277	十九、商業、交通（3）賬目、度量衡/重秤	重秤	重秤	tʃʰʊŋ24 tʃʰeŋ33	cung5 cing3	重秤，壓秤
8278	十九、商業、交通（3）賬目、度量衡/輕秤	輕秤	轻秤	hɛŋ55 tʃʰeŋ33	heng1 cing3	輕秤，東西質量輕
8279	十九、商業、交通（3）賬目、度量衡/短秤	眲秤	眲秤	ŋɐk5 tʃʰeŋ33	ngak1 cing3	短秤，短斤少兩
8280	十九、商業、交通（3）賬目、度量衡/夠秤	夠秤	够秤	kɐu33 tʃʰeŋ33	gau3 cing3	夠秤，斤兩足
8281	十九、商業、交通（3）賬目、度量衡/打斧頭	打斧頭	打斧头	ta35 fu35 tʰɐu21	daa2 fu2 tau4	打斧頭，私留餘款
8282	十九、商業、交通（3）賬目、度量衡/打賞	打賞	打赏	ta35 ʃœŋ35	daa2 soeng2	打賞1
8283	十九、商業、交通（3）賬目、度量衡/打賞	打識	打识	ta35 ʃek5	daa2 sik1	打賞2
8284	十九、商業、交通（4）交通/鐵路	鐵路	铁路	tʰit3 lu22	tit3 lu6	鐵路
8285	十九、商業、交通（4）交通/鐵軌	鐵軌	铁轨	tʰit3 kʷɐi35	tit3 gwai2	鐵軌
8286	十九、商業、交通（4）交通/火車	火車	火车	fɔ35 tʃʰɛ55	fo2 ce1	火車
8287	十九、商業、交通（4）交通/火車站	火車站	火车站	fɔ35 tʃʰɛ55 tʃam22	fo2 ce1 zaam6	火車站1
8288	十九、商業、交通（4）交通/火車站	車站	车站	tʃʰɛ55 tʃam22	ce1 zaam6	火車站2
8289	十九、商業、交通（4）交通/公路	馬路	马路	ma24 lu22	maa5 lu6	公路
8290	十九、商業、交通（4）交通/汽車	汽車	汽车	hi33 tʃʰɛ55	hi3 ce1	汽車1
8291	十九、商業、交通（4）交通/汽車	砵砵車	砵砵车	put5 put5 tʃʰɛ55	but1 but1 ce1	汽車2.1，童語
8292	十九、商業、交通（4）交通/汽車	砵砵車	砵砵车	pɔt5 pɔt5 tʃʰɛ55	bot1 bot1 ce1	汽車2.2，童語
8293	十九、商業、交通（4）交通/汽車	突突車	突突车	tut5 tut5 tʃʰɛ55	dut1 dut1 ce1	汽車3，童語
8294	十九、商業、交通（4）交通/客車	班車	班车	pan55 tʃʰɛ55	baan1 ce1	客車，指汽車的
8295	十九、商業、交通（4）交通/貨車	貨車	货车	fɔ33 tʃʰɛ55	fo3 ce1	貨車1，指汽車的
8296	十九、商業、交通（4）交通/貨車	卡車	卡车	kʰa55 tʃʰɛ55	kaa1 ce1	貨車2
8297	十九、商業、交通（4）交通/貨車	大卡車	大卡车	tai22 kʰa55 tʃʰɛ55	daai6 kaa1 ce1	貨車3
8298	十九、商業、交通（4）交通/拖車	拖卡	拖卡	tʰɔ55 kʰa55	to1 kaa1	拖車
8299	十九、商業、交通（4）交通/車廂	車卡	车卡	tʃʰɛ55 kʰa55	ce1 kaa1	車廂；火車廂
8300	十九、商業、交通（4）交通/公共汽車	公共汽車	公共汽车	kʊŋ55 kʊŋ22 hi33 tʃʰɛ55	gung1 gung6 hi3 ce1	公共汽車1
8301	十九、商業、交通（4）交通/公共汽車	巴士	巴士	pa55 ʃi35	baa1 si2	公共汽車2.1，英語bus
8302	十九、商業、交通（4）交通/公共汽車	巴士	巴士	pa55 sɿ35	baa1 sy2	公共汽車2.2，英語bus
8303	十九、商業、交通（4）交通/出租車	出租車	出租车	tʃʰyt5 tʃu55 tʃʰɛ55	cyut1 zu1 ce1	出租車1
8304	十九、商業、交通（4）交通/出租車	的士	的士	tek5 ʃi35	dik1 si2	出租車2.1，英語taxi
8305	十九、商業、交通（4）交通/出租車	的士	的士	tek5 sɿ35	dik1 sy2	出租車2.2，英語taxi
8306	十九、商業、交通（4）交通/出租車	的	的	tek5	dik1	出租車3
8307	十九、商業、交通（4）交通/打出租車	打的	打的	ta35 tek5	daa2 dik1	打出租車1，乘坐出租車
8308	十九、商業、交通（4）交通/打出租車	打車	打车	ta35 tʃʰɛ55	daa2 ce1	打出租車2
8309	十九、商業、交通（4）交通/奔馳車	邊士	边士	pɛn55 ʃi35	ben1 si2	奔馳車1.1，德語Benz
8310	十九、商業、交通（4）交通/奔馳車	邊士	边士	pɛn55 sɿ35	ben1 sy2	奔馳車1.2，德語Benz
8311	十九、商業、交通（4）交通/小轎車	細車	细车	ɬɐi33 tʃʰɛ55	slai3 ce1	小轎車1
8312	十九、商業、交通（4）交通/小轎車	車崽	车崽	tʃʰɛ55 tʃɐi35	ce1 zai2	小轎車2
8313	十九、商業、交通（4）交通/小轎車	車仔	车仔	tʃʰɛ55 tʃɐi35	ce1 zai2	小轎車2，同「車崽」
8314	十九、商業、交通（4）交通/小轎車	轎車	轿车	kiu22 tʃʰɛ55	giu6 ce1	小轎車3
8315	十九、商業、交通（4）交通/小轎車	曱甴車	曱甴车	kat2 tʃat2	gaat6 zaat6	小轎車4
8316	十九、商業、交通（4）交通/消防車	火燭車	火烛车	fɔ35 tʃʊk5 tʃʰɛ55	fo2 zuk1 ce1	消防車1
8317	十九、商業、交通（4）交通/消防車	救火車	救火车	kɐu33 fɔ35 tʃʰɛ55	gau3 fo2 ce1	消防車2
8318	十九、商業、交通（4）交通/救護車	急救車	急救车	kɐp5 kɐu33 tʃʰɛ55	gap1 gau3 ce1	救護車1
8319	十九、商業、交通（4）交通/救護車	救護車	救护车	kɐu33 wu22 tʃʰɛ55	gau3 wu6 ce1	救護車2
8320	十九、商業、交通（4）交通/摩托車	摩托車	摩托车	mɔ55 tʰɔk3 tʃʰɛ55	mo1 tok3 ce1	摩托車1
8321	十九、商業、交通（4）交通/摩托車	摩托	摩托	mɔ55 tʰɔk3	mo1 tok3	摩托車2
8322	十九、商業、交通（4）交通/摩托車	摩的	摩的	mɔ55 tek5	mo1 dik1	摩托車3，營運的，即「摩托車的士」
8323	十九、商業、交通（4）交通/開車	開車	开车	hɔi55 tʃʰɛ55	hoi1 ce1	開車
8324	十九、商業、交通（4）交通/抓車	抓車	抓车	tʃa55 tʃʰɛ55	zaa1 ce1	抓車
8325	十九、商業、交通（4）交通/倒車	褪車	褪车	tʰɐn33 tʃʰɛ55	tan3 ce1	倒車
8326	十九、商業、交通（4）交通/死火	死火	死火	ɬi35 fɔ35	sli2 fo2	死火，汽車熄火，喻指事情黃了
8327	十九、商業、交通（4）交通/三輪車（載人的）	三輪車	三轮车	ɬam55 lɐn21 tʃʰɛ55	slaam1 lan4 ce1	三輪車1.1，載人的
8328	十九、商業、交通（4）交通/三輪車（載人的）	三輪車	三轮车	ɬam55 lyn21 tʃʰɛ55	slaam1 lyun4 ce1	三輪車1.2，載人的
8329	十九、商業、交通（4）交通/三輪車（載人的）	油脂的	油脂的	jɐu21 tʃi55 tek5	jau4 zi1 dik1	三輪車2，載人的，俗作「柔姿的」
8330	十九、商業、交通（4）交通/三輪車（載人的）	油脂車	油脂车	jɐu21 tʃi55 tʃʰɛ55	jau4 zi1 ce1	三輪車3，載人的，俗作「柔姿車」
8331	十九、商業、交通（4）交通/三輪車（拉貨的）	三輪車	三轮车	ɬam55 lɐn21 tʃʰɛ55	slaam1 lan4 ce1	三輪車1.1，拉貨的
8332	十九、商業、交通（4）交通/三輪車（拉貨的）	三輪車	三轮车	ɬam55 lyn21 tʃʰɛ55	slaam1 lyun4 ce1	三輪車1.2，拉貨的
8333	十九、商業、交通（4）交通/三輪車（拉貨的）	三馬崽	三马崽	ɬam55 ma24 tʃɐi35	slaam1 maa5 zai2	三輪車2，拉貨的
8334	十九、商業、交通（4）交通/三輪車（拉貨的）	三馬仔	三马仔	ɬam55 ma24 tʃɐi35	slaam1 maa5 zai2	三輪車2，拉貨的，同「三馬崽」
8335	十九、商業、交通（4）交通/殘疾人三輪車	殘的	残的	tʃʰan21 tek5	caan4 dik1	殘疾人三輪車，載人的，即「殘疾人的士」
8336	十九、商業、交通（4）交通/自行車	單車	单车	tan55 tʃʰɛ55	daan1 ce1	自行車
8337	十九、商業、交通（4）交通/二八拐	奇離拐	奇离拐	kʰɛ21 lɛ21 kʷai35	ke4 le4 gwaai2	二八拐，即二八大槓自行車，戲稱
8338	十九、商業、交通（4）交通/馬達	摩打	摩打	mɔ55 ta35	mo1 daa2	馬達，舊指自行車燈的小型電機，英語motor
8339	十九、商業、交通（4）交通/鋼圈	車鈴	车铃	tʃʰɛ55 leŋ55	ce1 ling1	自行車鋼圈
8340	十九、商業、交通（4）交通/車箭	車箭	车箭	tʃʰɛ55 tʃin33	ce1 zin3	自行車輻條1
8341	十九、商業、交通（4）交通/車箭	鋼線	钢线	kɔŋ33 ɬin33	gong3 slin3	自行車輻條2
8342	十九、商業、交通（4）交通/鏈條	鏈	链	lin35	lin2	鏈條
8343	十九、商業、交通（4）交通/大包鏈	大包鏈	大包链	tai22 pɛu55 lin35	daai6 beu1 lin2	大包鏈，自行車的
8344	十九、商業、交通（4）交通/電單車，電瓶車	電單車	电单车	tin22 tan55 tʃʰɛ55	din6 daan1 ce1	電單車，電瓶車，也簡稱「電車」，北方稱「電驢」，廣東稱「電雞（本字電機）」
8345	十九、商業、交通（4）交通/車頭	機頭	机头	ki55 tʰɐu21	gi1 tau4	（火車等）車頭；也泛稱各種機械的動力裝置
8346	十九、商業、交通（4）交通/車頭	機頭	机头	kɐi55 tʰɐu21	gai1 tau4	（電單車、摩托車）車頭，戲稱
8347	十九、商業、交通（4）交通/挖掘機	鉤機	钩机	ŋɐu55 ki55	ngau1 gi1	挖掘機
8348	十九、商業、交通（4）交通/騎自行車	騎車	骑车	kʰɛ21 tʃʰɛ55	ke4 ce1	騎自行車1
8349	十九、商業、交通（4）交通/騎自行車	騎單車	骑单车	kʰɛ21 tan55 tʃʰɛ55	ke4 daan1 ce1	騎自行車2
8350	十九、商業、交通（4）交通/騎自行車	踩車	踩车	tʃʰai35 tʃʰɛ55	caai2 ce1	騎自行車3.1
8351	十九、商業、交通（4）交通/騎自行車	踩車	踩车	jai35 tʃʰɛ55	jaai2 ce1	騎自行車3.2
8352	十九、商業、交通（4）交通/騎自行車	踩單車	踩单车	tʃʰai35 tan55 tʃʰɛ55	caai2 daan1 ce1	騎自行車4.1
8353	十九、商業、交通（4）交通/騎自行車	踩單車	踩单车	jai35 tan55 tʃʰɛ55	jaai2 daan1 ce1	騎自行車4.2
8354	十九、商業、交通（4）交通/大車	馬車	马车	ma24 tʃʰɛ55	maa5 ce1	大車1，馬拉的
8355	十九、商業、交通（4）交通/大車	牛車	牛车	ŋɐu21 tʃʰɛ55	ngau4 ce1	大車2，牛拉的
8356	十九、商業、交通（4）交通/板車	木車	木车	mʊk2 tʃʰɛ55	muk6 ce1	板車，人拉的
8357	十九、商業、交通（4）交通/拉板車	拉木車	拉木车	lai55 mʊk2 tʃʰɛ55	laai1 muk6 ce1	拉板車
8358	十九、商業、交通（4）交通/獨輪車	雞公車	鸡公车	kɐi55 kʊŋ55 tʃʰɛ55	gai1 gung1 ce1	獨輪車1
8359	十九、商業、交通（4）交通/獨輪車	獨輪車	独轮车	tʊk2 lɐn21 tʃʰɛ55	duk6 lan4 ce1	獨輪車2.1
8360	十九、商業、交通（4）交通/獨輪車	獨輪車	独轮车	tʊk2 lyn21 tʃʰɛ55	duk6 lyun4 ce1	獨輪車2.2
8361	十九、商業、交通（4）交通/獨輪車	獨腳車	独脚车	tʊk2 kœk3 tʃʰɛ55	duk6 goek3 ce1	獨輪車3
8362	十九、商業、交通（4）交通/獨輪車	手推車	手推车	ʃɐu35 tʰui55 tʃʰɛ55	sau2 tui1 ce1	獨輪車4
8363	十九、商業、交通（4）交通/裝車	裝車	装车	tʃɔŋ55 tʃʰɛ55	zong1 ce1	裝車
8364	十九、商業、交通（4）交通/卸車	卸車	卸车	ɬɛ33 tʃʰɛ55	sle3 ce1	卸車
8365	十九、商業、交通（4）交通/車箱	車箱	车箱	tʃʰɛ55 ɬœŋ55	ce1 sloeng1	車箱
8366	十九、商業、交通（4）交通/車轅	車手	车手	tʃʰɛ55 ʃɐu35	ce1 sau2	車轅
8367	十九、商業、交通（4）交通/車輪	車轆	车辘	tʃʰɛ55 lʊk5	ce1 luk1	車輪1
8368	十九、商業、交通（4）交通/車輪	車輪	车轮	tʃʰɛ55 lɐn21	ce1 lan4	車輪2.1
8369	十九、商業、交通（4）交通/車輪	車輪	车轮	tʃʰɛ55 lyn21	ce1 lyun4	車輪2.2
8370	十九、商業、交通（4）交通/軸	車軸	车轴	tʃʰɛ55 tʃʊk2	ce1 zuk6	車軸
8371	十九、商業、交通（4）交通/車篷	車篷	车篷	tʃʰɛ55 pʰʊŋ21	ce1 pung4	車篷
8372	十九、商業、交通（4）交通/車尾	車尾	车尾	tʃʰɛ55 mi24	ce1 mi5	車尾巴
8373	十九、商業、交通（4）交通/制動裝置	制	制	tʃɐi33	zai3	制動裝置，也泛指開關，俗字「掣」
8374	十九、商業、交通（4）交通/制動器	剎制	刹制	ʃat3 tʃɐi33	saat3 zai3	制動器，剎車裝置
8375	十九、商業、交通（4）交通/船	船	船	ʃyn21	syun4	船
8376	十九、商業、交通（4）交通/帆	帆	帆	fan21	faan4	帆1
8377	十九、商業、交通（4）交通/帆	風帆	风帆	fʊŋ55 fan21	fung1 faan4	帆2
8378	十九、商業、交通（4）交通/篷	篷	篷	pʰʊŋ21	pung4	篷，織竹夾箬覆舟
8379	十九、商業、交通（4）交通/桅杆	桅杆	桅杆	ŋɐi21 kɔn55	ngai4 gon1	桅杆
8380	十九、商業、交通（4）交通/舵	舵	舵	tʰai24	taai5	舵
8381	十九、商業、交通（4）交通/櫓	櫓	橹	lu24	lu5	櫓
8382	十九、商業、交通（4）交通/槳	船槳	船桨	ʃyn21 tʃœŋ35	syun4 zoeng2	槳1
8383	十九、商業、交通（4）交通/槳	槳	桨	tʃœŋ35	zoeng2	槳2
8384	十九、商業、交通（4）交通/長槳	長槳	长桨	tʃʰœŋ21 tʃœŋ35	coeng4 zoeng2	長槳
8385	十九、商業、交通（4）交通/短槳	短槳	短桨	tyn35 tʃœŋ35	dyun2 zoeng2	短槳
8386	十九、商業、交通（4）交通/篙	竹篙	竹篙	tʃʊk5 ku55	zuk1 gu1	篙1
8387	十九、商業、交通（4）交通/篙	撐篙	撑篙	tʃʰaŋ55 ku55	caang1 gu1	篙2
8388	十九、商業、交通（4）交通/跳板	跳板	跳板	tʰiu33 pan35	tiu3 baan2	跳板，上下船用
8389	十九、商業、交通（4）交通/帆船	帆船	帆船	fan21 ʃyn21	faan4 syun4	帆船
8390	十九、商業、交通（4）交通/舢板	艇	艇	tʰɛŋ24	teng5	舢板1
8391	十九、商業、交通（4）交通/舢板	艇崽	艇崽	tʰɛŋ24 tʃɐi35	teng5 zai2	舢板2
8392	十九、商業、交通（4）交通/舢板	艇仔	艇仔	tʰɛŋ24 tʃɐi35	teng5 zai2	舢板2，同「艇崽」
8393	十九、商業、交通（4）交通/漁船	船	船	ʃyn21	syun4	漁船1
8394	十九、商業、交通（4）交通/漁船	艇	艇	tʰɛŋ24	teng5	漁船2
8395	十九、商業、交通（4）交通/渡船	渡船	渡船	tu22 ʃyn21	du6 syun4	渡船1
8396	十九、商業、交通（4）交通/渡船	渡	渡	tu22	du6	渡船2，俗字「艔」
8397	十九、商業、交通（4）交通/輪船	火船	火船	fɔ35 ʃyn21	fo2 syun4	輪船1
8398	十九、商業、交通（4）交通/輪船	輪船	轮船	lɐn21 ʃyn21	lan4 syun4	輪船2.1
8399	十九、商業、交通（4）交通/輪船	輪船	轮船	lyn21 ʃyn21	lyun4 syun4	輪船2.2
8400	十九、商業、交通（4）交通/駁船	駁船	驳船	pɔk3 ʃyn21	bok3 syun4	駁船
8401	十九、商業、交通（4）交通/花尾渡	花尾渡	花尾渡	fa55 mi24 tu35	faa1 mi5 du2	花尾渡，一種靠駁船拉動的客船，俗字「艔」
8402	十九、商業、交通（4）交通/艦艇	軍艦	军舰	kʷɐn55 lam22	gwan1 laam6	艦艇
8403	十九、商業、交通（4）交通/過擺渡	過渡	过渡	kɔ33 tu22	go3 du6	過擺渡，坐船過河
8404	十九、商業、交通（4）交通/渡口	渡口	渡口	tu22 hɐu35	du6 hau2	渡口1
8405	十九、商業、交通（4）交通/渡口	碼頭	码头	ma24 tʰɐu21	maa5 tau4	渡口2
8406	十九、商業、交通（4）交通/渡口	埠口	埠口	pu22 hɐu35	bu6 hau2	渡口3
8407	十九、商業、交通（4）交通/開埠	開埠	开埠	hɔi55 fɐu22	hoi1 fau6	開埠
8408	十九、商業、交通（4）交通/划船	櫂船	棹船	tʃɛu22 ʃyn21	zeu6 syun4	划船1.1
8409	十九、商業、交通（4）交通/划船	櫂船	棹船	tʃau22 ʃyn21	zaau6 syun4	划船1.2
8410	十九、商業、交通（4）交通/划船	櫂艇	棹艇	tʃɛu22 tʰɛŋ24	zeu6 teng5	划船2.1
8411	十九、商業、交通（4）交通/划船	櫂艇	棹艇	tʃau22 tʰɛŋ24	zaau6 teng5	划船2.2
8412	十九、商業、交通（4）交通/撐船	撐船	撑船	tʃʰaŋ55 ʃyn21	caang1 syun4	撐船
8413	十九、商業、交通（4）交通/掌舵	抓舵	抓舵	tʃa55 tʰai24	zaa1 taai5	掌舵
8414	十九、商業、交通（4）交通/拉縴	拉纜	拉缆	lai55 lam22	laai1 laam6	拉縴
8415	十九、商業、交通（4）交通/靠岸	泊岸	泊岸	pʰak3 ŋɔn22	paak3 ngon6	靠岸1
8416	十九、商業、交通（4）交通/靠岸	埋頭	埋头	mai21 tʰɐu21	maai4 tau4	靠岸2
8417	十九、商業、交通（4）交通/上車	上車	上车	ʃœŋ24 tʃʰɛ55	soeng5 ce1	上車
8418	十九、商業、交通（4）交通/下車	落車	落车	lɔk3 tʃʰɛ55	lok3 ce1	下車
8419	十九、商業、交通（4）交通/上船	落船	落船	lɔk2 ʃyn21	lok6 syun4	上船
8420	十九、商業、交通（4）交通/下船	上岸	上岸	ʃœŋ24 ŋɔn22	soeng5 ngon6	下船
8421	十九、商業、交通（4）交通/關卡	關卡	关卡	kʷan55 kʰa55	gwaan1 kaa1	關卡1
8422	十九、商業、交通（4）交通/關卡	關口	关口	kʷan55 hɐu35	gwaan1 hau2	關卡2
8423	二十、文化教育（1）學校/學校	學校	学校	hɔk2 hau22	hok6 haau6	學校1.1
8424	二十、文化教育（1）學校/學校	學校	学校	hɔk2 kau33	hok6 gaau3	學校1.2
8425	二十、文化教育（1）學校/學校	學校	学校	hɔk2 kʰau33	hok6 kaau3	學校1.3
8426	二十、文化教育（1）學校/學校	學堂	学堂	hɔk2 tʰɔŋ21	hok6 tong4	學校2，解放前的
8427	二十、文化教育（1）學校/學校	書房	书房	ʃy55 fɔŋ21	syu1 fong4	學校3
8428	二十、文化教育（1）學校/招生	招生	招生	tʃiu55 ʃaŋ55	ziu1 saang1	招生
8429	二十、文化教育（1）學校/上學	讀書	读书	tʊk2 ʃy55	duk6 syu1	上學，開始上小學
8430	二十、文化教育（1）學校/上學	去學校	去学校	hy33 hɔk2 hau22	hyu3 hok6 haau6	上學1.1，去學校上課
8431	二十、文化教育（1）學校/上學	去學校	去学校	hy33 hɔk2 kau33	hyu3 hok6 gaau3	上學1.2，去學校上課
8432	二十、文化教育（1）學校/上學	去學校	去学校	hy33 hɔk2 kʰau33	hyu3 hok6 kaau3	上學1.3，去學校上課
8433	二十、文化教育（1）學校/放學	放學	放学	fɔŋ33 hɔk2	fong3 hok6	放學1
8434	二十、文化教育（1）學校/放學	放課	放课	fɔŋ33 kʰɔ33	fong3 ko3	放學2
8435	二十、文化教育（1）學校/逃學	偷趯	偷趯	tʰɐu55 tɛk3	tau1 dek3	逃學1
8436	二十、文化教育（1）學校/逃學	偷機	偷机	tʰɐu55 kɐi55	tau1 gai1	逃學2，俗作「偷雞」
8437	二十、文化教育（1）學校/逃學	偷雞	偷鸡	tʰɐu55 kɐi55	tau1 gai1	逃學2，「雞」本是「機（機會）」的音變
8438	二十、文化教育（1）學校/幼兒園	幼兒院	幼儿院	jɐu33 ji21 jyn35	jau3 ji4 jyun2	幼兒園1，年齡較大
8439	二十、文化教育（1）學校/幼兒園	幼兒班	幼儿班	jɐu33 ji21 pan55	jau3 ji4 baan1	幼兒園2，年齡較大
8440	二十、文化教育（1）學校/託兒所	託兒所	托儿所	tʰɔk3 ji21 ɬɔ35	tok3 ji4 slo2	託兒所，年齡較小
8441	二十、文化教育（1）學校/保育院	保育院	保育院	pu35 jʊk5 jyn35	bu2 juk1 jyun2	保育院
8442	二十、文化教育（1）學校/全託	全託	全托	tʃʰyn21 tʰɔk3	cyun4 tok3	全託，週末纔回家
8443	二十、文化教育（1）學校/半託	半託	半托	pun33 tʰɔk3	bun3 tok3	半託，晚上回家
8444	二十、文化教育（1）學校/義學	義學	义学	ji22 hɔk2	ji6 hok6	義學
8445	二十、文化教育（1）學校/私塾	私塾	私塾	ʃi55 ʃʊk2	si1 suk6	私塾1.1
8446	二十、文化教育（1）學校/私塾	私塾	私塾	sɿ55 ʃʊk2	sy1 suk6	私塾1.2
8447	二十、文化教育（1）學校/私塾	家館	家馆	ka55 kun35	gaa1 gun2	私塾2
8448	二十、文化教育（1）學校/上私塾	讀私塾	读私塾	tʊk2 ʃi55 ʃʊk2	duk6 si1 suk6	上私塾1.1
8449	二十、文化教育（1）學校/上私塾	讀私塾	读私塾	tʊk2 sɿ55 ʃʊk2	duk6 sy1 suk6	上私塾1.2
8450	二十、文化教育（1）學校/學費	學費	学费	hɔk2 fɐi33	hok6 fai3	學費
8451	二十、文化教育（1）學校/放假	放假	放假	fɔŋ33 kʰa33	fong3 kaa3	放假
8452	二十、文化教育（1）學校/暑假	暑假	暑假	ʃy35 kʰa33	syu2 kaa3	暑假
8453	二十、文化教育（1）學校/放暑假	放暑假	放暑假	fɔŋ33 ʃy35 kʰa33	fong3 syu2 kaa3	放暑假
8454	二十、文化教育（1）學校/寒假	寒假	寒假	hɔn21 kʰa33	hon4 kaa3	寒假
8455	二十、文化教育（1）學校/放寒假	放寒假	放寒假	fɔŋ33 hɔn21 kʰa33	fong3 hon4 kaa3	放寒假
8456	二十、文化教育（1）學校/請假	請假	请假	tʃʰɛŋ35 kʰa33	ceng2 kaa3	請假1.1
8457	二十、文化教育（1）學校/請假	請假	请假	tʃʰeŋ35 kʰa33	cing2 kaa3	請假1.2
8458	二十、文化教育（1）學校/校徽	校章	校章	hau22 tʃœŋ55	haau6 zoeng1	校徽1
8459	二十、文化教育（1）學校/校徽	襟章	襟章	kʰɐm55 tʃœŋ55	kam1 zoeng1	校徽2
8460	二十、文化教育（1）學校/罰站	罰徛	罚徛	fat2 kʰi24	faat6 ki5	罰站，對學生的體罰
8461	二十、文化教育（1）學校/打手掌	打手板	打手板	ta35 ʃɐu35 pan35	daa2 sau2 baan2	打手掌1，對學生的體罰
8462	二十、文化教育（1）學校/打手掌	打手噼	打手噼	ta35 ʃɐu35 pʰɛt5	daa2 sau2 pet1	打手掌2
8463	二十、文化教育（1）學校/留堂	捱留	挨留	ŋai21 lɐu21	ngaai4 lau4	留堂，放學留下，也是一種對學生的體罰
8464	二十、文化教育（1）學校/跳級	跳級	跳级	tʰiu33 kʰɐp5	tiu3 kap1	跳級
8465	二十、文化教育（1）學校/留級	留級	留级	lɐu21 kʰɐp5	lau4 kap1	留級
8466	二十、文化教育（2）教室、文具/教室	教室	教室	kɛu33 ʃɐt5	geu3 sat1	教室1.1
8467	二十、文化教育（2）教室、文具/教室	教室	教室	kau33 ʃɐt5	gaau3 sat1	教室1.2
8468	二十、文化教育（2）教室、文具/辦公室	辦公室	办公室	pan22 kʊŋ55 ʃɐt5	baan6 gung1 sat1	辦公室1
8469	二十、文化教育（2）教室、文具/辦公室	辦公廳	办公厅	pan22 kʊŋ55 tʰɛŋ55	baan6 gung1 teng1	辦公室2
8470	二十、文化教育（2）教室、文具/起名	安名	安名	ɔn55 mɛŋ21	on1 meng4	起名，取名
8471	二十、文化教育（2）教室、文具/點名	點名	点名	tim35 mɛŋ21	dim2 meng4	點名
8472	二十、文化教育（2）教室、文具/有	到	到	tu33	du3	有（被點名的時候喊的）
8473	二十、文化教育（2）教室、文具/起立	立正	立正	lɐp2 tʃeŋ33	lap6 zing3	起立
8474	二十、文化教育（2）教室、文具/上課	上課	上课	ʃœŋ24 kʰɔ33	soeng5 ko3	上課
8475	二十、文化教育（2）教室、文具/下課	落課	落课	lɔk2 kʰɔ33	lok6 ko3	下課
8476	二十、文化教育（2）教室、文具/講臺	講臺	讲台	kɔŋ35 tʰɔi21	gong2 toi4	講臺
8477	二十、文化教育（2）教室、文具/第一排	第一排	第一排	tɐi22 jɐt5 pʰai21	dai6 jat1 paai4	第一排
8478	二十、文化教育（2）教室、文具/後排	後排	后排	hɐu22 pʰai21	hau6 paai4	後排1
8479	二十、文化教育（2）教室、文具/後排	最蔑一排	最蔑一排	tʃui33 mɛt5 a55 pʰai21	zui3 met1 aa1 paai4	後排2
8480	二十、文化教育（2）教室、文具/教鞭	教鞭	教鞭	kɛu33 pin55	geu3 bin1	教鞭
8481	二十、文化教育（2）教室、文具/黑板	黑板	黑板	hɐk5 pan35	hak1 baan2	黑板
8482	二十、文化教育（2）教室、文具/粉筆	粉筆	粉笔	fɐn35 pɐt5	fan2 bat1	粉筆
8483	二十、文化教育（2）教室、文具/板擦兒	粉筆擦	粉笔擦	fɐn35 pɐt5 tʃʰat3	fan2 bat1 caat3	板擦兒1
8484	二十、文化教育（2）教室、文具/板擦兒	黑板擦	黑板擦	hɐk5 pan35 tʃʰat3	hak1 baan2 caat3	板擦兒2
8485	二十、文化教育（2）教室、文具/點名冊	花名冊	花名册	fa55 mɛŋ21 tʃʰak3	faa1 meng4 caak3	點名冊1
8486	二十、文化教育（2）教室、文具/點名冊	點名冊	点名册	tim35 mɛŋ21 tʃʰak3	dim2 meng4 caak3	點名冊2
8487	二十、文化教育（2）教室、文具/記分冊	記分冊	记分册	ki33 fɐn55 tʃʰak3	gi3 fan1 caak3	記分冊
8488	二十、文化教育（2）教室、文具/戒尺	戒尺	戒尺	kai33 tʃʰɛk3	gaai3 cek3	戒尺1
8489	二十、文化教育（2）教室、文具/戒尺	間尺	间尺	kan33 tʃʰɛk3	gaan3 cek3	戒尺2
8490	二十、文化教育（2）教室、文具/書包	書包	书包	ʃy55 pɛu55	syu1 beu1	書包1.1
8491	二十、文化教育（2）教室、文具/書包	書包	书包	ʃy55 pau55	syu1 baau1	書包1.2
8492	二十、文化教育（2）教室、文具/本子	簿	簿	pu22	bu6	本子
8493	二十、文化教育（2）教室、文具/筆記本	筆記簿	笔记簿	pɐt5 ki33 pu22	bat1 gi3 bu6	筆記本
8494	二十、文化教育（2）教室、文具/講義	講義	讲义	kɔŋ35 ji22	gong2 ji6	講義
8495	二十、文化教育（2）教室、文具/課本	書	书	ʃy55	syu1	課本1
8496	二十、文化教育（2）教室、文具/課本	課本	课本	kʰɔ33 pun35	ko3 bun2	課本2
8497	二十、文化教育（2）教室、文具/鉛筆	鉛筆	铅笔	jyn21 pɐt5	jyun4 bat1	鉛筆
8498	二十、文化教育（2）教室、文具/橡皮	膠擦	胶擦	kɛu55 tʃʰat3	geu1 caat3	橡皮
8499	二十、文化教育（2）教室、文具/膠水	膠水	胶水	kɛu55 ʃui35	geu1 sui2	膠水
8500	二十、文化教育（2）教室、文具/透明膠	透明膠	透明胶	tʰɐu33 meŋ21 kɛu55	tau3 ming4 geu1	透明膠
8501	二十、文化教育（2）教室、文具/雙面膠	雙面膠	双面胶	ʃœŋ55 min22 kɛu55	soeng1 min6 geu1	雙面膠
8502	二十、文化教育（2）教室、文具/不乾膠	不乾膠	不干胶	pɐt5 kɔn55 kɛu55	bat1 gon1 geu1	不乾膠
8503	二十、文化教育（2）教室、文具/萬能膠	萬能膠	万能胶	man22 nɐŋ21 kɛu55	maan6 nang4 geu1	萬能膠
8504	二十、文化教育（2）教室、文具/塗改液、修正液	塗改液	涂改液	tʰu21 kɔi35 jek2	tu4 goi2 jik6	塗改液1，修正液，通過白色液體覆寫
8505	二十、文化教育（2）教室、文具/塗改液、修正液	改正液	改正液	kɔi35 tʃeŋ33 jek2	goi2 zing3 jik6	塗改液2，修正液，通過白色液體覆寫
8506	二十、文化教育（2）教室、文具/修正帶	改正帶	改正带	kɔi35 tʃeŋ33 tai33	goi2 zing3 daai3	修正帶，通過白色固體粉帶覆寫
8507	二十、文化教育（2）教室、文具/修正貼、塗改紙	改正紙	改正纸	kɔi35 tʃeŋ33 tʃi35	goi2 zing3 zi2	修正貼、塗改紙，通過白色小方格貼紙覆寫
8508	二十、文化教育（2）教室、文具/筆盒	筆盒	笔盒	pɐt5 hɐp2	bat1 hap6	筆盒
8509	二十、文化教育（2）教室、文具/鉛筆刀	鉛筆鑽	铅笔钻	jyn21 pɐt5 tʃyn33	jyun4 bat1 zyun3	鉛筆刀，指旋着削的那種
8510	二十、文化教育（2）教室、文具/圓規	圓規	圆规	jyn21 kʷʰɐi55	jyun4 kwai1	圓規
8511	二十、文化教育（2）教室、文具/圖釘	撳釘	揿钉	kɐm22 tɛŋ55	gam6 deng1	圖釘
8512	二十、文化教育（2）教室、文具/三角板	三角板	三角板	ɬam55 kɔk3 pan35	slaam1 gok3 baan2	三角板
8513	二十、文化教育（2）教室、文具/鎮紙	鎮紙	镇纸	tʃɐn33 tʃi35	zan3 zi2	鎮紙
8514	二十、文化教育（2）教室、文具/作業簿	作業簿	作业簿	tʃɔk3 nip2 pu22	zok3 nip6 bu6	作業薄
8515	二十、文化教育（2）教室、文具/作文本	作文簿	作文簿	tʃɔk3 mɐn21 pu22	zok3 man4 bu6	作文本
8516	二十、文化教育（2）教室、文具/算術簿	算術簿	算术簿	ɬyn33 ʃɐt2 pu22	slyun3 sat6 bu6	算術簿1.1
8517	二十、文化教育（2）教室、文具/算術簿	算術簿	算术簿	ɬyn33 ɬɐt2 pu22	slyun3 slat6 bu6	算術簿1.2
8518	二十、文化教育（2）教室、文具/算術簿	算術簿	算术簿	ɬyn33 ɬyt2 pu22	slyun3 slyut6 bu6	算術簿1.3
8519	二十、文化教育（2）教室、文具/大字本	米字格簿	米字格簿	mɐi24 tʃi22 kak3 pu22	mai5 zi6 gaak3 bu6	大字本
8520	二十、文化教育（2）教室、文具/小字本	方格簿	方格簿	fɔŋ55 kak3 pu22	fong1 gaak3 bu6	小字本
8521	二十、文化教育（2）教室、文具/紅模子	描紅簿	描红簿	miu21 hʊŋ21 pu22	miu4 hung4 bu6	紅模子
8522	二十、文化教育（2）教室、文具/便條	方勝	方胜	fɔŋ55 ʃeŋ33	fong1 sing3	便條1，舊稱，「勝」避諱「書/輸」
8523	二十、文化教育（2）教室、文具/便條	方書	方书	fɔŋ55 ʃy55	fong1 syu1	便條2，舊稱
8524	二十、文化教育（2）教室、文具/砂紙	砂紙	砂纸	ʃa55 tʃi35	saa1 zi2	砂紙
8525	二十、文化教育（2）教室、文具/宣紙	宣紙	宣纸	ɬyn55 tʃi35	slyun1 zi2	宣紙
8526	二十、文化教育（2）教室、文具/滲	滲	渗	tʃʰɐm33	cam3	滲1.1，指墨水透過紙
8527	二十、文化教育（2）教室、文具/滲	滲	渗	tʃʰɐm24	cam5	滲1.2，指墨水透過紙
8528	二十、文化教育（2）教室、文具/吸墨水	欶墨水	欶墨水	ʃɔk3 mɐk2 ʃui35	sok3 mak6 sui2	吸墨水
8529	二十、文化教育（2）教室、文具/蘸水	點水	点水	tim35 ʃui35	dim2 sui2	蘸水
8530	二十、文化教育（2）教室、文具/鋼筆	鋼筆	钢笔	kɔŋ33 pɐt5	gong3 bat1	鋼筆1.1
8531	二十、文化教育（2）教室、文具/鋼筆	鋼筆	钢笔	kɔŋ55 pɐt5	gong1 bat1	鋼筆1.2
8532	二十、文化教育（2）教室、文具/鋼筆	水筆	水笔	ʃui35 pɐt5	sui2 bat1	鋼筆2
8533	二十、文化教育（2）教室、文具/蘸水鋼筆	點水筆	点水笔	tim35 ʃui35 pɐt5	dim2 sui2 bat1	蘸水鋼筆
8534	二十、文化教育（2）教室、文具/鋼筆尖	筆尖	笔尖	pɐt5 tʃim55	bat1 zim1	鋼筆尖
8535	二十、文化教育（2）教室、文具/圓珠筆	原子筆	原子笔	jyn21 tʃi35 pɐt5	jyun4 zi2 bat1	圓珠筆1.1
8536	二十、文化教育（2）教室、文具/圓珠筆	原子筆	原子笔	jyn21 tsɿ35 pɐt5	jyun4 zy2 bat1	圓珠筆1.2
8537	二十、文化教育（2）教室、文具/毛筆	毛筆	毛笔	mu21 pɐt5	mu4 bat1	毛筆
8538	二十、文化教育（2）教室、文具/筆桿	筆桿	笔杆	pɐt5 kɔn35	bat1 gon2	筆桿兒
8539	二十、文化教育（2）教室、文具/筆鋒	筆鋒	笔锋	pɐt5 fʊŋ55	bat1 fung1	筆鋒
8540	二十、文化教育（2）教室、文具/筆帽	筆錔	笔錔	pɐt5 tʰap3	bat1 taap3	筆帽1，毛筆帽
8541	二十、文化教育（2）教室、文具/筆帽	筆筒套	笔筒套	pɐt5 tʰʊŋ21 tʰu33	bat1 tung4 tu3	筆帽2，鋼筆帽
8542	二十、文化教育（2）教室、文具/筆筒	筆筒	笔筒	pɐt5 tʰʊŋ21	bat1 tung4	筆筒
8543	二十、文化教育（2）教室、文具/套上、套住	錔	錔	tʰɐp5	tap1	套上、套住
8544	二十、文化教育（2）教室、文具/硯臺	墨硯	墨砚	mɐk2 jin22	mak6 jin6	硯臺1
8545	二十、文化教育（2）教室、文具/硯臺	墨盤	墨盘	mɐk2 pʰun21	mak6 pun4	硯臺2
8546	二十、文化教育（2）教室、文具/研墨	磨墨	磨墨	mɔ21 mɐk2	mo4 mak6	研墨1
8547	二十、文化教育（2）教室、文具/研墨	研墨	研墨	ŋɛn21 mɐk2	ngen4 mak6	研墨2
8548	二十、文化教育（2）教室、文具/墨盒兒	墨盒	墨盒	mɐk2 hɐp2	mak6 hap6	墨盒兒
8549	二十、文化教育（2）教室、文具/墨	墨	墨	mɐk2	mak6	墨
8550	二十、文化教育（2）教室、文具/墨汁	墨汁	墨汁	mɐk2 tʃɐp5	mak6 zap1	墨汁，毛筆用的
8551	二十、文化教育（2）教室、文具/掭筆	掭筆	掭笔	tʰim35 pɐt5	tim2 bat1	掭筆
8552	二十、文化教育（2）教室、文具/墨水兒	墨水	墨水	mɐk2 ʃui35	mak6 sui2	墨水兒1，鋼筆用的
8553	二十、文化教育（2）教室、文具/墨水兒	鋼筆水	钢笔水	kɔŋ33 pɐt5 ʃui35	gong3 bat1 sui2	墨水兒2.1，鋼筆用的
8554	二十、文化教育（2）教室、文具/墨水兒	鋼筆水	钢笔水	kɔŋ55 pɐt5 ʃui35	gong1 bat1 sui2	墨水兒2.2，鋼筆用的
8555	二十、文化教育（2）教室、文具/藍黑墨水	藍黑	蓝黑	lam21 hɐk5	laam4 hak1	藍黑墨水
8556	二十、文化教育（2）教室、文具/純藍墨水	純藍	纯蓝	ʃɐn21 lam21	san4 laam4	純藍墨水1.1
8557	二十、文化教育（2）教室、文具/純藍墨水	純藍	纯蓝	ɬɐn21 lam21	slan4 laam4	純藍墨水1.2
8558	二十、文化教育（2）教室、文具/純藍墨水	純藍	纯蓝	ʃyn21 lam21	syun4 laam4	純藍墨水1.3
8559	二十、文化教育（2）教室、文具/純藍墨水	純藍	纯蓝	ɬyn21 lam21	slyun4 laam4	純藍墨水1.4
8560	二十、文化教育（2）教室、文具/蠟筆	蠟筆	蜡笔	lap2 pɐt5	laap6 bat1	蠟筆
8561	二十、文化教育（2）教室、文具/水彩	水彩	水彩	ʃui35 tʃʰɔi35	sui2 coi2	水彩
8562	二十、文化教育（2）教室、文具/石筆	石筆	石笔	ʃɛk2 pɐt5	sek6 bat1	石筆
8563	二十、文化教育（2）教室、文具/石板	石板	石板	ʃɛk2 pan35	sek6 baan2	石板
8564	二十、文化教育（2）教室、文具/墊板	墊板	垫板	tim22 pan35	dim6 baan2	墊板
8565	二十、文化教育（3）讀書識字/讀書人	讀書人	读书人	tʊk2 ʃy55 jɐn21	duk6 syu1 jan4	讀書人1
8566	二十、文化教育（3）讀書識字/讀書人	文化人	文化人	mɐn21 fa33 jɐn21	man4 faa3 jan4	讀書人2
8567	二十、文化教育（3）讀書識字/讀書人	書生	书生	ʃy55 ʃaŋ55	syu1 saang1	讀書人3
8568	二十、文化教育（3）讀書識字/知書識墨	知書識墨	知书识墨	tʃi55 ʃy55 ʃek5 mɐk2	zi1 syu1 sik1 mak6	知書識墨，指有文化
8569	二十、文化教育（3）讀書識字/識字的	讀書人	读书人	tʊk2 ʃy55 jɐn21	duk6 syu1 jan4	識字的1
8570	二十、文化教育（3）讀書識字/識字的	識字嘅	识字嘅	ʃek5 tʃi22 kɛ33	sik1 zi6 ge3	識字的2
8571	二十、文化教育（3）讀書識字/識字的	識字嘅	识字嘅	ʃek5 tsɿ22 kɛ33	sik1 zy6 ge3	識字的3
8572	二十、文化教育（3）讀書識字/不識字的	文盲	文盲	mɐn21 maŋ21	man4 maang4	不識字的1
8573	二十、文化教育（3）讀書識字/不識字的	盲頭蟲	盲头虫	maŋ21 tʰɐu21 tʃʰʊŋ21	maang4 tau4 cung4	不識字的2
8574	二十、文化教育（3）讀書識字/讀書	讀書	读书	tʊk2 ʃy55	duk6 syu1	讀書
8575	二十、文化教育（3）讀書識字/用功讀書	𠜱書	𠜱书	mɐi55 ʃy55	mai1 syu1	用功讀書
8576	二十、文化教育（3）讀書識字/用心	畀心機	畀心机	pi35 ɬɐm55 ki55	bi2 slam1 gi1	用心1，～讀書
8577	二十、文化教育（3）讀書識字/用心	落心機	落心机	lɔk2 ɬɐm55 ki55	lok6 slam1 gi1	用心2，～讀書
8578	二十、文化教育（3）讀書識字/溫書	溫習	温习	wɐn55 tʃɐp2	wan1 zap6	溫書1
8579	二十、文化教育（3）讀書識字/溫書	複習	复习	fʊk5 tʃɐp2	fuk1 zap6	溫書2
8580	二十、文化教育（3）讀書識字/背書	背書	背书	pui22 ʃy55	bui6 syu1	背書
8581	二十、文化教育（3）讀書識字/默書	默書	默书	mɐk2 ʃy55	mak6 syu1	默書1
8582	二十、文化教育（3）讀書識字/默書	默寫	默写	mɐk2 ɬɛ35	mak6 sle2	默書2
8583	二十、文化教育（3）讀書識字/聽寫	聽寫	听写	tʰɛŋ55 ɬɛ35	teng1 sle2	聽寫
8584	二十、文化教育（3）讀書識字/造句	造句	造句	tʃu22 ky33	zu6 gyu3	造句
8585	二十、文化教育（3）讀書識字/開蒙	開蒙	开蒙	hɔi55 mʊŋ21	hoi1 mung4	開蒙
8586	二十、文化教育（3）讀書識字/蒙學	蒙學	蒙学	mʊŋ21 hɔk2	mung4 hok6	蒙學
8587	二十、文化教育（3）讀書識字/三字經	三字經	三字经	ɬam55 tʃi22 keŋ55	slaam1 zi6 ging1	三字經
8588	二十、文化教育（3）讀書識字/千字文	千字文	千字文	tʃʰin55 tʃi22 mɐn21	cin1 zi6 man4	千字文
8589	二十、文化教育（3）讀書識字/增廣	增廣	增广	tʃɐŋ55 kɔŋ35	zang1 gong2	增廣
8590	二十、文化教育（3）讀書識字/增廣賢文	增廣賢文	增广贤文	tʃɐŋ55 kɔŋ35 jin21 mɐn21	zang1 gong2 jin4 man4	增廣賢文
8591	二十、文化教育（3）讀書識字/百家姓	百家姓	百家姓	pak3 ka55 ɬeŋ33	baak3 gaa1 sling3	百家姓
8592	二十、文化教育（3）讀書識字/幼學瓊林	幼學瓊林	幼学琼林	jɐu33 hɔk2 kʰeŋ21 lɐm21	jau3 hok6 king4 lam4	幼學瓊林
8593	二十、文化教育（3）讀書識字/語文	語文	语文	jy24 mɐn21	jyu5 man4	語文
8594	二十、文化教育（3）讀書識字/算術	算術	算术	ɬyn33 ʃɐt2	slyun3 sat6	算術1.1
8595	二十、文化教育（3）讀書識字/算術	算術	算术	ɬyn33 ɬɐt2	slyun3 slat6	算術1.2
8596	二十、文化教育（3）讀書識字/算術	算術	算术	ɬyn33 ɬyt2	slyun3 slyut6	算術1.3
8597	二十、文化教育（3）讀書識字/生字	生字	生字	ʃaŋ55 tʃi22	saang1 zi6	生字
8598	二十、文化教育（3）讀書識字/作文	作文	作文	tʃɔk3 mɐn21	zok3 man4	作文
8599	二十、文化教育（3）讀書識字/日記	日記	日记	jɐt2 ki33	jat6 gi3	日記
8600	二十、文化教育（3）讀書識字/週記	週記	周记	tʃɐu55 ki33	zau1 gi3	週記
8601	二十、文化教育（3）讀書識字/報考	報考	报考	pu33 hau35	bu3 haau2	報考1
8602	二十、文化教育（3）讀書識字/報考	報名	报名	pu33 mɛŋ21	bu3 meng4	報考2
8603	二十、文化教育（3）讀書識字/考場	試場	试场	ʃi33 tʃʰœŋ21	si3 coeng4	考場1.1
8604	二十、文化教育（3）讀書識字/考場	試場	试场	ʃi24 tʃʰœŋ21	si5 coeng4	考場1.2
8605	二十、文化教育（3）讀書識字/考場	考場	考场	hau35 tʃʰœŋ21	haau2 coeng4	考場2
8606	二十、文化教育（3）讀書識字/入場	入場	入场	jɐp2 tʃʰœŋ21	jap6 coeng4	入場1，進考場
8607	二十、文化教育（3）讀書識字/入場	落場	落场	lɔk2 tʃʰœŋ21	lok6 coeng4	入場2，進考場
8608	二十、文化教育（3）讀書識字/入場	落考場	落考场	lɔk2 hau35 tʃʰœŋ21	lok6 haau2 coeng4	入場3，進考場
8609	二十、文化教育（3）讀書識字/考試	考試	考试	hau35 ʃi24	haau2 si5	考試1.2
8610	二十、文化教育（3）讀書識字/考試	考試	考试	hau35 ʃi33	haau2 si3	考試1.1
8611	二十、文化教育（3）讀書識字/段考	段考	段考	tyn22 hau35	dyun6 haau2	段考
8612	二十、文化教育（3）讀書識字/期考	期考	期考	kʰi21 hau35	ki4 haau2	期考
8613	二十、文化教育（3）讀書識字/考卷	試卷	试卷	ʃi33 kyn35	si3 gyun2	考卷1.1
8614	二十、文化教育（3）讀書識字/考卷	試卷	试卷	ʃi24 kyn35	si5 gyun2	考卷1.2
8615	二十、文化教育（3）讀書識字/出題	出題	出题	tʃʰyt5 tʰɐi21	cyut1 tai4	出題
8616	二十、文化教育（3）讀書識字/交頭卷	交頭卷	交头卷	kɛu55 tʰɐu21 kyn35	geu1 tau4 gyun2	交頭卷
8617	二十、文化教育（3）讀書識字/交白卷	交白卷	交白卷	kɛu55 pak2 kyn35	geu1 baak6 gyun2	交白卷
8618	二十、文化教育（3）讀書識字/評卷子	睇卷	睇卷	tʰɐi35 kyn35	tai2 gyun2	評卷子1
8619	二十、文化教育（3）讀書識字/評卷子	改卷	改卷	kɔi35 kyn35	goi2 gyun2	評卷子2
8620	二十、文化教育（3）讀書識字/滿分	滿分	满分	mun24 fɐn55	mun5 fan1	滿分1
8621	二十、文化教育（3）讀書識字/滿分	五分	五分	ŋ̍24 fɐn55	ng5 fan1	滿分2
8622	二十、文化教育（3）讀書識字/滿分	一百分	一百分	a55 pak3 fɐn55	aa1 baak3 fan1	滿分3.1
8623	二十、文化教育（3）讀書識字/滿分	一百分	一百分	jɐt5 pak3 fɐn55	jat1 baak3 fan1	滿分3.2
8624	二十、文化教育（3）讀書識字/零分	零蛋	零蛋	leŋ21 tan22	ling4 daan6	零分1
8625	二十、文化教育（3）讀書識字/零分	鴨蛋	鸭蛋	ap3 tan22	aap3 daan6	零分2
8626	二十、文化教育（3）讀書識字/交叉	交叉	交叉	kɛu55 tʃʰa55	geu1 caa1	交叉1.1
8627	二十、文化教育（3）讀書識字/交叉	交叉	交叉	kʰɛu55 tʃʰa55	keu1 caa1	交叉1.2
8628	二十、文化教育（3）讀書識字/發榜	出榜	出榜	tʃʰyt5 pɔŋ35	cyut1 bong2	發榜
8629	二十、文化教育（3）讀書識字/頭名	第一名	第一名	tɐi22 jɐt5 meŋ21	dai6 jat1 ming4	頭名1
8630	二十、文化教育（3）讀書識字/頭名	頭一名	头一名	tʰɐu21 a55 mɛŋ21	tau4 aa1 meng4	頭名2
8631	二十、文化教育（3）讀書識字/頭名	頭騎	头骑	tʰɐu21 kɛ22	tau4 ge6	頭名3
8632	二十、文化教育（3）讀書識字/末名	最蔑	最蔑	tʃui33 mɛt5	zui3 met1	末名1
8633	二十、文化教育（3）讀書識字/末名	墊底	垫底	tim22 tɐi35	dim6 dai2	末名2
8634	二十、文化教育（3）讀書識字/末名	墊䐁	垫䐁	tim22 tʊk5	dim6 duk1	末名3
8635	二十、文化教育（3）讀書識字/末名	蔑蔑屎	蔑蔑屎	mɛt5 mɛt5 ʃi35	met1 met1 si2	末名4
8636	二十、文化教育（3）讀書識字/末名	蔑名	蔑名	mɛt5 meŋ21	met1 ming4	末名5
8637	二十、文化教育（3）讀書識字/末名	蔑騎	蔑骑	mɛt5 kɛ22	met1 ge6	末名6
8638	二十、文化教育（3）讀書識字/考取	考得	考得	hau35 tɐk5	haau2 dak1	考取1
8639	二十、文化教育（3）讀書識字/考取	考上	考上	hau35 ʃœŋ24	haau2 soeng5	考取2
8640	二十、文化教育（3）讀書識字/考掉了	冇考得	冇考得	mu24 hau35 tɐk5	mu5 haau2 dak1	考掉了1
8641	二十、文化教育（3）讀書識字/考掉了	考冇上	考冇上	hau35 mu24 ʃœŋ24	haau2 mu5 soeng5	考掉了2
8642	二十、文化教育（3）讀書識字/畢業	畢業	毕业	pɐt5 nip2	bat1 nip6	畢業
8643	二十、文化教育（3）讀書識字/肄業	肄業	肄业	ji22 nip2	ji6 nip6	肄業1
8644	二十、文化教育（3）讀書識字/肄業	結業	结业	kit3 nip2	git3 nip6	肄業2
8645	二十、文化教育（3）讀書識字/文憑	文憑	文凭	mɐn21 pʰɐŋ21	man4 pang4	文憑1
8646	二十、文化教育（3）讀書識字/文憑	證書	证书	tʃeŋ33 ʃy55	zing3 syu1	文憑2
8647	二十、文化教育（4）寫字/大楷	大楷	大楷	tai22 kai55	daai6 gaai1	大楷1.1
8648	二十、文化教育（4）寫字/大楷	大楷	大楷	tai22 kʰai35	daai6 kaai2	大楷1.2
8649	二十、文化教育（4）寫字/小楷	細楷	细楷	ɬɐi33 kai55	slai3 gaai1	小楷1.1
8650	二十、文化教育（4）寫字/小楷	細楷	细楷	ɬɐi33 kʰai35	slai3 kaai2	小楷1.2
8651	二十、文化教育（4）寫字/字帖	字帖	字帖	tʃi22 tʰip3	zi6 tip3	字帖1.1
8652	二十、文化教育（4）寫字/字帖	字帖	字帖	tsɿ22 tʰip3	zy6 tip3	字帖1.2
8653	二十、文化教育（4）寫字/描紅	描紅	描红	miu21 hʊŋ21	miu4 hung4	描紅
8654	二十、文化教育（4）寫字/臨帖	臨帖	临帖	lɐm21 tʰip3	lam4 tip3	臨帖
8655	二十、文化教育（4）寫字/塗了	塗開	涂开	tʰu21 hɔi55	tu4 hoi1	塗了
8656	二十、文化教育（3）讀書識字/寫大字	寫大字	写大字	ɬɛ35 tai22 tʃi22	sle2 daai6 zi6	寫大字1.1
8657	二十、文化教育（3）讀書識字/寫大字	寫大字	写大字	ɬɛ35 tai22 tsɿ22	sle2 daai6 zy6	寫大字1.2
8658	二十、文化教育（4）寫字/寫白字	寫別字	写别字	ɬɛ35 pit2 tʃi22	sle2 bit6 zi6	寫白字1.1
8659	二十、文化教育（4）寫字/寫白字	寫別字	写别字	ɬɛ35 pit2 tsɿ22	sle2 bit6 zy6	寫白字1.2
8660	二十、文化教育（4）寫字/寫白字	寫白字	写白字	ɬɛ35 pak2 tʃi22	sle2 baak6 zi6	寫白字2.1
8661	二十、文化教育（4）寫字/寫白字	寫白字	写白字	ɬɛ35 pak2 tsɿ22	sle2 baak6 zy6	寫白字2.2
8662	二十、文化教育（4）寫字/掉字	漏字	漏字	lɐu22 tʃi22	lau6 zi6	掉字1.1
8663	二十、文化教育（4）寫字/掉字	漏字	漏字	lɐu22 tsɿ22	lau6 zy6	掉字1.2
8664	二十、文化教育（4）寫字/草稿	草稿	草稿	tʃʰu35 ku35	cu2 gu2	草稿
8665	二十、文化教育（4）寫字/起稿子	打草稿	打草稿	ta35 tʃʰu35 ku35	daa2 cu2 gu2	起稿子
8666	二十、文化教育（4）寫字/謄清	抄	抄	tʃʰɛu55	ceu1	謄清1
8667	二十、文化教育（4）寫字/謄清	謄清	誊清	tʰɐŋ21 tʃʰeŋ55	tang4 cing1	謄清2
8668	二十、文化教育（4）寫字/謄清	抄正	抄正	tʃʰɛu55 tʃeŋ33	ceu1 zing3	謄清3.1
8669	二十、文化教育（4）寫字/謄清	抄正	抄正	tʃʰau55 tʃeŋ33	caau1 zing3	謄清3.2
8670	二十、文化教育（4）寫字/一點	一點	一点	jɐt5 tim35	jat1 dim2	一點1.1
8671	二十、文化教育（4）寫字/一點	一點	一点	a55 tim35	aa1 dim2	一點1.2
8672	二十、文化教育（4）寫字/一橫	一橫	一横	jɐt5 waŋ21	jat1 waang4	一橫1.1
8673	二十、文化教育（4）寫字/一橫	一橫	一横	a55 waŋ21	aa1 waang4	一橫1.2
8674	二十、文化教育（4）寫字/一豎	一直	一直	jɐt5 tʃek2	jat1 zik6	一豎1.1
8675	二十、文化教育（4）寫字/一豎	一直	一直	a55 tʃek2	aa1 zik6	一豎1.2
8676	二十、文化教育（4）寫字/一撇	一撇	一撇	jɐt5 pʰit3	jat1 pit3	一撇1.1
8677	二十、文化教育（4）寫字/一撇	一撇	一撇	a55 pʰit3	aa1 pit3	一撇1.2
8678	二十、文化教育（4）寫字/一捺	一捺	一捺	jɐt5 nat3	jat1 naat3	一捺1.1
8679	二十、文化教育（4）寫字/一捺	一捺	一捺	a55 nat3	aa1 naat3	一捺1.2
8680	二十、文化教育（4）寫字/一勾	一勾	一勾	jɐt5 ŋɐu55	jat1 ngau1	一勾1.1
8681	二十、文化教育（4）寫字/一勾	一勾	一勾	a55 ŋɐu55	aa1 ngau1	一勾1.2
8682	二十、文化教育（4）寫字/一挑	一趯	一趯	jɐt5 tʰɛk3	jat1 tek3	一挑1.1
8683	二十、文化教育（4）寫字/一挑	一趯	一趯	a55 tʰɛk3	aa1 tek3	一挑1.2
8684	二十、文化教育（4）寫字/一畫	一畫	一画	jɐt5 wak2	jat1 waak6	一畫1.1（王字是四畫）
8685	二十、文化教育（4）寫字/一畫	一畫	一画	a55 wak2	aa1 waak6	一畫1.2（王字是四畫）
8686	二十、文化教育（4）寫字/一畫	一筆	一笔	jɐt5 pɐt5	jat1 bat1	一畫2.1（王字是四畫）
8687	二十、文化教育（4）寫字/一畫	一筆	一笔	a55 pɐt5	aa1 bat1	一畫2.2（王字是四畫）
8688	二十、文化教育（4）寫字/一筆畫完	一筆過	一笔过	jɐt5 pɐt5 kɔ33	jat1 bat1 go3	一筆畫完2.1
8689	二十、文化教育（4）寫字/一筆畫完	一筆過	一笔过	a55 pɐt5 kɔ33	aa1 bat1 go3	一筆畫完2.2
8690	二十、文化教育（4）寫字/偏旁兒	邊旁	边旁	pin55 pʰɔŋ21	bin1 pong4	偏旁兒1
8691	二十、文化教育（4）寫字/偏旁兒	偏旁	偏旁	pʰin55 pʰɔŋ21	pin1 pong4	偏旁兒2
8692	二十、文化教育（4）寫字/立人兒（亻）	單人旁	单人旁	tan55 jɐn21 pʰɔŋ21	daan1 jan4 pong4	立人兒1（亻），單人旁
8693	二十、文化教育（4）寫字/立人兒（亻）	單人邊	单人边	tan55 jɐn21 pin55	daan1 jan4 bin1	立人兒2（亻），單人旁
8694	二十、文化教育（4）寫字/雙立人兒（彳）	雙人旁	双人旁	ʃœŋ55 jɐn21 pʰɔŋ21	soeng1 jan4 pong4	雙立人兒1（彳），雙人旁
8695	二十、文化教育（4）寫字/雙立人兒（彳）	雙人邊	双人边	ʃœŋ55 jɐn21 pin55	soeng1 jan4 bin1	雙立人兒2（彳），雙人旁
8696	二十、文化教育（4）寫字/臥人兒（𠆢）	人字頭	人字头	jɐn21 tʃi22 tʰɐu21	jan4 zi6 tau4	臥人兒1.1（𠆢），人字頭
8697	二十、文化教育（4）寫字/臥人兒（𠆢）	人字頭	人字头	jɐn21 tsɿ22 tʰɐu21	jan4 zy6 tau4	臥人兒1.2（𠆢），人字頭
8698	二十、文化教育（4）寫字/彎弓張	弓長張	弓长张	kʊŋ55 tʃʰœŋ21 tʃœŋ55	gung1 coeng4 zoeng1	彎弓張
8699	二十、文化教育（4）寫字/立早章	立早章	立早章	lɐp2 tʃu35 tʃœŋ55	lap6 zu2 zoeng1	立早章
8700	二十、文化教育（4）寫字/四框欄兒（囗）	四方框	四方框	ɬi33 fɔŋ55 kʷʰaŋ55	sli3 fong1 kwaang1	四框欄兒1（囗）
8701	二十、文化教育（4）寫字/四框欄兒（囗）	四方廓	四方廓	ɬi33 fɔŋ55 kʷʰak3	sli3 fong1 kwaak3	四框欄兒2（囗）
8702	二十、文化教育（4）寫字/四框欄兒（囗）	四框啷	四框啷	ɬi33 kʷʰaŋ55 laŋ55	sli3 kwaang1 laang1	四框欄兒3（囗）
8703	二十、文化教育（4）寫字/寶蓋兒（宀）	寶蓋頭	宝盖头	pu35 kɔi33 tʰɐu21	bu2 goi3 tau4	寶蓋兒（宀）
8704	二十、文化教育（4）寫字/禿寶蓋兒（冖）	寶蓋頭	宝盖头	pu35 kɔi33 tʰɐu21	bu2 goi3 tau4	禿寶蓋兒（冖）
8705	二十、文化教育（4）寫字/豎心旁（忄）	豎心邊	竖心边	ʃy22 ɬɐm55 pin55	syu6 slam1 bin1	豎心旁1（忄）
8706	二十、文化教育（4）寫字/豎心旁（忄）	豎心旁	竖心旁	ʃy22 ɬɐm55 pʰɔŋ21	syu6 slam1 pong4	豎心旁2（忄）
8707	二十、文化教育（4）寫字/反犬旁（犭）	狗爪邊	狗爪边	kɐu35 tʃɛu35 pin55	gau2 zeu2 bin1	反犬旁1.1（犭）
8708	二十、文化教育（4）寫字/反犬旁（犭）	狗爪邊	狗爪边	kɐu35 tʃau35 pin55	gau2 zaau2 bin1	反犬旁1.2（犭）
8709	二十、文化教育（4）寫字/單耳刀兒（卩）	耳朵邊	耳朵边	ji24 tɔ35 pin55	ji5 do2 bin1	單耳刀兒1（卩）
8710	二十、文化教育（4）寫字/單耳刀兒（卩）	右耳邊	右耳边	jɐu22 ji24 pin55	jau6 ji5 bin1	單耳刀兒2（卩）
8711	二十、文化教育（4）寫字/單耳刀兒（卩）	右耳旁	右耳旁	jɐu22 ji24 pʰɔŋ21	jau6 ji5 pong4	單耳刀兒3（卩）
8712	二十、文化教育（4）寫字/雙耳刀兒（阝）	耳朵旁	耳朵旁	ji24 tɔ35 pʰɔŋ21	ji5 do2 pong4	雙耳刀兒1（阝）
8713	二十、文化教育（4）寫字/雙耳刀兒（阝）	耳朵邊	耳朵边	ji24 tɔ35 pin55	ji5 do2 bin1	雙耳刀兒2（阝）
8714	二十、文化教育（4）寫字/反文旁（攵）	反文旁	反文旁	fan35 mɐn21 pʰɔŋ21	faan2 man4 pong4	反文旁1（攵）
8715	二十、文化教育（4）寫字/反文旁（攵）	反文邊	反文边	fan35 mɐn21 pin55	faan2 man4 bin1	反文旁2（攵）
8716	二十、文化教育（4）寫字/斜玉兒	王字邊	王字边	wɔŋ21 tʃi22 pin55	wong4 zi6 bin1	斜玉兒1.1
8717	二十、文化教育（4）寫字/斜玉兒	王字邊	王字边	wɔŋ21 tsɿ22 pin55	wong4 zy6 bin1	斜玉兒1.2
8718	二十、文化教育（4）寫字/斜玉兒	王字旁	王字旁	wɔŋ21 tʃi22 pʰɔŋ21	wong4 zi6 pong4	斜玉兒2.1
8719	二十、文化教育（4）寫字/斜玉兒	王字旁	王字旁	wɔŋ21 tsɿ22 pʰɔŋ21	wong4 zy6 pong4	斜玉兒2.2
8720	二十、文化教育（4）寫字/提土旁	土字邊	土字边	tʰu35 tʃi22 pin55	tu2 zi6 bin1	提土旁1.1
8721	二十、文化教育（4）寫字/提土旁	土字邊	土字边	tʰu35 tsɿ22 pin55	tu2 zy6 bin1	提土旁1.2
8722	二十、文化教育（4）寫字/提土旁	趯土旁	趯土旁	tʰɛk3 tʰu35 pʰɔŋ21	tek3 tu2 pong4	提土旁2.1
8723	二十、文化教育（4）寫字/提土旁	趯土邊	趯土边	tʰɛk3 tʰu35 pin55	tek3 tu2 bin1	提土旁2.2
8724	二十、文化教育（4）寫字/竹字頭兒	竹字頭	竹字头	tʃʊk5 tʃi22 tʰɐu21	zuk1 zi6 tau4	竹字頭兒1.1
8725	二十、文化教育（4）寫字/竹字頭兒	竹字頭	竹字头	tʃʊk5 tsɿ22 tʰɐu21	zuk1 zy6 tau4	竹字頭兒1.2
8726	二十、文化教育（4）寫字/火字旁	火字邊	火字边	fɔ35 tʃi22 pin55	fo2 zi6 bin1	火字旁1.1
8727	二十、文化教育（4）寫字/火字旁	火字邊	火字边	fɔ35 tsɿ22 pin55	fo2 zy6 bin1	火字旁1.2
8728	二十、文化教育（4）寫字/四點（灬）	四點水	四点水	ɬi33 tim35 ʃui35	sli3 dim2 sui2	四點（灬）
8729	二十、文化教育（4）寫字/三點水兒（氵）	三點水	三点水	ɬam55 tim35 ʃui35	slaam1 dim2 sui2	三點水兒（氵）
8730	二十、文化教育（4）寫字/兩點水兒（冫）	兩點水	两点水	lœŋ24 tim35 ʃui35	loeng5 dim2 sui2	兩點水兒（冫）
8731	二十、文化教育（4）寫字/病旁兒（疒）	病字頭	病字头	pɛŋ22 tʃi22 tʰɐu21	beng6 zi6 tau4	病旁兒1.1（疒）
8732	二十、文化教育（4）寫字/病旁兒（疒）	病字頭	病字头	pɛŋ22 tsɿ22 tʰɐu21	beng6 zy6 tau4	病旁兒1.2（疒）
8733	二十、文化教育（4）寫字/走之兒（辶）	走之底	走之底	tʃɐu35 tʃi55 tɐi35	zau2 zi1 dai2	走之兒1（辶）
8734	二十、文化教育（4）寫字/走之兒（辶）	坐船底	坐船底	tʃʰɔ24 ʃyn21 tɐi35	co5 syun4 dai2	走之兒2（辶）
8735	二十、文化教育（4）寫字/絞絲旁（糹）	紐絲邊	纽丝边	nɐu35 ʃi55 pin55	nau2 si1 bin1	絞絲旁1.1（糹）
8736	二十、文化教育（4）寫字/絞絲旁（糹）	紐絲邊	纽丝边	nɐu35 sɿ55 pin55	nau2 sy1 bin1	絞絲旁1.2（糹）
8737	二十、文化教育（4）寫字/衣字旁（衤）	衣字邊	衣字边	ji55 tʃi22 pin55	ji1 zi6 bin1	衣字旁1.1（衤）
8738	二十、文化教育（4）寫字/衣字旁（衤）	衣字邊	衣字边	ji55 tsɿ22 pin55	ji1 zy6 bin1	衣字旁1.2（衤）
8739	二十、文化教育（4）寫字/提手旁（扌）	趯手旁	趯手旁	tʰɛk3 ʃɐu35 pʰɔŋ21	tek3 sau2 pong4	提手旁1（扌）
8740	二十、文化教育（4）寫字/提手旁（扌）	趯手邊	趯手边	tʰɛk3 ʃɐu35 pin55	tek3 sau2 bin1	提手旁2（扌）
8741	二十、文化教育（4）寫字/草字頭（艹）	草字頭	草字头	tʃʰu35 tʃi22 tʰɐu21	cu2 zi6 tau4	草字頭1.1（艹）
8742	二十、文化教育（4）寫字/草字頭（艹）	草字頭	草字头	tʃʰu35 tsɿ22 tʰɐu21	cu2 zy6 tau4	草字頭1.2（艹）
8743	二十、文化教育（4）寫字/草字頭（艹）	二十頭	二十头	ji22 ʃɐp2 tʰɐu21	ji6 sap6 tau4	草字頭2（艹），舊字形像兩個十
8744	二十一、文體活動（1）遊戲、玩具/風箏	崖鷹	崖鹰	ŋa21 jeŋ55	ngaa4 jing1	風箏，俗作「牙鷹」
8745	二十一、文體活動（1）遊戲、玩具/放風箏	放崖鷹	放崖鹰	fɔŋ33 ŋa21 jeŋ55	fong3 ngaa4 jing1	放風箏，俗作「放牙鷹」
8746	二十一、文體活動（1）遊戲、玩具/捉迷藏	躲雞	躲鸡	tɔ35 kɐi55	do2 gai1	捉迷藏1.1（有些地區叫躲貓貓），統稱，玩法有兩種：躲人（躲雞）、蒙眼抓人（蒙雞），這裏以最常見的玩法之一統稱捉迷藏
8747	二十一、文體活動（1）遊戲、玩具/捉迷藏	躲雞	躲鸡	tɔ35 ki55	do2 gi1	捉迷藏1.2（有些地區叫躲貓貓），統稱，俗作「躲機」
8748	二十一、文體活動（1）遊戲、玩具/捉迷藏	躲蒙雞	躲蒙鸡	tɔ35 mʊŋ55 kɐi55	do2 mung1 gai1	捉迷藏2.1（有些地區叫躲貓貓），統稱，「躲雞」與「蒙雞」的統稱
8749	二十一、文體活動（1）遊戲、玩具/捉迷藏	躲蒙雞	躲蒙鸡	tɔ35 mʊŋ55 ki55	do2 mung1 gi1	捉迷藏2.2（有些地區叫躲貓貓），統稱，俗作「躲蒙機」
8750	二十一、文體活動（1）遊戲、玩具/躲雞（藏老蒙兒）	躲雞	躲鸡	tɔ35 kɐi55	do2 gai1	躲雞1.1（有些地區叫藏老蒙兒、伏匿匿、捉匿匿），捉迷藏的一種，尋找預先藏匿在某個角落的同伴
8751	二十一、文體活動（1）遊戲、玩具/躲雞（藏老蒙兒）	躲雞	躲鸡	tɔ35 ki55	do2 gi1	躲雞1.2（有些地區叫藏老蒙兒、伏匿匿、捉匿匿），俗作「躲機」
8752	二十一、文體活動（1）遊戲、玩具/蒙雞（捉盲盲）	蒙雞	蒙鸡	mʊŋ55 kɐi55	mung1 gai1	蒙雞1.1（有些地區叫捉盲盲、摸盲盲、捉伊人、摸瞎子），捉迷藏的一種，蒙着眼抓人
8753	二十一、文體活動（1）遊戲、玩具/蒙雞（捉盲盲）	蒙雞	蒙鸡	mʊŋ55 ki55	mung1 gi1	蒙雞1.2（有些地區叫捉盲盲、摸盲盲、捉伊人、摸瞎子），俗作「蒙機」
8754	二十一、文體活動（1）遊戲、玩具/蒙雞（捉盲盲）	耍蒙雞	耍蒙鸡	ʃa35 mʊŋ55 kɐi55	saa2 mung1 gai1	蒙雞2.1（有些地區叫捉盲盲、摸盲盲、捉伊人、摸瞎子）
8755	二十一、文體活動（1）遊戲、玩具/蒙雞（捉盲盲）	耍蒙雞	耍蒙鸡	ʃa35 mʊŋ55 ki55	saa2 mung1 gi1	蒙雞2.2（有些地區叫捉盲盲、摸盲盲、捉伊人、摸瞎子），俗作「耍蒙機」
8756	二十一、文體活動（1）遊戲、玩具/捉雞	捉雞	捉鸡	tʃɔk3 kɐi55	zok3 gai1	捉雞1.1，遊戲之一種，事先約定一處地方，順利跑到此地方而不被抓到者勝出，被抓到者則去抓人，直到抓到人替換自己，這是「躲雞」的變體玩法
8757	二十一、文體活動（1）遊戲、玩具/捉雞	捉雞	捉鸡	tʃɔk3 ki55	zok3 gi1	捉雞1.2
8758	二十一、文體活動（1）遊戲、玩具/暫停抓人	䂿停	䂿停	tɐm22 tʰeŋ21	dam6 ting4	暫停抓人，玩捉迷藏（指躲雞）時，躲藏者未被找到且快速跑回並觸摸到抓人者起始位置時喊的口令
8759	二十一、文體活動（1）遊戲、玩具/老鷹抓小雞	賣龍	卖龙	mai22 lʊŋ21	maai6 lung4	老鷹抓小雞
8760	二十一、文體活動（1）遊戲、玩具/手心手背	多數出	多数出	tɔ55 ʃu33 tʃʰyt5	do1 su3 cyut1	手心手背1，新派，三人及以上選人的遊戲，新派唱的童謠爲「多數出，少數出出出」
8761	二十一、文體活動（1）遊戲、玩具/手心手背	返屋單丁頭	返屋单丁头	fan55 ʊk5 tan55 tɛŋ55 tʰɐu21	faan1 uk1 daan1 deng1 tau4	手心手背2，老派，三人及以上選人的遊戲，老派唱的童謠爲「返屋單丁頭」或「翻覆翻丁少數出」
8762	二十一、文體活動（1）遊戲、玩具/踢毽子	踢燕	踢燕	tʰɛk3 jin35	tek3 jin2	踢毽子
8763	二十一、文體活動（1）遊戲、玩具/毽子	燕子	燕子	jin35 tʃi35	jin2 zi2	毽子1.1
8764	二十一、文體活動（1）遊戲、玩具/毽子	燕子	燕子	jin35 tsɿ35	jin2 zy2	毽子1.2
8765	二十一、文體活動（1）遊戲、玩具/抓子兒（抓石子或抓沙包）	執子	执子	tʃɐp5 tʃi35	zap1 zi2	抓子兒1.1（抓石子或抓沙包），用幾個小沙包或石子兒，扔起其一，做規定動作後再接住
8766	二十一、文體活動（1）遊戲、玩具/抓子兒（抓石子或抓沙包）	執子	执子	tʃɐp5 tsɿ35	zap1 zy2	抓子兒1.2（抓石子或抓沙包）
8767	二十一、文體活動（1）遊戲、玩具/彈珠	玻珠	玻珠	pɔ55 tʃy55	bo1 zyu1	彈珠，最常見的是玻璃彈珠
8768	二十一、文體活動（1）遊戲、玩具/打彈珠（彈球兒）	打玻珠	打玻珠	ta35 pɔ55 tʃy55	daa2 bo1 zyu1	打彈珠（彈球兒）
8769	二十一、文體活動（1）遊戲、玩具/吹胰子泡	吹泡	吹泡	tʃʰui55 pɔk5	cui1 bok1	吹胰子泡，本作「吹㿺」
8770	二十一、文體活動（1）遊戲、玩具/泡泡膠	吹泡膠	吹泡胶	tʃʰui55 pɔk5 kɛu55	cui1 bok1 geu1	泡泡膠，本作「吹㿺膠」，一種以聚醋酸乙烯酯爲主要成分的吹泡玩具，通過吹管蘸取膠狀物吹出泡泡，有刺鼻味，20世紀80至90年代流行
8771	二十一、文體活動（1）遊戲、玩具/拍洋畫	拍公崽	拍公崽	pʰak3 kʊŋ55 tʃɐi35	paak3 gung1 zai2	拍洋畫，一人拿一張圖片（公崽）對拍，落地後畫面朝上者贏，獲得輸方的圖片
8772	二十一、文體活動（1）遊戲、玩具/拍洋畫	拍公仔	拍公仔	pʰak3 kʊŋ55 tʃɐi35	paak3 gung1 zai2	拍洋畫，同「拍公崽」
8773	二十一、文體活動（1）遊戲、玩具/小人兒	公崽	公崽	kʊŋ55 tʃɐi35	gung1 zai2	小人兒1，小的人形象的玩偶、畫像、泥塑等
8774	二十一、文體活動（1）遊戲、玩具/小人兒	公仔	公仔	kʊŋ55 tʃɐi35	gung1 zai2	小人兒1，同「公崽」
8775	二十一、文體活動（1）遊戲、玩具/小人兒	人崽	人崽	jɐn21 tʃɐi35	jan4 zai2	小人兒2
8776	二十一、文體活動（1）遊戲、玩具/小人兒	人仔	人仔	jɐn21 tʃɐi35	jan4 zai2	小人兒2，同「人崽」
8777	二十一、文體活動（1）遊戲、玩具/洋娃娃	洋娃娃	洋娃娃	jœŋ21 wa55 wa55	joeng4 waa1 waa1	洋娃娃，外國人形象的
8778	二十一、文體活動（1）遊戲、玩具/小人兒書（裝訂成冊的連環畫）	公崽書	公崽书	kʊŋ55 tʃɐi35 ʃy55	gung1 zai2 syu1	小人兒書（裝訂成冊的連環畫）
8779	二十一、文體活動（1）遊戲、玩具/小人兒書（裝訂成冊的連環畫）	公仔書	公仔书	kʊŋ55 tʃɐi35 ʃy55	gung1 zai2 syu1	小人兒書（裝訂成冊的連環畫），同「公崽書」
8780	二十一、文體活動（1）遊戲、玩具/連環畫	連環畫	连环画	lin21 wan21 wa35	lin4 waan4 waa2	連環畫，按故事情節連續排列的畫，一般是古典故事
8781	二十一、文體活動（1）遊戲、玩具/打水漂兒	撇水	撇水	pʰit3 ʃui35	pit3 sui2	打水漂兒1，在水面上擲瓦片
8782	二十一、文體活動（1）遊戲、玩具/打水漂兒	撇水片	撇水片	pʰit3 ʃui35 pʰɛn35	pit3 sui2 pen2	打水漂兒2
8783	二十一、文體活動（1）遊戲、玩具/打水漂兒	打水片	打水片	ta35 ʃui35 pʰɛn35	daa2 sui2 pen2	打水漂兒3
8784	二十一、文體活動（1）遊戲、玩具/打水仗	打水仗	打水仗	ta35 ʃui35 tʃœŋ33	daa2 sui2 zoeng3	打水仗，在水中互相戽水攻擊對方
8785	二十一、文體活動（1）遊戲、玩具/跳房子	跳格	跳格	tʰiu33 kak3	tiu3 gaak3	跳房子1
8786	二十一、文體活動（1）遊戲、玩具/跳房子	跳屋	跳屋	tʰiu33 ʊk5	tiu3 uk1	跳房子2
8787	二十一、文體活動（1）遊戲、玩具/跳房子	跳飛機頭	跳飞机头	tʰiu33 fi55 ki55 tʰɐu21	tiu3 fi1 gi1 tau4	跳房子3
8788	二十一、文體活動（1）遊戲、玩具/跳繩	跳繩	跳绳	tʰiu33 ʃeŋ21	tiu3 sing4	跳繩
8789	二十一、文體活動（1）遊戲、玩具/跳皮筋	跳膠	跳胶	tʰiu33 kɛu55	tiu3 geu1	跳皮筋，唱的童謠是「一二三四五六七，馬蘭開花二十一，二五六，二五七，二八二九三十一」
8790	二十一、文體活動（1）遊戲、玩具/騎高高	騎馬䪊頭	骑马𫖅头	kʰɛ21 ma24 lʊŋ21 tʰɐu21	ke4 maa5 lung4 tau4	騎高高1，小孩騎在大人肩膀上，也有簡說爲「騎馬」
8791	二十一、文體活動（1）遊戲、玩具/騎高高	騎馬籠頭	骑马笼头	kʰɛ21 ma24 lʊŋ21 tʰɐu21	ke4 maa5 lung4 tau4	騎高高1，同「騎馬䪊頭」
8792	二十一、文體活動（1）遊戲、玩具/騎高高	騎籠頭馬	骑笼头马	kʰɛ21 lʊŋ21 tʰɐu21 ma24	ke4 lung4 tau4 maa5	騎高高2，同「騎馬䪊頭」
8793	二十一、文體活動（1）遊戲、玩具/拔河	拔河	拔河	pat2 hɔ21	baat6 ho4	拔河1
8794	二十一、文體活動（1）遊戲、玩具/拔河	絣纜	絣缆	mɐŋ55 lam22	mang1 laam6	拔河2
8795	二十一、文體活動（1）遊戲、玩具/拔河	掹纜	掹缆	mɐŋ55 lam22	mang1 laam6	拔河2，同「絣纜」
8796	二十一、文體活動（1）遊戲、玩具/摸臺	摸臺	摸台	mɔ55 tʰɔi21	mo1 toi4	摸臺，女生遊戲，一羣人站到乒乓球桌（多爲水泥製），一人在下抓人，被抓者下來抓人
8797	二十一、文體活動（1）遊戲、玩具/玩雙槓	耍雙槓	耍双杠	ʃa35 ʃœŋ55 kɔŋ33	saa2 soeng1 gong3	玩雙槓，女生遊戲，兩人進行越槓比賽，被觸者出局
8798	二十一、文體活動（1）遊戲、玩具/滾鐵環	滾車鈴	滚车铃	kʷɐn35 tʃʰɛ55 leŋ55	gwan2 ce1 ling1	滾鐵環1，滾鐵圈
8799	二十一、文體活動（1）遊戲、玩具/滾鐵環	滾鐵圈	滚铁圈	kʷɐn35 tʰit3 hyn55	gwan2 tit3 hyun1	滾鐵環2，滾鐵圈
8800	二十一、文體活動（1）遊戲、玩具/擠油	擠油渣	挤油渣	tʃi55 jɐu21 tʃa55	zi1 jau4 zaa1	擠油，冬天的課間到室外牆邊用力擠取暖
8801	二十一、文體活動（1）遊戲、玩具/丟手絹兒	丟手巾	丢手巾	tiu55 ʃɐu35 kɐn55	diu1 sau2 gan1	丟手絹兒
8802	二十一、文體活動（1）遊戲、玩具/打雞頭	打雞頭	打鸡头	ta35 kɐi55 tʰɐu21	daa2 gai1 tau4	打雞頭，男生的遊戲，把一截短木棍斜放在小土坑邊，用一截長的木棍把短木棍擊起，再往遠處打得遠者獲勝
8803	二十一、文體活動（1）遊戲、玩具/扔沙包	㨁沙包	㨁沙包	tʃai22 ʃa55 pɛu55	zaai6 saa1 beu1	扔沙包
8804	二十一、文體活動（1）遊戲、玩具/過家家	耍摹摹	耍摹摹	ʃa35 mɔ21 mɔ55	saa2 mo4 mo1	過家家，扮家家酒
8805	二十一、文體活動（1）遊戲、玩具/踢罐頭	踢嘜嘜	踢唛唛	tʰɛk3 mɐk5 mɐk5	tek3 mak1 mak1	踢罐頭，將罐頭踢出地上的圈外後開始抓人的遊戲
8806	二十一、文體活動（1）遊戲、玩具/打彈弓	打彈弓	打弹弓	ta35 tʰɛn21 kʊŋ55	daa2 ten4 gung1	打彈弓
8807	二十一、文體活動（1）遊戲、玩具/打陀螺	打陀螺	打陀螺	ta35 tʰɔ21 lɔ55	daa2 to4 lo1	打陀螺
8808	二十一、文體活動（1）遊戲、玩具/翻繩（翻花繩、翻繩子）	食欖	食榄	ʃek2 lam35	sik6 laam2	翻繩（翻花繩、翻繩子），兩人輪換翻動手指頭上的細繩，變出各種花樣
8809	二十一、文體活動（1）遊戲、玩具/碰錢兒	撞錢	撞钱	tʃɔŋ22 tʃʰin21	zong6 cin4	碰錢兒1，以撞擊硬幣是否出界定輸贏
8810	二十一、文體活動（1）遊戲、玩具/碰錢兒	撞銻崽	撞锑崽	tʃɔŋ22 tʰɐi55 tʃɐi35	zong6 tai1 zai2	碰錢兒2
8811	二十一、文體活動（1）遊戲、玩具/碰錢兒	撞銻仔	撞锑仔	tʃɔŋ22 tʰɐi55 tʃɐi35	zong6 tai1 zai2	碰錢兒2，同「撞銻崽」
8812	二十一、文體活動（1）遊戲、玩具/碰錢兒	扚銻崽	扚锑崽	tek5 tʰɐi55 tʃɐi35	dik1 tai1 zai2	碰錢兒3
8813	二十一、文體活動（1）遊戲、玩具/碰錢兒	扚銻仔	扚锑仔	tek5 tʰɐi55 tʃɐi35	dik1 tai1 zai2	碰錢兒3，同「扚銻崽」
8814	二十一、文體活動（1）遊戲、玩具/點兵點將	點指兵兵	点指兵兵	tim35 tʃi35 peŋ55 peŋ55	dim2 zi2 bing1 bing1	點兵點將1，新派，多人圍坐唸童謠按順序以手指點選人的遊戲，新派唱的童謠爲「點指兵兵，點到邊個，邊個就當兵」
8815	二十一、文體活動（1）遊戲、玩具/點兵點將	點腳乒乓	点脚乒乓	tim35 kœk3 peŋ55 paŋ55	dim2 goek3 bing1 baang1	點兵點將2，老派，多人圍坐唸童謠按順序以手指點選人的遊戲，老派唱的童謠爲「點腳乒乓，牛崽過牛坑，牛坑冇打鞭，白馬冇行橋，車鈴[leŋ55]車鈴[leŋ55]鈴[leŋ55]，車着阿媽第一名」或「點腳乒乓，牛踩過牛坑，牛坑冇打鼓，白馬冇行橋，車鈴[leŋ55]車鈴[leŋ21]矴[teŋ33]，車着阿嫲[ma35]第一名」
8816	二十一、文體活動（1）遊戲、玩具/撞拐（鬥雞）	撞馬䪊頭	撞马𫖅头	tʃɔŋ22 ma24 lʊŋ21 tʰɐu21	zong6 maa5 lung4 tau4	撞拐（鬥雞），屈起一條腿單腿站立相撞，站立不穩或出界者輸
8817	二十一、文體活動（1）遊戲、玩具/撞拐（鬥雞）	撞馬籠頭	撞马笼头	tʃɔŋ22 ma24 lʊŋ21 tʰɐu21	zong6 maa5 lung4 tau4	撞拐（鬥雞），同「撞馬䪊頭」
8818	二十一、文體活動（1）遊戲、玩具/撞拐（鬥雞）	撞籠頭馬	撞笼头马	tʃɔŋ22 lʊŋ21 tʰɐu21 ma24	zong6 lung4 tau4 maa5	撞拐（鬥雞），同「撞馬䪊頭」
8819	二十一、文體活動（1）遊戲、玩具/破蔗	破蔗	破蔗	pʰɔ33 tʃɛ33	po3 ze3	破蔗，豎起一根甘蔗，自上往下劈，甘蔗倒下停止，以長度定輸贏
8820	二十一、文體活動（1）遊戲、玩具/划拳（猜枚）	猜碼	猜码	tʃʰai55 ma24	caai1 maa5	划拳（猜枚）
8821	二十一、文體活動（1）遊戲、玩具/划拳王（猜枚王）	碼王	码王	ma24 wɔŋ21	maa5 wong4	划拳王（猜枚王），戲稱，諧音「螞蟥」，後起詞
8822	二十一、文體活動（1）遊戲、玩具/一馬四蹄（划拳方式之一）	一馬四蹄	一马四蹄	a55 ma21 ɬi33 tʰɐi21	aa1 maa4 sli3 tai4	一馬四蹄，划拳方式之一，與同一個人猜四次，每輸一次喝一杯，「馬」與「碼」諧音，也作「一碼四蹄」
8823	二十一、文體活動（1）遊戲、玩具/一馬過（划拳方式之一）	一馬過	一马过	a55 ma21 kɔ33	aa1 maa4 go3	一馬過，划拳方式之一，一次定輸贏，輸者喝一杯，「馬」與「碼」諧音，也作「一碼過」
8824	二十一、文體活動（1）遊戲、玩具/見二（划拳方式之一）	見二	见二	kin33 ji22	gin3 ji6	見二，划拳方式之一，輸兩次喝一杯或者輸一次喝半杯，各輸一次可以互相抵消
8825	二十一、文體活動（1）遊戲、玩具/石頭剪刀布	拳槌包剪䂿	拳槌包剪䂿	kʰyn21 tʃʰui21 pau55 tʃin35 tɐp2	kyun4 cui4 baau1 zin2 dap6	石頭剪刀布1
8826	二十一、文體活動（1）遊戲、玩具/石頭剪刀布	前槌包剪䂿	前槌包剪䂿	tʃʰin21 tʃʰui21 pau55 tʃin35 tɐp2	cin4 cui4 baau1 zin2 dap6	石頭剪刀布2
8827	二十一、文體活動（1）遊戲、玩具/出謎語	出謎語	出谜语	tʃʰyt5 mi21 jy24	cyut1 mi4 jyu5	出謎語
8828	二十一、文體活動（1）遊戲、玩具/猜謎兒	猜謎語	猜谜语	tʃʰai55 mi21 jy24	caai1 mi4 jyu5	猜謎兒1
8829	二十一、文體活動（1）遊戲、玩具/猜謎兒	猜估	猜估	tʃʰai55 ku35	caai1 gu2	猜謎兒2
8830	二十一、文體活動（1）遊戲、玩具/公開謎底	開估	开估	hɔi55 ku35	hoi1 gu2	公開謎底
8831	二十一、文體活動（1）遊戲、玩具/字謎	字估	字估	tʃi22 ku35	zi6 gu2	字謎1.1
8832	二十一、文體活動（1）遊戲、玩具/字謎	字估	字估	tsɿ22 ku35	zy6 gu2	字謎1.2
8833	二十一、文體活動（1）遊戲、玩具/不倒翁	不倒翁	不倒翁	pɐt5 tu35 jʊŋ55	bat1 du2 jung1	不倒翁1.1
8834	二十一、文體活動（1）遊戲、玩具/不倒翁	不倒翁	不倒翁	pɐt5 tu35 ʊŋ55	bat1 du2 ung1	不倒翁1.2
8835	二十一、文體活動（1）遊戲、玩具/牌九（骨牌）	牌九	牌九	pʰai21 kɐu35	paai4 gau2	牌九（骨牌）
8836	二十一、文體活動（1）遊戲、玩具/多米諾骨牌	多米諾骨牌	多米诺骨牌	tɔ55 mɐi24 nɔk2 kʷɐt5 pʰai21	do1 mai5 nok6 gwat1 paai4	多米諾骨牌，英語domino
8837	二十一、文體活動（1）遊戲、玩具/麻將	麻將	麻将	ma21 tʃœŋ33	maa4 zoeng3	麻將1
8838	二十一、文體活動（1）遊戲、玩具/麻將	麻雀	麻雀	ma21 tʃʰœk3	maa4 coek3	麻將2
8839	二十一、文體活動（1）遊戲、玩具/打麻將	打麻將	打麻将	ta35 ma21 tʃœŋ33	daa2 maa4 zoeng3	打麻將1
8840	二十一、文體活動（1）遊戲、玩具/打麻將	打麻雀	打麻雀	ta35 ma21 tʃʰœk3	daa2 maa4 coek3	打麻將2
8841	二十一、文體活動（1）遊戲、玩具/一副牌（麻將術語）	一坎牌	一坎牌	a55 kʰan35 pʰai21	aa1 kaan2 paai4	一副牌（麻將術語），即三張順子或同花色的麻將牌
8842	二十一、文體活動（1）遊戲、玩具/和牌（麻將術語）	和牌	和牌	wu21 pʰai21	wu4 paai4	和牌（麻將術語），又作「胡牌」
8843	二十一、文體活動（1）遊戲、玩具/吃和（麻將術語）	食和	食和	ʃek2 wu21	sik6 wu4	吃和（麻將術語），收取其他玩家的牌達成和牌，又作「食胡」
8844	二十一、文體活動（1）遊戲、玩具/自摸（麻將術語）	自摸	自摸	tʃi22 mɔ55	zi6 mo1	自摸（麻將術語），靠自己摸到的牌達成和牌
8845	二十一、文體活動（1）遊戲、玩具/詐和（麻將術語）	詐和	诈和	tʃa33 wu21	zaa3 wu4	詐和（麻將術語），未達成和牌條件卻宣稱和牌，又作「詐胡」
8846	二十一、文體活動（1）遊戲、玩具/擲色子	丟色子	丢色子	tiu55 ʃek5 tʃi35	diu1 sik1 zi2	擲色子1.1
8847	二十一、文體活動（1）遊戲、玩具/擲色子	丟色子	丢色子	tiu55 ʃek5 tsɿ35	diu1 sik1 zy2	擲色子1.2
8848	二十一、文體活動（1）遊戲、玩具/擲色子	拋色子	抛色子	pʰɛu55 ʃek5 tʃi35	peu1 sik1 zi2	擲色子2.1
8849	二十一、文體活動（1）遊戲、玩具/擲色子	拋色子	抛色子	pʰɛu55 ʃek5 tsɿ35	peu1 sik1 zy2	擲色子2.2
8850	二十一、文體活動（1）遊戲、玩具/擲色子	打色	打色	ta35 ʃek5	daa2 sik1	擲色子3，引申指做莊
8851	二十一、文體活動（1）遊戲、玩具/骰子王	骰魔	骰魔	ʃek5 mɔ55	sik1 mo1	骰子王，戲稱，諧音「色魔」，後起詞
8852	二十一、文體活動（1）遊戲、玩具/壓寶	壓寶	压宝	at3 pu35	aat3 bu2	壓寶
8853	二十一、文體活動（1）遊戲、玩具/春聯	對聯	对联	tui33 lin21	dui3 lin4	春聯
8854	二十一、文體活動（1）遊戲、玩具/貼春聯	𪐀對聯	𪐀对联	nɛ55 tui33 lin21	ne1 dui3 lin4	貼春聯
8855	二十一、文體活動（1）遊戲、玩具/爆竹	炮	炮	pʰɛu33	peu3	爆竹、炮仗1
8856	二十一、文體活動（1）遊戲、玩具/爆竹	炮仗	炮仗	pʰɛu33 tʃœŋ22	peu3 zoeng6	爆竹、炮仗2.1
8857	二十一、文體活動（1）遊戲、玩具/爆竹	炮仗	炮仗	pʰau33 tʃœŋ22	paau3 zoeng6	爆竹、炮仗2.2
8858	二十一、文體活動（1）遊戲、玩具/放鞭炮	燒炮	烧炮	ʃiu55 pʰɛu33	siu1 peu3	放鞭炮1
8859	二十一、文體活動（1）遊戲、玩具/放鞭炮	放炮	放炮	fɔŋ33 pʰɛu33	fong3 peu3	放鞭炮2
8860	二十一、文體活動（1）遊戲、玩具/放鞭炮	點炮	点炮	tim35 pʰɛu33	dim2 peu3	放鞭炮3
8861	二十一、文體活動（1）遊戲、玩具/炮捻子點着聲	啫啫聲	啫啫声	tʃœ21 tʃœ21 ʃɛŋ55	zoe4 zoe4 seng1	炮捻子點着聲
8862	二十一、文體活動（1）遊戲、玩具/二踢腳	雙響炮	双响炮	ʃœŋ55 hœŋ35 pʰɛu33	soeng1 hoeng2 peu3	二踢腳
8863	二十一、文體活動（1）遊戲、玩具/摔炮	𢴬炮	𢴬炮	pan33 pʰɛu33	baan3 peu3	摔炮，名詞，一種通過撞擊引發爆炸的小型爆竹
8864	二十一、文體活動（1）遊戲、玩具/煙火	煙花	烟花	jin55 fa55	jin1 faa1	煙火
8865	二十一、文體活動（1）遊戲、玩具/放花炮	放煙花	放烟花	fɔŋ33 jin55 fa55	fong3 jin1 faa1	放花炮
8866	二十一、文體活動（1）遊戲、玩具/紙炮	喼紙	喼纸	kɛp5 tʃi35	gep1 zi2	紙炮，一種火藥很少，用錘子敲響的小紙炮，英語cap
8867	二十一、文體活動（1）遊戲、玩具/射射炮	射射炮	射射炮	ʃɛ22 ʃɛ22 pʰɛu33	se6 se6 peu3	射射炮，把啞炮或無引炮折斷點燃
8868	二十一、文體活動（1）遊戲、玩具/唧水筒	瀄水筒	瀄水筒	tʃɛt5 ʃui35 tʰʊŋ21	zet1 sui2 tung4	唧水筒
8869	二十一、文體活動（1）遊戲、玩具/噼啪筒	噼啪筒	噼啪筒	pɛk5 pak5 tʰʊŋ21	bek1 baak1 tung4	噼啪筒，類似唧水筒，以浸溼的小紙團爲彈
8870	二十一、文體活動（1）遊戲、玩具/照像	影相	影相	jeŋ35 ɬœŋ33	jing2 sloeng3	照像
8871	二十一、文體活動（1）遊戲、玩具/沖洗照片	曬相	晒相	ʃai33 ɬœŋ33	saai3 sloeng3	沖洗照片
8872	二十一、文體活動（1）遊戲、玩具/照相機	照相機	照相机	tʃiu33 ɬœŋ33 ki55	ziu3 sloeng3 gi1	照相機1
8873	二十一、文體活動（1）遊戲、玩具/照相機	影相機	影相机	jeŋ35 ɬœŋ33 ki55	jing2 sloeng3 gi1	照相機2
8874	二十一、文體活動（1）遊戲、玩具/照相機	手影機	手影机	ʃɐu35 jeŋ35 ki55	sau2 jing2 gi1	照相機3，老派
8875	二十一、文體活動（1）遊戲、玩具/膠卷	膠卷	胶卷	kɛu55 kyn35	geu1 gyun2	膠卷1
8876	二十一、文體活動（1）遊戲、玩具/膠卷	菲林	菲林	fi55 lɐm21	fi1 lam4	膠卷2，英語film
8877	二十一、文體活動（1）遊戲、玩具/玩遊戲	耍遊戲	耍游戏	ʃa35 jɐu21 hi33	saa2 jau4 hi3	玩遊戲
8878	二十一、文體活動（1）遊戲、玩具/遊戲機	遊戲機	游戏机	jɐu21 hi33 ki55	jau4 hi3 gi1	遊戲機，統稱
8879	二十一、文體活動（1）遊戲、玩具/紅白機	紅白機	红白机	hʊŋ21 pak2 ki55	hung4 baak6 gi1	紅白機，20世紀90年代流行，經典遊戲有坦克大戰、雙截龍2、赤色要塞、魂鬥羅、超級瑪麗、松鼠大作戰、冒險島、熱血足球、忍者神龜3等等
8880	二十一、文體活動（1）遊戲、玩具/掌上遊戲機	掌機	掌机	tʃœŋ35 ki55	zoeng2 gi1	掌上遊戲機，20世紀90年代流行的主要是GameBoy
8881	二十一、文體活動（1）遊戲、玩具/電子寵物	電子寵物	电子宠物	tin22 tʃi35 tʃʰʊŋ35 mɐt2	din6 zi2 cung2 mat6	電子寵物1.1，指模擬的寵物程序，源自日本模擬飼養寵物的電子玩具——拓麻歌子，玩家可通過清潔、餵食、治療等方式照料寵物，也叫「寵物蛋」，20世紀90年代中期流行，現在也用來指這類遊戲玩法
8882	二十一、文體活動（1）遊戲、玩具/電子寵物	電子寵物	电子宠物	tin22 tsɿ35 tʃʰʊŋ35 mɐt2	din6 zy2 cung2 mat6	電子寵物1.2
8883	二十一、文體活動（1）遊戲、玩具/電腦遊戲	電腦遊戲	电脑游戏	tin22 nu24 jɐu21 hi33	din6 nu5 jau4 hi3	電腦遊戲，有單機遊戲類型也有網絡遊戲類型，經典的有俄羅斯方塊、掃雷、超級瑪麗、暴力摩托、仙劍奇俠傳、流星蝴蝶劍、大富翁、泡泡堂、帝國時代、紅色警戒、半條命、生化危機、星際爭霸、魔獸世界等等
8884	二十一、文體活動（1）遊戲、玩具/（電子遊戲的）頭目、首領、大BOSS	大嘢	大嘢	tai22 jɛ24	daai6 je5	（電子遊戲的）頭目、首領、大BOSS，20世紀80年代電子遊戲普及後產生的詞
8885	二十一、文體活動（1）遊戲、玩具/（電子遊戲的）精英怪、小BOSS	細嘢	细嘢	ɬɐi33 jɛ24	slai3 je5	（電子遊戲的）精英怪、小BOSS，20世紀80年代電子遊戲普及後產生的詞
8886	二十一、文體活動（1）遊戲、玩具/（電子遊戲的）小怪	小兵	小兵	ɬiu35 peŋ55	sliu2 bing1	（電子遊戲的）小怪，20世紀80年代電子遊戲普及後產生的詞
8887	二十一、文體活動（1）遊戲、玩具/街機	街機	街机	kai55 ki55	gaai1 gi1	街機，經典的街機遊戲有拳皇97、街頭霸王2、三國戰紀、三國志2、恐龍快打、合金彈頭2、侍魂等等
8888	二十一、文體活動（1）遊戲、玩具/網絡遊戲	網遊	网游	mɔŋ24 jɐu21	mong5 jau4	網絡遊戲，經典的有石器時代、傳奇、泡泡堂、勁舞團、劍俠情緣、夢幻西遊、魔獸世界、英雄聯盟等等
8889	二十一、文體活動（1）遊戲、玩具/點卡	點卡	点卡	tim35 kʰa55	dim2 kaa1	點卡，20世紀90年代網絡遊戲的充值卡，已淘汰
8890	二十一、文體活動（1）遊戲、玩具/桌面遊戲	桌遊	桌游	tʃœk3 jɐu21	zoek3 jau4	桌面遊戲，狹義的桌遊包括麻將、象棋、圍棋、撲克、大富翁等等，廣義的桌遊21世紀初開始流行，經典的有遊戲王、三國殺、狼人殺等等，現在大多線上網絡對局
8891	二十一、文體活動（1）遊戲、玩具/手機遊戲	手遊	手游	ʃɐu35 jɐu21	sau2 jau4	手機遊戲，非智能機的遊戲較少，智能機出現後纔增多，經典的有植物大戰殭屍、保衛蘿蔔、憤怒的小鳥、水果忍者、神廟逃亡、紀念碑谷、滑雪大冒險、鱷魚小頑皮愛洗澡等等
8892	二十一、文體活動（1）遊戲、玩具/動畫	卡通	卡通	kʰa55 tʰʊŋ55	kaa1 tung1	動畫，英語cartoon
8893	二十一、文體活動（1）遊戲、玩具/動畫片	卡通片	卡通片	kʰa55 tʰʊŋ55 pʰin33	kaa1 tung1 pin3	動畫片，經典的有大鬧天宮、葫蘆兄弟、哪吒鬧海、寶蓮燈、貓和老鼠、米老鼠和唐老鴉、數碼寶貝、寵物小精靈、七龍珠等等
8894	二十一、文體活動（1）遊戲、玩具/漫畫	漫畫	漫画	man22 wa35	maan6 waa2	漫畫
8895	二十一、文體活動（1）遊戲、玩具/漫畫書	漫畫書	漫画书	man22 wa35 ʃy55	maan6 waa2 syu1	漫畫書，經典的有三毛從軍記、哆啦A夢、老夫子、烏龍院、忍者神龜、加菲貓等等，不少後來都改編有了動畫或動畫電影
8896	二十一、文體活動（1）遊戲、玩具/小說	小說	小说	ɬiu35 ʃyt3	sliu2 syut3	小說，20世紀90年代流行的經典有哈利波特系列、淘氣包馬小跳系列、冒險小虎隊系列、雞皮疙瘩系列、金庸武俠系列等等，現當代開始流行網絡小說
8897	二十一、文體活動（1）遊戲、玩具/魔方	魔方	魔方	mɔ55 fɔŋ55	mo1 fong1	魔方，一種智力玩具，常見的爲正方體，六面顏色混雜，經過轉換可復原，20世紀70年代後開始流行
8898	二十一、文體活動（1）遊戲、玩具/數獨	數獨	数独	ʃu33 tʊk2	su3 duk6	數獨，一種智力遊戲，20世紀90年代後開始流行
8899	二十一、文體活動（1）遊戲、玩具/華容道	華容道	华容道	wa21 jʊŋ21 tu22	waa4 jung4 du6	華容道，一種古典的滑塊類智力遊戲
8900	二十一、文體活動（1）遊戲、玩具/七巧板	七巧板	七巧板	tʃʰɐt5 kʰiu35 pan35	cat1 kiu2 baan2	七巧板，一種古典的板塊型智力玩具
8901	二十一、文體活動（1）遊戲、玩具/魯班鎖	魯班鎖	鲁班锁	lu24 pan55 ɬɔ35	lu5 baan1 slo2	魯班鎖，一種古典的榫卯型智力玩具
8902	二十一、文體活動（1）遊戲、玩具/智慧環（智力環）	連環	连环	lin21 wan21	lin4 waan4	智慧環（智力環），一種古典的解環類智力玩具，最具代表性的是九連環
8903	二十一、文體活動（1）遊戲、玩具/萬花筒	萬花筒	万花筒	man22 fa55 tʰʊŋ21	maan6 faa1 tung4	萬花筒，一種光學圓筒形玩具
8904	二十一、文體活動（1）遊戲、玩具/溜溜球（悠悠球）	溜溜球	溜溜球	liu55 liu55 kʰɐu21	liu1 liu1 kau4	溜溜球（悠悠球），20世紀80年代後開始流行
8905	二十一、文體活動（1）遊戲、玩具/迷你四驅車	迷你四驅車	迷你四驱车	mi21 ni24 ɬi33 kʰy55 tʃʰɛ55	mi4 ni5 sli3 kyu1 ce1	迷你四驅車，20世紀80年代後開始流行
8906	二十一、文體活動（1）遊戲、玩具/鐵皮青蛙	鐵皮青蛙	铁皮青蛙	tʰit3 pʰi21 tʃʰeŋ55 wa55	tit3 pi4 cing1 waa1	鐵皮青蛙，有發條，擰緊後放開可以跳動，二十世纪八十年代流行
8907	二十一、文體活動（1）遊戲、玩具/剪紙	剪紙	剪纸	tʃin35 tʃi35	zin2 zi2	剪紙，一種民間手藝
8908	二十一、文體活動（1）遊戲、玩具/摺紙	摺紙	折纸	tʃip3 tʃi35	zip3 zi2	摺紙，一種民間手藝
8909	二十一、文體活動（1）遊戲、玩具/千紙鶴	千紙鶴	千纸鹤	tʃʰin55 tʃi35 hɔk2	cin1 zi2 hok6	千紙鶴，一種摺紙形象，常作裝飾
8910	二十一、文體活動（1）遊戲、玩具/紙飛機	紙飛機	纸飞机	tʃi35 fi55 ki55	zi2 fi1 gi1	紙飛機，一種摺紙形象，常比誰飛得遠或飛得高
8911	二十一、文體活動（1）遊戲、玩具/紙星星	紙星星	纸星星	tʃi35 ɬeŋ55 ɬeŋ55	zi2 sling1 sling1	紙星星，一種摺紙形象，用綵帶紙摺成鼓起的五角星形狀，有多種顏色，常作裝飾
8912	二十一、文體活動（1）遊戲、玩具/東南西北	東南西北	东南西北	tʊŋ55 nam21 ɬɐi55 pɐk5	dung1 naam4 slai1 bak1	東南西北，一種摺紙遊戲，將紙摺成可開合的田字花型，外面寫東、南、西、北四個字，裏面寫上懲罰或獎勵
8913	二十一、文體活動（1）遊戲、玩具/收集卡	收集卡	收集卡	ʃɐu55 tʃɐp2 kʰa55	sau1 zap6 kaa1	收集卡，有多種類型，比如水滸卡、三國卡、西遊卡、遊戲王卡等等，有方形卡也有圓形卡
8914	二十一、文體活動（1）遊戲、玩具/橡皮泥	橡膠泥	橡胶泥	tʃœŋ22 kɛu55 nɐi21	zoeng6 geu1 nai4	橡皮泥，一種多材料摻和顏料製成的泥，可塑形，用作兒童玩具
8915	二十一、文體活動（1）遊戲、玩具/彩虹圈	彩虹圈	彩虹圈	tʃʰɔi35 hʊŋ21 hyn55	coi2 hung4 hyun1	彩虹圈，一種螺旋彈簧玩具，二十世纪九十年代流行
8916	二十一、文體活動（1）遊戲、玩具/黏黏手掌	黏黏手掌	黏黏手掌	nim55 nim55 ʃɐu35 tʃœŋ35	nim1 nim1 sau2 zoeng2	黏黏手掌，一種手掌形的黏性橡膠玩具，甩出後可粘到牆上，20世紀80年代後出現
8917	二十一、文體活動（1）遊戲、玩具/拍手器	拍手器	拍手器	pʰak3 ʃɐu35 hi33	paak3 sau2 hi3	拍手器，可鼓掌的硬塑膠手掌形玩具，21世紀後出現
8918	二十一、文體活動（1）遊戲、玩具/竹蜻蜓	竹蜻蜓	竹蜻蜓	tʃʊk5 tʃʰeŋ55 tʰeŋ21	zuk1 cing1 ting4	竹蜻蜓，傳統的民間玩具，雙手搓動可飛行，扔出後能滑翔
8919	二十一、文體活動（1）遊戲、玩具/積木	積木	积木	tʃek5 mʊk2	zik1 muk6	積木，最出名的製造商是樂高
8920	二十一、文體活動（1）遊戲、玩具/拼圖玩具	拼圖	拼图	pʰeŋ33 tʰu21	ping3 tu4	拼圖玩具
8921	二十一、文體活動（1）遊戲、玩具/貼紙	貼紙	贴纸	tʰip3 tʃi35	tip3 zi2	貼紙
8922	二十一、文體活動（1）遊戲、玩具/啪啪圈	啪啪圈	啪啪圈	pʰak5 pʰak5 hyn55	paak1 paak1 hyun1	啪啪圈，類似鋼尺，拍到手腕上可自動捲起，21世紀初出現
8923	二十一、文體活動（1）遊戲、玩具/玩具模型	玩具模型	玩具模型	wan35 ky22 mɔ55 jeŋ21	waan2 gyu6 mo1 jing4	玩具模型，有很多類型，比如人物模型、機器人模型、汽車模型、飛機模型、恐龍模型等等，大多爲塑膠製
8924	二十一、文體活動（1）遊戲、玩具/玩具風車	玩具風車	玩具风车	wan35 ky22 fʊŋ55 tʃʰɛ55	waan2 gyu6 fung1 ce1	玩具風車，紙質或塑料的，能迎風轉動
8925	二十一、文體活動（1）遊戲、玩具/玩具水槍	玩具水槍	玩具水枪	wan35 ky22 ʃui35 tʃʰœŋ55	waan2 gyu6 sui2 coeng1	玩具水槍
8926	二十一、文體活動（1）遊戲、玩具/玩具手槍	玩具手槍	玩具手枪	wan35 ky22 ʃɐu35 tʃʰœŋ55	waan2 gyu6 sau2 coeng1	玩具手槍
8927	二十一、文體活動（1）遊戲、玩具/水壓套圈遊戲機	水壓套圈機	水压套圈机	ʃui35 at3 tʰu33 hyn55 ki55	sui2 aat3 tu3 hyun1 gi1	水壓套圈遊戲機，玩家通過按壓兩個按鈕產生水壓推動塑料圈套入豎針的機械式遊戲機，20世紀70年代後產生
8928	二十一、文體活動（1）遊戲、玩具/水寶寶（海洋寶寶、海精靈、泡大珠）	水寶寶	水宝宝	ʃui35 pu35 pu35	sui2 bu2 bu2	水寶寶（有些地區又叫海洋寶寶、海精靈、泡大珠），一種由丙烯腈、丙烯酸酯等親水性樹脂製成的彩色膨脹玩具，20世紀90年代出現和流行，因對兒童有誤食等嚴重危險，現在其不屬於玩具範疇
8929	二十一、文體活動（2）體育/運動員	運動餅	运动饼	wɐn22 tʊŋ22 pɛŋ35	wan6 dung6 beng2	運動員
8930	二十一、文體活動（2）體育/裁判員	裁判員	裁判员	tʃʰɔi21 pʰun33 jyn21	coi4 pun3 jyun4	裁判員
8931	二十一、文體活動（2）體育/象棋（中國象棋）	象棋	象棋	tʃœŋ22 kʰi21	zoeng6 ki4	象棋（中國象棋）
8932	二十一、文體活動（2）體育/國際象棋	國際象棋	国际象棋	kɔk3 tʃɐi33 tʃœŋ22 kʰi21	gok3 zai3 zoeng6 ki4	國際象棋
8933	二十一、文體活動（2）體育/棋盤	棋盤	棋盘	kʰi21 pʰun21	ki4 pun4	棋盤
8934	二十一、文體活動（2）體育/棋子	棋	棋	kʰi21	ki4	棋子1
8935	二十一、文體活動（2）體育/棋子	棋子	棋子	kʰi21 tʃi35	ki4 zi2	棋子2.1
8936	二十一、文體活動（2）體育/棋子	棋子	棋子	kʰi21 tsɿ35	ki4 zy2	棋子2.2
8937	二十一、文體活動（2）體育/下棋	逳棋	逳棋	jʊk5 kʰi21	juk1 ki4	下棋1
8938	二十一、文體活動（2）體育/下棋	耍象棋	耍象棋	ʃa35 tʃœŋ22 kʰi21	saa2 zoeng6 ki4	下棋2
8939	二十一、文體活動（2）體育/河	河	河	hɔ21	ho4	（象棋的）楚河漢界
8940	二十一、文體活動（2）體育/將（帥）	光頭	光头	kɔŋ55 tʰɐu21	gong1 tau4	將（帥）
8941	二十一、文體活動（2）體育/將（帥）前移	坐上	坐上	tʃʰɔ24 ʃœŋ24	co5 soeng5	將（帥）往前移
8942	二十一、文體活動（2）體育/將（帥）後退	坐落	坐落	tʃʰɔ24 lɔk2	co5 lok6	將（帥）退回原處
8943	二十一、文體活動（2）體育/將（帥）旁移	坐佊	坐佊	tʃʰɔ24 mɛ35	co5 me2	將（帥）往旁移
8944	二十一、文體活動（2）體育/將（帥）前移或旁移	坐出	坐出	tʃʰɔ24 tʃʰyt5	co5 cyut1	將（帥）往前或往旁移
8945	二十一、文體活動（2）體育/士	士	士	ʃi22	si6	士1.1
8946	二十一、文體活動（2）體育/士	士	士	sɿ22	sy6	士1.2
8947	二十一、文體活動（2）體育/象（相）	象	象	tʃœŋ22	zoeng6	象（相）
8948	二十一、文體活動（2）體育/車	車	车	ky55	gyu1	車
8949	二十一、文體活動（2）體育/馬	馬	马	ma24	maa5	馬
8950	二十一、文體活動（2）體育/絆馬腳	硌馬腳	硌马脚	kɐk2 ma24 kœk3	gak6 maa5 goek3	絆馬腳
8951	二十一、文體活動（2）體育/炮	炮	炮	pʰɛu33	peu3	炮
8952	二十一、文體活動（2）體育/中攻炮，馬來罩	中攻炮，馬來罩	中攻炮，马来罩	tʃʊŋ55 kʊŋ55 pʰɛu33，ma24 lɐi21 tʃɛu33	zung1 gung1 peu3，maa5 lai4 zeu3	中攻炮，馬來罩
8953	二十一、文體活動（2）體育/馬後炮	馬後炮	马后炮	ma24 hɐu22 pʰɛu33	maa5 hau6 peu3	馬後炮
8954	二十一、文體活動（2）體育/重炮	重炮	重炮	tʃʰʊŋ21 pʰɛu33	cung4 peu3	重炮，象棋術語
8955	二十一、文體活動（2）體育/卒（兵）	卒	卒	tʃɐt5	zat1	卒1.1（兵）
8956	二十一、文體活動（2）體育/卒（兵）	卒	卒	tʃyt5	zyut1	卒1.2（兵）
8957	二十一、文體活動（2）體育/卒（兵）	卒崽	卒崽	tʃɐt5 tʃɐi35	zat1 zai2	卒2.1（兵）
8958	二十一、文體活動（2）體育/卒（兵）	卒崽	卒崽	tʃyt5 tʃɐi35	zyut1 zai2	卒2.2（兵）
8959	二十一、文體活動（2）體育/卒（兵）	卒仔	卒仔	tʃɐt5 tʃɐi35	zat1 zai2	卒2.1（兵），同「卒崽」
8960	二十一、文體活動（2）體育/卒（兵）	卒仔	卒仔	tʃyt5 tʃɐi35	zyut1 zai2	卒2.2（兵），同「卒崽」
8961	二十一、文體活動（2）體育/卒（兵）	兵	兵	peŋ55	bing1	卒3（兵）
8962	二十一、文體活動（2）體育/拱卒	拱卒	拱卒	kʊŋ35 tʃɐt5	gung2 zat1	拱卒1.1
8963	二十一、文體活動（2）體育/拱卒	拱卒	拱卒	kʊŋ35 tʃyt5	gung2 zyut1	拱卒1.2
8964	二十一、文體活動（2）體育/拱卒	捅卒	捅卒	tʊŋ35 tʃɐt5	dung2 zat1	拱卒2.1
8965	二十一、文體活動（2）體育/拱卒	捅卒	捅卒	tʊŋ35 tʃyt5	dung2 zyut1	拱卒2.2
8966	二十一、文體活動（2）體育/拱卒	𧰵卒	𧰵卒	tʊk5 tʃɐt5	duk1 zat1	拱卒3.1
8967	二十一、文體活動（2）體育/拱卒	𧰵卒	𧰵卒	tʊk5 tʃyt5	duk1 zyut1	拱卒3.2
8968	二十一、文體活動（2）體育/拱卒	擁卒	拥卒	ʊŋ35 tʃɐt5	ung2 zat1	拱卒4.1
8969	二十一、文體活動（2）體育/拱卒	擁卒	拥卒	ʊŋ35 tʃyt5	ung2 zyut1	拱卒4.2
8970	二十一、文體活動（2）體育/卒崽過河當車使	卒崽過河當車使	卒崽过河当车使	tʃɐt5 tʃɐi35 kɔ33 hɔ21 tɔŋ33 ky55 ʃɐi35	zat1 zai2 go3 ho4 dong3 gyu1 sai2	卒崽過河當車使1.1
8971	二十一、文體活動（2）體育/卒崽過河當車使	卒崽過河當車使	卒崽过河当车使	tʃyt5 tʃɐi35 kɔ33 hɔ21 tɔŋ33 ky55 ʃɐi35	zyut1 zai2 go3 ho4 dong3 gyu1 sai2	卒崽過河當車使1.2
8972	二十一、文體活動（2）體育/卒仔過河當車使	卒仔過河當車使	卒仔过河当车使	tʃɐt5 tʃɐi35 kɔ33 hɔ21 tɔŋ33 ky55 ʃɐi35	zat1 zai2 go3 ho4 dong3 gyu1 sai2	卒仔過河當車使1.1，同「卒崽過河當車使」
8973	二十一、文體活動（2）體育/卒仔過河當車使	卒仔過河當車使	卒仔过河当车使	tʃyt5 tʃɐi35 kɔ33 hɔ21 tɔŋ33 ky55 ʃɐi35	zyut1 zai2 go3 ho4 dong3 gyu1 sai2	卒仔過河當車使1.2，同「卒崽過河當車使」
8974	二十一、文體活動（2）體育/上士	上士	上士	ʃœŋ24 ʃi22	soeng5 si6	上士1.1（下棋走士）
8975	二十一、文體活動（2）體育/上士	上士	上士	ʃœŋ24 sɿ22	soeng5 sy6	上士1.2（下棋走士）
8976	二十一、文體活動（2）體育/上士	撐士	撑士	tʃʰaŋ33 ʃi22	caang3 si6	上士2.1（下棋走士）
8977	二十一、文體活動（2）體育/上士	撐士	撑士	tʃʰaŋ33 sɿ22	caang3 sy6	上士2.2（下棋走士）
8978	二十一、文體活動（2）體育/落士	落士	落士	lɔk2 ʃi22	lok6 si6	落士1.1（下棋退士）
8979	二十一、文體活動（2）體育/落士	落士	落士	lɔk2 sɿ22	lok6 sy6	落士1.2（下棋退士）
8980	二十一、文體活動（2）體育/飛象	飛象	飞象	fi55 tʃœŋ22	fi1 zoeng6	飛象，下棋走象
8981	二十一、文體活動（2）體育/落象	落象	落象	lɔk2 tʃœŋ22	lok6 zoeng6	落象，下棋退象
8982	二十一、文體活動（2）體育/飛相	飛相	飞相	fi55 ɬœŋ33	fi1 sloeng3	飛相，下棋走相
8983	二十一、文體活動（2）體育/落相	落相	落相	lɔk2 ɬœŋ33	lok6 sloeng3	落相，下棋退相
8984	二十一、文體活動（2）體育/對車	對車	对车	tui33 ky55	dui3 gyu1	對車，下棋對車
8985	二十一、文體活動（2）體育/將軍	將軍	将军	tʃœŋ55 kʷɐn55	zoeng1 gwan1	將軍1，下棋將軍
8986	二十一、文體活動（2）體育/將軍	將	将	tʃœŋ55	zoeng1	將軍2，下棋將軍
8987	二十一、文體活動（2）體育/將死了	齊棋	齐棋	tʃʰɐi21 kʰi21	cai4 ki4	將死了
8988	二十一、文體活動（2）體育/食（棋子）	食	食	ʃek2	sik6	吃（棋子）
8989	二十一、文體活動（2）體育/蹬（馬～了）	踩	踩	tʃʰai35	caai2	蹬（馬～了）
8990	二十一、文體活動（2）體育/打（炮～過去）	打	打	ta35	daa2	打（炮～過去）
8991	二十一、文體活動（2）體育/和棋	和棋	和棋	wɔ21 kʰi21	wo4 ki4	和棋
8992	二十一、文體活動（2）體育/五子棋	五子棋	五子棋	tʃœk3 jɐu21	ng5 zi2 ki4	五子棋1.1
8993	二十一、文體活動（2）體育/五子棋	五子棋	五子棋	ʃɐu35 jɐu21	ng5 zy2 ki4	五子棋1.2
8994	二十一、文體活動（2）體育/三子棋（井字棋）	三子棋	三子棋	ɬam55 tʃi35 kʰi21	slaam1 zi2 ki4	三子棋1.1（井字棋）
8995	二十一、文體活動（2）體育/三子棋（井字棋）	三子棋	三子棋	ɬam55 tsɿ35 kʰi21	slaam1 zy2 ki4	三子棋1.2（井字棋）
8996	二十一、文體活動（2）體育/圍棋	圍棋	围棋	wɐi21 kʰi21	wai4 ki4	圍棋
8997	二十一、文體活動（2）體育/黑子	黑子	黑子	hɐk5 tʃi35	hak1 zi2	黑子1.1
8998	二十一、文體活動（2）體育/黑子	黑子	黑子	hɐk5 tsɿ35	hak1 zy2	黑子1.2
8999	二十一、文體活動（2）體育/白子	白子	白子	pak2 tʃi35	baak6 zi2	白子1.1
9000	二十一、文體活動（2）體育/白子	白子	白子	pak2 tsɿ35	baak6 zy2	白子1.2
9001	二十一、文體活動（2）體育/（圍棋的）眼	眼	眼	ŋɛn24	ngen5	（圍棋的）眼
9002	二十一、文體活動（2）體育/（圍棋的）做眼	做眼	做眼	tʃu33 ŋɛn24	zu3 ngen5	（圍棋的）做眼
9003	二十一、文體活動（2）體育/軍棋（陸戰棋）	軍棋	军棋	kʷɐn55 kʰi21	gwan1 ki4	軍棋（陸戰棋），有明棋、暗棋和翻棋三種玩法，傳統爲兩人對戰，20世紀80年代末中國網絡出現四國軍棋
9004	二十一、文體活動（2）體育/飛行棋	飛行棋	飞行棋	fi55 hɐŋ21 kʰi21	fi1 hang4 ki4	飛行棋
9005	二十一、文體活動（2）體育/跳棋（中國跳棋）	跳棋	跳棋	tʰiu33 kʰi21	tiu3 ki4	跳棋（中國跳棋），起源於英國
9006	二十一、文體活動（2）體育/國際跳棋	國際跳棋	国际跳棋	kɔk3 tʃɐi33 tʰiu33 kʰi21	gok3 zai3 tiu3 ki4	國際跳棋，定型於法國
9007	二十一、文體活動（2）體育/鬥獸棋	鬥獸棋	斗兽棋	tɐu33 ʃɐu33 kʰi21	dau3 sau3 ki4	鬥獸棋
9008	二十一、文體活動（2）體育/撲克	披	披	pʰɛ55	pe1	撲克，英語pair
9009	二十一、文體活動（2）體育/打撲克	打披	打披	ta35 pʰɛ55	daa2 pe1	打撲克1
9010	二十一、文體活動（2）體育/打撲克	耍披	耍披	ʃa35 pʰɛ55	saa2 pe1	打撲克2
9011	二十一、文體活動（2）體育/（撲克的）王	鬼	鬼	kʷɐi35	gwai2	（撲克的）王
9012	二十一、文體活動（2）體育/（撲克的）大王	大鬼	大鬼	tai22 kʷɐi35	daai6 gwai2	（撲克的）大王
9013	二十一、文體活動（2）體育/（撲克的）小王	細鬼	细鬼	ɬɐi33 kʷɐi35	slai3 gwai2	（撲克的）小王
9014	二十一、文體活動（2）體育/（撲克的）一	煙崽	烟崽	jin55 tʃɐi35	jin1 zai2	（撲克的）一1，撲克牌的A
9015	二十一、文體活動（2）體育/（撲克的）一	煙仔	烟仔	jin55 tʃɐi35	jin1 zai2	（撲克的）一1，撲克牌的A，同「煙崽」
9016	二十一、文體活動（2）體育/（撲克的）一	煙	烟	jin55	jin1	（撲克的）一2，撲克牌的A
9017	二十一、文體活動（2）體育/（撲克的）一	煙士	烟士	jin55 ʃi35	jin1 si2	（撲克的）一3.1，撲克牌的A，即英語ace
9018	二十一、文體活動（2）體育/（撲克的）一	煙士	烟士	jin55 sɿ35	jin1 sy2	（撲克的）一3.2，撲克牌的A，即英語ace
9019	二十一、文體活動（2）體育/（撲克的）二	二崽	二崽	ji22 tʃɐi35	ji6 zai2	（撲克的）二1，撲克牌的2
9020	二十一、文體活動（2）體育/（撲克的）二	二仔	二仔	ji22 tʃɐi35	ji6 zai2	（撲克的）二1，撲克牌的2，同「二崽」
9021	二十一、文體活動（2）體育/（撲克的）二	蛇崽	蛇崽	ʃɛ21 tʃɐi35	se4 zai2	（撲克的）二2，撲克牌的2
9022	二十一、文體活動（2）體育/（撲克的）二	蛇仔	蛇仔	ʃɛ21 tʃɐi35	se4 zai2	（撲克的）二2，撲克牌的2，同「蛇崽」
9023	二十一、文體活動（2）體育/（撲克的）K	傾	倾	kʰeŋ55	king1	（撲克的）K，老K，即英語king
9024	二十一、文體活動（2）體育/（撲克的）Q	敏	敏	mɐn24	man5	（撲克的）Q，撲克牌的Q
9025	二十一、文體活動（2）體育/（撲克的）J	鉤	钩	ŋɐu55	ngau1	（撲克的）J（1），撲克牌的J
9026	二十一、文體活動（2）體育/（撲克的）J	積	积	tʃek5	zik1	（撲克的）J（2），即英語Jack
9027	二十一、文體活動（2）體育/（撲克的）黑桃	葵扇	葵扇	kʷʰɐi21 ʃin33	kwai4 sin3	（撲克的）黑桃
9028	二十一、文體活動（2）體育/（撲克的）紅桃	紅桃	红桃	hʊŋ21 tʰu21	hung4 tu4	（撲克的）紅桃
9029	二十一、文體活動（2）體育/（撲克的）梅花	梅花	梅花	mui21 fa55	mui4 faa1	（撲克的）梅花
9030	二十一、文體活動（2）體育/（撲克的）方片	階磚	阶砖	kai55 tʃyn55	gaai1 zyun1	（撲克的）方片
9031	二十一、文體活動（2）體育/同花	同花	同花	tʰʊŋ21 fa55	tung4 faa1	同花，同一花色的排列
9032	二十一、文體活動（2）體育/壓大（爭上游）	壓大	压大	at3 tai22	aat3 daai6	壓大（爭上游），撲克的一種玩法
9033	二十一、文體活動（2）體育/打百分	打百分	打百分	ta35 pak3 fɐn55	daa2 baak3 fan1	打百分，撲克的一種玩法
9034	二十一、文體活動（2）體育/打拖拉機	打拖拉機	打拖拉机	ta35 tʰɔ55 lai55 ki55	daa2 to1 laai1 gi1	打拖拉機，撲克的一種玩法
9035	二十一、文體活動（2）體育/鋤大地（鋤大弟）	鋤大地	锄大地	tʃʰɔ21 tai22 ti22	co4 daai6 di6	鋤大地1（鋤大弟），撲克的一種玩法，「鋤大地」是「鋤大弟」的俗寫
9036	二十一、文體活動（2）體育/鋤大地（鋤大弟）	鋤大弟	锄大弟	tʃʰɔ21 tai22 ti35	co4 daai6 di2	鋤大地2（鋤大弟），撲克的一種玩法
9037	二十一、文體活動（2）體育/拔河	拔河	拔河	pat2 hɔ21	baat6 ho4	拔河1
9038	二十一、文體活動（2）體育/拔河	絣纜	絣缆	mɐŋ55 lam22	mang1 laam6	拔河2
9039	二十一、文體活動（2）體育/拔河	掹纜	掹缆	mɐŋ55 lam22	mang1 laam6	拔河2，同「絣纜」
9040	二十一、文體活動（2）體育/游泳	游水	游水	jɐu21 ʃui35	jau4 sui2	游泳
9041	二十一、文體活動（2）體育/仰泳	仰泳	仰泳	ŋɔŋ24 weŋ24	ngong5 wing5	仰泳
9042	二十一、文體活動（2）體育/蛙泳	蛙泳	蛙泳	wa55 weŋ24	waa1 wing5	蛙泳
9043	二十一、文體活動（2）體育/自由泳	自由泳	自由泳	tʃi22 jɐu21 weŋ24	zi6 jau4 wing5	自由泳1.1
9044	二十一、文體活動（2）體育/自由泳	自由泳	自由泳	tsɿ22 jɐu21 weŋ24	zy6 jau4 wing5	自由泳1.2
9045	二十一、文體活動（2）體育/狗刨式	狗爬	狗爬	kɐu35 pʰa21	gau2 paa4	狗刨式
9046	二十一、文體活動（2）體育/潛水	沕水	沕水	mi33 ʃui35	mi3 sui2	潛水1
9047	二十一、文體活動（2）體育/潛水	沉水	沉水	tʃʰɐm21 ʃui35	cam4 sui2	潛水2
9048	二十一、文體活動（2）體育/跳水	插水	插水	tʃʰɛp3 ʃui35	cep3 sui2	跳水1
9049	二十一、文體活動（2）體育/跳水	跳水	跳水	tʰiu33 ʃui35	tiu3 sui2	跳水2
9050	二十一、文體活動（2）體育/打球	打波	打波	ta35 pɔ55	daa2 bo1	打球1，「波」爲英語ball音譯
9051	二十一、文體活動（2）體育/打球	打球	打球	ta35 kʰɐu21	daa2 kau4	打球2
9052	二十一、文體活動（2）體育/踢球	踢波	踢波	tʰɛk3 pɔ55	tek3 bo1	踢球1，「波」爲英語ball音譯
9053	二十一、文體活動（2）體育/踢球	踢球	踢球	tʰɛk3 kʰɐu21	tek3 kau4	踢球2
9054	二十一、文體活動（2）體育/看球賽	睇球賽	睇球赛	tʰɐi35 kʰɐu21 ʃɔi33	tai2 kau4 soi3	看球賽
9055	二十一、文體活動（2）體育/看打球	睇打波	睇打波	tʰɐi35 ta35 pɔ55	tai2 daa2 bo1	看打球1，「波」爲英語ball音譯
9056	二十一、文體活動（2）體育/看打球	睇打球	睇打球	tʰɐi35 ta35 kʰɐu21	tai2 daa2 kau4	看打球2
9057	二十一、文體活動（2）體育/看踢球	睇踢波	睇踢波	tʰɐi35 tʰɛk3 pɔ55	tai2 tek3 bo1	看踢球1，「波」爲英語ball音譯
9058	二十一、文體活動（2）體育/看踢球	睇踢球	睇踢球	tʰɐi35 tʰɛk3 kʰɐu21	tai2 tek3 kau4	看踢球2
9059	二十一、文體活動（2）體育/賽球	兼波	兼波	kɛm55 pɔ55	gem1 bo1	賽球，「兼波」爲英語GameBall音譯
9060	二十一、文體活動（2）體育/打賭	輸賭	输赌	ʃy55 tu35	syu1 du2	打賭
9061	二十一、文體活動（2）體育/乒乓球	檯球	台球	tʰɔi21 kʰɐu21	toi4 kau4	乒乓球1
9062	二十一、文體活動（2）體育/乒乓球	乒乓球	乒乓球	peŋ55 paŋ55 kʰɐu21	bing1 baang1 kau4	乒乓球2.1
9063	二十一、文體活動（2）體育/乒乓球	乒乓球	乒乓球	peŋ55 pɔŋ55 kʰɐu21	bing1 bong1 kau4	乒乓球2.2
9064	二十一、文體活動（2）體育/光板	光板	光板	kɔŋ55 pan35	gong1 baan2	光板，無膠面的乒乓球拍
9065	二十一、文體活動（2）體育/海棉拍	海棉拍	海棉拍	hɔi35 min21 pʰak3	hoi2 min4 paak3	海棉拍
9066	二十一、文體活動（2）體育/籃球	籃球	篮球	lam21 kʰɐu21	laam4 kau4	籃球
9067	二十一、文體活動（2）體育/排球	排球	排球	pʰai21 kʰɐu21	paai4 kau4	排球
9068	二十一、文體活動（2）體育/足球	足球	足球	tʃʊk5 kʰɐu21	zuk1 kau4	足球
9069	二十一、文體活動（2）體育/被球擊中	食波餅	食波饼	ʃek2 pɔ55 pɛŋ35	sik6 bo1 beng2	被球打到身上
9070	二十一、文體活動（2）體育/羽毛球	羽毛球	羽毛球	jy24 mu21 kʰɐu21	jyu5 mu4 kau4	羽毛球
9071	二十一、文體活動（2）體育/發球	發球	发球	fat3 kʰɐu21	faat3 kau4	發球
9072	二十一、文體活動（2）體育/（球）出界	出界	出界	tʃʰyt5 kai33	cyut1 gaai3	（球）出界
9073	二十一、文體活動（2）體育/淘汰	兼	兼	kɛm55	gem1	淘汰，出局，英語GameOver音譯
9074	二十一、文體活動（2）體育/打敗	收	收	ʃɐu55	sau1	打敗
9075	二十一、文體活動（2）體育/跳遠	跳遠	跳远	tʰiu33 jyn24	tiu3 jyun5	跳遠
9076	二十一、文體活動（2）體育/跳高	跳高	跳高	tʰiu33 ku55	tiu3 gu1	跳高
9077	二十一、文體活動（2）體育/哨子	哨機	哨机	ʃau33 kɐi55	saau3 gai1	哨子1
9078	二十一、文體活動（2）體育/哨子	唿唿	唿唿	fɛt5 fɛt5	fet1 fet1	哨子2
9079	二十一、文體活動（2）體育/吹哨子	吹唿唿	吹唿唿	tʃʰui55 fɛt5 fɛt5	cui1 fet1 fet1	吹哨子1
9080	二十一、文體活動（2）體育/吹哨子	吹機	吹机	tʃʰui55 kɐi55	cui1 gai1	吹哨子2
9081	二十一、文體活動（2）體育/溜冰	溜冰	溜冰	liu55 peŋ55	liu1 bing1	溜冰1
9082	二十一、文體活動（2）體育/溜冰	踩雪屐	踩雪屐	tʃʰai35 ɬyt3 kʰɛk5	caai2 slyut3 kek1	溜冰2
9083	二十一、文體活動（3）武術、舞蹈/武術	工夫	工夫	kʊŋ55 fu55	gung1 fu1	武術2
9084	二十一、文體活動（3）武術、舞蹈/武術	耍工夫	耍工夫	ʃa35 kʊŋ55 fu55	saa2 gung1 fu1	武術3
9085	二十一、文體活動（3）武術、舞蹈/武術	打工夫	打工夫	ta35 kʊŋ55 fu55	daa2 gung1 fu1	武術4
9086	二十一、文體活動（3）武術、舞蹈/打太極拳	打太極拳	打太极拳	ta35 tʰai33 kek2 kʰyn21	daa2 taai3 gik6 kyun4	打太極拳
9087	二十一、文體活動（3）武術、舞蹈/做氣功	做氣功	做气功	tʃu33 hi33 kʊŋ55	zu3 hi3 gung1	做氣功
9088	二十一、文體活動（3）武術、舞蹈/翻跟頭	翻跟斗	翻跟斗	fan55 kɐn55 tɐu35	faan1 gan1 dau2	翻跟頭1，本字「翻筋斗」
9089	二十一、文體活動（3）武術、舞蹈/翻跟頭	打跟斗	打跟斗	ta35 kɐn55 tɐu35	daa2 gan1 dau2	翻跟頭2，本字「打筋斗」
9090	二十一、文體活動（3）武術、舞蹈/翻跟頭	打關斗	打关斗	ta35 kʷan55 tɐu35	daa2 gwaan1 dau2	翻跟頭3，源自「打筋斗」
9091	二十一、文體活動（3）武術、舞蹈/打車輪子	連續翻	连续翻	lin21 tʃʊk2 fan55	lin4 zuk6 faan1	連續翻好幾個跟頭
9092	二十一、文體活動（3）武術、舞蹈/空翻	打無頭跟斗	打无头跟斗	ta35 mu21 tʰɐu21 kɐn55 tɐu35	daa2 mu4 tau4 gan1 dau2	空翻，手不撐地
9093	二十一、文體活動（3）武術、舞蹈/倒立	豎芭蕉	竖芭蕉	ʃy22 pa55 tʃiu55	syu6 baa1 ziu1	倒立、拿頂
9094	二十一、文體活動（3）武術、舞蹈/紮馬步	紮馬步	扎马步	tʃap3 ma24 pu22	zaap3 maa5 bu6	紮馬步1
9095	二十一、文體活動（3）武術、舞蹈/紮馬步	紮屙屎馬	扎屙屎马	tʃap3 ɔ55 ʃi35 ma24	zaap3 o1 si2 maa5	紮馬步2
9096	二十一、文體活動（3）武術、舞蹈/舞獅子	舞獅子	舞狮子	mu24 ʃi55 tʃi35	mu5 si1 zi2	舞獅子1.1
9097	二十一、文體活動（3）武術、舞蹈/舞獅子	舞獅子	舞狮子	mu24 sɿ55 tsɿ35	mu5 sy1 zy2	舞獅子1.2
9098	二十一、文體活動（3）武術、舞蹈/舞獅子	舞獅	舞狮	mu24 ʃi55	mu5 si1	舞獅子2.1
9099	二十一、文體活動（3）武術、舞蹈/舞獅子	舞獅	舞狮	mu24 sɿ55	mu5 sy1	舞獅子2.2
9100	二十一、文體活動（3）武術、舞蹈/舞龍	舞龍	舞龙	mu24 lʊŋ21	mu5 lung4	舞龍
9101	二十一、文體活動（3）武術、舞蹈/香火龍	香火龍	香火龙	hœŋ55 fɔ35 lʊŋ21	hoeng1 fo2 lung4	香火龍，良慶區良慶鎮的傳統民俗，見1992年《南寧文史資料·總第十四輯（文化專輯）》P79
9102	二十一、文體活動（3）武術、舞蹈/踩高蹺	踩高腳	踩高脚	tʃʰai35 ku55 kœk3	caai2 gu1 goek3	踩高蹺1，本字「踩高屩」
9103	二十一、文體活動（3）武術、舞蹈/踩高蹺	踩高腳瘸	踩高脚瘸	tʃʰai35 ku55 kœk3 kʷʰɛ21	caai2 gu1 goek3 kwe4	踩高蹺2，本字「踩高屩瘸」
9104	二十一、文體活動（3）武術、舞蹈/高蹺	高腳	高脚	ku55 kœk3	gu1 goek3	高蹺1，本字「高屩」
9105	二十一、文體活動（3）武術、舞蹈/高蹺	高腳瘸	高脚瘸	ku55 kœk3 kʷʰɛ21	gu1 goek3 kwe4	高蹺2，本字「高屩瘸」
9106	二十一、文體活動（3）武術、舞蹈/對刀	對刀	对刀	tui33 tu55	dui3 du1	對刀
9107	二十一、文體活動（3）武術、舞蹈/耍刀	耍刀	耍刀	ʃa35 tu55	saa2 du1	耍刀1
9108	二十一、文體活動（3）武術、舞蹈/耍刀	舞刀	舞刀	mu24 tu55	mu5 du1	耍刀2
9109	二十一、文體活動（3）武術、舞蹈/對槍	對槍	对枪	tui33 tʃʰœŋ55	dui3 coeng1	對槍
9110	二十一、文體活動（3）武術、舞蹈/耍槍	耍槍	耍枪	ʃa35 tʃʰœŋ55	saa2 coeng1	耍槍1
9111	二十一、文體活動（3）武術、舞蹈/耍槍	舞槍	舞枪	mu24 tʃʰœŋ55	mu5 coeng1	耍槍2
9112	二十一、文體活動（3）武術、舞蹈/舞劍	舞劍	舞剑	mu24 kim33	mu5 gim3	舞劍1
9113	二十一、文體活動（3）武術、舞蹈/舞劍	耍劍	耍剑	ʃa35 kim33	saa2 gim3	舞劍2
9114	二十一、文體活動（3）武術、舞蹈/耍流星錘	耍流星	耍流星	ʃa35 lɐu21 ɬeŋ55	saa2 lau4 sling1	耍流星錘
9115	二十一、文體活動（3）武術、舞蹈/扭秧歌兒	扭秧歌	扭秧歌	nɐu35 jœŋ55 kɔ55	nau2 joeng1 go1	扭秧歌兒
9116	二十一、文體活動（3）武術、舞蹈/打腰鼓	打腰鼓	打腰鼓	ta35 jiu55 ku35	daa2 jiu1 gu2	打腰鼓，源自北方，在20世紀50年代初短暫傳入過南寧，見1992年《南寧文史資料·總第十四輯（文化專輯）》P81
9117	二十一、文體活動（3）武術、舞蹈/唱歌	唱歌	唱歌	tʃʰœŋ33 kɔ55	coeng3 go1	唱歌
9118	二十一、文體活動（3）武術、舞蹈/跳舞	跳舞	跳舞	tʰiu33 mu24	tiu3 mu5	跳舞
9119	二十一、文體活動（3）武術、舞蹈/帶勁的流行歌舞	勁歌舞	劲歌舞	keŋ22 kɔ55 mu24	ging6 go1 mu5	帶勁的流行歌舞
9120	二十一、文體活動（3）武術、舞蹈/舞場	舞廳	舞厅	mu24 tʰɛŋ55	mu5 teng1	舞場
9121	二十一、文體活動（4）戲劇/說書	講古	讲古	kɔŋ35 ku35	gong2 gu2	說書
9122	二十一、文體活動（4）戲劇/講故事	講古崽	讲古崽	kɔŋ35 ku35 tʃɐi35	gong2 gu2 zai2	講故事1
9123	二十一、文體活動（4）戲劇/講故事	講古仔	讲古仔	kɔŋ35 ku35 tʃɐi35	gong2 gu2 zai2	講故事1，同「講古崽」
9124	二十一、文體活動（4）戲劇/講故事	講古	讲古	kɔŋ35 ku35	gong2 gu2	講故事2
9125	二十一、文體活動（4）戲劇/故事	古崽	古崽	ku35 tʃɐi35	gu2 zai2	故事1
9126	二十一、文體活動（4）戲劇/故事	古仔	古仔	ku35 tʃɐi35	gu2 zai2	故事1，同「古崽」
9127	二十一、文體活動（4）戲劇/故事	古	古	ku35	gu2	故事2
9128	二十一、文體活動（4）戲劇/鬼故事	鬼古	鬼古	kʷɐi35 ku35	gwai2 gu2	鬼故事
9129	二十一、文體活動（4）戲劇/木偶戲	木偶戲	木偶戏	mʊk2 ŋɐu24 hi33	muk6 ngau5 hi3	木偶戲1
9130	二十一、文體活動（4）戲劇/木偶戲	木偶	木偶	mʊk2 ŋɐu24	muk6 ngau5	木偶戲2
9131	二十一、文體活動（4）戲劇/皮影戲	皮影戲	皮影戏	pʰi21 jeŋ35 hi33	pi4 jing2 hi3	皮影戲
9132	二十一、文體活動（4）戲劇/戲劇	大戲	大戏	tai22 hi33	daai6 hi3	戲劇，特指粵劇
9133	二十一、文體活動（4）戲劇/京劇	京劇	京剧	keŋ55 kʰɛk2	ging1 kek6	京劇
9134	二十一、文體活動（4）戲劇/粵劇	粵劇	粤剧	jyt2 kʰɛk2	jyut6 kek6	粵劇
9135	二十一、文體活動（4）戲劇/看粵劇	睇粵劇	睇粤剧	tʰɐi35 jyt2 kʰɛk2	tai2 jyut6 kek6	看粵劇
9136	二十一、文體活動（4）戲劇/粵曲	粵曲	粤曲	jyt2 kʰʊk5	jyut6 kuk1	粵曲
9137	二十一、文體活動（4）戲劇/邕劇	邕劇	邕剧	jʊŋ55 kʰɛk2	jung1 kek6	邕劇
9138	二十一、文體活動（4）戲劇/師公戲	師公戲	师公戏	ʃi55 kʊŋ55 hi33	si1 gung1 hi3	師公戲1.1，平話方言地方戲
9139	二十一、文體活動（4）戲劇/師公戲	師公戲	师公戏	sɿ55 kʊŋ55 hi33	sy1 gung1 hi3	師公戲1.2，平話方言地方戲
9140	二十一、文體活動（4）戲劇/話劇	話劇	话剧	wa35 kʰɛk2	waa2 kek6	話劇
9141	二十一、文體活動（4）戲劇/戲院	戲院	戏院	hi33 jyn35	hi3 jyun2	戲院
9142	二十一、文體活動（4）戲劇/戲臺	戲臺	戏台	hi33 tʰɔi21	hi3 toi4	戲臺1
9143	二十一、文體活動（4）戲劇/戲臺	舞臺	舞台	mu24 tʰɔi21	mu5 toi4	戲臺2
9144	二十一、文體活動（4）戲劇/搭臺	搭臺	搭台	tap3 tʰɔi21	daap3 toi4	搭臺，特指搭戲臺
9145	二十一、文體活動（4）戲劇/開戲	開臺	开台	hɔi55 tʰɔi21	hoi1 toi4	開戲1
9146	二十一、文體活動（4）戲劇/開戲	開場	开场	hɔi55 tʃʰœŋ21	hoi1 coeng4	開戲2
9147	二十一、文體活動（4）戲劇/散場	散場	散场	ɬan33 tʃʰœŋ21	slaan3 coeng4	散場1
9148	二十一、文體活動（4）戲劇/散場	散戲	散戏	ɬan33 hi33	slaan3 hi3	散場2
9149	二十一、文體活動（4）戲劇/演員	演員	演员	jim35 jyn21	jim2 jyun4	演員，現代
9150	二十一、文體活動（4）戲劇/演員	戲子	戏子	hi33 tʃi35	hi3 zi2	演員1.1，舊時
9151	二十一、文體活動（4）戲劇/演員	戲子	戏子	hi33 tsɿ35	hi3 zy2	演員1.2，舊時
9152	二十一、文體活動（4）戲劇/演員	唱戲佬	唱戏佬	tʃʰœŋ33 hi33 lu35	coeng3 hi3 lu2	演員2，舊時
9153	二十一、文體活動（4）戲劇/演員	戲班佬	戏班佬	hi55 pan55 lu35	hi1 baan1 lu2	演員3，舊時
9154	二十一、文體活動（4）戲劇/演戲	唱戲	唱戏	tʃʰœŋ33 hi33	coeng3 hi3	演戲，舊時
9155	二十一、文體活動（4）戲劇/變戲法	耍把戲	耍把戏	ʃa35 pa35 hi33	saa2 baa2 hi3	變戲法1，魔術
9156	二十一、文體活動（4）戲劇/變戲法	耍魔術	耍魔术	ʃa35 mɔ55 ʃɐt2	saa2 mo1 sat6	變戲法2.1，現代
9157	二十一、文體活動（4）戲劇/變戲法	耍魔術	耍魔术	ʃa35 mɔ55 ɬɐt2	saa2 mo1 slat6	變戲法2.2，現代
9158	二十一、文體活動（4）戲劇/變戲法	耍魔術	耍魔术	ʃa35 mɔ55 ɬyt2	saa2 mo1 slyut6	變戲法2.3，現代
9159	二十一、文體活動（4）戲劇/魔術師	把戲佬	把戏佬	pa35 hi33 lu35	baa2 hi3 lu2	魔術師，舊時
9160	二十一、文體活動（4）戲劇/魔術師	魔術師	魔术师	mɔ55 ʃɐt2 ʃi55	mo1 sat6 si1	魔術師1.1，現代
9161	二十一、文體活動（4）戲劇/魔術師	魔術師	魔术师	mɔ55 ɬɐt2 ʃi55	mo1 slat6 si1	魔術師1.2，現代
9162	二十一、文體活動（4）戲劇/魔術師	魔術師	魔术师	mɔ55 ɬɐt2 sɿ55	mo1 slat6 sy1	魔術師1.3，現代
9163	二十一、文體活動（4）戲劇/魔術師	魔術師	魔术师	mɔ55 ɬyt2 sɿ55	mo1 slyut6 sy1	魔術師1.4，現代
9164	二十一、文體活動（4）戲劇/花臉	大花面	大花面	tai22 fa55 min22	daai6 faa1 min6	大花臉
9165	二十一、文體活動（4）戲劇/小丑	丑角	丑角	tʃʰɐu35 kɔk3	cau2 gok3	小丑
9166	二十一、文體活動（4）戲劇/二花臉	二花面	二花面	ji22 fa55 min22	ji6 faa1 min6	二花臉
9167	二十一、文體活動（4）戲劇/老生	老生	老生	lu24 ʃaŋ55	lu5 saang1	老生1
9168	二十一、文體活動（4）戲劇/老生	鬚生	须生	ɬu55 ʃaŋ55	slu1 saang1	老生2.1
9169	二十一、文體活動（4）戲劇/老生	鬚生	须生	ʃy55 ʃaŋ55	syu1 saang1	老生2.2
9170	二十一、文體活動（4）戲劇/小生	小生	小生	ɬiu35 ʃaŋ55	sliu2 saang1	小生
9171	二十一、文體活動（4）戲劇/武生	武生	武生	mu24 ʃaŋ55	mu5 saang1	武生
9172	二十一、文體活動（4）戲劇/文武生	文武生	文武生	mɐn21 mu24 ʃaŋ55	man4 mu5 saang1	文武生
9173	二十一、文體活動（4）戲劇/刀馬旦	刀馬旦	刀马旦	tu55 ma24 tan33	du1 maa5 daan3	刀馬旦1
9174	二十一、文體活動（4）戲劇/刀馬旦	武旦	武旦	mu24 tan33	mu5 daan3	刀馬旦2
9175	二十一、文體活動（4）戲劇/刀馬旦	馬旦	马旦	ma24 tan33	maa5 daan3	刀馬旦3
9176	二十一、文體活動（4）戲劇/老旦	老旦	老旦	lu24 tan33	lu5 daan3	老旦
9177	二十一、文體活動（4）戲劇/青衣	青衣	青衣	tʃʰeŋ55 ji55	cing1 ji1	青衣1
9178	二十一、文體活動（4）戲劇/青衣	正旦	正旦	tʃeŋ33 tan33	zing3 daan3	青衣2
9179	二十一、文體活動（4）戲劇/花旦	花旦	花旦	fa55 tan33	faa1 daan3	花旦
9180	二十一、文體活動（4）戲劇/小旦	小旦	小旦	ɬiu35 tan33	sliu2 daan3	小旦
9181	二十一、文體活動（4）戲劇/跑龍套的	跑龍套嘅	跑龙套嘅	pʰau35 lʊŋ21 tʰu33 kɛ33	paau2 lung4 tu3 ge3	跑龍套的
9182	二十一、文體活動（4）戲劇/面具	鬼面殼	鬼面壳	kʷɐi35 min22 hɔk3	gwai2 min6 hok3	面具，戲曲的
9183	二十一、文體活動（4）戲劇/變臉	變面	变面	pin33 min22	bin3 min6	變臉，戲曲的
9184	二十一、文體活動（4）戲劇/看戲	睇戲	睇戏	tʰɐi35 hi33	tai2 hi3	看戲
9185	二十一、文體活動（4）戲劇/看粵劇	睇大戲	睇大戏	tʰɐi35 tai22 hi33	tai2 daai6 hi3	看粵劇
9186	二十一、文體活動（4）戲劇/看電影	睇電影	睇电影	tʰɐi35 tin22 jeŋ35	tai2 din6 jing2	看電影
9187	二十一、文體活動（4）戲劇/看電視	睇電視	睇电视	tʰɐi35 tin22 ʃi22	tai2 din6 si6	看電視
9188	二十一、文體活動（4）戲劇/買票	買票	买票	mai24 pʰiu33	maai5 piu3	買票1
9189	二十一、文體活動（4）戲劇/買票	買飛	买飞	mai24 fi55	maai5 fi1	買票2
9190	二十一、文體活動（4）戲劇/二胡	枒枒	枒枒	ŋɛ21 ŋɛ55	nge4 nge1	二胡，擬聲得名
9191	二十一、文體活動（4）戲劇/拉二胡	扯枒枒	扯枒枒	tʃʰɛ35 ŋɛ21 ŋɛ55	ce2 nge4 nge1	拉二胡
9192	二十一、文體活動（4）戲劇/嗩吶	嗬哆	嗬哆	hœ21 tœ55	hoe4 doe1	嗩吶1.1，擬聲得名，也讀[hœ21 tɛ55]
9193	二十一、文體活動（4）戲劇/嗩吶	嗬哆	嗬哆	hɔ21 tɛ55	ho4 de1	嗩吶1.2，擬聲得名
9194	二十一、文體活動（4）戲劇/嗩吶	啲咑	啲咑	ti55 ta33	di1 daa3	嗩吶2，擬聲得名
9195	二十一、文體活動（4）戲劇/嗩吶聲	啲啲咑咑	啲啲咑咑	ti55 ti55 ta33 ta33	di1 di1 daa3 daa3	嗩吶聲
9196	二十一、文體活動（4）戲劇/銅鑼	凸鎊	凸镑	tɐt2 pɔŋ22	dat6 bong6	銅鑼1，擬聲得名
9197	二十一、文體活動（4）戲劇/銅鑼	呯呯	呯呯	pʰɛŋ21 pʰɛŋ21	peng4 peng4	銅鑼2，擬聲得名
9198	二十一、文體活動（4）戲劇/鑼鼓	鑼鼓	锣鼓	lɔ21 ku35	lo4 gu2	鑼鼓
9199	二十一、文體活動（4）戲劇/笛子	笛	笛	tek2	dik6	笛子
9200	二十一、文體活動（4）戲劇/小鈸	鑔	镲	tʃʰa35	caa2	小鈸1
9201	二十一、文體活動（4）戲劇/小鈸	鍖鍖	鍖鍖	tʃʰɛm35 tʃʰɛm35	cem2 cem2	小鈸2，擬聲得名
9202	二十一、文體活動（4）戲劇/木魚	𢷕𢷕	𢷕𢷕	mɔk5 mɔk5	mok1 mok1	木魚
9203	二十一、文體活動（4）戲劇/敲木魚	敲𢷕𢷕	敲𢷕𢷕	hau55 mɔk5 mɔk5	haau1 mok1 mok1	敲木魚
9204	二十一、文體活動（4）戲劇/吉他	結他	结他	kit3 tʰa55	git3 taa1	吉他，英語guitar
9205	二十一、文體活動（4）戲劇/八音盒	八音盒	八音盒	pɛt3 jɐm55 hɐp2	bet3 jam1 hap6	八音盒1.1
9206	二十一、文體活動（4）戲劇/八音盒	八音盒	八音盒	pat3 jɐm55 hɐp2	baat3 jam1 hap6	八音盒1.2
9207	二十一、文體活動（4）戲劇/八音盒	音樂盒	音乐盒	jɐm55 ŋɔk2 hɐp2	jam1 ngok6 hap6	八音盒2
9208	二十二、動作（1）一般動作/站	徛	徛	kʰi24	ki5	站
9209	二十二、動作（1）一般動作/站着	徛住	徛住	kʰi24 tʃy22	ki5 zyu6	站着
9210	二十二、動作（1）一般動作/一動不動站着	徛獨獨	徛独独	kʰi24 tʊk2 tʊk2	ki5 duk6 duk6	一動不動站着1
9211	二十二、動作（1）一般動作/一動不動站着	徛蹬蹬	徛蹬蹬	kʰi24 ŋɐŋ22 ŋɐŋ22	ki5 ngang6 ngang6	一動不動站着2，直直地站着
9212	二十二、動作（1）一般動作/坐	坐	坐	tʃʰɔ24	co5	坐
9213	二十二、動作（1）一般動作/坐下	坐落來	坐落来	tʃʰɔ24 lɔk2 lɐi21	co5 lok6 lai4	坐下
9214	二十二、動作（1）一般動作/穩穩地坐着	坐定定	坐定定	tʃʰɔ24 teŋ22 teŋ22	co5 ding6 ding6	穩穩地坐着1
9215	二十二、動作（1）一般動作/穩穩地坐着	定定坐	定定坐	teŋ22 teŋ22 tʃʰɔ24	ding6 ding6 co5	穩穩地坐着2
9216	二十二、動作（1）一般動作/癱坐貌	坐跋躠	坐跋躠	tʃʰɔ24 pʰat2 ɬat2	co5 paat6 slaat6	癱坐貌
9217	二十二、動作（1）一般動作/蹲	踎	踎	mɐu55	mau1	蹲
9218	二十二、動作（1）一般動作/靠	挨	挨	ai55	aai1	靠1，倚
9219	二十二、動作（1）一般動作/靠	凭	凭	pɐŋ22	bang6	靠2，倚
9220	二十二、動作（1）一般動作/倚靠	挨挨凭凭	挨挨凭凭	ai55 ai55 pɐŋ22 pɐŋ22	aai1 aai1 bang6 bang6	倚靠
9221	二十二、動作（1）一般動作/推	擁	拥	ʊŋ35	ung2	推
9222	二十二、動作（1）一般動作/擠	擠	挤	tʃi55	zi1	擠1，動詞
9223	二十二、動作（1）一般動作/擠	擁	拥	ʊŋ35	ung2	擠2，動詞
9224	二十二、動作（1）一般動作/擠	骲	骲	pɛu22	beu6	擠3，動詞
9225	二十二、動作（1）一般動作/擠	擳	擳	tʃɛt5	zet1	擠4，動詞
9226	二十二、動作（1）一般動作/擠	擠	挤	tʃi55	zi1	擠，形容詞
9227	二十二、動作（1）一般動作/擁擠貌	擠喳喳	挤喳喳	tʃi55 tʃa21 tʃa21	zi1 zaa4 zaa4	擁擠貌
9228	二十二、動作（1）一般動作/擠水濺出	泌	泌	pɛt5	bet1	擠水濺出1
9229	二十二、動作（1）一般動作/擠水濺出	瀄	瀄	tʃɛt5	zet1	擠水濺出2
9230	二十二、動作（1）一般動作/擠水濺出	泌瀄	泌瀄	pɛt5 tʃɛt5	bet1 zet1	擠水濺出3，引申爲排斥、開除
9231	二十二、動作（1）一般動作/出泡沫	起泡	起泡	hi35 pʰu24	hi2 pu5	出泡沫
9232	二十二、動作（1）一般動作/出水皰	起泡	起泡	hi35 pʰɛu33	hi2 peu3	出水皰
9233	二十二、動作（1）一般動作/豎	戙	戙	tʊŋ22	dung6	豎，動詞
9234	二十二、動作（1）一般動作/豎起	戙起身	戙起身	tʊŋ22 hi35 ʃɐn55	dung6 hi2 san1	豎起
9235	二十二、動作（1）一般動作/絆着、掛着	纊	纩	kʷʰɐŋ33	kwang3	絆着、掛着
9236	二十二、動作（1）一般動作/硌	哽	哽	ɐŋ35	ang2	硌1，阻擋、卡、阻隔，～腳，硌腳
9237	二十二、動作（1）一般動作/硌	硌	硌	kɐk2	gak6	硌2，阻擋、卡、阻隔，～住，卡着
9238	二十二、動作（1）一般動作/硌	羈疙	羁疙	ki55 kɐt2	gi1 gat6	硌3，梗阻、妨礙，俗作「嘰趷」
9239	二十二、動作（1）一般動作/停頓	窒	窒	tʃɐt2	zat6	停頓，～一下，停頓一下
9240	二十二、動作（1）一般動作/攔截	掕	掕	lɐŋ21	lang4	攔截1
9241	二十二、動作（1）一般動作/攔截	槎住	槎住	tʃa22 tʃy22	zaa6 zyu6	攔截2
9242	二十二、動作（1）一般動作/碰、磕、撞	撞	撞	tʃɔŋ22	zong6	碰1，磕、撞
9243	二十二、動作（1）一般動作/碰、磕、撞	碰	碰	pʰʊŋ33	pung3	碰2，磕、撞
9244	二十二、動作（1）一般動作/碰、磕、撞	磕	磕	hɐp5	hap1	碰3，磕、撞
9245	二十二、動作（1）一般動作/碰、磕、撞	扻	扻	hɐm35	ham2	碰4，磕、撞
9246	二十二、動作（1）一般動作/（以頭）撞	揼	揼	tɐm55	dam1	（以頭）撞，假借字，疑本字「揕」
9247	二十二、動作（1）一般動作/摔、跌	跌	跌	tit3	dit3	摔、跌1
9248	二十二、動作（1）一般動作/摔、跌	躂	跶	tat3	daat3	摔、跌2，罕用
9249	二十二、動作（1）一般動作/摔倒	跌交	跌交	tit3 kɛu55	dit3 geu1	摔倒1
9250	二十二、動作（1）一般動作/摔倒	𢴬交	𢴬交	pan33 kɛu55	baan3 geu1	摔倒2
9251	二十二、動作（1）一般動作/摔倒	打跌	打跌	ta35 tit3	daa2 dit3	摔倒3
9252	二十二、動作（1）一般動作/摔倒	拂交	拂交	fɐt5 kɛu55	fat1 geu1	摔倒4
9253	二十二、動作（1）一般動作/摔了	跌哂	跌哂	tit3 ɬai33	dit3 slaai3	摔了1
9254	二十二、動作（1）一般動作/摔了	跌啊	跌啊	tit3 a33	dit3 aa3	摔了2
9255	二十二、動作（1）一般動作/倒地有聲	跌跫緪	跌跫𬘵	tit3 kʊŋ21 kɐŋ21	dit3 gung4 gang4	倒地有聲
9256	二十二、動作（1）一般動作/仰八叉貌	仰跋躠	仰跋躠	ŋɔŋ24 pʰat2 ɬat2	ngong5 paat6 slaat6	仰八叉貌，（跌了個）四仰八叉，應與詞綴「八叉」同源
9257	二十二、動作（1）一般動作/腳步聲	跫跫聲	跫跫声	kʊŋ21 kʊŋ21 ʃɛŋ55	gung4 gung4 seng1	腳步聲，轟轟響
9258	二十二、動作（1）一般動作/起來	起身	起身	hi35 ʃɐn55	hi2 san1	起來
9259	二十二、動作（1）一般動作/爬起來	爬起身	爬起身	pʰa21 hi35 ʃɐn55	paa4 hi2 san1	爬起來
9260	二十二、動作（1）一般動作/個挨個	排列列	排列列	pʰai21 lɛt2 lɛt2	paai4 let6 let6	個挨個，「列列」源自元代的「剌剌（象聲詞）」
9261	二十二、動作（1）一般動作/成排地躺	睡列列	睡列列	ʃui22 lat2 lat2	sui6 laat6 laat6	成排地躺，「列列」源自元代的「剌剌（象聲詞）」
9262	二十二、動作（1）一般動作/顛倒	倒矴	倒矴	tu33 tɛŋ33	du3 deng3	顛倒1，倒掛、倒置
9263	二十二、動作（1）一般動作/顛倒	倒挑	倒挑	tu33 tʰɛu35	du3 teu2	顛倒2，倒掛、倒置
9264	二十二、動作（1）一般動作/倒過來	打倒矴	打倒矴	ta35 tu33 tɛŋ33	daa2 du3 deng3	倒過來
9265	二十二、動作（1）一般動作/搖頭	揈頭	揈头	fɐŋ33 tʰɐu21	fang3 tau4	搖頭1
9266	二十二、動作（1）一般動作/搖頭	擺頭	摆头	pai35 tʰɐu21	baai2 tau4	搖頭2
9267	二十二、動作（1）一般動作/搖頭	搖頭	摇头	jiu21 tʰɐu21	jiu4 tau4	搖頭3
9268	二十二、動作（1）一般動作/搖頭	摒頭	摒头	feŋ33 tʰɐu21	fing3 tau4	搖頭4
9269	二十二、動作（1）一般動作/點頭	點頭	点头	tim35 tʰɐu21	dim2 tau4	點頭1
9270	二十二、動作（1）一般動作/點頭	𩪤頭	𩪤头	ŋɐp2 tʰɐu21	ngap6 tau4	點頭2
9271	二十二、動作（1）一般動作/點頭	顉頭	顉头	ŋɐm55 tʰɐu21	ngam1 tau4	點頭3
9272	二十二、動作（1）一般動作/擡頭	擡頭	抬头	tʰɔi21 tʰɐu21	toi4 tau4	擡頭1
9273	二十二、動作（1）一般動作/擡頭	仰頭	仰头	ŋɔŋ24 tʰɐu21	ngong5 tau4	擡頭2
9274	二十二、動作（1）一般動作/低頭	低頭	低头	tɐi55 tʰɐu21	dai1 tau4	低頭1
9275	二十二、動作（1）一般動作/低頭	耷頭	耷头	tɐp5 tʰɐu21	dap1 tau4	低頭2
9276	二十二、動作（1）一般動作/垂頭喪氣	耷頭耷腦	耷头耷脑	tɐp5 tʰɐu21 tɐp5 nu24	dap1 tau4 dap1 nu5	垂頭喪氣
9277	二十二、動作（1）一般動作/搭拉着腦袋	頭耷耷	头耷耷	tʰɐu21 tɐp5 tɐp5	tau4 dap1 dap1	搭拉着腦袋
9278	二十二、動作（1）一般動作/回頭	回頭	回头	wui21 tʰɐu21	wui4 tau4	回頭1
9279	二十二、動作（1）一般動作/回頭	轉頭	转头	tʃyn35 tʰɐu21	zyun2 tau4	回頭2
9280	二十二、動作（1）一般動作/搖頭晃腦	搖頭擺腦	摇头摆脑	jiu21 tʰɐu21 pai35 nu24	jiu4 tau4 baai2 nu5	搖頭晃腦
9281	二十二、動作（1）一般動作/臉轉過去	擰轉頭	拧转头	neŋ22 tʃyn33 tʰɐu21	ning6 zyun3 tau4	臉轉過去
9282	二十二、動作（1）一般動作/出面，露面	突頭	突头	tɐt2 tʰɐu21	dat6 tau4	出面，露面
9283	二十二、動作（1）一般動作/磕頭	叩頭	叩头	kʰɐu33 tʰɐu21	kau3 tau4	磕頭1
9284	二十二、動作（1）一般動作/磕頭	硞頭	硞头	kʰɔk3 tʰɐu21	kok3 tau4	磕頭2
9285	二十二、動作（1）一般動作/磕頭	磕頭	磕头	hɐp5 tʰɐu21	hap1 tau4	磕頭3
9286	二十二、動作（1）一般動作/臉紅	面紅	面红	min22 hʊŋ21	min6 hung4	臉紅
9287	二十二、動作（1）一般動作/臉發白	面青	面青	min22 tʃʰɛŋ55	min6 ceng1	臉發白1
9288	二十二、動作（1）一般動作/臉發白	面青青	面青青	min22 tʃʰɛŋ55 tʃʰɛŋ55	min6 ceng1 ceng1	臉發白2
9289	二十二、動作（1）一般動作/睜眼	開眼	开眼	hɔi55 ŋɛn24	hoi1 ngen5	睜眼1
9290	二十二、動作（1）一般動作/睜眼	擘開眼	擘开眼	mak3 hɔi55 ŋɛn24	maak3 hoi1 ngen5	睜眼2
9291	二十二、動作（1）一般動作/睜眼	擘大眼	擘大眼	mak3 tai22 ŋɛn24	maak3 daai6 ngen5	睜眼3
9292	二十二、動作（1）一般動作/瞪（眼）	鼓	鼓	ku35	gu2	瞪（眼）
9293	二十二、動作（1）一般動作/瞪眼	鼓眼	鼓眼	ku35 ŋɛn24	gu2 ngen5	瞪眼
9294	二十二、動作（1）一般動作/眼睛亂轉	眼鼓碌碌	眼鼓碌碌	ŋɛn24 ku35 lʊk5 lʊk5	ngen5 gu2 luk1 luk1	眼睛亂轉1
9295	二十二、動作（1）一般動作/眼睛亂轉	眼轉螺螺	眼转螺螺	ŋɛn24 tʃyn33 lɔ55 lɔ55	ngen5 zyun3 lo1 lo1	眼睛亂轉2
9296	二十二、動作（1）一般動作/定睛看着	眼光光	眼光光	ŋɛn24 kɔŋ55 kɔŋ55	ngen5 gong1 gong1	定睛看着
9297	二十二、動作（1）一般動作/閉（眼）	眯	眯	mi55	mi1	閉（眼）
9298	二十二、動作（1）一般動作/閉眼	眯眼	眯眼	mi55 ŋɛn24	mi1 ngen5	閉眼
9299	二十二、動作（1）一般動作/擠眼兒	眨眼	眨眼	jɐp5 ŋɛn24	jap1 ngen5	擠眼兒1
9300	二十二、動作（1）一般動作/擠眼兒	眨眨眼	眨眨眼	jɐp5 jɐp5 ŋɛn24	jap1 jap1 ngen5	擠眼兒2
9301	二十二、動作（1）一般動作/眨	眨	眨	jɐp5	jap1	眨1.1（～眼、～～眼）
9302	二十二、動作（1）一般動作/眨	眨	眨	jap3	jaap3	眨1.2（～眼）
9303	二十二、動作（1）一般動作/眨眼	眨眼	眨眼	jɐp5 ŋɛn24	jap1 ngen5	眨眼
9304	二十二、動作（1）一般動作/遇見	撞見	撞见	tʃɔŋ22 kin33	zong6 gin3	遇見1
9305	二十二、動作（1）一般動作/遇見	碰見	碰见	pʰʊŋ33 kin33	pung3 gin3	遇見2
9306	二十二、動作（1）一般動作/遇見	撞着	撞着	tʃɔŋ22 tʃœk2	zong6 zoek6	遇見3
9307	二十二、動作（1）一般動作/遇見	撞中	撞中	tʃɔŋ22 tʃʊŋ33	zong6 zung3	遇見4
9308	二十二、動作（1）一般動作/看	睇	睇	tʰɐi35	tai2	看
9309	二十二、動作（1）一般動作/看見	睇見	睇见	tʰɐi35 kin33	tai2 gin3	看見
9310	二十二、動作（1）一般動作/看守	看	看	hɔn55	hon1	看守
9311	二十二、動作（1）一般動作/瞄	瞄	瞄	miu55	miu1	瞄，快速看一眼
9312	二十二、動作（1）一般動作/仔細看	瞫	瞫	ʃɐm33	sam3	仔細看
9313	二十二、動作（1）一般動作/偷看	偷睇	偷睇	tʰɐu55 tʰɐi35	tau1 tai2	偷看1
9314	二十二、動作（1）一般動作/偷看	偷䁓	偷䁓	tʰɐu55 tʃɔŋ55	tau1 zong1	偷看2
9315	二十二、動作（1）一般動作/偷看	䁓	䁓	tʃɔŋ55	zong1	偷看3
9316	二十二、動作（1）一般動作/偷看	䁓見	䁓见	tʃɔŋ55 kin33	zong1 gin3	偷看4
9317	二十二、動作（1）一般動作/掃視	睄	睄	ɬau21	slaau4	掃視1（～一眼）
9318	二十二、動作（1）一般動作/掃視	拉	拉	lap3	laap3	掃視2，俗字「䁽」
9319	二十二、動作（1）一般動作/理睬	𥈊	𥈊	ɬap3	slaap3	理睬
9320	二十二、動作（1）一般動作/搭理	搭𥈊	搭𥈊	tap3 ɬap3	daap3 slaap3	搭理
9321	二十二、動作（1）一般動作/不搭理	冇𥈊	冇𥈊	mu24 ɬap3	mu5 slaap3	不搭理，不理睬
9322	二十二、動作（1）一般動作/噙着眼淚	含住眼淚	含住眼泪	hɐm21 tʃy22 ŋɛn24 lui22	ham4 zyu6 ngen5 lui6	噙着眼淚
9323	二十二、動作（1）一般動作/流眼淚	流眼淚	流眼泪	lɐu21 ŋɛn24 lui22	lau4 ngen5 lui6	流眼淚1
9324	二十二、動作（1）一般動作/流眼淚	眼淚水出	眼泪水出	ŋɛn24 lui22 ʃui35 tʃʰyt5	ngen5 lui6 sui2 cyut1	流眼淚2
9325	二十二、動作（1）一般動作/流眼淚	出眼淚	出眼泪	tʃʰyt5 ŋɛn24 lui22	cyut1 ngen5 lui6	流眼淚3
9326	二十二、動作（1）一般動作/流眼淚	流眼淚水	流眼泪水	lɐu21 ŋɛn24 lui22 ʃui35	lau4 ngen5 lui6 sui2	流眼淚4
9327	二十二、動作（1）一般動作/燻眼睛	爩眼	爩眼	wɐt5 ŋɛn24	wat1 ngen5	燻眼睛
9328	二十二、動作（1）一般動作/張（～嘴）	擘	擘	mak3	maak3	張（～嘴）
9329	二十二、動作（1）一般動作/張嘴	開口	开口	hɔi55 hɐu35	hoi1 hau2	張嘴1
9330	二十二、動作（1）一般動作/張嘴	擘嘴	擘嘴	mak3 tʃui35	maak3 zui2	張嘴2
9331	二十二、動作（1）一般動作/張嘴	擘口	擘口	mak3 hɐu35	maak3 hau2	張嘴3
9332	二十二、動作（1）一般動作/張嘴	擘大口	擘大口	mak3 tai22 hɐu35	maak3 daai6 hau2	張嘴4
9333	二十二、動作（1）一般動作/閉（～嘴）	錔	錔	nɐp5	nap1	閉（～嘴），罕用，端組旁轉
9334	二十二、動作（1）一般動作/閉嘴	眯嘴	眯嘴	mi55 tʃui35	mi1 zui2	閉嘴1
9335	二十二、動作（1）一般動作/閉嘴	錔嘴	錔嘴	nɐp5 tʃui35	nap1 zui2	閉嘴2，罕用
9336	二十二、動作（1）一般動作/努嘴	佊嘴	佊嘴	mɛ35 tʃui35	me2 zui2	努嘴
9337	二十二、動作（1）一般動作/努努嘴	佊佊嘴	佊佊嘴	mɛ35 mɛ35 tʃui35	me2 me2 zui2	努努嘴
9338	二十二、動作（1）一般動作/歪嘴	佊口	佊口	mɛ35 hɐu35	me2 hau2	歪嘴
9339	二十二、動作（1）一般動作/噘嘴	拄住隻嘴	拄住只嘴	tʃy35 tʃy22 tʃɛk3 tʃui35	zyu2 zyu6 zek3 zui2	噘嘴1
9340	二十二、動作（1）一般動作/噘嘴	豬嘴	猪嘴	tʃy55 tʃui35	zyu1 zui2	噘嘴2.1
9341	二十二、動作（1）一般動作/噘嘴	豬嘴	猪嘴	tœ55 tʃui35	doe1 zui2	噘嘴2.2，知三讀如端
9342	二十二、動作（1）一般動作/噘嘴	噘嘴	噘嘴	tœ55 tʃui35	doe1 zui2	噘嘴2.2，本字「豬嘴」，知三讀如端
9343	二十二、動作（1）一般動作/噘嘴	嘴掛油罌	嘴挂油罂	tʃui35 kʷa33 jɐu21 aŋ55	zui2 gwaa3 jau4 aang1	噘嘴3
9344	二十二、動作（1）一般動作/噘嘴	鼓住嘴	鼓住嘴	ku35 tʃy22 tʃui35	gu2 zyu6 zui2	噘嘴4
9345	二十二、動作（1）一般動作/咧嘴	齞	齞	jɛn55	jen1	咧嘴1
9346	二十二、動作（1）一般動作/咧嘴	牙齞	牙齞	ŋa21 jɛn55	ngaa4 jen1	咧嘴2
9347	二十二、動作（1）一般動作/咧嘴	齞嘖嘖	齞啧啧	jɛn55 jak3 jak3	jen1 jaak3 jaak3	咧嘴3
9348	二十二、動作（1）一般動作/咧開貌	開哈哈	开哈哈	hɔi55 ŋap3 ŋap3	hoi1 ngaap3 ngaap3	咧開貌1
9349	二十二、動作（1）一般動作/咧開貌	開擘擘	开擘擘	hɔi55 mak3 mak3	hoi1 maak3 maak3	咧開貌2
9350	二十二、動作（1）一般動作/嘴動貌	口逳逳	口逳逳	hɐu35 jʊk5 jʊk5	hau2 juk1 juk1	嘴動貌
9351	二十二、動作（1）一般動作/親嘴	嗒嘴	嗒嘴	tɛp5 tʃui35	dep1 zui2	親嘴
9352	二十二、動作（1）一般動作/親吻	凸嘴	凸嘴	tyt5 tʃui35	dyut1 zui2	親吻1.1
9353	二十二、動作（1）一般動作/親吻	凸嘴	凸嘴	tœt5 tʃui35	doet1 zui2	親吻1.2
9354	二十二、動作（1）一般動作/親吻	㰵嘴	㰵嘴	tʃœt5 tʃui35	zoet1 zui2	親吻2
9355	二十二、動作（1）一般動作/舔	舔	舔	lɛm35	lem2	舔
9356	二十二、動作（1）一般動作/咬	咬	咬	ŋɛu24	ngeu5	咬1
9357	二十二、動作（1）一般動作/咬	𠶲	𠶲	kɐp2	gap6	咬2，引申指吃
9358	二十二、動作（1）一般動作/咬硬物貌	咬硞硞	咬硞硞	ŋɛu24 kʰʊk5 kʰʊk5	ngeu5 kuk1 kuk1	咬硬物貌
9359	二十二、動作（1）一般動作/咂着嘴啃	咬㗱㗱	咬㗱㗱	ŋɛu24 tʃɐp2 tʃɐp2	ngeu5 zap6 zap6	咂着嘴啃
9360	二十二、動作（1）一般動作/嚼	嘬	嘬	jai33	jaai3	嚼
9361	二十二、動作（1）一般動作/啃	齦	龈	hɛn35	hen2	啃
9362	二十二、動作（1）一般動作/叼	鵮	鹐	tam55	daam1	叼，魚捱貓～哂
9363	二十二、動作（1）一般動作/叼菸	鵮菸	鹐烟	tam55 jin55	daam1 jin1	叼菸
9364	二十二、動作（1）一般動作/叼牙籤	鵮牙籤	鹐牙签	tam55 ŋa21 tʃʰim55	daam1 ngaa4 cim1	叼牙籤
9365	二十二、動作（1）一般動作/（小孩）不聽話	扭計	扭计	nɐu35 kɐi35	nau2 gai2	（小孩）不聽話1
9366	二十二、動作（1）一般動作/（小孩）不聽話	扭紋柴	扭纹柴	nɐu35 mɐn21 tʃʰai21	nau2 man4 caai4	（小孩）不聽話2
9367	二十二、動作（1）一般動作/哭	哭	哭	hʊk5	huk1	哭1
9368	二十二、動作（1）一般動作/哭	啼哭	啼哭	tʰɐi21 hʊk5	tai4 huk1	哭2
9369	二十二、動作（1）一般動作/哭	攋哭	攋哭	lai22 hʊk5	laai6 huk1	哭3
9370	二十二、動作（1）一般動作/好哭	濫哭	滥哭	lan22 hʊk5	laan6 huk1	好哭
9371	二十二、動作（1）一般動作/啜泣貌	哭呀呀	哭呀呀	hʊk5 ŋɛ55 ŋɛ55	huk1 nge1 nge1	啜泣貌1.1，小聲地哭
9372	二十二、動作（1）一般動作/啜泣貌	哭呀呀	哭呀呀	hʊk5 ŋa55 ŋa55	huk1 ngaa1 ngaa1	啜泣貌1.2，大聲地哭
9373	二十二、動作（1）一般動作/啜泣貌	哭襲襲	哭袭袭	hʊk5 ɬɐp2 ɬɐp2	huk1 slap6 slap6	啜泣貌2.1
9374	二十二、動作（1）一般動作/啜泣貌	哭襲襲	哭袭袭	hʊk5 ɬɛp2 ɬɛp2	huk1 slep6 slep6	啜泣貌2.2
9375	二十二、動作（1）一般動作/啜泣貌	哭咈咈	哭咈咈	hʊk5 fɛt2 fɛt2	huk1 fet6 fet6	啜泣貌3
9376	二十二、動作（1）一般動作/笑	笑	笑	ɬiu33	sliu3	笑
9377	二十二、動作（1）一般動作/笑吟吟	笑吟吟	笑吟吟	ɬiu33 jɐm55 jɐm55	sliu3 jam1 jam1	笑吟吟1，也說「吟吟笑」
9378	二十二、動作（1）一般動作/笑吟吟	吟吟笑	吟吟笑	jɐm55 jɐm55 ɬiu33	jam1 jam1 sliu3	笑吟吟2，同「笑吟吟」
9379	二十二、動作（1）一般動作/笑眯眯	笑微微	笑微微	ɬiu33 mi55 mi55	sliu3 mi1 mi1	笑眯眯1，「笑微微」爲早期寫法，現多寫作「笑眯眯」，也說「微微笑」
9380	二十二、動作（1）一般動作/笑眯眯	微微笑	微微笑	mi55 mi55 ɬiu33	mi1 mi1 sliu3	笑眯眯2，同「笑微微」
9381	二十二、動作（1）一般動作/笑哈哈	笑咔咔	笑咔咔	ɬiu33 kʰa55 kʰa55	sliu3 kaa1 kaa1	笑哈哈1
9382	二十二、動作（1）一般動作/笑哈哈	笑哈哈	笑哈哈	ɬiu33 ha55 ha55	sliu3 haa1 haa1	笑哈哈2.1，也說「哈哈笑」
9383	二十二、動作（1）一般動作/笑哈哈	笑哈哈	笑哈哈	ɬiu33 hɛ55 hɛ55	sliu3 he1 he1	笑哈哈2.2，也說「哈哈笑」
9384	二十二、動作（1）一般動作/笑哈哈	笑哈哈	笑哈哈	ɬiu33 ha21 ha21	sliu3 haa4 haa4	笑哈哈2.3
9385	二十二、動作（1）一般動作/笑哈哈	哈哈笑	哈哈笑	ha55 ha55 ɬiu33	haa1 haa1 sliu3	笑哈哈3.1，同「笑哈哈」
9386	二十二、動作（1）一般動作/笑哈哈	哈哈笑	哈哈笑	hɛ55 hɛ55 ɬiu33	he1 he1 sliu3	笑哈哈3.2，同「笑哈哈」
9387	二十二、動作（1）一般動作/笑噱噱	笑噱噱	笑噱噱	ɬiu33 kʰɔk5 kʰɔk5	sliu3 kok1 kok1	笑噱噱1.1
9388	二十二、動作（1）一般動作/笑噱噱	笑噱噱	笑噱噱	ɬiu33 kʰʊk5 kʰʊk5	sliu3 kuk1 kuk1	笑噱噱1.2
9389	二十二、動作（1）一般動作/笑呵呵	笑咦咦	笑咦咦	ɬiu33 kʰɛ55 kʰɛ55	sliu3 ke1 ke1	笑呵呵1.1
9390	二十二、動作（1）一般動作/笑呵呵	笑咦咦	笑咦咦	ɬiu33 kʰi55 kʰi55	sliu3 ki1 ki1	笑呵呵1.2
9391	二十二、動作（1）一般動作/笑呵呵	笑咳咳	笑咳咳	ɬiu33 kʰɛt5 kʰɛt5	sliu3 ket1 ket1	笑呵呵2，當源自「笑吃吃」
9392	二十二、動作（1）一般動作/笑盈盈	笑盈盈	笑盈盈	ɬiu33 jɐŋ55 jɐŋ55	sliu3 jang1 jang1	笑盈盈
9393	二十二、動作（1）一般動作/笑嘻嘻	笑嘻嘻	笑嘻嘻	ɬiu33 hɛ21 hɛ21	sliu3 he4 he4	笑嘻嘻1.1
9394	二十二、動作（1）一般動作/笑嘻嘻	笑嘻嘻	笑嘻嘻	ɬiu33 hi21 hi21	sliu3 hi4 hi4	笑嘻嘻1.2
9395	二十二、動作（1）一般動作/笑嘻嘻	笑喳喳	笑喳喳	ɬiu33 tʃɛ21 tʃɛ21	sliu3 ze4 ze4	笑嘻嘻2
9396	二十二、動作（1）一般動作/喜歡笑	濫笑	滥笑	lan22 ɬiu33	laan6 sliu3	喜歡笑
9397	二十二、動作（1）一般動作/難纏，臉皮厚	肕	肕	jɛn55	jen1	難纏，臉皮厚1
9398	二十二、動作（1）一般動作/難纏，臉皮厚	肕嘖嘖	肕啧啧	jɛn55 jak3 jak3	jen1 jaak3 jaak3	難纏，臉皮厚2
9399	二十二、動作（1）一般動作/逗	逗	逗	tɐu33	dau3	逗1
9400	二十二、動作（1）一般動作/逗	嫽	嫽	lɛu55	leu1	逗2，挑逗、撩撥
9401	二十二、動作（1）一般動作/惹人笑	逗笑	逗笑	tɐu33 ɬiu33	dau3 sliu3	惹人笑
9402	二十二、動作（1）一般動作/惹人惱	逗獳	逗獳	tɐu33 nɐu55	dau3 nau1	惹人惱，俗作「逗嬲」
9403	二十二、動作（1）一般動作/開玩笑	講耍笑	讲耍笑	kɔŋ35 ʃa35 ɬiu33	gong2 saa2 sliu3	開玩笑1
9404	二十二、動作（1）一般動作/開玩笑	講笑	讲笑	kɔŋ35 ɬiu33	gong2 sliu3	開玩笑2
9405	二十二、動作（1）一般動作/搞笑（製造笑果、笑料）	搞笑	搞笑	kau35 ɬiu33	gaau2 sliu3	搞笑（製造笑果、笑料）
9406	二十二、動作（1）一般動作/支起耳朵聽	側住耳聽	侧住耳听	tʃɐk5 tʃy22 ji24 tʰɛŋ55	zak1 zyu6 ji5 teng1	支起耳朵聽
9407	二十二、動作（1）一般動作/耷拉着耳朵	耷耳	耷耳	tɐp5 ji24	dap1 ji5	耷拉着耳朵1.1
9408	二十二、動作（1）一般動作/耷拉着耳朵	耷耳	耷耳	pɐp5 ji24	bap1 ji5	耷拉着耳朵1.2，此處端母讀如幫母
9409	二十二、動作（1）一般動作/舉手	舉手	举手	ky35 ʃɐu35	gyu2 sau2	舉手
9410	二十二、動作（1）一般動作/握手	握手	握手	ɐk5 ʃɐu35	ak1 sau2	握手
9411	二十二、動作（1）一般動作/擺手	擺手	摆手	pai35 ʃɐu35	baai2 sau2	擺手
9412	二十二、動作（1）一般動作/甩手	揈手	揈手	fɐŋ33 ʃɐu35	fang3 sau2	甩手
9413	二十二、動作（1）一般動作/揮手	櫂手	棹手	jau22 ʃɐu35	jaau6 sau2	揮手，舉手左右搖動
9414	二十二、動作（1）一般動作/招手	掝手	掝手	wɐk2 ʃɐu35	wak6 sau2	招手1，舉手上下搖動，「掝」爲假借字，疑本字爲「劃」
9415	二十二、動作（1）一般動作/招手	擛手	擛手	jɐp2 ʃɐu35	jap6 sau2	招手2
9416	二十二、動作（1）一般動作/撒手	放手	放手	fɔŋ33 ʃɐu35	fong3 sau2	撒手
9417	二十二、動作（1）一般動作/伸	伸	伸	tʃʰɐn55	can1	伸（～手）
9418	二十二、動作（1）一般動作/伸手	伸手	伸手	tʃʰɐn55 ʃɐu35	can1 sau2	伸手
9419	二十二、動作（1）一般動作/遞（過去）	遞	递	tœ35	doe2	遞（過去）
9420	二十二、動作（1）一般動作/動手	逳手	逳手	jʊk5 ʃɐu35	juk1 sau2	動手
9421	二十二、動作（1）一般動作/拍手	拍手	拍手	pʰak3 ʃɐu35	paak3 sau2	拍手
9422	二十二、動作（1）一般動作/拍	拍	拍	pʰak3	paak3	拍
9423	二十二、動作（1）一般動作/拍聲	拍卟卟	拍卟卟	pʰak3 pɐp2 pɐp2	paak3 bap6 bap6	拍聲，卟卟地拍
9424	二十二、動作（1）一般動作/背着手兒	背住手	背住手	pui33 tʃy22 ʃɐu35	bui3 zyu6 sau2	背着手兒
9425	二十二、動作（1）一般動作/叉着手兒	蹺手	跷手	kʰɛu55 ʃɐu35	keu1 sau2	叉着手兒1，兩手交叉在胸前，俗作「翹手」
9426	二十二、動作（1）一般動作/叉着手兒	蹺住手	跷住手	kʰɛu55 tʃy22 ʃɐu35	keu1 zyu6 sau2	叉着手兒2，兩手交叉在胸前，俗作「翹住手」
9427	二十二、動作（1）一般動作/搭肩	搭膊	搭膊	tap3 pɔk3	daap3 bok3	搭肩，勾肩搭背
9428	二十二、動作（1）一般動作/舀	滭	滭	pɐt5	bat1	舀1（～水），舀液體出盛器的狀態似泉水漫出，故稱，俗字「𢳂」，又或「撥」字，上古月部，另一說本字「拂/潷」
9429	二十二、動作（1）一般動作/舀	擓	㧟	kʷʰai24	kwaai5	舀2（～水）
9430	二十二、動作（1）一般動作/撥拉	擓	㧟	kʷʰɛ33	kwe3	撥拉
9431	二十二、動作（1）一般動作/包攬	拉	拉	lap3	laap3	包攬，俗字「擸」
9432	二十二、動作（1）一般動作/蓋	𠖫	𠖫	kʰɐm35	kam2	蓋1，俗字「冚」
9433	二十二、動作（1）一般動作/蓋	䆟	䆟	kʰɐp5	kap1	蓋2，俗字「扱」
9434	二十二、動作（1）一般動作/捂住	揞住	揞住	ɐm35 tʃy22	am2 zyu6	捂住
9435	二十二、動作（1）一般動作/摩挲	捋	捋	lyt2	lyut6	摩挲，用手～貓背
9436	二十二、動作（1）一般動作/掰開	擘開	擘开	mak3 hɔi55	maak3 hoi1	掰開1.1
9437	二十二、動作（1）一般動作/掰開	擘開	擘开	mek5 hɔi55	mik1 hoi1	掰開1.2
9438	二十二、動作（1）一般動作/掰開	擘	擘	mek5	mik1	掰開2
9439	二十二、動作（1）一般動作/張開	打開	打开	ta35 hɔi55	daa2 hoi1	張開
9440	二十二、動作（1）一般動作/打撈	打撈	打捞	ta35 lɛu21	daa2 leu4	打撈1.1
9441	二十二、動作（1）一般動作/打撈	打撈	打捞	ta35 lau21	daa2 laau4	打撈1.2
9442	二十二、動作（1）一般動作/撕	撕	撕	ʃi55	si1	撕1.1
9443	二十二、動作（1）一般動作/撕	撕	撕	sɿ55	sy1	撕1.2
9444	二十二、動作（1）一般動作/撕	搣	搣	mit5	mit1	撕2，本字「扒」，幫組白讀，方別切，擘也
9445	二十二、動作（1）一般動作/撕	擘	擘	mek5	mik1	撕3
9446	二十二、動作（1）一般動作/撕	剺	剺	li55	li1	撕4
9447	二十二、動作（1）一般動作/撕開	搣開	搣开	mit5 hɔi55	mit1 hoi1	撕開
9448	二十二、動作（1）一般動作/撕破	擘爛	擘烂	mek5 lan22	mik1 laan6	撕破
9449	二十二、動作（1）一般動作/揭	揭	揭	kʰit3	kit3	揭1（～開）
9450	二十二、動作（1）一般動作/揭	搴	搴	kʰin35	kin2	揭2（～開）
9451	二十二、動作（1）一般動作/揭開	揭開	揭开	kʰit3 hɔi55	kit3 hoi1	揭開1
9452	二十二、動作（1）一般動作/揭開	搴開	搴开	kʰin35 hɔi55	kin2 hoi1	揭開2
9453	二十二、動作（1）一般動作/戳	𧰵	𧰵	tʊk5	duk1	戳1，捅
9454	二十二、動作（1）一般動作/戳	㓤	㓤	kɐt5	gat1	戳2，捅，本字「吉」，源自常用詞「吉利」，「利」取鋒利的諧趣義，「吉」既鋒利故可用於刺
9455	二十二、動作（1）一般動作/戳	㨃	㨃	tui35	dui2	戳3，捅
9456	二十二、動作（1）一般動作/刺入	鑱	镵	tʃʰɛm21	cem4	刺入1.1，捱簕（刺）/玻璃～着手
9457	二十二、動作（1）一般動作/刺入	鑱	镵	tʃʰam21	caam4	刺入1.2
9458	二十二、動作（1）一般動作/披上	摟住	搂住	lɐu55 tʃy22	lau1 zyu6	披上1
9459	二十二、動作（1）一般動作/披上	披上	披上	pʰi55 ʃœŋ24	pi1 soeng5	披上2
9460	二十二、動作（1）一般動作/摟抱着	攬住	揽住	lam35 tʃy22	laam2 zyu6	摟抱着
9461	二十二、動作（1）一般動作/綁	綁	绑	pɔŋ35	bong2	綁，拴（～牛）、捆（～起來）、繫（～鞋帶）
9462	二十二、動作（1）一般動作/纏繞	絞	绞	kɛu35	geu2	纏繞1
9463	二十二、動作（1）一般動作/纏繞	繞	绕	jiu35	jiu2	纏繞2
9464	二十二、動作（1）一般動作/拗	拗	拗	ɛu35	eu2	拗
9465	二十二、動作（1）一般動作/折斷	拗斷	拗断	ɛu35 tʰyn24	eu2 tyun5	折斷
9466	二十二、動作（1）一般動作/屈	屈	屈	wɐt5	wat1	拗彎；繞遠；拐（彎）；困、囚禁
9467	二十二、動作（1）一般動作/鋸	鋸	鋸	ky3	gyu3	鋸1.1，動詞
9468	二十二、動作（1）一般動作/鋸	鋸	鋸	kœ33	goe3	鋸1.2，動詞，已罕用，少數人也讀[ŋœ33/ŋɛ33]
9469	二十二、動作（1）一般動作/鋸	解	解	kai33	gaai3	鋸2，俗字「刉/刏/鎅/𠝹」，《說文》判也，此處讀古隘切，音義交錯
9470	二十二、動作（1）一般動作/砍	斬	斩	tʃɛm35	zem2	砍1.1（～樹）
9471	二十二、動作（1）一般動作/砍	斬	斩	tʃam35	zaam2	砍1.2（～樹）
9472	二十二、動作（1）一般動作/劈	破	破	pʰɔ33	po3	劈1（～開）
9473	二十二、動作（1）一般動作/劈	劈	劈	pʰɛk3	pek3	劈2（～開）
9474	二十二、動作（1）一般動作/捋	捋	捋	lyt2	lyut6	捋
9475	二十二、動作（1）一般動作/拿	擰	拧	neŋ55	ning1	拿1，本字「拎」
9476	二十二、動作（1）一般動作/拿	搦	搦	nek5	nik1	拿2
9477	二十二、動作（1）一般動作/拿	抓	抓	ja55	jaa1	拿3
9478	二十二、動作（1）一般動作/抓	抓	抓	tʃa55	zaa1	抓1.1，本字「摣/𠭯」
9479	二十二、動作（1）一般動作/抓	抓	抓	ja55	jaa1	抓1.2，本字「摣/𠭯」
9480	二十二、動作（1）一般動作/大把抓	揦	揦	la35	laa2	大把抓，本字「擄」，上古魚部
9481	二十二、動作（1）一般動作/抓撓	搲	搲	wɛ35	we2	抓撓，用指甲
9482	二十二、動作（1）一般動作/撓癢	撓	挠	ŋɛu55	ngeu1	撓癢1.1，俗字「𢯎」
9483	二十二、動作（1）一般動作/撓癢	撓	挠	ŋau55	ngaau1	撓癢1.2，俗字「𢯎」
9484	二十二、動作（1）一般動作/撓癢	撓痕	挠痕	ŋɛu55 hɐn21	ngeu1 han4	撓癢2.1
9485	二十二、動作（1）一般動作/撓癢	撓痕	挠痕	ŋau55 hɐn21	ngaau1 han4	撓癢2.2
9486	二十二、動作（1）一般動作/撓癢	抓	抓	jau55	jaau1	撓癢3，搔、撓，俗字「撓」
9487	二十二、動作（1）一般動作/拈	拈	拈	nɛm55	nem1	拈，用兩隻手指
9488	二十二、動作（1）一般動作/拈	鑷	镊	nɛp3	nep3	拈，用工具
9489	二十二、動作（1）一般動作/撮	執	执	jɐp5	jap1	撮，用幾隻手指
9490	二十二、動作（1）一般動作/扳指頭算	執手指算	执手指算	jɐp5 ʃɐu35 tʃi35 ɬyn33	jap1 sau2 zi2 slyun3	扳指頭算
9491	二十二、動作（1）一般動作/掐（菜）	擘	擘	mek5	mik1	掐（菜），用手指、指甲掐
9492	二十二、動作（1）一般動作/掐（脖子）	搴	搴	kʰɛn35	ken2	掐（脖子）
9493	二十二、動作（1）一般動作/掐脖子	搴頸	搴颈	kʰɛn35 kɛŋ35	ken2 geng2	掐脖子1
9494	二十二、動作（1）一般動作/掐脖子	撚頸	撚颈	nɛn35 kɛŋ35	nen2 geng2	掐脖子2，俗作「捻頸」
9495	二十二、動作（1）一般動作/按	撳	揿	kɐm22	gam6	按，本字「𠢱」
9496	二十二、動作（1）一般動作/捏	捏	捏	nɛt2	net6	捏，用手使勁下壓
9497	二十二、動作（1）一般動作/撚（用手指搓揉）	撚	撚	nɛn35	nen2	撚（用手指搓揉）
9498	二十二、動作（1）一般動作/撚（用手指搓揉）	捻	捻	nɛn35	nen2	同「撚」字，用手指搓揉
9499	二十二、動作（1）一般動作/揉	搋	搋	tʃʰai55	caai1	揉1（～麪做饅頭等）
9500	二十二、動作（1）一般動作/揉	搙	搙	nʊk5	nuk1	揉2（～麪做饅頭等）
9501	二十二、動作（1）一般動作/搓	捼	捼	nɔ55	no1	搓
9502	二十二、動作（1）一般動作/壓	坍	坍	tʰɐm21	tam4	壓1，用重物壓，本字「沈/沉」，知三讀如端
9503	二十二、動作（1）一般動作/壓	笮	笮	tʃak3	zaak3	壓2，軋
9504	二十二、動作（1）一般動作/紛紛倒塌貌	崩䠡䠡	崩䠡䠡	pɐŋ55 tʃɔ21 tʃɔ21	bang1 zo4 zo4	（房屋）紛紛倒塌貌
9505	二十二、動作（1）一般動作/取	攞	攞	lɔ35	lo2	取，～老婆；～錢
9506	二十二、動作（1）一般動作/要	攞	攞	lɔ35	lo2	要1，～命；舊時坐火車要～證明
9507	二十二、動作（1）一般動作/要	要	要	jiu33	jiu3	要2
9508	二十二、動作（1）一般動作/找	搵	揾	wɐn35	wan2	找，本字「溫」，《篆隸萬象名義》尋也
9509	二十二、動作（1）一般動作/找着了	搵見	揾见	wɐn35 kin33	wan2 gin3	找着了1
9510	二十二、動作（1）一般動作/找着了	搵見哂	揾见哂	wɐn35 kin33 ɬai33	wan2 gin3 slaai3	找着了2
9511	二十二、動作（1）一般動作/討生活，餬口	搵食	揾食	wɐn35 ʃek2	wan2 sik6	討生活，餬口1
9512	二十二、動作（1）一般動作/討生活，餬口	搵錢	揾钱	wɐn35 tʃʰin21	wan2 cin4	討生活，餬口2
9513	二十二、動作（1）一般動作/找男人	搵佬	揾佬	wɐn35 lu35	wan2 lu2	找男人
9514	二十二、動作（1）一般動作/翻抄	抄	抄	tʃʰɛu33	ceu3	翻抄1，搜找
9515	二十二、動作（1）一般動作/翻抄	撬	撬	kʰɛu33	keu3	翻抄2，搜找
9516	二十二、動作（1）一般動作/翻抄	搜	搜	ɬɐu35	slau2	翻抄3，搜找
9517	二十二、動作（1）一般動作/撬（把門～開）	撬	撬	kɛu22	geu6	撬（把門～開）
9518	二十二、動作（1）一般動作/（往袋裏）塞	窒	窒	tʃɐt5	zat1	（往袋裏）塞1
9519	二十二、動作（1）一般動作/（往袋裏）塞	壓	压	ɐt5	at1	（往袋裏）塞2，俗字「扤」
9520	二十二、動作（1）一般動作/嵌、墊	𤗈	𤗈	ɬɛp3	slep3	嵌、墊
9521	二十二、動作（1）一般動作/探	探	探	tʰɐm33	tam3	探，把錢物裝進或取出衣、褲袋
9522	二十二、動作（1）一般動作/拉、扯	絣	絣	mɐŋ55	mang1	拉、扯，俗字「掹」
9523	二十二、動作（1）一般動作/拉、扯	掹	掹	mɐŋ55	mang1	拉、扯，本字「絣」
9524	二十二、動作（1）一般動作/扽	扽	扽	tɐn55	dan1	扽，用力扯（斷）
9525	二十二、動作（1）一般動作/用力往下放	頓	顿	tɐn33	dan3	用力往下放
9526	二十二、動作（1）一般動作/顛簸	扽	扽	tɐn33	dan3	顛簸
9527	二十二、動作（1）一般動作/攀	攀	攀	man55	maan1	攀
9528	二十二、動作（1）一般動作/扳	扳	扳	man55	maan1	扳
9529	二十二、動作（1）一般動作/扳機	勾機	勾机	ŋɐu55 kɐi55	ngau1 gai1	扳機1，扣動扳機
9530	二十二、動作（1）一般動作/扳機	扳機	扳机	man55 kɐi55	maan1 gai1	扳機2，扣動扳機
9531	二十二、動作（1）一般動作/摔、摔打	𢴬	𢴬	pan33	baan3	摔、摔打1
9532	二十二、動作（1）一般動作/摔、摔打	躂	跶	tat3	daat3	摔、摔打2
9533	二十二、動作（1）一般動作/摔、摔打	矺	矺	pap5	baap1	摔、摔打3，此處端母讀如幫母
9534	二十二、動作（1）一般動作/抽打	礊	礊	fak3	faak3	抽打1
9535	二十二、動作（1）一般動作/抽打	撇	撇	fit5	fit1	抽打2
9536	二十二、動作（1）一般動作/撩	撩	撩	lɛu55	leu1	撩，往高處、遠處夠
9537	二十二、動作（1）一般動作/放	放	放	fɔŋ33	fong3	放1
9538	二十二、動作（1）一般動作/放	躋	跻	tʃɐi55	zai1	放2，老派，俗字「擠」
9539	二十二、動作（1）一般動作/放	墩	墩	tɐn35	dan2	放3，一般指放重物
9540	二十二、動作（1）一般動作/放	挃	挃	tɐt5	dat1	放4，用力放
9541	二十二、動作（1）一般動作/放	座	座	tʃɔ22	zo6	放5，放器物
9542	二十二、動作（1）一般動作/移	挪	挪	nɔ21	no4	移1
9543	二十二、動作（1）一般動作/移	褪	褪	tʰɐn33	tan3	移2
9544	二十二、動作（1）一般動作/爬行	躝	𨅬	lan55	laan1	爬行1
9545	二十二、動作（1）一般動作/爬行	爬	爬	pʰa21	paa4	爬行2（小孩在地上～）
9546	二十二、動作（1）一般動作/爬行	𨂝	𨂝	pʰan21	paan4	爬行3（小孩在地上～）
9547	二十二、動作（1）一般動作/鑽	攣	攣	lyn55	lyun1	鑽1，爬着鑽
9548	二十二、動作（1）一般動作/鑽	嗊	唝	kʊŋ33	gung3	鑽2，拱出，讀聲符「貢」，源自「拱」
9549	二十二、動作（1）一般動作/走板、錯位	走趲	走趱	tʃɐu35 tʃan35	zau2 zaan2	走板、錯位
9550	二十二、動作（1）一般動作/誤差、偏差	走差	走差	tʃɐu35 tʃʰa55	zau2 caa1	誤差、偏差
9551	二十二、動作（1）一般動作/打滾	摙	摙	lin33	lin3	打滾1.1
9552	二十二、動作（1）一般動作/打滾	摙	摙	lɛn33	len3	打滾1.2
9553	二十二、動作（1）一般動作/掙扎	捵	捵	tʰin33	tin3	掙扎1
9554	二十二、動作（1）一般動作/掙扎	搡	搡	ɬɔŋ35	slong2	掙扎2
9555	二十二、動作（1）一般動作/施禮	行禮	行礼	hɐŋ21 lɐi24	hang4 lai5	施禮
9556	二十二、動作（1）一般動作/給	給	给	kɐi55	gai1	給1，20世紀50至60年代產生
9557	二十二、動作（1）一般動作/給	畀	畀	pi35	bi2	給2
9558	二十二、動作（1）一般動作/舉（起）	舉	举	ky35	gyu2	舉（起）1
9559	二十二、動作（1）一般動作/舉（起）	遞高	递高	tɐi22 ku55	dai6 gu1	舉（起）2
9560	二十二、動作（1）一般動作/撐（～旗子、～傘）	撐	撑	tʃʰaŋ55	caang1	撐（～旗子、～傘）
9561	二十二、動作（1）一般動作/舉旗	撐旗	撑旗	tʃʰaŋ55 kʰi21	caang1 ki4	舉旗
9562	二十二、動作（1）一般動作/打傘	撐遮	撑遮	tʃʰaŋ55 tʃɛ55	caang1 ze1	打傘
9563	二十二、動作（1）一般動作/甩	拂	拂	fɐt5	fat1	甩1.1
9564	二十二、動作（1）一般動作/甩	拂	拂	fat2	faat6	甩1.2，或用鞭抽
9565	二十二、動作（1）一般動作/甩	揈	揈	fɐŋ33	fang3	甩2
9566	二十二、動作（1）一般動作/甩	摒	摒	feŋ33	fing3	甩3
9567	二十二、動作（1）一般動作/甩	礊	礊	fɐk5	fak1	甩4
9568	二十二、動作（1）一般動作/甩	揊	揊	fek5	fik1	甩5
9569	二十二、動作（1）一般動作/甩	矺	矺	pɐp5	bap1	甩6，（把爛泥）用力甩、糊上，此處端母讀如幫母
9570	二十二、動作（1）一般動作/擲	矴	矴	tɛŋ33	deng3	擲1，俗字「掟」
9571	二十二、動作（1）一般動作/擲	㨁	㨁	tʃai22	zaai6	擲2
9572	二十二、動作（1）一般動作/扔	丟	丢	tiu55	diu1	扔
9573	二十二、動作（1）一般動作/扔掉	丟開	丢开	tiu55 hɔi55	diu1 hoi1	扔掉，～對爛鞋去
9574	二十二、動作（1）一般動作/丟失	整跌	整跌	tʃeŋ35 tit3	zing2 dit3	丟失1
9575	二十二、動作（1）一般動作/丟失	打失	打失	ta35 ʃɐt5	daa2 sat1	丟失2
9576	二十二、動作（1）一般動作/丟垃圾	丟垃圾	丢垃圾	tiu55 lap2 ɬap3	diu1 laap6 slaap3	丟垃圾1
9577	二十二、動作（1）一般動作/丟垃圾	掉垃圾	掉垃圾	tɛu22 lap2 ɬap3	deu6 laap6 slaap3	丟垃圾2
9578	二十二、動作（1）一般動作/掉	跌	跌	tit3	dit3	掉1
9579	二十二、動作（1）一般動作/掉	甩	甩	lɐt5	lat1	掉2，本字「㪐」，另一說本字「脫」，上古複輔音遺留
9580	二十二、動作（1）一般動作/掉了	跌哂	跌哂	tit3 ɬai33	dit3 slaai3	掉了1
9581	二十二、動作（1）一般動作/掉了	跌啊	跌啊	tit3 a33	dit3 aa3	掉了2
9582	二十二、動作（1）一般動作/脫髮	甩頭髮	甩头发	lɐt5 tʰɐu21 fat3	lat1 tau4 faat3	脫髮
9583	二十二、動作（1）一般動作/脫臼	甩鉸	甩铰	lɐt5 kau33	lat1 gaau3	脫臼
9584	二十二、動作（1）一般動作/褪色	甩色	甩色	lɐt5 ʃek5	lat1 sik1	褪色
9585	二十二、動作（1）一般動作/搪瓷器掉瓷	甩青	甩青	lɐt5 tʃʰeŋ55	lat1 cing1	搪瓷磕掉了
9586	二十二、動作（1）一般動作/脫身	甩身	甩身	lɐt5 ʃɐn55	lat1 san1	脫身
9587	二十二、動作（1）一般動作/搊	摳	抠	kʰɐu55	kau1	搊，用力拿起：～張檯過來
9588	二十二、動作（1）一般動作/提起來	摳起身	抠起身	kʰɐu55 hi35 ʃɐn55	kau1 hi2 san1	提起來1
9589	二十二、動作（1）一般動作/提起來	頂起身	顶起身	tɛŋ35 hi35 ʃɐn55	deng2 hi2 san1	提起來2
9590	二十二、動作（1）一般動作/提起來	挑起身	挑起身	tʰɛu35 hi35 ʃɐn55	teu2 hi2 san1	提起來3
9591	二十二、動作（1）一般動作/提	挑	挑	tʰɛu35	teu2	提1，～水，～行李
9592	二十二、動作（1）一般動作/提	搊	搊	tʃʰɐu55	cau1	提2.1，俗字「抽」
9593	二十二、動作（1）一般動作/提	搊	搊	jɐu55	jau1	提2.2
9594	二十二、動作（1）一般動作/提	扚	扚	tek5	dik1	提3，已罕用
9595	二十二、動作（1）一般動作/收拾（東西）	執拾	执拾	tʃɐp5 ʃɐp2	zap1 sap6	收拾1（東西）
9596	二十二、動作（1）一般動作/收拾（東西）	放歸一	放归一	fɔŋ33 kʷɐi55 jɐt5	fong3 gwai1 jat1	收拾2（東西）
9597	二十二、動作（1）一般動作/打包	打包	打包	ta35 pɛu55	daa2 beu1	打包1.1
9598	二十二、動作（1）一般動作/打包	打包	打包	ta35 pau55	daa2 baau1	打包1.2
9599	二十二、動作（1）一般動作/選擇	揀	拣	kɛn35	gen2	選擇
9600	二十二、動作（1）一般動作/撿	執	执	tʃɐp5	zap1	撿
9601	二十二、動作（1）一般動作/撿起來	執起身	执起身	tʃɐp5 hi35 ʃɐn55	zap1 hi2 san1	撿起來
9602	二十二、動作（1）一般動作/收拾零碎東西	執頭執尾	执头执尾	tʃɐp5 tʰɐu21 tʃɐp5 mi24	zap1 tau4 zap1 mi5	收拾零碎東西
9603	二十二、動作（1）一般動作/善後	執手尾	执手尾	tʃɐp5 ʃɐu35 mi24	zap1 sau2 mi5	做別人落下的工作
9604	二十二、動作（1）一般動作/自便	執生	执生	tʃɐp5 ʃaŋ55	zap1 saang1	自便、自己看着辦
9605	二十二、動作（1）一般動作/撿便宜	執死雞	执死鸡	tʃɐp5 ɬi35 kɐi55	zap1 sli2 gai1	撿便宜
9606	二十二、動作（1）一般動作/擦	抹	抹	mat3	maat3	擦1（用毛巾～手），本字「㩢」
9607	二十二、動作（1）一般動作/擦	𦧲	𦧲	lœ35	loe2	擦2（攞飯來～乾淨隻油鑊去），已罕用
9608	二十二、動作（1）一般動作/擦掉	抹開	抹开	mat3 hɔi55	maat3 hoi1	擦掉1
9609	二十二、動作（1）一般動作/擦掉	擦開	擦开	tʃʰat3 hɔi55	caat3 hoi1	擦掉2
9610	二十二、動作（1）一般動作/把屎	兜屎	兜屎	tɐu55 ʃi35	dau1 si2	把屎1
9611	二十二、動作（1）一般動作/把屎	把屎	把屎	pa35 ʃi35	baa2 si2	把屎2
9612	二十二、動作（1）一般動作/把尿	兜尿	兜尿	tɐu55 niu22	dau1 niu6	把尿1
9613	二十二、動作（1）一般動作/把尿	把尿	把尿	pa35 niu22	baa2 niu6	把尿2
9614	二十二、動作（1）一般動作/把握	把握	把握	pa35 ɐk5	baa2 ak1	把握1
9615	二十二、動作（1）一般動作/把握	把炮	把炮	pa35 pʰau33	baa2 paau3	把握2，也喻指有解決問題的辦法或能力
9616	二十二、動作（1）一般動作/扶着	扶住	扶住	fu21 tʃy22	fu4 zyu6	扶着1
9617	二十二、動作（1）一般動作/扶着	攀住	攀住	man55 tʃy22	maan1 zyu6	扶着2
9618	二十二、動作（1）一般動作/搶着	爭住	争住	tʃaŋ55 tʃy22	zaang1 zyu6	搶着
9619	二十二、動作（1）一般動作/彈指頭	彈手指	弹手指	tʰɛn21 ʃɐu35 tʃi35	ten4 sau2 zi2	彈指頭
9620	二十二、動作（1）一般動作/伸手指	伸手指	伸手指	tʃʰɐn55 ʃɐu35 tʃi35	can1 sau2 zi2	伸手指
9621	二十二、動作（1）一般動作/攥起拳頭	抓拳頭	抓拳头	tʃa55 kʰyn21 tʰɐu21	zaa1 kyun4 tau4	攥起拳頭1.1
9622	二十二、動作（1）一般動作/攥起拳頭	抓拳頭	抓拳头	ja55 kʰyn21 tʰɐu21	jaa1 kyun4 tau4	攥起拳頭1.2
9623	二十二、動作（1）一般動作/攥起拳頭	抓拳槌	抓拳槌	tʃa55 kʰyn21 tʃʰui21	zaa1 kyun4 cui4	攥起拳頭2.1
9624	二十二、動作（1）一般動作/攥起拳頭	抓拳槌	抓拳槌	ja55 kʰyn21 tʃʰui21	jaa1 kyun4 cui4	攥起拳頭2.2
9625	二十二、動作（1）一般動作/粘（貼）	𪐀	𪐀	nɛ55	ne1	粘（貼）1，～郵票
9626	二十二、動作（1）一般動作/粘（貼）	黏	黏	nim55	nim1	粘（貼）2
9627	二十二、動作（1）一般動作/粘	黐	黐	tʃʰi55	ci1	粘在一塊
9628	二十二、動作（1）一般動作/粘牙齒	𪐀牙	𪐀牙	nɛ55 ŋa21	ne1 ngaa4	粘牙齒1.1
9629	二十二、動作（1）一般動作/粘牙齒	𪐀牙	𪐀牙	ni55 ŋa21	ni1 ngaa4	粘牙齒1.2
9630	二十二、動作（1）一般動作/粘牙齒	𪐌牙齒	𪐌牙齿	nek5 ŋa21 tʃʰi35	nik1 ngaa4 ci2	粘牙齒2
9631	二十二、動作（1）一般動作/裂	裂	裂	lit2	lit6	裂（木板～開了）
9632	二十二、動作（1）一般動作/摻	摻	掺	tʃʰɐm55	cam1	摻，酒裏～水，酒裏兌水
9633	二十二、動作（1）一般動作/擡	扛	扛	kʰɔŋ21	kong4	擡1
9634	二十二、動作（1）一般動作/擡	揭	揭	kɐt2	gat6	擡2（～張凳過來）
9635	二十二、動作（1）一般動作/端	捧	捧	pʰʊŋ35	pung2	端1.1（～碗）
9636	二十二、動作（1）一般動作/端	捧	捧	pʊŋ35	bung2	端1.2（～碗）
9637	二十二、動作（1）一般動作/端菜	捧菜	捧菜	pʰʊŋ35 tʃʰɔi33	pung2 coi3	（服務員）端菜1.1
9638	二十二、動作（1）一般動作/端菜	捧菜	捧菜	pʊŋ35 tʃʰɔi33	bung2 coi3	（服務員）端菜1.2
9639	二十二、動作（1）一般動作/用力搖動	摮	摮	ŋau21	ngaau4	用力搖動1.1
9640	二十二、動作（1）一般動作/用力搖動	摮	摮	ŋu21	ngu4	用力搖動1.2
9641	二十二、動作（1）一般動作/用力搖動	摮	摮	ŋɛu21	ngeu4	用力搖動1.3，罕讀
9642	二十二、動作（1）一般動作/用力搖動	摝	摝	ŋʊk2	nguk6	用力搖動2，此處來母讀如疑母
9643	二十二、動作（1）一般動作/挑擔子	擔擔	担担	tam55 tam33	daam1 daam3	挑擔子
9644	二十二、動作（1）一般動作/扛鋤頭	擔鋤頭	担锄头	tam55 tʃʰɔ21 tʰɐu21	daam1 co4 tau4	扛鋤頭1
9645	二十二、動作（1）一般動作/扛鋤頭	扛鋤頭	扛锄头	kʰɔŋ21 tʃʰɔ21 tʰɐu21	kong4 co4 tau4	扛鋤頭2
9646	二十二、動作（1）一般動作/扛凳子	擔凳	担凳	tam55 tɐŋ33	daam1 dang3	扛凳子1
9647	二十二、動作（1）一般動作/扛凳子	扛凳	扛凳	kʰɔŋ21 tɐŋ33	kong4 dang3	扛凳子2
9648	二十二、動作（1）一般動作/打；很能吃	捎	捎	ɬau21	slaau4	打：～佢一餐；很能吃：佢好～得
9649	二十二、動作（1）一般動作/拼命地吃	食喳喳	食喳喳	ʃek2 tʃa21 tʃa21	sik6 zaa4 zaa4	拼命地吃，吃的場面很大
9650	二十二、動作（1）一般動作/打、揍	擂	擂	lui55	lui1	打、揍，俗稱
9651	二十二、動作（1）一般動作/敲打	摼	摼	hɐŋ55	hang1	敲打1
9652	二十二、動作（1）一般動作/敲打	㩧	㩧	pɔk5	bok1	敲打2
9653	二十二、動作（1）一般動作/敲打	𢷕	𢷕	mɔk5	mok1	敲打3
9654	二十二、動作（1）一般動作/敲打	搉	搉	kʷʰɐk5	kwak1	敲打4.1，劃、斫
9655	二十二、動作（1）一般動作/敲打	搉	搉	kʷɐk5	gwak1	敲打4.2，劃、斫
9656	二十二、動作（1）一般動作/被打	捱打	挨打	ŋai21 ta35	ngaai4 daa2	被打
9657	二十二、動作（1）一般動作/中招、遇到麻煩	捱嘢	挨嘢	ŋai21 jɛ24	ngaai4 je5	中招、遇到麻煩
9658	二十二、動作（1）一般動作/餵（雞鴨豬）	餵	喂	wɐi33	wai3	餵（雞鴨豬）
9659	二十二、動作（1）一般動作/餵豬	餵豬	喂猪	wɐi33 tʃy55	wai3 zyu1	餵豬
9660	二十二、動作（1）一般動作/揹	孭	孭	mɛ55	me1	揹，～崽，～書包，本字「披」
9661	二十二、動作（1）一般動作/動	逳	逳	jʊk5	juk1	動1，本字「觸」
9662	二十二、動作（1）一般動作/動	逳動	逳动	jʊk5 tʊŋ22	juk1 dung6	動2
9663	二十二、動作（1）一般動作/動靜、動作	迻逳	迻逳	ji55 jʊk5	ji1 juk1	動靜、動作，本字「支觸」
9664	二十二、動作（1）一般動作/動個不停	迻迻逳逳	迻迻逳逳	ji55 ji55 jʊk5 jʊk5	ji1 ji1 juk1 juk1	動個不停，本字「支支觸觸」
9665	二十二、動作（1）一般動作/動得厲害	逳喳喳	逳喳喳	jʊk5 tʃa21 tʃa21	juk1 zaa4 zaa4	動得厲害1
9666	二十二、動作（1）一般動作/動得厲害	逳唅唅	逳唅唅	jʊk5 hɐm21 hɐm21	juk1 ham4 ham4	動得厲害2
9667	二十二、動作（1）一般動作/動得厲害	逳嗊嗊	逳唝唝	jʊk5 kʊŋ33 kʊŋ33	juk1 gung3 gung3	動得厲害3
9668	二十二、動作（1）一般動作/動得厲害	逳屯屯	逳屯屯	jʊk5 tʰɐn21 tʰɐn21	juk1 tan4 tan4	動得厲害4
9669	二十二、動作（1）一般動作/抖動	擻	擞	ɬɐu35	slau2	抖動
9670	二十二、動作（1）一般動作/手舞足蹈	舞撐撐	舞撑撑	mu24 tʃʰaŋ33 tʃʰaŋ33	mu5 caang3 caang3	手舞足蹈；喻指忙碌貌
9671	二十二、動作（1）一般動作/做	做	做	tʃu33	zu3	做1
9672	二十二、動作（1）一般動作/做	整	整	tʃeŋ35	zing2	做2
9673	二十二、動作（1）一般動作/做	舞	舞	mu24	mu5	做3
9674	二十二、動作（1）一般動作/合	佮	佮	kɐp3	gap3	合（～錢，～夥，～得來）
9675	二十二、動作（1）一般動作/合作	佮手	佮手	kɐp3 ʃɐu35	gap3 sau2	合作
9676	二十二、動作（1）一般動作/齊心協力	佮手佮腳	佮手佮脚	kɐp3 ʃɐu35 kɐp3 kœk3	gap3 sau2 gap3 goek3	齊心協力
9677	二十二、動作（1）一般動作/合並	合拼	合拼	hɐp2 pʰeŋ33	hap6 ping3	合並
9678	二十二、動作（1）一般動作/作伴	做隊	做队	tʃu33 tui22	zu3 dui6	作伴1，佮伴兒
9679	二十二、動作（1）一般動作/作伴	作伴	作伴	tʃɔk3 pʰun24	zok3 pun5	作伴2，佮伴兒
9680	二十二、動作（1）一般動作/有伴	有隊	有队	jɐu24 tui22	jau5 dui6	有伴1
9681	二十二、動作（1）一般動作/有伴	有伴	有伴	jɐu24 pʰun24	jau5 pun5	有伴2
9682	二十二、動作（1）一般動作/弄來弄去	支支整整	支支整整	tʃi55 tʃi55 tʃeŋ35 tʃeŋ35	zi1 zi1 zing2 zing2	不停地做，弄來弄去：～又得一日
9683	二十二、動作（1）一般動作/動作慢	靡靡磨磨	靡靡磨磨	mi55 mi55 mɔ55 mɔ55	mi1 mi1 mo1 mo1	動作慢1，俗作「咪咪摩摩」，案，《詩·王風·黍離》行邁靡靡，心中搖搖，《毛傳》靡靡，猶遲遲也，明·徐渭《翠鄕夢》第一出，百尺竿頭難轉一個磨磨，《醒世姻緣傳》喜的晁夫人遶屋裡打磨磨
9684	二十二、動作（1）一般動作/動作慢	靡靡舞舞	靡靡舞舞	mi55 mi55 mu24 mu24	mi1 mi1 mu5 mu5	動作慢2，俗作「咪咪舞舞」
9685	二十二、動作（1）一般動作/動作慢	耍摹摹	耍摹摹	ʃa35 mɔ21 mɔ55	saa2 mo4 mo1	動作慢3，本義爲小孩兒玩過家家
9686	二十二、動作（1）一般動作/動作慢	𥹉糯	𥹉糯	nɐp2 nɔ22	nap6 no6	動作慢4
9687	二十二、動作（1）一般動作/動作慢	𥹉油	𥹉油	nɐp2 jɐu21	nap6 jau4	動作慢5，本義爲機件給油膏住了
9688	二十二、動作（1）一般動作/跺腳	䂿腳	䂿脚	tɐm22 kœk3	dam6 goek3	跺腳
9689	二十二、動作（1）一般動作/踮腳	迎腳	迎脚	ŋeŋ21 kœk3	nging4 goek3	踮腳1.1
9690	二十二、動作（1）一般動作/踮腳	迎腳	迎脚	jeŋ22 kœk3	jing6 goek3	踮腳1.2
9691	二十二、動作（1）一般動作/踮腳	踮腳	踮脚	tim55 kœk3	dim1 goek3	踮腳2
9692	二十二、動作（1）一般動作/踢	踢	踢	tʰɛk3	tek3	踢1
9693	二十二、動作（1）一般動作/踢	兜	兜	tɐu55	dau1	踢2，用力踢
9694	二十二、動作（1）一般動作/蹬，踹	撐	撑	jaŋ33	jaang3	蹬，踹，源自「牚」
9695	二十二、動作（1）一般動作/踩	踩	踩	tʃʰai35	caai2	踩1.1
9696	二十二、動作（1）一般動作/踩	踩	踩	jai35	jaai2	踩1.2
9697	二十二、動作（1）一般動作/踩	蹅	蹅	tʃʰa55	caa1	踩2，失足踩入，老派
9698	二十二、動作（1）一般動作/跳	跳	跳	tʰiu33	tiu3	跳
9699	二十二、動作（1）一般動作/跳動貌	跳嘞嘞	跳嘞嘞	tʰiu33 lɐk5 lɐk5	tiu3 lak1 lak1	跳動貌1，好動，多動，也說「嘞嘞跳」
9700	二十二、動作（1）一般動作/跳動貌	跳㘄㘄	跳㘄㘄	tʰiu33 lɐŋ55 lɐŋ55	tiu3 lang1 lang1	跳動貌2，好動，多動，也說「㘄㘄跳」
9701	二十二、動作（1）一般動作/跳動貌	跳𦑌𦑌	跳𦑌𦑌	tʰiu33 fɐk2 fɐk2	tiu3 fak6 fak6	跳動貌3，指脈搏跳動，也說「𦑌𦑌跳」
9702	二十二、動作（1）一般動作/跳動貌	跳卟卟	跳卟卟	tʰiu33 pɐp2 pɐp2	tiu3 bap6 bap6	跳動貌4，指心跳，也說「卟卟跳」
9703	二十二、動作（1）一般動作/跳動貌	嘞嘞跳	嘞嘞跳	lɐk5 lɐk5 tʰiu33	lak1 lak1 tiu3	跳動貌5，好動，多動，同「跳嘞嘞」
9704	二十二、動作（1）一般動作/跳動貌	㘄㘄跳	㘄㘄跳	lɐŋ55 lɐŋ55 tʰiu33	lang1 lang1 tiu3	跳動貌6，好動，多動，同「跳㘄㘄」
9705	二十二、動作（1）一般動作/跳動貌	𦑌𦑌跳	𦑌𦑌跳	fɐk2 fɐk2 tʰiu33	fak6 fak6 tiu3	跳動貌7，指脈搏跳動，同「跳𦑌𦑌」
9706	二十二、動作（1）一般動作/跳動貌	卟卟跳	卟卟跳	pɐp2 pɐp2 tʰiu33	bap6 bap6 tiu3	跳動貌8，指心跳，同「跳卟卟」
9707	二十二、動作（1）一般動作/跳動聲	卟卟聲	卟卟声	pɐp2 pɐp2 ʃɛŋ55	bap6 bap6 seng1	跳動聲
9708	二十二、動作（1）一般動作/蹺二郎腿	蹺腳	跷脚	kʰɛu55 kœk3	keu1 goek3	蹺二郎腿1.1，俗作「翹腳」
9709	二十二、動作（1）一般動作/蹺二郎腿	蹺腳	跷脚	hɛu55 kœk3	heu1 goek3	蹺二郎腿1.2，俗作「翹腳」
9710	二十二、動作（1）一般動作/蜷腿	曲住腳	曲住脚	kʰʊk5 tʃy22 kœk3	kuk1 zyu6 goek3	蜷腿1
9711	二十二、動作（1）一般動作/蜷腿	閜住腳	閜住脚	kʰɔ21 tʃy22 kœk3	ko4 zyu6 goek3	蜷腿2
9712	二十二、動作（1）一般動作/蜷腿	屈住腳	屈住脚	wɐt5 tʃy22 kœk3	wat1 zyu6 goek3	蜷腿3
9713	二十二、動作（1）一般動作/抖腿	揈腳	揈脚	fɐŋ33 kœk3	fang3 goek3	抖腿1
9714	二十二、動作（1）一般動作/抖腿	擻腳	擞脚	ɬɐu35 kœk3	slau2 goek3	抖腿2
9715	二十二、動作（1）一般動作/抖個不停	擻層層	擞层层	ɬɐu35 ɬɐŋ21 ɬɐŋ21	slau2 slang4 slang4	抖個不停
9716	二十二、動作（1）一般動作/踢腿	踢腳	踢脚	tʰɛk3 kœk3	tek3 goek3	踢腿
9717	二十二、動作（1）一般動作/手抖貌	手震震	手震震	ʃɐu35 tʃɐn33 tʃɐn33	sau2 zan3 zan3	手抖貌
9718	二十二、動作（1）一般動作/一手包辦	一腳踢	一脚踢	a55 kœk3 tʰɛk3	aa1 goek3 tek3	一手包辦，比喻用法
9719	二十二、動作（1）一般動作/跑	趯	趯	tɛk3	dek3	跑1，本字「迪」
9720	二十二、動作（1）一般動作/跑	走	走	tʃɐu35	zau2	跑2
9721	二十二、動作（1）一般動作/逃難	走難	走难	tʃɐu35 nan22	zau2 naan6	逃難
9722	二十二、動作（1）一般動作/逃避日本兵	走日本崽	走日本崽	tʃɐu35 jɐt2 pun35 tʃɐi35	zau2 jat6 bun2 zai2	逃避日本兵
9723	二十二、動作（1）一般動作/逃避日本兵	走日本仔	走日本仔	tʃɐu35 jɐt2 pun35 tʃɐi35	zau2 jat6 bun2 zai2	逃避日本兵，同「走日本崽」
9724	二十二、動作（1）一般動作/紛紛跑貌	趯喳喳	趯喳喳	tɛk3 tʃa21 tʃa21	dek3 zaa4 zaa4	紛紛跑貌1
9725	二十二、動作（1）一般動作/紛紛跑貌	趯唅唅	趯唅唅	tɛk3 hɐm21 hɐm21	dek3 ham4 ham4	紛紛跑貌2
9726	二十二、動作（1）一般動作/紛紛衝貌	衝喳喳	冲喳喳	tʃʰʊŋ55 tʃa21 tʃa21	cung1 zaa4 zaa4	紛紛衝貌1
9727	二十二、動作（1）一般動作/紛紛衝貌	衝唅唅	冲唅唅	tʃʰʊŋ55 hɐm21 hɐm21	cung1 ham4 ham4	紛紛衝貌2
9728	二十二、動作（1）一般動作/偷跑	趯更	趯更	tɛk3 kaŋ55	dek3 gaang1	偷跑1；開小差
9729	二十二、動作（1）一般動作/偷跑	偷趯	偷趯	tʰɐu55 tɛk3	tau1 dek3	偷跑2，溜走
9730	二十二、動作（1）一般動作/偷跑	偷機	偷机	tʰɐu55 kɐi55	tau1 gai1	偷跑3，偷懶、偷閒，俗作「偷雞」
9731	二十二、動作（1）一般動作/偷跑	偷雞	偷鸡	tʰɐu55 kɐi55	tau1 gai1	偷跑3，偷懶、偷閒，「雞」本是「機（機會）」的音變
9732	二十二、動作（1）一般動作/偷跑	溜機	溜机	liu55 kɐi55	liu1 gai1	偷跑4，溜走、溜號兒，俗作「溜雞」
9733	二十二、動作（1）一般動作/偷跑	溜雞	溜鸡	liu55 kɐi55	liu1 gai1	偷跑4，溜走、溜號兒，「雞」本是「機（機會）」的音變
9734	二十二、動作（1）一般動作/偷跑	鉸腳	铰脚	kau33 kœk3	gaau3 goek3	偷跑5，溜走、逃走
9735	二十二、動作（1）一般動作/失去機會	走機	走机	tʃɐu35 kɐi55	zau2 gai1	失去機會，俗作「走雞」
9736	二十二、動作（1）一般動作/失去機會	走雞	走鸡	tʃɐu35 kɐi55	zau2 gai1	失去機會，「雞」本是「機（機會）」的音變
9737	二十二、動作（1）一般動作/跑得掉	趯得甩	趯得甩	tɛk3 tɐk5 lɐt5	dek3 dak1 lat1	跑得掉
9738	二十二、動作（1）一般動作/兩邊來回跑	兩頭趯	两头趯	lœŋ24 tʰɐu21 tɛk3	loeng5 tau4 dek3	兩邊來回跑
9739	二十二、動作（1）一般動作/打亂了	打偡苗	打偡苗	ta35 tʃam33 miu21	daa2 zaam3 miu4	有序的隊伍或場面突然間亂了
9740	二十二、動作（1）一般動作/真刀真槍上場	打真軍	打真军	ta35 tʃɐn55 kʷɐn55	daa2 zan1 gwan1	真刀真槍上場
9741	二十二、動作（1）一般動作/走	行	行	haŋ21	haang4	走
9742	二十二、動作（1）一般動作/紛紛走貌	行喳喳	行喳喳	haŋ21 tʃa21 tʃa21	haang4 zaa4 zaa4	紛紛走或走得快貌1
9743	二十二、動作（1）一般動作/紛紛走貌	行噌噌	行噌噌	haŋ21 tʃɐŋ21 tʃɐŋ21	haang4 zang4 zang4	紛紛走或走得快貌2
9744	二十二、動作（1）一般動作/紛紛走貌	行䠡䠡	行䠡䠡	haŋ21 tʃɔ21 tʃɔ21	haang4 zo4 zo4	紛紛走或走得快貌3
9745	二十二、動作（1）一般動作/紛紛走貌	走喳喳	走喳喳	tʃɐu35 tʃa21 tʃa21	zau2 zaa4 zaa4	紛紛走或走得快貌4
9746	二十二、動作（1）一般動作/紛紛走貌	走䠡䠡	走䠡䠡	tʃɐu35 tʃɔ21 tʃɔ21	zau2 zo4 zo4	紛紛走或走得快貌5
9747	二十二、動作（1）一般動作/紛紛走貌	走啦啦	走啦啦	tʃɐu35 la21 la21	zau2 laa4 laa4	紛紛走或走得快貌6
9748	二十二、動作（1）一般動作/出	出	出	tʃʰyt5	cyut1	出
9749	二十二、動作（1）一般動作/出去	出去	出去	tʃʰyt5 hy33	cyut1 hyu3	出去（他～了）
9750	二十二、動作（1）一般動作/進	落	落	lɔk2	lok6	進，～去，～屋
9751	二十二、動作（1）一般動作/進去	落去	落去	lɔk2 hy33	lok6 hyu3	進去（他～了）
9752	二十二、動作（1）一般動作/上	上	上	ʃœŋ24	soeng5	上
9753	二十二、動作（1）一般動作/上去	上來	上来	ʃœŋ24 lɐi21	soeng5 lai4	上去（他～了）
9754	二十二、動作（1）一般動作/下	落	落	lɔk2	lok6	下，～車，～樓
9755	二十二、動作（1）一般動作/下來	落來	落来	lɔk2 lɐi21	lok6 lai4	下來（他～了）
9756	二十二、動作（1）一般動作/回（趨向動詞）	還	还	wɛn21	wen4	回1（趨向動詞，用在動詞後，表恢復體），樹一斬就長～，方向盤打～方向，衫褲收～返來
9757	二十二、動作（1）一般動作/回（趨向動詞）	返	返	fan55	faan1	回2（趨向動詞，用在動詞後，表恢復體或其他虛化義），樹一斬就長～，剩～幾毫子
9758	二十二、動作（1）一般動作/逛	趁	趁	tʃʰɐn33	can3	逛1
9759	二十二、動作（1）一般動作/逛	逛	逛	kʷaŋ22	gwaang6	逛2.1
9760	二十二、動作（1）一般動作/逛	逛	逛	kɔŋ22	gong6	逛2.2
9761	二十二、動作（1）一般動作/到處逛	到處趁	到处趁	tu33 tʃʰy33 tʃʰɐn33	du3 cyu3 can3	到處逛1
9762	二十二、動作（1）一般動作/到處逛	到處逛	到处逛	tu33 tʃʰy33 kʷaŋ22	du3 cyu3 gwaang6	到處逛2.1
9763	二十二、動作（1）一般動作/到處逛	到處逛	到处逛	tu33 tʃʰy33 kɔŋ22	du3 cyu3 gong6	到處逛2.2
9764	二十二、動作（1）一般動作/來回走	巡	巡	tʃʰɐn21	can4	來回走1
9765	二十二、動作（1）一般動作/來回走	迍	迍	tʰɐn21	tan4	來回走2
9766	二十二、動作（1）一般動作/來回走動	行來行去	行来行去	haŋ21 lɐi21 haŋ21 hy33	haang4 lai4 haang4 hyu3	來回走動1
9767	二十二、動作（1）一般動作/來回走動	巡來巡去	巡來巡去	tʃʰɐn21 lɐi21 tʃʰɐn21 hy33	can4 lai4 can4 hyu3	來回走動2
9768	二十二、動作（1）一般動作/來回走動	迍來迍去	迍來迍去	tʰɐn21 lɐi21 tʰɐn21 hy33	tan4 lai4 tan4 hyu3	來回走動3，強調轉來轉去
9769	二十二、動作（1）一般動作/來回走動	行上行落	行上行落	haŋ21 ʃœŋ24 haŋ21 lɔk2	haang4 soeng5 haang4 lok6	來回走動4，強調上上下下
9770	二十二、動作（1）一般動作/追趕	抨	抨	pʰaŋ24	paang5	追趕1
9771	二十二、動作（1）一般動作/追趕	追	追	tʃui55	zui1	追趕2
9772	二十二、動作（1）一般動作/趕走	抨	抨	pʰaŋ24	paang5	趕走
9773	二十二、動作（1）一般動作/撞	撞	撞	tʃɔŋ22	zong6	撞1（人～到電線杆上）
9774	二十二、動作（1）一般動作/撞	闖	闯	tʃʰɔŋ33	cong3	撞2（～爛、～倒、～見）
9775	二十二、動作（1）一般動作/等	聽	听	tʰeŋ33	ting3	等1
9776	二十二、動作（1）一般動作/等	等	等	tɐŋ35	dang2	等2
9777	二十二、動作（1）一般動作/等	候	候	hɐu55	hau1	等3，盯着、俟機，俗字「睺」
9778	二十二、動作（1）一般動作/盯住、盯着	䀫	䀫	kɐp2	gap6	盯住、盯着（～～睇過有乜嘢靚嘅攤位），俗字「𥄫」
9779	二十二、動作（1）一般動作/艱難行走	扤	扤	ŋɛt2	nget6	艱難行走
9780	二十二、動作（1）一般動作/慢慢走	慢慢行	慢慢行	man22 man35 haŋ21	maan6 maan2 haang4	慢慢走1
9781	二十二、動作（1）一般動作/慢慢走	慢慢扤	慢慢扤	man22 man35 ŋɛt2	maan6 maan2 nget6	慢慢走2
9782	二十二、動作（1）一般動作/動作拖拉	挪挪撚撚	挪挪撚撚	nɔ21 nɔ21 nɐn35 nɐn35	no4 no4 nan2 nan2	動作拖拉1，磨蹭
9783	二十二、動作（1）一般動作/動作拖拉	擻擻灑灑	擞擞洒洒	ɬu21 ɬu21 ɬa21 ɬa21	slu4 slu4 slaa4 slaa4	動作拖拉2，磨蹭、拖泥帶水，又作「簌簌灑灑」，「灑灑」古文表連綿不絕
9784	二十二、動作（1）一般動作/動作拖拉	簌簌灑灑	簌簌洒洒	ɬu21 ɬu21 ɬa21 ɬa21	slu4 slu4 slaa4 slaa4	動作拖拉2，磨蹭、拖泥帶水，同「擻擻灑灑」，「灑灑」古文表連綿不絕
9785	二十二、動作（1）一般動作/動作拖拉	捱捱扤扤	挨挨扤扤	ŋai21 ŋai21 ŋɛt2 ŋɛt2	ngaai4 ngaai4 nget6 nget6	動作拖拉3，磨蹭
9786	二十二、動作（1）一般動作/動作拖拉	捱扤	挨扤	ŋai21 ŋɛt2	ngaai4 nget6	動作拖拉4，磨蹭
9787	二十二、動作（1）一般動作/拖着鞋走	拖襲襲	拖袭袭	tʰɔ55 ɬɐp2 ɬɐp2	to1 slap6 slap6	拖着鞋走1.1
9788	二十二、動作（1）一般動作/拖着鞋走	拖襲襲	拖袭袭	tʰɔ55 ɬɛp2 ɬɛp2	to1 slep6 slep6	拖着鞋走1.2
9789	二十二、動作（1）一般動作/跟隨貌	跟襲襲	跟袭袭	kɐn55 ɬɐp2 ɬɐp2	gan1 slap6 slap6	跟隨貌1.1
9790	二十二、動作（1）一般動作/跟隨貌	跟襲襲	跟袭袭	kɐn55 ɬɛp2 ɬɛp2	gan1 slep6 slep6	跟隨貌1.2
9791	二十二、動作（1）一般動作/跟隨貌	跟褦褦	跟褦褦	kɐn55 nɐŋ33 nɐŋ33	gan1 nang3 nang3	跟隨貌2
9792	二十二、動作（1）一般動作/漫步走	行襲襲	行袭袭	haŋ21 ɬɐp2 ɬɐp2	haang4 slap6 slap6	漫步走1.1，溜達
9793	二十二、動作（1）一般動作/漫步走	行襲襲	行袭袭	haŋ21 ɬɛp2 ɬɛp2	haang4 slep6 slep6	漫步走1.2，溜達
9794	二十二、動作（1）一般動作/虔誠地拜	拜襲襲	拜袭袭	pai33 ɬɐp2 ɬɐp2	baai3 slap6 slap6	虔誠地拜1.1
9795	二十二、動作（1）一般動作/虔誠地拜	拜襲襲	拜袭袭	pai33 ɬɛp2 ɬɛp2	baai3 slep6 slep6	虔誠地拜1.2
9796	二十二、動作（1）一般動作/擰	扭	扭	nɐu35	nau2	擰（～螺絲、～毛巾）
9797	二十二、動作（1）一般動作/扭捏	扭擰	扭拧	nɐu35 neŋ22	nau2 ning6	扭捏1
9798	二十二、動作（1）一般動作/扭捏	扭扭擰擰	扭扭拧拧	nɐu35 nɐu35 neŋ22 neŋ22	nau2 nau2 ning6 ning6	扭捏2
9799	二十二、動作（1）一般動作/扭捏	齮齮齕齕	𬺈𬺈龁龁	ŋi21 ŋi55 ŋɛt2 ŋɛt2	ngi4 ngi1 nget6 nget6	扭捏3，矯情、支吾
9800	二十二、動作（1）一般動作/挪動（步子）	褪	褪	tʰɐn33	tan3	挪動（步子）
9801	二十二、動作（1）一般動作/後退	褪	褪	tʰɐn33	tan3	後退1
9802	二十二、動作（1）一般動作/後退	褪後	褪后	tʰɐn33 hɐu22	tan3 hau6	後退2
9803	二十二、動作（1）一般動作/倒退	倒褪	倒褪	tu33 tʰɐn33	du3 tan3	倒退
9804	二十二、動作（1）一般動作/往後退	打倒褪	打倒褪	ta35 tu33 tʰɐn33	daa2 du3 tan3	往後退
9805	二十二、動作（1）一般動作/移動（物）	挪	挪	nɔ21	no4	移動1（物）
9806	二十二、動作（1）一般動作/移動（物）	褪	褪	tʰɐn33	tan3	移動2（物）
9807	二十二、動作（1）一般動作/讓開（借光）	借下	借下	tʃɛ33 ha24	ze3 haa5	讓開1（借光）
9808	二十二、動作（1）一般動作/讓開（借光）	片開	片开	pʰin33 hɔi55	pin3 hoi1	讓開2（借光）
9809	二十二、動作（1）一般動作/讓開（借光）	行開	行开	haŋ21 hɔi55	haang4 hoi1	讓開3（借光）
9810	二十二、動作（1）一般動作/讓開（借光）	借一借	借一借	tʃɛ33 a55 tʃɛ33	ze3 aa1 ze3	讓開4（借光）
9811	二十二、動作（1）一般動作/讓開（借光）	借借	借借	tʃɛ33 tʃɛ33	ze3 ze3	讓開5（借光）
9812	二十二、動作（1）一般動作/讓開（借光）	借佊	借佊	tʃɛ33 mɛ35	ze3 me2	讓開6（借光）
9813	二十二、動作（1）一般動作/走開	跙	跙	tʃʰɛ35	ce2	走開1
9814	二十二、動作（1）一般動作/走開	跙人	跙人	tʃʰɛ35 jɐn21	ce2 jan4	走開2
9815	二十二、動作（1）一般動作/走開	䞘	䞘	kɐt2	gat6	走開3
9816	二十二、動作（1）一般動作/走開	䞘路	䞘路	kɐt2 lu22	gat6 lu6	走開4
9817	二十二、動作（1）一般動作/滾蛋	䞘腏路	䞘腏路	kɐt2 tʃʰɔt2 lu22	gat6 cot6 lu6	滾蛋，詈語
9818	二十二、動作（1）一般動作/繞遠	屈遠路	屈远路	wɐt5 jyn24 lu22	wat1 jyun5 lu6	繞遠
9819	二十二、動作（1）一般動作/抄近道	屈近路	屈近路	wɐt5 kʰɐn24 lu22	wat1 kan5 lu6	抄近道
9820	二十二、動作（1）一般動作/繞道、繞路走	屈路行	屈近行	wɐt5 lu22 haŋ21	wat1 lu6 haang4	繞道、繞路走
9821	二十二、動作（1）一般動作/迷路	朧路	胧路	lʊŋ55 lu22	lung1 lu6	迷路
9822	二十二、動作（1）一般動作/轉	轉	转	tʃyn35	zyun2	轉，～身
9823	二十二、動作（1）一般動作/轉	轉	转	tʃyn33	zyun3	轉1，～動
9824	二十二、動作（1）一般動作/轉	捹	捹	pɐn33	ban3	轉2，俗字「擯」
9825	二十二、動作（1）一般動作/團團轉	捹螺螺	捹螺螺	pɐn33 lɔ55 lɔ55	ban3 lo1 lo1	團團轉1
9826	二十二、動作（1）一般動作/團團轉	𧽼𧽼轉	𧽼𧽼转	tʰɐm21 tʰɐm21 tʃyn33	tam4 tam4 zyun3	團團轉2
9827	二十二、動作（1）一般動作/團團轉	車車轉	车车转	tʃʰɛ55 tʃʰɛ55 tʃyn33	ce1 ce1 zyun3	團團轉3
9828	二十二、動作（1）一般動作/團團轉	螺螺攣	螺螺挛	lɔ55 lɔ55 lyn55	lo1 lo1 lyun1	團團轉4
9829	二十二、動作（1）一般動作/團團轉	轉螺螺	转螺螺	tʃyn33 lɔ55 lɔ55	zyun3 lo1 lo1	團團轉5，也說「螺螺轉」
9830	二十二、動作（1）一般動作/團團轉	螺螺轉	螺螺转	lɔ55 lɔ55 tʃyn33	lo1 lo1 zyun3	團團轉6，同「轉螺螺」
9831	二十二、動作（1）一般動作/圍攏	鬨	哄	hʊŋ22	hung6	圍攏（～住一堆人、噉多人～喺啲做乜嘢）
9832	二十二、動作（1）一般動作/圍着	鬨住	哄住	hʊŋ22 tʃy22	hung6 zyu6	圍着（十幾隻人～睇佢哋逳棋）
9833	二十二、動作（1）一般動作/叉腰	叉腰	叉腰	tʃʰa55 jiu55	caa1 jiu1	叉腰
9834	二十二、動作（1）一般動作/彎腰	閜背	閜背	kʰɔ21 pui33	ko4 bui3	彎腰1
9835	二十二、動作（1）一般動作/彎腰	閜腰	閜腰	kʰɔ21 jiu55	ko4 jiu1	彎腰2
9836	二十二、動作（1）一般動作/彎腰	彎腰	弯腰	wan55 jiu55	waan1 jiu1	彎腰3
9837	二十二、動作（1）一般動作/彎腰	拱腰	拱腰	kʊŋ35 jiu55	gung2 jiu1	彎腰4
9838	二十二、動作（1）一般動作/伸腰	伸腰	伸腰	tʃʰɐn55 jiu55	can1 jiu1	伸腰1
9839	二十二、動作（1）一般動作/伸腰	伸懶腰	伸懒腰	tʃʰɐn55 lan24 jiu55	can1 laan5 jiu1	伸腰2
9840	二十二、動作（1）一般動作/伸直	伸直	伸直	tʃʰɐn55 tʃek2	can1 zik6	伸直
9841	二十二、動作（1）一般動作/撐腰（支持）	撐腰	撑腰	tʃʰaŋ55 jiu55	caang1 jiu1	撐腰1（支持）
9842	二十二、動作（1）一般動作/撐腰（支持）	幫	帮	pɔŋ55	bong1	撐腰2（支持）
9843	二十二、動作（1）一般動作/幫忙	幫手	帮手	pɔŋ55 ʃɐu35	bong1 sau2	幫忙（有乜嘢～嗎？我都做過廚房啊喎[wɔ33]）
9844	二十二、動作（1）一般動作/跨	𨂾	𨂾	nam33	naam3	跨，應是由「揇」引申而來
9845	二十二、動作（1）一般動作/挺（胸、肚）	躽	躽	ɛn35	en2	挺1（胸、肚）
9846	二十二、動作（1）一般動作/挺（胸、肚）	躽䏟䏟	躽䏟䏟	ɛn35 pɛt2 pɛt2	en2 bet6 bet6	挺2（胸、肚）
9847	二十二、動作（1）一般動作/挺胸	躽胸	躽胸	ɛn35 hʊŋ55	en2 hung1	挺胸
9848	二十二、動作（1）一般動作/挺胸凸肚	躽胸凸肚	躽胸凸肚	ɛn35 hʊŋ55 tɐt2 tʰu24	en2 hung1 dat6 tu5	挺胸凸肚
9849	二十二、動作（1）一般動作/撅屁股	翹屎窟	翘屎窟	hɛu55 ʃi35 fɐt5	heu1 si2 fat1	撅屁股1
9850	二十二、動作（1）一般動作/撅屁股	拱屎窟	拱屎窟	kʊŋ35 ʃi35 fɐt5	gung2 si2 fat1	撅屁股2
9851	二十二、動作（1）一般動作/撅屁股	撅屎窟	撅屎窟	kœ55 ʃi35 fɐt5	goe1 si2 fat1	撅屁股3，此處「撅」當源自「鼓（鼓起）」
9852	二十二、動作（1）一般動作/捶	䂿	䂿	tɐp2	dap6	捶1.1，俗字「撘」
9853	二十二、動作（1）一般動作/捶	䂿	䂿	mɐp2	map6	捶1.2，用石擲、用棍打，端組、泥明母旁轉
9854	二十二、動作（1）一般動作/捶	抌	抌	tɐm35	dam2	捶2
9855	二十二、動作（1）一般動作/捶	捶	捶	tʃʰui21	cui4	捶3
9856	二十二、動作（1）一般動作/捶背	䂿背脊	䂿背脊	tɐp2 pui33 tʃɛk3	dap6 bui3 zek3	捶背1
9857	二十二、動作（1）一般動作/捶背	䂿腰骨	䂿腰骨	tɐp2 jiu55 kʷɐt5	dap6 jiu1 gwat1	捶背2
9858	二十二、動作（1）一般動作/捶背	䂿骨	䂿骨	tɐp2 kʷɐt5	dap6 gwat1	捶背3
9859	二十二、動作（1）一般動作/擤（鼻涕）	擤	擤	ɬɐŋ33	slang3	擤（鼻涕）
9860	二十二、動作（1）一般動作/擤鼻涕	擤鼻涕	擤鼻涕	ɬɐŋ33 pi22 tʰɐi33	slang3 bi6 tai3	擤鼻涕
9861	二十二、動作（1）一般動作/吮吸	欶	欶	ʃɔk3	sok3	吮吸1，俗字「嗍」
9862	二十二、動作（1）一般動作/吮吸	㰵	㰵	tʃœt5	zoet1	吮吸2
9863	二十二、動作（1）一般動作/吸	欶	欶	ʃɔk3	sok3	吸（～氣），俗字「嗍」
9864	二十二、動作（1）一般動作/吸溜鼻涕	欶鼻涕	欶鼻涕	ʃɔk3 pi22 tʰɐi33	sok3 bi6 tai3	吸溜鼻涕1
9865	二十二、動作（1）一般動作/吸溜鼻涕	鼻涕咈咈	鼻涕咈咈	pi22 tʰɐi33 fɛt2 fɛt2	bi6 tai3 fet6 fet6	吸溜鼻涕2，吸鼻涕貌
9866	二十二、動作（1）一般動作/吸毒	欶粉	欶粉	ʃɔk3 fɐn35	sok3 fan2	吸毒
9867	二十二、動作（1）一般動作/搶劫	抌	抌	tɐm35	dam2	搶劫
9868	二十二、動作（1）一般動作/打噴嚏	打嗐鍬	打嗐锹	ta35 hɐt5 tʃʰiu55	daa2 hat1 ciu1	打噴嚏
9869	二十二、動作（1）一般動作/猛出汗	滮汗	滮汗	piu55 hɔn22	biu1 hon6	猛出汗
9870	二十二、動作（1）一般動作/聞	聞	闻	mɐn21	man4	聞
9871	二十二、動作（1）一般動作/落	漏	漏	lɐu33	lau3	落，因忘而把東西遺放在某處
9872	二十二、動作（1）一般動作/遺漏了車	漏車	漏车	lɐu33 tʃʰɛ55	lau3 ce1	遺漏了車
9873	二十二、動作（1）一般動作/對花生撿漏	漏花生	漏花生	lɐu33 fa55 ʃaŋ55	lau3 faa1 saang1	對花生撿漏
9874	二十二、動作（1）一般動作/對番薯撿漏	漏番薯	漏番薯	lɐu33 fan55 ʃy21	lau3 faan1 syu4	對番薯撿漏
9875	二十二、動作（1）一般動作/漏飯、漏嘴巴	漏口	漏口	lɐu22 hɐu35	lau6 hau2	漏飯、漏嘴巴，吃飯掉渣
9876	二十二、動作（1）一般動作/（說話）漏風	漏風	漏风	lɐu22 fʊŋ55	lau6 fung1	（說話）漏風，因牙齒脫落說話攏不住氣
9877	二十二、動作（1）一般動作/（把物）藏（起來）	收	收	ʃɐu55	sau1	（把物）藏（起來）
9878	二十二、動作（1）一般動作/（人）藏（起來）	躲	躲	tɔ35	do2	（人）藏（起來）
9879	二十二、動作（1）一般動作/摞	疊	叠	tip2	dip6	摞1，碼、堆疊（～磚）
9880	二十二、動作（1）一般動作/摞	罧	罧	lɐm22	lam6	摞2，碼、堆疊（～磚），俗字「㨆」
9881	二十二、動作（1）一般動作/碼起來	碼起身	码起身	ma24 hi35 ʃɐn55	maa5 hi2 san1	碼起來1
9882	二十二、動作（1）一般動作/碼起來	砌起身	砌起身	tʃʰɐi33 hi35 ʃɐn55	cai3 hi2 san1	碼起來2
9883	二十二、動作（1）一般動作/碼起來	沓起身	沓起身	tap2 hi35 ʃɐn55	daap6 hi2 san1	碼起來3
9884	二十二、動作（1）一般動作/佔	霸	霸	pa33	baa3	佔，～位置；～定張檯
9885	二十二、動作（1）一般動作/晃悠	揈下揈下	揈下揈下	fɐŋ33 ha24 fɐŋ33 ha24	fang3 haa5 fang3 haa5	晃悠1
9886	二十二、動作（1）一般動作/晃悠	揈來揈去	揈来揈去	fɐŋ33 lɐi21 fɐŋ33 hy33	fang3 lai4 fang3 hyu3	晃悠2
9887	二十二、動作（1）一般動作/晃悠	幐幐揈揈	幐幐揈揈	tɐŋ22 tɐŋ22 fɐŋ33 fɐŋ33	dang6 dang6 fang3 fang3	晃悠3，垂晃貌
9888	二十二、動作（1）一般動作/滲	滲	渗	tʃʰɐm33	cam3	滲1.1（行過街一睇，望見隻月餅有啲油～出來啊，阿張紙總係油；樸碌皮佢帶有啲纖維啊，佢裏底可以包含到好多啲汁，一食起身，佢～得落去啊，阿隻味道非常之靚）
9889	二十二、動作（1）一般動作/滲	滲	渗	tʃʰɐm24	cam5	滲1.2
9890	二十二、動作（1）一般動作/溢出	滿出	满出	mun24 tʃʰyt5	mun5 cyut1	溢出1
9891	二十二、動作（1）一般動作/溢出	屯出	屯出	lɐn24 tʃʰyt5	lan5 cyut1	溢出2，太滿，也指不小心晃出
9892	二十二、動作（1）一般動作/溢出	潽出	潽出	pʰu55 tʃʰyt5	pu1 cyut1	溢出3，指粥等沸騰溢出，本字「𩱚」
9893	二十二、動作（1）一般動作/溢出	滾出	滚出	kʷɐn35 tʃʰyt5	gwan2 cyut1	溢出4，指粥等沸騰溢出
9894	二十二、動作（1）一般動作/倒瀉	倒瀉	倒泻	tu35 ɬɛ35	du2 sle2	倒瀉，弄灑了
9895	二十二、動作（1）一般動作/打潑	打潑	打泼	ta35 pʰut3	daa2 put3	打潑1
9896	二十二、動作（1）一般動作/打潑	打掉	打掉	ta35 tʰɛu35	daa2 teu2	打潑2
9897	二十二、動作（1）一般動作/撒、灑	糝	糁	ɬɐm35	slam2	撒、灑（胡椒、鹽等粉末）
9898	二十二、動作（1）一般動作/灑（茶、酒）	酹	酹	lɛ24	le5	灑（茶、酒），多用作澆地以示祭奠，訓讀字，當源自「攋」
9899	二十二、動作（1）一般動作/倒（茶、酒）	斟	斟	tʃɐm55	zam1	倒1（茶、酒）
9900	二十二、動作（1）一般動作/倒（茶、酒）	倒	倒	tu35	du2	倒2（茶、酒）
9901	二十二、動作（1）一般動作/倒水	倒水	倒水	tu35 ʃui35	du2 sui2	倒水
9902	二十二、動作（1）一般動作/倒茶	倒茶	倒茶	tu35 tʃʰa21	du2 caa4	倒茶
9903	二十二、動作（1）一般動作/倒（掉）	倒	倒	tu35	du2	倒（掉）
9904	二十二、動作（1）一般動作/倒垃圾	倒垃圾	倒垃圾	tu35 lap2 ɬap3	du2 laap6 slaap3	倒垃圾
9905	二十二、動作（1）一般動作/掃地	掃地	扫地	ɬu33 ti22	slu3 di6	掃地
9906	二十二、動作（1）一般動作/弄髒、沾染	溣	溣	lɐn35	lan2	弄髒，沾染，～到身上，沾到身上
9907	二十二、動作（1）一般動作/剩（下）	剩返	剩返	tʃeŋ22 fan55	zing6 faan1	剩1（下）
9908	二十二、動作（1）一般動作/剩（下）	剩	剩	tʃeŋ22	zing6	剩2（下）
9909	二十二、動作（1）一般動作/剩（下）	剩落	剩落	tʃeŋ22 lɔk2	zing6 lok6	剩3（下）
9910	二十二、動作（1）一般動作/試試	試睇過	试睇过	ʃi33 tʰɐi35 kɔ33	si3 tai2 go3	試試，試試看
9911	二十二、動作（1）一般動作/走走	行睇過	行睇过	haŋ21 tʰɐi35 kɔ33	haang4 tai2 go3	走走，走走看
9912	二十二、動作（1）一般動作/看看	睇睇過	睇睇过	tʰɐi35 tʰɐi35 kɔ33	tai2 tai2 go3	看看
9913	二十二、動作（1）一般動作/先看看	睇過先	睇过先	tʰɐi35 kɔ33 ɬin55	tai2 go3 slin1	先看看1.1
9914	二十二、動作（1）一般動作/先看看	睇過先	睇过先	tʰɐi35 kɔ33 lin55	tai2 go3 lin1	先看看1.2
9915	二十二、動作（1）一般動作/取巧	偷巧	偷巧	tʰɐu55 kʰiu35	tau1 kiu2	取巧
9916	二十二、動作（1）一般動作/來不及	來冇及	来冇及	lɔi21 mu24 kɐp2	loi4 mu5 gap6	來不及
9917	二十二、動作（1）一般動作/來得及	來得及	来得及	lɔi21 tɐk5 kɐp2	loi4 dak1 gap6	來得及
9918	二十二、動作（1）一般動作/顧不及	顧冇及	顾冇及	ku33 mu24 kɐp2	gu3 mu5 gap6	顧不及
9919	二十二、動作（1）一般動作/顧得及	顧得及	顾得及	ku33 tɐk5 kɐp2	gu3 dak1 gap6	顧得及
9920	二十二、動作（1）一般動作/有得	有得	有得	jɐu24 tɐk5	jau5 dak1	有得（～做、～恁、～賣、～飲、～食、～商量）
9921	二十二、動作（1）一般動作/換	換	换	wun22	wun6	換1
9922	二十二、動作（1）一般動作/換	揼	揼	tɐm33	dam3	換2（賣乾撈粉有乜嘢好嘅位置幫一下，孖攤都得啊，冇要緊嘅，太貴親冇要搵我，太貴親我攞粉同你～啊），假借字，疑本字「擔」
9923	二十二、動作（2）心理活動/知道	識	识	ʃek5	sik1	知道1
9924	二十二、動作（2）心理活動/知道	識得	识得	ʃek5 tɐk5	sik1 dak1	知道2
9925	二十二、動作（2）心理活動/知道	知到	知到	tʃi55 tu33	zi1 du3	知道3，動補結構
9926	二十二、動作（2）心理活動/不知道	冇識	冇识	mu24 ʃek5	mu5 sik1	不知道1
9927	二十二、動作（2）心理活動/不知道	冇識得	冇识得	mu24 ʃek5 tɐk5	mu5 sik1 dak1	不知道2
9928	二十二、動作（2）心理活動/不知道	冇知到	冇知到	mu24 tʃi55 tu33	mu5 zi1 du3	不知道3，動補結構
9929	二十二、動作（2）心理活動/明知	明識	明识	meŋ21 ʃek5	ming4 sik1	明知
9930	二十二、動作（2）心理活動/懂了	識哂	识哂	ʃek5 ɬai33	sik1 slaai3	懂了
9931	二十二、動作（2）心理活動/會了	識哂	识哂	ʃek5 ɬai33	sik1 slaai3	會了
9932	二十二、動作（2）心理活動/熟	熟	熟	ʃʊk2	suk6	會；熟練
9933	二十二、動作（2）心理活動/會游泳	熟水	熟水	ʃʊk2 ʃui35	suk6 sui2	會游泳
9934	二十二、動作（2）心理活動/會做菜	熟煮菜	熟煮菜	ʃʊk2 tʃy35 tʃʰɔi33	suk6 zyu2 coi3	會做菜
9935	二十二、動作（2）心理活動/明白	明白	明白	meŋ21 pak2	ming4 baak6	明白
9936	二十二、動作（2）心理活動/不明白	恁冇出	恁冇出	nɐm35 mu24 tʃʰyt5	nam2 mu5 cyut1	不明白1
9937	二十二、動作（2）心理活動/不明白	冇明白	冇明白	mu24 meŋ21 pak2	mu5 ming4 baak6	不明白2
9938	二十二、動作（2）心理活動/認得	識得	识得	ʃek5 tɐk5	sik1 dak1	認得1
9939	二十二、動作（2）心理活動/認得	認得	认得	jeŋ22 tɐk5	jing6 dak1	認得2
9940	二十二、動作（2）心理活動/不認得	冇識得	冇识得	mu24 ʃek5 tɐk5	mu5 sik1 dak1	不認得1
9941	二十二、動作（2）心理活動/不認得	冇認得	冇认得	mu24 jeŋ22 tɐk5	mu5 jing6 dak1	不認得2
9942	二十二、動作（2）心理活動/認識	識	识	ʃek5	sik1	認識1
9943	二十二、動作（2）心理活動/認識	識得	识得	ʃek5 tɐk5	sik1 dak1	認識2
9944	二十二、動作（2）心理活動/不認識	冇識	冇识	mu24 ʃek5	mu5 sik1	不認識1
9945	二十二、動作（2）心理活動/不認識	冇識得	冇识得	mu24 ʃek5 tɐk5	mu5 sik1 dak1	不認識2
9946	二十二、動作（2）心理活動/覺得	覺得	觉得	kʰɔk3 tɐk5	kok3 dak1	覺得1.1
9947	二十二、動作（2）心理活動/覺得	覺得	觉得	kʰœk3 tɐk5	koek3 dak1	覺得1.2
9948	二十二、動作（2）心理活動/覺得	見	见	kin33	gin3	覺得2（講哂又講，你冇煩人哋～煩呢）
9949	二十二、動作（2）心理活動/沒辦法	冇辦法	冇办法	mu24 pan22 fat3	mu5 baan6 faat3	沒辦法，沒法兒
9950	二十二、動作（2）心理活動/沒有辦法	冇有辦法	冇有办法	mu24 jɐu24 pan22 fat3	mu5 jau5 baan6 faat3	沒有辦法，沒有法兒
9951	二十二、動作（2）心理活動/識字	識字	识字	ʃek5 tʃi22	sik1 zi6	識字1.1
9952	二十二、動作（2）心理活動/識字	識字	识字	ʃek5 tsɿ22	sik1 zy6	識字1.2
9953	二十二、動作（2）心理活動/想	恁	恁	nɐm35	nam2	想，俗字「諗」
9954	二十二、動作（2）心理活動/想想	恁恁	恁恁	nɐm35 nɐm35	nam2 nam2	想想1
9955	二十二、動作（2）心理活動/想想	恁睇	恁睇	nɐm35 tʰɐi35	nam2 tai2	想想2
9956	二十二、動作（2）心理活動/想想	恁恁睇	恁恁睇	nɐm35 nɐm35 tʰɐi35	nam2 nam2 tai2	想想3
9957	二十二、動作（2）心理活動/想想	恁睇過	恁睇过	nɐm35 tʰɐi35 kɔ33	nam2 tai2 go3	想想4，想想看
9958	二十二、動作（2）心理活動/先想想	恁過先	恁过先	nɐm35 kɔ33 ɬin55	nam2 go3 slin1	先想想1.1
9959	二十二、動作（2）心理活動/先想想	恁過先	恁过先	nɐm35 kɔ33 lin55	nam2 go3 lin1	先想想1.2
9960	二十二、動作（2）心理活動/心想	心恁	心恁	ɬɐm55 nɐm35	slam1 nam2	心想
9961	二十二、動作（2）心理活動/估量	估	估	ku35	gu2	估量1
9962	二十二、動作（2）心理活動/估量	猜	猜	tʃʰai55	caai1	估量2
9963	二十二、動作（2）心理活動/度量	㥯	㥯	ɐn33	an3	度量
9964	二十二、動作（2）心理活動/以爲	恁估	恁估	nɐm35 ku35	nam2 gu2	以爲1
9965	二十二、動作（2）心理活動/以爲	以爲	以为	ji24 wɐi21	ji5 wai4	以爲2
9966	二十二、動作（2）心理活動/以爲	恁住	恁住	nɐm35 tʃy22	nam2 zyu6	以爲3
9967	二十二、動作（2）心理活動/以爲說	以爲講	以为讲	ji24 wɐi21 kɔŋ35	ji5 wai4 gong2	以爲說
9968	二十二、動作（2）心理活動/不就以爲說	咪以爲講	咪以为讲	mɐi22 ji24 wɐi21 kɔŋ35	mai6 ji5 wai4 gong2	不就以爲說，「咪」是「冇係」的合音
9969	二十二、動作（2）心理活動/你不要以爲說	你冇講喂	你冇讲喂	ni24 mu24 kɔŋ35 wɐi35	ni5 mu5 gong2 wai2	你不要以爲說1，「你冇要以爲講」的省略
9970	二十二、動作（2）心理活動/你不要以爲說	你冇要以爲講	你冇要以为讲	ni24 mu24 jiu33 ji24 wɐi21 kɔŋ35	ni5 mu5 jiu3 ji5 wai4 gong2	你不要以爲說2
9971	二十二、動作（2）心理活動/假如說	假如講	假如讲	ka35 jy21 kɔŋ35	gaa2 jyu4 gong2	假如說
9972	二十二、動作（2）心理活動/比如說	比如講	比如讲	pi35 jy21 kɔŋ35	bi2 jyu4 gong2	比如說
9973	二十二、動作（2）心理活動/就是說	即係講	即系讲	tʃi55 hɐi22 kɔŋ35	zi1 hai6 gong2	就是說1.1，「即」爲弱讀
9974	二十二、動作（2）心理活動/就是說	即係講	即系讲	tʃek5 hɐi22 kɔŋ35	zik1 hai6 gong2	就是說1.2
9975	二十二、動作（2）心理活動/就是說	就係講	就系讲	tʃɐu22 hɐi22 kɔŋ35	zau6 hai6 gong2	就是說2，新派用法
9976	二十二、動作（2）心理活動/就是說	意思講	意思讲	ji33 ʃi55 kɔŋ35	ji3 si1 gong2	就是說3.1
9977	二十二、動作（2）心理活動/就是說	意思講	意思讲	ji33 sɿ55 kɔŋ35	ji3 sy1 gong2	就是說3.2
9978	二十二、動作（2）心理活動/但是說	但係講	但系讲	tan22 hɐi22 kɔŋ35	daan6 hai6 gong2	但是說
9979	二十二、動作（2）心理活動/打算	恁住	恁住	nɐm35 tʃy22	nam2 zyu6	打算1（我～開間店）
9980	二十二、動作（2）心理活動/打算	想	想	ɬœŋ35	sloeng2	打算2（我～開間店）
9981	二十二、動作（2）心理活動/打算說	恁住講	恁住讲	nɐm35 tʃy22 kɔŋ35	nam2 zyu6 gong2	打算說
9982	二十二、動作（2）心理活動/不就打算說	咪恁住講	咪恁住讲	mɐi22 nɐm35 tʃy22 kɔŋ35	mai6 nam2 zyu6 gong2	不就打算說，「咪」是「冇係」的合音
9983	二十二、動作（2）心理活動/你以爲啊	你恁住啊	你恁住啊	ni24 nɐm35 tʃy22 a33	ni5 nam2 zyu6 aa3	你以爲啊，「啊」常弱讀爲[ɐ33/ə33]
9984	二十二、動作（2）心理活動/想主意	恁計崽	恁计崽	nɐm35 kɐi35 tʃɐi35	nam2 gai2 zai2	想主意1
9985	二十二、動作（2）心理活動/想主意	恁計仔	恁计仔	nɐm35 kɐi35 tʃɐi35	nam2 gai2 zai2	想主意1，同「恁計崽」
9986	二十二、動作（2）心理活動/想主意	恁計	恁计	nɐm35 kɐi35	nam2 gai2	想主意2
9987	二十二、動作（2）心理活動/動腦筋	動啲腦筋	动啲脑筋	tʊŋ22 ti55 nu24 kɐn55	dung6 di1 nu5 gan1	動腦筋
9988	二十二、動作（2）心理活動/想不通	恁冇通	恁冇通	nɐm35 mu24 tʰʊŋ55	nam2 mu5 tung1	想不通
9989	二十二、動作（2）心理活動/想不到	恁冇到	恁冇到	nɐm35 mu24 tu33	nam2 mu5 du3	想不到
9990	二十二、動作（2）心理活動/猜想	猜	猜	tʃʰai55	caai1	猜想1
9991	二十二、動作（2）心理活動/猜想	恁	恁	nɐm35	nam2	猜想2，俗字「諗」
9992	二十二、動作（2）心理活動/料定	睇白	睇白	tʰɐi35 pak2	tai2 baak6	料定
9993	二十二、動作（2）心理活動/主張	主張	主张	tʃy35 tʃœŋ55	zyu2 zoeng1	主張
9994	二十二、動作（2）心理活動/拿主意	抓主意	抓主意	tʃa55 tʃy35 ji33	zaa1 zyu2 ji3	拿主意
9995	二十二、動作（2）心理活動/做主	話事	话事	wa22 ʃi22	waa6 si6	做主1.1
9996	二十二、動作（2）心理活動/做主	話事	话事	wa22 sɿ22	waa6 sy6	做主1.2
9997	二十二、動作（2）心理活動/相信	信	信	ɬɐn33	slan3	相信
9998	二十二、動作（2）心理活動/懷疑	懷疑	怀疑	wai21 ni21	waai4 ni4	懷疑1.1
9999	二十二、動作（2）心理活動/懷疑	懷疑	怀疑	wai21 ji21	waai4 ji4	懷疑1.2
10000	二十二、動作（2）心理活動/沉思	恁	恁	nɐm35	nam2	沉思，俗字「諗」
10001	二十二、動作（2）心理活動/猶疑	打硌	打硌	ta35 kɐk2	daa2 gak6	猶疑1
10002	二十二、動作（2）心理活動/猶疑	心打硌	心打硌	ɬɐm55 ta35 kɐk2	slam1 daa2 gak6	猶疑2，指心裏有疑惑
10003	二十二、動作（2）心理活動/猶疑	心大心細	心大心细	ɬɐm55 tai22 ɬɐm55 ɬɐi33	slam1 daai6 slam1 slai3	猶疑3，打不定主意
10004	二十二、動作（2）心理活動/留神	睇住	睇住	tʰɐi35 tʃy22	tai2 zyu6	留神1
10005	二十二、動作（2）心理活動/留神	醒定	醒定	ɬeŋ35 teŋ22	sling2 ding6	留神2
10006	二十二、動作（2）心理活動/留神	留意	留意	lɐu21 ji33	lau4 ji3	留神3
10007	二十二、動作（2）心理活動/留神	小心	小心	ɬiu35 ɬɐm55	sliu2 slam1	留神4
10008	二十二、動作（2）心理活動/留神	好聲	好声	hu35 ʃɛŋ55	hu2 seng1	留神5，源自「好生」
10009	二十二、動作（2）心理活動/留神	靈醒	灵醒	leŋ21 ɬeŋ35	ling4 sling2	留神6（過馬路要～）
10010	二十二、動作（2）心理活動/留神	因住	因住	jɐn55 tʃy22	jan1 zyu6	留神7
10011	二十二、動作（2）心理活動/留神	顧住	顾住	ku33 tʃy22	gu3 zyu6	留神8
10012	二十二、動作（2）心理活動/注意	覺意	觉意	kɔk3 ji33	gok3 ji3	注意1
10013	二十二、動作（2）心理活動/注意	爲意	为意	wɐi21 ji33	wai4 ji3	注意2
10014	二十二、動作（2）心理活動/注意	其覺	其觉	kʰi21 kʰɔk3	ki4 kok3	注意3
10015	二十二、動作（2）心理活動/注意	注意	注意	tʃy33 ji33	zyu3 ji3	注意4
10016	二十二、動作（2）心理活動/注意	留意	留意	lɐu21 ji33	lau4 ji3	注意5
10017	二十二、動作（2）心理活動/害怕	怕	怕	pʰa33	paa3	害怕1
10018	二十二、動作（2）心理活動/害怕	心驚	心惊	ɬɐm55 kɛŋ55	slam1 geng1	害怕2
10019	二十二、動作（2）心理活動/害怕	忌	忌	kɛ22	ge6	害怕3
10020	二十二、動作（2）心理活動/害怕	恂	恂	ɬɛn21	slen4	害怕4.1，發抖
10021	二十二、動作（2）心理活動/害怕	恂	恂	ɬɐn21	slan4	害怕4.2，發抖
10022	二十二、動作（2）心理活動/害怕	儆	儆	kɛŋ22	geng6	害怕5
10023	二十二、動作（2）心理活動/擔心	擔心	担心	tam55 ɬɐm55	daam1 slam1	擔心1（冇使～我）
10024	二十二、動作（2）心理活動/擔心	憂	忧	jɐu55	jau1	擔心2（冇使～我）
10025	二十二、動作（2）心理活動/嚇着了	捱嚇着	挨吓着	ŋai21 hak3 tʃœk2	ngaai4 haak3 zoek6	嚇着了
10026	二十二、動作（2）心理活動/嚇着	嚇着	吓着	hak3 tʃœk2	haak3 zoek6	嚇着1
10027	二十二、動作（2）心理活動/嚇着	嚇一跳	吓一跳	hak3 jɐt5 tʰiu33	haak3 jat1 tiu3	嚇着2
10028	二十二、動作（2）心理活動/發抖	恂	恂	ɬɐn21	slan4	發抖1
10029	二十二、動作（2）心理活動/發抖	恂擻擻	恂擞擞	ɬɐn21 ɬu21 ɬu21	slan4 slu4 slu4	發抖2，又作「恂簌簌」
10030	二十二、動作（2）心理活動/發抖	恂簌簌	恂簌簌	ɬɐn21 ɬu21 ɬu21	slan4 slu4 slu4	發抖2，同「恂擻擻」
10031	二十二、動作（2）心理活動/發抖	震	震	tʃɐn33	zan3	發抖3
10032	二十二、動作（2）心理活動/發抖	打震	打震	ta35 tʃɐn33	daa2 zan3	發抖4，打顫，「顫」訓讀爲「震」
10033	二十二、動作（2）心理活動/發抖	打冷震	打冷震	ta35 laŋ24 tʃɐn33	daa2 laang5 zan3	發抖5，打冷顫，「顫」訓讀爲「震」
10034	二十二、動作（2）心理活動/發抖	震嗲嗲	震嗲嗲	tʃɐn33 tʰɛ21 tʰɛ21	zan3 te4 te4	發抖6，源自「忳忳」，亂也
10035	二十二、動作（2）心理活動/發抖	震忳忳	震忳忳	tʃɐn33 tʰɐn21 tʰɐn21	zan3 tan4 tan4	發抖7
10036	二十二、動作（2）心理活動/着急	着緊	着紧	tʃœk2 kɐn35	zoek6 gan2	着急1
10037	二十二、動作（2）心理活動/着急	着激	着激	tʃœk2 kek5	zoek6 gik1	着急2
10038	二十二、動作（2）心理活動/心慌	心慌	心慌	ɬɐm55 fɔŋ55	slam1 fong1	心慌1，心裏驚慌
10039	二十二、動作（2）心理活動/心慌	心慌慌	心慌慌	ɬɐm55 fɔŋ55 fɔŋ55	slam1 fong1 fong1	心慌2，心裏驚慌
10040	二十二、動作（2）心理活動/掛念	掛	挂	kʷa33	gwaa3	掛念1
10041	二十二、動作（2）心理活動/掛念	心掛掛	心挂挂	ɬɐm55 kʷa33 kʷa33	slam1 gwaa3 gwaa3	掛念2
10042	二十二、動作（2）心理活動/掛念	掛住	挂住	kʷa33 tʃy22	gwaa3 zyu6	掛念3
10043	二十二、動作（2）心理活動/掛念	掛心	挂心	kʷa33 ɬɐm55	gwaa3 slam1	掛念4
10044	二十二、動作（2）心理活動/惦念	顧住	顾住	ku33 tʃy22	gu3 zyu6	惦念1
10045	二十二、動作（2）心理活動/惦念	心思思	心思思	ɬɐm55 ʃi55 ʃi55	slam1 si1 si1	惦念2.1
10046	二十二、動作（2）心理活動/惦念	心思思	心思思	ɬɐm55 sɿ55 sɿ55	slam1 sy1 sy1	惦念2.2
10047	二十二、動作（2）心理活動/放心	放心	放心	fɔŋ33 ɬɐm55	fong3 slam1	放心1
10048	二十二、動作（2）心理活動/放心	安心	安心	ɔn55 ɬɐm55	on1 slam1	放心2
10049	二十二、動作（2）心理活動/放心	安樂	安乐	ɔn55 lɔk2	on1 lok6	放心3
10050	二十二、動作（2）心理活動/放心	澹定	澹定	tam22 teŋ22	daam6 ding6	放心4
10051	二十二、動作（2）心理活動/盼望	巴望	巴望	ma55 mʊŋ35	maa1 mung2	盼望1
10052	二十二、動作（2）心理活動/盼望	望	望	mɔŋ22	mong6	盼望2
10053	二十二、動作（2）心理活動/盼望	盼	盼	pʰan33	paan3	盼望3
10054	二十二、動作（2）心理活動/渴望	餓	饿	ŋɔ22	ngo6	渴望
10055	二十二、動作（2）心理活動/指望	指意	指意	tʃi35 ji33	zi2 ji3	指望
10056	二十二、動作（2）心理活動/巴不得	巴望	巴望	ma55 mʊŋ35	maa1 mung2	巴不得1
10057	二十二、動作（2）心理活動/巴不得	巴不得	巴不得	pa55 pɐt5 tɐk5	baa1 bat1 dak1	巴不得2
10058	二十二、動作（2）心理活動/嫌棄	嫌	嫌	jim21	jim4	嫌棄1
10059	二十二、動作（2）心理活動/嫌棄	嫌七嫌八	嫌七嫌八	jim21 tʃʰɐt5 jim21 pɛt3	jim4 cat1 jim4 bet3	嫌棄2
10060	二十二、動作（2）心理活動/記着	記住	记住	ki33 tʃy22	gi3 zyu6	記着（不要忘）
10061	二十二、動作（2）心理活動/記得	記得	记得	ki33 tɐk5	gi3 dak1	記得
10062	二十二、動作（2）心理活動/還記得	仲記得	仲记得	tʃʊŋ22 ki33 tɐk5	zung6 gi3 dak1	還記得，本字「重記得」
10063	二十二、動作（2）心理活動/還記得	重記得	重记得	tʃʊŋ22 ki33 tɐk5	zung6 gi3 dak1	還記得，俗字「仲記得」
10064	二十二、動作（2）心理活動/忘記了	打忘記	打忘记	ta35 mɔŋ22 ki33	daa2 mong6 gi3	忘記了1
10065	二十二、動作（2）心理活動/忘記了	忘記	忘记	mɔŋ22 ki33	mong6 gi3	忘記了2
10066	二十二、動作（2）心理活動/想起來了	恁起身	恁起身	nɐm35 hi35 ʃɐn55	nam2 hi2 san1	想起來了1
10067	二十二、動作（2）心理活動/想起來了	恁着	恁着	nɐm35 tʃœk2	nam2 zoek6	想起來了2
10068	二十二、動作（2）心理活動/想來想去	恁來恁去	恁来恁去	nɐm35 lɐi21 nɐm35 hy33	nam2 lai4 nam2 hyu3	想來想去
10069	二十二、動作（2）心理活動/忌妒	眼紅	眼红	ŋɛn24 hʊŋ21	ngen5 hung4	忌妒1
10070	二十二、動作（2）心理活動/忌妒	眼熱	眼热	ŋɛn24 jit2	ngen5 jit6	忌妒2
10071	二十二、動作（2）心理活動/忌妒	妒忌	妒忌	tu22 ki22	du6 gi6	忌妒3
10072	二十二、動作（2）心理活動/羨慕	恨	恨	hɐn22	han6	羨慕1
10073	二十二、動作（2）心理活動/羨慕	心紅	心红	ɬɐm55 hʊŋ21	slam1 hung4	羨慕2
10074	二十二、動作（2）心理活動/羨慕	羨慕	羡慕	ɬin33 mu22	slin3 mu6	羨慕3
10075	二十二、動作（2）心理活動/看低	睇衰	睇衰	tʰɐi35 ʃui55	tai2 sui1	看不起，看低
10076	二十二、動作（2）心理活動/拖累	馱衰	驮衰	tʰɔ21 ʃui55	to4 sui1	拖累
10077	二十二、動作（2）心理活動/看好	睇啱	睇啱	tʰɐi35 ŋam55	tai2 ngaam1	看好，看着滿意
10078	二十二、動作（2）心理活動/討厭	討厭	讨厌	tʰu35 jim33	tu2 jim3	討厭1
10079	二十二、動作（2）心理活動/討厭	冇愛	冇爱	mu24 ɔi33	mu5 oi3	討厭2
10080	二十二、動作（2）心理活動/討厭	憎	憎	tʃɐŋ55	zang1	討厭3
10081	二十二、動作（2）心理活動/討厭	恨	恨	hɐn22	han6	討厭4
10082	二十二、動作（2）心理活動/討厭	獳	獳	nɐu55	nau1	討厭5，俗字「嬲」
10083	二十二、動作（2）心理活動/討厭	神憎鬼厭	神憎鬼厌	ʃɐn21 tʃɐŋ55 kʷɐi35 jim33	san4 zang1 gwai2 jim3	討厭6
10084	二十二、動作（2）心理活動/討厭	乞人憎	乞人憎	hɐt5 jɐn21 tʃɐŋ55	hat1 jan4 zang1	討厭7，惹人憎惡
10085	二十二、動作（2）心理活動/憎恨	恨	恨	hɐn22	han6	憎恨
10086	二十二、動作（2）心理活動/偏心	偏心	偏心	pʰin55 ɬɐm55	pin1 slam1	偏心
10087	二十二、動作（2）心理活動/可惡	可惡	可恶	hɔ35 wu33	ho2 wu3	可惡
10088	二十二、動作（2）心理活動/慪氣	翳氣	翳气	ɐi33 hi33	ai3 hi3	慪氣1
10089	二十二、動作（2）心理活動/慪氣	鼓住泡氣	鼓住泡气	ku35 tʃy22 pʰau55 hi33	gu2 zyu6 paau1 hi3	慪氣2
10090	二十二、動作（2）心理活動/傷神	傷氣	伤气	ʃœŋ55 hi33	soeng1 hi3	傷神1
10091	二十二、動作（2）心理活動/傷神	霅氣	霅气	ʃap3 hi33	saap3 hi3	傷神2，俗作「霎氣」
10092	二十二、動作（2）心理活動/抱怨	怨	怨	jyn33	jyun3	抱怨
10093	二十二、動作（2）心理活動/憋氣	鋦住啖氣	锔住啖气	kʊk5 tʃy22 tam22 hi33	guk1 zyu6 daam6 hi3	憋氣
10094	二十二、動作（2）心理活動/生氣	發氣	发气	fat3 hi33	faat3 hi3	生氣1，多指過程
10095	二十二、動作（2）心理活動/生氣	火起	火起	fɔ35 hi35	fo2 hi2	生氣2
10096	二十二、動作（2）心理活動/生氣	火熠	火熠	fɔ35 jap3	fo2 jaap3	生氣3，當源自「熠煜」的引申義
10097	二十二、動作（2）心理活動/生氣	火滾	火滚	fɔ35 kʷɐn35	fo2 gwan2	生氣4
10098	二十二、動作（2）心理活動/生氣	發火	发火	fat3 fɔ35	faat3 fo2	生氣5
10099	二十二、動作（2）心理活動/生氣	冒火	冒火	mau22 fɔ35	maau6 fo2	生氣6.1
10100	二十二、動作（2）心理活動/生氣	冒火	冒火	mu22 fɔ35	mu6 fo2	生氣6.2
10101	二十二、動作（2）心理活動/生氣	火冒	火冒	fɔ35 mau22	fo2 maau6	生氣7.1
10102	二十二、動作（2）心理活動/生氣	火冒	火冒	fɔ35 mu22	fo2 mu6	生氣7.2
10103	二十二、動作（2）心理活動/生氣	激	激	kek5	gik1	生氣8，多指結果
10104	二十二、動作（2）心理活動/生氣	激氣	激气	kek5 hi33	gik1 hi3	生氣9，多指結果
10105	二十二、動作（2）心理活動/生氣	頸脹	颈胀	kɛŋ35 tʃœŋ33	geng2 zoeng3	生氣10
10106	二十二、動作（2）心理活動/生氣	發獳	发獳	fat3 nɐu55	faat3 nau1	生氣11，俗作「發嬲」
10107	二十二、動作（2）心理活動/生氣	激頸	激颈	kek5 kɛŋ35	gik1 geng2	生氣12
10108	二十二、動作（2）心理活動/生氣	面繃	面绷	min22 mɐŋ55	min6 mang1	生氣13，繃着臉、板着臉，多指狀態
10109	二十二、動作（2）心理活動/脾氣	火氣	火气	fɔ35 hi33	fo2 hi3	脾氣1
10110	二十二、動作（2）心理活動/脾氣	脾氣	脾气	pʰi21 hi33	pi4 hi3	脾氣2
10111	二十二、動作（2）心理活動/脾氣大	火氣猛	火气猛	fɔ35 hi33 maŋ24	fo2 hi3 maang5	脾氣大1，火氣大
10112	二十二、動作（2）心理活動/脾氣大	脾氣泥	脾气泥	pʰi21 hi33 jɐi21	pi4 hi3 jai4	脾氣大2，脾氣壞
10113	二十二、動作（2）心理活動/脾氣大	䁅盯	䁅盯	mɐŋ35 tʃɐŋ35	mang2 zang2	脾氣大3，脾氣暴躁，元曲作「懞掙」
10114	二十二、動作（2）心理活動/發脾氣	發䁅盯	发䁅盯	fat3 mɐŋ35 tʃɐŋ35	faat3 mang2 zang2	發脾氣，元曲作「放懞掙」
10115	二十二、動作（2）心理活動/撒野	發爛苴	发烂苴	fat3 lan22 tʃa35	faat3 laan6 zaa2	撒野，撒潑
10116	二十二、動作（2）心理活動/懊悔	呻笨	呻笨	ʃɐn33 pɐn22	san3 ban6	懊悔1
10117	二十二、動作（2）心理活動/懊悔	翳氣	翳气	ɐi33 hi33	ai3 hi3	懊悔2
10118	二十二、動作（2）心理活動/後悔	後悔	后悔	hɐu22 fui35	hau6 fui2	後悔
10119	二十二、動作（2）心理活動/哭窮	呻窮	呻穷	ʃɐn33 kʰʊŋ21	san3 kung4	哭窮
10120	二十二、動作（2）心理活動/假裝	詐癡	诈痴	tʃa33 tʃʰi55	zaa3 ci1	假裝1
10121	二十二、動作（2）心理活動/假裝	詐諦	诈谛	tʃa33 tɐi33	zaa3 dai3	假裝2
10122	二十二、動作（2）心理活動/假裝	詐詐諦諦	诈诈谛谛	tʃa33 tʃa33 tɐi33 tɐi33	zaa3 zaa3 dai3 dai3	假裝3
10123	二十二、動作（2）心理活動/假裝	詐䛍	诈䛍	tʃa33 fɐi33	zaa3 fai3	假裝4
10124	二十二、動作（2）心理活動/假裝	扮嘢	扮嘢	pan22 jɛ24	baan6 je5	假裝5
10125	二十二、動作（2）心理活動/裝糊塗	裝癡	装痴	tʃɔŋ55 tʃʰi55	zong1 ci1	裝糊塗1
10126	二十二、動作（2）心理活動/裝糊塗	裝癡詐脤	装痴诈脤	tʃɔŋ55 tʃʰi55 tʃa33 ʃɐn24	zong1 ci1 zaa3 san5	裝糊塗2
10127	二十二、動作（2）心理活動/裝糊塗	詐脤	诈脤	tʃa33 ʃɐn24	zaa3 san5	裝糊塗3
10128	二十二、動作（2）心理活動/裝糊塗	詐傻	诈傻	tʃa33 ɬɔ21	zaa3 slo4	裝糊塗4
10129	二十二、動作（2）心理活動/裝病	裝病	装病	tʃɔŋ55 pɛŋ22	zong1 beng6	裝病1
10130	二十二、動作（2）心理活動/裝病	詐病	诈病	tʃa33 pɛŋ22	zaa3 beng6	裝病2
10131	二十二、動作（2）心理活動/愛惜	儆惜	儆惜	kɛŋ22 ɬɛk3	geng6 slek3	愛惜，對物
10132	二十二、動作（2）心理活動/疼愛	愛	爱	ɔi33	oi3	疼愛1，對人
10133	二十二、動作（2）心理活動/疼愛	痛	痛	tʰʊŋ33	tung3	疼愛2，對人
10134	二十二、動作（2）心理活動/疼愛	惜	惜	ɬɛk3	slek3	疼愛3，對人
10135	二十二、動作（2）心理活動/喜歡	愛	爱	ɔi33	oi3	喜歡1
10136	二十二、動作（2）心理活動/喜歡	中意	中意	tʃʊŋ55 ji33	zung1 ji3	喜歡2
10137	二十二、動作（2）心理活動/喜歡	揈	揈	fɐŋ21	fang4	喜歡3，最～去睇龍船
10138	二十二、動作（2）心理活動/感謝	多謝	多谢	tɔ55 tʃɛ22	do1 ze6	感謝
10139	二十二、動作（2）心理活動/難爲	虧難	亏难	kʷʰɐi55 nan21	kwai1 naan4	難爲1
10140	二十二、動作（2）心理活動/難爲	難爲	难为	nan21 wɐi55	naan4 wai1	難爲2
10141	二十二、動作（2）心理活動/嬌慣	慣世	惯世	kʷan33 ʃɐi33	gwaan3 sai3	嬌慣1.1
10142	二十二、動作（2）心理活動/嬌慣	慣世	惯世	kʷɛn33 ʃɐi33	gwen3 sai3	嬌慣1.2
10143	二十二、動作（2）心理活動/寵愛	寵	宠	tʃʰʊŋ35	cung2	寵愛1
10144	二十二、動作（2）心理活動/寵愛	憼	憼	keŋ35	ging2	寵愛2
10145	二十二、動作（2）心理活動/受寵	得憼	得憼	tɐk5 keŋ35	dak1 ging2	受寵1
10146	二十二、動作（2）心理活動/受寵	得寵	得宠	tɐk5 tʃʰʊŋ35	dak1 cung2	受寵2
10147	二十二、動作（2）心理活動/遷就	遷就	迁就	tʃʰim55 tʃɐu22	cim1 zau6	遷就1
10148	二十二、動作（2）心理活動/遷就	就	就	tʃɐu22	zau6	遷就2
10149	二十二、動作（2）心理活動/遷就	容	容	jʊŋ21	jung4	遷就3
10150	二十二、動作（2）心理活動/忍受、忍讓	抵恁	抵恁	tɐi35 nɐm35	dai2 nam2	忍受、忍讓
10151	二十二、動作（2）心理活動/能忍受、能忍讓	抵得恁	抵得恁	tɐi35 tɐk5 nɐm35	dai2 dak1 nam2	能忍受、能忍讓
10152	二十二、動作（2）心理活動/挺得住	頂得順	顶得顺	teŋ35 tɐk5 ʃɐn22	ding2 dak1 san6	挺得住1.1
10153	二十二、動作（2）心理活動/挺得住	頂得順	顶得顺	teŋ35 tɐk5 ʃyn22	ding2 dak1 syun6	挺得住1.2
10154	二十二、動作（2）心理活動/挺不住	頂冇順	顶冇顺	teŋ35 mu24 ʃɐn22	ding2 mu5 san6	挺不住1.1
10155	二十二、動作（2）心理活動/挺不住	頂冇順	顶冇顺	teŋ35 mu24 ʃyn22	ding2 mu5 syun6	挺不住1.2
10156	二十二、動作（2）心理活動/撐得住	頂得住	顶得住	teŋ35 tɐk5 tʃy22	ding2 dak1 zyu6	撐得住
10157	二十二、動作（2）心理活動/撐不住	頂冇住	顶冇住	teŋ35 mu24 tʃy22	ding2 mu5 zyu6	撐不住
10158	二十二、動作（2）心理活動/吃苦	食苦	食苦	ʃek2 fu35	sik6 fu2	吃苦
10159	二十二、動作（2）心理活動/吃得苦	食得苦	食得苦	ʃek2 tɐk5 fu35	sik6 dak1 fu2	吃得苦
10160	二十二、動作（2）心理活動/發愁	發憂	发忧	fat3 jɐu55	faat3 jau1	發愁
10161	二十二、動作（2）心理活動/積德	修陰功	修阴功	ɬɐu55 jɐm55 kʊŋ55	slau1 jam1 gung1	積德
10162	二十二、動作（2）心理活動/復活	返生	返生	fan55 ʃaŋ55	faan1 saang1	復活1
10163	二十二、動作（2）心理活動/復活	鹹魚翻身	咸鱼翻身	hɛm21 jy21 fan55 ʃɐn55	hem4 jyu4 faan1 san1	復活2
10164	二十二、動作（2）心理活動/翻渣	翻渣	翻渣	fan55 tʃa55	faan1 zaa1	重複；炒舊飯
10165	二十二、動作（2）心理活動/耍賴	打賴死	打赖死	ta35 lai22 ɬi35	daa2 laai6 sli2	耍賴1
10166	二十二、動作（2）心理活動/耍賴	賴臭	赖臭	lai22 tʃʰɐu33	laai6 cau3	耍賴2
10167	二十二、動作（2）心理活動/耍賴	耍賴臭	耍赖臭	ʃa35 lai22 tʃʰɐu33	saa2 laai6 cau3	耍賴3
10168	二十二、動作（2）心理活動/耍賴	打賴臭	打赖臭	ta35 lai22 tʃʰɐu33	daa2 laai6 cau3	耍賴4
10169	二十二、動作（2）心理活動/耍賴	搏爛	搏烂	pɔk3 lan22	bok3 laan6	耍賴5
10170	二十二、動作（2）心理活動/耍賴	賴鬼賴怪	赖鬼赖怪	lai22 kʷɐi35 lai22 kʷai33	laai6 gwai2 laai6 gwaai3	耍賴6，怨這怨那
10171	二十二、動作（2）心理活動/佔便宜	揩油水	揩油水	hai55 jɐu21 ʃui35	haai1 jau4 sui2	佔便宜1
10172	二十二、動作（2）心理活動/佔便宜	搏抵	搏抵	pɔk3 tɐi35	bok3 dai2	佔便宜2
10173	二十二、動作（2）心理活動/吃空子	搵笨	揾笨	wɐn35 pɐn22	wan2 ban6	吃空子1
10174	二十二、動作（2）心理活動/吃空子	食殺崽	食杀崽	ʃek2 ʃat3 tʃɐi35	sik6 saat3 zai2	吃空子2
10175	二十二、動作（2）心理活動/吃空子	食殺仔	食杀仔	ʃek2 ʃat3 tʃɐi35	sik6 saat3 zai2	吃空子2，同「食殺崽」
10176	二十二、動作（2）心理活動/獨吃	獨食	独食	tʊk2 ʃek2	duk6 sik6	獨吃，比喻獨吞
10177	二十二、動作（2）心理活動/獨食獨生瘡，打死冇人幫	獨食獨生瘡，打死冇人幫	独食独生疮，打死冇人帮	tʊk2 ʃek2 tʊk2 ʃaŋ55 tʃʰɔŋ55，ta35 ɬi35 mu24 jɐn21 pɔŋ55	duk6 sik6 duk6 saang1 cong1，daa2 sli2 mu5 jan4 bong1	獨食獨生瘡，打死冇人幫，諺語，指責獨吞者沒有好下場
10178	二十二、動作（2）心理活動/自討苦吃	搵癐	揾𤶊	wɐn35 kui22	wan2 gui6	自討苦吃
10179	二十二、動作（2）心理活動/趁機	搏懵	搏懵	pɔk3 mʊŋ35	bok3 mung2	趁機1，渾水摸魚
10180	二十二、動作（2）心理活動/趁機	搏亂	搏乱	pɔk3 lyn22	bok3 lyun6	趁機2
10181	二十二、動作（2）心理活動/趁機	打搏亂	打搏乱	ta35 pɔk3 lyn22	daa2 bok3 lyun6	趁機3
10182	二十二、動作（2）心理活動/搞鬼	搞鬼	搞鬼	kau35 kʷɐi35	gaau2 gwai2	搞鬼1
10183	二十二、動作（2）心理活動/搞鬼	整蠱	整蛊	tʃeŋ35 ku35	zing2 gu2	搞鬼2
10184	二十二、動作（2）心理活動/搞鬼	搞鬼搞怪	搞鬼搞怪	kau35 kʷɐi35 kau35 kʷai33	gaau2 gwai2 gaau2 gwaai3	搞鬼3
10185	二十二、動作（2）心理活動/搞鬼	搞搞震	搞搞震	kau35 kau35 tʃɐn33	gaau2 gaau2 zan3	搞鬼4，瞎鬧、折騰
10186	二十二、動作（2）心理活動/搞砸	搞橫	搞横	kau35 waŋ55	gaau2 waang1	搞砸
10187	二十二、動作（2）心理活動/搞定	搞掂	搞掂	kau35 tim22	gaau2 dim6	搞定，弄妥當
10188	二十二、動作（2）心理活動/胡來	亂來	乱来	lyn35 lɐi21	lyun2 lai4	胡來，胡鬧
10189	二十二、動作（2）心理活動/打擾	滾攪	滚搅	kʷɐn35 kau35	gwan2 gaau2	打擾1
10190	二十二、動作（2）心理活動/打擾	打攪	打搅	ta35 kau35	daa2 gaau2	打擾2
10191	二十二、動作（2）心理活動/放蠱	耍符法	耍符法	ʃa35 fu21 fɛt5	saa2 fu4 fet1	放蠱，耍把戲、耍戲法
10192	二十二、動作（2）心理活動/欺負	𧬈	𧬈	hɐp5	hap1	欺負1
10193	二十二、動作（2）心理活動/欺負	㗇	㗇	ha55	haa1	欺負2，本字「揢」，㧖也，引申爲卡、刁難、爲難，進而指欺負
10194	二十二、動作（2）心理活動/該死	抵死	抵死	tɐi35 ɬi35	dai2 sli2	該死
10195	二十二、動作（2）心理活動/去死	收你米簿	收你米簿	ʃɐu55 ni24 mɐi24 pu22	sau1 ni5 mai5 bu6	去死，詈語
10196	二十二、動作（2）心理活動/有益於	益	益	jek5	jik1	有益於
10197	二十二、動作（2）心理活動/有益於你	益你	益你	jek5 ni24	jik1 ni5	有益於你
10198	二十二、動作（2）心理活動/有益於我	益我	益我	jek5 ŋɔ24	jik1 ngo5	有益於我
10199	二十二、動作（2）心理活動/關照街坊鄰里	益街坊	益街坊	jek5 kai55 fɔŋ55	jik1 gaai1 fong1	關照街坊鄰里
10200	二十二、動作（3）語言動作/說話	講話	讲话	kɔŋ35 wa22	gong2 waa6	說話
10201	二十二、動作（3）語言動作/說個不停	講喳喳	讲喳喳	kɔŋ35 tʃa21 tʃa21	gong2 zaa4 zaa4	說個不停
10202	二十二、動作（3）語言動作/說來說去	講來講去	讲来讲去	kɔŋ35 lɐi21 kɔŋ35 hy33	gong2 lai4 gong2 hyu3	說來說去
10203	二十二、動作（3）語言動作/唸唸	喃睇過	喃睇过	nam55 tʰɐi35 kɔ33	naam1 tai2 go3	唸唸，唸唸看
10204	二十二、動作（3）語言動作/問問	問睇過	问睇过	mɐn22 tʰɐi35 kɔ33	man6 tai2 go3	問問，問問看（你去～，蔸街個個都識佢嘅）
10205	二十二、動作（3）語言動作/胡說	亂講	乱讲	lyn22 kɔŋ35	lyun6 gong2	胡說1
10206	二十二、動作（3）語言動作/胡說	亂噏	乱噏	lyn22 ŋɐp5	lyun6 ngap1	胡說2
10207	二十二、動作（3）語言動作/胡說	噏瘋	噏疯	ŋɐp5 fʊŋ55	ngap1 fung1	胡說3
10208	二十二、動作（3）語言動作/胡說	亂講三場	乱讲三场	lyn22 kɔŋ35 ɬam55 tʃʰœŋ21	lyun6 gong2 slaam1 coeng4	胡說4
10209	二十二、動作（3）語言動作/胡說	東講西講	东讲西讲	tʊŋ55 kɔŋ35 ɬɐi55 kɔŋ35	dung1 gong2 slai1 gong2	胡說5
10210	二十二、動作（3）語言動作/胡說	東噏西噏	东噏西噏	tʊŋ55 ŋɐp5 ɬɐi55 ŋɐp5	dung1 ngap1 slai1 ngap1	胡說6
10211	二十二、動作（3）語言動作/胡說	亂屌河馬	乱屌河马	lyn22 tiu35 hɔ21 ma24	lyun6 diu2 ho4 maa5	胡說7，亂點鴛鴦
10212	二十二、動作（3）語言動作/聊天	傾偈	倾偈	kʰeŋ55 kɐi35	king1 gai2	聊天1，源自「傾蓋」
10213	二十二、動作（3）語言動作/聊天	傾大聖	倾大圣	kʰeŋ55 tai22 ʃeŋ33	king1 daai6 sing3	聊天2
10214	二十二、動作（3）語言動作/聊天	傾豬頭	倾猪头	kʰeŋ55 tʃy55 tʰɐu21	king1 zyu1 tau4	聊天3
10215	二十二、動作（3）語言動作/聊天	泵豬頭	泵猪头	pɐm55 tʃy55 tʰɐu21	bam1 zyu1 tau4	聊天4
10216	二十二、動作（3）語言動作/搭茬兒	搭口	搭口	tap3 hɐu35	daap3 hau2	搭茬兒
10217	二十二、動作（3）語言動作/不做聲	冇出聲	冇出声	mu24 tʃʰyt5 ʃɛŋ55	mu5 cyut1 seng1	不做聲1
10218	二十二、動作（3）語言動作/不做聲	冇講話	冇讲话	mu24 kɔŋ35 wa22	mu5 gong2 waa6	不做聲2
10219	二十二、動作（3）語言動作/吭聲	出聲	出声	tʃʰyt5 ʃɛŋ55	cyut1 seng1	吭聲1
10220	二十二、動作（3）語言動作/吭聲	開聲	开声	hɔi55 ʃɛŋ55	hoi1 seng1	吭聲2
10221	二十二、動作（3）語言動作/大聲	大聲	大声	tai22 ʃɛŋ55	daai6 seng1	大聲1
10222	二十二、動作（3）語言動作/大聲	大大聲	大大声	tai22 tai22 ʃɛŋ55	daai6 daai6 seng1	大聲2
10223	二十二、動作（3）語言動作/小聲	細聲	细声	ɬɐi33 ʃɛŋ55	slai3 seng1	小聲1
10224	二十二、動作（3）語言動作/小聲	細細聲	细细声	ɬɐi33 ɬɐi33 ʃɛŋ55	slai3 slai3 seng1	小聲2
10225	二十二、動作（3）語言動作/好聲好氣	好好聲	好好声	hu35 hu35 ʃɛŋ55	hu2 hu2 seng1	好聲好氣
10226	二十二、動作（3）語言動作/求	磑	硙	ŋɐi55	ngai1	求1
10227	二十二、動作（3）語言動作/求	求	求	kʰɐu21	kau4	求2
10228	二十二、動作（3）語言動作/央求來央求去	磑來磑去	硙来硙去	ŋɐi55 lɐi21 ŋɐi55 hy33	ngai1 lai4 ngai1 hyu3	央求來央求去
10229	二十二、動作（3）語言動作/騙	哄	哄	hʊŋ35	hung2	騙1，哄騙
10230	二十二、動作（3）語言動作/騙	舕	舕	tʰɐm33	tam3	騙2，哄騙，俗字「噤/𧨾」，19世紀粵文獻中寫作「噤」，韻會或作𦧈，引韓愈同宿聯句，巧舌千皆𦧈，故而粵音本義爲巧舌，本字爲「舕」
10231	二十二、動作（3）語言動作/騙	拉	拉	lɐp5	lap1	騙3，哄騙，套近乎，俗字「笠」
10232	二十二、動作（3）語言動作/騙	𧥺	𧥺	kʷɐn33	gwan3	騙4，欺騙，俗字「謴/棍」
10233	二十二、動作（3）語言動作/騙	眲	眲	ŋɐk5	ngak1	騙5，欺騙
10234	二十二、動作（3）語言動作/騙	誖	誖	pui55	bui1	騙6，吹捧
10235	二十二、動作（3）語言動作/騙	𧥺脤	𧥺脤	kʷɐn33 ʃɐn24	gwan3 san5	騙7，騙傻子
10236	二十二、動作（3）語言動作/食言	冇有口齒	冇有口齿	mu24 jɐu24 hɐu35 tʃʰi35	mu5 jau5 hau2 ci2	食言1，失信
10237	二十二、動作（3）語言動作/食言	失口齒	失口齿	ʃɐt5 hɐu35 tʃʰi35	sat1 hau2 ci2	食言2，失信
10238	二十二、動作（3）語言動作/說好話，恭維	誖	誖	pui55	bui1	說好話，恭維
10239	二十二、動作（3）語言動作/說	講	讲	kɔŋ35	gong2	說
10240	二十二、動作（3）語言動作/聽	聽	听	tʰɛŋ55	teng1	聽（用耳朵～）
10241	二十二、動作（3）語言動作/告訴	講畀···聽	讲畀···听	kɔŋ35 pi35···tʰɛŋ55	gong2 bi2···teng1	告訴1
10242	二十二、動作（3）語言動作/告訴	講給···聽	讲给···听	kɔŋ35 kɐi55···tʰɛŋ55	gong2 gai1···teng1	告訴2
10243	二十二、動作（3）語言動作/告訴	話知	话知	wa22 tʃi55	waa6 zi1	告訴3
10244	二十二、動作（3）語言動作/說悄悄話	偷偷講	偷偷讲	tʰɐu55 tʰɐu55 kɔŋ35	tau1 tau1 gong2	說悄悄話
10245	二十二、動作（3）語言動作/說好地	講明	讲明	kɔŋ35 meŋ21	gong2 ming4	說好地（～係你自己來嘅）
10246	二十二、動作（3）語言動作/說清楚	講明	讲明	kɔŋ35 meŋ21	gong2 ming4	說清楚（你要～給大家識至得）
10247	二十二、動作（3）語言動作/說明，證明	講明	讲明	kɔŋ35 meŋ21	gong2 ming4	說明，證明（而家啲油條師傅係要四方托炸嘅，即係控制條油條嘅長度，佢係一個提高，但～技術冇好）
10248	二十二、動作（3）語言動作/擡槓	拗	拗	au33	aau3	擡槓1.1
10249	二十二、動作（3）語言動作/擡槓	拗	拗	ɛu33	eu3	擡槓1.2
10250	二十二、動作（3）語言動作/擡槓	拗頸	拗颈	au33 kɛŋ35	aau3 geng2	擡槓2.1
10251	二十二、動作（3）語言動作/擡槓	拗頸	拗颈	ɛu33 kɛŋ35	eu3 geng2	擡槓2.2
10252	二十二、動作（3）語言動作/頂嘴	頂頸	顶颈	teŋ35 kɛŋ35	ding2 geng2	頂嘴1
10253	二十二、動作（3）語言動作/頂嘴	包頂頸	包顶颈	pau55 teŋ35 kɛŋ35	baau1 ding2 geng2	頂嘴2
10254	二十二、動作（3）語言動作/頂嘴	頂喉頂頸	顶喉顶颈	teŋ35 hɐu21 teŋ35 kɛŋ35	ding2 hau4 ding2 geng2	頂嘴3
10255	二十二、動作（3）語言動作/頂嘴	窒	窒	tɐt5	dat1	頂嘴4，頂撞、搶白，知三讀如端
10256	二十二、動作（3）語言動作/言辭激烈	講話衝	讲话冲	kɔŋ35 wa22 tʃʰʊŋ55	gong2 waa6 cung1	言辭激烈
10257	二十二、動作（3）語言動作/吵架	爭交	争交	tʃaŋ55 kɛu55	zaang1 geu1	吵架1
10258	二十二、動作（3）語言動作/吵架	嗌交	嗌交	ai33 kɛu55	aai3 geu1	吵架2
10259	二十二、動作（3）語言動作/吵架	嘈交	嘈交	tʃʰu21 kɛu55	cu4 geu1	吵架3
10260	二十二、動作（3）語言動作/吵架	嗌架	嗌架	ai33 ka33	aai3 gaa3	吵架4
10261	二十二、動作（3）語言動作/打架	打交	打交	ta35 kɛu55	daa2 geu1	打架
10262	二十二、動作（3）語言動作/紛紛亂打貌	打噌噌	打噌噌	ta35 tʃɐŋ21 tʃɐŋ21	daa2 zang4 zang4	紛紛亂打貌
10263	二十二、動作（3）語言動作/單挑	對抽	对抽	tui33 tʃʰɐu55	dui3 cau1	單挑，一對一
10264	二十二、動作（3）語言動作/罵	嗌	嗌	ai33	aai3	罵1，統稱，一說本字「呃」，不平聲
10265	二十二、動作（3）語言動作/罵	屌咳	屌咳	tiu35 kʰɐt5	diu2 kat1	罵2，臭罵
10266	二十二、動作（3）語言動作/罵	噴	喷	pʰɐn55	pan1	罵3，訓斥
10267	二十二、動作（3）語言動作/罵	鬧	闹	nau22	naau6	罵4，較少用
10268	二十二、動作（3）語言動作/罵罵咧咧	嗌喳喳	嗌喳喳	ai33 tʃa21 tʃa21	aai3 zaa4 zaa4	罵罵咧咧1
10269	二十二、動作（3）語言動作/罵罵咧咧	東嗌西嗌	东嗌西嗌	tʊŋ55 ai33 ɬɐi55 ai33	dung1 aai3 slai1 aai3	罵罵咧咧2
10270	二十二、動作（3）語言動作/罵罵咧咧	亂嗌三場	乱嗌三场	lyn22 ai33 ɬam55 tʃʰœŋ21	lyun6 aai3 slaam1 coeng4	罵罵咧咧3
10271	二十二、動作（3）語言動作/罵罵咧咧	屌屌咳咳	屌屌咳咳	tiu35 tiu35 kʰɐt5 kʰɐt5	diu2 diu2 kat1 kat1	罵罵咧咧4
10272	二十二、動作（3）語言動作/捱罵	捱嗌	挨嗌	ŋai21 ai33	ngaai4 aai3	捱罵
10273	二十二、動作（3）語言動作/喝斥	敦	敦	tɐn55	dan1	喝斥1
10274	二十二、動作（3）語言動作/喝斥	敦敦喝喝	敦敦喝喝	tɐn55 tɐn55 hɔt3 hɔt3	dan1 dan1 hot3 hot3	喝斥2
10275	二十二、動作（3）語言動作/找茬兒	惹人	惹人	jɛ24 jɐn21	je5 jan4	找茬兒
10276	二十二、動作（3）語言動作/指桑罵槐	燒	烧	ʃiu55	siu1	指桑罵槐1
10277	二十二、動作（3）語言動作/指桑罵槐	燒燒焫焫	烧烧焫焫	ʃiu55 ʃiu55 nat3 nat3	siu1 siu1 naat3 naat3	指桑罵槐2
10278	二十二、動作（3）語言動作/搬弄是非	扯是非	扯是非	tʃʰɛ35 ʃi22 fi55	ce2 si6 fi1	搬弄是非
10279	二十二、動作（3）語言動作/呸	𠯔斜咧	𠯔斜咧	pʰɐt5 tʃʰɛ21 lɛ21	pat1 ce4 le4	嘆詞，呸
10280	二十二、動作（3）語言動作/吵鬧	吵耳	吵耳	tʃʰau35 ji24	caau2 ji5	吵鬧1.1
10281	二十二、動作（3）語言動作/吵鬧	吵耳	吵耳	tʃʰɛu35 ji24	ceu2 ji5	吵鬧1.2
10282	二十二、動作（3）語言動作/吵鬧	吵耳朵	吵耳朵	tʃʰɛu35 ji24 tɔ35	ceu2 ji5 do2	吵鬧2
10283	二十二、動作（3）語言動作/吵鬧	吵腏耳	吵腏耳	tʃʰɛu35 tʃʰɔt2 ji24	ceu2 cot6 ji5	吵鬧3，詈語
10284	二十二、動作（3）語言動作/囑咐	交帶	交带	kɛu55 tai33	geu1 daai3	囑咐
10285	二十二、動作（3）語言動作/捱說	捱講	挨讲	ŋai21 kɔŋ35	ngaai4 gong2	捱說1，捱批評
10286	二十二、動作（3）語言動作/捱說	捱擼	挨撸	ŋai21 lu55	ngaai4 lu1	捱說2，捱批評
10287	二十二、動作（3）語言動作/責怪	怪	怪	kʷai33	gwaai3	責怪
10288	二十二、動作（3）語言動作/嘮叨	吟	吟	ŋɐm21	ngam4	嘮叨1
10289	二十二、動作（3）語言動作/嘮叨	喃	喃	nam55	naam1	嘮叨2
10290	二十二、動作（3）語言動作/嘮叨	喃咇咇	喃咇咇	nam55 pɛt2 pɛt2	naam1 bet6 bet6	嘮叨3
10291	二十二、動作（3）語言動作/嘮叨	吟沉	吟沉	ŋɐm21 tʃʰɐm21	ngam4 cam4	嘮叨4
10292	二十二、動作（3）語言動作/嘮叨	沉醉	沉醉	tʃʰɐm21 tʃui33	cam4 zui3	嘮叨5
10293	二十二、動作（3）語言動作/嘮嘮叨叨	吟吟沉沉	吟吟沉沉	ŋɐm21 ŋɐm21 tʃʰɐm21 tʃʰɐm21	ngam4 ngam4 cam4 cam4	嘮嘮叨叨
10294	二十二、動作（3）語言動作/說假話	講假	讲假	kɔŋ35 ka35	gong2 gaa2	說假話
10295	二十二、動作（3）語言動作/吹牛	車大炮	车大炮	tʃʰɛ55 tai22 pʰɛu33	ce1 daai6 peu3	吹牛1，說大話
10296	二十二、動作（3）語言動作/吹牛	講大話	讲大话	kɔŋ35 tai22 wa22	gong2 daai6 waa6	吹牛2，說大話
10297	二十二、動作（3）語言動作/吹牛	礊大	礊大	fak3 tai22	faak3 daai6	吹牛3，說大話
10298	二十二、動作（3）語言動作/吹牛	鑿大	凿大	tʃɔk2 tai22	zok6 daai6	吹牛4，說大話
10299	二十二、動作（3）語言動作/吹牛	吹水	吹水	tʃʰui55 ʃui35	cui1 sui2	吹牛5，說大話
10300	二十二、動作（3）語言動作/指到處吹	唱	唱	tʃʰœŋ33	coeng3	指到處吹
10301	二十二、動作（3）語言動作/唱衰	喃衰	喃衰	nam55 ʃui55	naam1 sui1	唱衰1，不看好
10302	二十二、動作（3）語言動作/唱衰	唱衰	唱衰	tʃʰœŋ33 ʃui55	coeng3 sui1	唱衰2，不看好
10303	二十二、動作（3）語言動作/叫	喊	喊	hɛm33	hem3	叫1，～佢來
10304	二十二、動作（3）語言動作/叫	吆	吆	ɛu55	eu1	叫2
10305	二十二、動作（3）語言動作/叫	喊	喊	hɛm33	hem3	叫喊1，大聲～
10306	二十二、動作（3）語言動作/叫	吆	吆	ɛu55	eu1	叫喊2
10307	二十二、動作（3）語言動作/叫呱呱	喊呱呱	喊呱呱	hɛm33 kʷa55 kʷa55	hem3 gwaa1 gwaa1	叫呱呱1
10308	二十二、動作（3）語言動作/叫呱呱	喊喳喳	喊喳喳	hɛm33 tʃa55 tʃa55	hem3 zaa1 zaa1	叫呱呱2.1
10309	二十二、動作（3）語言動作/叫呱呱	喊喳喳	喊喳喳	hɛm33 ja55 ja55	hem3 jaa1 jaa1	叫呱呱2.2
10310	二十二、動作（3）語言動作/叫呱呱	吆呱呱	吆呱呱	ɛu55 kʷa55 kʷa55	eu1 gwaa1 gwaa1	叫呱呱3.1
10311	二十二、動作（3）語言動作/叫呱呱	吆呱呱	吆呱呱	ɛu55 kʷɛ55 kʷɛ55	eu1 gwe1 gwe1	叫呱呱3.2
10312	二十二、動作（3）語言動作/叫呱呱	吆呱呱	吆呱呱	ɛu55 kʷa21 kʷa21	eu1 gwaa4 gwaa4	叫呱呱3.3
10313	二十二、動作（3）語言動作/叫呱呱	吆呱呱	吆呱呱	ɛu55 kʷɛ21 kʷɛ21	eu1 gwe4 gwe4	叫呱呱3.4
10314	二十二、動作（3）語言動作/叫呱呱	吆喳喳	吆喳喳	ɛu55 tʃa55 tʃa55	eu1 zaa1 zaa1	叫呱呱4.1
10315	二十二、動作（3）語言動作/叫呱呱	吆喳喳	吆喳喳	ɛu55 ja55 ja55	eu1 jaa1 jaa1	叫呱呱4.2
10316	二十二、動作（3）語言動作/叫呱呱	吆喳喳	吆喳喳	ɛu55 tʃa21 tʃa21	eu1 zaa4 zaa4	叫呱呱4.3
10317	二十二、動作（3）語言動作/叫呱呱	吆喳喳	吆喳喳	ɛu55 tʃɛ21 tʃɛ21	eu1 ze4 ze4	叫呱呱4.4
10318	二十二、動作（3）語言動作/叫呱呱	吆喳喳	吆喳喳	ɛu55 ja21 ja21	eu1 jaa4 jaa4	叫呱呱4.5
10319	二十二、動作（3）語言動作/叫呱呱	吆刮刮	吆刮刮	ɛu55 kʷɛt5 kʷɛt5	eu1 gwet1 gwet1	叫呱呱5，尖叫
10320	二十二、動作（3）語言動作/叫呱呱	吆喲喲	吆哟哟	ɛu55 jɔ55 jɔ55	eu1 jo1 jo1	叫呱呱6.1，喲喲地叫
10321	二十二、動作（3）語言動作/叫呱呱	吆喲喲	吆哟哟	ɛu55 jɔ21 jɔ21	eu1 jo4 jo4	叫呱呱6.2，喲喲地叫，也讀[jœ21]，此時嘲諷意味更強，指責無病呻吟
10322	二十二、動作（3）語言動作/瞎叫	東喊西喊	东喊西喊	tʊŋ55 hɛm33 ɬɐi55 hɛm33	dung1 hem3 slai1 hem3	瞎叫1
10323	二十二、動作（3）語言動作/瞎叫	亂喊三場	乱喊三场	lyn22 hɛm33 ɬam55 tʃʰœŋ21	lyun6 hem3 slaam1 coeng4	瞎叫2
10324	二十二、動作（3）語言動作/瞎叫	東吆西吆	东吆西吆	tʊŋ55 ɛu55 ɬɐi55 ɛu55	dung1 eu1 slai1 eu1	瞎叫3
10325	二十二、動作（3）語言動作/瞎叫	亂吆三場	乱吆三场	lyn22 ɛu55 ɬam55 tʃʰœŋ21	lyun6 eu1 slaam1 coeng4	瞎叫4
10326	二十二、動作（3）語言動作/吱喳	吱啁	吱啁	tʃi55 tʃɛu55	zi1 zeu1	吱喳1
10327	二十二、動作（3）語言動作/吱喳	吱喳	吱喳	tʃi55 tʃa55	zi1 zaa1	吱喳2
10328	二十二、動作（3）語言動作/吱吱喳喳	吱吱啁啁	吱吱啁啁	tʃi55 tʃi55 tʃɛu55 tʃɛu55	zi1 zi1 zeu1 zeu1	吱吱喳喳1
10329	二十二、動作（3）語言動作/吱吱喳喳	吱吱喳喳	吱吱喳喳	tʃi55 tʃi55 tʃa55 tʃa55	zi1 zi1 zaa1 zaa1	吱吱喳喳2
10330	二十二、動作（3）語言動作/吱吱喳喳	吱哩喳啦	吱哩喳啦	tʃi55 li55 tʃa55 la55	zi1 li1 zaa1 laa1	吱吱喳喳3
10331	二十二、動作（3）語言動作/作主	話事	话事	wa22 ʃi22	waa6 si6	作主1.1
10332	二十二、動作（3）語言動作/作主	話事	话事	wa22 sɿ22	waa6 sy6	作主1.2
10333	二十二、動作（3）語言動作/作主	抓主意	抓主意	tʃa55 tʃy35 ji33	zaa1 zyu2 ji3	作主2
10334	二十二、動作（3）語言動作/抓辮子	抓雞腳	抓鸡脚	tʃa55 kɐi55 kœk3	zaa1 gai1 goek3	抓辮子，抓把柄
10335	二十二、動作（3）語言動作/收拾殘局	執手尾	执手尾	tʃɐp5 ʃɐu35 mi24	zap1 sau2 mi5	收拾殘局
10336	二十二、動作（3）語言動作/看着辦	㥯住來	㥯住来	ɐn33 tʃy22 lɐi21	an3 zyu6 lai4	看着辦1，量力而行
10337	二十二、動作（3）語言動作/看着辦	因住來	因住来	jɐn55 tʃy22 lɐi21	jan1 zyu6 lai4	看着辦2，量力而行
10338	二十二、動作（3）語言動作/沸沸揚揚	滿天神佛	满天神佛	mun24 tʰin55 ʃɐn21 fɐt2	mun5 tin1 san4 fat6	沸沸揚揚，流言四起
10339	二十三、位置/上面	上面	上面	ʃœŋ22 min35	soeng6 min2	上面1
10340	二十三、位置/上面	上高	上高	ʃœŋ22 ku55	soeng6 gu1	上面2
10341	二十三、位置/下面	下面	下面	ha22 min35	haa6 min2	下面1
10342	二十三、位置/下面	下底	下底	ha22 tɐi35	haa6 dai2	下面2.1
10343	二十三、位置/下面	下底	下底	ha22 tɐi55	haa6 dai1	下面2.2，俗作「下低」
10344	二十三、位置/下面	底下	底下	tɐi35 ha22	dai2 haa6	下面3
10345	二十三、位置/對面	對面	对面	tui33 min22	dui3 min6	對面
10346	二十三、位置/面前	面先	面先	min22 ɬin55	min6 slin1	面前
10347	二十三、位置/地下	地下	地下	ti22 ha35	di6 haa2	地下1（睇住！冇整跌落～）
10348	二十三、位置/地下	地底	地底	ti22 tɐi35	di6 dai2	地下2
10349	二十三、位置/地下	地底下	地底下	ti22 tɐi35 ha22	di6 dai2 haa6	地下3
10350	二十三、位置/地上	地底	地底	ti22 tɐi35	di6 dai2	地上1（～邋遢多）
10351	二十三、位置/地上	地底下	地底下	ti22 tɐi35 ha22	di6 dai2 haa6	地上2
10352	二十三、位置/天上	天上	天上	tʰin55 ʃœŋ22	tin1 soeng6	天上1
10353	二十三、位置/天上	天上高	天上高	tʰin55 ʃœŋ22 ku55	tin1 soeng6 gu1	天上2
10354	二十三、位置/山上	山上	山上	ʃan55 ʃœŋ22	saan1 soeng6	山上1
10355	二十三、位置/山上	山上高	山上高	ʃan55 ʃœŋ22 ku55	saan1 soeng6 gu1	山上2
10356	二十三、位置/路上	路上	路上	lu22 ʃœŋ22	lu6 soeng6	路上1
10357	二十三、位置/路上	路上高	路上高	lu22 ʃœŋ22 ku55	lu6 soeng6 gu1	路上2
10358	二十三、位置/街上	街上	街上	kai55 ʃœŋ22	gaai1 soeng6	街上1
10359	二十三、位置/街上	街上高	街上高	kai55 ʃœŋ22 ku55	gaai1 soeng6 gu1	街上2
10360	二十三、位置/滿街	通街	通街	tʰʊŋ55 kai55	tung1 gaai1	滿街1
10361	二十三、位置/滿街	周街	周街	tʃɐu55 kai55	zau1 gaai1	滿街2
10362	二十三、位置/牆上	牆上高	墙上高	tʃʰœŋ21 ʃœŋ22 ku55	coeng4 soeng6 gu1	牆上1
10363	二十三、位置/牆上	牆啲	墙啲	tʃʰœŋ21 ti55	coeng4 di1	牆上2
10364	二十三、位置/門上	門上高	门上高	mun21 ʃœŋ22 ku55	mun4 soeng6 gu1	門上1
10365	二十三、位置/門上	門啲	门啲	mun21 ti55	mun4 di1	門上2
10366	二十三、位置/桌上	檯上高	台上高	tʰɔi21 ʃœŋ22 ku55	toi4 soeng6 gu1	桌上1
10367	二十三、位置/桌上	檯啲	台啲	tʰɔi21 ti55	toi4 di1	桌上2
10368	二十三、位置/桌上	檯上	台上	tʰɔi21 ʃœŋ22	toi4 soeng6	桌上3
10369	二十三、位置/椅子上	椅上高	椅上高	ji35 ʃœŋ22 ku55	ji2 soeng6 gu1	椅子上1
10370	二十三、位置/椅子上	椅啲	椅啲	ji35 ti55	ji2 di1	椅子上2
10371	二十三、位置/凳子上	凳上高	凳上高	tɐŋ33 ʃœŋ22 ku55	dang3 soeng6 gu1	凳子上1
10372	二十三、位置/凳子上	凳啲	凳啲	tɐŋ33 ti55	dang3 di1	凳子上2
10373	二十三、位置/邊兒上	旁邊	旁边	pʰɔŋ21 pin55	pong4 bin1	邊兒上1
10374	二十三、位置/邊兒上	邊邊	边边	pin55 pin55	bin1 bin1	邊兒上2
10375	二十三、位置/邊兒上	璺	璺	mɛn33	men3	邊兒上3
10376	二十三、位置/邊兒	邊	边	pin55	bin1	邊兒（桌子的～）
10377	二十三、位置/角兒	角	角	kɔk3	gok3	角兒（桌子的～）
10378	二十三、位置/裏面	裏底	里底	li24 tɐi35	li5 dai2	裏面1.1
10379	二十三、位置/裏面	裏底	里底	li24 tɐi55	li5 dai1	裏面1.2，俗作「裏低」
10380	二十三、位置/裏面	裏頭	里头	li24 tʰɐu21	li5 tau4	裏面2
10381	二十三、位置/裏面	裏面	里面	li24 min35	li5 min2	裏面3
10382	二十三、位置/裏面	裏便	里便	li24 pin22	li5 bin6	裏面4
10383	二十三、位置/裏面	裏笪	里笪	li24 tat3	li5 daat3	裏面5，老派
10384	二十三、位置/外面	外底	外底	ŋɔi22 tɐi35	ngoi6 dai2	外面1.1
10385	二十三、位置/外面	外底	外底	ŋɔi22 tɐi55	ngoi6 dai1	外面1.2，俗作「外低」
10386	二十三、位置/外面	外面	外面	ŋɔi22 min35	ngoi6 min2	外面2
10387	二十三、位置/外面	外便	外便	ŋɔi22 pin22	ngoi6 bin6	外面3
10388	二十三、位置/外面	外笪	外笪	ŋɔi22 tat3	ngoi6 daat3	外面4，老派
10389	二十三、位置/手裏	手裏頭	手里头	ʃɐu35 li24 tʰɐu21	sau2 li5 tau4	手裏1
10390	二十三、位置/手裏	手裏底	手里底	ʃɐu35 li24 tɐi35	sau2 li5 dai2	手裏2
10391	二十三、位置/手裏	手啲	手啲	ʃɐu35 ti55	sau2 di1	手裏3
10392	二十三、位置/手裏	手上	手上	ʃɐu35 ʃœŋ22	sau2 soeng6	手裏4
10393	二十三、位置/心裏	心裏底	心里底	ɬɐm55 li24 tɐi35	slam1 li5 dai2	心裏1
10394	二十三、位置/心裏	心裏頭	心里头	ɬɐm55 li24 tʰɐu21	slam1 li5 tau4	心裏2
10395	二十三、位置/水裏	水裏底	水里底	ʃui35 li24 tɐi35	sui2 li5 dai2	心裏1
10396	二十三、位置/水裏	水裏頭	水里头	ʃui35 li24 tʰɐu21	sui2 li5 tau4	心裏2
10397	二十三、位置/市裏	市內	市内	ʃi24 nui22	si5 nui6	市裏
10398	二十三、位置/野外	野外	野外	jɛ24 ŋɔi22	je5 ngoi6	野外
10399	二十三、位置/大門外	大門外底	大门外底	tai22 mun21 ŋɔi22 tɐi35	daai6 mun4 ngoi6 dai2	大門外
10400	二十三、位置/門兒外	門外底	门外底	mun21 ŋɔi22 tɐi35	mun4 ngoi6 dai2	門兒外
10401	二十三、位置/牆外	牆外底	墙外底	tʃʰœŋ21 ŋɔi22 tɐi35	coeng4 ngoi6 dai2	牆外
10402	二十三、位置/窗戶外頭	窗口外底	窗口外底	tʃʰɔŋ55 hɐu35 ŋɔi22 tɐi35	cong1 hau2 ngoi6 dai2	窗戶外頭1.1
10403	二十三、位置/窗戶外頭	窗口外底	窗口外底	tʃʰœŋ55 hɐu35 ŋɔi22 tɐi35	coeng1 hau2 ngoi6 dai2	窗戶外頭1.2
10404	二十三、位置/車上	車上高	车上高	tʃʰɛ55 ʃœŋ22 ku55	ce1 soeng6 gu1	車上（～坐住人）
10405	二十三、位置/車外	車外底	车外底	tʃʰɛ55 ŋɔi22 tɐi35	ce1 ngoi6 dai2	車外（～落住雪）
10406	二十三、位置/車前	車前面	车前面	tʃʰɛ55 tʃʰin21 min35	ce1 cin4 min2	車前1
10407	二十三、位置/車前	車前頭	车前头	tʃʰɛ55 tʃʰin21 tʰɐu21	ce1 cin4 tau4	車前2
10408	二十三、位置/車後	車後尾	车后尾	tʃʰɛ55 hɐu22 mi24	ce1 hau6 mi5	車後
10409	二十三、位置/前邊	前頭	前头	tʃʰin21 tʰɐu21	cin4 tau4	前邊1
10410	二十三、位置/前邊	前面	前面	tʃʰin21 min35	cin4 min2	前邊2
10411	二十三、位置/後邊	後尾	后尾	hɐu22 mi24	hau6 mi5	後邊1.1
10412	二十三、位置/後邊	後尾	后尾	hɐu22 mi55	hau6 mi1	後邊1.2
10413	二十三、位置/後邊	後底	后底	hɐu22 tɐi35	hau6 dai2	後邊2
10414	二十三、位置/後邊	後背	后背	hɐu22 pui33	hau6 bui3	後邊3
10415	二十三、位置/最後	最後	最后	tʃui33 hɐu22	zui3 hau6	最後1
10416	二十三、位置/最後	最尾	最尾	tʃui33 mi24	zui3 mi5	最後2.1
10417	二十三、位置/最後	最尾	最尾	tʃui33 mi55	zui3 mi1	最後2.2
10418	二十三、位置/山前	山面前	山面前	ʃan55 min22 tʃʰin21	saan1 min6 cin4	山前1
10419	二十三、位置/山前	山前面	山前面	ʃan55 tʃʰin21 min35	saan1 cin4 min2	山前2
10420	二十三、位置/山後	山後背	山后背	ʃan55 hɐu22 pui33	saan1 hau6 bui3	山後
10421	二十三、位置/房後	屋後背	屋后背	ʊk5 hɐu22 pui33	uk1 hau6 bui3	房後
10422	二十三、位置/背後	後背	后背	hɐu22 pui33	hau6 bui3	背後
10423	二十三、位置/以前	以前	以前	ji24 tʃʰin21	ji5 cin4	以前
10424	二十三、位置/以後	以後	以后	ji24 hɐu22	ji5 hau6	以後
10425	二十三、位置/以上	以上	以上	ji24 ʃœŋ22	ji5 soeng6	以上
10426	二十三、位置/以下	以下	以下	ji24 ha22	ji5 haa6	以下
10427	二十三、位置/東	東	东	tʊŋ55	dung1	東
10428	二十三、位置/西	西	西	ɬɐi55	slai1	西
10429	二十三、位置/南	南	南	nam21	naam4	南
10430	二十三、位置/北	北	北	pɐk5	bak1	北
10431	二十三、位置/東南	東南	东南	tʊŋ55 nam21	dung1 naam4	東南
10432	二十三、位置/東北	東北	东北	tʊŋ55 pɐk5	dung1 bak1	東北
10433	二十三、位置/西南	西南	西南	ɬɐi55 nam21	slai1 naam4	西南
10434	二十三、位置/西北	西北	西北	ɬɐi55 pɐk5	slai1 bak1	西北
10435	二十三、位置/東邊	東便	东便	tʊŋ55 pin22	dung1 bin6	東邊
10436	二十三、位置/西邊	西便	西便	ɬɐi55 pin22	slai1 bin6	西邊
10437	二十三、位置/南邊	南便	南便	nam21 pin22	naam4 bin6	南邊
10438	二十三、位置/北邊	北便	北便	pɐk5 pin22	bak1 bin6	北邊
10439	二十三、位置/東頭	東頭	东头	tʊŋ55 tʰɐu21	dung1 tau4	東頭
10440	二十三、位置/西頭	西頭	西头	ɬɐi55 tʰɐu21	slai1 tau4	西頭
10441	二十三、位置/屁股後頭	屎窟尾	屎窟尾	ʃi35 fɐt5 mi24	si2 fat1 mi5	屁股後頭
10442	二十三、位置/角落	角落頭	角落头	kɔk3 lɔk3 tʰɐu21	gok3 lok3 tau4	角落
10443	二十三、位置/路邊兒	路邊	路边	lu22 pin55	lu6 bin1	路邊兒
10444	二十三、位置/當間兒	中間	中间	tʃʊŋ55 kɛn55	zung1 gen1	當間兒1，中間
10445	二十三、位置/當間兒	中央	中央	tʃʊŋ55 jœŋ55	zung1 joeng1	當間兒2，中間
10446	二十三、位置/底下	底下	底下	tɐi35 ha22	dai2 haa6	底下1
10447	二十三、位置/底下	䐁底	䐁底	tʊk5 tɐi35	duk1 dai2	底下2
10448	二十三、位置/牀底下	牀底	床底	tʃʰɔŋ21 tɐi35	cong4 dai2	牀底下
10449	二十三、位置/牀頭	牀頭	床头	tʃʰɔŋ21 tʰɐu21	cong4 tau4	牀頭
10450	二十三、位置/牀尾	牀尾	床尾	tʃʰɔŋ21 mi24	cong4 mi5	牀尾
10451	二十三、位置/牀邊	牀沿	床沿	tʃʰɔŋ21 jyn21	cong4 jyun4	牀邊1
10452	二十三、位置/牀邊	牀母	床母	tʃʰɔŋ21 mu24	cong4 mu5	牀邊2
10453	二十三、位置/樓底下	樓底下	楼底下	lɐu21 tɐi35 ha22	lau4 dai2 haa6	樓底下1
10454	二十三、位置/樓底下	樓底	楼底	lɐu21 tɐi35	lau4 dai2	樓底下2
10455	二十三、位置/腳底下	腳底	脚底	kœk3 tɐi35	goek3 dai2	腳底下1
10456	二十三、位置/腳底下	腳底下	脚底下	kœk3 tɐi35 ha22	goek3 dai2 haa6	腳底下2
10457	二十三、位置/底兒	䐁	䐁	tʊk5	duk1	底兒1（指器物底部）
10458	二十三、位置/底兒	底	底	tɐi35	dai2	底兒2
10459	二十三、位置/底兒	䐁底	䐁底	tʊk5 tɐi35	duk1 dai2	底兒3
10460	二十三、位置/碗底兒	碗底	碗底	wun35 tɐi35	wun2 dai2	碗底兒1
10461	二十三、位置/碗底兒	碗䐁	碗䐁	wun35 tʊk5	wun2 duk1	碗底兒2
10462	二十三、位置/鍋底兒	煲底	煲底	pu55 tɐi35	bu1 dai2	鍋底兒1
10463	二十三、位置/鍋底兒	鑊底	镬底	wɔk2 tɐi35	wok6 dai2	鍋底兒2
10464	二十三、位置/鍋底兒	煲䐁	煲䐁	pu55 tʊk5	bu1 duk1	鍋底兒3
10465	二十三、位置/鍋底兒	鑊䐁	镬䐁	wɔk2 tʊk5	wok6 duk1	鍋底兒4
10466	二十三、位置/缸底兒	缸底	缸底	kɔŋ55 tɐi35	gong1 dai2	缸底兒1
10467	二十三、位置/缸底兒	缸䐁	缸䐁	kɔŋ55 tʊk5	gong1 duk1	缸底兒2
10468	二十三、位置/好東西留到最後	好嘢沉歸底	好嘢沉归底	hu35 jɛ24 tʃʰɐm21 kʷɐi55 tɐi35	hu2 je5 cam4 gwai1 dai2	好東西留到最後
10469	二十三、位置/末尾	蔑尾	蔑尾	mɛt5 mi24	met1 mi5	末尾1
10470	二十三、位置/末尾	墊底	垫底	tim22 tɐi35	dim6 dai2	末尾2
10471	二十三、位置/旁邊	隔籬	隔篱	kak3 li21	gaak3 li4	旁邊1，隔壁
10472	二十三、位置/旁邊	旁邊	旁边	pʰɔŋ21 pin55	pong4 bin1	旁邊2
10473	二十三、位置/附近	周圍	周围	tʃɐu55 wɐi21	zau1 wai4	附近1
10474	二十三、位置/附近	四圍	四围	ɬi33 wɐi21	sli3 wai4	附近2
10475	二十三、位置/附近	四周圍	四周围	ɬi33 tʃɐu55 wɐi21	sli3 zau1 wai4	附近3
10476	二十三、位置/附近	鄰近	邻近	lɐn21 kʰɐn24	lan4 kan5	附近4
10477	二十三、位置/跟前兒	面前	面前	min22 tʃʰin21	min6 cin4	跟前兒
10478	二十三、位置/左邊	左便	左便	tʃɔ35 pin22	zo2 bin6	左邊1
10479	二十三、位置/左邊	左邊	左边	tʃɔ35 pin55	zo2 bin1	左邊2
10480	二十三、位置/右邊	右便	右便	jɐu22 pin22	jau6 bin6	右邊1
10481	二十三、位置/右邊	右邊	右边	jɐu22 pin55	jau6 bin1	右邊2
10482	二十三、位置/望裏走	向裏頭走	向里头走	hœŋ33 li24 tʰɐu21 tʃɐu35	hoeng3 li5 tau4 zau2	望裏走1，往裏走
10483	二十三、位置/望裏走	行落裏頭去	行落里头去	haŋ21 lɔk2 li24 tʰɐu21 hy33	haang4 lok6 li5 tau4 hyu3	望裏走2，往裏走
10484	二十三、位置/望外走	向外底走	向外底走	hœŋ33 ŋɔi22 tɐi35 tʃɐu35	hoeng3 ngoi6 dai2 zau2	望外走1，往外走
10485	二十三、位置/望外走	行出外底去	行出外底去	haŋ21 tʃʰyt5 ŋɔi22 tɐi35 hy33	haang4 cyut1 ngoi6 dai2 hyu3	望外走2，往外走
10486	二十三、位置/望東走	向東行	向东行	hœŋ33 tʊŋ55 haŋ21	hoeng3 dung1 haang4	望東走1，往東走
10487	二十三、位置/望東走	行過東便去	行过东便去	haŋ21 kɔ33 tʊŋ55 pin22 hy33	haang4 go3 dung1 bin6 hyu3	望東走2，往東走
10488	二十三、位置/望西走	向西行	向西行	hœŋ33 ɬɐi55 haŋ21	hoeng3 slai1 haang4	望西走1，往西走
10489	二十三、位置/望西走	行過西便去	行过西便去	haŋ21 kɔ33 ɬɐi55 pin22 hy33	haang4 go3 slai1 bin6 hyu3	望西走2，往西走
10490	二十三、位置/望回走	回頭走	回头走	wui21 tʰɐu21 tʃɐu35	wui4 tau4 zau2	望回走1，往回走
10491	二十三、位置/望回走	行回頭	行回头	haŋ21 wui21 tʰɐu21	haang4 wui4 tau4	望回走2，往回走
10492	二十三、位置/望回走	行返轉頭	行返转头	haŋ21 fan55 tʃyn33 tʰɐu21	haang4 faan1 zyun3 tau4	望回走3，往回走
10493	二十三、位置/望前走	向前走	向前走	hœŋ33 tʃʰin21 tʃɐu35	hoeng3 cin4 zau2	望前走，往前走
10494	二十三、位置/···以東	以東	以东	ji24 tʊŋ55	ji5 dung1	···以東
10495	二十三、位置/···以西	以西	以西	ji24 ɬɐi55	ji5 slai1	···以西
10496	二十三、位置/···以南	以南	以南	ji24 nam21	ji5 naam4	···以南
10497	二十三、位置/···以北	以北	以北	ji24 pɐk5	ji5 bak1	···以北
10498	二十三、位置/···以內	以內	以内	ji24 nui22	ji5 nui6	···以內
10499	二十三、位置/···以外	以外	以外	ji24 ŋɔi22	ji5 ngoi6	···以外
10500	二十三、位置/···以來	以來	以来	ji24 lɐi21	ji5 lai4	···以來1.1
10501	二十三、位置/···以來	以來	以来	ji24 lɔi21	ji5 loi4	···以來1.2
10502	二十三、位置/···之後	之後	之后	tʃi55 hɐu22	zi1 hau6	···之後
10503	二十三、位置/···之前	之前	之前	tʃi55 tʃʰin21	zi1 cin4	···之前
10504	二十三、位置/···之外	之外	之外	tʃi55 ŋɔi22	zi1 ngoi6	···之外
10505	二十三、位置/···之內	之內	之内	tʃi55 nui22	zi1 nui6	···之內
10506	二十三、位置/···之間	之間	之间	tʃi55 kɛn55	zi1 gen1	···之間
10507	二十三、位置/···之上	之上	之上	tʃi55 ʃœŋ22	zi1 soeng6	···之上
10508	二十三、位置/···之下	之下	之下	tʃi55 ha22	zi1 haa6	···之下
10509	二十四、代詞等/我	我	我	ŋɔ24	ngo5	我
10510	二十四、代詞等/你	你	你	ni24	ni5	你
10511	二十四、代詞等/他	佢	佢	kʰy24	kyu5	他，本字「渠」
10512	二十四、代詞等/我們	我哋	我哋	ŋɔ24 ti22	ngo5 di6	我們（不包括聽話人）
10513	二十四、代詞等/咱們	我哋	我哋	ŋɔ24 ti22	ngo5 di6	咱們（包括聽話人）
10514	二十四、代詞等/你們	你哋	你哋	ni24 ti22	ni5 di6	你們
10515	二十四、代詞等/他們	佢哋	佢哋	kʰy24 ti22	kyu5 di6	他們
10516	二十四、代詞等/您	你	你	ni24	ni5	您
10517	二十四、代詞等/怹	佢	佢	kʰy24	kyu5	怹，本字「渠」
10518	二十四、代詞等/我的	我嘅	我嘅	ŋɔ24 kɛ33	ngo5 ge3	我的1.1
10519	二十四、代詞等/我的	我嘅	我嘅	ŋɔ24 ɛ33	ngo5 e3	我的1.2
10520	二十四、代詞等/你的	你嘅	你嘅	ni24 kɛ33	ni5 ge3	你的1.1
10521	二十四、代詞等/你的	你嘅	你嘅	ni24 ɛ33	ni5 e3	你的1.2
10522	二十四、代詞等/他的	佢嘅	佢嘅	kʰy24 kɛ33	kyu5 ge3	他的1.1
10523	二十四、代詞等/他的	佢嘅	佢嘅	kʰy24 ɛ33	kyu5 e3	他的1.2
10524	二十四、代詞等/我們的	我哋嘅	我哋嘅	ŋɔ24 ti22 kɛ33	ngo5 di6 ge3	我們的1.1
10525	二十四、代詞等/我們的	我哋嘅	我哋嘅	ŋɔ24 ti22 ɛ33	ngo5 di6 e3	我們的1.2
10526	二十四、代詞等/咱們的	我哋嘅	我哋嘅	ŋɔ24 ti22 kɛ33	ngo5 di6 ge3	咱們的1.1
10527	二十四、代詞等/咱們的	我哋嘅	我哋嘅	ŋɔ24 ti22 ɛ33	ngo5 di6 e3	咱們的1.2
10528	二十四、代詞等/你們的	你哋嘅	你哋嘅	ni24 ti22 kɛ33	ni5 di6 ge3	你們的1.1
10529	二十四、代詞等/你們的	你哋嘅	你哋嘅	ni24 ti22 ɛ33	ni5 di6 e3	你們的1.2
10530	二十四、代詞等/他們的	佢哋嘅	佢哋嘅	kʰy24 ti22 kɛ33	kyu5 di6 ge3	他們的1.1
10531	二十四、代詞等/他們的	佢哋嘅	佢哋嘅	kʰy24 ti22 ɛ33	kyu5 di6 e3	他們的1.2
10532	二十四、代詞等/別人	人哋	人哋	jɐn21 ti22	jan4 di6	別人
10533	二十四、代詞等/別人的	人哋嘅	人哋嘅	jɐn21 ti22 kɛ33	jan4 di6 ge3	別人的1.1
10534	二十四、代詞等/別人的	人哋嘅	人哋嘅	jɐn21 ti22 ɛ33	jan4 di6 e3	別人的1.2
10535	二十四、代詞等/大家	大家	大家	tai22 ka55	daai6 gaa1	大家1
10536	二十四、代詞等/大家	大齊	大齐	tai22 tʃʰɐi21	daai6 cai4	大家2
10537	二十四、代詞等/大家	齊齊	齐齐	tʃʰɐi21 tʃʰɐi21	cai4 cai4	大家3
10538	二十四、代詞等/自己	自己	自己	tʃi22 ki35	zi6 gi2	自己1.1
10539	二十四、代詞等/自己	自己	自己	tsɿ22 ki35	zy6 gi2	自己1.2
10540	二十四、代詞等/自己	自己	自己	tʃi22 ki55	zi6 gi1	自己1.3
10541	二十四、代詞等/自己	自己	自己	tsɿ22 ki55	zy6 gi1	自己1.4
10542	二十四、代詞等/誰	邊個	边个	pin55 kɔ33	bin1 go3	誰
10543	二十四、代詞等/什麼人	乜嘢人	乜嘢人	mɐt5 jɛ24 jɐn21	mat1 je5 jan4	什麼人1.1
10544	二十四、代詞等/什麼人	乜嘢人	乜嘢人	mɛ55 ɛ24 jɐn21	me1 e5 jan4	什麼人1.2
10545	二十四、代詞等/這個	阿個	阿个	a33 kɔ33	aa3 go3	這個1
10546	二十四、代詞等/這個	阿隻	阿只	a33 tʃɛk3	aa3 zek3	這個2
10547	二十四、代詞等/這個	箇隻	箇只	kɔ33 tʃɛk3	go3 zek3	這個、那個，不分遠近指，偶爾用
10548	二十四、代詞等/那個	嚕個	噜个	lu55 kɔ33	lu1 go3	那個1
10549	二十四、代詞等/那個	嚕隻	噜只	lu55 tʃɛk3	lu1 zek3	那個2
10550	二十四、代詞等/哪個	邊個	边个	pin55 kɔ33	bin1 go3	哪個1
10551	二十四、代詞等/哪個	邊隻	边只	pin55 tʃɛk3	bin1 zek3	哪個2
10552	二十四、代詞等/別個	第二個	第二个	tɐi22 ji22 kɔ33	dai6 ji6 go3	別個1
10553	二十四、代詞等/別個	第個	第个	tɐi22 kɔ33	dai6 go3	別個2，「第」爲「第二」的連讀合音
10554	二十四、代詞等/別個	第隻	第只	tɐi22 tʃɛk3	dai6 zek3	別個3，「第」爲「第二」的連讀合音
10555	二十四、代詞等/這幾個	阿幾個	阿几个	a33 ki35 kɔ33	aa3 gi2 go3	這幾個
10556	二十四、代詞等/這幾個	箇幾個	箇几个	kɔ33 ki35 kɔ33	go3 gi2 go3	這幾個、那幾個，不分遠近指，偶爾用
10557	二十四、代詞等/那幾個	嚕幾個	噜几个	lu55 ki35 kɔ33	lu1 gi2 go3	那幾個
10558	二十四、代詞等/哪幾個	邊幾個	边几个	pin55 ki35 kɔ33	bin1 gi2 go3	哪幾個
10559	二十四、代詞等/哪位	邊位	边位	pin55 wɐi35	bin1 wai2	哪位
10560	二十四、代詞等/哪幾位	邊幾位	边几位	pin55 ki35 wɐi35	bin1 gi2 wai2	哪幾位
10561	二十四、代詞等/噻（代詞）	噻	噻	ɬɐk5	slak1	噻（代詞），大約、數量少、某、任何，本字「息」，上古職部
10562	二十四、代詞等/這些	阿啲	阿啲	a33 ti55	aa3 di1	這些
10563	二十四、代詞等/這些	箇啲	箇啲	kɔ33 ti55	go3 di1	這些、那些，不分遠近指，偶爾用
10564	二十四、代詞等/那些	嚕啲	噜啲	lu55 ti55	lu1 di1	那些
10565	二十四、代詞等/哪些	邊啲	边啲	pin55 ti55	bin1 di1	哪些
10566	二十四、代詞等/這種	阿種	阿种	a33 tʃʊŋ35	aa3 zung2	這種
10567	二十四、代詞等/這種	箇種	箇种	kɔ33 tʃʊŋ35	go3 zung2	這種、那種，不分遠近指，偶爾用
10568	二十四、代詞等/那種	嚕種	噜种	lu55 tʃʊŋ35	lu1 zung2	那種
10569	二十四、代詞等/這裏	阿啲	阿啲	a33 ti55	aa3 di1	這裏1
10570	二十四、代詞等/這裏	阿笪定	阿笪定	a33 tat3 tɛŋ22	aa3 daat3 deng6	這裏2
10571	二十四、代詞等/這裏	阿笪	阿笪	a33 tat3	aa3 daat3	這裏3
10572	二十四、代詞等/這裏	阿便	阿便	a33 pin22	aa3 bin6	這裏4
10573	二十四、代詞等/這裏	箇便	箇便	kɔ33 pin22	go3 bin6	這裏、那裏，不分遠近指，偶爾用
10574	二十四、代詞等/那裏	嚕啲	噜啲	lu55 ti55	lu1 di1	那裏1
10575	二十四、代詞等/那裏	嚕笪定	噜笪定	lu55 tat3 tɛŋ22	lu1 daat3 deng6	那裏2
10576	二十四、代詞等/那裏	嚕笪	噜笪	lu55 tat3	lu1 daat3	那裏3
10577	二十四、代詞等/那裏	嚕便	噜便	lu55 pin22	lu1 bin6	那裏4
10578	二十四、代詞等/哪裏	邊啲	边啲	pin55 ti55	bin1 di1	哪裏1
10579	二十四、代詞等/哪裏	邊笪定	边笪定	pin55 tat3 tɛŋ22	bin1 daat3 deng6	哪裏2
10580	二十四、代詞等/哪裏	邊笪	边笪	pin55 tat3	bin1 daat3	哪裏3
10581	二十四、代詞等/哪裏	邊便	边便	pin55 pin22	bin1 bin6	哪裏4
10582	二十四、代詞等/什麼地方	乜嘢地方	乜嘢地方	mɐt5 jɛ24 ti22 fɔŋ55	mat1 je5 di6 fong1	什麼地方1.1
10583	二十四、代詞等/什麼地方	乜嘢地方	乜嘢地方	mɛ55 ɛ24 ti22 fɔŋ55	me1 e5 di6 fong1	什麼地方1.2
10584	二十四、代詞等/別處	第二啲	第二啲	tɐi22 ji22 ti55	dai6 ji6 di1	別處1
10585	二十四、代詞等/別處	第啲	第啲	tɐi22 ti55	dai6 di1	別處2，「第」爲「第二」的連讀合音
10586	二十四、代詞等/別處	第二笪定	第二笪定	tɐi22 ji22 tat3 tɛŋ22	dai6 ji6 daat3 deng6	別處3
10587	二十四、代詞等/別處	第笪定	第笪定	tɐi22 tat3 tɛŋ22	dai6 daat3 deng6	別處4，「第」爲「第二」的連讀合音
10588	二十四、代詞等/別處	第二笪	第二笪	tɐi22 ji22 tat3	dai6 ji6 daat3	別處5
10589	二十四、代詞等/別處	第笪	第笪	tɐi22 tat3	dai6 daat3	別處6，「第」爲「第二」的連讀合音
10590	二十四、代詞等/這麼（高）	噉	噉	kɐm35	gam2	這麼（高）
10591	二十四、代詞等/這麼（做）	噉	噉	kɐm35	gam2	這麼（做）
10592	二十四、代詞等/那麼（高）	噉	噉	kɐm35	gam2	那麼（高）
10593	二十四、代詞等/那麼（做）	噉	噉	kɐm35	gam2	那麼（做）
10594	二十四、代詞等/這樣（做）	噉樣	噉样	kɐm35 jœŋ35	gam2 joeng2	這樣（做）
10595	二十四、代詞等/那樣（做）	噉樣	噉样	kɐm35 jœŋ35	gam2 joeng2	那樣（做）
10596	二十四、代詞等/怎麼（做）	同點	同点	tʰʊŋ21 tim35	tung4 dim2	怎麼（做）
10597	二十四、代詞等/怎麼樣	點樣	点样	tim35 jœŋ35	dim2 joeng2	怎麼樣1
10598	二十四、代詞等/怎麼樣	同點樣	同点样	tʰʊŋ21 tim35 jœŋ35	tung4 dim2 joeng2	怎麼樣2
10599	二十四、代詞等/怎麼辦	點做	点做	tim35 tʃu33	dim2 zu3	怎麼辦1
10600	二十四、代詞等/怎麼辦	同點做	同点做	tʰʊŋ21 tim35 tʃu33	tung4 dim2 zu3	怎麼辦2
10601	二十四、代詞等/怎麼辦	點辦	点办	tim35 pan22	dim2 baan6	怎麼辦3
10602	二十四、代詞等/怎麼辦	同點辦	同点办	tʰʊŋ21 tim35 pan22	tung4 dim2 baan6	怎麼辦4
10603	二十四、代詞等/爲什麼	做乜嘢	做乜嘢	tʃu33 mɐt5 jɛ24	zu3 mat1 je5	爲什麼1.1，源自「做（何）物兒」
10604	二十四、代詞等/爲什麼	做乜嘢	做乜嘢	tʃu33 mɛ55 ɛ24	zu3 me1 e5	爲什麼1.2
10605	二十四、代詞等/爲什麼	做乜事	做乜事	tʃu33 mɐt5 ʃi22	zu3 mat1 si6	爲什麼2.1
10606	二十四、代詞等/爲什麼	做乜事	做乜事	tʃu33 mɐt5 sɿ22	zu3 mat1 sy6	爲什麼2.2
10607	二十四、代詞等/爲什麼	爲乜嘢	为乜嘢	wɐi22 mɐt5 jɛ24	wai6 mat1 je5	爲什麼3.1，源自「爲（何）物兒」
10608	二十四、代詞等/爲什麼	爲乜嘢	为乜嘢	wɐi22 mɛ55 ɛ24	wai6 me1 e5	爲什麼3.2
10609	二十四、代詞等/爲什麼	爲乜事	为乜事	wɐi22 mɐt5 ʃi22	wai6 mat1 si6	爲什麼4.1
10610	二十四、代詞等/爲什麼	爲乜事	为乜事	wɐi22 mɐt5 sɿ22	wai6 mat1 sy6	爲什麼4.2
10611	二十四、代詞等/爲什麼	因乜嘢	因乜嘢	jɐn55 mɐt5 jɛ24	jan1 mat1 je5	爲什麼5.1，老派，源自「因（何）物兒」
10612	二十四、代詞等/爲什麼	因乜嘢	因乜嘢	jɐn55 mɛ55 ɛ24	jan1 me1 e5	爲什麼5.2，老派
10613	二十四、代詞等/爲什麼	因乜事	因乜事	jɐn55 mɐt5 ʃi22	jan1 mat1 si6	爲什麼6.1，老派
10614	二十四、代詞等/爲什麼	因乜事	因乜事	jɐn55 mɐt5 sɿ22	jan1 mat1 sy6	爲什麼6.2，老派
10615	二十四、代詞等/什麼？	乜嘢	乜嘢	mɐt5 jɛ24	mat1 je5	什麼1.1，源自「（是何）物兒」
10616	二十四、代詞等/什麼？	乜嘢	乜嘢	mɛ55 ɛ24	me1 e5	什麼1.2，口語作[mɐt5jɛ24]➔[mɛ55ɛ24]，也作「咩嘢」
10617	二十四、代詞等/什麼？	咩嘢	咩嘢	mɛ55 ɛ24	me1 e5	什麼1.2，同「乜嘢」，實爲「乜嘢」的合音音變，即[mɐt5jɛ24]➔[mɛ55ɛ24]
10618	二十四、代詞等/多少（錢）	幾多	几多	ki35 tɔ55	gi2 do1	多少（錢）
10619	二十四、代詞等/多（副詞）	幾	几	ki35	gi2	多（副詞）
10620	二十四、代詞等/我們倆	我哋兩個	我哋两个	ŋɔ24 ti22 lœŋ24 kɔ33	ngo5 di6 loeng5 go3	我們倆
10621	二十四、代詞等/咱們倆	我哋兩個	我哋两个	ŋɔ24 ti22 lœŋ24 kɔ33	ngo5 di6 loeng5 go3	咱們倆
10622	二十四、代詞等/你們倆	你哋兩個	你哋两个	ni24 ti22 lœŋ24 kɔ33	ni5 di6 loeng5 go3	你們倆
10623	二十四、代詞等/他們倆	佢哋兩個	佢哋两个	kʰy24 ti22 lœŋ24 kɔ33	kyu5 di6 loeng5 go3	他們倆
10624	二十四、代詞等/夫妻倆	兩公婆	两公婆	lœŋ24 kʊŋ55 pʰɔ21	loeng5 gung1 po4	夫妻倆1
10625	二十四、代詞等/夫妻倆	兩老大	两老大	lœŋ24 lu24 tai35	loeng5 lu5 daai2	夫妻倆2
10626	二十四、代詞等/孃兒倆	兩崽乸	两崽乸	lœŋ24 tʃɐi35 na35	loeng5 zai2 naa2	孃兒倆，母親和子女
10627	二十四、代詞等/孃兒倆	兩仔乸	两仔乸	lœŋ24 tʃɐi35 na35	loeng5 zai2 naa2	孃兒倆，母親和子女，同「兩崽乸」
10628	二十四、代詞等/孃兒們	幾崽乸	几崽乸	ki35 tʃɐi35 na35	gi2 zai2 naa2	孃兒們，例如「兩崽乸、三崽乸、四崽乸」
10629	二十四、代詞等/孃兒們	幾仔乸	几仔乸	ki35 tʃɐi35 na35	gi2 zai2 naa2	孃兒們，同「幾崽乸」
10630	二十四、代詞等/爺兒倆	兩崽爺	两崽爷	lœŋ24 tʃɐi35 jɛ21	loeng5 zai2 je4	爺兒倆，父親和子女
10631	二十四、代詞等/爺兒倆	兩仔爺	两仔爷	lœŋ24 tʃɐi35 jɛ21	loeng5 zai2 je4	爺兒倆，父親和子女，同「兩崽爺」
10632	二十四、代詞等/爺兒們	幾崽爺	几崽爷	ki35 tʃɐi35 jɛ21	gi2 zai2 je4	爺兒們，例如「兩崽爺、三崽爺、四崽爺」
10633	二十四、代詞等/爺兒們	幾仔爺	几仔爷	ki35 tʃɐi35 jɛ21	gi2 zai2 je4	爺兒們，同「幾崽爺」
10634	二十四、代詞等/爺孫倆	兩爺孫	两爷孙	lœŋ24 jɛ21 ɬyn55	loeng5 je4 slyun1	爺孫倆
10635	二十四、代詞等/妯娌倆	兩嬸母	两婶母	lœŋ24 ʃɐm35 mu24	loeng5 sam2 mu5	妯娌倆
10636	二十四、代詞等/姑嫂倆	兩姑嫂	两姑嫂	lœŋ24 ku55 ɬu35	loeng5 gu1 slu2	姑嫂倆
10637	二十四、代詞等/婆媳倆	兩婆媳	两婆媳	lœŋ24 pʰɔ21 ɬek5	loeng5 po4 slik1	婆媳倆1
10638	二十四、代詞等/婆媳倆	家婆新婦	家婆新妇	ka55 pʰɔ21 ɬɐn55 pʰu24	gaa1 po4 slan1 pu5	婆媳倆2
10639	二十四、代詞等/兄弟倆	兩兄弟	两兄弟	lœŋ24 heŋ55 tɐi22	loeng5 hing1 dai6	兄弟倆
10640	二十四、代詞等/姐妹倆	兩姐妹	两姐妹	lœŋ24 tʃɛ35 mui22	loeng5 ze2 mui6	姐妹倆1
10641	二十四、代詞等/姐妹倆	兩姊妹	两姊妹	lœŋ24 tʃi35 mui22	loeng5 zi2 mui6	姐妹倆2.1
10642	二十四、代詞等/姐妹倆	兩姊妹	两姊妹	lœŋ24 tsɿ35 mui22	loeng5 zy2 mui6	姐妹倆2.2
10643	二十四、代詞等/兄妹倆	兩兄妹	两兄妹	lœŋ24 heŋ55 mui35	loeng5 hing1 mui2	兄妹倆1
10644	二十四、代詞等/兄妹倆	兩子妹	两子妹	lœŋ24 tʃi35 mui22	loeng5 zi2 mui6	兄妹倆2.1
10645	二十四、代詞等/兄妹倆	兩子妹	两子妹	lœŋ24 tsɿ35 mui22	loeng5 zy2 mui6	兄妹倆2.2
10646	二十四、代詞等/姐弟倆	兩姐弟	两姐弟	lœŋ24 tʃɛ35 tɐi22	loeng5 ze2 dai6	姐弟倆1
10647	二十四、代詞等/姐弟倆	兩子妹	两子妹	lœŋ24 tʃi35 mui22	loeng5 zi2 mui6	姐弟倆2.1
10648	二十四、代詞等/姐弟倆	兩子妹	两子妹	lœŋ24 tsɿ35 mui22	loeng5 zy2 mui6	姐弟倆2.2
10649	二十四、代詞等/舅甥倆	舅父外甥	舅父外甥	kʰɐu24 fu35 ŋɔi22 ʃaŋ55	kau5 fu2 ngoi6 saang1	舅甥倆
10650	二十四、代詞等/姑姪倆（姑侄倆）	兩姑姪	两姑侄	lœŋ24 ku55 tʃɐt2	loeng5 gu1 zat6	姑姪倆（姑侄倆）
10651	二十四、代詞等/叔姪倆（叔侄倆）	兩叔姪	两叔侄	lœŋ24 ʃʊk5 tʃɐt2	loeng5 suk1 zat6	叔姪倆（叔侄倆）
10652	二十四、代詞等/師徒倆	兩師徒	两师徒	lœŋ24 ʃi55 tʰu21	loeng5 si1 tu4	師徒倆1.1
10653	二十四、代詞等/師徒倆	兩師徒	两师徒	lœŋ24 sɿ55 tʰu21	loeng5 sy1 tu4	師徒倆1.2
10654	二十四、代詞等/誰們	邊個	边个	pin55 kɔ33	bin1 go3	誰們
10655	二十四、代詞等/人們	阿啲人	阿啲人	a33 ti55 jɐn21	aa3 di1 jan4	人們
10656	二十四、代詞等/妯娌們	嬸母	婶母	ʃɐm35 mu24	sam2 mu5	妯娌們
10657	二十四、代詞等/姑嫂們	姑嫂	姑嫂	ku55 ɬu35	gu1 slu2	姑嫂們
10658	二十四、代詞等/師徒們	師徒	师徒	ʃi55 tʰu21	si1 tu4	師徒們1.1
10659	二十四、代詞等/師徒們	師徒	师徒	sɿ55 tʰu21	sy1 tu4	師徒們1.2
10660	二十四、代詞等/先生學生們	阿啲老師學生	阿啲老师学生	a33 ti55 lu24 ʃi55 hɔk2 ʃaŋ55	aa3 di1 lu5 si1 hok6 saang1	先生學生們1.1
10661	二十四、代詞等/先生學生們	阿啲老師學生	阿啲老师学生	a33 ti55 lu24 sɿ55 hɔk2 ʃaŋ55	aa3 di1 lu5 sy1 hok6 saang1	先生學生們1.2
10662	二十四、代詞等/那些個事兒們	阿啲事	阿啲事	a33 ti55 ʃi22	aa3 di1 si6	那些個事兒們1.1
10663	二十四、代詞等/那些個事兒們	阿啲事	阿啲事	a33 ti55 sɿ22	aa3 di1 sy6	那些個事兒們1.2
10664	二十四、代詞等/桌子們	阿啲檯	阿啲台	a33 ti55 tʰɔi21	aa3 di1 toi4	桌子們
10665	二十四、代詞等/椅子們	阿啲椅	阿啲椅	a33 ti55 ji35	aa3 di1 ji2	椅子們
10666	二十四、代詞等/凳子們	阿啲凳	阿啲凳	a33 ti55 tɐŋ33	aa3 di1 dang3	凳子們
10667	二十四、代詞等/書們	阿啲書	阿啲书	a33 ti55 ʃy55	aa3 di1 syu1	書們
10668	二十五、形容詞/對（賬算～了）	對	对	tui33	dui3	對（賬算～了）
10669	二十五、形容詞/錯（賬算～了）	錯	错	tʃʰɔ33	co3	錯1（賬算～了）
10670	二十五、形容詞/錯（賬算～了）	朧	胧	lʊŋ55	lung1	錯2（賬算～了）
10671	二十五、形容詞/好	好	好	hu35	hu2	好
10672	二十五、形容詞/很好，很棒	冇得頂	冇得顶	mu24 tɐk5 teŋ35	mu5 dak1 ding2	很好，很棒
10673	二十五、形容詞/靚	靚	靓	lɛŋ33	leng3	靚1，物好，人漂亮，本字「令」，善也
10674	二十五、形容詞/靚	靚笠笠	靓笠笠	lɛŋ33 lɐp5 lɐp5	leng3 lap1 lap1	靚2
10675	二十五、形容詞/靚	笠笠靚	笠笠靓	lɐp5 lɐp5 lɛŋ33	lap1 lap1 leng3	靚3
10676	二十五、形容詞/靚	威水	威水	wɐi55 ʃui35	wai1 sui2	靚4，指物
10677	二十五、形容詞/靚	正嘢	正嘢	tʃɛŋ33 jɛ24	zeng3 je5	靚5，指物
10678	二十五、形容詞/靚	靚嘢	靓嘢	lɛŋ33 jɛ24	leng3 je5	靚6，指物
10679	二十五、形容詞/靚	好睇	好睇	hu35 tʰɐi35	hu2 tai2	靚7
10680	二十五、形容詞/靚	㜺	㜺	tʃan35	zaan2	靚8，指物
10681	二十五、形容詞/不錯	貌乎好	貌乎好	ma55 wu21 hu35	maa1 wu4 hu2	不錯1.1，蠻好，頗好之意
10682	二十五、形容詞/不錯	貌乎好	貌乎好	mau55 wu21 hu35	maau1 wu4 hu2	不錯1.2，蠻好
10683	二十五、形容詞/不錯	貌啊好	貌啊好	ma55 a22 hu35	maa1 aa6 hu2	不錯2.1，蠻好，「啊」爲「乎」的弱讀
10684	二十五、形容詞/不錯	貌啊好	貌啊好	mau55 a22 hu35	maau1 aa6 hu2	不錯2.2，蠻好，「啊」爲「乎」的弱讀
10685	二十五、形容詞/不錯	冇差得	冇差得	mu24 tʃʰa55 tɐk5	mu5 caa1 dak1	不錯3
10686	二十五、形容詞/不錯	冇錯	冇错	mu24 tʃʰɔ33	mu5 co3	不錯4
10687	二十五、形容詞/不錯	幾好	几好	ki35 hu35	gi2 hu2	不錯5
10688	二十五、形容詞/蠻多	貌乎多	貌乎多	ma55 wu21 tɔ55	maa1 wu4 do1	蠻多1.1
10689	二十五、形容詞/蠻多	貌乎多	貌乎多	mau55 wu21 tɔ55	maau1 wu4 do1	蠻多1.2
10690	二十五、形容詞/蠻多	貌啊多	貌啊多	ma55 a22 tɔ55	maa1 aa6 do1	蠻多2.1，「啊」爲「乎」的弱讀
10691	二十五、形容詞/蠻多	貌啊多	貌啊多	mau55 a22 tɔ55	maau1 aa6 do1	蠻多2.2，「啊」爲「乎」的弱讀
10692	二十五、形容詞/差不多	差不多	差不多	tʃʰa55 pɐt5 tɔ55	caa1 bat1 do1	差不多1
10693	二十五、形容詞/差不多	差冇多	差冇多	tʃʰa55 mu24 tɔ55	caa1 mu5 do1	差不多2
10694	二十五、形容詞/不怎麼樣	冇同點	冇同点	mu24 tʰʊŋ21 tim35	mu5 tung4 dim2	不怎麼樣
10695	二十五、形容詞/不頂事	冇中用	冇中用	mu24 tʃʊŋ55 jʊŋ22	mu5 zung1 jung6	不頂事1
10696	二十五、形容詞/不頂事	冇有用	冇有用	mu24 jɐu24 jʊŋ22	mu5 jau5 jung6	不頂事2
10697	二十五、形容詞/不頂事	冇使得	冇使得	mu24 ʃɐi35 tɐk5	mu5 sai2 dak1	不頂事3
10698	二十五、形容詞/見效	見功	见功	kin33 kʊŋ55	gin3 gung1	見效
10699	二十五、形容詞/壞	泥	泥	jɐi21	jai4	壞1，不好，本字「泥」，泥娘母讀如以母，早期粵音中「濃」字亦如是
10700	二十五、形容詞/壞	壞	坏	wai22	waai6	壞2，不好
10701	二十五、形容詞/壞	勩	勚	hɛt2	het6	壞3，器物磨損，疑本字「䃒」，石地惡也
10702	二十五、形容詞/壞	冇好	冇好	mu24 hu35	mu5 hu2	壞4，不好
10703	二十五、形容詞/次	差	差	tʃʰa55	caa1	次1
10704	二十五、形容詞/次	泥	泥	jɐi21	jai4	次2，俗字「𠯋/曳/孬」，案，器物質量差也說「豆泥」，本字「泥」，泥娘母讀如以母，早期粵音中「濃」字亦如是
10705	二十五、形容詞/次	苴	苴	tʃa35	zaa2	次3
10706	二十五、形容詞/次	屎	屎	ʃi35	si2	次4，指人
10707	二十五、形容詞/次	屎肚	屎肚	ʃi35 tʰu24	si2 tu5	次5，指人
10708	二十五、形容詞/次	屎腏肚	屎腏肚	ʃi35 tʃʰɔt2 tʰu24	si2 cot6 tu5	次6，詈語
10709	二十五、形容詞/次	屎肚卒	屎肚卒	ʃi35 tʰu24 tʃɐt5	si2 tu5 zat1	次7.1，指人
10710	二十五、形容詞/次	屎肚卒	屎肚卒	ʃi35 tʰu24 tʃyt5	si2 tu5 zyut1	次7.2，指人
10711	二十五、形容詞/次	差火	差火	tʃʰa55 fɔ35	caa1 fo2	次8，（物質量）差、（人）差勁，本義爲欠火候
10712	二十五、形容詞/次	豆泥	豆泥	tɐu22 nɐi21	dau6 nai4	次9，指物
10713	二十五、形容詞/湊合	將就	将就	tʃœŋ55 tʃɐu22	zoeng1 zau6	湊合1
10714	二十五、形容詞/湊合	求其	求其	kʰɐu21 kʰi21	kau4 ki4	湊合2，「求其過得去」之省
10715	二十五、形容詞/湊合	做做樣	做做样	tʃu33 tʃu33 jœŋ35	zu3 zu3 joeng2	湊合3
10716	二十五、形容詞/美	靚	靓	lɛŋ33	leng3	美1，指人，本字「令」，善也
10717	二十五、形容詞/美	笠靚	笠靓	lɐp5 lɛŋ33	lap1 leng3	美2
10718	二十五、形容詞/美	生得靚	生得靓	ʃaŋ55 tɐk5 lɛŋ33	saang1 dak1 leng3	美3
10719	二十五、形容詞/漂亮的小夥子	靚崽	靓崽	lɛŋ33 tʃɐi35	leng3 zai2	漂亮的小夥子
10720	二十五、形容詞/漂亮的小夥子	靚仔	靓仔	lɛŋ33 tʃɐi35	leng3 zai2	漂亮的小夥子，同「靚崽」
10721	二十五、形容詞/漂亮的女子	靚女	靓女	lɛŋ33 ny35	leng3 nyu2	漂亮的女子1
10722	二十五、形容詞/漂亮的女子	靚妹	靓妹	lɛŋ33 mui55	leng3 mui1	漂亮的女子2
10723	二十五、形容詞/漂亮的女子	爆蘭	爆兰	pau33 lan55	baau3 laan1	漂亮的女子3，俗稱，意即靚爆鏡的蘭，後起詞
10724	二十五、形容詞/氣派	派頭	派头	pʰai55 tʰɐu21	paai1 tau4	氣派1，派頭
10725	二十五、形容詞/氣派	威水	威水	wɐi55 ʃui35	wai1 sui2	氣派2，威風、神氣
10726	二十五、形容詞/氣派	架勢	架势	kʰa33 ʃɐi33	kaa3 sai3	氣派3，威風、有排場
10727	二十五、形容詞/氣派	風唿	风唿	fʊŋ55 fɛt5	fung1 fet1	氣派4，時髦、花俏，英語flirtatious
10728	二十五、形容詞/有氣派	夠派	够派	kɐu33 pʰai55	gau3 paai1	有派頭，夠氣派
10729	二十五、形容詞/時髦	時髦	时髦	ʃi21 mu55	si4 mu1	時髦1
10730	二十五、形容詞/時髦	油脂	油脂	jɐu21 tʃi55	jau4 zi1	時髦2，俗作「柔姿」，「油脂」一詞源自1978年的美國電影《油脂（Grease）》，後用作「時髦的」
10731	二十五、形容詞/時髦男性	油脂崽	油脂崽	jɐu21 tʃi55 tʃɐi35	jau4 zi1 zai2	時髦男性，俗作「柔姿仔」
10732	二十五、形容詞/時髦男性	油脂仔	油脂仔	jɐu21 tʃi55 tʃɐi35	jau4 zi1 zai2	時髦男性，俗作「柔姿仔」，同「油脂崽」
10733	二十五、形容詞/時髦女性	油脂妹	油脂妹	jɐu21 tʃi55 mui55	jau4 zi1 mui1	時髦女性，俗作「柔姿妹」
10734	二十五、形容詞/正派	正派	正派	tʃeŋ33 pʰai33	zing3 paai3	正派
10735	二十五、形容詞/把過時的當時尚	古老當時興	古老当时兴	ku35 lu24 tɔŋ33 ʃi21 heŋ55	gu2 lu5 dong3 si4 hing1	把過時的當時尚，俗語
10736	二十五、形容詞/穿龍袍不像太子	着龍袍冇似太子	着龙袍冇似太子	tʃœk3 lʊŋ21 pʰu21 mu24 tʃʰi24 tʰai33 tʃi35	zoek3 lung4 pu4 mu5 ci5 taai3 zi2	穿龍袍不像太子1.1，俗語，比喻人再打扮還是缺乏氣質
10737	二十五、形容詞/穿龍袍不像太子	着龍袍冇似太子	着龙袍冇似太子	tʃœk3 lʊŋ21 pʰu21 mu24 tsʰɿ24 tʰai33 tsɿ35	zoek3 lung4 pu4 mu5 cy5 taai3 zy2	穿龍袍不像太子1.2，俗語
10738	二十五、形容詞/醜	難睇	难睇	nan21 tʰɐi35	naan4 tai2	醜1，難看
10739	二十五、形容詞/醜	醜怪	丑怪	tʃʰɐu35 kʷai33	cau2 gwaai3	醜2，難看
10740	二十五、形容詞/醜	鶻突	鹘突	wɐt2 tɐt2	wat6 dat6	醜3，難看
10741	二十五、形容詞/乾淨	乾淨	干净	kɔn55 tʃɛŋ22	gon1 zeng6	乾淨1
10742	二十五、形容詞/乾淨	徛理	徛理	kʰi24 li24	ki5 li5	乾淨2
10743	二十五、形容詞/髒	邋遢	邋遢	lat2 tʰat3	laat6 taat3	髒1
10744	二十五、形容詞/髒	污糟	污糟	wu55 tʃu55	wu1 zu1	髒2
10745	二十五、形容詞/髒	邋遢遢	邋遢遢	lat2 tʰat3 tʰat3	laat6 taat3 taat3	髒3
10746	二十五、形容詞/髒	邋邋遢遢	邋邋遢遢	lat2 lat2 tʰat3 tʰat3	laat6 laat6 taat3 taat3	髒4
10747	二十五、形容詞/髒	污糟邋遢	污糟邋遢	wu55 tʃu55 lat2 tʰat3	wu1 zu1 laat6 taat3	髒5
10748	二十五、形容詞/新	新	新	ɬɐn55	slan1	新1
10749	二十五、形容詞/新	新硞硞	新硞硞	ɬɐn55 kʰʊk5 kʰʊk5	slan1 kuk1 kuk1	新2
10750	二十五、形容詞/新	新硞硞	新硞硞	ɬɐn55 kʷʰɐk5 kʷʰɐk5	slan1 kwak1 kwak1	新3
10751	二十五、形容詞/新	新簇簇	新簇簇	ɬɐn55 ɬʊk5 ɬʊk5	slan1 sluk1 sluk1	新4
10752	二十五、形容詞/舊	舊	旧	kɐu22	gau6	舊
10753	二十五、形容詞/新式	新裝	新装	ɬɐn55 tʃɔŋ55	slan1 zong1	新式
10754	二十五、形容詞/老式	老裝	老装	lu24 tʃɔŋ55	lu5 zong1	老式（～車）
10755	二十五、形容詞/值錢	值錢	值钱	tʃek2 tʃʰin21	zik6 cin4	值錢1
10756	二十五、形容詞/值錢	矜貴	矜贵	keŋ55 kʷɐi33	ging1 gwai3	值錢2，實爲「金貴」的音變，「金」受後字逆同化變讀韻尾
10757	二十五、形容詞/值錢	抵寶	抵宝	tɐi35 pu35	dai2 bu2	值錢3
10758	二十五、形容詞/精緻	骨子	骨子	kʷɐt5 tʃi35	gwat1 zi2	精緻1
10759	二十五、形容詞/精緻	骨子	骨子	kʷɐt5 tsɿ35	gwat1 zy2	精緻2
10760	二十五、形容詞/不值錢	賤	贱	tʃin22	zin6	不值錢1
10761	二十五、形容詞/不值錢	爛賤	烂贱	lan22 tʃin22	laan6 zin6	不值錢2
10762	二十五、形容詞/勉強，險	璺	璺	mɛn33	men3	勉強，險1.1
10763	二十五、形容詞/勉強，險	璺	璺	mɐn33	man3	勉強，險1.2
10764	二十五、形容詞/勉強，險	璺峻	璺峻	mɛn33 ɬɛn33	men3 slen3	勉強，險2.1
10765	二十五、形容詞/勉強，險	璺峻	璺峻	mɐn33 ɬɐn33	man3 slan3	勉強，險2.2
10766	二十五、形容詞/勉強，險	崖巘	崖𪩘	ŋa21 jin55	ngaa4 jin1	勉強，險3，俗作「牙煙」
10767	二十五、形容詞/硬	硬	硬	ŋaŋ22	ngaang6	硬1
10768	二十五、形容詞/硬	硬確確	硬确确	ŋaŋ22 kʰɐk5 kʰɐk5	ngaang6 kak1 kak1	硬2
10769	二十五、形容詞/硬	硬硞硞	硬硞硞	ŋaŋ22 kʰʊk5 kʰʊk5	ngaang6 kuk1 kuk1	硬3
10770	二十五、形容詞/硬	硬𥕏𥕏	硬𥕏𥕏	ŋaŋ22 kʷɐk2 kʷɐk2	ngaang6 gwak6 gwak6	硬4
10771	二十五、形容詞/硬	硬翹翹	硬翘翘	ŋaŋ22 kʰɛu55 kʰɛu55	ngaang6 keu1 keu1	硬5
10772	二十五、形容詞/硬	硬𥕏𥕏	硬𥕏𥕏	ŋaŋ22 kʊk2 kʊk2	ngaang6 guk6 guk6	硬6
10773	二十五、形容詞/韌	韌	韧	jɐŋ33	jang3	韌1
10774	二十五、形容詞/韌	焉韌	焉韧	jin55 ŋɐn22	jin1 ngan6	韌2
10775	二十五、形容詞/韌	焉焉韌韌	焉焉韧韧	jin55 jin55 ŋɐn22 ŋɐn22	jin1 jin1 ngan6 ngan6	韌3
10776	二十五、形容詞/韌	韌繃繃	韧绷绷	jɐŋ33 paŋ55 paŋ55	jang3 baang1 baang1	韌4，明·黃溥《閑中今古錄摘抄》：「奉化應方伯履平……題詩部門之前云：『爲官不用好文章，只要鬍鬚及胖長。更有一般堪笑處，衣裳糨得硬繃繃。』」
10777	二十五、形容詞/（豬等）皮脆、皮薄	脆皮	脆皮	tʃʰui33 pʰi21	cui3 pi4	（豬等）皮脆、皮薄，～豬、～鵝、～雞、～鴨
10778	二十五、形容詞/（蘿蔔等）脆	脆戢戢	脆戢戢	tʃʰui33 tʃʰɐp5 tʃʰɐp5	cui3 cap1 cap1	（蘿蔔等）脆，「戢」與「㮑」同源
10779	二十五、形容詞/軟	軟	软	jyn24	jyun5	軟1
10780	二十五、形容詞/軟	軟熟	软熟	jyn24 ʃʊk2	jyun5 suk6	軟2
10781	二十五、形容詞/軟	軟巴巴	软巴巴	jyn24 pɛ21 pɛ21	jyun5 be4 be4	軟3，軟綿綿
10782	二十五、形容詞/軟	軟巴巴	软巴巴	jyn24 mɛ21 mɛ21	jyun5 me4 me4	軟4，軟綿綿
10783	二十五、形容詞/嫩	嫩	嫩	nyn22	nyun6	嫩1
10784	二十五、形容詞/嫩	嫩粒粒	嫩粒粒	nyn22 nɐp5 nɐp5	nyun6 nap1 nap1	嫩2
10785	二十五、形容詞/垂掛	耷	耷	tɐp5	dap1	垂掛1.1，下垂，源自「塌」，墮也
10786	二十五、形容詞/垂掛	耷	耷	pɐp5	bap1	垂掛1.2，下垂，此處端母讀如幫母
10787	二十五、形容詞/垂掛	髧	髧	tɐm33	dam3	垂掛2，下垂
10788	二十五、形容詞/垂掛貌	吊儾儾	吊儾儾	tiu33 naŋ33 naŋ33	diu3 naang3 naang3	垂掛貌1，「儾」爲假借字，或源自「登登/蹬蹬」，端組旁轉
10789	二十五、形容詞/垂掛貌	吊揈揈	吊揈揈	tiu33 fɐŋ21 fɐŋ21	diu3 fang4 fang4	垂掛貌2
10790	二十五、形容詞/細長而柔軟	丟	丢	nɛu21	neu4	細長而柔軟1，端組旁轉，俗字「嫋」
10791	二十五、形容詞/細長而柔軟	軟丟丟	软丢丢	jyn24 tɛu21 tɛu21	jyun5 deu4 deu4	細長而柔軟2.1
10792	二十五、形容詞/細長而柔軟	軟丟丟	软丢丢	jyn24 nɛu21 nɛu21	jyun5 neu4 neu4	細長而柔軟2.2
10793	二十五、形容詞/黏	粈	粈	nɛu55	neu1	黏1，「粈」爲俗字，或源自「軟丟丟」，「丟」字端組旁轉，又或源自「稠」，知組端組泥母旁轉，演變構擬[*ɖiu]➔[*tiu/teu]➔[niu/nɛu]
10794	二十五、形容詞/黏	粈得得	粈得得	nɛu55 nɐk5 nɐk5	neu1 nak1 nak1	黏2，黏乎乎，「得」字端組旁轉，少數人有[nak3]或[nɐk2]的音變，近代漢語中「得得」可作詞綴，例如「膩得得」
10795	二十五、形容詞/黏	𥹉	𥹉	nɐp2	nap6	黏3，～油，機件給油膏住了
10796	二十五、形容詞/被油膏住	𥹉油	𥹉油	nɐp2 jɐu21	nap6 jau4	（機件）給油膏住了，也比喻（人）動作慢
10797	二十五、形容詞/糯	糯	糯	nɔ22	no6	糯，特指有黏性的穀物
10798	二十五、形容詞/麪	蓬	蓬	mʊŋ55	mung1	麪1.1，薯類很粉，俗字「蒙」
10799	二十五、形容詞/麪	蓬	蓬	pʰʊŋ55	pung1	麪1.2，薯類很粉
10800	二十五、形容詞/不麪	脤	脤	ʃɐn24	san5	不麪，薯類不粉
10801	二十五、形容詞/軟爛（指飯、麪條）	溶	溶	jʊŋ21	jung4	軟爛1，指飯、麪條
10802	二十五、形容詞/軟爛（指飯、麪條）	溶癟癟	溶瘪瘪	jʊŋ21 pɛt2 pɛt2	jung4 bet6 bet6	軟爛2
10803	二十五、形容詞/軟爛（指飯、麪條）	溶癟列	溶瘪列	jʊŋ21 pɛt2 lɛt2	jung4 bet6 let6	軟爛3，「癟列」源自元代的「不剌（語尾助詞）」
10804	二十五、形容詞/軟爛（指飯、麪條）	溶癟截	溶瘪截	jʊŋ21 pɛt2 tʃɛt2	jung4 bet6 zet6	軟爛4
10805	二十五、形容詞/軟爛（指飯、麪條）	溶泥泥	溶泥泥	jʊŋ21 jai21 jai21	jung4 jaai4 jaai4	軟爛5，「泥[jai21]」爲「泥[jɐi21]」的音變
10806	二十五、形容詞/軟爛（指肉、瓜果）	腍	腍	nɐm21	nam4	軟爛，指肉、瓜果
10807	二十五、形容詞/軟爛（指物、人）	腍癟癟	腍瘪瘪	nɐm21 pɛt2 pɛt2	nam4 bet6 bet6	（物）軟，軟爛1；（人）懦弱1
10808	二十五、形容詞/軟爛（指物、人）	腍巴巴	腍巴巴	nɐm21 pɛ21 pɛ21	nam4 be4 be4	（物）軟，軟爛2；（人）懦弱2
10809	二十五、形容詞/（蘿蔔等）虛鬆不實（糠了）	穮	穮	pʰau55	paau1	（蘿蔔等）虛鬆不實1.1（糠了），一說本字「泡」
10810	二十五、形容詞/（蘿蔔等）虛鬆不實（糠了）	穮	穮	pʰɐu33	pau3	（蘿蔔等）虛鬆不實1.2（糠了），一說本字「泡」
10811	二十五、形容詞/（蘿蔔等）虛鬆不實（糠了）	䅦	䅦	mau55	maau1	（蘿蔔等）虛鬆不實2（糠了），一說本字「泡」，白讀
10812	二十五、形容詞/新鮮	新鮮	新鲜	ɬɐn55 ɬin55	slan1 slin1	新鮮1
10813	二十五、形容詞/新鮮	新鮮滾熱辣	新鲜滚热辣	ɬɐn55 ɬin55 kʷɐn35 jit2 lat2	slan1 slin1 gwan2 jit6 laat6	新鮮2，本指剛炒好的菜熱騰騰的樣子，比喻很新的
10814	二十五、形容詞/不新鮮	舊口	旧口	kɐu22 hɐu35	gau6 hau2	不新鮮1
10815	二十五、形容詞/不新鮮	葾	葾	jyn55	jyun1	不新鮮2
10816	二十五、形容詞/腐爛	溶爛	溶烂	jʊŋ21 lan22	jung4 laan6	腐爛（死魚～了）
10817	二十五、形容詞/鹹	鹹	咸	hɛm21	hem4	鹹1
10818	二十五、形容詞/鹹	鹹赧赧	咸赧赧	hɛm21 nan33 nan33	hem4 naan3 naan3	鹹2
10819	二十五、形容詞/淡	淡	淡	tʰam24	taam5	淡1
10820	二十五、形容詞/淡	淡癟癟	淡瘪瘪	tʰam24 pɛt2 pɛt2	taam5 bet6 bet6	淡2
10821	二十五、形容詞/淡	淡癟列	淡瘪列	tʰam24 pɛt2 lɛt2	taam5 bet6 let6	淡3，「癟列」源自元代的「不剌（語尾助詞）」
10822	二十五、形容詞/淡	淡癟截	淡瘪截	tʰam24 pɛt2 tʃɛt2	taam5 bet6 zet6	淡4
10823	二十五、形容詞/淡	冇有味	冇有味	mu24 jɐu24 mi22	mu5 jau5 mi6	淡5
10824	二十五、形容詞/酸	酸	酸	ɬyn55	slyun1	酸1
10825	二十五、形容詞/酸	酸醰醰	酸醰醰	ɬyn55 tɐm55 tɐm55	slyun1 dam1 dam1	酸2，「醰」與「嗒」對轉
10826	二十五、形容詞/酸	酸嗒嗒	酸嗒嗒	ɬyn55 tɐp5 tɐp5	slyun1 dap1 dap1	酸3.1，「嗒」與「醰」對轉
10827	二十五、形容詞/酸	酸嗒嗒	酸嗒嗒	ɬyn55 tɛp5 tɛp5	slyun1 dep1 dep1	酸3.2
10828	二十五、形容詞/甜	甜	甜	tʰim21	tim4	甜1
10829	二十五、形容詞/甜	甜纚纚	甜𫄥𫄥	tʰim21 ɬai21 ɬai21	tim4 slaai4 slaai4	甜2，甜絲絲，「纚纚」古文表連綿不絕
10830	二十五、形容詞/甜	清甜	清甜	tʃʰeŋ55 tʰim21	cing1 tim4	甜3
10831	二十五、形容詞/苦	苦	苦	fu35	fu2	苦
10832	二十五、形容詞/辣	辣	辣	lat2	laat6	辣
10833	二十五、形容詞/澀	澀	涩	kip3	gip3	澀1，本字「砝」，硬也
10834	二十五、形容詞/澀	澀口	涩口	kip3 hɐu35	gip3 hau2	澀2
10835	二十五、形容詞/味美	和味	和味	wɔ21 mi22	wo4 mi6	味美1
10836	二十五、形容詞/味美	好味	好味	hu35 mi22	hu2 mi6	味美2
10837	二十五、形容詞/怪味	怪味	怪味	kʷai33 mi22	gwaai3 mi6	怪味
10838	二十五、形容詞/味道鮮美	鮮甜	鲜甜	ɬin55 tʰim21	slin1 tim4	味道鮮美
10839	二十五、形容詞/好吃	好食	好食	hu35 ʃek2	hu2 sik6	好吃1，可口
10840	二十五、形容詞/好吃	靚食	靓食	lɛŋ33 ʃek2	leng3 sik6	好吃2，可口
10841	二十五、形容詞/香	香	香	hœŋ55	hoeng1	香1
10842	二十五、形容詞/香	香噴噴	香喷喷	hœŋ55 pʰɐn33 pʰɐn33	hoeng1 pan3 pan3	香2
10843	二十五、形容詞/臭	臭	臭	tʃʰɐu33	cau3	臭1
10844	二十五、形容詞/臭	臭胮胮	臭胮胮	tʃʰɐu33 pʰaŋ55 pʰaŋ55	cau3 paang1 paang1	臭2
10845	二十五、形容詞/哈喇味兒	臭膱	臭膱	tʃʰɐu33 jɛk3	cau3 jek3	哈喇味兒1.1，油變質的氣味
10846	二十五、形容詞/哈喇味兒	臭膱	臭膱	tʃʰɐu33 ɛk3	cau3 ek3	哈喇味兒1.2，油變質的氣味，弱讀
10847	二十五、形容詞/哈喇味兒	臭油膱	臭油膱	tʃʰɐu33 jɐu21 jɛk3	cau3 jau4 jek3	哈喇味兒2.1，油變質的氣味
10848	二十五、形容詞/哈喇味兒	臭油膱	臭油膱	tʃʰɐu33 jɐu21 ɛk3	cau3 jau4 ek3	哈喇味兒2.2，油變質的氣味，弱讀
10849	二十五、形容詞/竄煙味兒	臭火煙	臭火烟	tʃʰɐu33 fɔ35 jin55	cau3 fo2 jin1	竄煙味兒1
10850	二十五、形容詞/竄煙味兒	煙嗷嗷	烟嗷嗷	jin55 ŋau33 ŋau33	jin1 ngaau3 ngaau3	竄煙味兒2.1，煙燻火燎
10851	二十五、形容詞/竄煙味兒	煙嗷嗷	烟嗷嗷	jin55 ŋau21 ŋau21	jin1 ngaau4 ngaau4	竄煙味兒2.2，煙燻火燎
10852	二十五、形容詞/陳米氣味	糠	糠	hɔŋ35	hong2	陳米氣味；乾燥
10853	二十五、形容詞/臭青	臭青	臭青	tʃʰɐu33 tʃʰɛŋ55	cau3 ceng1	臭青，果蔬類未成熟或未煮熟時的味道，也比喻語音不正
10854	二十五、形容詞/羶（羊～）	臊	臊	ɬu55	slu1	羶（羊～）
10855	二十五、形容詞/腥（魚～）	腥	腥	ɬɛŋ55	sleng1	腥（魚～）
10856	二十五、形容詞/酸餿味	酸酸宿宿	酸酸宿宿	ɬyn55 ɬyn55 ɬʊk5 ɬʊk5	slyun1 slyun1 sluk1 sluk1	酸餿味
10857	二十五、形容詞/（酒）烈	亢	亢	kʰɐŋ33	kang3	（酒）烈，俗字「掯」
10858	二十五、形容詞/嗆喉	亢喉	亢喉	kʰɐŋ33 hɐu21	kang3 hau4	嗆喉，俗作「掯喉」
10859	二十五、形容詞/稀	稀	稀	hi55	hi1	稀（粥太～了）
10860	二十五、形容詞/（物）稀、（粥）稀	稀寥寥	稀寥寥	hi55 lɛu55 lɛu55	hi1 leu1 leu1	稀疏貌、（粥）很稀1.1
10861	二十五、形容詞/（物）稀、（粥）稀	稀寥寥	稀寥寥	hi55 lau55 lau55	hi1 laau1 laau1	稀疏貌、（粥）很稀1.2
10862	二十五、形容詞/稠	渴	渴	kit2	git6	稠1（粥太～了）
10863	二十五、形容詞/稠	渴突突	渴突突	kit2 tɐt2 tɐt2	git6 dat6 dat6	稠2
10864	二十五、形容詞/稀疏	疏	疏	ʃɔ55	so1	不稠密1，稀疏
10865	二十五、形容詞/稀疏	疏寥寥	疏寥寥	ʃɔ55 lɛu55 lɛu55	so1 leu1 leu1	不稠密2.1，稀疏
10866	二十五、形容詞/稀疏	疏寥寥	疏寥寥	ʃɔ55 lau55 lau55	so1 laau1 laau1	不稠密2.2，稀疏
10867	二十五、形容詞/指布不結實	疏經	疏经	ʃɔ55 kaŋ55	so1 gaang1	指布不結實，俗作「疏耕」
10868	二十五、形容詞/空蕩蕩	空寥寥	空寥寥	hʊŋ55 lɛu55 lɛu55	hung1 leu1 leu1	空蕩蕩
10869	二十五、形容詞/密	密	密	mɐt2	mat6	密1，不稀疏
10870	二十五、形容詞/密	密實	密实	mɐt2 ʃɐt2	mat6 sat6	密2，不稀疏
10871	二十五、形容詞/密	密密實實	密密实实	mɐt2 mɐt2 ʃɐt2 ʃɐt2	mat6 mat6 sat6 sat6	密3，不稀疏
10872	二十五、形容詞/鈍（刀～）	笨	笨	mɐn24	man5	鈍（刀～、針～）
10873	二十五、形容詞/鋒利（刀子～）	利	利	li22	li6	鋒利（刀子～）
10874	二十五、形容詞/清	清	清	tʃʰɛŋ55	ceng1	清（水～）
10875	二十五、形容詞/水很清	清硞硞	清硞硞	tʃʰɛŋ55 kʷʰɐk5 kʷʰɐk5	ceng1 kwak1 kwak1	水很清
10876	二十五、形容詞/濁	濁	浊	tʃʊk2	zuk6	濁
10877	二十五、形容詞/肥	肥	肥	fi21	fi4	肥1，指人或動物
10878	二十五、形容詞/肥	肥碌碌	肥碌碌	fi21 lʊk5 lʊk5	fi4 luk1 luk1	肥2
10879	二十五、形容詞/肥	肥腯腯	肥腯腯	fi21 tyt5 tyt5	fi4 dyut1 dyut1	肥3.1
10880	二十五、形容詞/肥	肥腯腯	肥腯腯	fi21 tɐt5 tɐt5	fi4 dat1 dat1	肥3.2
10881	二十五、形容詞/肥	肥屯屯	肥屯屯	fi21 tʰɐn21 tʰɐn21	fi4 tan4 tan4	肥4
10882	二十五、形容詞/肥	肥肭肭	肥肭肭	fi21 nɔt5 nɔt5	fi4 not1 not1	肥5
10883	二十五、形容詞/肥	肥臑臑	肥臑臑	fi21 nɔ55 nɔ55	fi4 no1 no1	肥6
10884	二十五、形容詞/肥	肥嘟嘟	肥嘟嘟	fi21 nu55 nu55	fi4 nu1 nu1	肥7，「嘟」從「都」聲，端組旁轉，俗字「努」
10885	二十五、形容詞/肥	肥剌剌	肥剌剌	fi21 lat2 lat2	fi4 laat6 laat6	肥8
10886	二十五、形容詞/肉乎乎	肉肭肭	肉肭肭	jʊk2 nɐt5 nɐt5	juk6 nat1 nat1	肉乎乎
10887	二十五、形容詞/瘦	瘦	瘦	ʃɐu33	sau3	瘦1，指人或動物
10888	二十五、形容詞/瘦	瘦蜢倀	瘦蜢伥	ʃɐu33 maŋ35 tʃʰaŋ35	sau3 maang2 caang2	瘦2，很瘦，修長
10889	二十五、形容詞/瘦	瘦蜢蜢	瘦蜢蜢	ʃɐu33 maŋ35 maŋ35	sau3 maang2 maang2	瘦3，很瘦，修長，也說「瘦瘦蜢蜢」
10890	二十五、形容詞/瘦	瘦蜢躿	瘦蜢躿	ʃɐu33 mɛŋ35 kʰɛŋ35	sau3 meng2 keng2	瘦4.1
10891	二十五、形容詞/瘦	瘦蜢躿	瘦蜢躿	ʃɐu33 mɐŋ55 kʰɐŋ55	sau3 mang1 kang1	瘦4.2
10892	二十五、形容詞/瘦	瘦嚜喀	瘦嚜喀	ʃɐu33 mɛk5 kʰɛk5	sau3 mek1 kek1	瘦5.1
10893	二十五、形容詞/瘦	瘦嚜喀	瘦嚜喀	ʃɐu33 mɐk5 kʰɐk5	sau3 mak1 kak1	瘦5.2
10894	二十五、形容詞/瘦	瘦登登	瘦登登	ʃɐu33 nɐŋ55 nɐŋ55	sau3 nang1 nang1	瘦6，瘦得可憐，「登」字端組旁轉
10895	二十五、形容詞/瘦	瘦寥寥	瘦寥寥	ʃɐu33 lɛu55 lɛu55	sau3 leu1 leu1	瘦7
10896	二十五、形容詞/瘦小	奀	奀	ŋɐn55	ngan1	瘦小1，當爲「伢身（小兒身）」的合音
10897	二十五、形容詞/瘦小	奀丁丁	奀丁丁	ŋɐn55 teŋ55 teŋ55	ngan1 ding1 ding1	瘦小2
10898	二十五、形容詞/瘦小	瘦丁丁	瘦丁丁	ʃɐu33 teŋ55 teŋ55	sau3 ding1 ding1	瘦小3
10899	二十五、形容詞/瘦小	疾	疾	tʃɐt2	zat6	瘦小4
10900	二十五、形容詞/瘦小	細隻	细只	ɬɐi33 tʃɛk3	slai3 zek3	瘦小5，小塊頭
10901	二十五、形容詞/瘦小	細粒	细粒	ɬɐi33 nɐp5	slai3 nap1	瘦小6，小塊頭
10902	二十五、形容詞/瘦	瘦	瘦	ʃɐu33	sau3	瘦，指肉
10903	二十五、形容詞/（人）壯實	大隻	大只	tai22 tʃɛk3	daai6 zek3	（人）壯實1，大塊頭
10904	二十五、形容詞/（人）壯實	大䊆	大䊆	tai22 kɐu22	daai6 gau6	（人）壯實2，大塊頭
10905	二十五、形容詞/（人）壯實	大餅	大饼	tai22 pɛŋ35	daai6 beng2	（人）壯實3，大塊頭
10906	二十五、形容詞/（植物子實）飽滿	納	纳	nap2	naap6	（植物子實）飽滿
10907	二十五、形容詞/嬰兒壯實，植物茁壯	䑋	䑋	nɔŋ55	nong1	嬰兒壯實，植物茁壯
10908	二十五、形容詞/小孩結實	實滴滴	实滴滴	ʃɐt2 tek5 tek5	sat6 dik1 dik1	小孩結實
10909	二十五、形容詞/特指嬰兒硬朗	硬撐	硬撑	ŋaŋ22 tʃʰaŋ33	ngaang6 caang3	特指嬰兒硬朗
10910	二十五、形容詞/整	成隻	成只	ʃeŋ21 tʃɛk3	sing4 zek3	整1.1（雞蛋吃～的）
10911	二十五、形容詞/整	成隻	成只	ʃɛŋ21 tʃɛk3	seng4 zek3	整1.2（雞蛋吃～的）
10912	二十五、形容詞/（物）大塊	大䊆	大䊆	tai22 kɐu22	daai6 gau6	（物）大塊
10913	二十五、形容詞/（物）小塊	細䊆	细䊆	ɬɐi33 kɐu22	slai3 gau6	（物）小塊
10914	二十五、形容詞/渾	周	周	tʃɐu55	zau1	渾（～身是汗）
10915	二十五、形容詞/渾身	周身	周身	tʃɐu55 ʃɐn55	zau1 san1	渾身
10916	二十五、形容詞/涼快	涼爽	凉爽	lœŋ21 ʃɔŋ35	loeng4 song2	涼快，指天氣
10917	二十五、形容詞/陰涼	陰涼	阴凉	jɐm55 lœŋ21	jam1 loeng4	陰涼1
10918	二十五、形容詞/陰涼	涼蔭蔭	凉荫荫	lœŋ21 jɐm33 jɐm33	loeng4 jam3 jam3	陰涼2
10919	二十五、形容詞/陰沉	陰澌澌	阴澌澌	jɐm55 ɬi55 ɬi55	jam1 sli1 sli1	陰沉，指天氣或人性格
10920	二十五、形容詞/悶熱	焗熱	焗热	kʊk2 jit2	guk6 jit6	悶熱1
10921	二十五、形容詞/悶熱	焗	焗	kʊk2	guk6	悶熱2
10922	二十五、形容詞/酷熱	㷫烚烚	㷫烚烚	heŋ33 hɐp2 hɐp2	hing3 hap6 hap6	酷熱1
10923	二十五、形容詞/酷熱	熱辣辣	热辣辣	jit2 lat2 lat2	jit6 laat6 laat6	酷熱2
10924	二十五、形容詞/酷熱	熱炦炦	热炦炦	jit2 pat2 pat2	jit6 baat6 baat6	酷熱3
10925	二十五、形容詞/熱	熱	热	jit2	jit6	熱，指天氣
10926	二十五、形容詞/熱	熱	热	jit2	jit6	熱1，指物
10927	二十五、形容詞/熱	焫	焫	nat3	naat3	熱2，指物
10928	二十五、形容詞/熱	熱辣辣	热辣辣	jit2 lat2 lat2	jit6 laat6 laat6	熱3，指物
10929	二十五、形容詞/熱	熱炦炦	热炦炦	jit2 pat2 pat2	jit6 baat6 baat6	熱4，指物
10930	二十五、形容詞/燙	熝	熝	lʊk5	luk1	燙1（～手）
10931	二十五、形容詞/燙	焫	焫	nat3	naat3	燙2（～手）
10932	二十五、形容詞/冷	冷	冷	laŋ24	laang5	冷1
10933	二十五、形容詞/冷	凍	冻	tʊŋ33	dung3	冷2
10934	二十五、形容詞/冷	冷颼颼	冷飕飕	laŋ24 ɬɐu55 ɬɐu55	laang5 slau1 slau1	冷3
10935	二十五、形容詞/冷	冷澌澌	冷澌澌	laŋ24 ɬi55 ɬi55	laang5 sli1 sli1	冷4，冷絲絲
10936	二十五、形容詞/冷	凍冰冰	冻冰冰	tʊŋ33 peŋ55 peŋ55	dung3 bing1 bing1	冷5
10937	二十五、形容詞/刺骨	刺	刺	tʃʰɛk3	cek3	刺骨1
10938	二十五、形容詞/刺骨	刺骨	刺骨	tʃʰɛk3 kʷɐt5	cek3 gwat1	刺骨2
10939	二十五、形容詞/刺眼	鑱眼	镵眼	tʃʰɛm21 ŋɛn24	cem4 ngen5	刺眼1.1
10940	二十五、形容詞/刺眼	鑱眼	镵眼	tʃʰam21 ŋɛn24	caam4 ngen5	刺眼1.2
10941	二十五、形容詞/暖	暖	暖	nyn24	nyun5	暖1
10942	二十五、形容詞/暖	暖粒粒	暖粒粒	nyn24 nɐp5 nɐp5	nyun5 nap1 nap1	暖2
10943	二十五、形容詞/暖	暖烚烚	暖烚烚	nyn24 hɐp2 hɐp2	nyun5 hap6 hap6	暖3
10944	二十五、形容詞/靜	靜	静	tʃeŋ22	zing6	靜1
10945	二十五、形容詞/靜	靜悄悄	静悄悄	tʃeŋ22 ɬiu55 ɬiu55	zing6 sliu1 sliu1	靜2.1
10946	二十五、形容詞/靜	靜悄悄	静悄悄	tʃeŋ22 tʃʰiu55 tʃʰiu55	zing6 ciu1 ciu1	靜2.2
10947	二十五、形容詞/靜	靜雞雞	静鸡鸡	tʃeŋ22 kɐi55 kɐi55	zing6 gai1 gai1	靜3
10948	二十五、形容詞/孤單	單丁	单丁	tan55 teŋ55	daan1 ding1	孤單1
10949	二十五、形容詞/孤單	孤零零	孤零零	ku55 leŋ55 leŋ55	gu1 ling1 ling1	孤單2
10950	二十五、形容詞/孤單	孤伶伶	孤伶伶	ku55 leŋ55 leŋ55	gu1 ling1 ling1	孤單2，同「孤零零」
10951	二十五、形容詞/孤單	孤零清	孤零清	ku55 leŋ55 tʃʰeŋ55	gu1 ling1 cing1	孤單3
10952	二十五、形容詞/孤單	孤伶清	孤伶清	ku55 leŋ55 tʃʰeŋ55	gu1 ling1 cing1	孤單3，同「孤零清」
10953	二十五、形容詞/嘈雜	嘈	嘈	tʃʰu21	cu4	嘈雜1
10954	二十五、形容詞/嘈雜	嘈喳喳	嘈喳喳	tʃʰu21 tʃa21 tʃa21	cu4 zaa4 zaa4	嘈雜2
10955	二十五、形容詞/嘈雜	嘈唅唅	嘈唅唅	tʃʰu21 hɐm21 hɐm21	cu4 ham4 ham4	嘈雜3
10956	二十五、形容詞/嘈雜	嘈唏巴閉	嘈唏巴闭	tʃʰu21 hi55 pa55 pɐi33	cu4 hi1 baa1 bai3	嘈雜4，「唏」實爲「喧」的音變
10957	二十五、形容詞/嘈雜	嘈燶哂	嘈㶶哂	tʃʰu21 nʊŋ55 ɬai33	cu4 nung1 slaai3	嘈雜5
10958	二十五、形容詞/形容氣勢大	唅唅聲	唅唅声	hɐm21 hɐm21 ʃɛŋ55	ham4 ham4 seng1	形容氣勢大1.1
10959	二十五、形容詞/形容氣勢大	唅唅聲	唅唅声	hɐm21 hɐm35 ʃɛŋ55	ham4 ham2 seng1	形容氣勢大1.2
10960	二十五、形容詞/形容風聲	呼呼聲	呼呼声	fu55 fu55 ʃɛŋ55	fu1 fu1 seng1	形容風聲1.1，或氣勢大、動作快
10961	二十五、形容詞/形容風聲	呼呼聲	呼呼声	fu21 fu35 ʃɛŋ55	fu4 fu2 seng1	形容風聲1.2，或氣勢大、動作快
10962	二十五、形容詞/背靜	背	背	pui22	bui6	背靜
10963	二十五、形容詞/熱鬧	熱鬧	热闹	jit2 nau22	jit6 naau6	熱鬧1
10964	二十五、形容詞/熱鬧	鬧熱	闹热	nau22 jit2	naau6 jit6	熱鬧2
10965	二十五、形容詞/熱鬧	滾㗾㗾	滚㗾㗾	kʷɐn35 hœ21 hœ21	gwan2 hoe4 hoe4	熱鬧3，熙熙攘攘，也比喻水、稀飯沸騰貌，也說「㗾㗾滾」
10966	二十五、形容詞/熱鬧	㗾㗾滾	㗾㗾滚	hœ21 hœ35 kʷɐn35	hoe4 hoe2 gwan2	熱鬧4，熙熙攘攘，也比喻水、稀飯沸騰貌，同「滾㗾㗾」
10967	二十五、形容詞/熱鬧	㗾㗾聲	㗾㗾声	hœ21 hœ35 ʃɛŋ55	hoe4 hoe2 seng1	熱鬧5，熙熙攘攘，也比喻水、稀飯沸騰貌
10968	二十五、形容詞/熱鬧	滾䠡䠡	滚䠡䠡	kʷɐn35 tʃɔ21 tʃɔ21	gwan2 zo4 zo4	熱鬧6，熙熙攘攘，也比喻水、稀飯沸騰貌
10969	二十五、形容詞/熱鬧	滾喳喳	滚喳喳	kʷɐn35 tʃa21 tʃa21	gwan2 zaa4 zaa4	熱鬧7，熙熙攘攘，也比喻水、稀飯沸騰貌，也說「喳喳滾」
10970	二十五、形容詞/熱鬧	喳喳滾	喳喳滚	tʃa21 tʃa21 kʷɐn35	zaa4 zaa4 gwan2	熱鬧8，熙熙攘攘，也比喻水、稀飯沸騰貌，同「滾喳喳」
10971	二十五、形容詞/活絡	冇穩陣	冇稳阵	mu24 wɐn35 tʃɐn22	mu5 wan2 zan6	活絡1，活動的，不穩固
10972	二十五、形容詞/活絡	迻迻逳逳	迻迻逳逳	ji55 ji55 jʊk5 jʊk5	ji1 ji1 juk1 juk1	活絡2，本字「支支觸觸」
10973	二十五、形容詞/活絡	逳來逳去	逳来逳去	jʊk5 lɐi21 jʊk5 hy33	juk1 lai4 juk1 hyu3	活絡3
10974	二十五、形容詞/活絡	逳	逳	jʊk5	juk1	活絡4，本字「觸」
10975	二十五、形容詞/穩當	穩陣	稳阵	wɐn35 tʃɐn22	wan2 zan6	穩當1
10976	二十五、形容詞/穩當	穩穩陣陣	稳稳阵阵	wɐn35 wɐn35 tʃɐn22 tʃɐn22	wan2 wan2 zan6 zan6	穩當2
10977	二十五、形容詞/牢固	穩陣	稳阵	wɐn35 tʃɐn22	wan2 zan6	牢固
10978	二十五、形容詞/結實	禁	禁	kʰɐm55	kam1	結實1，耐用
10979	二十五、形容詞/結實	夠堅	够坚	kɐu33 kin55	gau3 gin1	結實2
10980	二十五、形容詞/結實	硬撐	硬撑	ŋaŋ22 tʃʰaŋ33	ngaang6 caang3	結實3
10981	二十五、形容詞/耐用	禁使	禁使	kʰɐm55 ʃɐi35	kam1 sai2	耐用
10982	二十五、形容詞/有耐力	禁捱	禁挨	kʰɐm55 ŋai21	kam1 ngaai4	有耐力
10983	二十五、形容詞/不結實、不牢靠	化學	化学	fa33 hɔk2	faa3 hok6	（物）不結實；（人）做事不牢靠
10984	二十五、形容詞/緊	緊	紧	kɐn35	gan2	緊1，箍紧，捆得～
10985	二十五、形容詞/緊	緪	𬘵	kɐŋ55	gang1	緊2.1，（繩子）繃緊，繃[mɐŋ55]得～，繃得緊
10986	二十五、形容詞/緊	緪	𬘵	hɐŋ21	hang4	緊2.2，（繩子）繃緊，拉～阿條索，讀聲符「恆」
10987	二十五、形容詞/鬆	鬆	松	ɬʊŋ55	slung1	鬆，捆得～
10988	二十五、形容詞/繃	繃	绷	pɐŋ55	bang1	繃1.1
10989	二十五、形容詞/繃	繃	绷	mɐŋ55	mang1	繃1.2
10990	二十五、形容詞/地道	正宗	正宗	tʃeŋ33 tʃʊŋ55	zing3 zung1	地道1（～四川風味）
10991	二十五、形容詞/地道	正斗	正斗	tʃeŋ33 tɐu35	zing3 dau2	地道2
10992	二十五、形容詞/地道	正嘢	正嘢	tʃɛŋ33 jɛ24	zeng3 je5	地道3
10993	二十五、形容詞/不地道	流嘢	流嘢	lɐu21 jɛ24	lau4 je5	不地道，東西不正宗
10994	二十五、形容詞/破	爛	烂	lan22	laan6	破
10995	二十五、形容詞/破破爛爛	爛襲襲	烂袭袭	lan22 ɬɐp2 ɬɐp2	laan6 slap6 slap6	破破爛爛1.1
10996	二十五、形容詞/破破爛爛	爛襲襲	烂袭袭	lan22 ɬɛp2 ɬɛp2	laan6 slep6 slep6	破破爛爛1.2
10997	二十五、形容詞/破破爛爛	爛立立	烂立立	lan22 lɛp2 lɛp2	laan6 lep6 lep6	破破爛爛2，此處[lɛp2]當爲[ɬɛp2]的語流音變
10998	二十五、形容詞/破破爛爛	溶溶爛爛	溶溶烂烂	jʊŋ21 jʊŋ21 lan22 lan22	jung4 jung4 laan6 laan6	破破爛爛3
10999	二十五、形容詞/摔破	𢴬爛	𢴬烂	pan33 lan22	baan3 laan6	摔破
11000	二十五、形容詞/整齊	徛理	徛理	kʰi24 li24	ki5 li5	整齊1
11001	二十五、形容詞/整齊	整齊	整齐	tʃeŋ35 tʃʰɐi21	zing2 cai4	整齊2
11002	二十五、形容詞/整齊	齊整	齐整	tʃʰɐi21 tʃeŋ35	cai4 zing2	整齊3
11003	二十五、形容詞/整齊	歸一	归一	kʷɐi55 jɐt5	gwai1 jat1	整齊4
11004	二十五、形容詞/整齊	齊葺葺	齐葺葺	tʃʰɐi21 tʃʰɐp5 tʃʰɐp5	cai4 cap1 cap1	整齊5
11005	二十五、形容詞/零亂	立亂	立乱	lɐp2 lyn22	lap6 lyun6	零亂1
11006	二十五、形容詞/零亂	亂襲襲	乱袭袭	lyn22 ɬɐp2 ɬɐp2	lyun6 slap6 slap6	零亂2.1
11007	二十五、形容詞/零亂	亂襲襲	乱袭袭	lyn22 ɬɛp2 ɬɛp2	lyun6 slep6 slep6	零亂2.2
11008	二十五、形容詞/亂套	亂龍	乱龙	lyn35 lʊŋ21	lyun2 lung4	亂套
11009	二十五、形容詞/毛茸茸	毛層層	毛层层	mu21 ɬɐŋ21 ɬɐŋ21	mu4 slang4 slang4	毛茸茸
11010	二十五、形容詞/早（來得～）	早	早	tʃu35	zu2	早（來得～）
11011	二十五、形容詞/晚（來～了）	晏	晏	an33	aan3	晚1（來～了）
11012	二十五、形容詞/晚（來～了）	遲	迟	tʃʰi21	ci4	晚2（來～了）
11013	二十五、形容詞/晚（天色～）	夜	夜	jɛ22	je6	晚（天色～）
11014	二十五、形容詞/多	多	多	tɔ55	do1	多1
11015	二十五、形容詞/多	大把	大把	tai22 pa35	daai6 baa2	多2
11016	二十五、形容詞/多	多籮籮	多箩箩	tɔ55 lɔ21 lɔ21	do1 lo4 lo4	多3
11017	二十五、形容詞/少	少	少	ʃiu35	siu2	少
11018	二十五、形容詞/大	大	大	tai22	daai6	大1
11019	二十五、形容詞/大	大嘭嘭	大嘭嘭	tai22 paŋ21 paŋ21	daai6 baang4 baang4	大2
11020	二十五、形容詞/個頭大	大大碌	大大碌	tai22 tai22 lʊk5	daai6 daai6 luk1	個頭大1
11021	二十五、形容詞/個頭大	大大䊆	大大䊆	tai22 tai22 kɐu22	daai6 daai6 gau6	個頭大2
11022	二十五、形容詞/大塊	大粒	大粒	tai22 nɐp5	daai6 nap1	大塊；也比喻官兒大
11023	二十五、形容詞/年紀大	大個	大个	tai22 kɔ33	daai6 go3	年紀大
11024	二十五、形容詞/小	細	细	ɬɐi33	slai3	小1
11025	二十五、形容詞/小	細啲啲	细啲啲	ɬɐi33 ni55 ni55	slai3 ni1 ni1	小2，「啲[ti55]」字端組旁轉，俗字「呢」
11026	二十五、形容詞/小	細丁丁	细丁丁	ɬɐi33 neŋ55 neŋ55	slai3 ning1 ning1	小3，「丁」字端組旁轉
11027	二十五、形容詞/小	細滴滴	细滴滴	ɬɐi33 nek5 nek5	slai3 nik1 nik1	小4，「滴」字端組旁轉
11028	二十五、形容詞/小	細啲啲	细啲啲	ɬɐi33 nɛt5 nɛt5	slai3 net1 net1	小5，「啲[tit5]」字端組旁轉
11029	二十五、形容詞/小	滴息	滴息	tek5 ɬek5	dik1 slik1	小6，小巧
11030	二十五、形容詞/小塊	細粒	细粒	ɬɐi33 nɐp5	slai3 nap1	小塊
11031	二十五、形容詞/年紀小	細個	细个	ɬɐi33 kɔ33	slai3 go3	年紀小
11032	二十五、形容詞/長	長	长	tʃʰœŋ21	coeng4	長1
11033	二十五、形容詞/長	長丟丟	长丢丢	tʃʰœŋ21 nɛu21 nɛu21	coeng4 neu4 neu4	長2.1
11034	二十五、形容詞/長	長丟丟	长丢丢	tʃʰœŋ21 nau21 nau21	coeng4 naau4 naau4	長2.2，主元音低化，俗字「嫋/撓」
11035	二十五、形容詞/短	短	短	tyn35	dyun2	短1
11036	二十五、形容詞/短	短設設	短设设	tyn35 tʃʰɛt5 tʃʰɛt5	dyun2 cet1 cet1	短2
11037	二十五、形容詞/短	短律出	短律出	tyn35 lɛt5 tʃʰɛt5	dyun2 let1 cet1	短3
11038	二十五、形容詞/寬	闊	阔	fut3	fut3	寬1
11039	二十五、形容詞/寬	闊落	阔落	fut3 lɔk2	fut3 lok6	寬2
11040	二十五、形容詞/寬	闊嘭嘭	阔嘭嘭	fut3 paŋ21 paŋ21	fut3 baang4 baang4	寬3
11041	二十五、形容詞/寬	闊啦啦	阔啦啦	fut3 la21 la21	fut3 laa4 laa4	寬4
11042	二十五、形容詞/窄	窄	窄	tʃak3	zaak3	窄1
11043	二十五、形容詞/窄	窄啲啲	窄啲啲	tʃak3 nɛt5 nɛt5	zaak3 net1 net1	窄2
11044	二十五、形容詞/厚	厚	厚	hɐu24	hau5	厚1
11045	二十五、形容詞/厚	厚突突	厚突突	hɐu24 tɐt2 tɐt2	hau5 dat6 dat6	厚2
11046	二十五、形容詞/薄	薄	薄	pɔk2	bok6	薄1
11047	二十五、形容詞/薄	薄律出	薄律出	pɔk2 lɛt5 tʃʰɛt5	bok6 let1 cet1	薄2
11048	二十五、形容詞/薄	薄噼噼	薄噼噼	pɔk2 pʰɛt5 pʰɛt5	bok6 pet1 pet1	薄3.1
11049	二十五、形容詞/薄	薄噼噼	薄噼噼	pɔk2 pʰɛt2 pʰɛt2	bok6 pet6 pet6	薄3.2
11050	二十五、形容詞/薄	薄寥寥	薄寥寥	pɔk2 lɛu55 lɛu55	bok6 leu1 leu1	薄4
11051	二十五、形容詞/深	深	深	ʃɐm55	sam1	深1
11052	二十五、形容詞/深	深黚黚	深黚黚	ʃɐm55 kɐm21 kɐm21	sam1 gam4 gam4	深2
11053	二十五、形容詞/淺	淺	浅	tʃʰin35	cin2	淺1
11054	二十五、形容詞/淺	淺癟癟	浅瘪瘪	tʃʰin35 pɛt2 pɛt2	cin2 bet6 bet6	淺2
11055	二十五、形容詞/淺	淺啲啲	浅啲啲	tʃʰin35 nɛt5 nɛt5	cin2 net1 net1	淺3
11056	二十五、形容詞/淺	淺噼列	浅噼列	tʃʰin35 pʰɛt2 lɛt2	cin2 pet6 let6	淺4
11057	二十五、形容詞/高	高	高	ku55	gu1	高1
11058	二十五、形容詞/高	高哐哐	高哐哐	ku55 kʷʰɐŋ21 kʷʰɐŋ21	gu1 kwang4 kwang4	高2.1
11059	二十五、形容詞/高	高哐哐	高哐哐	ku55 kʷʰaŋ21 kʷʰaŋ21	gu1 kwaang4 kwaang4	高2.2
11060	二十五、形容詞/高	高啷哐	高啷哐	ku55 lɐŋ21 kʷʰɐŋ21	gu1 lang4 kwang4	高3.1
11061	二十五、形容詞/高	高啷哐	高啷哐	ku55 laŋ21 kʷʰaŋ21	gu1 laang4 kwaang4	高3.2
11062	二十五、形容詞/高	高層層	高层层	ku55 ɬɐŋ21 ɬɐŋ21	gu1 slang4 slang4	高4
11063	二十五、形容詞/高	高丟丟	高丢丢	ku55 nɛu21 nɛu21	gu1 neu4 neu4	高5，高得瘦而單薄
11064	二十五、形容詞/高	高撐撐	高撑撑	ku55 tʃʰaŋ33 tʃʰaŋ33	gu1 caang3 caang3	高6
11065	二十五、形容詞/高個子	高佬	高佬	ku55 lu35	gu1 lu2	高個子
11066	二十五、形容詞/低	低	低	tɐi55	dai1	低
11067	二十五、形容詞/矮	矮	矮	ɐi35	ai2	矮1.1
11068	二十五、形容詞/矮	矮	矮	ɐi55	ai1	矮1.2
11069	二十五、形容詞/矮	矮啲啲	矮啲啲	ɐi35 nɛt5 nɛt5	ai2 net1 net1	矮2
11070	二十五、形容詞/矮	矮癟癟	矮瘪瘪	ɐi35 pɛt2 pɛt2	ai2 bet6 bet6	矮3
11071	二十五、形容詞/矮	矮黕黕	矮黕黕	ɐi35 tɐm35 tɐm35	ai2 dam2 dam2	矮4
11072	二十五、形容詞/矮	矮突突	矮突突	ɐi35 tɐt2 tɐt2	ai2 dat6 dat6	矮5.1
11073	二十五、形容詞/矮	矮突突	矮突突	ɐi35 tɛt2 tɛt2	ai2 det6 det6	矮5.2
11074	二十五、形容詞/矮子	矮崽	矮崽	ɐi35 tʃɐi35	ai2 zai2	矮子
11075	二十五、形容詞/矮子	矮仔	矮仔	ɐi35 tʃɐi35	ai2 zai2	矮子，同「矮崽」
11076	二十五、形容詞/正	正	正	tʃeŋ33	zing3	正1.1
11077	二十五、形容詞/正	正	正	tʃɛŋ33	zeng3	正1.2
11078	二十五、形容詞/歪	佊	佊	mɛ35	me2	歪1，俗字「乜」
11079	二十五、形容詞/歪	佊撐撐	佊撑撑	mɛ35 tʃʰaŋ33 tʃʰaŋ33	me2 caang3 caang3	歪2
11080	二十五、形容詞/歪	側	侧	tʃɐk5	zak1	歪3（帽子戴～了）
11081	二十五、形容詞/斜	佊	佊	mɛ35	me2	斜，俗字「乜」
11082	二十五、形容詞/陡	笡	笡	tʃʰɛ33	ce3	陡1
11083	二十五、形容詞/陡	坽	坽	leŋ33	ling3	陡2，源自「嶺」，阪也
11084	二十五、形容詞/凸	凸	凸	tɐt2	dat6	凸
11085	二十五、形容詞/凹	凹	凹	mɐp5	map1	凹
11086	二十五、形容詞/禿	倔	倔	kʷɐt2	gwat6	禿1，本字「屈」
11087	二十五、形容詞/禿	倔律出	倔律出	kʷɐt2 lœt5 tʃʰœt5	gwat6 loet1 coet1	禿2，禿貌
11088	二十五、形容詞/禿	光脫脫	光脱脱	kɔŋ55 tʰyt5 tʰyt5	gong1 tyut1 tyut1	禿3，禿貌
11089	二十五、形容詞/皺	皺	皱	tʃɐu33	zau3	皺1.1
11090	二十五、形容詞/皺	皺	皱	jɐu33	jau3	皺1.2
11091	二十五、形容詞/皺	勦	勦	tʃʰau21	caau4	皺2
11092	二十五、形容詞/皺巴巴	皺巴渣	皱巴渣	tʃɐu33 pa55 tʃa55	zau3 baa1 zaa1	皺巴巴1
11093	二十五、形容詞/皺巴巴	皺癟癟	皱瘪瘪	tʃɐu33 pɛt2 pɛt2	zau3 bet6 bet6	皺巴巴2.1
11094	二十五、形容詞/皺巴巴	皺癟癟	皱瘪瘪	jɐu33 pɛt2 pɛt2	jau3 bet6 bet6	皺巴巴2.2
11095	二十五、形容詞/皺皮	勦皮	勦皮	tʃʰau21 pʰi21	caau4 pi4	皺皮
11096	二十五、形容詞/乾	乾	干	kɔn55	gon1	乾1，乾燥
11097	二十五、形容詞/乾	乾繃繃	干绷绷	kɔn55 mɐŋ55 mɐŋ55	gon1 mang1 mang1	乾2，乾燥
11098	二十五、形容詞/乾	乾翹翹	干翘翘	kɔn55 kʰɛu55 kʰɛu55	gon1 keu1 keu1	乾3，乾燥
11099	二十五、形容詞/乾	乾擘擘	干擘擘	kɔn55 mak3 mak3	gon1 maak3 maak3	乾4，乾燥
11100	二十五、形容詞/涸	涸	涸	kʰɔk3	kok3	涸，特指喉嚨乾
11101	二十五、形容詞/乾爽	乾爽	干爽	kɔn55 ʃɔŋ35	gon1 song2	乾爽
11102	二十五、形容詞/枯萎	𣩢	𣩢	lɛu33	leu3	枯萎1
11103	二十五、形容詞/枯萎	勦	勦	tʃʰau21	caau4	枯萎2
11104	二十五、形容詞/溼	溼	湿	ʃɐp5	sap1	溼1
11105	二十五、形容詞/溼	溼癟癟	湿瘪瘪	ʃɐp5 pɛt2 pɛt2	sap1 bet6 bet6	溼2，溼貌
11106	二十五、形容詞/溼	溼立立	湿立立	ʃɐp5 lɐp2 lɐp2	sap1 lap6 lap6	溼3.1
11107	二十五、形容詞/溼	溼立立	湿立立	ʃɐp5 lɛp2 lɛp2	sap1 lep6 lep6	溼3.2
11108	二十五、形容詞/溼	溼癟列	湿瘪列	ʃɐp5 pɛt2 lɛt2	sap1 bet6 let6	溼4，「癟列」源自元代的「不剌（語尾助詞）」
11109	二十五、形容詞/溼	溼襲襲	湿袭袭	ʃɐp5 ɬɐp2 ɬɐp2	sap1 slap6 slap6	溼5.1，溼淋淋
11110	二十五、形容詞/溼	溼襲襲	湿袭袭	ʃɐp5 ɬɛp2 ɬɛp2	sap1 slep6 slep6	溼5.2，溼淋淋
11111	二十五、形容詞/潮	溼	湿	ʃɐp5	sap1	潮1
11112	二十五、形容詞/潮	潤	润	jɐn22	jan6	潮2.1
11113	二十五、形容詞/潮	潤	润	jyn22	jyun6	潮2.2
11114	二十五、形容詞/潮	𣲷	𣲷	nɐp2	nap6	潮3
11115	二十五、形容詞/陰暗潮溼	浥汁	浥汁	ɐp5 tʃɐp5	ap1 zap1	陰暗潮溼
11116	二十五、形容詞/處所狹窄侷促	屈窒	屈窒	wɐt5 tʃɐt5	wat1 zat1	處所狹窄侷促
11117	二十五、形容詞/圓	圓	圆	jyn21	jyun4	圓1
11118	二十五、形容詞/圓	圓螺螺	圆螺螺	jyn21 lɔ55 lɔ55	jyun4 lo1 lo1	圓2
11119	二十五、形容詞/圓	圓陀螺	圆陀螺	jyn21 tʰɔ55 lɔ55	jyun4 to1 lo1	圓3
11120	二十五、形容詞/圓	圓𧽼陀	圆𧽼陀	jyn21 tɐm21 tœ21	jyun4 dam4 doe4	圓4
11121	二十五、形容詞/圓	圓𧽼𧽼	圆𧽼𧽼	jyn21 tɐm21 tɐm21	jyun4 dam4 dam4	圓5
11122	二十五、形容詞/圓	圓碌碌	圆碌碌	jyn21 lʊk5 lʊk5	jyun4 luk1 luk1	圓6
11123	二十五、形容詞/方	方	方	fɔŋ55	fong1	方1
11124	二十五、形容詞/方	方喀嘞	方喀嘞	fɔŋ55 kʰak3 lak3	fong1 kaak3 laak3	方2，「喀嘞」源自「廓落」，「廓落」實爲「廓」的分音
11125	二十五、形容詞/方	方廓嘞	方廓嘞	fɔŋ55 kʷʰak3 lak3	fong1 kwaak3 laak3	方3，「廓嘞」源自「廓落」，「廓落」實爲「廓」的分音
11126	二十五、形容詞/扁	扁	扁	pɛn35	ben2	扁1
11127	二十五、形容詞/扁	扁叭啦	扁叭啦	pɛn35 pʰa21 la21	ben2 paa4 laa4	扁2
11128	二十五、形容詞/扁	扁跋剌	扁跋剌	pɛn35 pʰat2 lat2	ben2 paat6 laat6	扁3，「跋剌」實爲「跋」的分音
11129	二十五、形容詞/扁	扁叭啦	扁叭啦	pɛn35 pʰɛ21 lɛ21	ben2 pe4 le4	扁4
11130	二十五、形容詞/直	直	直	tʃek2	zik6	直
11131	二十五、形容詞/彎	閜	閜	kʰɔ21	ko4	彎1，或與「跪（曲膝）」同源，跪上古音[*kʰʳolʔ/gʳolʔ]
11132	二十五、形容詞/彎	閜寥翹	閜寥翘	kʰɔ21 lɛu55 kʰɛu55	ko4 leu1 keu1	彎2，彎彎曲曲，「寥翹」源自「料峭/嶚峭」
11133	二十五、形容詞/彎	曲	曲	kʰʊk5	kuk1	彎3，彎曲、曲折（這條路是～的）
11134	二十五、形容詞/彎	攣	挛	lyn55	lyun1	彎4，彎曲、捲曲，形容頭髮捲曲
11135	二十五、形容詞/滑	滑	滑	wɛt2	wet6	滑1，光滑
11136	二十五、形容詞/滑	滑捋捋	滑捋捋	wɛt2 lyt5 lyt5	wet6 lyut1 lyut1	滑2，光滑、滑溜溜
11137	二十五、形容詞/滑	滑溜	滑溜	wɛt2 lɐu22	wet6 lau6	滑3，光滑
11138	二十五、形容詞/滑	光滑	光滑	kɔŋ55 wɛt2	gong1 wet6	滑4，光滑
11139	二十五、形容詞/滑	浮滑	浮滑	fɐu21 wɛt2	fau4 wet6	滑5，形容物或人，形容人時指輕浮油滑
11140	二十五、形容詞/平	平	平	pʰeŋ21	ping4	平
11141	二十五、形容詞/鋸齒形、犬齒形	狗牙	狗牙	kɐu35 ŋa21	gau2 ngaa4	（邊緣）鋸齒形、犬齒形，喻稱
11142	二十五、形容詞/鋸齒邊、犬齒邊	狗牙邊	狗牙边	kɐu35 ŋa21 pin55	gau2 ngaa4 bin1	鋸齒邊、犬齒邊，喻稱
11143	二十五、形容詞/崎嶇	犖確	荦确	lɐk5 kʰɐk5	lak1 kak1	（道路）崎嶇不平、凹凸不平，也比喻說話結巴
11144	二十五、形容詞/細膩（人）	細緻	细致	ɬɐi33 tʃi33	slai3 zi3	細膩（人）
11145	二十五、形容詞/過於計較	知微	知微	tʃi55 mi55	zi1 mi1	過於計較，貶義
11146	二十五、形容詞/細	幼	幼	jɐu33	jau3	細1
11147	二十五、形容詞/細	綿	绵	min21	min4	細2，本字「𥾝」
11148	二十五、形容詞/細膩（粉）	幼滑	幼滑	jɐu33 wɛt2	jau3 wet6	細膩1（粉）
11149	二十五、形容詞/細膩（粉）	幼細	幼细	jɐu33 ɬɐi33	jau3 slai3	細膩2（粉）
11150	二十五、形容詞/粗（物）	粗	粗	tʃʰu55	cu1	粗（物）
11151	二十五、形容詞/粗糙	諧	谐	hai21	haai4	粗糙1，避諱「糙/躁（暴躁）」，俗字「嚡」
11152	二十五、形容詞/粗糙	諧襲襲	谐袭袭	hai21 ɬɐp2 ɬɐp2	haai4 slap6 slap6	粗糙2.1
11153	二十五、形容詞/粗糙	諧襲襲	谐袭袭	hai21 ɬɛp2 ɬɛp2	haai4 slep6 slep6	粗糙2.2
11154	二十五、形容詞/粗糙	粗軋軋	粗轧轧	tʃʰu55 jat3 jat3	cu1 jaat3 jaat3	粗糙3
11155	二十五、形容詞/粗糙	軋	轧	jat3	jaat3	粗糙4
11156	二十五、形容詞/粗心	粗	粗	tʃʰu55	cu1	粗心1
11157	二十五、形容詞/粗心	大咧咧	大咧咧	tai22 lɛ55 lɛ55	daai6 le1 le1	粗心2，源自「大剌剌」
11158	二十五、形容詞/生	生	生	ʃaŋ55	saang1	生1
11159	二十五、形容詞/生	生撓撓	生挠挠	ʃaŋ55 ŋau55 ŋau55	saang1 ngaau1 ngaau1	生2，（人、瓜果）生，「撓撓」當源自「咬咬」，鳥鳴聲
11160	二十五、形容詞/生猛	生猛	生猛	ʃaŋ55 maŋ24	saang1 maang5	生猛
11161	二十五、形容詞/懂事	生性	生性	ʃaŋ55 ɬeŋ33	saang1 sling3	懂得人情世故，會處世
11162	二十五、形容詞/生面孔	生面	生面	ʃaŋ55 min22	saang1 min6	生面孔1
11163	二十五、形容詞/生面孔	生口生面	生口生面	ʃaŋ55 hɐu35 ʃaŋ55 min22	saang1 hau2 saang1 min6	生面孔2
11164	二十五、形容詞/新手	生手	生手	ʃaŋ55 ʃɐu35	saang1 sau2	新手
11165	二十五、形容詞/陌生	好生	好生	hu35 ʃaŋ55	hu2 saang1	陌生（這個地方我很～）
11166	二十五、形容詞/熟	熟	熟	ʃʊk2	suk6	熟
11167	二十五、形容詞/熟練	熟手	熟手	ʃʊk2 ʃɐu35	suk6 sau2	熟練
11168	二十五、形容詞/擅長做	熟做	熟做	ʃʊk2 tʃu33	suk6 zu3	擅長做
11169	二十五、形容詞/會游泳	熟水	熟水	ʃʊk2 ʃui35	suk6 sui2	會游泳
11170	二十五、形容詞/認識路	熟路	熟路	ʃʊk2 lu22	suk6 lu6	認識路
11171	二十五、形容詞/面熟	熟口熟面	熟口熟面	ʃʊk2 hɐu35 ʃʊk2 min22	suk6 hau2 suk6 min6	面熟
11172	二十五、形容詞/熟悉	熟悉	熟悉	ʃʊk2 ɬɐt5	suk6 slat1	熟悉1（阿隻地方我好～）
11173	二十五、形容詞/熟悉	熟識	熟识	ʃʊk2 ʃek5	suk6 sik1	熟悉2（阿隻地方我好～）
11174	二十五、形容詞/熟悉	慣熟	惯熟	kʷɛn33 ʃʊk2	gwen3 suk6	熟悉3（原來啲萬國啲員工比較～啲，我哋耐耐出來飲茶）
11175	二十五、形容詞/紅	紅	红	hʊŋ21	hung4	紅
11176	二十五、形容詞/朱紅	大紅	大红	tai22 hʊŋ21	daai6 hung4	朱紅
11177	二十五、形容詞/粉紅	粉紅	粉红	fɐn35 hʊŋ21	fan2 hung4	粉紅
11178	二十五、形容詞/紅咪咪	紅咪咪	红咪咪	hʊŋ21 mi55 mi55	hung4 mi1 mi1	紅咪咪
11179	二十五、形容詞/紅咪咪，雞蛋皮	紅咪咪，雞蛋皮	红咪咪，鸡蛋皮	hʊŋ21 mi55 mi55，kɐi55 tan22 pʰi21	hung4 mi1 mi1，gai1 daan6 pi4	紅咪咪，雞蛋皮
11180	二十五、形容詞/（面色）紅潤	紅艴艴	红艴艴	hʊŋ21 fɛt5 fɛt5	hung4 fet1 fet1	（面色）紅潤
11181	二十五、形容詞/深紅	深紅	深红	ʃɐm55 hʊŋ21	sam1 hung4	深紅1
11182	二十五、形容詞/深紅	暗紅	暗红	ɐm33 hʊŋ21	am3 hung4	深紅2
11183	二十五、形容詞/深紅	紅訇訇	红訇訇	hʊŋ21 kʷɐŋ21 kʷɐŋ21	hung4 gwang4 gwang4	深紅3
11184	二十五、形容詞/深紅	紅豔豔	红艳艳	hʊŋ21 jɛm55 jɛm55	hung4 jem1 jem1	深紅4.1，紅豔豔
11185	二十五、形容詞/深紅	紅豔豔	红艳艳	hʊŋ21 jɛm21 jɛm21	hung4 jem4 jem4	深紅4.2，紅豔豔
11186	二十五、形容詞/深紅	紅彤彤	红彤彤	hʊŋ21 tʰʊŋ55 tʰʊŋ55	hung4 tung1 tung1	深紅5，又作「紅通通」
11187	二十五、形容詞/深紅	紅通通	红通通	hʊŋ21 tʰʊŋ55 tʰʊŋ55	hung4 tung1 tung1	深紅5，同「紅彤彤」
11188	二十五、形容詞/血紅	紅丁丁	红丁丁	hʊŋ21 teŋ55 teŋ55	hung4 ding1 ding1	血紅
11189	二十五、形容詞/玫瑰紅	玫瑰紅	玫瑰红	mui21 kʷɐi33 hʊŋ21	mui4 gwai3 hung4	玫瑰紅
11190	二十五、形容詞/淺紅	淺紅	浅红	tʃʰin35 hʊŋ21	cin2 hung4	淺紅
11191	二十五、形容詞/特指臉紅	紅粉緋花	红粉绯花	hʊŋ21 fɐn35 fi55 fa55	hung4 fan2 fi1 faa1	特指臉紅
11192	二十五、形容詞/藍	藍	蓝	lam21	laam4	藍
11193	二十五、形容詞/淺藍	淺藍	浅蓝	tʃʰin35 lam21	cin2 laam4	淺藍
11194	二十五、形容詞/深藍	藍黚黚	蓝黚黚	lam21 kʰɐm21 kʰɐm21	laam4 kam4 kam4	深藍
11195	二十五、形容詞/天藍	天藍	天蓝	tʰin55 lam21	tin1 laam4	天藍
11196	二十五、形容詞/綠	綠	绿	lʊk2	luk6	綠
11197	二十五、形容詞/深綠	墨綠	墨绿	mɐk2 lʊk2	mak6 luk6	深綠1
11198	二十五、形容詞/深綠	綠嗷嗷	绿嗷嗷	lʊk2 ŋau33 ŋau33	luk6 ngaau3 ngaau3	深綠2.1
11199	二十五、形容詞/深綠	綠嗷嗷	绿嗷嗷	lʊk2 ŋau21 ŋau21	luk6 ngaau4 ngaau4	深綠2.2
11200	二十五、形容詞/蔥心兒綠	翠綠	翠绿	tʃʰui33 lʊk2	cui3 luk6	蔥心兒綠
11201	二十五、形容詞/草綠	草綠	草绿	tʃʰu35 lʊk2	cu2 luk6	草綠
11202	二十五、形容詞/淺綠	淺綠	浅绿	tʃʰin35 lʊk2	cin2 luk6	淺綠
11203	二十五、形容詞/白	白	白	pak2	baak6	白
11204	二十五、形容詞/灰白	灰白	灰白	fui55 pak2	fui1 baak6	灰白
11205	二十五、形容詞/月白	月白	月白	jyt2 pak2	jyut6 baak6	月白
11206	二十五、形容詞/蒼白	白煞煞	白煞煞	pak2 ʃai24 ʃai24	baak6 saai5 saai5	蒼白
11207	二十五、形容詞/慘白	白實實	白实实	pak2 ʃɐt2 ʃɐt2	baak6 sat6 sat6	慘白1.1
11208	二十五、形容詞/慘白	白實實	白实实	pak2 ʃɛt2 ʃɛt2	baak6 set6 set6	慘白1.2
11209	二十五、形容詞/雪白	白截截	白截截	pak2 tʃɛt2 tʃɛt2	baak6 zet6 zet6	慘白2
11210	二十五、形容詞/雪白	白雪雪	白雪雪	pak2 ɬyt5 ɬyt5	baak6 slyut1 slyut1	雪白1
11211	二十五、形容詞/雪白	白襲襲	白袭袭	pak2 ɬɐp2 ɬɐp2	baak6 slap6 slap6	雪白2.1
11212	二十五、形容詞/雪白	白襲襲	白袭袭	pak2 ɬɛp2 ɬɛp2	baak6 slep6 slep6	雪白2.2
11213	二十五、形容詞/雪白	白蓬蓬	白蓬蓬	pak2 pʰʊŋ55 pʰʊŋ55	baak6 pung1 pung1	雪白3
11214	二十五、形容詞/雪白	白簇簇	白簇簇	pak2 ɬʊk5 ɬʊk5	baak6 sluk1 sluk1	雪白4，讀同心母的「簌」
11215	二十五、形容詞/白皙	白淨	白净	pak2 tʃɛŋ22	baak6 zeng6	白皙，形容皮膚，褒義
11216	二十五、形容詞/灰	灰	灰	fui55	fui1	灰
11217	二十五、形容詞/深灰	深灰	深灰	ʃɐm55 fui55	sam1 fui1	深灰1
11218	二十五、形容詞/深灰	暗灰	暗灰	ɐm33 fui55	am3 fui1	深灰2
11219	二十五、形容詞/淺灰	淺灰	浅灰	tʃʰin35 fui55	cin2 fui1	淺灰
11220	二十五、形容詞/銀灰	銀灰	银灰	ŋɐn21 fui55	ngan4 fui1	銀灰
11221	二十五、形容詞/黃	黃	黄	wɔŋ21	wong4	黃
11222	二十五、形容詞/杏黃	黃𦅇𦅇	黄𫄪𫄪	wɔŋ21 ʃɔŋ33 ʃɔŋ33	wong4 song3 song3	杏黃1
11223	二十五、形容詞/杏黃	黃鋥鋥	黄锃锃	wɔŋ21 ʃaŋ33 ʃaŋ33	wong4 saang3 saang3	杏黃2
11224	二十五、形容詞/深黃	暗黃	暗黄	ɐm33 wɔŋ21	am3 wong4	深黃1
11225	二十五、形容詞/深黃	黃黚黚	黄黚黚	wɔŋ21 kʰɐm21 kʰɐm21	wong4 kam4 kam4	深黃2.1
11226	二十五、形容詞/深黃	黃黚黚	黄黚黚	wɔŋ21 kɐm21 kɐm21	wong4 gam4 gam4	深黃2.2，暗黃色
11227	二十五、形容詞/深黃	黃黚黚	黄黚黚	wɔŋ21 kɛm21 kɛm21	wong4 gem4 gem4	深黃2.3，中黃色
11228	二十五、形容詞/淺黃	淺黃	浅黄	tʃʰin35 wɔŋ21	cin2 wong4	淺黃1
11229	二十五、形容詞/淺黃	黃𦅇𦅇	黄𫄪𫄪	wɔŋ21 ʃɔŋ33 ʃɔŋ33	wong4 song3 song3	淺黃2
11230	二十五、形容詞/淺黃	黃鋥鋥	黄锃锃	wɔŋ21 ʃaŋ33 ʃaŋ33	wong4 saang3 saang3	淺黃3
11231	二十五、形容詞/青	青	青	tʃʰɛŋ55	ceng1	青1
11232	二十五、形容詞/青	青啤啤	青啤啤	tʃʰɛŋ55 pi55 pi55	ceng1 bi1 bi1	青2，指臉蒼白或瓜果未熟時的青貌
11233	二十五、形容詞/青	青嗷嗷	青嗷嗷	tʃʰɛŋ55 ŋau33 ŋau33	ceng1 ngaau3 ngaau3	青3，瓜果未熟
11234	二十五、形容詞/鴨蛋青	蛋青色	蛋青色	tan22 tʃʰɛŋ55 ʃek5	daan6 ceng1 sik1	鴨蛋青
11235	二十五、形容詞/紫	紫色	紫色	tʃi35 ʃek5	zi2 sik1	紫1.1
11236	二十五、形容詞/紫	紫色	紫色	tsɿ35 ʃek5	zy2 sik1	紫1.2
11237	二十五、形容詞/紫	茄瓜色	茄瓜色	kʰɛ21 kʷa55 ʃek5	ke4 gwaa1 sik1	紫2
11238	二十五、形容詞/深紫	黝	黝	ɐu35	au2	深紫1
11239	二十五、形容詞/深紫	黝黑黝黑	黝黑黝黑	ɐu35 hɐk5 ɐu35 hɐk5	au2 hak1 au2 hak1	深紫2
11240	二十五、形容詞/玫瑰紫	玫瑰色	玫瑰色	mui21 kʷɐi33 ʃek5	mui4 gwai3 sik1	玫瑰紫
11241	二十五、形容詞/藕荷（色）	藕色	藕色	ŋɐu24 ʃek5	ngau5 sik1	藕荷（色）
11242	二十五、形容詞/肉色	肉色	肉色	jʊk2 ʃek5	juk6 sik1	肉色1
11243	二十五、形容詞/肉色	蝦肉色	虾肉色	ha55 jʊk2 ʃek5	haa1 juk6 sik1	肉色2
11244	二十五、形容詞/棕色	豬肝色	猪肝色	tʃy55 kɔn55 ʃek5	zyu1 gon1 sik1	棕色
11245	二十五、形容詞/黑	黑	黑	hɐk5	hak1	黑1
11246	二十五、形容詞/黑	暗	暗	ɐm33	am3	黑2
11247	二十五、形容詞/黑	黑嘛嘛	黑嘛嘛	hɐk5 ma55 ma55	hak1 maa1 maa1	黑3，「嘛」源自「𪒜」
11248	二十五、形容詞/黑	黑塌塌	黑塌塌	hɐk5 tʰat3 tʰat3	hak1 taat3 taat3	黑4，形容臉色陰沉，「塌」連讀受後字逆同化
11249	二十五、形容詞/花裏胡哨	花哩花碌	花哩花碌	fa55 li55 fa55 lʊk5	faa1 li1 faa1 luk1	花裏胡哨1，色彩雜駁貌
11250	二十五、形容詞/花裏胡哨	花碌碌	花碌碌	fa55 lʊk5 lʊk5	faa1 luk1 luk1	花裏胡哨2，色彩雜駁貌
11251	二十五、形容詞/花裏胡哨	花哩碌碌	花哩碌碌	fa55 li55 lʊk5 lʊk5	faa1 li1 luk1 luk1	花裏胡哨3，色彩雜駁貌
11252	二十五、形容詞/模糊	瞢	瞢	mʊŋ21	mung4	模糊1
11253	二十五、形容詞/模糊	瞢查查	瞢查查	mʊŋ21 ɬa21 ɬa21	mung4 slaa4 slaa4	模糊2
11254	二十五、形容詞/模糊	瞢查查	瞢查查	mʊŋ21 tʃʰa21 tʃʰa21	mung4 caa4 caa4	模糊3
11255	二十五、形容詞/亮	光	光	kɔŋ55	gong1	亮1
11256	二十五、形容詞/亮	光鋥鋥	光锃锃	kɔŋ55 tʃʰaŋ33 tʃʰaŋ33	gong1 caang3 caang3	亮2
11257	二十五、形容詞/鋥亮	光鋥鋥	光锃锃	kɔŋ55 ʃaŋ33 ʃaŋ33	gong1 saang3 saang3	鋥亮1
11258	二十五、形容詞/鋥亮	炩噻噻	炩噻噻	leŋ33 ɬak2 ɬak2	ling3 slaak6 slaak6	鋥亮2
11259	二十五、形容詞/過	過火	过火	kɔ33 fɔ35	go3 fo2	過1，青菜煮過
11260	二十五、形容詞/過	熟過頭	熟过头	ʃʊk2 kɔ33 tʰɐu21	suk6 go3 tau4	過2
11261	二十五、形容詞/過火	過火	过火	kɔ33 fɔ35	go3 fo2	過火，肉、菜煮過
11262	二十五、形容詞/過頭	過頭	过头	kɔ33 tʰɐu21	go3 tau4	過頭1
11263	二十五、形容詞/過頭	過龍	过龙	kɔ33 lʊŋ21	go3 lung4	過頭2
11264	二十五、形容詞/過頭	過坳	过坳	kɔ33 au33	go3 aau3	過頭3
11265	二十五、形容詞/過頭	得滯	得滞	tɐk5 tʃɐi22	dak1 zai6	過頭4
11266	二十五、形容詞/過時	過氣	过气	kɔ33 hi33	go3 hi3	過時1
11267	二十五、形容詞/過時	過漏	过漏	kɔ33 lau33	go3 laau3	過時2，錯過時機；虛度時日；案，此處「漏」讀如二等
11268	二十五、形容詞/過時	過坳	过坳	kɔ33 au33	go3 aau3	過時3
11269	二十五、形容詞/變質	過性	过性	kɔ33 ɬeŋ33	go3 sling3	變質
11270	二十五、形容詞/舒服	舒服	舒服	ʃy55 fʊk2	syu1 fuk6	舒服1，指身體
11271	二十五、形容詞/舒服	鬆	松	ɬʊŋ55	slung1	舒服2
11272	二十五、形容詞/舒服	舒服	舒服	ʃy55 fʊk2	syu1 fuk6	舒服1，指心情
11273	二十五、形容詞/舒服	爽	爽	ʃɔŋ35	song2	舒服2
11274	二十五、形容詞/舒服	好爽	好爽	hu35 ʃɔŋ35	hu2 song2	舒服3
11275	二十五、形容詞/舒暢	心爽	心爽	ɬɐm55 ʃɔŋ35	slam1 song2	舒暢
11276	二十五、形容詞/難受（指身體）	難住	难住	nan21 tʃy22	naan4 zyu6	難受1，指身體
11277	二十五、形容詞/難受（指身體）	難受	难受	nan21 ʃɐu22	naan4 sau6	難受2
11278	二十五、形容詞/難受（指身體）	難頂	难顶	nan21 teŋ35	naan4 ding2	難受3
11279	二十五、形容詞/難受（指心情）	難住	难住	nan21 tʃy22	naan4 zyu6	難受1，指心情
11280	二十五、形容詞/難受（指心情）	難過	难过	nan21 kɔ33	naan4 go3	難受2
11281	二十五、形容詞/難受（指心情）	難受	难受	nan21 ʃɐu22	naan4 sau6	難受3
11282	二十五、形容詞/受不了	受冇了	受冇了	ʃɐu22 mu24 liu24	sau6 mu5 liu5	受不了
11283	二十五、形容詞/高興	歡喜	欢喜	fun55 hi35	fun1 hi2	高興1
11284	二十五、形容詞/高興	高興	高兴	ku55 heŋ33	gu1 hing3	高興2
11285	二十五、形容詞/高興	開心	开心	hɔi55 ɬɐm55	hoi1 slam1	高興3
11286	二十五、形容詞/高興	揈溜溜	揈溜溜	fɐŋ21 lɛu33 lɛu33	fang4 leu3 leu3	高興4，得意貌
11287	二十五、形容詞/沮喪	翳氣	翳气	ɐi33 hi33	ai3 hi3	沮喪1
11288	二十五、形容詞/沮喪	閉翳	闭翳	pɐi33 ɐi33	bai3 ai3	沮喪2
11289	二十五、形容詞/沮喪	心翳	心翳	ɬɐm55 ɐi33	slam1 ai3	沮喪3
11290	二十五、形容詞/委屈	委屈	委屈	wɐi35 wɐt5	wai2 wat1	委屈
11291	二十五、形容詞/心煩	心悒	心悒	ɬɐm55 jap5	slam1 jaap1	心煩1，源自「心唈」，本或與「𥀈（皮膚癢）」同源
11292	二十五、形容詞/心煩	發𥀈	发𥀈	fat3 jap3	faat3 jaap3	心煩2
11293	二十五、形容詞/心煩	心煩	心烦	ɬɐm55 fan21	slam1 faan4	心煩3
11294	二十五、形容詞/心裏不舒服	心打硌	心打硌	ɬɐm55 ta35 kɐk2	slam1 daa2 gak6	心裏不舒服
11295	二十五、形容詞/心疼	心痛	心痛	ɬɐm55 tʰʊŋ33	slam1 tung3	心疼1
11296	二十五、形容詞/心疼	肉刺	肉刺	jʊk2 tʃʰɛk3	juk6 cek3	心疼2
11297	二十五、形容詞/傷腦筋	渣神氣	渣神气	ja55 ʃɐn21 hi33	jaa1 san4 hi3	傷腦筋1
11298	二十五、形容詞/傷腦筋	傷氣	伤气	ʃœŋ55 hi33	soeng1 hi3	傷腦筋2
11299	二十五、形容詞/傷腦筋	霅氣	霅气	ʃap3 hi33	saap3 hi3	傷腦筋3，俗作「霎氣」
11300	二十五、形容詞/馬虎	兒戲	儿戏	ji21 hi55	ji4 hi1	馬虎1，俗作「兒嬉」
11301	二十五、形容詞/馬虎	咿呦	咿呦	ji55 jau55	ji1 jaau1	馬虎2
11302	二十五、形容詞/馬虎	唦唦滾	唦唦滚	ʃa21 ʃa21 kʷɐn35	saa4 saa4 gwan2	馬虎3，亂哄哄
11303	二十五、形容詞/要緊	要緊	要紧	jiu33 kɐn35	jiu3 gan2	要緊1，指情況
11304	二十五、形容詞/要緊	緊張	紧张	kɐn35 tʃœŋ55	gan2 zoeng1	要緊2
11305	二十五、形容詞/要緊	交關	交关	kau55 kʷan55	gaau1 gwaan1	要緊3.1
11306	二十五、形容詞/要緊	交關	交关	kɛu55 kʷan55	geu1 gwaan1	要緊3.2
11307	二十五、形容詞/要緊	緊要	紧要	kɐn35 jiu33	gan2 jiu3	要緊4
11308	二十五、形容詞/緊張	狂	狂	kʰɔŋ21	kong4	緊張1，指心情
11309	二十五、形容詞/緊張	狂髝髝	狂髝髝	kʰɔŋ21 lau33 lau33	kong4 laau3 laau3	緊張2.1
11310	二十五、形容詞/緊張	狂髝髝	狂髝髝	kʰɔŋ21 lɛu33 lɛu33	kong4 leu3 leu3	緊張2.2
11311	二十五、形容詞/緊張	狂屎髝髝	狂屎髝髝	kʰɔŋ21 ʃi35 lau33 lau33	kong4 si2 laau3 laau3	緊張3.1
11312	二十五、形容詞/緊張	狂屎髝髝	狂屎髝髝	kʰɔŋ21 ʃi35 lɛu33 lɛu33	kong4 si2 leu3 leu3	緊張3.2
11313	二十五、形容詞/緊張	肉緊	肉紧	jʊk2 kɐn35	juk6 gan2	緊張4
11314	二十五、形容詞/鎮定	澹定	澹定	tam22 teŋ22	daam6 ding6	鎮定1
11315	二十五、形容詞/鎮定	澹澹定定	澹澹定定	tam22 tam22 teŋ22 teŋ22	daam6 daam6 ding6 ding6	鎮定2
11316	二十五、形容詞/害怕	怕	怕	pʰa33	paa3	害怕1
11317	二十五、形容詞/害怕	狂	狂	kʰɔŋ21	kong4	害怕2
11318	二十五、形容詞/害怕	心驚	心惊	ɬɐm55 kɛŋ55	slam1 geng1	害怕3
11319	二十五、形容詞/害怕	心驚驚	心惊惊	ɬɐm55 kɛŋ55 kɛŋ55	slam1 geng1 geng1	害怕4
11320	二十五、形容詞/害怕	忌	忌	kɛ22	ge6	害怕5
11321	二十五、形容詞/肉麻	肉酸	肉酸	jʊk2 ɬyn55	juk6 slyun1	肉麻1
11322	二十五、形容詞/肉麻	肉戁	肉戁	jʊk2 nɐn55	juk6 nan1	肉麻2
11323	二十五、形容詞/噁心	想嘔	想呕	ɬœŋ35 ɐu35	sloeng2 au2	噁心1
11324	二十五、形容詞/噁心	想噦	想哕	ɬœŋ35 wɛ35	sloeng2 we2	噁心2
11325	二十五、形容詞/噁心	鶻突	鹘突	wɐt2 tɐt2	wat6 dat6	噁心3
11326	二十五、形容詞/靦腆	怕醜	怕丑	pʰa33 tʃʰɐu35	paa3 cau2	靦腆
11327	二十五、形容詞/心動	心逳	心逳	ɬɐm55 jʊk5	slam1 juk1	心動1
11328	二十五、形容詞/心動	心逳逳	心逳逳	ɬɐm55 jʊk5 jʊk5	slam1 juk1 juk1	心動2
11329	二十五、形容詞/內向	悶	闷	mɐn55	man1	內向1
11330	二十五、形容詞/內向	悶頭雞	闷头鸡	mɐn55 tʰɐu21 kɐi55	man1 tau4 gai1	內向2
11331	二十五、形容詞/呆	木獨	木独	mʊk2 tʊk2	muk6 duk6	呆1，木訥，不靈活
11332	二十五、形容詞/呆	吽哣	吽哣	ŋɐu22 tɐu22	ngau6 dau6	呆2，不好說話，難打交道
11333	二十五、形容詞/呆	繃耿	绷耿	pɐŋ35 kɐŋ35	bang2 gang2	呆3
11334	二十五、形容詞/發呆	發吽哣	发吽哣	fat3 ŋɐu22 tɐu22	faat3 ngau6 dau6	發呆，發愣
11335	二十五、形容詞/清高	高竇	高窦	ku55 tɐu33	gu1 dau3	清高
11336	二十五、形容詞/開朗	開朗	开朗	hɔi55 lɔŋ24	hoi1 long5	開朗
11337	二十五、形容詞/囉嗦	沉贅	沉赘	tʃʰɐm21 tʃui33	cam4 zui3	囉唆（囉嗦）1，愛叨叨，當源自「冗贅」，讀成「沉贅」
11338	二十五、形容詞/囉嗦	囉唆	啰唆	lɔ55 ɬɔ55	lo1 slo1	囉唆（囉嗦）2
11339	二十五、形容詞/囉嗦	囉嗦	啰嗦	lɔ55 ɬɔ55	lo1 slo1	囉唆（囉嗦）2，同「囉唆」
11340	二十五、形容詞/囉嗦	謲氣	謲气	tʃʰɐm33 hi33	cam3 hi3	囉唆（囉嗦）3
11341	二十五、形容詞/囉嗦	長氣	长气	tʃʰœŋ21 hi33	coeng4 hi3	囉唆（囉嗦）4
11342	二十五、形容詞/囉嗦	𧧝𧨊	𧧝𧨊	ŋa22 tʃa22	ngaa6 zaa6	囉唆（囉嗦）5
11343	二十五、形容詞/話多	唓咧	𪠳咧	tʃʰɛ55 lɛ55	ce1 le1	話多1，愛表現，源自「啁嘐/嘐啁」，語多，元代作「遮剌/雕剌」
11344	二十五、形容詞/話多	話多過米	话多过米	wa22 tɔ55 kɔ33 mɐi24	waa6 do1 go3 mai5	話多2，俗語
11345	二十五、形容詞/話多	巴喳	巴喳	pa55 tʃa55	baa1 zaa1	話多3，咋咋呼呼
11346	二十五、形容詞/話多	口水多過茶	口水多过茶	hɐu35 ʃui35 tɔ55 kɔ33 tʃʰa21	hau2 sui2 do1 go3 caa4	話多4，俗語
11347	二十五、形容詞/啞口無言	啞突突	哑突突	a35 tɐt2 tɐt2	aa2 dat6 dat6	啞口無言、無話可說
11348	二十五、形容詞/好打扮	沙州	沙州	ʃa55 tʃɐu55	saa1 zau1	好打扮1，愛露臉，疑本字「挲鬏」
11349	二十五、形容詞/好打扮	支整	支整	tʃi55 tʃeŋ35	zi1 zing2	好打扮2
11350	二十五、形容詞/乖	乖	乖	kʷai55	gwaai1	乖1（小孩兒真～）
11351	二十五、形容詞/乖	聽講	听讲	tʰɛŋ55 kɔŋ35	teng1 gong2	乖2
11352	二十五、形容詞/懂事	識數	识数	ʃek5 ʃu33	sik1 su3	懂事1
11353	二十五、形容詞/懂事	生性	生性	ʃaŋ55 ɬeŋ33	saang1 sling3	懂事2
11354	二十五、形容詞/老實	老實	老实	lu24 ʃɐt2	lu5 sat6	老實
11355	二十五、形容詞/認生	認生	认生	jeŋ22 ʃaŋ55	jing6 saang1	認生1
11356	二十五、形容詞/認生	怕生	怕生	pʰa33 ʃaŋ55	paa3 saang1	認生2
11357	二十五、形容詞/皮	跳皮	跳皮	tʰiu33 pʰi21	tiu3 pi4	皮1，調皮、頑皮、淘氣
11358	二十五、形容詞/皮	百厭	百厌	pak3 jim33	baak3 jim3	皮2，調皮、頑皮、淘氣
11359	二十五、形容詞/皮	韌皮	韧皮	jɐŋ33 pʰi21	jang3 pi4	皮3，調皮、頑皮、淘氣
11360	二十五、形容詞/皮	牛骨	牛骨	ŋɐu21 kʷɐt5	ngau4 gwat1	皮4，調皮、頑皮、淘氣
11361	二十五、形容詞/皮	頑皮	顽皮	wan21 pʰi21	waan4 pi4	皮5，調皮、頑皮、淘氣
11362	二十五、形容詞/皮	蠻皮	蛮皮	man21 pʰi21	maan4 pi4	皮6，調皮、頑皮、淘氣
11363	二十五、形容詞/皮	䦵	䦵	jɐi24	jai5	皮7，調皮、頑皮、淘氣，泥娘母讀如以母，早期粵音中「濃」字亦如是
11364	二十五、形容詞/不聽話，難教	死頭乾薑	死头干姜	ɬi35 tʰɐu21 kɔn55 kœŋ55	sli2 tau4 gon1 goeng1	不聽話，難教
11365	二十五、形容詞/窩囊	肋脦	肋脦	lak5 tak5	laak1 daak1	窩囊1，不整潔
11366	二十五、形容詞/窩囊	倰鬇	倰鬇	lɐŋ21 jɐŋ33	lang4 jang3	窩囊2，不整潔
11367	二十五、形容詞/窩囊	鬞鬤	鬞鬤	nʊŋ55 naŋ55	nung1 naang1	窩囊3，不整潔
11368	二十五、形容詞/窩囊	塿培	𪣻培	lɐu22 pɐu22	lau6 bau6	窩囊4，不整潔、臃腫
11369	二十五、形容詞/窩囊	兜踎	兜踎	tɐu55 mɐu55	dau1 mau1	窩囊5，寒磣、寒酸
11370	二十五、形容詞/窩囊	褦襶	褦襶	lɛ24 tɛ35	le5 de2	窩囊6，衣着不整、吊兒郎當
11371	二十五、形容詞/窩囊	褦㹃	褦㹃	lɛ24 fɛ35	le5 fe2	窩囊7，衣着不整、吊兒郎當
11372	二十五、形容詞/窩囊	倰鬙	倰鬙	lɐŋ21 ɬɐŋ55	lang4 slang1	窩囊8，不整潔
11373	二十五、形容詞/披頭散髮	蓬頭蓬腦	蓬头蓬脑	pʰʊŋ55 tʰɐu21 pʰʊŋ55 nu24	pung1 tau4 pung1 nu5	披頭散髮，蓬頭垢面
11374	二十五、形容詞/不得志	蹭蹬	蹭蹬	ɐŋ33 nɐŋ22	ang3 nang6	不得志
11375	二十五、形容詞/笨拙；古怪	擒拐	擒拐	kʰɐm21 kʷai35	kam4 gwaai2	（人做事）笨拙，拙劣；（物）古怪
11376	二十五、形容詞/笨拙；古怪	擒擓	擒㧟	kʰɐm21 kʷʰai24	kam4 kwaai5	（人做事）笨拙，拙劣；（物）古怪
11377	二十五、形容詞/莽撞，魯莽	擒青	擒青	kʰɐm21 tʃʰɛŋ55	kam4 ceng1	莽撞，魯莽1
11378	二十五、形容詞/莽撞，魯莽	餓癆	饿痨	ŋɔ22 lu55	ngo6 lu1	莽撞，魯莽2
11379	二十五、形容詞/突出，出衆	䅺青	䅺青	piu55 tʃʰɛŋ55	biu1 ceng1	突出，出衆
11380	二十五、形容詞/過於講究、挑剔	㤿憸	㤿𪫺	jim55 tʃim55	jim1 zim1	過於講究、挑剔
11381	二十五、形容詞/隨便	求其	求其	kʰɐu21 kʰi21	kau4 ki4	隨便1，「求其過得去」之省
11382	二十五、形容詞/隨便	隨便	随便	tʃʰui21 pin35	cui4 bin2	隨便2
11383	二十五、形容詞/隨隨便便	求求其其	求求其其	kʰɐu21 kʰɐu21 kʰi21 kʰi21	kau4 kau4 ki4 ki4	隨隨便便1
11384	二十五、形容詞/隨隨便便	隨隨便便	求求其其	tʃʰui21 tʃʰui21 pin35 pin35	cui4 cui4 bin2 bin2	隨隨便便2
11385	二十五、形容詞/搗蛋	摎攪	摎搅	lau35 kau22	laau2 gaau6	搗蛋1，當是「亂攪鬧」之音變
11386	二十五、形容詞/搗蛋	摎事	摎事	lau35 ʃi22	laau2 si6	搗蛋2.1，當是「亂攪事」之音變
11387	二十五、形容詞/搗蛋	摎事	摎事	lau35 sɿ22	laau2 sy6	搗蛋2.2，當是「亂攪事」之音變
11388	二十五、形容詞/糟糕	弊	弊	pɐi22	bai6	糟糕，糟了
11389	二十五、形容詞/糟蹋	折墮	折堕	tʃit3 tɔ22	zit3 do6	糟蹋，做事太損
11390	二十五、形容詞/蠻橫	橫	横	waŋ21	waang4	蠻橫1
11391	二十五、形容詞/蠻橫	橫繃繃	横绷绷	waŋ21 paŋ55 paŋ33	waang4 baang1 baang3	蠻橫2
11392	二十五、形容詞/真行	叻	叻	lɛk5	lek1	真行，本字「力」
11393	二十五、形容詞/能幹	叻	叻	lɛk5	lek1	能幹1，本字「力」
11394	二十五、形容詞/能幹	叻馬	叻马	lɛk5 ma24	lek1 maa5	能幹2
11395	二十五、形容詞/能幹	相	相	ɬœŋ33	sloeng3	能幹3
11396	二十五、形容詞/能幹	本事	本事	pun35 ʃi22	bun2 si6	能幹4.1
11397	二十五、形容詞/能幹	本事	本事	pun35 sɿ22	bun2 sy6	能幹4.2
11398	二十五、形容詞/能幹	使得	使得	ʃɐi35 tɐk5	sai2 dak1	能幹5
11399	二十五、形容詞/能幹者	叻崽	叻崽	lɛk5 tʃɐi35	lek1 zai2	能幹者
11400	二十五、形容詞/能幹者	叻仔	叻仔	lɛk5 tʃɐi35	lek1 zai2	能幹者，同「叻崽」
11401	二十五、形容詞/棒	過骨	过骨	kɔ33 kʷɐt5	go3 gwat1	棒，可指人或物
11402	二十五、形容詞/厲害	厲害	厉害	li22 hɔi22	li6 hoi6	厲害1
11403	二十五、形容詞/厲害	勁	劲	keŋ22	ging6	厲害2
11404	二十五、形容詞/象樣	成椗	成椗	ʃɛŋ21 tɛŋ33	seng4 deng3	象樣
11405	二十五、形容詞/不行	冇得	冇得	mu24 tɐk5	mu5 dak1	不行1（隻傢伙～）
11406	二十五、形容詞/不行	蹭蹬	蹭蹬	ɐŋ33 nɐŋ22	ang3 nang6	不行2
11407	二十五、形容詞/不行	冇中用	冇中用	mu24 tʃʊŋ55 jʊŋ22	mu5 zung1 jung6	不行3
11408	二十五、形容詞/不行	無能	无能	mu21 nɐŋ21	mu4 nang4	不行4
11409	二十五、形容詞/不行	冇成	冇成	mu24 ʃɛŋ21	mu5 seng4	不行5
11410	二十五、形容詞/膿包	廢柴	废柴	fɐi33 tʃʰai21	fai3 caai4	膿包1
11411	二十五、形容詞/膿包	蠢才	蠢才	tʃʰɐn35 tʃʰɔi21	can2 coi4	膿包2.1（無用的人）
11412	二十五、形容詞/膿包	蠢才	蠢才	tʃʰyn35 tʃʰɔi21	cyun2 coi4	膿包2.2（無用的人）
11413	二十五、形容詞/膿包	笨蛋	笨蛋	pɐn22 tan22	ban6 daan6	膿包3
11414	二十五、形容詞/膿包	笨腏	笨腏	pɐn22 tʃʰɔt2	ban6 cot6	膿包4，詈語
11415	二十五、形容詞/腏懵懵，卵脬似檸檬	腏懵懵，卵脬似檸檬	腏懵懵，卵脬似柠檬	tʃʰɔt2 mʊŋ35 mʊŋ35，lɔn55 pʰɛu55 tʃʰi24 neŋ21 mʊŋ35	cot6 mung2 mung2，lon1 peu1 ci5 ning4 mung2	腏懵懵，卵脬似檸檬1.1，詈語，譏諷人稚嫩
11416	二十五、形容詞/腏懵懵，卵脬似檸檬	腏懵懵，卵脬似檸檬	腏懵懵，卵脬似柠檬	tʃʰɔt2 mʊŋ35 mʊŋ35，lɔn55 pʰɛu55 tsʰɿ24 neŋ21 mʊŋ35	cot6 mung2 mung2，lon1 peu1 cy5 ning4 mung2	腏懵懵，卵脬似檸檬1.2，詈語
11417	二十五、形容詞/笨	頹	颓	tʰui21	tui4	笨1
11418	二十五、形容詞/笨	蠢	蠢	tʃʰɐn35	can2	笨2.1
11419	二十五、形容詞/笨	蠢	蠢	tʃʰyn35	cyun2	笨2.2
11420	二十五、形容詞/勤	勤	勤	kʰɐn21	kan4	勤
11421	二十五、形容詞/勤快	勤快	勤快	kʰɐn21 fai33	kan4 faai3	勤快
11422	二十五、形容詞/勤奮	勤力	勤力	kʰɐn21 lek2	kan4 lik6	勤奮
11423	二十五、形容詞/懶	懶	懒	lan24	laan5	懶1
11424	二十五、形容詞/懶	蛇	蛇	ʃɛ21	se4	懶2
11425	二十五、形容詞/懶鬼	懶鬼	懒鬼	lan24 kʷɐi35	laan5 gwai2	懶鬼1
11426	二十五、形容詞/懶鬼	懶腏	懒腏	lan24 tʃʰɔt2	laan5 cot6	懶鬼2，詈語，可兼指男女
11427	二十五、形容詞/忙	頻輪	频轮	pʰɐn21 lɐn21	pan4 lan4	忙1
11428	二十五、形容詞/忙	頻頻輪輪	频频轮轮	pʰɐn21 pʰɐn21 lɐn21 lɐn21	pan4 pan4 lan4 lan4	忙2
11429	二十五、形容詞/忙	忙	忙	mɔŋ21	mong4	忙3
11430	二十五、形容詞/事多；多管閒事；隆重	巴閉	巴闭	pa55 pɐi33	baa1 bai3	事多；多管閒事；隆重，講排場
11431	二十五、形容詞/麻煩貌	巴巴閉閉	巴巴闭闭	pa55 pa55 pɐi33 pɐi33	baa1 baa1 bai3 bai3	麻煩貌
11432	二十五、形容詞/多管閒事	多事幹	多事干	tɔ55 ʃi22 kɔn33	do1 si6 gon3	多管閒事1.1，形容詞
11433	二十五、形容詞/多管閒事	多事幹	多事干	tɔ55 sɿ22 kɔn33	do1 sy6 gon3	多管閒事1.2，形容詞
11434	二十五、形容詞/多管閒事	多事做	多事做	tɔ55 ʃi22 tʃu33	do1 si6 zu3	多管閒事2.1，形容詞
11435	二十五、形容詞/多管閒事	多事做	多事做	tɔ55 sɿ22 tʃu33	do1 sy6 zu3	多管閒事2.2，形容詞
11436	二十五、形容詞/愛管閒事	三八	三八	ɬam55 pɛt3	slaam1 bet3	愛管閒事3，形容詞
11437	二十五、形容詞/愛管閒事	八卦	八卦	pɛt3 kʷa33	bet3 gwaa3	愛管閒事4，形容詞
11438	二十五、形容詞/閒	閒	闲	hɛn21	hen4	閒1
11439	二十五、形容詞/閒	得閒	得闲	tɐk5 hɛn21	dak1 hen4	閒2
11440	二十五、形容詞/賣力	落力	落力	lɔk2 lek2	lok6 lik6	賣力1
11441	二十五、形容詞/賣力	出力	出力	tʃʰyt5 lek2	cyut1 lik6	賣力2
11442	二十五、形容詞/賣力	出大力	出大力	tʃʰyt5 tai22 lek2	cyut1 daai6 lik6	賣力3
11443	二十五、形容詞/拼命	爲命	为命	wɐi22 mɛŋ22	wai6 meng6	拼命1
11444	二十五、形容詞/拼命	搏命	搏命	pɔk3 mɛŋ22	bok3 meng6	拼命2
11445	二十五、形容詞/拼命	拚爛	拚烂	pʰun33 lan22	pun3 laan6	拼命3
11446	二十五、形容詞/吃力	着力	着力	tʃœk2 lek2	zoek6 lik6	吃力1
11447	二十五、形容詞/吃力	抵力	抵力	tɐi35 lek2	dai2 lik6	吃力2（阿便啲鋪面貴嗎？三五千啊，三五千有啲～啊）
11448	二十五、形容詞/輕鬆	輕鬆	轻松	hɛŋ55 ɬʊŋ55	heng1 slung1	輕鬆1
11449	二十五、形容詞/輕鬆	修悠	修悠	ɬɐu55 jɐu21	slau1 jau4	輕鬆2
11450	二十五、形容詞/容易	容易	容易	jʊŋ21 ji22	jung4 ji6	容易1
11451	二十五、形容詞/容易	容不易	容不易	jʊŋ21 pɐt5 ji22	jung4 bat1 ji6	容易2
11452	二十五、形容詞/困難	難	难	nan21	naan4	困難
11453	二十五、形容詞/最難	最難	最难	tʃui33 nan21	zui3 naan4	最難1
11454	二十五、形容詞/最難	至難	至难	tʃi33 nan21	zi3 naan4	最難2
11455	二十五、形容詞/輕（擔子～）	輕	轻	hɛŋ55	heng1	輕（擔子～）
11456	二十五、形容詞/重（擔子～）	重	重	tʃʰʊŋ24	cung5	重（擔子～）
11457	二十五、形容詞/輕輕	輕輕	轻轻	hɛŋ55 hɛŋ55	heng1 heng1	輕輕1.1
11458	二十五、形容詞/輕輕	輕輕	轻轻	hɛŋ21 hɛŋ55	heng4 heng1	輕輕1.2
11459	二十五、形容詞/慢慢	慢慢	慢慢	man22 man35	maan6 maan2	慢慢
11460	二十五、形容詞/機靈	精	精	tʃɛŋ55	zeng1	機靈1
11461	二十五、形容詞/機靈	精骨	精骨	tʃɛŋ55 kʷɐt5	zeng1 gwat1	機靈2，貶義
11462	二十五、形容詞/機靈	骨丁	骨丁	kʷɐt5 tɛŋ55	gwat1 deng1	機靈3，貶義
11463	二十五、形容詞/機靈	骨	骨	kʷɐt5	gwat1	機靈4
11464	二十五、形容詞/機靈	醒	醒	ɬeŋ35	sling2	機靈5
11465	二十五、形容詞/機靈	醒噻	醒噻	ɬeŋ35 ɬɐk2	sling2 slak6	機靈6
11466	二十五、形容詞/機靈	鬼馬	鬼马	kʷɐi35 ma24	gwai2 maa5	機靈7，貶義，精明貌
11467	二十五、形容詞/機靈	鬼鬼馬馬	鬼鬼马马	kʷɐi35 kʷɐi35 ma24 ma24	gwai2 gwai2 maa5 maa5	機靈8，貶義，精明貌
11468	二十五、形容詞/聰明	精	精	tʃɛŋ55	zeng1	聰明1
11469	二十五、形容詞/聰明	靈	灵	leŋ55	ling1	聰明2
11470	二十五、形容詞/聰明	精靈	精灵	tʃɛŋ55 lɛŋ55	zeng1 leng1	聰明3.1
11471	二十五、形容詞/聰明	精靈	精灵	tʃeŋ55 leŋ55	zing1 ling1	聰明3.2
11472	二十五、形容詞/聰明者	精崽	精崽	tʃɛŋ55 tʃɐi35	zeng1 zai2	聰明者
11473	二十五、形容詞/聰明者	精仔	精仔	tʃɛŋ55 tʃɐi35	zeng1 zai2	聰明者，同「精崽」
11474	二十五、形容詞/年輕	後生	后生	hɐu22 ʃaŋ55	hau6 saang1	年輕
11475	二十五、形容詞/老成	老積	老积	lu24 tʃek5	lu5 zik1	老成1
11476	二十五、形容詞/老成	老積積	老积积	lu24 tʃek5 tʃek5	lu5 zik1 zik1	老成2
11477	二十五、形容詞/老成	老相	老相	lu24 ɬœŋ33	lu5 sloeng3	老成3
11478	二十五、形容詞/裝老成	老屎	老屎	lu24 ʃi35	lu5 si2	裝老成，不懂裝懂，引申爲得意洋洋貌，也說「老㞓/腏屎、老㞓/腏屎屎」
11479	二十五、形容詞/老手	老貓	老猫	lu24 mɛu55	lu5 meu1	老手
11480	二十五、形容詞/老練	老辣	老辣	lu24 la35	lu5 laa2	老練、老到，「辣」爲語流音變
11481	二十五、形容詞/年老	老	老	lu24	lu5	年老1
11482	二十五、形容詞/年老	老扤扤	老扤扤	lu24 ŋɛt2 ŋɛt2	lu5 nget6 nget6	年老2，老態龍鍾
11483	二十五、形容詞/年老	老盈盈	老盈盈	lu24 jɐŋ55 jɐŋ55	lu5 jang1 jang1	年老3
11484	二十五、形容詞/會做事	識做	识做	ʃek5 tʃu33	sik1 zu3	會做事1，會做人
11485	二十五、形容詞/會做事	識數	识数	ʃek5 ʃu33	sik1 su3	會做事2，會做人
11486	二十五、形容詞/靈巧	巧	巧	kʰiu35	kiu2	靈巧
11487	二十五、形容詞/靈驗	靈	灵	leŋ21	ling4	靈驗1
11488	二十五、形容詞/靈驗	靈擎	灵擎	lɛŋ21 kʰɛŋ21	leng4 keng4	靈驗2，實爲「靈」的分音，又或源自「靈奇」，奇受前字順同化爲擎
11489	二十五、形容詞/糊塗	懵	懵	mʊŋ35	mung2	糊塗1
11490	二十五、形容詞/糊塗	懵懂	懵懂	mʊŋ35 tʊŋ35	mung2 dung2	糊塗2
11491	二十五、形容詞/糊塗	懵䁬䁬	懵䁬䁬	mʊŋ35 ɬɐŋ21 ɬɐŋ21	mung2 slang4 slang4	糊塗3
11492	二十五、形容詞/糊塗	懵閉閉	懵闭闭	mʊŋ35 pɐi33 pɐi33	mung2 bai3 bai3	糊塗4
11493	二十五、形容詞/糊塗	烏啄啄	乌啄啄	wu55 tœŋ55 tœŋ55	wu1 doeng1 doeng1	糊塗5
11494	二十五、形容詞/糊塗	糊哩糊塗	糊哩糊涂	wu21 li55 wu21 tʰu21	wu4 li1 wu4 tu4	糊塗6
11495	二十五、形容詞/瘋癲	癡	痴	tʃʰi55	ci1	瘋癲1
11496	二十五、形容詞/瘋癲	癡戇戇	痴戆戆	tʃʰi55 ŋɐŋ55 ŋɐŋ55	ci1 ngang1 ngang1	瘋癲2
11497	二十五、形容詞/瘋癲	癡癡戇戇	痴痴戆戆	tʃʰi55 tʃʰi55 ŋɐŋ55 ŋɐŋ55	ci1 ci1 ngang1 ngang1	瘋癲3
11498	二十五、形容詞/瘋癲	癡癡戇戇	痴痴戆戆	tʃʰi55 tʃʰi55 ŋɔŋ33 ŋɔŋ33	ci1 ci1 ngong3 ngong3	瘋癲4
11499	二十五、形容詞/瘋癲	癡䛍	痴䛍	tʃʰi55 fɐi33	ci1 fai3	瘋癲5
11500	二十五、形容詞/瘋癲	癡線	痴线	tʃʰi55 ɬin33	ci1 slin3	瘋癲6，罕用，後起詞，源自廣東的「黐線（搭錯線）」
11501	二十五、形容詞/死心眼兒	耿板	耿板	kɐŋ35 pan35	gang2 baan2	死心眼兒1，古板
11502	二十五、形容詞/死心眼兒	死板	死板	ɬi35 pan35	sli2 baan2	死心眼兒2，不靈活
11503	二十五、形容詞/死心眼兒	木獨	木独	mʊk2 tʊk2	muk6 duk6	死心眼兒3，遲鈍、木訥
11504	二十五、形容詞/死心眼兒	古板	古板	ku35 pan35	gu2 baan2	死心眼兒4，固執、守舊
11505	二十五、形容詞/死心眼兒	蠻固	蛮固	man21 ku33	maan4 gu3	死心眼兒5，頑固
11506	二十五、形容詞/死心眼兒	繃耿	绷耿	pɐŋ35 kɐŋ35	bang2 gang2	死心眼兒6，古板
11507	二十五、形容詞/犟	硬頸	硬颈	ŋaŋ22 kɛŋ35	ngaang6 geng2	犟1
11508	二十五、形容詞/犟	犟	犟	kœŋ22	goeng6	犟2
11509	二十五、形容詞/犟	死雞撐硬頸	死鸡撑硬颈	ɬi35 kɐi55 tʃʰaŋ33 ŋaŋ35 kɛŋ35	sli2 gai1 caang3 ngaang2 geng2	犟3，俗語，比喻不認錯、不認輸
11510	二十五、形容詞/水平差且脾氣犟	又屎又犟	又屎又犟	jɐu22 ʃi35 jɐu22 kœŋ22	jau6 si2 jau6 goeng6	水平差且脾氣犟
11511	二十五、形容詞/頑強	韌	韧	jɐŋ33	jang3	頑強1
11512	二十五、形容詞/頑強	亢	亢	kʰɐŋ33	kang3	頑強2，俗字「掯」
11513	二十五、形容詞/缺德	缺德	缺德	kʰyt3 tɐk5	kyut3 dak1	缺德1
11514	二十五、形容詞/缺德	賤格	贱格	tʃin22 kak3	zin6 gaak3	缺德2
11515	二十五、形容詞/缺德	折墮	折堕	tʃit3 tɔ22	zit3 do6	缺德3
11516	二十五、形容詞/下賤	賤格	贱格	tʃin22 kak3	zin6 gaak3	下賤
11517	二十五、形容詞/陰險	陰溼	阴湿	jɐm55 ʃɐp5	jam1 sap1	陰險1
11518	二十五、形容詞/陰險	陰毒	阴毒	jɐm55 tʊk2	jam1 duk6	陰險2
11519	二十五、形容詞/奸詐	奸狡	奸狡	kan55 kau35	gaan1 gaau2	奸詐1，狡猾
11520	二十五、形容詞/奸詐	奸猾	奸猾	kan55 wɛt2	gaan1 wet6	奸詐2，狡猾
11521	二十五、形容詞/奸詐	奸	奸	kan55	gaan1	奸詐3，狡猾
11522	二十五、形容詞/奸詐	滑頭	滑头	wɛt2 tʰɐu21	wet6 tau4	奸詐4，狡猾
11523	二十五、形容詞/奸詐	精骨	精骨	tʃɛŋ55 kʷɐt5	zeng1 gwat1	奸詐5，狡猾
11524	二十五、形容詞/奸詐	蠱惑	蛊惑	ku35 wak2	gu2 waak6	奸詐6，狡猾
11525	二十五、形容詞/耍滑頭	耍滑頭	耍滑头	ʃa35 wɛt2 tʰɐu21	saa2 wet6 tau4	耍滑頭
11526	二十五、形容詞/善	善	善	ʃin22	sin6	善1
11527	二十五、形容詞/善	腍善	腍善	nɐm21 ʃin22	nam4 sin6	善2，沒脾氣，善良
11528	二十五、形容詞/惡	惡	恶	ɔk3	ok3	惡1
11529	二十五、形容詞/惡	犀利	犀利	ɬɐi55 li22	slai1 li6	惡2
11530	二十五、形容詞/狠毒	毒	毒	tʊk2	duk6	狠毒1
11531	二十五、形容詞/狠毒	毒辣	毒辣	tʊk2 lat2	duk6 laat6	狠毒2
11532	二十五、形容詞/有意對着幹	鬥毒	斗毒	tɐu33 tʊk2	dau3 duk6	有意對着幹
11533	二十五、形容詞/兇狠	狼	狼	lɔŋ21	long4	兇狠，喻稱，佢好～嘅
11534	二十五、形容詞/偷摸	鬼鼠	鬼鼠	kʷɐi35 ʃy35	gwai2 syu2	偷摸1，鬼祟
11535	二十五、形容詞/偷摸	鬼鼠鼠	鬼鼠鼠	kʷɐi35 ʃy35 ʃy35	gwai2 syu2 syu2	偷摸2，鬼祟
11536	二十五、形容詞/偷偷摸摸	鬼鬼鼠鼠	鬼鬼鼠鼠	kʷɐi35 kʷɐi35 ʃy35 ʃy35	gwai2 gwai2 syu2 syu2	偷偷摸摸，鬼鬼祟祟
11537	二十五、形容詞/落泊	落泊	落泊	lɔk2 pɔk2	lok6 bok6	落泊
11538	二十五、形容詞/倒霉	背時	背时	pɐi33 ʃi21	bai3 si4	倒霉1，官話借詞
11539	二十五、形容詞/倒霉	背巧	背巧	pɐi33 kʰiu33	bai3 kiu3	倒霉2，官話借詞，又作「背竅」
11540	二十五、形容詞/倒霉	黴	霉	mɐt5	mat1	倒霉3，訓讀，或與「沫/歿」同源，上古月部
11541	二十五、形容詞/倒霉	黴氣	霉气	mɐt5 hi33	mat1 hi3	倒霉4
11542	二十五、形容詞/倒霉	衰	衰	ʃui55	sui1	倒霉5
11543	二十五、形容詞/倒霉	溼衰	湿衰	ʃɐp5 ʃui55	sap1 sui1	倒霉6
11544	二十五、形容詞/倒霉	冇老利	冇老利	mu24 lu24 lɐi35	mu5 lu5 lai2	倒霉7，不吉利、不順利
11545	二十五、形容詞/碰釘子	撞板	撞板	tʃɔŋ22 pan35	zong6 baan2	碰釘子
11546	二十五、形容詞/喉急	喉急	喉急	hɐu21 kɐp5	hau4 gap1	喉急1，急着要做
11547	二十五、形容詞/喉急	心急	心急	ɬɐm55 kɐp5	slam1 gap1	喉急2
11548	二十五、形容詞/快	快	快	fai33	faai3	快1
11549	二十五、形容詞/快	快當	快当	fai33 tɔŋ33	faai3 dong3	快2
11550	二十五、形容詞/快	快脆	快脆	fai33 tʃʰui33	faai3 cui3	快3
11551	二十五、形容詞/快	啦啦聲	啦啦声	la21 la21 ʃɛŋ55	laa4 laa4 seng1	快4.1，擬動作迅速聲
11552	二十五、形容詞/快	啦啦聲	啦啦声	la21 la35 ʃɛŋ55	laa4 laa2 seng1	快4.2，擬動作迅速聲
11553	二十五、形容詞/快	啦啦臨	啦啦临	la21 la21 lɐm21	laa4 laa4 lam4	快5，擬動作迅速聲
11554	二十五、形容詞/快點	快啲	快啲	fai33 ti55	faai3 di1	快點，有連讀音變[fai33 ti55]➔[fɐt3 ti55]，「快」受後字「啲」逆同化變讀韻尾
11555	二十五、形容詞/慢	慢	慢	man22	maan6	慢1
11556	二十五、形容詞/慢	磨	磨	mɔ55	mo1	慢2，由轉圈義引申而來，俗字「摩」
11557	二十五、形容詞/慢	𥹉	𥹉	nɐp2	nap6	慢3
11558	二十五、形容詞/慢點	慢啲	慢啲	man22 ti55	maan6 di1	慢點
11559	二十五、形容詞/麻利	麻利	麻利	ma21 li22	maa4 li6	麻利1
11560	二十五、形容詞/麻利	剌利	剌利	la35 li22	laa2 li6	麻利2，本義爲刺激舌頭
11561	二十五、形容詞/麻利	馬騮手	马骝手	ma55 lɐu55 ʃɐu35	maa1 lau1 sau2	麻利3，比喻人手像猴子的手一樣麻利
11562	二十五、形容詞/磨磳	磨	磨	mɔ55	mo1	磨磳1
11563	二十五、形容詞/磨磳	磨襲襲	磨袭袭	mɔ55 ɬɐp2 ɬɐp2	mo1 slap6 slap6	磨磳2.1
11564	二十五、形容詞/磨磳	磨襲襲	磨袭袭	mɔ55 ɬɛp2 ɬɛp2	mo1 slep6 slep6	磨磳2.2
11565	二十五、形容詞/瘸得很	跛襲襲	跛袭袭	pɐi55 ɬɐp2 ɬɐp2	bai1 slap6 slap6	瘸得很1.1
11566	二十五、形容詞/瘸得很	跛襲襲	跛袭袭	pɐi55 ɬɛp2 ɬɛp2	bai1 slep6 slep6	瘸得很1.2
11567	二十五、形容詞/不利索，囉嗦	遴盡	遴尽	lɐn22 tʃɐn22	lan6 zan6	不利索1，囉唆（囉嗦）
11568	二十五、形容詞/不利索，囉嗦	遴遴盡盡	遴遴尽尽	lɐn22 lɐn22 tʃɐn22 tʃɐn22	lan6 lan6 zan6 zan6	不利索2，囉唆（囉嗦），佢講話～
11569	二十五、形容詞/孬種	衰嘢	衰嘢	ʃui55 jɛ24	sui1 je5	孬種1
11570	二十五、形容詞/孬種	衰崽	衰崽	ʃui55 tʃɐi35	sui1 zai2	孬種2
11571	二十五、形容詞/孬種	衰仔	衰仔	ʃui55 tʃɐi35	sui1 zai2	孬種2，同「衰崽」
11572	二十五、形容詞/壞女孩	衰女	衰女	ʃui55 ny35	sui1 nyu2	壞女孩
11573	二十五、形容詞/下流	鹹溼	咸湿	hɛm21 ʃɐp5	hem4 sap1	下流1，指男的
11574	二十五、形容詞/下流	扒灰	扒灰	pʰa21 fui55	paa4 fui1	下流2，指與兒媳婦私通
11575	二十五、形容詞/下流	風流	风流	fʊŋ55 lɐu21	fung1 lau4	下流3
11576	二十五、形容詞/風騷	姣	姣	hɛu21	heu4	風騷1，指女性
11577	二十五、形容詞/風騷	嫪	嫪	lau33	laau3	風騷2.1
11578	二十五、形容詞/風騷	嫪	嫪	lɛu33	leu3	風騷2.2
11579	二十五、形容詞/風騷	姣屯屯	姣屯屯	hɛu21 tʰɐn21 tʰɐn21	heu4 tan4 tan4	風騷3
11580	二十五、形容詞/風騷	姣思扽䐁	姣思扽䐁	hɛu21 ʃi55 tɐn33 tʊk5	heu4 si1 dan3 duk1	風騷4
11581	二十五、形容詞/風騷	匪	匪	fɛ35	fe2	風騷5
11582	二十五、形容詞/風騷	姣唥唥	姣唥唥	hɛu21 laŋ55 laŋ55	heu4 laang1 laang1	風騷6
11583	二十五、形容詞/發騷	發姣	发姣	fat3 hɛu21	faat3 heu4	發騷1.1，發情
11584	二十五、形容詞/發騷	發姣	发姣	fat3 hau21	faat3 haau4	發騷1.2，發情
11585	二十五、形容詞/怪異	古怪	古怪	ku35 kʷai33	gu2 gwaai3	怪異1
11586	二十五、形容詞/怪異	古靈精怪	古灵精怪	ku35 leŋ21 tʃeŋ55 kʷai33	gu2 ling4 zing1 gwaai3	怪異2
11587	二十五、形容詞/怪異	奇離	奇离	kʰɛ21 lɛ21	ke4 le4	怪異3
11588	二十五、形容詞/神奇	出奇	出奇	tʃʰyt5 kʰi21	cyut1 ki4	神奇
11589	二十五、形容詞/吝嗇	忔失	忔失	ŋɛt5 ʃɛt5	nget1 set1	吝嗇1.1
11590	二十五、形容詞/吝嗇	忔失	忔失	ŋɐt5 ʃɐt5	ngat1 sat1	吝嗇1.2
11591	二十五、形容詞/吝嗇	孤寒	孤寒	ku55 hɔn21	gu1 hon4	吝嗇2
11592	二十五、形容詞/吝嗇	小氣	小气	ɬiu35 hi33	sliu2 hi3	吝嗇3
11593	二十五、形容詞/吝嗇	疙𤶠	疙𤶠	kɐt2 na55	gat6 naa1	吝嗇4
11594	二十五、形容詞/吝嗇	齗	龂	ŋɛn55	ngen1	吝嗇5
11595	二十五、形容詞/小氣	小氣	小气	ɬiu35 hi33	sliu2 hi3	小氣1，氣量小
11596	二十五、形容詞/小氣	小量	小量	ɬiu35 lœŋ22	sliu2 loeng6	小氣2，氣量小
11597	二十五、形容詞/小氣	小相	小相	ɬiu35 ɬœŋ33	sliu2 sloeng3	小氣3，氣量小
11598	二十五、形容詞/大方	大方	大方	tai22 fɔŋ55	daai6 fong1	大方
11599	二十五、形容詞/花錢大手大腳	大擤	大擤	tai22 ɬɐŋ33	daai6 slang3	花錢大手大腳
11600	二十五、形容詞/富	有行	有行	jɐu24 hɔŋ21	jau5 hong4	富、有錢1（他家很～）
11601	二十五、形容詞/富	有米	有米	jɐu24 mɐi24	jau5 mai5	富、有錢2（他家很～）
11602	二十五、形容詞/富	有牛	有牛	jɐu24 ŋɐu21	jau5 ngau4	富、有錢3（他家很～）
11603	二十五、形容詞/窮	窮	穷	kʰʊŋ21	kung4	窮（他家很～）
11604	二十五、形容詞/大大咧咧	離憩	离憩	lɛ21 hɛ33	le4 he3	大大咧咧1
11605	二十五、形容詞/大大咧咧	離離憩憩	离离憩憩	lɛ21 lɛ21 hɛ33 hɛ33	le4 le4 he3 he3	大大咧咧2
11606	二十五、形容詞/直爽（性格～）	豪爽	豪爽	hu21 ʃɔŋ35	hu4 song2	直爽（性格～）
11607	二十五、形容詞/白活	食渣米	食渣米	ʃek2 ja55 mɐi24	sik6 jaa1 mai5	白活1，白吃飯
11608	二十五、形容詞/白活	食壞米	食坏米	ʃek2 wai22 mɐi24	sik6 waai6 mai5	白活2，白吃飯
11609	二十五、形容詞/馬虎	咿呦	咿呦	ji55 jau55	ji1 jaau1	馬虎1，不認真、不正經，古文本義爲（嬰兒或小動物）微弱地啼聲，後喻指不成熟、不嚴肅
11610	二十五、形容詞/馬虎	咿咿呦呦	咿咿呦呦	ji55 ji55 jau55 jau55	ji1 ji1 jaau1 jaau1	馬虎2，不認真、不正經
11611	二十五、形容詞/賣力	落力	落力	lɔk2 lek2	lok6 lik6	賣力1
11612	二十五、形容詞/賣力	出力	出力	tʃʰyt5 lek2	cyut1 lik6	賣力2
11613	二十五、形容詞/賣力	出大力	出大力	tʃʰyt5 tai22 lek2	cyut1 daai6 lik6	賣力3
11614	二十五、形容詞/力氣大	大力	大力	tai22 lek2	daai6 lik6	力氣大
11615	二十五、形容詞/忘恩負義	反骨	反骨	fan35 kʷɐt5	faan2 gwat1	忘恩負義，叛逆
11616	二十五、形容詞/節約	慳	悭	han55	haan1	節約
11617	二十五、形容詞/浪費	㩄	㩄	ɬai55	slaai1	浪費1，俗字「嘥」
11618	二十五、形容詞/浪費	㩄壞	㩄坏	ɬai55 wai22	slaai1 waai6	浪費2
11619	二十五、形容詞/糟蹋	㩄壞	㩄坏	ɬai55 wai22	slaai1 waai6	糟蹋
11620	二十五、形容詞/好吃	爲食	为食	wɐi22 ʃek2	wai6 sik6	好吃1，嘴饞
11621	二十五、形容詞/好吃	餓食	饿食	ŋɔ22 ʃek2	ngo6 sik6	好吃2，嘴饞
11622	二十五、形容詞/復活	返生	返生	fan55 ʃaŋ55	faan1 saang1	復活
11623	二十五、形容詞/甘心	心甘	心甘	ɬɐm55 kɐm55	slam1 gam1	甘心
11624	二十五、形容詞/不服氣	冇忿頸	冇忿颈	mu24 fɐn22 kɛŋ35	mu5 fan6 geng2	不服氣1，不甘心，不服
11625	二十五、形容詞/不服氣	冇忿氣	冇忿气	mu24 fɐn22 hi33	mu5 fan6 hi3	不服氣2
11626	二十五、形容詞/不服氣	冇忿	冇忿	mu24 fɐn22	mu5 fan6	不服氣3
11627	二十五、形容詞/不服氣	忿冇過	忿冇过	fɐn22 mu24 kɔ33	fan6 mu5 go3	不服氣4
11628	二十五、形容詞/不接受	冇受	冇受	mu24 ʃɐu22	mu5 sau6	不接受
11629	二十五、形容詞/接不接受	受冇受	受冇受	ʃɐu22 mu24 ʃɐu22	sau6 mu5 sau6	接不接受（阿啲有幾多個檯？問佢～）
11630	二十五、形容詞/運氣	彩數	彩数	tʃʰɔi35 ʃu33	coi2 su3	運氣
11631	二十五、形容詞/造孽	陰功	阴功	jɐm55 kʊŋ55	jam1 gung1	造孽1，本爲「冇有陰功」之省
11632	二十五、形容詞/造孽	前世冇修	前世冇修	tʃʰin21 ʃɐi33 mu24 ɬɐu55	cin4 sai3 mu5 slau1	造孽2
11633	二十五、形容詞/專心	入心	入心	jɐp2 ɬɐm55	jap6 slam1	專心
11634	二十五、形容詞/機警	醒噻	醒噻	ɬeŋ35 ɬɐk2	sling2 slak6	機警1
11635	二十五、形容詞/機警	醒水	醒水	ɬeŋ35 ʃui35	sling2 sui2	機警2
11636	二十五、形容詞/機警	靈醒	灵醒	leŋ21 ɬeŋ35	ling4 sling2	機警3
11637	二十五、形容詞/生硬	生硬	生硬	ʃaŋ55 ŋaŋ35	saang1 ngaang2	生硬1
11638	二十五、形容詞/生硬	硬係	硬系	ŋaŋ35 hɐi22	ngaang2 hai6	生硬2
11639	二十五、形容詞/礙手礙腳	阻手阻腳	阻手阻脚	tʃɔ35 ʃɐu35 tʃɔ35 kœk3	zo2 sau2 zo2 goek3	礙手礙腳
11640	二十五、形容詞/礙事	阻定	阻定	tʃɔ35 tɛŋ22	zo2 deng6	礙事1
11641	二十五、形容詞/礙事	砑定	砑定	ŋa22 tɛŋ22	ngaa6 deng6	礙事2
11642	二十五、形容詞/礙事	砑槎	砑槎	ŋa22 tʃa22	ngaa6 zaa6	礙事3
11643	二十五、形容詞/礙事	砑砑槎槎	砑砑槎槎	ŋa22 ŋa22 tʃa22 tʃa22	ngaa6 ngaa6 zaa6 zaa6	礙事4
11644	二十五、形容詞/麻煩	麻煩	麻烦	ma21 fan21	maa4 faan4	麻煩1
11645	二十五、形容詞/麻煩	費事	费事	fɐi33 ʃi22	fai3 si6	麻煩2.1
11646	二十五、形容詞/麻煩	費事	费事	fɐi33 sɿ22	fai3 sy6	麻煩2.2
11647	二十五、形容詞/事態嚴重	大件事	大件事	tai22 kin22 ʃi22	daai6 gin6 si6	事態嚴重1.1
11648	二十五、形容詞/事態嚴重	大件事	大件事	tai22 kin22 sɿ22	daai6 gin6 sy6	事態嚴重1.2
11649	二十五、形容詞/零碎，瑣碎	圾碎	圾碎	ɬɐp5 ɬui33	slap1 slui3	零碎，瑣碎，本字「𢶍碎」
11650	二十五、形容詞/零零碎	圾圾碎	圾圾碎	ɬɐp5 ɬɐp5 ɬui33	slap1 slap1 slui3	零零碎，本字「𢶍𢶍碎」，引申指輕而易舉
11651	二十五、形容詞/不順暢	阻滯	阻滞	tʃɔ35 tʃɐi22	zo2 zai6	不順暢
11652	二十五、形容詞/有分寸	有分㥯	有分㥯	jɐu24 fɐn55 ɐn33	jau5 fan1 an3	有分寸
11653	二十五、形容詞/發慌	發狂	发狂	fat3 kʰɔŋ21	faat3 kong4	發慌1
11654	二十五、形容詞/發慌	狂髝髝	狂髝髝	kʰɔŋ21 lau33 lau33	kong4 laau3 laau3	發慌2.1
11655	二十五、形容詞/發慌	狂髝髝	狂髝髝	kʰɔŋ21 lɛu33 lɛu33	kong4 leu3 leu3	發慌2.2
11656	二十五、形容詞/發慌	屎滾滾	屎滚滚	ʃi35 kʷɐn35 kʷɐn35	si2 gwan2 gwan2	發慌3，狼狽慌張貌
11657	二十五、形容詞/待不住	雞腳	鸡脚	kɐi55 kœk3	gai1 goek3	待不住，愛到處跑
11658	二十五、形容詞/合適	啱	啱	ŋam55	ngaam1	合適
11659	二十五、形容詞/合身	啱身	啱身	ŋam55 ʃɐn55	ngaam1 san1	合身
11660	二十五、形容詞/合腳	啱腳	啱脚	ŋam55 kœk3	ngaam1 goek3	合腳
11661	二十五、形容詞/心意	心水	心水	ɬɐm55 ʃui35	slam1 sui2	心意（我哋轉一轉睇過有冇有啱～嘅夜市攤）
11662	二十五、形容詞/稱心	啱心水	啱心水	ŋam55 ɬɐm55 ʃui35	ngaam1 slam1 sui2	稱心1
11663	二十五、形容詞/稱心	中意	中意	tʃʊŋ55 ji33	zung1 ji3	稱心2
11664	二十五、形容詞/投緣	啱偈	啱偈	ŋam55 kɐi35	ngaam1 gai2	投緣
11665	二十五、形容詞/不滿	煩	烦	fan21	faan4	不滿
11666	二十五、形容詞/得意	得意	得意	tɐk5 ji33	dak1 ji3	得意1
11667	二十五、形容詞/得意	得敕	得敕	tɐk5 tʃʰek5	dak1 cik1	得意2
11668	二十五、形容詞/得意	憬	憬	keŋ35	ging2	得意3，「見廣」的合音
11669	二十五、形容詞/得意	憬昏七	憬昏七	keŋ35 wɐn55 tʃʰɐt5	ging2 wan1 cat1	得意4
11670	二十五、形容詞/有趣兒	得意	得意	tɐk5 ji33	dak1 ji3	有趣兒1
11671	二十五、形容詞/有趣兒	癮	瘾	jɐn24	jan5	有趣兒2
11672	二十五、形容詞/有趣兒	過癮	过瘾	kɔ33 jɐn24	go3 jan5	有趣兒3
11673	二十五、形容詞/有趣兒	好耍	好耍	hu35 ʃa35	hu2 saa2	有趣兒4
11674	二十五、形容詞/有趣兒	趣怪	趣怪	tʃʰy33 kʷai33	cyu3 gwaai3	有趣兒5，老派
11675	二十五、形容詞/有趣兒	趣趣怪怪	趣趣怪怪	tʃʰy33 tʃʰy33 kʷai33 kʷai33	cyu3 cyu3 gwaai3 gwaai3	有趣兒6，老派
11676	二十五、形容詞/滑稽	滑稽	滑稽	kʷɐt5 kʰɐi55	gwat1 kai1	滑稽
11677	二十五、形容詞/嗜好，愛好	癮	瘾	jɐn24	jan5	嗜好，愛好
11678	二十五、形容詞/好抽菸	癮菸	瘾烟	jɐn24 jin55	jan5 jin1	好抽菸
11679	二十五、形容詞/好喝酒	癮酒	瘾酒	jɐn24 tʃɐu35	jan5 zau2	好喝酒1
11680	二十五、形容詞/好喝酒	癮兩杯	瘾两杯	jɐn24 lœŋ24 pui55	jan5 loeng5 bui1	好喝酒2
11681	二十五、形容詞/好賭	癮賭	瘾赌	jɐn24 tu35	jan5 du2	好賭1
11682	二十五、形容詞/好賭	濫賭	滥赌	lan22 tu35	laan6 du2	好賭2
11683	二十五、形容詞/愛踢足球	癮踢球	瘾踢球	jɐn24 tʰɛk3 kʰɐu21	jan5 tek3 kau4	愛踢足球
11684	二十五、形容詞/愛跳舞	癮跳舞	瘾跳舞	jɐn24 tʰiu33 mu24	jan5 tiu3 mu5	愛跳舞
11685	二十五、形容詞/好玩兒	癮耍	瘾耍	jɐn24 ʃa35	jan5 saa2	好玩兒，愛玩兒
11686	二十五、形容詞/囂張	囂	嚣	hiu55	hiu1	囂張1
11687	二十五、形容詞/囂張	囂當	嚣当	hiu55 tɔŋ33	hiu1 dong3	囂張2
11688	二十五、形容詞/囂張	躥	蹿	tʃʰyn33	cyun3	囂張3
11689	二十五、形容詞/敢	敢	敢	kam35	gaam2	敢
11690	二十五、形容詞/忌諱	櫂忌	棹忌	tʃau22 ki22	zaau6 gi6	忌諱
11691	二十五、形容詞/般配	登對	登对	tɐŋ55 tui33	dang1 dui3	般配1
11692	二十五、形容詞/般配	相幐	相幐	ɬœŋ55 tɐŋ22	sloeng1 dang6	般配2
11693	二十五、形容詞/般配	幐得啱	幐得啱	tɐŋ22 tɐk5 ŋam55	dang6 dak1 ngaam1	般配3
11694	二十五、形容詞/相稱	相幐	相幐	ɬœŋ55 tɐŋ22	sloeng1 dang6	相稱，幐《玉篇》大亘切，囊也，兩頭有物謂之幐擔，俗字「戥」
11695	二十五、形容詞/均勻	勻旬	匀旬	wɐn21 tʃʰɐn21	wan4 can4	均勻1
11696	二十五、形容詞/均勻	均勻	均匀	kʷʰɐn55 wɐn21	kwan1 wan4	均勻2
11697	二十五、形容詞/省事	乾手淨腳	干手净脚	kɔn55 ʃɐu35 tʃeŋ22 kœk3	gon1 sau2 zing6 goek3	省事
11698	二十五、形容詞/辛苦	辛苦	辛苦	ɬɐn55 fu35	slan1 fu2	辛苦1
11699	二十五、形容詞/辛苦	勞碌	劳碌	lu21 lʊk5	lu4 luk1	辛苦2
11700	二十五、形容詞/累	癐	𤶊	kui22	gui6	累1，本字「䠩」
11701	二十五、形容詞/累	癐來來	𤶊来来	kui22 lai21 lai21	gui6 laai4 laai4	累2，乏力
11702	二十五、形容詞/（筋骨）痠痛	㾓	㾓	jyn55	jyun1	（筋骨）痠痛1
11703	二十五、形容詞/（筋骨）痠痛	㾓痛	㾓痛	jyn55 tʰʊŋ33	jyun1 tung3	（筋骨）痠痛2
11704	二十五、形容詞/（渾身）痠軟	身苶	身苶	ʃɐn55 nɐt5	san1 nat1	（渾身）痠軟
11705	二十五、形容詞/倒牙貌	牙㾓㾓	牙㾓㾓	ŋa21 jyn55 jyn55	ngaa4 jyun1 jyun1	倒牙貌
11706	二十五、形容詞/癢	痕	痕	hɐn21	han4	癢
11707	二十五、形容詞/極癢	痕入骨	痕入骨	hɐn21 jɐp2 kʷɐt5	han4 jap6 gwat1	極癢
11708	二十五、形容詞/痛	痛	痛	tʰʊŋ33	tung3	痛
11709	二十五、形容詞/抽痛	抽痛	抽痛	tʃʰɐu55 tʰʊŋ33	cau1 tung3	抽痛1
11710	二十五、形容詞/抽痛	扯痛	扯痛	tʃʰɛ35 tʰʊŋ33	ce2 tung3	抽痛2
11711	二十五、形容詞/隱隱作痛	陰陰痛	阴阴痛	jɐm55 jɐm55 tʰʊŋ33	jam1 jam1 tung3	隱隱作痛
11712	二十五、形容詞/辣痛	㿇	㿇	ɬɛp5	slep1	辣痛
11713	二十五、形容詞/視覺模糊	眼花	眼花	ŋɛn24 fa55	ngen5 faa1	視覺模糊1
11714	二十五、形容詞/視覺模糊	眼黑	眼黑	ŋɛn24 hɐk5	ngen5 hak1	視覺模糊2
11715	二十五、形容詞/眼力不好	盲摸摸	盲摸摸	maŋ21 mɔ55 mɔ55	maang4 mo1 mo1	眼力不好1
11716	二十五、形容詞/眼力不好	盲襲襲	盲袭袭	maŋ21 ɬɐp2 ɬɐp2	maang4 slap6 slap6	眼力不好2.1
11717	二十五、形容詞/眼力不好	盲襲襲	盲袭袭	maŋ21 ɬɛp2 ɬɛp2	maang4 slep6 slep6	眼力不好2.2
11718	二十五、形容詞/盲目亂來	盲尋尋	盲寻寻	maŋ21 ɬɐm21 ɬɐm21	maang4 slam4 slam4	盲目亂來
11719	二十五、形容詞/聾；耳背	聾嗙嗙	聋嗙嗙	lʊŋ21 paŋ55 paŋ55	lung4 baang1 baang1	聾；耳背1.1
11720	二十五、形容詞/聾；耳背	聾嗙嗙	聋嗙嗙	lʊŋ21 paŋ55 paŋ33	lung4 baang1 baang3	聾；耳背1.2
11721	二十五、形容詞/血淋淋	血淋血瀨	血淋血濑	hyt3 lɐm21 hyt3 lai22	hyut3 lam4 hyut3 laai6	血淋淋1
11722	二十五、形容詞/血淋淋	血淋淋	血淋淋	hyt3 lɐm21 lɐm21	hyut3 lam4 lam4	血淋淋2
11723	二十五、形容詞/屁股癢	屎窟痕	屎窟痕	ʃi35 fɐt5 hɐn21	si2 fat1 han4	屁股癢，喻指麻煩大，或惹麻煩
11724	二十五、形容詞/手癢	手痕	手痕	ʃɐu35 hɐn21	sau2 han4	手癢1，喻指多手、躍躍欲試
11725	二十五、形容詞/手癢	手多	手多	ʃɐu35 tɔ55	sau2 do1	手癢2，喻指多手、躍躍欲試
11726	二十五、形容詞/身癢	身痕	身痕	ʃɐn55 hɐn21	san1 han4	身癢，喻指惹麻煩
11727	二十五、形容詞/脹鼓鼓	脹繃繃	胀绷绷	tʃœŋ33 pɐŋ55 pɐŋ55	zoeng3 bang1 bang1	脹鼓鼓
11728	二十五、形容詞/勢均力敵	二四有擊	二四有击	ji22 ɬi33 jɐu24 kʰek5	ji6 sli3 jau5 kik1	勢均力敵
11729	二十五、形容詞/不能比	冇得頂	冇得顶	mu24 tɐk5 teŋ35	mu5 dak1 ding2	不能比（佢打羽毛球真係～）
11730	二十五、形容詞/無可挑剔	冇得彈	冇得弹	mu24 tɐk5 tʰan21	mu5 dak1 taan4	無可挑剔，諧音「冇得談」
11731	二十六、副詞、介詞等/剛	啱	啱	ŋam55	ngaam1	剛1（我～來，冇趕得上）
11732	二十六、副詞、介詞等/剛	啱啱	啱啱	ŋam55 ŋam55	ngaam1 ngaam1	剛2
11733	二十六、副詞、介詞等/剛好	啱好	啱好	ŋam55 hu35	ngaam1 hu2	剛好1
11734	二十六、副詞、介詞等/剛好	正啱	正啱	tʃeŋ33 ŋam55	zing3 ngaam1	剛好2
11735	二十六、副詞、介詞等/剛	啱	啱	ŋam55	ngaam1	剛（不大不細，～合適）
11736	二十六、副詞、介詞等/剛巧	啱好	啱好	ŋam55 hu35	ngaam1 hu2	剛巧1
11737	二十六、副詞、介詞等/剛巧	噉啱	噉啱	kɐm35 ŋam55	gam2 ngaam1	剛巧2
11738	二十六、副詞、介詞等/剛纔	啱先	啱先	ŋam55 ɬin55	ngaam1 slin1	剛纔1
11739	二十六、副詞、介詞等/剛纔	啱頭先	啱头先	ŋam55 tʰɐu21 ɬin55	ngaam1 tau4 slin1	剛纔2
11740	二十六、副詞、介詞等/剛纔	啱頭早	啱头早	ŋam55 tʰɐu21 tʃu35	ngaam1 tau4 zu2	剛纔3
11741	二十六、副詞、介詞等/剛纔	頭先	头先	tʰɐu21 ɬin55	tau4 slin1	剛纔4
11742	二十六、副詞、介詞等/剛纔	啱頭	啱头	ŋam55 tʰɐu21	ngaam1 tau4	剛纔5
11743	二十六、副詞、介詞等/碰巧	撞啱	撞啱	tʃɔŋ22 ŋam55	zong6 ngaam1	碰巧1，湊巧
11744	二十六、副詞、介詞等/碰巧	碰啱	碰啱	pʰʊŋ33 ŋam55	pung3 ngaam1	碰巧2，湊巧
11745	二十六、副詞、介詞等/碰巧	撞彩	撞彩	tʃɔŋ22 tʃʰɔi35	zong6 coi2	碰巧3，湊巧
11746	二十六、副詞、介詞等/碰巧	啱巧	啱巧	ŋam55 kʰiu35	ngaam1 kiu2	碰巧4，湊巧
11747	二十六、副詞、介詞等/太巧了	有噉啱幐噉巧	有噉啱幐噉巧	jɐu24 kɐm35 ŋam55 tɐŋ22 kɐm35 kʰiu35	jau5 gam2 ngaam1 dang6 gam2 kiu2	太巧了
11748	二十六、副詞、介詞等/將	想	想	ɬœŋ35	sloeng2	將（～感冒了；～出熱頭了）
11749	二十六、副詞、介詞等/將要	準備	准备	tʃɐn35 pi22	zan2 bi6	將要1.1（火車～到站）
11750	二十六、副詞、介詞等/將要	準備	准备	tʃyn35 pi22	zyun2 bi6	將要1.2（火車～到站）
11751	二十六、副詞、介詞等/快要	就要	就要	tʃɐu22 jiu33	zau6 jiu3	快要1，新派
11752	二十六、副詞、介詞等/快要	就係要	就系要	tʃɐu22 hɐi22 jiu33	zau6 hai6 jiu3	快要2，新派，有連讀音變[tʃɐu22 hɐi22 jiu33]➔[tʃɐi22 hɐi22 jiu33]➔[tʃɐi22 jiu33]，「就」受後字「係」逆同化變讀韻尾
11753	二十六、副詞、介詞等/快要	就來	就来	tʃɐu22 lɐi21	zau6 lai4	快要3，老派
11754	二十六、副詞、介詞等/曾經	曾經	曾经	tʃʰɐŋ21 keŋ55	cang4 ging1	曾經
11755	二十六、副詞、介詞等/纔	啱	啱	ŋam55	ngaam1	纔1（買噉多菜～着兩文錢）
11756	二十六、副詞、介詞等/纔	啱至	啱至	ŋam55 tʃi33	ngaam1 zi3	纔2（買噉多菜～着兩文錢）
11757	二十六、副詞、介詞等/只	只	只	tʃi35	zi2	只
11758	二十六、副詞、介詞等/淨、光	淨	净	tʃeŋ22	zing6	光、僅、只
11759	二十六、副詞、介詞等/光是	淨係	净系	tʃeŋ22 hɐi22	zing6 hai6	光是1（～食米，冇食麪）
11760	二十六、副詞、介詞等/光是	就係	就系	tʃɐu22 hɐi22	zau6 hai6	光是2，有連讀音變[tʃɐu22 hɐi22]➔[tʃɐi22 hɐi22]，「就」受後字「係」逆同化變讀韻尾
11761	二十六、副詞、介詞等/是	係	系	hɐi22	hai6	是
11762	二十六、副詞、介詞等/不是	冇係	冇系	mu24 hɐi22	mu5 hai6	不是1，有時合音作「咪[mɐi22]」
11763	二十六、副詞、介詞等/不是	咪	咪	mɐi22	mai6	不是2，「冇係」的合音，～講一次兩次、～以爲講
11764	二十六、副詞、介詞等/有點兒	有啲	有啲	jɐu24 ti55	jau5 di1	有點兒1.1（天～冷）
11765	二十六、副詞、介詞等/有點兒	有啲	有啲	jɐu24 tit5	jau5 dit1	有點兒1.2（天～冷）
11766	二十六、副詞、介詞等/很	幾	几	ki35	gi2	很1
11767	二十六、副詞、介詞等/很	好	好	hu35	hu2	很2
11768	二十六、副詞、介詞等/很夠	幾夠	几够	ki35 kɐu33	gi2 gau3	很夠
11769	二十六、副詞、介詞等/不很夠	冇幾夠	冇几够	mu24 ki35 kɐu33	mu5 gi2 gau3	不很夠（連交學費都～）
11770	二十六、副詞、介詞等/頗，蠻	貌乎	貌乎	ma55 wu21	maa1 wu4	頗，蠻1.1
11771	二十六、副詞、介詞等/頗，蠻	貌乎	貌乎	mau55 wu21	maau1 wu4	頗，蠻1.2
11772	二十六、副詞、介詞等/頗，蠻	貌啊	貌啊	ma55 a22	maa1 aa6	頗，蠻2.1，「啊」爲「乎」的弱讀
11773	二十六、副詞、介詞等/頗，蠻	貌啊	貌啊	mau55 a22	maau1 aa6	頗，蠻2.2，「啊」爲「乎」的弱讀
11774	二十六、副詞、介詞等/特別	另世	另世	leŋ22 ʃɐi33	ling6 sai3	特別
11775	二十六、副詞、介詞等/極	極	极	kek2	gik6	極，形容詞後表極致（王老吉苦～都冇夠生活苦），動詞後表多次（講～都冇有用）
11776	二十六、副詞、介詞等/怕	怕	怕	pʰa33	paa3	恐怕1（也許：天～要下雨）
11777	二十六、副詞、介詞等/怕	可能	可能	hɔ35 nɐŋ21	ho2 nang4	恐怕2（也許）
11778	二十六、副詞、介詞等/怕	恐怕	恐怕	hʊŋ35 pʰa33	hung2 paa3	恐怕3.1（也許）
11779	二十六、副詞、介詞等/怕	恐怕	恐怕	kʰʊŋ35 pʰa33	kung2 paa3	恐怕3.2（也許）
11780	二十六、副詞、介詞等/怕	或者	或者	wak2 tʃɛ35	waak6 ze2	恐怕4（也許），語流中「或」會弱讀爲[wa22]
11781	二十六、副詞、介詞等/自然	自不然	自不然	tʃi22 pɐt5 jin21	zi6 bat1 jin4	自然1.1
11782	二十六、副詞、介詞等/自然	自不然	自不然	tsɿ22 pɐt5 jin21	zy6 bat1 jin4	自然1.2
11783	二十六、副詞、介詞等/誰知	誰不知	谁不知	ʃui21 pɐt5 tʃi55	sui4 bat1 zi1	誰知，源自「殊不知」
11784	二十六、副詞、介詞等/也許	可能	可能	hɔ35 nɐŋ21	ho2 nang4	也許（明天～要下雨）
11785	二十六、副詞、介詞等/哪裏可能	邊可能	边可能	pin55 hɔ35 nɐŋ21	bin1 ho2 nang4	哪裏可能1，怎麼可能
11786	二十六、副詞、介詞等/哪裏可能	邊啲可能	边啲可能	pin55 ti55 hɔ35 nɐŋ21	bin1 di1 ho2 nang4	哪裏可能2，怎麼可能
11787	二十六、副詞、介詞等/大概	約莫	约莫	jœk3 mɔk3	joek3 mok3	大概1，大約
11788	二十六、副詞、介詞等/大概	大概	大概	tai22 kʰɔi33	daai6 koi3	大概2，大約
11789	二十六、副詞、介詞等/稍微	稍爲	稍为	ʃau55 wɐi21	saau1 wai4	稍微1.1
11790	二十六、副詞、介詞等/稍微	稍爲	稍为	ʃau35 wɐi21	saau2 wai4	稍微1.2
11791	二十六、副詞、介詞等/差點兒	爭啲	争啲	tʃaŋ55 ti55	zaang1 di1	差點兒1.1
11792	二十六、副詞、介詞等/差點兒	爭啲	争啲	tʃʰaŋ55 ti55	caang1 di1	差點兒1.2，罕讀
11793	二十六、副詞、介詞等/差點兒	差啲	差啲	tʃʰa55 ti55	caa1 di1	差點兒2
11794	二十六、副詞、介詞等/老是	總係	总系	tʃʊŋ35 hɐi22	zung2 hai6	老是
11795	二十六、副詞、介詞等/非···不	一定	一定	jɐt5 teŋ22	jat1 ding6	非···不1（非到九點不開會）
11796	二十六、副詞、介詞等/非···不	冇···冇	冇···冇	mu24···mu24	mu5···mu5	非···不2
11797	二十六、副詞、介詞等/馬上	即刻	即刻	tʃek5 kʰɐk5	zik1 kak1	馬上1
11798	二十六、副詞、介詞等/馬上	即時	即时	tʃek5 ʃi21	zik1 si4	馬上2
11799	二十六、副詞、介詞等/馬上	馬上	马上	ma24 ʃœŋ22	maa5 soeng6	馬上3，新派
11800	二十六、副詞、介詞等/馬上	當場	当场	tɔŋ55 tʃʰœŋ21	dong1 coeng4	馬上4
11801	二十六、副詞、介詞等/馬上	當堂	当堂	tɔŋ55 tʰɔŋ21	dong1 tong4	馬上5，老派
11802	二十六、副詞、介詞等/隨即	跟手	跟手	kɐn55 ʃɐu35	gan1 sau2	隨即
11803	二十六、副詞、介詞等/短時間	一時	一时	jɐt5 ʃi21	jat1 si4	短時間（～你叫我去邊啲搵噉多錢？）
11804	二十六、副詞、介詞等/趁早兒	趁早	趁早	tʃʰɐn33 tʃu35	can3 zu2	趁早兒
11805	二十六、副詞、介詞等/抓緊、抓住時機	趁興	趁兴	tʃʰɐn33 heŋ33	can3 hing3	抓緊、抓住時機
11806	二十六、副詞、介詞等/湊熱鬧、添亂	趁鬨	趁哄	tʃʰɐn33 hʊŋ22	can3 hung6	湊熱鬧、添亂，「鬨」是圍攏、圍觀之義
11807	二十六、副詞、介詞等/拉屎還要湊熱鬧	屙屎打趁鬨	屙屎打趁哄	ɔ55 ʃi35 ta35 tʃʰɐn33 hʊŋ22	o1 si2 daa2 can3 hung6	拉屎還要湊熱鬧，俗語，比喻無聊的事情都要參與
11808	二十六、副詞、介詞等/早晚（隨時）	幾時	几时	ki35 ʃi21	gi2 si4	早晚（隨時：～來都行）
11809	二十六、副詞、介詞等/早晚（遲早）	遲早	迟早	tʃʰi21 tʃu35	ci4 zu2	早晚（遲早：～的事）
11810	二十六、副詞、介詞等/別急，別忙	𱤜緊	𱤜紧	mɐŋ21 kɐn35	mang4 gan2	別急，別忙
11811	二十六、副詞、介詞等/眼看	睇住	睇住	tʰɐi35 tʃy22	tai2 zyu6	眼看（～就到期了）
11812	二十六、副詞、介詞等/幸虧	好彩	好彩	hu35 tʃʰɔi35	hu2 coi2	幸虧1
11813	二十六、副詞、介詞等/幸虧	好彩數	好彩数	hu35 tʃʰɔi35 ʃu33	hu2 coi2 su3	幸虧2
11814	二十六、副詞、介詞等/幸虧	好在	好在	hu35 tʃɔi22	hu2 zoi6	幸虧3
11815	二十六、副詞、介詞等/幸虧	好在數	好在数	hu35 tʃɔi22 ʃu33	hu2 zoi6 su3	幸虧4
11816	二十六、副詞、介詞等/幸虧	幸得	幸得	hɐŋ22 tɐk5	hang6 dak1	幸虧5
11817	二十六、副詞、介詞等/幸虧	多得	多得	tɔ55 tɐk5	do1 dak1	幸虧6，多虧
11818	二十六、副詞、介詞等/好端端地	好地地	好地地	hu35 ti22 ti22	hu2 di6 di6	好端端地
11819	二十六、副詞、介詞等/無端端地	無𪐀𪐀	无𪐀𪐀	mu21 na55 na55	mu4 naa1 naa1	無端端地
11820	二十六、副詞、介詞等/無來頭	無厘頭	无厘头	mu21 li21 tʰɐu21	mu4 li4 tau4	無來頭，本是香港用法，因香港粵語「來」口語音讀同「厘」，故俗寫作「無厘頭」，指言行無來由，令人莫名其妙，隨着20世紀80年代至90年代周星馳電影的流行傳播至全國，包括南寧
11821	二十六、副詞、介詞等/難道	冇通	冇通	mu24 tʰʊŋ55	mu5 tung1	難道1，「難道」倒轉變「道難」，即道路難行，引申作不通
11822	二十六、副詞、介詞等/難道	唔通	唔通	m̩21 tʰʊŋ55	m4 tung1	難道2，老派，「難道」倒轉變「道難」，即道路難行，引申作不通
11823	二十六、副詞、介詞等/難怪	怪之得	怪之得	kʷai33 tʃi55 tɐk5	gwaai3 zi1 dak1	難怪1，怪不得
11824	二十六、副詞、介詞等/難怪	怪冇之得	怪冇之得	kʷai33 mu24 tʃi55 tɐk5	gwaai3 mu5 zi1 dak1	難怪2，怪不得
11825	二十六、副詞、介詞等/難怪	怪識得	怪识得	kʷai33 ʃek5 tɐk5	gwaai3 sik1 dak1	難怪3，怪不得
11826	二十六、副詞、介詞等/難怪	怪冇識得	怪冇识得	kʷai33 mu24 ʃek5 tɐk5	gwaai3 mu5 sik1 dak1	難怪4，怪不得
11827	二十六、副詞、介詞等/當面	當面	当面	tɔŋ55 min22	dong1 min6	當面
11828	二十六、副詞、介詞等/劈頭蓋臉	兜口兜面	兜口兜面	tɐu55 hɐu35 tɐu55 min22	dau1 hau2 dau1 min6	劈頭蓋臉
11829	二十六、副詞、介詞等/背地	背後	背后	pui33 hɐu22	bui3 hau6	背地
11830	二十六、副詞、介詞等/一塊兒	一齊	一齐	a55 tʃʰɐi21	aa1 cai4	一塊兒1（咱們～去）
11831	二十六、副詞、介詞等/一塊兒	大齊	大齐	tai22 tʃʰɐi21	daai6 cai4	一塊兒2
11832	二十六、副詞、介詞等/一塊兒	齊齊	齐齐	tʃʰɐi21 tʃʰɐi21	cai4 cai4	一塊兒3
11833	二十六、副詞、介詞等/一塊兒	一起	一起	a55 hi35	aa1 hi2	一塊兒4
11834	二十六、副詞、介詞等/一塊兒	做隊	做队	tʃu33 tui22	zu3 dui6	一塊兒5
11835	二十六、副詞、介詞等/寧可	寧可	宁可	neŋ21 hɔ35	ning4 ho2	寧可1
11836	二十六、副詞、介詞等/寧可	能可	能可	nɐŋ21 hɔ35	nang4 ho2	寧可2
11837	二十六、副詞、介詞等/寧可	情願	情愿	tʃʰeŋ21 jyn35	cing4 jyun2	寧可3
11838	二十六、副詞、介詞等/寧可	能願	能愿	nɐŋ21 jyn35	nang4 jyun2	寧可4
11839	二十六、副詞、介詞等/寧可	焉能	焉能	jin55 nɐŋ21	jin1 nang4	寧可5
11840	二十六、副詞、介詞等/就算	就準	就准	tʃɐu22 tʃɐn35	zau6 zan2	就算1.1
11841	二十六、副詞、介詞等/就算	就準	就准	tʃɐu22 tʃyn35	zau6 zyun2	就算1.2
11842	二十六、副詞、介詞等/應該	應份	应份	jeŋ55 fɐn22	jing1 fan6	應該
11843	二十六、副詞、介詞等/當然	規矩	规矩	kʷʰɐi55 ky35	kwai1 gyu2	當然
11844	二十六、副詞、介詞等/肯定	肯定	肯定	hɐŋ35 teŋ22	hang2 ding6	肯定1
11845	二十六、副詞、介詞等/肯定	規矩	规矩	kʷʰɐi55 ky35	kwai1 gyu2	肯定2
11846	二十六、副詞、介詞等/肯定	規定	规定	kʷʰɐi55 teŋ22	kwai1 ding6	肯定3
11847	二十六、副詞、介詞等/肯定	實	实	ʃɐt2	sat6	肯定4
11848	二十六、副詞、介詞等/肯定	梗	梗	kɐŋ35	gang2	肯定5，「箇肯」的合音
11849	二十六、副詞、介詞等/肯定	硬	硬	ŋaŋ35	ngaang2	肯定6
11850	二十六、副詞、介詞等/非要	係都要	系都要	hɐi22 tu55 jiu33	hai6 du1 jiu3	非要
11851	二十六、副詞、介詞等/怎麼也	同點都	同点都	tʰʊŋ21 tim35 tu55	tung4 dim2 du1	怎麼也
11852	二十六、副詞、介詞等/反正	橫直	横直	waŋ21 tʃek2	waang4 zik6	反正1
11853	二十六、副詞、介詞等/反正	橫極	横极	waŋ21 kek2	waang4 gik6	反正2
11854	二十六、副詞、介詞等/反正	反正	反正	fan35 tʃeŋ33	faan2 zing3	反正3
11855	二十六、副詞、介詞等/硬是	生硬	生硬	ʃaŋ55 ŋaŋ35	saang1 ngaang2	硬是1
11856	二十六、副詞、介詞等/硬是	生生	生生	ʃaŋ55 ʃaŋ55	saang1 saang1	硬是2
11857	二十六、副詞、介詞等/活活	生生	生生	ʃaŋ55 ʃaŋ55	saang1 saang1	活活（～捱撞死）
11858	二十六、副詞、介詞等/本來	生成	生成	ʃaŋ55 ʃeŋ21	saang1 sing4	本來（張檯～放喺啲嘅）
11859	二十六、副詞、介詞等/一個人	自己	自己	tʃi22 ki35	zi6 gi2	一個人1.1（我～去）
11860	二十六、副詞、介詞等/一個人	自己	自己	tsɿ22 ki35	zy6 gi2	一個人1.2（我～去）
11861	二十六、副詞、介詞等/全	總···齊	总···齐	tʃʊŋ35···tʃʰɐi21	zung2···cai4	全1（全班總去齊）
11862	二十六、副詞、介詞等/全	總	总	tʃʊŋ35	zung2	全2（檯上～是書）
11863	二十六、副詞、介詞等/全	冚唪唥	冚唪唥	hɐm22 pɐŋ22 lɐŋ22	ham6 bang6 lang6	全3，「唪」弱讀爲[pɐ22/pə22]，一說源自「合不剌/咸朋唥/咸不論」
11864	二十六、副詞、介詞等/僅、只	單	单	tan55	daan1	僅、只1
11865	二十六、副詞、介詞等/僅、只	單單	单单	tan55 tan55	daan1 daan1	僅、只2
11866	二十六、副詞、介詞等/不單止	冇單止	冇单止	mu24 tan55 tʃi35	mu5 daan1 zi2	不單止
11867	二十六、副詞、介詞等/只有	只有	只有	tʃi35 jɐu24	zi2 jau5	只有，相當於「僅僅」，只作副詞不作連詞，例如「～識得我花名，冇識得我嘅真名」
11868	二十六、副詞、介詞等/只能	只能	只能	tʃi35 nɐŋ21	zi2 nang4	只能
11869	二十六、副詞、介詞等/只是	只係	只系	tʃi35 hɐi22	zi2 hai6	只是
11870	二十六、副詞、介詞等/最	最	最	tʃui33	zui3	最1
11871	二十六、副詞、介詞等/最	至	至	tʃi33	zi3	最2
11872	二十六、副詞、介詞等/順便兒	順便	顺便	ʃɐn22 pin35	san6 bin2	順便兒1.1
11873	二十六、副詞、介詞等/順便兒	順便	顺便	ʃyn22 pin35	syun6 bin2	順便兒1.2
11874	二十六、副詞、介詞等/順便兒	就手	就手	tʃɐu22 ʃɐu35	zau6 sau2	順便兒2
11875	二十六、副詞、介詞等/順便兒	順手	顺手	ʃɐn22 ʃɐu35	san6 sau2	順便兒3.1
11876	二十六、副詞、介詞等/順便兒	順手	顺手	ʃyn22 ʃɐu35	syun6 sau2	順便兒3.2
11877	二十六、副詞、介詞等/順路、順道	就腳	就脚	tʃɐu22 kœk3	zau6 goek3	順路、順道
11878	二十六、副詞、介詞等/故意	特登	特登	tɐk2 tɐŋ55	dak6 dang1	故意1，專門、特地
11879	二十六、副詞、介詞等/故意	登功	登功	tɐŋ55 kʊŋ55	dang1 gung1	故意2，專門、特地
11880	二十六、副詞、介詞等/故意	專登	专登	tʃyn55 tɐŋ55	zyun1 dang1	故意3，專門、特地
11881	二十六、副詞、介詞等/到了兒	到底	到底	tu33 tɐi35	du3 dai2	到了兒1（佢～走了未，你要問清楚）
11882	二十六、副詞、介詞等/到了兒	究竟	究竟	kɐu33 keŋ33	gau3 ging3	到了兒2
11883	二十六、副詞、介詞等/壓根兒	根本	根本	kɐn55 pun35	gan1 bun2	壓根兒（佢～冇識得）
11884	二十六、副詞、介詞等/實在	真係	真系	tʃɐn55 hɐi22	zan1 hai6	實在1，確實（隻人～好）
11885	二十六、副詞、介詞等/實在	實在	实在	ʃɐt2 tʃɔi35	sat6 zoi2	實在2，確實
11886	二十六、副詞、介詞等/實在	正經	正经	tʃeŋ33 keŋ55	zing3 ging1	實在3，確實
11887	二十六、副詞、介詞等/實在	正式	正式	tʃeŋ33 ʃek5	zing3 sik1	實在4，確實
11888	二十六、副詞、介詞等/實在	確實	确实	kʰɔk3 ʃɐt2	kok3 sat6	實在5，確實（阿啲～係老字號啊）
11889	二十六、副詞、介詞等/實在	認真	认真	jeŋ35 tʃɐn55	jing2 zan1	實在6，確實
11890	二十六、副詞、介詞等/實在	直程	直程	zik6 cing4	zik6 cing4	實在7，確實（我哋一代人～係苦來）
11891	二十六、副詞、介詞等/在乎	志在	志在	tʃi33 tʃɔi22	zi3 zoi6	在乎
11892	二十六、副詞、介詞等/隨便（不認真）	求其	求其	kʰɐu21 kʰi21	kau4 ki4	隨便1，不認真
11893	二十六、副詞、介詞等/隨便（不認真）	是但	是但	ʃi22 tan22	si6 daan6	隨便2，不認真
11894	二十六、副詞、介詞等/任意	大勢	大势	tai22 ʃɐi33	daai6 sai3	任意（菜好多，～你食）
11895	二十六、副詞、介詞等/算了	罷就	罢就	pa22 tʃɐu22	baa6 zau6	算了1
11896	二十六、副詞、介詞等/算了	腏就	腏就	tʃʰɔt2 tʃɐu22	cot6 zau6	算了2，粗口作副詞
11897	二十六、副詞、介詞等/算了	罷滯	罢滞	pa22 tʃɐi22	baa6 zai6	算了3
11898	二十六、副詞、介詞等/平四十	上下四十	上下四十	ʃœŋ22 ha35 ɬi33 ʃɐp2	soeng6 haa2 sli3 sap6	平四十（接近四十：我已經～了）
11899	二十六、副詞、介詞等/一共	總共	总共	tʃʊŋ35 kʊŋ22	zung2 gung6	一共1，總共
11900	二十六、副詞、介詞等/一共	一共	一共	jɐt5 kʊŋ22	jat1 gung6	一共2.1，總共
11901	二十六、副詞、介詞等/一共	一共	一共	a55 kʊŋ22	aa1 gung6	一共2.2，總共
11902	二十六、副詞、介詞等/一共	一齊	一齐	a55 tʃʰɐi21	aa1 cai4	一共3，總共
11903	二十六、副詞、介詞等/一共	一起	一起	a55 hi35	aa1 hi2	一共4，總共
11904	二十六、副詞、介詞等/一概	一於	一于	jɐt5 jy55	jat1 jyu1	一概
11905	二十六、副詞、介詞等/一直	一直	一直	a55 tʃek2	aa1 zik6	一直1.1
11906	二十六、副詞、介詞等/一直	一直	一直	jɐt5 tʃek2	jat1 zik6	一直1.2
11907	二十六、副詞、介詞等/一直	一路	一路	a55 lu22	aa1 lu6	一直2.1（過哂5月份南寧市嘅天氣就會～噉熱落去）
11908	二十六、副詞、介詞等/一直	一路	一路	jɐt5 lu22	jat1 lu6	一直2.2（過哂5月份南寧市嘅天氣就會～噉熱落去）
11909	二十六、副詞、介詞等/向來	不溜	不溜	pɐt5 lɐu55	bat1 lau1	向來1，當源自「一溜」，老派，已罕用
11910	二十六、副詞、介詞等/向來	一路	一路	a55 lu22	aa1 lu6	向來2.1（佢～都係噉雞手鴨腳嘅）
11911	二十六、副詞、介詞等/向來	一路	一路	jɐt5 lu22	jat1 lu6	向來2.2（佢～都係噉雞手鴨腳嘅）
11912	二十六、副詞、介詞等/向來	一路來	一路来	a55 lu22 lɐi21	aa1 lu6 lai4	向來3.1（佢～都係戴眼鏡嘅，做乜嘢琴日冇見佢戴哂？）
11913	二十六、副詞、介詞等/向來	一路來	一路来	jɐt5 lu22 lɐi21	jat1 lu6 lai4	向來3.2（佢～都係戴眼鏡嘅，做乜嘢琴日冇見佢戴哂？）
11914	二十六、副詞、介詞等/一邊（～走，～說）	一面	一面	a55 min22	aa1 min6	一邊1.1（～行，～講）
11915	二十六、副詞、介詞等/一邊（～走，～說）	一面	一面	jɐt5 min22	jat1 min6	一邊1.2（～行，～講）
11916	二十六、副詞、介詞等/一邊（～走，～說）	一路	一路	a55 lu22	aa1 lu6	一邊2.1（～行，～講）
11917	二十六、副詞、介詞等/一邊（～走，～說）	一路	一路	jɐt5 lu22	jat1 lu6	一邊2.2（～行，～講）
11918	二十六、副詞、介詞等/不	冇	冇	mu24	mu5	不（架車～好），「無有」的合音，合音後只表否定
11919	二十六、副詞、介詞等/不用、不必	冇使	冇使	mu24 ʃɐi35	mu5 sai2	不用、不必
11920	二十六、副詞、介詞等/不要	冇要	冇要	mu24 jiu33	mu5 jiu3	不要
11921	二十六、副詞、介詞等/別	冇	冇	mu24	mu5	別（食飽飯～趯），「無有」的合音，合音後只表否定
11922	二十六、副詞、介詞等/沒有	冇有	冇有	mu24 jɐu24	mu5 jau5	沒有
11923	二十六、副詞、介詞等/不行	冇得	冇得	mu24 tɐk5	mu5 dak1	不行，應答語
11924	二十六、副詞、介詞等/行	得	得	tɐk5	dak1	行，應答語
11925	二十六、副詞、介詞等/還不行	𱤜得	𱤜得	mɐŋ21 tɐk5	mang4 dak1	還不行1，還沒成
11926	二十六、副詞、介詞等/還不行	未得	未得	mi22 tɐk5	mi6 dak1	還不行2，還沒成
11927	二十六、副詞、介詞等/不幹	冇做	冇做	mu24 tʃu33	mu5 zu3	不幹1
11928	二十六、副詞、介詞等/不幹	冇䎺	冇䎺	mu24 tʃɐi33	mu5 zai3	不幹2
11929	二十六、副詞、介詞等/不會	冇會	冇会	mu24 wui24	mu5 wui5	不會（他不會來了）
11930	二十六、副詞、介詞等/別急	𱤜緊	𱤜紧	mɐŋ21 kɐn35	mang4 gan2	別急1
11931	二十六、副詞、介詞等/別急	𱤜緊先	𱤜紧先	mɐŋ21 kɐn35 ɬin55	mang4 gan2 slin1	別急2，「先」有時也弱讀爲[lin55]
11932	二十六、副詞、介詞等/別急	冇緊	冇紧	mu24 kɐn35	mu5 gan2	別急3
11933	二十六、副詞、介詞等/別急	未緊	未紧	mi22 kɐn35	mi6 gan2	別急4
11934	二十六、副詞、介詞等/別急	未緊先	未紧先	mi22 kɐn35 ɬin55	mi6 gan2 slin1	別急5，「先」有時也弱讀爲[lin55]
11935	二十六、副詞、介詞等/白（不要錢、無代價）	白	白	pak2	baak6	白（不要錢：～吃）
11936	二十六、副詞、介詞等/白（空、徒然）	白	白	pak2	baak6	白1（空：～跑一趟）
11937	二十六、副詞、介詞等/白（空、徒然）	白白	白白	pak2 pak2	baak6 baak6	白2（空）
11938	二十六、副詞、介詞等/偏	硬	硬	ŋaŋ22	ngaang6	偏1.1（你不叫我去，我～去）
11939	二十六、副詞、介詞等/偏	硬	硬	ŋaŋ35	ngaang2	偏1.2（你不叫我去，我～去）
11940	二十六、副詞、介詞等/偏	硬係	硬系	ŋaŋ22 hɐi22	ngaang6 hai6	偏2.1
11941	二十六、副詞、介詞等/偏	硬係	硬系	ŋaŋ35 hɐi22	ngaang2 hai6	偏2.2
11942	二十六、副詞、介詞等/偏	硬要	硬要	ŋaŋ22 jiu33	ngaang6 jiu3	偏3.1
11943	二十六、副詞、介詞等/偏	硬要	硬要	ŋaŋ35 jiu33	ngaang2 jiu3	偏3.2
11944	二十六、副詞、介詞等/胡	亂	乱	lyn22	lyun6	胡（～搞，～講）
11945	二十六、副詞、介詞等/濫	濫	滥	lan22	laan6	濫（好，很喜歡：～笑，～哭，～食，～睡，～打麻將）
11946	二十六、副詞、介詞等/先（行爲或事件發生在前）	先	先	ɬin55	slin1	先（你～走，我跟手就來）
11947	二十六、副詞、介詞等/先（暫時）	開頭	开头	hɔi55 tʰɐu21	hoi1 tau4	先1（佢～冇識，後來至聽人講嘅）
11948	二十六、副詞、介詞等/先（暫時）	頭先	头先	tʰɐu21 ɬin55	tau4 slin1	先2
11949	二十六、副詞、介詞等/先（暫時）	先頭	先头	ɬin55 tʰɐu21	slin1 tau4	先3
11950	二十六、副詞、介詞等/隨後	跟手	跟手	kɐn55 ʃɐu35	gan1 sau2	隨後1（你行先，我～就來）
11951	二十六、副詞、介詞等/隨後	跟住	跟住	kɐn55 tʃy22	gan1 zyu6	隨後2
11952	二十六、副詞、介詞等/隨後	跟哂	跟哂	kɐn55 ɬai33	gan1 slaai3	隨後3
11953	二十六、副詞、介詞等/直接	直頭	直头	tʃek2 tʰɐu21	zik6 tau4	直接1（～到車站）
11954	二十六、副詞、介詞等/直接	直接	直接	tʃek2 tʃip3	zik6 zip3	直接2（～交給佢）
11955	二十六、副詞、介詞等/直接	直程	直程	zik6 cing4	zik6 cing4	直接3
11956	二十六、副詞、介詞等/連···也	埋	埋	mai21	maai4	連···也（攞～我阿份、啲錢佮～冇夠五百文），用於動詞後表擴充範圍
11957	二十六、副詞、介詞等/向···靠近	埋	埋	mai21	maai4	向···靠近（行～來），用於動詞後表趨向
11958	二十六、副詞、介詞等/再次	先	先	ɬin55	slin1	再次1.1（着多一件衫～）
11959	二十六、副詞、介詞等/再次	先	先	lin55	lin1	再次1.2（着多一件衫～）
11960	二十六、副詞、介詞等/再次	添	添	tʰim55	tim1	再次2（着多一件衫～），老派，已罕用
11961	二十六、副詞、介詞等/另外	另開	另开	leŋ22 hɔi55	ling6 hoi1	另外1
11962	二十六、副詞、介詞等/另外	另外	另外	leŋ22 ŋɔi22	ling6 ngoi6	另外2
11963	二十六、副詞、介詞等/另外的	另開嘅	另开嘅	leŋ22 hɔi55 kɛ33	ling6 hoi1 ge3	另外的1.1，別的
11964	二十六、副詞、介詞等/另外的	另開嘅	另开嘅	leŋ22 hɔi55 ɛ33	ling6 hoi1 e3	另外的1.2，別的
11965	二十六、副詞、介詞等/另外的	另外嘅	另外嘅	leŋ22 ŋɔi22 kɛ33	ling6 ngoi6 ge3	另外的2.1，別的
11966	二十六、副詞、介詞等/另外的	另外嘅	另外嘅	leŋ22 ŋɔi22 ɛ33	ling6 ngoi6 e3	另外的2.2，別的
11967	二十六、副詞、介詞等/被	捱	挨	ŋai21	ngaai4	被1（～狗咬一啖）
11968	二十六、副詞、介詞等/被	着	着	tʃœk2	zoek6	被2
11969	二十六、副詞、介詞等/對	對	对	tui33	dui3	對（你～佢好，佢就～你好）
11970	二十六、副詞、介詞等/對着	對住	对住	tui33 tʃy22	dui3 zyu6	對着
11971	二十六、副詞、介詞等/來	來	来	lɐi21	lai4	來（佢調～南寧哂）
11972	二十六、副詞、介詞等/到（往）	去	去	hy33	hyu3	到（往：～邊啲，往哪兒去）
11973	二十六、副詞、介詞等/到（到達、達到）	到	到	tu33	du3	到（到達：～邊日爲止）
11974	二十六、副詞、介詞等/到（動詞補語）	落	落	lɔk2	lok6	到1（動詞補語：丟～水裏頭；丟～牀），表趨向，向下或向裏統用「落」，向裏用「入」只有「出出入入」一詞
11975	二十六、副詞、介詞等/到（動詞補語）	上	上	ʃœŋ24	soeng5	到2（動詞補語：丟～牀），表趨向
11976	二十六、副詞、介詞等/過	過	过	kɔ33	go3	過（放啲書～阿便去），表動作位移方向
11977	二十六、副詞、介詞等/頭（臨、接近）	先	先	ɬin55	slin1	頭（在···之前：食飯之前，～洗手，頭吃飯要洗手）
11978	二十六、副詞、介詞等/在	喺	喺	hɐi35	hai2	在1（～邊啲住？）
11979	二十六、副詞、介詞等/在	喺個	喺个	hɐi35 kɔ33	hai2 go3	在2
11980	二十六、副詞、介詞等/在	打	打	ta35	daa2	在3，老派
11981	二十六、副詞、介詞等/在	打個	打个	ta35 kɔ33	daa2 go3	在4，老派
11982	二十六、副詞、介詞等/不在	冇喺	冇喺	mu24 hɐi35	mu5 hai2	不在（他～家）
11983	二十六、副詞、介詞等/在這裏、在那裏	喺啲	喺啲	hɐi35 ti55	hai2 di1	在這/那裏1
11984	二十六、副詞、介詞等/在這裏、在那裏	打啲	打啲	ta35 kɔ33	daa2 di1	在這/那裏2，老派
11985	二十六、副詞、介詞等/從	打	打	ta35	daa2	從1（～邊啲行？）
11986	二十六、副詞、介詞等/從	從	从	tʃʰʊŋ21	cung4	從2
11987	二十六、副詞、介詞等/從	由	由	jɐu21	jau4	從3
11988	二十六、副詞、介詞等/從	跟	跟	kɐn55	gan1	從4
11989	二十六、副詞、介詞等/自從	打	打	ta35	daa2	自從（～佢行以後，我一直冇放心）
11990	二十六、副詞、介詞等/從頭	從頭	从头	tʃʰʊŋ21 tʰɐu21	cung4 tau4	從頭
11991	二十六、副詞、介詞等/照（對着、向着）	照	照	tʃiu33	ziu3	照1（對着、向着：～噉做就好）
11992	二十六、副詞、介詞等/照（對着、向着）	照住	照住	tʃiu33 tʃy22	ziu3 zyu6	照2（對着、向着：～噉做就好）
11993	二十六、副詞、介詞等/照（依照、按照）	照	照	tʃiu33	ziu3	照（依照、按照：～我睇冇錯）
11994	二十六、副詞、介詞等/用	使	使	ʃɐi35	sai2	用1（你～毛筆寫）
11995	二十六、副詞、介詞等/用	抓	抓	ja55	jaa1	用2
11996	二十六、副詞、介詞等/用	擰	拧	neŋ55	ning1	用3，本字「拎」
11997	二十六、副詞、介詞等/順着	順住	顺住	ʃɐn22 tʃy22	san6 zyu6	順着1.1
11998	二十六、副詞、介詞等/順着	順住	顺住	ʃyn22 tʃy22	syun6 zyu6	順着1.2
11999	二十六、副詞、介詞等/沿着	順住	顺住	ʃɐn22 tʃy22	san6 zyu6	沿着1.1
12000	二十六、副詞、介詞等/沿着	順住	顺住	ʃyn22 tʃy22	syun6 zyu6	沿着1.2
12001	二十六、副詞、介詞等/互相	互相	互相	wu22 ɬœŋ55	wu6 sloeng1	互相1.1
12002	二十六、副詞、介詞等/互相	互相	互相	ŋ̍22 ɬœŋ55	ng6 sloeng1	互相1.2
12003	二十六、副詞、介詞等/朝	向	向	hœŋ33	hoeng3	朝（～後尾睇）
12004	二十六、副詞、介詞等/往	往	往	wɔŋ24	wong5	往（～東走）
12005	二十六、副詞、介詞等/替	幫	帮	pɔŋ55	bong1	替（你～我寫封信）
12006	二十六、副詞、介詞等/給	幫	帮	pɔŋ55	bong1	給1（～大家辦事）
12007	二十六、副詞、介詞等/給	同	同	tʰʊŋ21	tung4	給2
12008	二十六、副詞、介詞等/給	湊	凑	tʃʰɐu33	cau3	給3
12009	二十六、副詞、介詞等/給我	同我	同我	tʰʊŋ21 ŋɔ24	tung4 ngo5	給我1（虛用，加重語氣：你～食乾淨碗飯）
12010	二十六、副詞、介詞等/給我	湊我	凑我	tʃʰɐu33 ŋɔ24	cau3 ngo5	給我2
12011	二十六、副詞、介詞等/向	問	问	mɐn22	man6	向（～他打聽一下：問睇過佢）
12012	二十六、副詞、介詞等/問	問	问	mɐn22	man6	問（～佢借本書）
12013	二十六、副詞、介詞等/訪問	問	问	mɐn35	man2	訪問（～過我）
12014	二十六、副詞、介詞等/管···叫	吆···做	吆···做	ɛu55···tʃu33	eu1···zu3	管···叫1（有啲地方吆白薯做山藥）
12015	二十六、副詞、介詞等/管···叫	喊···做	喊···做	hɛm33···tʃu33	hem3···zu3	管···叫2（有啲地方喊白薯做山藥）
12016	二十六、副詞、介詞等/拿···當	擰···當	拧···当	neŋ55···tɔŋ33	ning1···dong3	拿···當1（牧民擰牛屎當柴燒）
12017	二十六、副詞、介詞等/拿···當	抓···當	抓···当	ja55···tɔŋ33	jaa1···dong3	拿···當2
12018	二十六、副詞、介詞等/像···一樣	當······噉	当······噉	tɔŋ33···kɐm35	dong3···gam2	像···一樣1
12019	二十六、副詞、介詞等/像···一樣	似······噉	似······噉	tʃʰi24···kɐm35	ci5···gam2	像···一樣2.1
12020	二十六、副詞、介詞等/像···一樣	似······噉	似······噉	tsʰɿ24···kɐm35	cy5···gam2	像···一樣2.2
12021	二十六、副詞、介詞等/像···一樣	同······噉	同······噉	tʰʊŋ21···kɐm35	tung4···gam2	像···一樣3
12022	二十六、副詞、介詞等/不像現在	冇當而家	冇当而家	mu24 tɔŋ33 ji21 ka55	mu5 dong3 ji4 gaa1	不像現在1
12023	二十六、副詞、介詞等/不像現在	冇似而家	冇似而家	mu24 tʃʰi24 ji21 ka55	mu5 ci5 ji4 gaa1	不像現在2.1
12024	二十六、副詞、介詞等/不像現在	冇似而家	冇似而家	mu24 tsʰɿ24 ji21 ka55	mu5 cy5 ji4 gaa1	不像現在2.2
12025	二十六、副詞、介詞等/不像現在	冇同而家	冇同而家	mu24 tʰʊŋ21 ji21 ka55	mu5 tung4 ji4 gaa1	不像現在3
12026	二十六、副詞、介詞等/好像	好似	好似	hu35 tʃʰi24	hu2 ci5	好像1.1，語流中「似」字易變陰去調
12027	二十六、副詞、介詞等/好像	好似	好似	hu35 tsʰɿ24	hu2 cy5	好像1.2
12028	二十六、副詞、介詞等/從小	從細	从细	tʃʰʊŋ21 ɬɐi33	cung4 slai3	從小1
12029	二十六、副詞、介詞等/從小	由細	由细	jɐu21 ɬɐi33	jau4 slai3	從小2
12030	二十六、副詞、介詞等/從小	自細	自细	tʃi22 ɬɐi33	zi6 slai3	從小3.1
12031	二十六、副詞、介詞等/從小	自細	自细	tsɿ22 ɬɐi33	zy6 slai3	從小3.2
12032	二十六、副詞、介詞等/從小到大	由細到大	由细到大	jɐu21 ɬɐi33 tu33 tai22	jau4 slai3 du3 daai6	從小到大1
12033	二十六、副詞、介詞等/從小到大	從細到大	从细到大	tʃʰʊŋ21 ɬɐi33 tu33 tai22	cung4 slai3 du3 daai6	從小到大2
12034	二十六、副詞、介詞等/從小到大	自細到大	自细到大	tʃi22 ɬɐi33 tu33 tai22	zi6 slai3 du3 daai6	從小到大3.1
12035	二十六、副詞、介詞等/從小到大	自細到大	自细到大	tsɿ22 ɬɐi33 tu33 tai22	zy6 slai3 du3 daai6	從小到大3.2
12036	二十六、副詞、介詞等/趕	趕	赶	kɔn35	gon2	趕（你着天黑以前～到）
12037	二十六、副詞、介詞等/輪流	輪攞	轮攞	lɐn21 tʃɔ35	lan4 zo2	輪流1.1
12038	二十六、副詞、介詞等/輪流	輪攞	轮攞	lɐn21 tʃʰɔ35	lan4 co2	輪流1.2
12039	二十六、副詞、介詞等/非常	冇識幾	冇识几	mu24 ʃek5 ki35	mu5 sik1 gi2	非常1
12040	二十六、副詞、介詞等/非常	不知幾	不知几	pɐt5 tʃi55 ki35	bat1 zi1 gi2	非常2
12041	二十六、副詞、介詞等/非常	太	太	tʰai33	taai3	非常3
12042	二十六、副詞、介詞等/非常	好鬼	好鬼	hu33 kʷɐi35	hu3 gwai2	非常4
12043	二十六、副詞、介詞等/非常	鬼噉	鬼噉	kʷɐi35 kɐm35	gwai2 gam2	非常5
12044	二十六、副詞、介詞等/···才···	至	至	tʃi33	zi3	···纔···1
12045	二十六、副詞、介詞等/···才···	問至	问至	mɐn22 tʃi33	man6 zi3	···纔···2
12046	二十六、副詞、介詞等/···才···	先至	先至	ɬin55 tʃi33	slin1 zi3	···纔···3，老派
12047	二十六、副詞、介詞等/···才···	先	先	ɬin55	slin1	···纔···4，老派
12048	二十六、副詞、介詞等/大不了	最多	最多	tʃui33 tɔ55	zui3 do1	大不了1
12049	二十六、副詞、介詞等/大不了	至多	至多	tʃi33 tɔ55	zi3 do1	大不了2
12050	二十六、副詞、介詞等/何必	使乜嘢	使乜嘢	ʃɐi35 mɐt5 jɛ24	sai2 mat1 je5	何必1.1（佢自己搞得掂，你～噉着緊？）
12051	二十六、副詞、介詞等/何必	使乜嘢	使乜嘢	ʃɐi35 mɛ55 ɛ24	sai2 me1 e5	何必1.2（佢自己搞得掂，你～噉着緊？）
12052	二十六、副詞、介詞等/纔好	至好	至好	tʃi33 hu35	zi3 hu2	纔好
12053	二十六、副詞、介詞等/最好	最好	最好	tʃui33 hu35	zui3 hu2	最好1
12054	二十六、副詞、介詞等/最好	至好	至好	tʃi33 hu35	zi3 hu2	最好2
12055	二十六、副詞、介詞等/就	就	就	tʃɐu22	zau6	就（我食哂飯～去）
12056	二十六、副詞、介詞等/還	仲	仲	tʃʊŋ22	zung6	還，本字「重」
12057	二十六、副詞、介詞等/還	重	重	tʃʊŋ22	zung6	還，俗字「仲」
12058	二十六、副詞、介詞等/又	又	又	jɐu22	jau6	又（講哂～講）
12059	二十六、副詞、介詞等/再	再	再	tʃɔi33	zoi3	再（你明天～來）
12060	二十六、副詞、介詞等/也	又	又	jɐu22	jau6	也1（你去我～去、工作時間～冇算短～冇算長）
12061	二十六、副詞、介詞等/也	亦	亦	jek2	jik6	也2（你去我～去、我哋飲食業～都有一抓準）
12062	二十六、副詞、介詞等/也	都	都	tu55	du1	也3（落雨～着去）
12063	二十六、副詞、介詞等/也是	又係	又系	jɐu22 hɐi22	jau6 hai6	也是1
12064	二十六、副詞、介詞等/也是	亦係	亦系	jek2 hɐi22	jik6 hai6	也是2
12065	二十六、副詞、介詞等/也是	都係	都系	tu55 hɐi22	du1 hai6	也是3
12066	二十六、副詞、介詞等/也都是	亦都係	亦都系	jek2 tu55 hɐi22	jik6 du1 hai6	也都是
12067	二十六、副詞、介詞等/也好	又好	又好	jɐu22 hu35	jau6 hu2	也好1
12068	二十六、副詞、介詞等/也好	亦好	亦好	jek2 hu35	jik6 hu2	也好2
12069	二十六、副詞、介詞等/也好	都好	都好	tu55 hu35	du1 hu2	也好3
12070	二十六、副詞、介詞等/也都好	亦都好	亦都好	jek2 tu55 hu35	jik6 du1 hu2	也都好
12071	二十六、副詞、介詞等/也都	亦都	亦都	jek2 tu55	jik6 du1	也都（～有、～係、～好）
12072	二十六、副詞、介詞等/···也好···也好	···又好···又好	···又好···又好	···jɐu22 hu35···jɐu22 hu35	···jau6 hu2···jau6 hu2	···也好···也好1（粉肝又好，沙肝又好，切哂以後要水洗過），「又」字常弱讀爲[ɐ22/ə22]，甚至省略
12073	二十六、副詞、介詞等/···也好···也好	···好···好	···好···好	··· hu35···hu35	···hu2···hu2	···也好···也好2（粉肝好，沙肝好，切哂以後要水洗過），此處的「好」本爲「又好」的省略
12074	二十六、副詞、介詞等/···也好···也好	···都好···都好	···都好···都好	···tu55 hu35···tu55 hu35	···du1 hu2···du1 hu2	···也好···也好3（起碼佢自己個體戶啊，收入幾千文都好，成萬文都好，佢都有哂啊）
12075	二十六、副詞、介詞等/···也行···也行	···又得···又得	···又得···又得	···jɐu22 tɐk5···jɐu22 tɐk5	···jau6 dak1···jau6 dak1	···也行···也行（煲骨頭又得，煲雞又得，你都放一啲落去），「又」字常弱讀爲[ɐ22/ə22]
12076	二十六、副詞、介詞等/也算	都算	都算	tu55 ɬyn33	du1 slyun3	也算（～你係長壽咯喎）
12077	二十六、副詞、介詞等/也是算	都係算	都系算	tu55 hɐi22 ɬyn33	du1 hai6 slyun3	也是算（陳皮燉鴨嚕陣時～係比較名牌嘅菜啊）
12078	二十六、副詞、介詞等/完	齊	齐	tʃʰɐi21	cai4	完1
12079	二十六、副詞、介詞等/完	哂	哂	ɬai33	slaai3	完2，又作「嗮/晒」字，弱讀爲[lai33]
12080	二十六、副詞、介詞等/加上	加上	加上	ka55 ʃœŋ24	gaa1 soeng5	加上1
12081	二十六、副詞、介詞等/加上	兼之	兼之	kim55 tʃi55	gim1 zi1	加上2
12082	二十六、副詞、介詞等/更加	多	多	tɔ55	do1	更加1（另開種顏色～好睇）
12083	二十六、副詞、介詞等/更加	加	加	ka55	gaa1	更加2（另開種顏色～好睇）
12084	二十六、副詞、介詞等/更好	好過	好过	hu35 kɔ33	hu2 go3	更好（重[tʃʊŋ22]～），用於比較
12085	二十六、副詞、介詞等/拼命地、不停地	猛得	猛得	maŋ24 tɐk5	maang5 dak1	拼命地、不停地1
12086	二十六、副詞、介詞等/拼命地、不停地	猛過	猛过	maŋ24 kɔ33	maang5 go3	拼命地、不停地2
12087	二十六、副詞、介詞等/拼命地、不停地	猛	猛	maŋ24	maang5	拼命地、不停地3
12088	二十六、副詞、介詞等/拼命地、不停地	猛得過	猛得过	maŋ24 tɐk5 kɔ33	maang5 dak1 go3	拼命地、不停地4
12089	二十六、副詞、介詞等/拼命地、不停地	猛噉	猛噉	maŋ24 kɐm35	maang5 gam2	拼命地、不停地5
12090	二十六、副詞、介詞等/拼命地、不停地	密得	密得	mɐt2 tɐk5	mat6 dak1	拼命地、不停地6
12091	二十六、副詞、介詞等/拼命地、不停地	密得過	密得过	mɐt2 tɐk5 kɔ33	mat6 dak1 go3	拼命地、不停地7
12092	二十六、副詞、介詞等/尚未	𱤜	𱤜	mɐŋ21	mang4	尚未，未曾，「未曾」的合音
12093	二十六、副詞、介詞等/被迫、不得已	着	着	tʃœk2	zoek6	被迫、不得已1
12094	二十六、副詞、介詞等/被迫、不得已	侷着	局着	kʊk2 tʃœk2	guk6 zoek6	被迫、不得已2
12095	二十六、副詞、介詞等/料定	睇白	睇白	tʰɐi35 pak2	tai2 baak6	料定1
12096	二十六、副詞、介詞等/料定	斷估	断估	tyn33 ku35	dyun3 gu2	料定2
12097	二十六、副詞、介詞等/勉強	夾硬	夹硬	kap3 ŋaŋ35	gaap3 ngaang2	勉強
12098	二十六、副詞、介詞等/硬充	充硬	充硬	tʃʰʊŋ55 ŋaŋ35	cung1 ngaang2	硬充，硬裝
12099	二十六、副詞、介詞等/終於	卒之	卒之	tʃɐt5 tʃi55	zat1 zi1	終於1.1
12100	二十六、副詞、介詞等/終於	卒之	卒之	tʃyt5 tʃi55	zyut1 zi1	終於1.2
12101	二十六、副詞、介詞等/終於	終歸	终归	tʃʊŋ55 kʷɐi55	zung1 gwai1	終於2
12102	二十六、副詞、介詞等/終於	終於	终于	tʃʊŋ55 jy55	zung1 jyu1	終於3
12103	二十六、副詞、介詞等/等會兒	等陣	等阵	tɐŋ35 tʃɐn22	dang2 zan6	等會兒1
12104	二十六、副詞、介詞等/等會兒	等陣間	等阵间	tɐŋ35 tʃɐn22 kɛn55	dang2 zan6 gen1	等會兒2
12105	二十六、副詞、介詞等/突然間	突然間	突然间	tɐt2 jin21 kɛn55	dat6 jin4 gen1	突然間
12106	二十六、副詞、介詞等/只管	即管	即管	tʃek5 kun35	zik1 gun2	只管1.1
12107	二十六、副詞、介詞等/只管	即管	即管	tʃi55 kun35	zi1 gun2	只管1.2，「即」爲弱讀
12108	二十六、副詞、介詞等/就是	即係	即系	tʃek5 hɐi22	zik1 hai6	就是1.1
12109	二十六、副詞、介詞等/就是	即係	即系	tʃi55 hɐi22	zi1 hai6	就是1.2，「即」爲弱讀
12110	二十六、副詞、介詞等/就是說	即係講	即系讲	tʃek5 hɐi22 kɔŋ35	zik1 hai6 gong2	就是說1.1
12111	二十六、副詞、介詞等/就是說	即係講	即系讲	tʃi55 hɐi22 kɔŋ35	zi1 hai6 gong2	就是說1.2，「即」爲弱讀
12112	二十六、副詞、介詞等/就是說	就係講	就系讲	tʃɐu22 hɐi22 kɔŋ35	zau6 hai6 gong2	就是說2，新派用法
12113	二十六、副詞、介詞等/就是說	意思講	意思讲	ji33 ʃi55 kɔŋ35	ji3 si1 gong2	就是說3.1
12114	二十六、副詞、介詞等/就是說	意思講	意思讲	ji33 sɿ55 kɔŋ35	ji3 sy1 gong2	就是說3.2
12115	二十六、副詞、介詞等/總是	逢之	逢之	fʊŋ21 tʃi55	fung4 zi1	總是1（只要係朝早上課佢～遲到）
12116	二十六、副詞、介詞等/總是	逢指	逢指	fʊŋ21 tʃi35	fung4 zi2	總是2，「指」當爲「之」的變調，諧音「奉旨」
12117	二十六、副詞、介詞等/凡是	凡係	凡系	fan21 hɐi22	faan4 hai6	凡是1，新派用法
12118	二十六、副詞、介詞等/凡是	逢係	逢系	fʊŋ21 hɐi22	fung4 hai6	凡是2，老派用法
12119	二十六、副詞、介詞等/凡有	凡有	凡有	fan21 jɐu24	faan4 jau5	凡有1，新派用法
12120	二十六、副詞、介詞等/凡有	逢有	逢有	fʊŋ21 jɐu24	fung4 jau5	凡有2，老派用法
12121	二十六、副詞、介詞等/一個勁兒	一味	一味	a55 mi35	aa1 mi2	一個勁兒（冇理風好雨好，～出力做）
12122	二十六、副詞、介詞等/免得、省得	賺得	赚得	tʃan22 tɐk5	zaan6 dak1	免得、省得1.1
12123	二十六、副詞、介詞等/免得、省得	賺得	赚得	tʃan35 tɐk5	zaan2 dak1	免得、省得1.2
12124	二十六、副詞、介詞等/懶得	懶得	懒得	lan24 tɐk5	laan5 dak1	懶得
12125	二十六、副詞、介詞等/不論、不管	冇論	冇论	mu24 lɐn22	mu5 lan6	不論、不管1.1（～怎麼勸他都不聽）
12126	二十六、副詞、介詞等/不論、不管	冇論	冇论	mu24 lyn22	mu5 lyun6	不論、不管1.2（～怎麼勸他都不聽）
12127	二十六、副詞、介詞等/不論、不管	冇理	冇理	mu24 li24	mu5 li5	不論、不管2（～怎麼勸他都不聽）
12128	二十六、副詞、介詞等/同	中	中	tʃʊŋ33	zung3	同（我同你～一個班、佢哋～一間房、我哋～一隻部門、佢哋～一天生日），正好同處在、恰好同處於
12129	二十七、連詞/與	同	同	tʰʊŋ21	tung4	與1
12130	二十七、連詞/與	和	和	hɔ21	ho4	與2
12131	二十七、連詞/與	同埋	同埋	tʰʊŋ21 mai21	tung4 maai4	與3
12132	二十七、連詞/與	湊	凑	tʃʰɐu33	cau3	與4
12133	二十七、連詞/與	湊埋	凑埋	tʃʰɐu33 mai21	cau3 maai4	與5
12134	二十七、連詞/與	佮埋	佮埋	kɐp3 mai21	gap3 maai4	與6
12135	二十七、連詞/與	連埋	连埋	lin21 mai21	lin4 maai4	與7
12136	二十七、連詞/一起	一齊	一齐	jɐt5 tʃʰɐi21	jat1 cai4	一起
12137	二十七、連詞/否則（不然）	冇是	冇是	mu24 ʃi22	mu5 si6	否則1（不然）
12138	二十七、連詞/否則（不然）	冇是就	冇是就	mu24 ʃi22 tʃɐu22	mu5 si6 zau6	否則2（不然）
12139	二十七、連詞/否則（不然）	一係就	一系就	a55 hɐi22 tʃɐu22	aa1 hai6 zau6	否則3（不然）
12140	二十七、連詞/否則（不然）	冇是親	冇是亲	mu24 ʃi22 tʃʰɐn55	mu5 si6 can1	否則4（不然）
12141	二十七、連詞/要不然	要冇是	要冇是	jiu33 mu24 ʃi22	jiu3 mu5 si6	要不然1
12142	二十七、連詞/要不然	要冇然	要冇然	jiu33 mu24 jin21	jiu3 mu5 jin4	要不然2
12143	二十七、連詞/要不然	要冇係	要冇系	jiu33 mu24 hɐi22	jiu3 mu5 hai6	要不然3
12144	二十七、連詞/要不然	一冇係	一冇系	a55 mu24 hɐi22	aa1 mu5 hai6	要不然4
12145	二十七、連詞/即使	就準	就准	tʃɐu22 tʃɐn35	zau6 zan2	即使1.1
12146	二十七、連詞/即使	就準	就准	tʃɐu22 tʃyn35	zau6 zyun2	即使1.2
12147	二十七、連詞/即使	就算	就算	tʃɐu22 ɬyn33	zau6 slyun3	即使2
12148	二十七、連詞/即使	就算係	就算系	tʃɐu22 ɬyn33 hɐi22	zau6 slyun3 hai6	即使3
12149	二十七、連詞/然後	然後	然后	jin21 hɐu22	jin4 hau6	然後1
12150	二十七、連詞/然後	然之後	然之后	jin21 tʃi55 hɐu22	jin4 zi1 hau6	然後2
12151	二十七、連詞/或···或	係···一係	系···一系	hɐi22···a55 hɐi22	hai6···aa1 hai6	或···或1
12152	二十七、連詞/或···或	···一係···	···一系···	···a55 hɐi22···	···aa1 hai6···	或···或2
12153	二十七、連詞/反而	倒返	倒返	tu33 fan55	du3 faan1	反而1
12154	二十七、連詞/反而	倒反	倒反	tu33 fan35	du3 faan2	反而2
12155	二十七、連詞/反而	倒還	倒还	tu33 wɛn21	du3 wen4	反而3
12156	二十七、連詞/如果	若果	若果	jœk2 kɔ35	joek6 go2	如果1（～忙你就別來了）
12157	二十七、連詞/如果	如果	如果	jy21 kɔ35	jyu4 go2	如果2.1
12158	二十七、連詞/如果	如果	如果	jy21 ku35	jyu4 gu2	如果2.2，語流音變
12159	二十七、連詞/歸	還	还	wɛn21	wen4	歸（連用表互不相干，講～講，做～做，或表讓步，我去～去，但冇食飯）
12160	二十七、連詞/正如···所說	話事偈	话事偈	wa22 ʃi22 kɐi35	waa6 si6 gai2	正如···所說1.1
12161	二十七、連詞/正如···所說	話事偈	话事偈	wa22 sɿ22 kɐi35	waa6 sy6 gai2	正如···所說1.2
12162	二十八、量詞/隻	隻	只	tʃɛk3	zek3	隻1.1，個（一～人），頭（一～牛/豬），隻（一～狗/雞/蚊子）
12163	二十八、量詞/隻	隻	只	tʃek3	zik3	隻1.2，個（一～人），頭（一～牛/豬），隻（一～狗/雞/蚊子）
12164	二十八、量詞/一把椅子	一張椅	一张椅	a55 tʃœŋ55 ji35	aa1 zoeng1 ji2	一把椅子
12165	二十八、量詞/一把凳子	一張凳	一张凳	a55 tʃœŋ55 tɐŋ33	aa1 zoeng1 dang3	一把凳子
12166	二十八、量詞/一把（刀）	一把	一把	a55 pa35	aa1 baa2	一把1（刀、鎖、鉗、鉸剪）
12167	二十八、量詞/一把（刀）	一張	一张	a55 tʃœŋ55	aa1 zoeng1	一把2（刀）
12168	二十八、量詞/一把刀	一把刀	一把刀	a55 pa35 tu55	aa1 baa2 du1	一把刀1.1
12169	二十八、量詞/一把刀	一把刀	一把刀	jɐt5 pa35 tu55	jat1 baa2 du1	一把刀1.2
12170	二十八、量詞/一把剪子	一把剪刀	一把剪刀	a55 pa35 tʃin35 tu55	aa1 baa2 zin2 du1	一把剪子1.1
12171	二十八、量詞/一把剪子	一把剪刀	一把剪刀	jɐt5 pa35 tʃin35 tu55	jat1 baa2 zin2 du1	一把剪子1.2
12172	二十八、量詞/一把勺子	一隻匙羹	一只匙羹	a55 tʃɛk3 tʃʰi21 kaŋ55	aa1 zek3 ci4 gaang1	一把勺子
12173	二十八、量詞/一把湯勺	一隻殼	一只壳	a55 tʃɛk3 hɔk3	aa1 zek3 hok3	一把湯勺
12174	二十八、量詞/一桿（秤）	一把	一把	a55 pa35	aa1 baa2	一桿（秤）
12175	二十八、量詞/一口（缸）	一隻	一只	a55 tʃɛk3	aa1 zek3	一口（缸）
12176	二十八、量詞/一把（米）	一把	一把	a55 pa35	aa1 baa2	一把1（米）
12177	二十八、量詞/一把（米）	一抓	一抓	a55 tʃa55	aa1 zaa1	一把2.1（米）
12178	二十八、量詞/一把（米）	一抓	一抓	a55 ja55	aa1 jaa1	一把2.2（米）
12179	二十八、量詞/一把（米）	一執	一执	a55 tʃɐp5	aa1 zap1	一把3（米、鹽）
12180	二十八、量詞/一抓準	一抓準	一抓准	a55 tʃa55 tʃɐn35	aa1 zaa1 zan2	一抓準1.1，舊時有些營業員抓糖果能一把抓足秤
12181	二十八、量詞/一抓準	一抓準	一抓准	a55 tʃa55 tʃyn35	aa1 zaa1 zyun2	一抓準1.2，舊時有些營業員抓糖果能一把抓足秤
12182	二十八、量詞/一把（聲）	一把聲	一把声	a55 pa35 ʃɛŋ55	aa1 baa2 seng1	一把聲
12183	二十八、量詞/一把（手）	一把手	一把手	a55 pa35 ʃɐu35	aa1 baa2 sau2	一把手
12184	二十八、量詞/一把赤腳	一把赤腳	一把赤脚	a55 pa35 tʃʰi33 kœk3	aa1 baa2 ci3 goek3	一把赤腳1.1
12185	二十八、量詞/一把赤腳	一把赤腳	一把赤脚	a55 pʰa35 tʃʰi33 kœk3	aa1 paa2 ci3 goek3	一把赤腳1.2
12186	二十八、量詞/一班、一次（車）	一趟	一趟	a55 tʰɔŋ33	aa1 tong3	一班、一次1（車）
12187	二十八、量詞/一班、一次（車）	一班	一班	a55 pan55	aa1 baan1	一班、一次2（車）
12188	二十八、量詞/一代（人）	一代	一代	a55 tɔi22	aa1 doi6	一代1（人），一輩（人）
12189	二十八、量詞/一代（人）	一趟	一趟	a55 tʰɔŋ33	aa1 tong3	一代2（人），一輩（人）
12190	二十八、量詞/一瓣（花瓣）	一片	一片	a55 pʰin33	aa1 pin3	一瓣（花瓣）
12191	二十八、量詞/一幫（人）	一幫	一帮	a55 pɔŋ55	aa1 bong1	一幫1（人）
12192	二十八、量詞/一幫（人）	一羣	一群	a55 kʷʰɐn21	aa1 kwan4	一幫2（人）
12193	二十八、量詞/一幫（人）	一幫啷	一帮啷	a55 pɔŋ55 lɔŋ55	aa1 bong1 lɔŋ55	一幫3（人），「幫啷」實爲「幫」的分音
12194	二十八、量詞/一杯（茶）	一杯	一杯	a55 pui55	aa1 bui1	一杯1（茶）
12195	二十八、量詞/一杯（茶）	一盅	一盅	a55 tʃʊŋ55	aa1 zung1	一杯2（茶）
12196	二十八、量詞/一盅（燒酒）	一盅	一盅	a55 tʃʊŋ55	aa1 zung1	一盅1（燒酒）
12197	二十八、量詞/一盅（燒酒）	一杯	一杯	a55 pui55	aa1 bui1	一盅2（燒酒）
12198	二十八、量詞/一撥兒（人）	一幫	一帮	a55 pɔŋ55	aa1 bong1	一撥兒（人）
12199	二十八、量詞/一夥兒（人）	一幫	一帮	a55 pɔŋ55	aa1 bong1	一夥兒（人）
12200	二十八、量詞/一包（花生）	一包	一包	a55 pɛu55	aa1 beu1	一包（花生）
12201	二十八、量詞/一筆（款）	一筆錢	一笔钱	a55 pɐt5 tʃʰin21	aa1 bat1 cin4	一筆款1
12202	二十八、量詞/一筆（款）	一匹錢	一匹钱	a55 pʰɐt5 tʃʰin21	aa1 pat1 cin4	一筆款2
12203	二十八、量詞/一筆（生意）	一單	一单	a55 tan55	aa1 daan1	一筆（生意）
12204	二十八、量詞/一餅（茶滓、蚊香、麪、帶）	一餅	一饼	a55 pɛŋ35	aa1 beng2	一餅（茶滓、蚊香、麪、帶），一盤、一片，用於扁狀物品
12205	二十八、量詞/一餅茶滓	一餅茶滓	一饼茶滓	a55 pɛŋ35 tʃʰa21 tʃɐi35	aa1 beng2 caa4 zai2	一餅茶滓，訓讀「一餅茶崽」
12206	二十八、量詞/一餅蚊香	一餅蚊香	一饼蚊香	a55 pɛŋ35 mɐn55 hœŋ55	aa1 beng2 man1 hoeng1	一餅蚊香
12207	二十八、量詞/一餅磁帶	一餅帶	一饼带	a55 pɛŋ35 tai33	aa1 beng2 daai3	一餅磁帶
12208	二十八、量詞/一部（書）	一部	一部	a55 pu22	aa1 bu6	一部（書）
12209	二十八、量詞/一本（書）	一本	一本	a55 pun35	aa1 bun2	一本（書）
12210	二十八、量詞/一層（紙）	一層	一层	a55 tʃʰɐŋ21	aa1 cang4	一層（紙）
12211	二十八、量詞/一層（皮）	一層	一层	a55 tʃʰɐŋ21	aa1 cang4	一層1（皮）
12212	二十八、量詞/一層（皮）	一浸	一浸	a55 tʃʰɐm33	aa1 cam3	一層2.1（皮），「浸[tʃʰɐm33]」或爲「層深」的合音
12213	二十八、量詞/一層（皮）	一浸	一浸	a55 tʃɐm33	aa1 zam3	一層2.2（皮），又音
12214	二十八、量詞/一層（樓）	一層	一层	a55 tʃʰɐŋ21	aa1 cang4	一層（樓）
12215	二十八、量詞/一場（雨、電影）	一場	一场	a55 tʃʰœŋ21	aa1 coeng4	一場（雨、電影）
12216	二十八、量詞/一池子（水）	一池	一池	a55 tʃʰi21	aa1 ci4	一池子1（水）
12217	二十八、量詞/一池子（水）	一氹	一氹	a55 tʰɐm24	aa1 tam5	一池子2（水）
12218	二十八、量詞/一齣（戲）	一齣	一出	a55 tʃʰyt5	aa1 cyut1	一齣（戲）
12219	二十八、量詞/一處（地方）	一笪定	一笪定	a55 tat3 tɛŋ22	aa1 daat3 deng6	一處地方1
12220	二十八、量詞/一處（地方）	一笪定方	一笪定方	a55 tat3 tɛŋ22 fɔŋ55	aa1 daat3 deng6 fong1	一處地方1
12221	二十八、量詞/一櫥（書）	一櫃	一柜	a55 kʷɐi22	aa1 gwai6	一櫥（書）
12222	二十八、量詞/一抽屜（文件）	一櫃桶	一柜桶	a55 kʷɐi22 tʰʊŋ35	aa1 gwai6 tung2	一抽屜（文件）
12223	二十八、量詞/一槽（牙）	一槽	一槽	a55 tʃʰu21	aa1 cu4	一槽（牙）
12224	二十八、量詞/一牀被子	一番被	一番被	a55 fan55 pʰi24	aa1 faan1 pi5	一牀被子1
12225	二十八、量詞/一牀被子	一番被	一番被	jɐt5 fan55 pʰi24	jat1 faan1 pi5	一牀被子2
12226	二十八、量詞/一牀蓆子	一番蓆	一番席	a55 fan55 tʃɛk2	aa1 faan1 zek6	一牀蓆子1
12227	二十八、量詞/一牀蓆子	一番蓆	一番席	jɐt5 fan55 tʃɛk2	jat1 faan1 zek6	一牀蓆子2
12228	二十八、量詞/一牀（被子、毯）	一牀	一床	a55 tʃʰɔŋ21	aa1 cong4	一牀1（被子、毯、氈）
12229	二十八、量詞/一牀（被子、毯）	一堂	一堂	a55 tʰɔŋ21	aa1 tong4	一牀2（被子、毯、氈）
12230	二十八、量詞/一牀（被子、毯）	一番	一番	a55 fan55	aa1 faan1	一牀3（被子、毯、氈），一領/張（蓆子）
12231	二十八、量詞/一牀（被子、毯）	一張	一张	a55 tʃœŋ55	aa1 zoeng1	一牀4（被子、毯、氈），一領/張（蓆子）
12232	二十八、量詞/一牀（蚊帳）	一牀	一床	a55 tʃʰɔŋ21	aa1 cong4	一牀1（蚊帳）
12233	二十八、量詞/一牀（蚊帳）	一堂	一堂	a55 tʰɔŋ21	aa1 tong4	一牀2（蚊帳）
12234	二十八、量詞/一牀（蚊帳）	一番	一番	a55 fan55	aa1 faan1	一牀3（蚊帳）
12235	二十八、量詞/一牀（蚊帳）	一張	一张	a55 tʃœŋ55	aa1 zoeng1	一牀4（蚊帳）
12236	二十八、量詞/一沓兒（紙）	一沓	一沓	a55 tap2	aa1 daap6	一沓兒（紙、信、衫）
12237	二十八、量詞/一滴（雨）	一滴	一滴	a55 tek5	aa1 dik1	一滴（雨）
12238	二十八、量詞/一盤（發糕、年糕、蘿蔔糕）	一底	一底	a55 tɐi35	aa1 dai2	一盤（發糕、年糕、蘿蔔糕），用於未切開的整塊糕點
12239	二十八、量詞/一盤發糕	一底發糕	一底发糕	a55 tɐi35 fat3 ku55	aa1 dai2 faat3 gu1	一盤發糕
12240	二十八、量詞/一盤年糕	一底年糕	一底年糕	a55 tɐi35 nin21 ku55	aa1 dai2 nin4 gu1	一盤年糕
12241	二十八、量詞/一碟兒（小菜）	一碟	一碟	a55 tip2	aa1 dip6	一碟兒（小菜）
12242	二十八、量詞/一托盤（年糕、糯米飯）	一托	一托	a55 tʰɔk3	aa1 tok3	一托盤（年糕、糯米飯）
12243	二十八、量詞/一刀（紙）	一刀	一刀	a55 tu55	aa1 du1	一刀（紙）
12244	二十八、量詞/一刀完成	一刀過	一刀过	a55 tu55 kɔ33	aa1 du1 go3	一刀完成
12245	二十八、量詞/一刀準	一刀準	一刀准	a55 tu55 tʃɐn35	aa1 du1 zan2	一刀準1.1，舊時有些賣豬肉的能一刀足秤
12246	二十八、量詞/一刀準	一刀準	一刀准	a55 tu55 tʃyn35	aa1 du1 zyun2	一刀準1.2，舊時有些賣豬肉的能一刀足秤
12247	二十八、量詞/一張紙	一張紙	一张纸	a55 tʃœŋ55 tʃi35	aa1 zoeng1 zi2	一張紙1.1
12248	二十八、量詞/一張紙	一張紙	一张纸	jɐt5 tʃœŋ55 tʃi35	jat1 zoeng1 zi2	一張紙1.2
12249	二十八、量詞/一張票	一張飛	一张飞	a55 tʃœŋ55 fi55	aa1 zoeng1 fi1	一張票1.1
12250	二十八、量詞/一張票	一張飛	一张飞	jɐt5 tʃœŋ55 fi55	jat1 zoeng1 fi1	一張票1.2
12251	二十八、量詞/一張票	一張票	一张票	a55 tʃœŋ55 pʰiu33	aa1 zoeng1 piu3	一張票2.1
12252	二十八、量詞/一張票	一張票	一张票	jɐt5 tʃœŋ55 pʰiu33	jat1 zoeng1 piu3	一張票2.2
12253	二十八、量詞/一張票	一條票	一条票	a55 tʰiu21 pʰiu33	aa1 tiu4 piu3	一張票3.1
12254	二十八、量詞/一張票	一條票	一条票	jɐt5 tʰiu21 pʰiu33	jat1 tiu4 piu3	一張票3.2
12255	二十八、量詞/兩張票	兩張飛	两张飞	lœŋ24 tʃœŋ55 fi55	loeng5 zoeng1 fi1	兩張票1
12256	二十八、量詞/兩張票	兩張票	两张票	lœŋ24 tʃœŋ55 pʰiu33	loeng5 zoeng1 piu3	兩張票2
12257	二十八、量詞/兩張票	兩條票	两条票	lœŋ24 tʰiu21 pʰiu33	loeng5 tiu4 piu3	兩張票3
12258	二十八、量詞/一道（河）	一條	一条	a55 tʰiu21	aa1 tiu4	一道1（河）
12259	二十八、量詞/一道（河）	一蔸	一蔸	a55 tɐu55	aa1 dau1	一道2（河）
12260	二十八、量詞/一頂（帽子）	一頂	一顶	a55 tɛŋ35	aa1 deng2	一頂1.1（帽子）
12261	二十八、量詞/一頂（帽子）	一頂	一顶	a55 nɛŋ35	aa1 neng2	一頂1.2（帽子）
12262	二十八、量詞/一錠（墨）	一條	一条	a55 tʰiu21	aa1 tiu4	一錠（墨）
12263	二十八、量詞/一件（事）	一單	一单	a55 tan55	aa1 daan1	一件1（事），一檔子（事）
12264	二十八、量詞/一件（事）	一件	一件	a55 kin22	aa1 gin6	一件2（事），一檔子（事）
12265	二十八、量詞/一件事	一件事	一件事	a55 kin22 ʃi22	aa1 gin6 si6	一件事1.1
12266	二十八、量詞/一件事	一件事	一件事	jɐt5 kin22 ʃi22	jat1 gin6 si6	一件事1.2
12267	二十八、量詞/一件事	一件事	一件事	a55 kin22 sɿ22	aa1 gin6 sy6	一件事1.3
12268	二十八、量詞/一件事	一件事	一件事	jɐt5 kin22 sɿ22	jat1 gin6 sy6	一件事1.4
12269	二十八、量詞/一塊扣肉	一件扣肉	一件扣肉	a55 kin22 kʰɐu33 jʊk2	aa1 gin6 kau3 juk6	一塊扣肉
12270	二十八、量詞/一塊發糕	一件發糕	一件发糕	a55 kin22 fat3 ku55	aa1 gin6 faat3 gu1	一塊發糕
12271	二十八、量詞/一嘟嚕（葡萄）	一唪	一唪	a55 pʊŋ22	aa1 bung6	一嘟嚕1（葡萄、豬腸）
12272	二十八、量詞/一嘟嚕（葡萄）	一唪哢	一唪哢	a55 pʊŋ22 lʊŋ22	aa1 bung6 lung6	一嘟嚕2（葡萄、豬腸），「唪哢」實爲「唪」的分音
12273	二十八、量詞/一嘟嚕（葡萄）	一穙	一穙	a55 pʊk2	aa1 buk6	一嘟嚕3（葡萄、豬腸）
12274	二十八、量詞/一嘟嚕（葡萄）	一穙稑	一穙稑	a55 pʊk2 lʊk2	aa1 buk6 luk6	一嘟嚕4（葡萄、豬腸），「穙稑」實爲「穙」的分音
12275	二十八、量詞/一嘟嚕（葡萄）	一硠	一硠	a55 lɐŋ33	aa1 lang3	一嘟嚕5（葡萄、豬腸、矮瓜），俗字「掕」
12276	二十八、量詞/五串（燒烤串）	半手	半手	pun33 ʃɐu35	bun3 sau2	五串（燒烤串）
12277	二十八、量詞/十串（燒烤串）	一手	一手	a55 ʃɐu35	aa1 sau2	十串（燒烤串）
12278	二十八、量詞/一肚子（氣）	一肚	一肚	a55 tʰu24	aa1 tu5	一肚子（氣）
12279	二十八、量詞/一段（文章）	一段	一段	a55 tyn22	aa1 dyun6	一段（文章）
12280	二十八、量詞/一對（鞋、花瓶）	一對	一对	a55 tui33	aa1 dui3	一對（鞋、花瓶）
12281	二十八、量詞/一對花瓶	一對花瓶	一对花瓶	a55 tui33 fa55 pʰeŋ21	aa1 dui3 faa1 ping4	一對花瓶1.1
12282	二十八、量詞/一對花瓶	一對花瓶	一对花瓶	jɐt5 tui33 fa55 pʰeŋ21	jat1 dui3 faa1 ping4	一對花瓶1.2
12283	二十八、量詞/一堆（雪）	一堆	一堆	a55 tui55	aa1 dui1	一堆1（雪、沙、人、車）
12284	二十八、量詞/一堆（雪）	一堆壘	一堆垒	a55 tui55 lui55	aa1 dui1 lui1	一堆2（雪、沙、人、車），「堆壘」實爲「堆」的分音
12285	二十八、量詞/一朵（花兒）	一朵	一朵	a55 tɔ35	aa1 do2	一朵1.1（花兒）
12286	二十八、量詞/一朵（花兒）	一朵	一朵	a55 tœ35	aa1 doe2	一朵1.2（花兒）
12287	二十八、量詞/一朵（雲彩）	一薄	一薄	a55 pɔk2	aa1 bok6	一朵（雲彩）
12288	二十八、量詞/一頓（飯）	一餐	一餐	a55 tʃʰan55	aa1 caan1	一頓（飯）
12289	二十八、量詞/一頓飯	一餐飯	一餐饭	a55 tʃʰan55 fan22	aa1 caan1 faan6	一頓飯1.1
12290	二十八、量詞/一頓飯	一餐飯	一餐饭	jɐt5 tʃʰan55 fan22	jat1 caan1 faan6	一頓飯1.2
12291	二十八、量詞/一堵（牆）	一幅	一幅	a55 fʊk5	aa1 fuk1	一堵（牆）
12292	二十八、量詞/一封（信）	一封	一封	a55 fʊŋ55	aa1 fung1	一封（信）
12293	二十八、量詞/一封（鞭炮）	一封	一封	a55 fʊŋ55	aa1 fung1	一封（鞭炮），一掛（鞭炮）
12294	二十八、量詞/一封信	一封信	一封信	a55 fʊŋ55 ɬɐn33	aa1 fung1 slan3	一封信1.1
12295	二十八、量詞/一封信	一封信	一封信	jɐt5 fʊŋ55 ɬɐn33	jat1 fung1 slan3	一封信1.2
12296	二十八、量詞/一封信	一封信	一封信	a55 fʊŋ55 ɬyn33	aa1 fung1 slyun3	一封信1.3
12297	二十八、量詞/一封信	一封信	一封信	jɐt5 fʊŋ55 ɬyn33	jat1 fung1 slyun3	一封信1.4
12298	二十八、量詞/一封鞭炮	一封炮	一封炮	a55 fʊŋ55 pʰɛu33	aa1 fung1 peu3	一封鞭炮1.1，一掛鞭炮
12299	二十八、量詞/一封鞭炮	一封炮	一封炮	jɐt5 fʊŋ55 pʰɛu33	jat1 fung1 peu3	一封鞭炮1.2，一掛鞭炮
12300	二十八、量詞/一封（利市）	一封利市	一封利市	a55 fʊŋ55 li22 ʃi22	aa1 fung1 li6 si6	一封利市1.1，一封紅包
12301	二十八、量詞/一封（利市）	一封利市	一封利市	a55 fʊŋ55 lɐi22 ʃi22	aa1 fung1 lai6 si6	一封利市1.2，一封紅包
12302	二十八、量詞/一封（沙糕）	一封	一封	a55 fʊŋ55	aa1 fung1	一封（沙糕）
12303	二十八、量詞/一副（眼鏡）	一副	一副	a55 fu33	aa1 fu3	一副（眼鏡、手銬）
12304	二十八、量詞/一副眼鏡	一副眼鏡	一副眼镜	a55 fu33 ŋɛn24 kɛŋ33	aa1 fu3 ngen5 geng3	一副眼鏡1.1
12305	二十八、量詞/一副眼鏡	一副眼鏡	一副眼镜	jɐt5 fu33 ŋɛn24 kɛŋ33	jat1 fu3 ngen5 geng3	一副眼鏡1.2
12306	二十八、量詞/一副（撲克、象棋、麻將）	一副	一副	a55 fu33	aa1 fu3	一副（撲克、象棋、麻將）
12307	二十八、量詞/一副（手套）	一副	一副	a55 fu33	aa1 fu3	一副1（手套）
12308	二十八、量詞/一副（手套）	一對	一对	a55 tui33	aa1 dui3	一副2（手套）
12309	二十八、量詞/一服（藥）	一服	一服	a55 fʊk2	aa1 fuk6	一服1（藥）
12310	二十八、量詞/一服（藥）	一劑	一剂	a55 tʃɐi55	aa1 zai1	一服2（藥）
12311	二十八、量詞/一幅（畫兒）	一幅	一幅	a55 fʊk5	aa1 fuk1	一幅1（畫兒）
12312	二十八、量詞/一幅（畫兒）	一張	一张	a55 tʃœŋ55	aa1 zoeng1	一幅2（畫兒）
12313	二十八、量詞/一個（人）	一個	一个	a55 kɔ33	aa1 go3	一個1（人）
12314	二十八、量詞/一個（人）	一隻	一只	a55 tʃɛk3	aa1 zek3	一個2（人）
12315	二十八、量詞/一個（人）	一碌	一碌	a55 lʊk5	aa1 luk1	一個3（人），貶義
12316	二十八、量詞/一個人	一個人	一个人	a55 kɔ33 jɐn21	aa1 go3 jan4	一個人1.1
12317	二十八、量詞/一個人	一個人	一个人	jɐt5 kɔ33 jɐn21	jat1 go3 jan4	一個人1.2
12318	二十八、量詞/一個人	一隻人	一只人	a55 tʃɛk3 jɐn21	aa1 zek3 jan4	一個人2.1
12319	二十八、量詞/一個人	一隻人	一只人	jɐt5 tʃɛk3 jɐn21	jat1 zek3 jan4	一個人2.2
12320	二十八、量詞/一個朋友	一條友	一条友	a55 tʰiu21 jɐu35	aa1 tiu4 jau2	一個朋友
12321	二十八、量詞/一屋子（人、雞）	一屋	一屋	a55 ʊk5	aa1 uk1	一屋子（人、雞）
12322	二十八、量詞/一屋子人	一屋人	一屋人	a55 ʊk5 jɐn21	aa1 uk1 jan4	一屋子人1.1
12323	二十八、量詞/一屋子人	一屋人	一屋人	jɐt5 ʊk5 jɐn21	jat1 uk1 jan4	一屋子人1.2
12324	二十八、量詞/一羣人	一幫人	一帮人	a55 pɔŋ55 jɐn21	aa1 bong1 jan4	一羣人1.1
12325	二十八、量詞/一羣人	一幫人	一帮人	jɐt5 pɔŋ55 jɐn21	jat1 bong1 jan4	一羣人1.2
12326	二十八、量詞/一羣人	一班人	一班人	a55 pan55 jɐn21	aa1 baan1 jan4	一羣人2.1
12327	二十八、量詞/一羣人	一班人	一班人	jɐt5 pan55 jɐn21	jat1 baan1 jan4	一羣人2.2
12328	二十八、量詞/我這個女兒	我粒女	我粒女	ŋɔ24 nɐp5 ny35	ngo5 nap1 nyu2	我這個女兒
12329	二十八、量詞/這個人	阿個人	阿个人	a33 kɔ33 jɐn21	aa3 go3 jan4	這個人1
12330	二十八、量詞/這個人	阿隻人	阿只人	a33 tʃɛk3 jɐn21	aa3 zek3 jan4	這個人2
12331	二十八、量詞/這個人	阿份人	阿份人	a33 fɐn22 jɐn21	aa3 fan6 jan4	這個人3，貶義
12332	二十八、量詞/一個（補丁）	一𤶠	一𤶠	a55 na55	aa1 naa1	一個（補丁）
12333	二十八、量詞/一個（鐵鍋的補丁）	一照	一照	a55 tʃiu33	aa1 ziu3	一個1（鐵鍋的補丁）
12334	二十八、量詞/一個（鐵鍋的補丁）	一𤶠	一𤶠	a55 na55	aa1 naa1	一個2（鐵鍋的補丁）
12335	二十八、量詞/一個（國家）	一隻	一只	a55 tʃɛk3	aa1 zek3	一個（國家）
12336	二十八、量詞/一個（省）	一隻	一只	a55 tʃɛk3	aa1 zek3	一個（省）
12337	二十八、量詞/一個（縣）	一隻	一只	a55 tʃɛk3	aa1 zek3	一個（縣）
12338	二十八、量詞/一個（城市）	一隻	一只	a55 tʃɛk3	aa1 zek3	一個（城市）
12339	二十八、量詞/一缸（金魚）	一缸	一缸	a55 kɔŋ55	aa1 gong1	一缸（金魚）
12340	二十八、量詞/一缸（水）	一缸	一缸	a55 kɔŋ55	aa1 gong1	一缸1（水）
12341	二十八、量詞/一缸（水）	一甕缸	一瓮缸	a55 ʊŋ33 kɔŋ55	aa1 ung3 gong1	一缸2（水）
12342	二十八、量詞/一根（竹、棍等）	一碌	一碌	a55 lʊk5	aa1 luk1	一根1（竹、棍等）
12343	二十八、量詞/一根（竹、棍等）	一條	一条	a55 tʰiu21	aa1 tiu4	一根2（竹、棍等）
12344	二十八、量詞/一根繩	一條索	一条索	a55 tʰiu21 ɬɔk3	aa1 tiu4 slok3	一根繩1.1
12345	二十八、量詞/一根繩	一條索	一条索	jɐt5 tʰiu21 ɬɔk3	jat1 tiu4 slok3	一根繩1.2
12346	二十八、量詞/一根（頭髮）	一蔸	一蔸	a55 tɐu55	aa1 dau1	一根1（頭髮）
12347	二十八、量詞/一根（頭髮）	一條	一条	a55 tʰiu21	aa1 tiu4	一根2（頭髮）
12348	二十八、量詞/一罐子（酸梅）	一罌	一罂	a55 aŋ55	aa1 aang1	一罐子（酸梅、檸檬）
12349	二十八、量詞/一桿（槍）	一支	一支	a55 tʃi55	aa1 zi1	一桿（槍）
12350	二十八、量詞/一把（槍）	一把	一把	a55 pa35	aa1 baa2	一把（槍、遮、提琴、二胡、菜），有把手或可用手抓起
12351	二十八、量詞/一股味兒	一條氣	一条气	a55 tʰiu21 hi33	aa1 tiu4 hi3	一股味兒1，統稱
12352	二十八、量詞/一股味兒	一蔸氣	一蔸气	a55 tɐu55 hi33	aa1 dau1 hi3	一股味兒2
12353	二十八、量詞/一股味兒	一陣隨	一阵随	a55 tʃɐm22 tʃʰui21	aa1 zam6 cui4	一股味兒3，難聞的氣味
12354	二十八、量詞/一股味兒	一逢隨	一逢随	a55 fʊŋ21 tʃʰui21	aa1 fung4 cui4	一股味兒4，難聞的氣味
12355	二十八、量詞/一股味兒	一股臭氣	一股臭气	a55 ku35 tʃʰɐu33 hi33	aa1 gu2 cau3 hi3	一股味兒5，難聞的氣味
12356	二十八、量詞/一股味兒	一股怪味	一股怪味	a55 ku35 kʷai33 mi22	aa1 gu2 gwaai3 mi6	一股味兒6，難聞的氣味
12357	二十八、量詞/一股味兒	一陣味	一阵味	a55 tʃɐm22 mi22	aa1 zam6 mi6	一股味兒7，難聞的氣味
12358	二十八、量詞/一股（香味兒）	一陣	一阵	a55 tʃɐn22	aa1 zan6	一股1.1（香味兒）
12359	二十八、量詞/一股（香味兒）	一陣	一阵	a55 tʃɐm22	aa1 zam6	一股1.2（香味兒），受「味」字逆同化變讀韻尾
12360	二十八、量詞/一股香味兒	一陣香味	一阵香味	a55 tʃɐm22 hœŋ55 mi22	aa1 zam6 hoeng1 mi6	一股香味兒
12361	二十八、量詞/一掛（鞭炮）	一串	一串	a55 tʃʰyn33	aa1 cyun3	一掛（鞭炮）
12362	二十八、量詞/一管（筆）	一支	一支	a55 tʃi55	aa1 zi1	一管（筆）
12363	二十八、量詞/一鍋（飯）	一煲	一煲	a55 pu55	aa1 bu1	一鍋（飯）
12364	二十八、量詞/一鍋（菜）	一鑊	一镬	a55 wɔk2	aa1 wok6	一鍋（菜）
12365	二十八、量詞/一盒兒（火柴）	一盒	一盒	a55 hɐp2	aa1 hap6	一盒兒（火柴）
12366	二十八、量詞/一盒火柴	一盒火柴	一盒火柴	a55 hɐp2 fɔ35 tʃʰai21	aa1 hap6 fo2 caai4	一盒火柴1.1
12367	二十八、量詞/一盒火柴	一盒火柴	一盒火柴	jɐt5 hɐp2 fɔ35 tʃʰai21	jat1 hap6 fo2 caai4	一盒火柴1.2
12368	二十八、量詞/一行（字）	一行	一行	a55 hɔŋ21	aa1 hong4	一行1（字）
12369	二十八、量詞/一行（字）	一排	一排	a55 pʰai21	aa1 paai4	一行2（字）
12370	二十八、量詞/一級（樓梯）	一級	一级	a55 kʰɐp5	aa1 kap1	一級1（樓梯）
12371	二十八、量詞/一級（樓梯）	一硌	一硌	a55 kɐk2	aa1 gak6	一級2（樓梯）
12372	二十八、量詞/一級（臺階兒）	一級	一级	a55 kʰɐp5	aa1 kap1	一級1（臺階兒）
12373	二十八、量詞/一級（臺階兒）	一硌	一硌	a55 kɐk2	aa1 gak6	一級2（臺階兒）
12374	二十八、量詞/一家（鋪子）	一間	一间	a55 kɛn55	aa1 gen1	一家（鋪子）
12375	二十八、量詞/一家（醫院）	一間	一间	a55 kɛn55	aa1 gen1	一家（醫院）
12376	二十八、量詞/一家（工廠）	一間	一间	a55 kɛn55	aa1 gen1	一家（工廠）
12377	二十八、量詞/一家（銀行）	一間	一间	a55 kɛn55	aa1 gen1	一家（銀行）
12378	二十八、量詞/一夾（菜）	一箸	一箸	a55 tʃy22	aa1 zyu6	一夾（菜）
12379	二十八、量詞/一架（飛機）	一架	一架	a55 kʰa33	aa1 kaa3	一架（飛機）
12380	二十八、量詞/一架飛機	一架飛機	一架飞机	a55 kʰa33 fi55 ki55	aa1 kaa3 fi1 gi1	一架飛機1.1
12381	二十八、量詞/一架飛機	一架飛機	一架飞机	jɐt5 kʰa33 fi55 ki55	jat1 kaa3 fi1 gi1	一架飛機1.2
12382	二十八、量詞/一件兒（衣裳）	一件	一件	a55 kin22	aa1 gin6	一件兒（衣裳）
12383	二十八、量詞/一件兒衣裳	一件衫	一件衫	a55 kin22 ʃam55	aa1 gin6 saam1	一件兒衣裳
12384	二十八、量詞/一綹（頭髮）	一執	一执	a55 jɐp5	aa1 jap1	一綹（頭髮）
12385	二十八、量詞/一句（話）	一句	一句	a55 ky33	aa1 gyu3	一句（話）
12386	二十八、量詞/一架子（小說）	一書架	一书架	a55 ʃy55 kʰa33	aa1 syu1 kaa3	一架子（小說）
12387	二十八、量詞/一節（甘蔗）	一橛	一橛	a55 kʰɛt5	aa1 ket1	一節1（甘蔗）
12388	二十八、量詞/一節（甘蔗）	一節	一节	a55 tʃit3	aa1 zit3	一節2（甘蔗）
12389	二十八、量詞/一節（文章）	一段	一段	a55 tyn22	aa1 dyun6	一節（文章）
12390	二十八、量詞/一截（磚頭）	一橛	一橛	a55 kʰɛt5	aa1 ket1	一截（磚頭、繩）
12391	二十八、量詞/一進（院子）	一進	一进	a55 tʃɐn33	aa1 zan3	一進（院子）
12392	二十八、量詞/一捲兒（紙）	一筒	一筒	a55 tʰʊŋ21	aa1 tung4	一卷兒（紙）
12393	二十八、量詞/一棵（樹、花、菜）	一棵	一棵	a55 pʰɔ55	aa1 po1	一棵1.1（樹、花、菜）
12394	二十八、量詞/一棵（樹、花、菜）	一棵	一棵	jɐt5 pʰɔ55	jat1 po1	一棵1.2（樹、花、菜）
12395	二十八、量詞/一棵（樹、菜）	一蔸	一蔸	a55 tɐu55	aa1 dau1	一棵2.1（樹、菜）
12396	二十八、量詞/一棵（樹、菜）	一蔸	一蔸	jɐt5 tɐu55	jat1 dau1	一棵2.2（樹、菜）
12397	二十八、量詞/一棵樹	一棵樹	一棵树	a55 pʰɔ55 ʃy22	aa1 po1 syu6	一棵樹1.1
12398	二十八、量詞/一棵樹	一棵樹	一棵树	jɐt5 pʰɔ55 ʃy22	jat1 po1 syu6	一棵樹1.2
12399	二十八、量詞/一棵樹	一蔸樹	一蔸树	a55 tɐu55 ʃy22	aa1 dau1 syu6	一棵樹2.1
12400	二十八、量詞/一棵樹	一蔸樹	一蔸树	jɐt5 tɐu55 ʃy22	jat1 dau1 syu6	一棵樹2.2
12401	二十八、量詞/一顆（釘子）	一口	一口	a55 hɐu35	aa1 hau2	一顆（釘子）
12402	二十八、量詞/一粒（米）	一粒	一粒	a55 nɐp5	aa1 nap1	一粒（米）
12403	二十八、量詞/一顆（珠子）	一粒	一粒	a55 nɐp5	aa1 nap1	一顆（珠子）
12404	二十八、量詞/一粒米	一粒米	一粒米	a55 nɐp5 mɐi24	aa1 nap1 mai5	一粒米1.1
12405	二十八、量詞/一粒米	一粒米	一粒米	jɐt5 nɐp5 mɐi24	jat1 nap1 mai5	一粒米1.2
12406	二十八、量詞/一顆珠子	一粒珠	一粒珠	a55 nɐp5 tʃy55	aa1 nap1 zyu1	一顆珠子1.1
12407	二十八、量詞/一顆珠子	一粒珠	一粒珠	jɐt5 nɐp5 tʃy55	jat1 nap1 zyu1	一顆珠子1.2
12408	二十八、量詞/一顆（牙齒）	一粒	一粒	a55 nɐp5	aa1 nap1	一顆（牙齒）
12409	二十八、量詞/一坑兒（水）	一氹	一氹	a55 tʰɐm24	aa1 tam5	一坑兒（水）
12410	二十八、量詞/一口（豬）	一隻	一只	a55 tʃɛk3	aa1 zek3	一口（豬）
12411	二十八、量詞/一口豬	一隻豬	一只猪	a55 tʃɛk3 tʃy55	aa1 zek3 zyu1	一口豬1.1
12412	二十八、量詞/一口豬	一隻豬	一只猪	jɐt5 tʃɛk3 tʃy55	jat1 zek3 zyu1	一口豬1.2
12413	二十八、量詞/一口（飯、菜、水）	一啖	一啖	a55 tam22	aa1 daam6	一口（飯、菜、水）
12414	二十八、量詞/一口飯	一啖飯	一啖饭	a55 tam22 fan22	aa1 daam6 faan6	一口飯1.1
12415	二十八、量詞/一口飯	一啖飯	一啖饭	jɐt5 tam22 fan22	jat1 daam6 faan6	一口飯1.2
12416	二十八、量詞/一口兒（人）	一個	一个	a55 kɔ33	aa1 go3	一口兒1（人）
12417	二十八、量詞/一口兒（人）	一隻	一只	a55 tʃɛk3	aa1 zek3	一口兒2（人）
12418	二十八、量詞/一口兒（人）	一丁	一丁	a55 teŋ55	aa1 ding1	一口兒3（人），一丁友
12419	二十八、量詞/一口兒（人）	一條	一条	a55 tʰiu21	aa1 tiu4	一口兒4（人），一條友
12420	二十八、量詞/一口袋（乾糧）	一袋	一袋	a55 tɔi22	aa1 doi6	一口袋（乾糧）
12421	二十八、量詞/一口袋（錢）	一荷包	一荷包	a55 hɔ21 pɛu55	aa1 ho4 beu1	一口袋（錢）
12422	二十八、量詞/一塊（磚、肥皂）	一塊	一块	a55 fai33	aa1 faai3	一塊1（磚、肥皂）
12423	二十八、量詞/一塊（磚、石頭）	一䊆	一䊆	a55 kɐu22	aa1 gau6	一塊2（磚、石頭）
12424	二十八、量詞/一塊（磚、石頭）	一䊆塿	一䊆𪣻	a55 kɐu22 lɐu22	aa1 gau6 lau6	一塊3（磚、石頭），「䊆塿」實爲「䊆」的分音
12425	二十八、量詞/一塊（肉）	一塊	一块	a55 fai33	aa1 faai3	一塊1（肉）
12426	二十八、量詞/一塊（肉）	一䊆	一䊆	a55 kɐu22	aa1 gau6	一塊2（肉）
12427	二十八、量詞/一塊（肉）	一粒	一粒	a55 nɐp5	aa1 nap1	一塊3（肉）
12428	二十八、量詞/一團飯	一䊆飯	一䊆饭	a55 kɐu22 fan22	aa1 gau6 faan6	一團飯1.1
12429	二十八、量詞/一團飯	一䊆飯	一䊆饭	jɐt5 kɐu22 fan22	jat1 gau6 faan6	一團飯1.2
12430	二十八、量詞/一塊（地）	一塊	一块	a55 fai33	aa1 faai3	一塊1（地）
12431	二十八、量詞/一塊（地）	一粒	一粒	a55 nɐp5	aa1 nap1	一塊2（地）
12432	二十八、量詞/一塊（錢）	一文	一文	a55 mɐn55	aa1 man1	一塊（錢）
12433	二十八、量詞/一角（錢）	一毫	一毫	a55 hu21	aa1 hu4	一角（錢），一毛（錢）
12434	二十八、量詞/一分（錢）	一釐	一厘	a55 li55	aa1 li1	一分（錢）
12435	二十八、量詞/一塊（腐乳）	一磚	一砖	a55 tʃyn55	aa1 zyun1	一塊（腐乳）
12436	二十八、量詞/一塊（水豆腐）	一磚	一砖	a55 tʃyn55	aa1 zyun1	一塊（水豆腐）
12437	二十八、量詞/一塊（布）	一塊	一块	a55 fai33	aa1 faai3	一塊1（布）
12438	二十八、量詞/一塊（布）	一粒	一粒	a55 nɐp5	aa1 nap1	一塊2（布）
12439	二十八、量詞/一塊布	一塊布	一块布	a55 fai33 pu33	aa1 faai3 bu3	一塊布1.1
12440	二十八、量詞/一塊布	一塊布	一块布	jɐt5 fai33 pu33	jat1 faai3 bu3	一塊布1.2
12441	二十八、量詞/一圈（門框、鏡框、相框）	一廓	一廓	a55 kʷʰak3	aa1 kwaak3	一圈1（門框、鏡框、相框）
12442	二十八、量詞/一圈（門框、鏡框、相框）	一廓嘞	一廓嘞	a55 kʷʰak3 lak3	aa1 kwaak3 laak3	一圈2（門框、鏡框、相框），「廓嘞」源自「廓落」，「廓落」實爲「廓」的分音
12443	二十八、量詞/一筐子（菠菜）	一籮	一箩	a55 lɔ21	aa1 lo4	一筐子1（菠菜）
12444	二十八、量詞/一筐子（菠菜）	一筐	一筐	a55 kʷʰaŋ55	aa1 kwaang1	一筐子2（菠菜）
12445	二十八、量詞/一筐子（菠菜）	一筐啷	一筐啷	a55 kʷʰaŋ55 laŋ55	aa1 kwaang1 laang1	一筐子3（菠菜），「筐啷」實爲「筐」的分音
12446	二十八、量詞/一捆（行李）	一穙	一穙	a55 pʊk2	aa1 buk6	一捆1（行李）
12447	二十八、量詞/一捆（行李）	一穙稑	一穙稑	a55 pʊk2 lʊk2	aa1 buk6 luk6	一捆2（行李），「穙稑」實爲「穙」的分音
12448	二十八、量詞/一捆（行李）	一䊆	一䊆	a55 kɐu22	aa1 gau6	一捆3（行李）
12449	二十八、量詞/一捆（行李）	一䊆塿	一䊆𪣻	a55 kɐu22 lɐu22	aa1 gau6 lau6	一捆4（行李），「䊆塿」實爲「䊆」的分音
12450	二十八、量詞/一籃子（梨）	一籃	一篮	a55 lam55	aa1 laam1	一籃子（梨）
12451	二十八、量詞/一臉（土）	一面	一面	a55 min22	aa1 min6	一臉1（土）
12452	二十八、量詞/一臉（土）	滿面	满面	mun24 min22	mun5 min6	一臉2（土）
12453	二十八、量詞/一臉（汗）	一頭	一头	a55 tʰɐu21	aa1 tau4	一臉（汗）
12454	二十八、量詞/一輛（車）	一架	一架	a55 kʰa33	aa1 kaa3	一輛（車）
12455	二十八、量詞/一輛車	一架車	一架车	a55 kʰa33 tʃʰɛ55	aa1 kaa3 ce1	一輛車1
12456	二十八、量詞/一輛車	一架車	一架车	jɐt5 kʰa33 tʃʰɛ55	jat1 kaa3 ce1	一輛車2
12457	二十八、量詞/一列（火車）	一架	一架	a55 kʰa33	aa1 kaa3	一列（火車）
12458	二十八、量詞/一艘船	一隻船	一只船	a55 tʃɛk3 ʃyn21	aa1 zek3 syun4	一艘船1
12459	二十八、量詞/一艘船	一架船	一架船	a55 kʰa33 ʃyn21	aa1 kaa3 syun4	一艘船2
12460	二十八、量詞/一籠（包子）	一籠	一笼	a55 lʊŋ21	aa1 lung4	一籠（包子）
12461	二十八、量詞/一簍子（炭）	一籮	一箩	a55 lɔ21	aa1 lo4	一簍子1.1（炭）
12462	二十八、量詞/一簍子（炭）	一籮	一箩	a55 lɔ55	aa1 lo1	一簍子1.2（炭）
12463	二十八、量詞/一簍子（炭）	一笠	一笠	a55 lɐp5	aa1 lap1	一簍子2（炭）
12464	二十八、量詞/一簍子（魚）	一䉴	一䉴	a55 nɛŋ35	aa1 neng2	一簍子（魚）
12465	二十八、量詞/一爐子（灰）	一爐	一炉	a55 lu21	aa1 lu4	一爐子2（灰）
12466	二十八、量詞/一爐子（灰）	一竈	一灶	a55 tʃu33	aa1 zu3	一爐子3（灰）
12467	二十八、量詞/一路（公共汽車）	一路	一路	a55 lu22	aa1 lu6	一路（公共汽車）
12468	二十八、量詞/一雙	孖	孖	ma55	maa1	一雙1.1，源自「巴」的旁轉
12469	二十八、量詞/一雙	孖	孖	mɛ55	me1	一雙1.2，源自「巴」的旁轉
12470	二十八、量詞/兩根（臘腸）	一孖	一孖	a55 ma55	aa1 maa1	兩根（臘腸）
12471	二十八、量詞/一聯（肥皂）	一孖	一孖	a55 ma55	aa1 maa1	一聯（肥皂）
12472	二十八、量詞/一枚（獎章）	一枚	一枚	a55 mui55	aa1 mui1	一枚1（獎章）
12473	二十八、量詞/一枚（獎章）	一隻	一只	a55 tʃɛk3	aa1 zek3	一枚2（獎章）
12474	二十八、量詞/一枚（針）	一枚	一枚	a55 mui55	aa1 mui1	一枚1（針）
12475	二十八、量詞/一枚（針）	一口	一口	a55 hɐu35	aa1 hau2	一枚2（針）
12476	二十八、量詞/一枚（針）	一眼	一眼	a55 ŋɛn24	aa1 ngen5	一枚3（針）
12477	二十八、量詞/一枚（針）	一支	一支	a55 tʃi55	aa1 zi1	一枚4（針）
12478	二十八、量詞/一面（旗）	一支	一支	a55 tʃi55	aa1 zi1	一面（旗）
12479	二十八、量詞/一面旗	一支旗	一支旗	a55 tʃi55 kʰi21	aa1 zi1 ki4	一面旗1.1
12480	二十八、量詞/一面旗	一支旗	一支旗	jɐt5 tʃi55 kʰi21	jat1 zi1 ki4	一面旗1.2
12481	二十八、量詞/一面（鏡子）	一塊	一块	a55 fai33	aa1 faai3	一面（鏡子）
12482	二十八、量詞/一面鏡子	一塊鏡	一块镜	a55 fai33 kɛŋ33	aa1 faai3 geng3	一面鏡子
12483	二十八、量詞/一門（親事）	一門	一门	a55 mun21	aa1 mun4	一門（親事）
12484	二十八、量詞/一排（桌子）	一排	一排	a55 pʰai21	aa1 paai4	一排1（桌子）
12485	二十八、量詞/一排（桌子）	一列	一列	a55 lɛt2	aa1 let6	一排2（桌子）
12486	二十八、量詞/一排（桌子）	一行	一行	a55 hɔŋ21	aa1 hong4	一排3（桌子）
12487	二十八、量詞/一排排（桌子）	一列列	一列列	a55 lɛt2 lɛt2	aa1 let6 let6	一排排（桌子），「列列」源自元代的「剌剌（象聲詞）」
12488	二十八、量詞/一泡（屎、尿）	一䐁	一䐁	a55 tʊk5	aa1 duk1	一泡1（屎、尿）
12489	二十八、量詞/一泡（屎、尿）	一䐁碌	一䐁碌	a55 tʊk5 lʊk5	aa1 duk1 luk1	一泡2（屎、尿），「䐁碌」實爲「䐁」的分音
12490	二十八、量詞/一泡（口水）	一䐁	一䐁	a55 tʊk5	aa1 duk1	一泡（口水），已吐出來
12491	二十八、量詞/一口（口水）	一啖	一啖	a55 tam22	aa1 daam6	一口（口水），含在嘴裏
12492	二十八、量詞/一批（貨）	一批	一批	a55 pʰɐi55	aa1 pai1	一批（貨）
12493	二十八、量詞/一匹（馬）	一匹	一匹	a55 pʰɐt5	aa1 pat1	一匹（馬）
12494	二十八、量詞/一匹馬	一匹馬	一匹马	a55 pʰɐt5 ma24	aa1 pat1 maa5	一匹馬1.1
12495	二十八、量詞/一匹馬	一匹馬	一匹马	jɐt5 pʰɐt5 ma24	jat1 pat1 maa5	一匹馬1.2
12496	二十八、量詞/一匹（布）	一匹	一匹	a55 pʰɐt5	aa1 pat1	一匹（布）
12497	二十八、量詞/一瓢（湯）	一殼	一壳	a55 hɔk3	aa1 hok3	一瓢（湯）
12498	二十八、量詞/一篇（文章）	一篇	一篇	a55 pʰin55	aa1 pin1	一篇（文章）
12499	二十八、量詞/一片（好心）	一片	一片	a55 pʰin33	aa1 pin3	一片（好心）
12500	二十八、量詞/一片兒（肉）	一片	一片	a55 pʰin33	aa1 pin3	一片兒1（肉）
12501	二十八、量詞/一片兒（肉）	一塊	一块	a55 fai33	aa1 faai3	一片兒2（肉）
12502	二十八、量詞/一塊兒（肉）	一塊	一块	a55 fai33	aa1 faai3	一塊兒（肉）
12503	二十八、量詞/一片田	一垌田	一垌田	a55 tʊŋ22 tʰin21	aa1 dung6 tin4	一片田
12504	二十八、量詞/一方池塘	一張塘	一张塘	a55 tʃœŋ55 tʰɔŋ21	aa1 zoeng1 tong4	一方池塘
12505	二十八、量詞/一瓶子（醋）	一樽	一樽	a55 tʃɐn55	aa1 zan1	一瓶子1.1（醋、酒、豉油、墨水）
12506	二十八、量詞/一瓶子（醋）	一樽	一樽	a55 tʃyn55	aa1 zyun1	一瓶子1.2（醋、酒、豉油、墨水）
12507	二十八、量詞/一瓶子（醋）	一支	一支	a55 tʃi55	aa1 zi1	一瓶子2（醋、酒）
12508	二十八、量詞/一瓶酒	一樽酒	一樽酒	a55 tʃɐn55 tʃɐu35	aa1 zan1 zau2	一瓶酒1.1
12509	二十八、量詞/一瓶酒	一樽酒	一樽酒	a55 tʃyn55 tʃɐu35	aa1 zyun1 zau2	一瓶酒1.2
12510	二十八、量詞/一瓶酒	一樽酒	一樽酒	jɐt5 tʃɐn55 tʃɐu35	jat1 zan1 zau2	一瓶酒1.3
12511	二十八、量詞/一瓶酒	一樽酒	一樽酒	jɐt5 tʃyn55 tʃɐu35	jat1 zyun1 zau2	一瓶酒1.4
12512	二十八、量詞/一瓶酒	一支酒	一支酒	a55 tʃi55 tʃɐu35	aa1 zi1 zau2	一瓶酒2.1
12513	二十八、量詞/一瓶酒	一支酒	一支酒	jɐt5 tʃi55 tʃɐu35	jat1 zi1 zau2	一瓶酒2.2
12514	二十八、量詞/一起（事故）	一單	一单	a55 tan55	aa1 daan1	一起（事故）
12515	二十八、量詞/一勺子（湯）	一殼	一壳	a55 hɔk3	aa1 hok3	一勺子（湯）
12516	二十八、量詞/一勺兒（醬油）	一匙羹	一匙羹	a55 tʃʰi21 kaŋ55	aa1 ci4 gaang1	一勺兒1.1（醬油）
12517	二十八、量詞/一勺兒（醬油）	一匙羹	一匙羹	a55 tʃʰi21 kɐŋ55	aa1 ci4 gang1	一勺兒1.2（醬油）
12518	二十八、量詞/一勺兒（醬油）	一瓢羹	一瓢羹	a55 pʰiu21 kaŋ55	aa1 piu4 gaang1	一勺兒2.1（醬油）
12519	二十八、量詞/一勺兒（醬油）	一瓢羹	一瓢羹	a55 pʰiu21 kɐŋ55	aa1 piu4 gang1	一勺兒2.2（醬油）
12520	二十八、量詞/一勺兒（醬油）	一調羹	一调羹	a55 tʰiu21 kaŋ55	aa1 tiu4 gaang1	一勺兒3.1（醬油）
12521	二十八、量詞/一勺兒（醬油）	一調羹	一调羹	a55 tʰiu21 kɐŋ55	aa1 tiu4 gang1	一勺兒3.2（醬油）
12522	二十八、量詞/一勺兒（醬油）	一羹	一羹	a55 kaŋ55	aa1 gaang1	一勺兒4.1（醬油）
12523	二十八、量詞/一勺兒（醬油）	一羹	一羹	a55 kɐŋ55	aa1 gang1	一勺兒4.2（醬油）
12524	二十八、量詞/一扇（門、窗）	一扇	一扇	a55 ʃin33	aa1 sin3	一扇（門、窗）
12525	二十八、量詞/一身（棉衣）	一身	一身	a55 ʃɐn55	aa1 san1	一身1（棉衣）
12526	二十八、量詞/一身（棉衣）	一套	一套	a55 tʰu33	aa1 tu3	一身2（棉衣）
12527	二十八、量詞/一身（土）	一身	一身	a55 ʃɐn55	aa1 san1	一身（土）
12528	二十八、量詞/一聲雷	一口雷	一口雷	a55 hɐu35 lui21	aa1 hau2 lui4	一聲雷
12529	二十八、量詞/一絲兒（肉）	一粒兒	一粒儿	a55 nɐp5 ji55	aa1 nap1 ji1	一絲兒（肉）
12530	二十八、量詞/一雙（筷子）	一對	一对	a55 tui33	aa1 dui3	一雙（筷子）
12531	二十八、量詞/一雙筷子	一對筷子	一对筷子	a55 tui33 fai33 tʃi35	aa1 dui3 faai3 zi2	一雙筷子1.1
12532	二十八、量詞/一雙筷子	一對筷子	一对筷子	a55 tui33 fai33 tsɿ35	aa1 dui3 faai3 zy2	一雙筷子1.2
12533	二十八、量詞/一雙筷子	一對筷條	一对筷条	a55 tui33 fai33 tʰiu21	aa1 dui3 faai3 tiu4	一雙筷子2
12534	二十八、量詞/一雙筷子	一對筷手	一对筷手	a55 tui33 fai33 ʃɐu35	aa1 dui3 faai3 sau2	一雙筷子3
12535	二十八、量詞/一雙（鞋、襪）	一對	一对	a55 tui33	aa1 dui3	一雙（鞋、襪、眼睛、手、腳、孖崽）
12536	二十八、量詞/一雙鞋	一對鞋	一对鞋	a55 tui33 hai21	aa1 dui3 haai4	一雙鞋1
12537	二十八、量詞/一雙鞋	一對鞋	一对鞋	jɐt5 tui33 hai21	jat1 dui3 haai4	一雙鞋2
12538	二十八、量詞/一所房子	一座屋	一座屋	a55 tʃɔ22 ʊk5	aa1 zo6 uk1	一所房子1.1
12539	二十八、量詞/一所房子	一座屋	一座屋	jɐt5 tʃɔ22 ʊk5	jat1 zo6 uk1	一所房子1.2
12540	二十八、量詞/一所房子	一間屋	一间屋	a55 kɛn55 ʊk5	aa1 gen1 uk1	一所房子2.1
12541	二十八、量詞/一所房子	一間屋	一间屋	jɐt5 kɛn55 ʊk5	jat1 gen1 uk1	一所房子2.2
12542	二十八、量詞/一所（房子）	一座	一座	a55 tʃɔ22	aa1 zo6	一所1（房子）
12543	二十八、量詞/一所（房子）	一間	一间	a55 kɛn55	aa1 gen1	一所2（房子）
12544	二十八、量詞/一所（學校）	一間	一间	a55 kɛn55	aa1 gen1	一所（學校）
12545	二十八、量詞/一頭（牛）	一隻	一只	a55 tʃɛk3	aa1 zek3	一頭（牛）
12546	二十八、量詞/一頭牛	一隻牛	一只牛	a55 tʃɛk3 ŋɐu21	aa1 zek3 ngau4	一頭牛1.1
12547	二十八、量詞/一頭牛	一隻牛	一只牛	jɐt5 tʃɛk3 ŋɐu21	jat1 zek3 ngau4	一頭牛1.2
12548	二十八、量詞/一臺（機器）	一架	一架	a55 kʰa33	aa1 kaa3	一臺（機器）
12549	二十八、量詞/一臺（收音機、電視）	一架	一架	a55 kʰa33	aa1 kaa3	一臺（收音機、電視）
12550	二十八、量詞/一臺（冰箱）	一架	一架	a55 kʰa33	aa1 kaa3	一臺1（冰箱）
12551	二十八、量詞/一臺（冰箱）	一隻	一只	a55 tʃɛk3	aa1 zek3	一臺2（冰箱）
12552	二十八、量詞/一罈子（酒）	一罌	一罂	a55 aŋ55	aa1 aang1	一罈子（酒、油、鹽）
12553	二十八、量詞/一塘（路）	一塘	一塘	a55 tʰɔŋ21	aa1 tong4	一塘（路），十里
12554	二十八、量詞/一挑（水）	一擔	一担	a55 tam33	aa1 daam3	一挑（水）
12555	二十八、量詞/一條（褲子）	一條	一条	a55 tʰiu21	aa1 tiu4	一條1（褲子）
12556	二十八、量詞/一條（褲子）	一蔸	一蔸	a55 tɐu55	aa1 dau1	一條2（褲子）
12557	二十八、量詞/一條（裙、圍裙）	一條	一条	a55 tʰiu21	aa1 tiu4	一條1（裙、圍裙）
12558	二十八、量詞/一條（裙、圍裙）	一蔸	一蔸	a55 tɐu55	aa1 dau1	一條2（裙、圍裙）
12559	二十八、量詞/一條（手巾）	一條	一条	a55 tʰiu21	aa1 tiu4	一條1（手巾）
12560	二十八、量詞/一條（手巾）	一蔸	一蔸	a55 tɐu55	aa1 dau1	一條2（手巾）
12561	二十八、量詞/一條頸	一條頸	一条颈	a55 tʰiu21 kɛŋ35	aa1 tiu4 geng2	一條頸1，一條脖子
12562	二十八、量詞/一條頸	一蔸頸	一蔸颈	a55 tɐu55 kɛŋ35	aa1 dau1 geng2	一條頸2，一條脖子
12563	二十八、量詞/一條（蛇）	一條	一条	a55 tʰiu21	aa1 tiu4	一條1（蛇、魚、路、街）
12564	二十八、量詞/一條（蛇）	一蔸	一蔸	a55 tɐu55	aa1 dau1	一條2（蛇、魚、路、街）
12565	二十八、量詞/一條魚	一條魚	一条鱼	a55 tʰiu21 jy21	aa1 tiu4 jyu4	一條魚1.1
12566	二十八、量詞/一條魚	一條魚	一条鱼	jɐt5 tʰiu21 jy21	jat1 tiu4 jyu4	一條魚1.2
12567	二十八、量詞/一條魚	一蔸魚	一蔸鱼	a55 tɐu55 jy21	aa1 dau1 jyu4	一條魚2.1
12568	二十八、量詞/一條魚	一蔸魚	一蔸鱼	jɐt5 tɐu55 jy21	jat1 dau1 jyu4	一條魚2.2
12569	二十八、量詞/一座村	一條村	一条村	a55 tʰiu21 tʃʰyn55	aa1 tiu4 cyun1	一座村
12570	二十八、量詞/一隻炮	一條炮	一条炮	a55 tʰiu21 pʰɛu33	aa1 tiu4 peu3	一隻炮，象棋的炮
12571	二十八、量詞/一首歌	一首歌	一首歌	a55 ʃɐu35 kɔ55	aa1 sau2 go1	一首歌1.1
12572	二十八、量詞/一首歌	一首歌	一首歌	jɐt5 ʃɐu35 kɔ55	jat1 sau2 go1	一首歌1.2
12573	二十八、量詞/一首歌	一隻歌	一只歌	a55 tʃɛk3 kɔ55	aa1 zek3 go1	一首歌2.1
12574	二十八、量詞/一首歌	一隻歌	一只歌	jɐt5 tʃɛk3 kɔ55	jat1 zek3 go1	一首歌2.2
12575	二十八、量詞/一首歌	一條歌	一条歌	a55 tʰiu21 kɔ55	aa1 tiu4 go1	一首歌3.1
12576	二十八、量詞/一首歌	一條歌	一条歌	jɐt5 tʰiu21 kɔ55	jat1 tiu4 go1	一首歌3.2
12577	二十八、量詞/一首歌	一支歌	一支歌	a55 tʃi55 kɔ55	aa1 zi1 go1	一首歌4.1
12578	二十八、量詞/一首歌	一支歌	一支歌	jɐt5 tʃi55 kɔ55	jat1 zi1 go1	一首歌4.2
12579	二十八、量詞/一張A	一條煙	一条烟	a55 tʰiu21 jin55	aa1 tiu4 jin1	一張A，一張A的撲克牌
12580	二十八、量詞/一對八	一對八	一对八	a55 tui33 pɛt3	aa1 dui3 bet3	一對八，兩張8的撲克牌
12581	二十八、量詞/四張K	四條傾	四条倾	ɬi33 tʰiu21 kʰeŋ55	sli3 tiu4 king1	四張K，四張K的撲克牌1
12582	二十八、量詞/四張K	四隻傾	四只倾	ɬi33 tʃɛk3 kʰeŋ55	sli3 zek3 king1	四張K，四張K的撲克牌2
12583	二十八、量詞/一聽（茶葉）	一聽茶葉	一听茶叶	a55 tʰɛŋ55 tʃʰa21 jip2	aa1 teng1 caa4 jip6	一聽茶葉
12584	二十八、量詞/一聽（罐頭）	一聽罐頭	一听罐头	a55 tʰɛŋ55 kun33 tʰɐu21	aa1 teng1 gun3 tau4	一聽罐頭
12585	二十八、量詞/一鼻子（鼻涕）	一筒	一筒	a55 tʰʊŋ21	aa1 tung4	一鼻子（鼻涕）
12586	二十八、量詞/一桶（汽油）	一桶	一桶	a55 tʰʊŋ35	aa1 tung2	一桶（汽油）
12587	二十八、量詞/一捲（膠卷）	一筒	一筒	a55 tʰʊŋ21	aa1 tung4	一捲（膠卷）
12588	二十八、量詞/一帖（膏藥）	一帖	一帖	a55 tʰip3	aa1 tip3	一帖（膏藥）
12589	二十八、量詞/一團（泥）	一䊆	一䊆	a55 kɐu22	aa1 gau6	一團1（泥）
12590	二十八、量詞/一團（泥）	一䊆塿	一䊆𪣻	a55 kɐu22 lɐu22	aa1 gau6 lau6	一團2（泥），「䊆塿」實爲「䊆」的分音
12591	二十八、量詞/一團（泥）	一穙	一穙	a55 pʊk2	aa1 buk6	一團3（泥）
12592	二十八、量詞/一團（泥）	一穙稑	一穙稑	a55 pʊk2 lʊk2	aa1 buk6 luk6	一團4（泥），「穙稑」實爲「穙」的分音
12593	二十八、量詞/一味（藥）	一味	一味	a55 mi35	aa1 mi2	一味（藥）
12594	二十八、量詞/一個（菜）	一味	一味	a55 mi35	aa1 mi2	一個（菜）
12595	二十八、量詞/一道（菜）	一道	一道	jɐt5 tu22	jat1 du6	一道（菜）
12596	二十八、量詞/一碗（飯）	一碗	一碗	a55 wun35	aa1 wun2	一碗1（飯）
12597	二十八、量詞/一碗（飯）	一㼞	一㼞	a55 pʰaŋ55	aa1 paang1	一碗2（飯），金屬大碗
12598	二十八、量詞/一碗（飯）	一㼞啷	一㼞啷	a55 pʰaŋ55 laŋ55	aa1 paang1 laang1	一碗3（飯），金屬大碗，「㼞啷」實爲「㼞」的分音
12599	二十八、量詞/一位（客人）	一個	一个	a55 kɔ33	aa1 go3	一位1（客人）
12600	二十八、量詞/一位（客人）	一位	一位	a55 wɐi35	aa1 wai2	一位2（客人）
12601	二十八、量詞/一位客人	一個客人	一个客人	a55 kɔ33 hak3 jɐn21	aa1 go3 haak3 jan4	一位客人1.1
12602	二十八、量詞/一位客人	一個客人	一个客人	jɐt5 kɔ33 hak3 jɐn21	jat1 go3 haak3 jan4	一位客人1.2
12603	二十八、量詞/一位客人	一位客人	一位客人	a55 wɐi35 hak3 jɐn21	aa1 wai2 haak3 jan4	一位客人2.1
12604	二十八、量詞/一位客人	一位客人	一位客人	jɐt5 wɐi35 hak3 jɐn21	jat1 wai2 haak3 jan4	一位客人2.2
12605	二十八、量詞/一窩（蜂、鳥、禽畜）	一竇	一窦	a55 tɐu33	aa1 dau3	一窩（蜂、蟻、鳥、禽畜）
12606	二十八、量詞/一窩蜂	一竇蜂	一窦蜂	a55 tɐu33 fʊŋ55	aa1 dau3 fung1	一窩蜂1.1
12607	二十八、量詞/一窩蜂	一竇蜂	一窦蜂	jɐt5 tɐu33 fʊŋ55	jat1 dau3 fung1	一窩蜂1.2
12608	二十八、量詞/一箱子（衣裳）	一籠	一笼	a55 lʊŋ24	aa1 lung5	一箱子（衣裳）
12609	二十八、量詞/一系列（問題）	一堆	一堆	a55 tui55	aa1 dui1	一系列1（問題）
12610	二十八、量詞/一系列（問題）	一堆壘	一堆垒	a55 tui55 lui55	aa1 dui1 lui1	一系列2（問題），「堆壘」實爲「堆」的分音
12611	二十八、量詞/一匣子（手飾）	一盒	一盒	a55 hɐp2	aa1 hap6	一匣子（手飾）
12612	二十八、量詞/一頁（書）	一頁	一页	a55 jip2	aa1 jip6	一頁（書）
12613	二十八、量詞/一葉（青菜）	一掐	一掐	a55 hap3	aa1 haap3	一葉（青菜）
12614	二十八、量詞/一陣風	一口風	一口风	a55 hɐu35 fʊŋ55	aa1 hau2 fung1	一陣風
12615	二十八、量詞/一支菸	一口菸	一口烟	a55 hɐu35 jin55	aa1 hau2 jin1	一支菸1
12616	二十八、量詞/一支菸	一支菸	一支烟	a55 tʃi55 jin55	aa1 zi1 jin1	一支菸2
12617	二十八、量詞/一子兒（香）	一把	一把	a55 pa35	aa1 baa2	一子兒1（香）
12618	二十八、量詞/一子兒（香）	一紮	一扎	a55 tʃat3	aa1 zaat3	一子兒2（香）
12619	二十八、量詞/一子兒（香）	一子	一子	a55 tʃi35	aa1 zi2	一子兒3.1（香）
12620	二十八、量詞/一子兒（香）	一子	一子	a55 tsɿ35	aa1 zy2	一子兒3.2（香）
12621	二十八、量詞/一子（線）	一子	一子	a55 tʃi35	aa1 zi2	一子1.1（線）
12622	二十八、量詞/一子（線）	一子	一子	a55 tsɿ35	aa1 zy2	一子1.2（線）
12623	二十八、量詞/一枝（花兒）	一枝	一枝	a55 tʃi55	aa1 zi1	一枝（花兒）
12624	二十八、量詞/一枝（藕）	一枝	一枝	a55 tʃi55	aa1 zi1	一枝（藕）
12625	二十八、量詞/一支（槍）	一支	一支	a55 tʃi55	aa1 zi1	一支（槍）
12626	二十八、量詞/一個（金屬套）	一支錔	一支錔	a55 tʃi55 tʰap3	aa1 zi1 taap3	一個金屬套
12627	二十八、量詞/一支（筆）	一支	一支	a55 tʃi55	aa1 zi1	一支（筆），一根（牙籤）
12628	二十八、量詞/一支筆	一支筆	一支笔	a55 tʃi55 pɐt5	aa1 zi1 bat1	一支筆1.1
12629	二十八、量詞/一支筆	一支筆	一支笔	jɐt5 tʃi55 pɐt5	jat1 zi1 bat1	一支筆1.2
12630	二十八、量詞/一隻（手）	一隻	一只	a55 tʃɛk3	aa1 zek3	一隻（手）
12631	二十八、量詞/一隻手	一隻手	一只手	a55 tʃɛk3 ʃɐu35	aa1 zek3 sau2	一隻手1.1
12632	二十八、量詞/一隻手	一隻手	一只手	jɐt5 tʃɛk3 ʃɐu35	jat1 zek3 sau2	一隻手1.2
12633	二十八、量詞/一隻（腳）	一隻	一只	a55 tʃɛk3	aa1 zek3	一隻1（腳）
12634	二十八、量詞/一隻（腳）	一條	一条	a55 tʰiu21	aa1 tiu4	一隻2（腳）
12635	二十八、量詞/一隻（雞）	一隻	一只	a55 tʃɛk3	aa1 zek3	一隻（雞）
12636	二十八、量詞/一隻雞	一隻雞	一只鸡	a55 tʃɛk3 kɐi55	aa1 zek3 gai1	一隻雞1.1
12637	二十八、量詞/一隻雞	一隻雞	一只鸡	jɐt5 tʃɛk3 kɐi55	jat1 zek3 gai1	一隻雞1.2
12638	二十八、量詞/一隻（鳥）	一隻	一只	a55 tʃɛk3	aa1 zek3	一隻（鳥）
12639	二十八、量詞/一盞（燈）	一盞	一盏	a55 tʃɛn35	aa1 zen2	一盞1（燈）
12640	二十八、量詞/一盞（燈）	一眼	一眼	a55 ŋɛn35	aa1 ngen2	一盞2（燈）
12641	二十八、量詞/一盞燈	一盞燈	一盏灯	a55 tʃɛn35 tɐŋ55	aa1 zen2 dang1	一盞燈1
12642	二十八、量詞/一盞燈	一眼燈	一眼灯	a55 ŋɛn35 tɐŋ55	aa1 ngen2 dang1	一盞燈2
12643	二十八、量詞/一張（桌子）	一張	一张	a55 tʃœŋ55	aa1 zoeng1	一張（桌子、牀、塘）
12644	二十八、量詞/一張（桌子）	一張檯	一张台	a55 tʃœŋ55 tʰɔi21	aa1 zoeng1 toi4	一張桌子
12645	二十八、量詞/一張（臉）	一塊面	一块面	a55 fai33 min22	aa1 faai3 min6	一張1.1（臉）
12646	二十八、量詞/一張（臉）	一塊面	一块面	a55 wai33 min22	aa1 waai3 min6	一張1.2（臉）
12647	二十八、量詞/一張（嘴）	一把	一把	a55 pa35	aa1 baa2	一張（嘴）
12648	二十八、量詞/一張嘴	一把口	一把口	a55 pa35 hɐu35	aa1 baa2 hau2	一張嘴1
12649	二十八、量詞/一張嘴	一把嘴	一把嘴	a55 pa35 tʃui35	aa1 baa2 zui2	一張嘴2
12650	二十八、量詞/一種（東西）	一樣嘢	一样嘢	a55 jœŋ22 jɛ24	aa1 joeng6 je5	一種東西
12651	二十八、量詞/這種（東西）	阿亭嘢	阿亭嘢	a33 tʰeŋ21 jɛ24	aa3 ting4 je5	這種東西，又作「停」字
12652	二十八、量詞/一軸兒（線）	一碌	一碌	a55 lʊk5	aa1 luk1	一軸兒（線）
12653	二十八、量詞/一樁（事情）	一單	一单	a55 tan55	aa1 daan1	一樁（事情）
12654	二十八、量詞/一幢（樓房）	一座	一座	a55 tʃɔ22	aa1 zo6	一幢1（樓房）
12655	二十八、量詞/一幢（樓房）	一棟	一栋	a55 tʊŋ22	aa1 dung6	一幢2（樓房）
12656	二十八、量詞/一桌（酒席）	一檯	一台	a55 tʰɔi21	aa1 toi4	一桌（酒席）
12657	二十八、量詞/一撮（毛）	一執	一执	a55 tʃɐp5	aa1 zap1	一撮1.1（毛）
12658	二十八、量詞/一撮（毛）	一執	一执	a55 jɐp5	aa1 jap1	一撮1.2（毛）
12659	二十八、量詞/一座（橋）	一條	一条	a55 tʰiu21	aa1 tiu4	一座1（橋）
12660	二十八、量詞/一座（橋）	一蔸	一蔸	a55 tɐu55	aa1 dau1	一座2（橋）
12661	二十八、量詞/一座橋	一條橋	一条桥	a55 tʰiu21 kʰiu21	aa1 tiu4 kiu4	一座橋1.1
12662	二十八、量詞/一座橋	一條橋	一条桥	jɐt5 tʰiu21 kʰiu21	jat1 tiu4 kiu4	一座橋1.2
12663	二十八、量詞/一座橋	一蔸橋	一蔸桥	a55 tɐu55 kʰiu21	aa1 dau1 kiu4	一座橋2.1
12664	二十八、量詞/一座橋	一蔸橋	一蔸桥	jɐt5 tɐu55 kʰiu21	jat1 dau1 kiu4	一座橋2.2
12665	二十八、量詞/一座（墳）	一口墳山	一口坟山	a55 hɐu35 fɐn21 ʃan55	aa1 hau2 fan4 saan1	一座墳
12666	二十八、量詞/一尊（佛像）	一座	一座	a55 tʃɔ22	aa1 zo6	一尊（佛像）
12667	二十八、量詞/一虎口	一揇	一揇	a55 nam33	aa1 naam3	一虎口，大拇指與食指張開的長度
12668	二十八、量詞/一拃	一抸	一抸	a55 jap3	aa1 jaap3	一拃，大拇指與中指張開的長度
12669	二十八、量詞/一庹	一弸	一弸	a55 pʰaŋ55	aa1 paang1	一庹，兩臂平伸成一直線的長度
12670	二十八、量詞/一跨	一𨂾	一𨂾	a55 nam33	aa1 naam3	一跨，一步距離
12671	二十八、量詞/一指（長）	一手指	一手指	a55 ʃɐu35 tʃi35	aa1 sau2 zi2	一指（長）
12672	二十八、量詞/一成兒	一成	一成	a55 tʃʰeŋ21	aa1 cing4	一成兒
12673	二十八、量詞/八成兒	八成	八成	pɛt3 tʃʰeŋ21	bet3 cing4	八成兒
12674	二十八、量詞/一萬頭（鞭炮）	一萬頭	一万头	a55 man22 tʰɐu21	aa1 maan6 tau4	一萬頭（鞭炮）
12675	二十八、量詞/（吃、打）一頓	一餐	一餐	a55 tʃʰan55	aa1 caan1	（吃、打）一頓
12676	二十八、量詞/（走）一趟	一次	一次	a55 tʃʰi33	aa1 ci3	（走）一趟1.1
12677	二十八、量詞/（走）一趟	一次	一次	a55 tsʰɿ33	aa1 cy3	（走）一趟1.2
12678	二十八、量詞/（走）一趟	一趟	一趟	a55 tʰɔŋ33	aa1 tong3	（走）一趟2
12679	二十八、量詞/（走）一趟	一輪	一轮	a55 lɐn21	aa1 lan4	（走）一趟3.1，（數落）一通
12680	二十八、量詞/（走）一趟	一輪	一轮	a55 lyn21	aa1 lyun4	（走）一趟3.2，（數落）一通
12681	二十八、量詞/（走）一趟	一棍	一棍	a55 kʷɐn33	aa1 gwan3	（走）一趟4，（騙）一回
12682	二十八、量詞/（走）一趟	一回	一回	a55 wui21	aa1 wui4	（走）一趟5.1
12683	二十八、量詞/（走）一趟	一回	一回	jɐt5 wui21	jat1 wui4	（走）一趟5.2
12684	二十八、量詞/（打）一下	一下	一下	a55 ha24	aa1 haa5	（打）一下
12685	二十八、量詞/打一下	打一下	打一下	ta35 a55 ha24	daa2 aa1 haa5	打一下1.1
12686	二十八、量詞/打一下	打一下	打一下	ta35 jɐt5 ha24	daa2 jat1 haa5	打一下1.2
12687	二十八、量詞/一次	一次	一次	a55 tʃʰi33	aa1 ci3	一次1.1
12688	二十八、量詞/一次	一次	一次	a55 tsʰɿ33	aa1 cy3	一次1.2
12689	二十八、量詞/一次性	一次過	一次过	a55 tʃʰi33 kɔ33	aa1 ci3 go3	一次性1.1
12690	二十八、量詞/一次性	一次過	一次过	a55 tsʰɿ33 kɔ33	aa1 cy3 go3	一次性1.2
12691	二十八、量詞/（打）一拳	一槌	一槌	a55 tʃʰui21	aa1 cui4	（打）一拳，䂿[tɐp2]～
12692	二十八、量詞/（打）一個（電話）	一隻	一只	a55 tʃɛk3	aa1 zek3	（打）一個（電話）
12693	二十八、量詞/（看）一眼	一眼	一眼	a55 ŋɛn24	aa1 ngen5	（看）一眼，（望、睇）～
12694	二十八、量詞/（吃）一口	一啖	一啖	a55 tam22	aa1 daam6	（吃）一口
12695	二十八、量詞/（打）一巴掌	一巴掌	一巴掌	a55 pa55 tʃœŋ35	aa1 baa1 zoeng2	（打）一巴掌，（撻[tʰat3]、扻[kʰɐm35]）～
12696	二十八、量詞/打一巴掌	扻一巴掌	扻一巴掌	kʰɐm35 a55 pa55 tʃœŋ35	kam2 aa1 baa1 zoeng2	打一巴掌1
12697	二十八、量詞/打一巴掌	撻一巴掌	挞一巴掌	tʰat3 a55 pa55 tʃœŋ35	taat3 aa1 baa1 zoeng2	打一巴掌2
12698	二十八、量詞/打一巴掌	捎一巴掌	捎一巴掌	ɬau21 a55 pa55 tʃœŋ35	slaau4 aa1 baa1 zoeng2	打一巴掌3
12699	二十八、量詞/打一巴掌	搧一巴掌	搧一巴掌	ʃin55 a55 pa55 tʃœŋ35	sin1 aa1 baa1 zoeng2	打一巴掌4
12700	二十八、量詞/（談）一會兒	一陣	一阵	a55 tʃɐn22	aa1 zan6	（談）一會兒1
12701	二十八、量詞/（談）一會兒	一陣子	一阵子	a55 tʃɐn22 tʃi35	aa1 zan6 zi2	（談）一會兒2.1
12702	二十八、量詞/（談）一會兒	一陣子	一阵子	a55 tʃɐn22 tsɿ35	aa1 zan6 zy2	（談）一會兒2.2
12703	二十八、量詞/（談）一會兒	一陣子	一阵子	a55 tʃɐn22 tʃi55	aa1 zan6 zi1	（談）一會兒2.3
12704	二十八、量詞/（談）一會兒	一陣子	一阵子	a55 tʃɐn22 tsɿ55	aa1 zan6 zy1	（談）一會兒2.4
12705	二十八、量詞/聽一會兒	聽一陣	听一阵	tʰɛŋ55 a55 tʃɐn22	teng1 aa1 zan6	聽一會兒1
12706	二十八、量詞/聽一會兒	聽一陣	听一阵	tʰɛŋ55 jɐt5 tʃɐn22	teng1 jat1 zan6	聽一會兒2
12707	二十八、量詞/（下）一陣（雨）	一陣	一阵	a55 tʃɐn22	aa1 zan6	（下）一陣1（雨），落～雨
12708	二十八、量詞/（下）一陣（雨）	一乍	一乍	a55 ɬa22	aa1 slaa6	（下）一陣2（雨），落～雨
12709	二十八、量詞/一陣雨	一陣雨	一阵雨	a55 tʃɐn22 jy24	aa1 zan6 jyu5	一陣雨1.1
12710	二十八、量詞/一陣雨	一陣雨	一阵雨	jɐt5 tʃɐn22 jy24	jat1 zan6 jyu5	一陣雨1.2
12711	二十八、量詞/一陣雨	一乍雨	一乍雨	a55 ɬa22 jy24	aa1 slaa6 jyu5	一陣雨2.1
12712	二十八、量詞/一陣雨	一乍雨	一乍雨	jɐt5 ɬa22 jy24	jat1 slaa6 jyu5	一陣雨2.2
12713	二十八、量詞/（罵）一場	一餐	一餐	a55 tʃʰan55	aa1 caan1	（罵）一場
12714	二十八、量詞/打一頓	打一餐	打一餐	ta35 a55 tʃʰan55	daa2 aa1 caan1	打一頓
12715	二十八、量詞/（見）一面	一面	一面	a55 min22	aa1 min6	（見）一面
12716	二十八、量詞/（洗）一水（衣裳）	一水	一水	a55 ʃui35	aa1 sui2	（洗）一水（衣裳）
12717	二十八、量詞/（燒）一爐（陶器）	一窯	一窑	a55 jiu21	aa1 jiu4	（燒）一爐（陶器）
12718	二十八、量詞/（寫）一手（好字）	一手	一手	a55 ʃɐu35	aa1 sau2	（寫）一手1（好字）
12719	二十八、量詞/（寫）一手（好字）	一筆	一笔	a55 pɐt5	aa1 bat1	（寫）一手2（好字）
12720	二十八、量詞/（當）一票（當）	一票	一票	a55 pʰiu33	aa1 piu3	（當）一票（當）
12721	二十八、量詞/（開）一屆（會議）	一屆	一届	a55 kai33	aa1 gaai3	（開）一屆（會議）
12722	二十八、量詞/（做）一任（官）	一任	一任	a55 jɐm22	aa1 jam6	（做）一任（官）
12723	二十八、量詞/（下）一盤（棋）	一鋪	一铺	a55 pʰu55	aa1 pu1	（下）一盤1（棋）
12724	二十八、量詞/（下）一盤（棋）	一盤	一盘	a55 pʰun21	aa1 pun4	（下）一盤2（棋）
12725	二十八、量詞/（打）一盤撲克	一鋪披	一铺披	a55 pʰu55 pʰɛ55	aa1 pu1 pe1	（打）一盤撲克
12726	二十八、量詞/（打）一圈（麻將）	一鋪	一铺	a55 pʰu55	aa1 pu1	（打）一圈（麻將）
12727	二十八、量詞/一局定勝負	一鋪過	一铺过	a55 pʰu55 kɔ33	aa1 pu1 go3	一局定勝負
12728	二十八、量詞/（請）一桌（客）	一檯	一台	a55 tʰɔi21	aa1 toi4	（請）一桌（客）
12729	二十八、量詞/（唱）一臺（戲）	一臺	一台	a55 tʰɔi21	aa1 toi4	（唱）一臺（戲）
12730	二十八、量詞/某個	噻隻	噻只	ɬɐk5 tʃɛk3	slak1 zek3	某個（一個人喺屋悶多，真係想搵～人講嘢）
12731	二十八、量詞/個把	個把	个把	kɔ33 pa35	go3 baa2	個把1
12732	二十八、量詞/個把	隻把	只把	tʃɛk3 pa35	zek3 baa2	個把2
12733	二十八、量詞/個把	噻個	噻个	ɬɐk5 kɔ33	slak1 go3	個把3
12734	二十八、量詞/個把兩個	個把兩個	个把两个	kɔ33 pa35 lœŋ24 kɔ33	go3 baa2 loeng5 go3	個把兩個1
12735	二十八、量詞/個把兩個	隻把兩隻	只把两只	tʃɛk3 pa35 lœŋ24 tʃɛk3	zek3 baa2 loeng5 zek3	個把兩個2
12736	二十八、量詞/百把來個	百把個	百把个	pak3 pa35 kɔ33	baak3 baa2 go3	百把來個1
12737	二十八、量詞/百把來個	百零個	百零个	pak3 lɛŋ21 kɔ33	baak3 leng4 go3	百把來個2
12738	二十八、量詞/百把來個	百幾個	百几个	pak3 ki35 kɔ33	baak3 gi2 go3	百把來個3
12739	二十八、量詞/百把來個	噻百個	噻百个	ɬɐk5 pak3 kɔ33	slak1 baak3 go3	百把來個4
12740	二十八、量詞/千把人	千把人	千把人	tʃʰin55 pa35 jɐn21	cin1 baa2 jan4	千把人1
12741	二十八、量詞/千把人	千零人	千零人	tʃʰin55 lɛŋ21 jɐn21	cin1 leng4 jan4	千把人2
12742	二十八、量詞/千把人	千幾人	千几人	tʃʰin55 ki35 jɐn21	cin1 gi2 jan4	千把人3
12743	二十八、量詞/萬把塊錢	萬把文	万把文	man22 pa35 mɐn55	maan6 baa2 man1	萬把塊錢1
12744	二十八、量詞/萬把塊錢	萬零文	万零文	man22 lɛŋ21 mɐn55	maan6 leng4 man1	萬把塊錢2
12745	二十八、量詞/萬把塊錢	萬幾文	万几文	man22 ki35 mɐn55	maan6 gi2 man1	萬把塊錢3
12746	二十八、量詞/一斤多重	斤零重	斤零重	kɐn55 lɛŋ21 tʃʰʊŋ24	gan1 leng4 cung5	一斤多重
12747	二十八、量詞/里把路	里把路	里把路	li24 pa35 lu22	li5 baa2 lu6	里把路1
12748	二十八、量詞/里把路	里零路	里零路	li24 lɛŋ21 lu22	li5 leng4 lu6	里把路2
12749	二十八、量詞/里把二里路	里把兩里路	里把两里路	li24 pa35 lœŋ24 li24 lu22	li5 baa2 loeng5 li5 lu6	里把二里路1
12750	二十八、量詞/里把二里路	里零兩里路	里零两里路	li24 lɛŋ21 lœŋ24 li24 lu22	li5 leng4 loeng5 li5 lu6	里把二里路2
12751	二十八、量詞/畝把二畝	畝把兩畝	亩把两亩	mɐu24 pa35 lœŋ24 mɐu24	mau5 baa2 loeng5 mau5	畝把二畝1
12752	二十八、量詞/畝把二畝	畝零兩畝	亩零两亩	mɐu24 lɛŋ21 lœŋ24 mɐu24	mau5 leng4 loeng5 mau5	畝把二畝2
12753	二十八、量詞/繞兩下	絞兩絞	绞两绞	kɛu35 lœŋ24 kɛu35	geu2 loeng5 geu2	繞兩下1
12754	二十八、量詞/繞兩下	繞兩繞	绕两绕	jiu35 lœŋ24 jiu35	jiu2 loeng5 jiu2	繞兩下2
12755	二十八、量詞/攪兩下	攪兩攪	搅两搅	kɛu35 lœŋ24 kɛu35	geu2 loeng5 geu2	攪兩下1
12756	二十八、量詞/攪兩下	抇兩抇	抇两抇	wɐt2 lœŋ24 wɐt2	wat6 loeng5 wat6	攪兩下2
12757	二十八、量詞/不是一次兩次	冇係一次兩次	冇系一次两次	mu24 hɐi22 a55 tʃʰi33 lœŋ24 tʃʰi33	mu5 hai6 aa1 ci3 loeng5 ci3	不是一次兩次1.1，也合音爲「咪[mɐi22]一次兩次」
12758	二十八、量詞/不是一次兩次	冇係一次兩次	冇系一次两次	mu24 hɐi22 a55 tsʰɿ33 lœŋ24 tsʰɿ33	mu5 hai6 aa1 cy3 loeng5 cy3	不是一次兩次1.2，也合音爲「咪[mɐi22]一次兩次」
12759	二十九、附加成分（1）後加成分/···極了	···鬼魂都失	···鬼魂都失	kʷɐi35 wɐn21 tu55 ʃɐt5	gwai2 wan4 du1 sat1	···極了1
12760	二十九、附加成分（1）後加成分/···極了	···鬼魂啊失	···鬼魂啊失	kʷɐi35 wɐn21 a55 ʃɐt5	gwai2 wan4 aa1 sat1	···極了2（做哂一日工，癐得～；嚇得我～）
12761	二十九、附加成分（1）後加成分/···極了	···鬼魂都折	···鬼魂都折	kʷɐi35 wɐn21 tu55 ʃit2	gwai2 wan4 du1 sit6	···極了3
12762	二十九、附加成分（1）後加成分/···極了	···鬼魂啊折	···鬼魂啊折	kʷɐi35 wɐn21 a55 ʃit2	gwai2 wan4 aa1 sit6	···極了4
12763	二十九、附加成分（1）後加成分/···極了	···鬼魂失	···鬼魂失	kʷɐi35 wɐn21 ʃɐt5	gwai2 wan4 sat1	···極了5
12764	二十九、附加成分（1）後加成分/···極了	···鬼魂	···鬼魂	kʷɐi35 wɐn21	gwai2 wan4	···極了6（隻人黑～；嚕笪地方遠～）
12765	二十九、附加成分（1）後加成分/···極了	···㞓魂失	···㞓魂失	hɐi55 wɐn21 ʃɐt5	hai1 wan4 sat1	···極了7，詈語
12766	二十九、附加成分（1）後加成分/···極了	···㞓魂	···㞓魂	hɐi55 wɐn21	hai1 wan4	···極了8，詈語
12767	二十九、附加成分（1）後加成分/···極了	···㞓㞓聲	···㞓㞓声	hɐi55 hɐi55 ʃɛŋ55	hai1 hai1 seng1	···極了9，詈語
12768	二十九、附加成分（1）後加成分/···極了	···得勢	···得势	tɐk5 ʃɐi33	dak1 sai3	···極了10
12769	二十九、附加成分（1）後加成分/···極了	···多多聲	···多多声	tɔ55 tɔ55 ʃɛŋ55	do1 do1 seng1	···極了11（今日熱過琴日～；佢比你好得～）
12770	二十九、附加成分（1）後加成分/···極了	···得鬼魂	···得鬼魂	tɐk5 kʷɐi35 wɐn21	dak1 gwai2 wan4	···極了12（人多～），「得鬼魂啊失」的省略
12771	二十九、附加成分（1）後加成分/···極了（貶義）	···齊	···齐	tʃʰɐi21	cai4	···極了（我一聽考博，頭都痛～），一般用於消極的，貶義的
12772	二十九、附加成分（1）後加成分/···多	···多	···多	tɔ55	do1	···多（懶～，太懶，晏～，太晚），形容詞後附加成分，表示「太···」
12773	二十九、附加成分（1）後加成分/···夠	···夠	···够	kɐu33	gau3	···夠（隻細蚊哭～哂，癐哂，而家睡住），形容詞短語或動詞短語後附加成分，表極致
12774	二十九、附加成分（1）後加成分/···夠癮	···夠癮	···够瘾	kɐu33 jɐn24	gau3 jan5	···夠癮（一屋人嘅衫，洗得我～去；今日放假，耍得～啊），形容詞短語或動詞短語後附加成分，表程度深
12775	二十九、附加成分（1）後加成分/···夠夠	···夠夠	···够够	kɐu33 kɐu33	gau3 gau3	···夠夠（今日放假，耍得～），形容詞短語或動詞短語後附加成分，表程度深
12776	二十九、附加成分（1）後加成分/···唅唅	···唅唅	···唅唅	hɐm21 hɐm21	ham4 ham4	···唅唅（搶/嗌/行/嘈/趯/笑/衝/哭/追/擁/擠/滾/食～～），紛紛貌、急促貌、紛亂貌1
12777	二十九、附加成分（1）後加成分/···喳喳	···喳喳	···喳喳	tʃa21 tʃa21	zaa4 zaa4	···喳喳（搶/嗌/行/嘈/趯/笑/衝/哭/追/擁/擠/滾/食～～），紛紛貌、急促貌、紛亂貌2
12778	二十九、附加成分（1）後加成分/···襲襲	···襲襲	···袭袭	ɬɐp2 ɬɐp2	slap6 slap6	···襲襲1.1（落雨/哭/拖/跟/行/拜/溼/亂/爛/諧/跛[pɐi55]/磨[mɔ55]/盲～～），陣陣貌，表緩慢的動作或狀態
12779	二十九、附加成分（1）後加成分/···襲襲	···襲襲	···袭袭	ɬɛp2 ɬɛp2	slep6 slep6	···襲襲1.2（落雨/哭/拖/跟/行/拜/溼/亂/爛/諧/跛[pɐi55]/磨[mɔ55]/盲～～），陣陣貌，表緩慢的動作或狀態
12780	二十九、附加成分（1）後加成分/···得很	···得很	···得很	tɐk5 hɐn35	dak1 han2	···得很
12781	二十九、附加成分（1）後加成分/···得	···得	···得	tɐk5	dak1	···得
12782	二十九、附加成分（1）後加成分/···要命	···要命	···要命	jiu33 mɛŋ22	jiu3 meng6	···要命
12783	二十九、附加成分（1）後加成分/···要死	···要死	···要死	jiu33 ɬi35	jiu3 sli2	···要死
12784	二十九、附加成分（1）後加成分/···得要死	···腏死	···腏死	tʃʰɔt2 ɬi35	cot6 sli2	···得要死（人多～），詈語
12785	二十九、附加成分（1）後加成分/···鬼樣子	···腏樣	···腏样	tʃʰɔt2 jœŋ35	cot6 joeng2	···鬼樣子，詈語
12786	二十九、附加成分（1）後加成分/···死人	···死人	···死人	ɬi35 jɐn21	sli2 jan4	···死人
12787	二十九、附加成分（1）後加成分/···不得了	···不得了	···不得了	pɐt5 tɐk5 liu24	bat1 dak1 liu5	···不得了
12788	二十九、附加成分（1）後加成分/···啲	···啲	···啲	ti35	di2	···啲1.1（澀[kip3]澀[kip3]～、瘦瘦～、新新～、舊舊～、酸酸餿[ɬʊk5]餿[ɬʊk5]～），表程度輕
12789	二十九、附加成分（1）後加成分/···啲	···啲	···啲	ti55	di1	···啲1.2，表程度輕
12790	二十九、附加成分（1）後加成分/···些的	···啲嘅	···啲嘅	ti55 kɛ33	di1 ge3	···些的1.1（佢隻人高高瘦瘦～），用於形容詞性成分後
12791	二十九、附加成分（1）後加成分/···些的	···啲嘅	···啲嘅	ti55 ɛ33	di1 e3	···些的1.2（佢隻人高高瘦瘦～），用於形容詞性成分後
12792	二十九、附加成分（1）後加成分/···這（那）樣的	···啲噉嘅	···啲噉嘅	ti55 kɐm35 kɛ33	di1 gam2 ge3	···這（那）樣的1.1（就幫佢炸排骨啊炸魚啊炸豆腐啊～），用於指代前述
12793	二十九、附加成分（1）後加成分/···這（那）樣的	···啲噉嘅	···啲噉嘅	ti55 kɐm35 ɛ33	di1 gam2 e3	···這（那）樣的1.2（就幫佢炸排骨啊炸魚啊炸豆腐啊～），用於指代前述
12794	二十九、附加成分（1）後加成分/···來	···來	···来	lɐi21	lai4	···來（佢擰支筆～；同佢講得通～，個個都識齊哦；金鳳凰飛冇得起身～），後置詞，有多種意思，一般作趨向動詞、表假設關係或表動作曾經發生
12795	二十九、附加成分（1）後加成分/···去	···去	···去	hy33	hyu3	···去（捱山螞蟥嗒到出血～、趯返屋裏底～、佢送兩瓶酒～、掃乾淨間屋～），用作趨向動詞，而在離開義或致失義動詞後作動相補語，句末表事件的結果或狀態所達到的程度，還可表祈使語氣
12796	二十九、附加成分（1）後加成分/···來的	···來嘅	···来嘅	lɐi21 kɛ33	lai4 ge3	···來的1.1（佢係北大嘅博士～），用於名詞性成分後
12797	二十九、附加成分（1）後加成分/···來的	···來嘅	···来嘅	lɐi21 ɛ33	lai4 e3	···來的1.2（佢係北大嘅博士～），用於名詞性成分後
12798	二十九、附加成分（1）後加成分/···來的	···來到嘅	···来到嘅	lɐi21 tu33 kɛ33	lai4 du3 ge3	···來的2.1（佢係北大嘅博士～），用於名詞性成分後
12799	二十九、附加成分（1）後加成分/···來的	···來到嘅	···来到嘅	lɐi21 tu33 ɛ33	lai4 du3 e3	···來的2.2（佢係北大嘅博士～），用於名詞性成分後
12800	二十九、附加成分（1）後加成分/···來的	···來到啊喎	···来到啊㖞	lɐi21 tu33 a33 wɔ33	lai4 du3 aa3 wo3	···來的3（佢係北大嘅博士～），用於名詞性成分後，「啊喎」一般弱讀爲[ə33 wɔ33]，表提醒
12801	二十九、附加成分（1）後加成分/···吖喇	···吖喇	···吖喇	a55 la33	aa1 laa3	···吖喇（絹紡廠招工，佢矮矮嘅四肢又冇高大，人哋冇想要佢～，但係絹紡廠主任留佢落來），一般弱讀爲[ə55 lə33]，又寫作「吖嘞」，表示對事情轉折的感慨
12802	二十九、附加成分（1）後加成分/···的嘛	···吖嘛	···吖嘛	a55 ma33	aa1 maa3	···的嘛（要講道理～），表說理或解釋原因
12803	二十九、附加成分（1）後加成分/···罷了	···之嘛	···之嘛	tʃi55 ma33	zi1 maa3	···罷了（阿幅對聯佢生成有嘅我背得～；插乜嘢隊呢，徛多幾分鐘～，賺得給人講），表示不過如此、僅此而已
12804	二十九、附加成分（1）後加成分/···啊喔	···啊喎	···啊㖞	a33 wɔ33	aa3 wo3	···啊喔1.1（新嘅博物館現在好靚～、噻時又刮着手～、冇係個個都煮得～），一般弱讀爲[ə33 wɔ33]，用於表示提醒
12805	二十九、附加成分（1）後加成分/···啊喔	···啊喎	···啊㖞	a33 wɔ55	aa3 wo1	···啊喔1.2（A：剩嘅都有八十幾啊喎[wɔ33]，B：八十幾～！八十三、八十四～！），一般弱讀爲[ə33 wɔ55]，用於表示肯定，當回復肯定他人話語時「喎」變調
12806	二十九、附加成分（1）後加成分/···啊呢	···啊呢	···啊呢	a33 nɛ55	aa3 ne1	···啊呢（當時明園飯店都冇有女～、退休冇有事做～），一般弱讀爲[ə33 nɛ55]，用於表示加強、確定的語氣
12807	二十九、附加成分（1）後加成分/···啊呢	···啊呢	···啊呢	a33 nɛ21	aa3 ne4	···啊呢（去～），一般弱讀爲[ə33 nɛ21]，用於祈使句，有撒嬌的語氣
12808	二十九、附加成分（1）後加成分/···啊喂	···啊喂	···啊喂	a33 wɐi35	aa3 wai2	···啊喂（去～），一般弱讀爲[ə33 wɐi35]，用於祈使句，有命令的語氣
12809	二十九、附加成分（1）後加成分/···啊唄	···啊唄	···啊呗	a33 wɛ22	aa3 we6	···啊唄（由佢～、即管試試～），一般弱讀爲[ə33 wɛ22]，用於表示勉強同意或讓步的語氣
12810	二十九、附加成分（1）後加成分/···啊啦	···啊啦	···啊啦	a33 la55	aa3 laa1	···啊啦（天啱啱黑你就睡覺～？），一般弱讀爲[ə33 la55]，表示疑問語氣
12811	二十九、附加成分（1）後加成分/···了喔	···哂喎	···哂㖞	ɬai33 wɔ33	slaai3 wo3	···了喔1.1（阿隻老牛突然識講話～），用於表示出人意料
12812	二十九、附加成分（1）後加成分/···了喔	···哂喎	···哂㖞	lai33 wɔ33	laai3 wo3	···了喔1.2（阿隻老牛突然識講話～），用於表示出人意料
12813	二十九、附加成分（1）後加成分/···了喔	···咯喎	···咯㖞	lɔ33 wɔ33	lo3 wo3	···了喔2.1（都算你係長壽～），一般弱讀爲[lə33 wɔ33]，用於表示突然意識到、醒悟或原來沒估計到等意思
12814	二十九、附加成分（1）後加成分/···了喔	···嘞喎	···嘞㖞	lɐ33 wɔ33	la3 wo3	···了喔2.2（都算你係長壽～），「咯喎」的弱讀，進而爲[lə33 wɔ33]，用於表示突然意識到、醒悟或原來沒估計到等意思
12815	二十九、附加成分（1）後加成分/···了呢	···哂呢	···哂呢	ɬai33 nɛ55	slaai3 ne1	···了呢1.1（煮好～，送去畀佢），用於承上句啓下句，相當於「完了之後呢」
12816	二十九、附加成分（1）後加成分/···了呢	···哂呢	···哂呢	lai33 nɛ55	laai3 ne1	···了呢1.2（煮好～，送去畀佢），用於承上句啓下句，相當於「完了之後呢」
12817	二十九、附加成分（1）後加成分/···了啊	···哂啊	···哂啊	ɬai33 a33	slaai3 aa3	···了啊1.1（佢四點鐘就起來～、好多人冇記得～），用於已然體標記
12818	二十九、附加成分（1）後加成分/···了啊	···哂啊	···哂啊	lai33 a33	laai3 aa3	···了啊1.2（佢四點鐘就起來～、好多人冇記得～），用於已然體標記
12819	二十九、附加成分（1）後加成分/···了喇	···哂吖喇	···哂吖喇	ɬai33 a55 la33	slaai3 aa1 laa3	···了喇1.1（佢啲膝頭哥冇得～、隻推櫳門釘死～），表惋惜，常弱讀合音變調爲[lai35 la33]，其中[lai35]爲「哂吖」的弱讀合音音變
12820	二十九、附加成分（1）後加成分/···了喇	···哂吖喇	···哂吖喇	lai33 a55 la33	laai3 aa1 laa3	···了喇1.2（佢啲膝頭哥冇得～、隻推櫳門釘死～），表惋惜，常變調爲[lai35 la33]，其中[lai35]爲「哂吖」的合音音變
12821	二十九、附加成分（1）後加成分/···了沒	···哂未	···哂未	ɬai33 mi22	slaai3 mi6	···了沒1.1（食飯～？）， 用作是非疑問句疑問詞
12822	二十九、附加成分（1）後加成分/···了沒	···哂未	···哂未	lai33 mi22	laai3 mi6	···了沒1.2（食飯～？）， 用作是非疑問句疑問詞
12823	二十九、附加成分（1）後加成分/···了沒	···𱤜	···𱤜	mɐŋ21	mang4	···了沒2（準備得食飯～？；幫我去睇下水滾～？）， 用作是非疑問句疑問詞，對完成體的否定
12824	二十九、附加成分（1）後加成分/···的喔	···嘅喎	···嘅㖞	kɛ33 wɔ55	ge3 wo1	···的喔1.1（吟詩作對你重係可以～！），用於表示肯定，「喎」變調爲陰平
12825	二十九、附加成分（1）後加成分/···的喔	···嘅喎	···嘅㖞	ɛ33 wɔ55	e3 wo1	···的喔1.2（吟詩作對你重係可以～！），用於表示肯定，「喎」變調爲陰平
12826	二十九、附加成分（1）後加成分/···的喇	···嘅喇	···嘅喇	kɛ33 la33	ge3 laa3	···的喇1.1（開車啲發票而家都有假～、你阿爺至惜你～、佢隻人就係噉～），句末語氣詞，用於陳述句，相當於「的了」
12827	二十九、附加成分（1）後加成分/···的喇	···嘅喇	···嘅喇	ɛ33 la33	e3 laa3	···的喇1.2（開車啲發票而家都有假～、你阿爺至惜你～、佢隻人就係噉～），句末語氣詞，用於陳述句，相當於「的了」
12828	二十九、附加成分（1）後加成分/···的啊	···嘅啊	···嘅啊	kɛ33 a22	ge3 aa6	···的啊1.1（佢好高～），用於描述人或物的形態
12829	二十九、附加成分（1）後加成分/···的啊	···嘅啊	···嘅啊	ɛ33 a22	e3 aa6	···的啊1.2（佢好高～），用於描述人或物的形態
12830	二十九、附加成分（1）後加成分/···的啊	···嘅啊	···嘅啊	kɛ33 a55	ge3 aa1	···的啊2.1（地底啲錢係你～？），用於疑問（包括反問）
12831	二十九、附加成分（1）後加成分/···的啊	···嘅啊	···嘅啊	ɛ33 a55	e3 aa1	···的啊2.2（地底啲錢係你～？），用於疑問（包括反問）
12832	二十九、附加成分（1）後加成分/···的話	···嘅話	···嘅话	kɛ33 wa22	ge3 waa6	···的話1.1（要飲水～，就去擔水），用於假設
12833	二十九、附加成分（1）後加成分/···的話	···嘅話	···嘅话	ɛ33 wa22	e3 waa6	···的話1.2（要飲水～，就去擔水），用於假設
12834	二十九、附加成分（1）後加成分/···的話	···嘅話親	···嘅话亲	kɛ33 wa22 tʃʰɐn55	ge3 waa6 can1	···的話2.1（要飲水～，就去擔水），用於假設
12835	二十九、附加成分（1）後加成分/···的話	···嘅話親	···嘅话亲	ɛ33 wa22 tʃʰɐn55	e3 waa6 can1	···的話2.2（要飲水～，就去擔水），用於假設
12836	二十九、附加成分（1）後加成分/···的話	···親	···亲	tʃʰɐn55	can1	···的話3（噻時你冇返來～要打隻電話講一聲），用於假設
12837	二十九、附加成分（1）後加成分/···呢	···呢	···呢	nɛ55	ne1	···呢（佢又冇返來同你爭套屋嘅，你重有乜嘢必要擔心～？），句末語氣詞，用於疑問或加強語氣
12838	二十九、附加成分（1）後加成分/···不呢	···冇呢	···冇呢	mu24 nɛ21	mu5 ne4	···不呢（啲菜噉辣，食得落～），用作是非疑問句疑問詞
12839	二十九、附加成分（1）後加成分/···的	···嘅	···嘅	kɛ33	ge3	···的1.1（高高～、紅艴艴～、囉㞓唆～、好好睇～），助詞，用於狀態形容詞後表狀況或情態，弱讀爲[ɛ33]
12840	二十九、附加成分（1）後加成分/···的	···嘅	···嘅	ɛ33	e3	···的1.2（高高～、紅艴艴～、囉㞓唆～、好好睇～），助詞，用於狀態形容詞後表狀況或情態
12841	二十九、附加成分（1）後加成分/···的	···嘅	···嘅	kɛ35	ge2	···的2.1（佢間屋裝修得幾靚～），句末語氣詞，弱讀爲[ɛ35]
12842	二十九、附加成分（1）後加成分/···的	···嘅	···嘅	ɛ35	e2	···的2.2（佢間屋裝修得幾靚～），句末語氣詞
12843	二十九、附加成分（1）後加成分/···地	···噉	···噉	kɐm35	gam2	···地（猛～、擠喳喳～、鬼～），副詞性後綴
12844	二十九、附加成分（1）後加成分/···這樣的意思	···噉解	···噉解	kɐm35 kai35	gam2 gaai2	···這樣的意思1
12845	二十九、附加成分（1）後加成分/···這樣的意思	···噉嘅意思	···噉嘅意思	kɐm35 kɛ33 ji33 ʃi55	gam2 ge3 ji3 si1	···這樣的意思2.1
12846	二十九、附加成分（1）後加成分/···這樣的意思	···噉嘅意思	···噉嘅意思	kɐm35 kɛ33 ji33 sɿ55	gam2 ge3 ji3 sy1	···這樣的意思2.1
12847	二十九、附加成分（1）後加成分/···啦	···啦	···啦	la55	laa1	···啦（南寧梗大過桂林～；你冇去～？），句末語氣詞，表肯定或疑問語氣
12848	二十九、附加成分（1）後加成分/···喇	···喇	···喇	la33	laa3	···喇（年紀大哂，冇揀來揀去～，求其有得嫁就得～），句末語氣詞，用於陳述句或祈使句，弱讀爲「嘞[lɐ33/lə33]」或「啊[a33/ə33]」
12849	二十九、附加成分（1）後加成分/···嘞	···嘞	···嘞	lɐ33	la3	···嘞，句末語氣詞，「喇」的弱讀，進而爲[lə33]
12850	二十九、附加成分（1）後加成分/···啊	···啊	···啊	a55	aa1	···啊1.1（地底啲錢係你嘅～？係我跌嘅！），語氣詞，多用於反問
12851	二十九、附加成分（1）後加成分/···啊	···啊	···啊	a33	aa3	···啊1.2（係～、好～、得～），句末語氣詞，表肯定、囑咐或強調，弱讀爲[ɐ33/ə33]
12852	二十九、附加成分（1）後加成分/···哈	···哈	···哈	ha35	haa2	···哈（四個人一齊行，～？佢講南寧市有十九隻嶺，我講冇止，先喺個邕武二塘講起，～？），句末語氣詞，「係嗎」的合音，表輕微地徵求意見
12853	二十九、附加成分（1）後加成分/···呵	···呵	···呵	hɔ35	ho2	···呵（今晚你主持，～？工資又低，～？好似你有隻崽，～？），句末語氣詞，「係麼」的合音，表輕微徵詢以求確認，用於明知某事仍需當面確認的情況
12854	二十九、附加成分（1）後加成分/···了	···囉	···啰	lɔ55	lo1	···了1（冇做都做哂哦，同佢講清楚冇係得～！），句末語氣詞，常用於「···冇係得～！」的句式
12855	二十九、附加成分（1）後加成分/···了	···咯	···咯	lɔ33	lo3	···了2（橫直我而家趕返去都冇來得及～），句末語氣詞，相當於「了」
12856	二十九、附加成分（1）後加成分/···喂	···喂	···喂	wɐi35	wai2	···喂（過來～、你冇信～），句末語氣詞，表祈使或疑問
12857	二十九、附加成分（1）後加成分/···喔	···喎	···㖞	wɔ33	wo3	···喔1.1（聽日你要記得過來～），句末語氣詞，表提醒、醒悟或出人意料，實爲噃[pɔ33]的弱讀（即[p-]➔[w-]），噃已不用
12858	二十九、附加成分（1）後加成分/···喔	···喎	···㖞	wɔ55	wo1	···喔1.2（間屋整得靚～！），句末語氣詞，表肯定或讚歎，「喎」變調爲陰平
12859	二十九、附加成分（1）後加成分/···哦	···哦	···哦	ɔ33	o3	···哦（有得揀都冇錯～），句末語氣詞
12860	二十九、附加成分（1）後加成分/···吧	···吧	···吧	wa22	waa6	···吧（今日冇會落雨～？），句末語氣詞，表推測，實爲吧[pa22]的弱讀（即[p-]➔[w-]），本讀口語已不用，俗字「哇」
12861	二十九、附加成分（1）後加成分/···唄	···唄	···呗	wɛ22	we6	···唄（你來～），句末語氣詞，表不過如此或讓步，實爲唄[pɛ22]的弱讀（即[p-]➔[w-]），本讀口語已不用，俗字「𠹁」
12862	二十九、附加成分（1）後加成分/···墮	···墮	···堕	tɔ22	do6	···墮（不過我冇有錢買～、我就得食飯叻過人哋～），句末語氣詞，表而已或遺憾，常弱讀爲[tə22]，本字不明
12863	二十九、附加成分（1）後加成分/···是嗎	···係嗎	···系吗	hɐi22 ma35	hai6 maa2	···是嗎，句末語氣詞，常語流音變爲[ha22 wa35]，俗作「係嘛」
12864	二十九、附加成分（1）後加成分/···佬	···佬	···佬	lu35	lu2	···佬（木工佬、泥水佬、飛髮佬、劏豬佬）
12865	二十九、附加成分（1）後加成分/···公	···公	···公	kʊŋ55	gung1	···公（道公、師公、啞公、鹹溼公、唓咧公）
12866	二十九、附加成分（1）後加成分/···婆	···婆	···婆	pʰɔ21	po4	···婆（肥婆、三八婆、癡婆、車衫婆、唓咧婆）
12867	二十九、附加成分（1）後加成分/···崽	···崽	···崽	tʃɐi35	zai2	···崽（打工崽、刀崽、鴨崽、精崽、叻崽），俗字「仔」
12868	二十九、附加成分（1）後加成分/···仔	···仔	···仔	tʃɐi35	zai2	···仔（打工仔、刀仔、鴨仔、精仔、叻仔），同「崽」字
12869	二十九、附加成分（1）後加成分/···女	···女	···女	ny35	nyu2	···女（靚女、傻女、乖女）
12870	二十九、附加成分（1）後加成分/···妹	···妹	···妹	mui55	mui1	···妹（肥妹、打工妹、使妹、唓咧妹）
12871	二十九、附加成分（1）後加成分/···鬼	···鬼	···鬼	kʷɐi35	gwai2	···鬼（懶鬼、餓鬼、瘦鬼、盲鬼、聾鬼、窮鬼、笨鬼、惡鬼）
12872	二十九、附加成分（1）後加成分/···頭	···頭	···头	tʰɐu21	tau4	···頭（「動詞/形容詞+頭」表動作或狀態：睇頭、恁頭、食頭、飲頭、苦頭、甜頭；「名詞+頭」則指某類人或某類物：賊頭、爛崽頭、腏頭、瘌痢頭、玉米頭、麪粉頭、料頭、嘴頭、旮旯頭、蒜頭、蔥頭、藠頭、芥蘭頭、鑊頭）
12873	二十九、附加成分（1）後加成分/···家	···家	···家	ka55	gaa1	···家（大家、廠家、店家、人家）
12874	二十九、附加成分（1）後加成分/···家	···嘢	···嘢	jɛ24	je5	···嘢（老嘢、細嘢、肥嘢、瘦嘢、衰嘢），轉指具有某種特徵的人
12875	二十九、附加成分（1）後加成分/···家	···㞓	···㞓	hɐi55	hai1	···㞓（笨㞓、姣㞓、頹㞓、老㞓、肥㞓、瘦㞓、犟㞓、耽[nɐm55]㞓、惡㞓、癡㞓），詈語，轉指具有某種特徵的人，可兼指男女
12876	二十九、附加成分（1）後加成分/···腏	···腏	···腏	tʃʰɔt2	cot6	···腏（笨腏、懶腏、老腏、犟腏、耽[nɐm55]腏、癡腏），詈語，轉指具有某種特徵的人，可兼指男女
12877	二十九、附加成分（1）後加成分/吃頭兒	食頭	食头	ʃek2 tʰɐu21	sik6 tau4	吃頭兒1，啲菜常用冇有乜嘢～
12878	二十九、附加成分（1）後加成分/吃頭兒	食法	食法	ʃek2 fat3	sik6 faat3	吃頭兒2
12879	二十九、附加成分（1）後加成分/喝頭兒	飲頭	饮头	jɐm35 tʰɐu21	jam2 tau4	喝頭兒1，啲菜常用冇有乜嘢～
12880	二十九、附加成分（1）後加成分/喝頭兒	飲法	饮法	jɐm35 fat3	jam2 faat3	喝頭兒2
12881	二十九、附加成分（1）後加成分/看頭兒	睇頭	睇头	tʰɐi35 tʰɐu21	tai2 tau4	看頭兒1，這齣戲有～
12882	二十九、附加成分（1）後加成分/看頭兒	睇法	睇法	tʰɐi35 fat3	tai2 faat3	看頭兒2
12883	二十九、附加成分（1）後加成分/幹頭兒	做頭	做头	tʃu33 tʰɐu21	zu3 tau4	幹頭兒1
12884	二十九、附加成分（1）後加成分/幹頭兒	做法	做法	tʃu33 fat3	zu3 faat3	幹頭兒2
12885	二十九、附加成分（1）後加成分/想頭兒	恁頭	恁头	nɐm35 tʰɐu21	nam2 tau4	想頭兒1
12886	二十九、附加成分（1）後加成分/想頭兒	恁法	恁法	nɐm35 fat3	nam2 faat3	想頭兒2
12887	二十九、附加成分（1）後加成分/奔頭兒	奔頭	奔头	pɐn55 tʰɐu21	ban1 tau4	奔頭兒
12888	二十九、附加成分（1）後加成分/苦頭兒	苦頭	苦头	fu35 tʰɐu21	fu2 tau4	苦頭兒
12889	二十九、附加成分（1）後加成分/甜頭兒	甜頭	甜头	tʰim21 tʰɐu21	tim4 tau4	甜頭兒
12890	二十九、附加成分（1）後加成分/來頭	來頭	来头	lɔi21 tʰɐu21	loi4 tau4	來頭1.1
12891	二十九、附加成分（1）後加成分/來頭	來頭	来头	lɐi21 tʰɐu21	lai4 tau4	來頭1.2
12892	二十九、附加成分（1）後加成分/由頭	由頭	由头	jɐu21 tʰɐu21	jau4 tau4	由頭
12893	二十九、附加成分（1）後加成分/死···	死···	死···	ɬi35	sli2	死···（啲菜～鹹）
12894	二十九、附加成分（1）後加成分/死···爛···	死···爛···	死···烂···	ɬi35···lan22···	sli2···laan6···	死···爛···（啲菜死鹹爛鹹）
12895	二十九、附加成分（1）後加成分/···死噉···	···死噉···	···死噉···	···ɬi35 kɐm35···	···sli2 gam2···	···死噉···（啲菜鹹死噉鹹）
12896	二十九、附加成分（1）後加成分/先···先	先···先	先···先	ɬin55···ɬin55	slin1···slin1	先···先1.1（隻杯先放喺啲先、我先買哂菜先、邊個先行先），後字「先」作語氣詞
12897	二十九、附加成分（1）後加成分/先···先	先···先	先···先	ɬin55···lin55	slin1···lin1	先···先1.2，後字「先」作語氣詞
12898	二十九、附加成分（2）前加成分/阿···	阿···	阿···	a33···	aa3···	阿···（阿爺、阿叔、阿嬸；阿陳、阿楊）
12899	二十九、附加成分（2）前加成分/老···	老···	老···	lu24···	lu5···	老···（老竇、老乸、老媽子；老王、老張）
12900	二十九、附加成分（2）前加成分/細···	細···	细···	ɬɐi33···	slai3···	細···（細叔、細嬸、細佬、細妹；細陳、細張）
12901	二十九、附加成分（2）前加成分/這（那）樣啊···	噉啊···	噉啊···	kɐm35 a33···	gam2 aa3···	這（那）樣啊···
12902	二十九、附加成分（2）前加成分/這（那）樣呢···	噉呢···	噉呢···	kɐm35 nɛ55···	gam2 ne1···	這（那）樣呢···
12903	二十九、附加成分（2）前加成分/這（那）樣了呢···	噉哂呢···	噉哂呢···	kɐm35 ɬai33 nɛ55···	gam2 slaai3 ne1···	這（那）樣了呢1.1···
12904	二十九、附加成分（2）前加成分/這（那）樣了呢···	噉哂呢···	噉哂呢···	kɐm35 lai33 nɛ55···	gam2 laai3 ne1···	這（那）樣了呢1.2···
12905	二十九、附加成分（2）前加成分/這（那）樣的話呢···	噉啊話呢···	噉啊话呢···	kɐm35 a33 wa22 nɛ55···	gam2 aa3 waa6 ne1···	這（那）樣的話呢···
12906	二十九、附加成分（2）前加成分/這（那）樣的···	啲噉嘅···	啲噉嘅···	ti55 kɐm35 kɛ33	di1 gam2 ge3···	這（那）樣的···1.1（我媽包糉陣時，我就經常睇佢包，所以～糉呢，重係可以包得出嘅）
12907	二十九、附加成分（2）前加成分/這（那）樣的···	啲噉嘅···	啲噉嘅···	ti55 kɐm35 ɛ33	di1 gam2 e3···	這（那）樣的···1.2（我媽包糉陣時，我就經常睇佢包，所以～糉呢，重係可以包得出嘅）
12908	二十九、附加成分（2）前加成分/就呢···	就呢···	就呢···	tʃɐu22 nɛ55···	zau6 ne1···	就呢···（就會呢···）
12909	二十九、附加成分（2）前加成分/嗚呼	嗚呼	呜呼	u55 hu55	u1 hu1	嗚呼1.1，嘆詞，表無奈或幸災樂禍
12910	二十九、附加成分（2）前加成分/嗚呼	嗚呼	呜呼	u33 hu33	u3 hu3	嗚呼1.2，嘆詞，表無奈或幸災樂禍
12911	二十九、附加成分（2）前加成分/哎唷	哎唷	哎唷	ui35 ju35	ui2 ju2	哎唷，嘆詞，表驚訝
12912	二十九、附加成分（2）前加成分/哎喲	哎喲	哎哟	ui35 jɔ35	ui2 jo2	哎喲，嘆詞，表驚訝
12913	二十九、附加成分（2）前加成分/哎唷	哎唷	哎唷	ui35 ju22	ui2 ju6	哎唷（～，樣樣都要我做），嘆詞，表不情願
12914	二十九、附加成分（2）前加成分/喂	喂	喂	wɐi55	wai1	喂（～！到底邊個加叻？），嘆詞，表反感，常讀高降調[wɐi53]
12915	二十九、附加成分（2）前加成分/喂	喂	喂	wɐi35	wai2	喂（～，你搵邊個？），嘆詞，表引起注意
12916	二十九、附加成分（2）前加成分/哈	哈	哈	ha35	haa2	哈（～，吆我做乜嘢？），嘆詞，應答聲
12917	二十九、附加成分（3）虛字/了	哂	哂	ɬai33	slaai3	了1.1，表示完全、全部或完成，食～、食齊～、洗～、寫～、做齊～、講齊～
12918	二十九、附加成分（3）虛字/了	哂	哂	lai33	laai3	了1.2，弱讀
12919	二十九、附加成分（3）虛字/着	着	着	tʃœk2	zoek6	着1
12920	二十九、附加成分（3）虛字/着	攞	攞	lɔ35	lo2	着2.1，用於動詞後表動作方式，弱讀讀同「左」或「楚」，隻雞擰來炒～一係煲～？
12921	二十九、附加成分（3）虛字/着	攞	攞	tʃɔ35	zo2	着2.2，弱讀
12922	二十九、附加成分（3）虛字/着	攞	攞	tʃʰɔ35	co2	着2.3，弱讀
12923	二十九、附加成分（3）虛字/着	住	住	tʃy22	zyu6	着3，用於動詞後表持續體，也表進行體
12924	二十九、附加成分（3）虛字/着	緊	紧	kɐn35	gan2	着4，用於動詞後表進行體
12925	二十九、附加成分（3）虛字/過	過	过	kɔ33	go3	過（阿部電影我哋睇～哂），用於動詞後表過去體
12926	二十九、附加成分（3）虛字/着了	親	亲	tʃʰɐn55	can1	着了（撞～隻頭），用於動詞、形容詞後表結果
12927	二十九、附加成分（3）虛字/到	到	到	tu33	du3	到（知～、見～、壞～、飲酒～），動相補語，只用在疑問句和否定句
12928	二十九、附加成分（3）虛字/得	得	得	tɐk5	dak1	得，動相補語
12929	二十九、附加成分（3）虛字/的	嘅	嘅	kɛ33	ge3	的1.1
12930	二十九、附加成分（3）虛字/的	嘅	嘅	ɛ33	e3	的1.2，弱讀
12931	二十九、附加成分（3）虛字/先	先	先	ɬin55	slin1	先1.1（未緊～、等下～、係噉～、恁/試/睇過～）
12932	二十九、附加成分（3）虛字/先	先	先	lin55	lin1	先1.2
12933	二十九、附加成分（3）虛字/開	開	开	hɔi55	hoi1	開（行～、丟～、關～啲燈），離開義動詞後表狀態-結果補語，非離開義動詞後表動作已實現
12934	三十、數字等/數字	號碼	号码	hu22 ma24	hu6 maa5	數字1
12935	三十、數字等/數字	冧把	冧把	lɐm55 pa35	lam1 baa2	數字2，後起詞，從廣東或香港借入，英語number
12936	三十、數字等/一號	一號	一号	jɐt5 hu22	jat1 hu6	一號，指日期，下同
12937	三十、數字等/二號	二號	二号	ji22 hu22	ji6 hu6	二號
12938	三十、數字等/三號	三號	三号	ɬam55 hu22	slaam1 hu6	三號
12939	三十、數字等/六號	六號	六号	lʊk2 hu22	luk6 hu6	六號
12940	三十、數字等/八號	八號	八号	pɛt3 hu22	bet3 hu6	八號
12941	三十、數字等/十號	十號	十号	ʃɐp2 hu22	sap6 hu6	十號
12942	三十、數字等/初一	初一	初一	tʃʰɔ55 jɐt5	co1 jat1	初一
12943	三十、數字等/初二	初二	初二	tʃʰɔ55 ji22	co1 ji6	初二
12944	三十、數字等/初三	初三	初三	tʃʰɔ55 ɬam55	co1 slaam1	初三
12945	三十、數字等/初六	初六	初六	tʃʰɔ55 lʊk2	co1 luk6	初六
12946	三十、數字等/初八	初八	初八	tʃʰɔ55 pɛt3	co1 bet3	初八
12947	三十、數字等/初十	初十	初十	tʃʰɔ55 ʃɐp2	co1 sap6	初十
12948	三十、數字等/老大	老大	老大	lu24 tai22	lu5 daai6	老大1
12949	三十、數字等/老大	老一	老一	lu24 jɐt5	lu5 jat1	老大2
12950	三十、數字等/老二	老二	老二	lu24 ji22	lu5 ji6	老二1
12951	三十、數字等/老二	阿二	阿二	a33 ji22	aa3 ji6	老二2
12952	三十、數字等/老三	老三	老三	lu24 ɬam55	lu5 slaam1	老三1
12953	三十、數字等/老三	阿三	阿三	a33 ɬam55	aa3 slaam1	老三2
12954	三十、數字等/老四	老四	老四	lu24 ɬi33	lu5 sli3	老四1
12955	三十、數字等/老四	阿四	阿四	a33 ɬi33	aa3 sli3	老四2
12956	三十、數字等/老十	老十	老十	lu24 ʃɐp2	lu5 sap6	老十1
12957	三十、數字等/老十	阿十	阿十	a33 ʃɐp2	aa3 sap6	老十2
12958	三十、數字等/老幺	最細嘅	最细嘅	tʃui33 ɬɐi33 kɛ33	zui3 slai3 ge3	老幺
12959	三十、數字等/大哥	大哥	大哥	tai22 kɔ55	daai6 go1	大哥1
12960	三十、數字等/大哥	大佬	大佬	tai22 lu35	daai6 lu2	大哥2
12961	三十、數字等/二哥	二哥	二哥	ji22 kɔ55	ji6 go1	二哥1
12962	三十、數字等/二哥	二佬	二佬	ji22 lu35	ji6 lu2	二哥2
12963	三十、數字等/老末兒	最蔑嘅	最蔑嘅	tʃui33 mɛt5 kɛ33	zui3 met1 ge3	老末兒1
12964	三十、數字等/老末兒	晚崽	晚崽	man24 tʃɐi35	maan5 zai2	老末兒2
12965	三十、數字等/老末兒	晚仔	晚仔	man24 tʃɐi35	maan5 zai2	老末兒2，同「晚崽」
12966	三十、數字等/老末兒	晚女	晚女	man24 ny35	maan5 nyu2	老末兒3
12967	三十、數字等/一個	一個	一个	jɐt5 kɔ33	jat1 go3	一個1
12968	三十、數字等/一個	一隻	一只	jɐt5 tʃɛk3	jat1 zek3	一個2
12969	三十、數字等/兩個	兩個	两个	lœŋ24 kɔ33	loeng5 go3	兩個1
12970	三十、數字等/兩個	兩隻	两只	lœŋ24 tʃɛk3	loeng5 zek3	兩個2
12971	三十、數字等/三個	三個	三个	ɬam55 kɔ33	slaam1 go3	三個1
12972	三十、數字等/三個	三隻	三只	ɬam55 tʃɛk3	slaam1 zek3	三個2
12973	三十、數字等/第一	第一	第一	tɐi22 jɐt5	dai6 jat1	第一
12974	三十、數字等/第二	第二	第二	tɐi22 ji22	dai6 ji6	第二
12975	三十、數字等/第三	第三	第三	tɐi22 ɬam55	dai6 slaam1	第三
12976	三十、數字等/第一個	第一個	第一个	tɐi22 a55 kɔ33	dai6 aa1 go3	第一個1
12977	三十、數字等/第一個	第一隻	第一只	tɐi22 a55 tʃɛk3	dai6 aa1 zek3	第一個2
12978	三十、數字等/第一個	頭一個	头一个	tʰɐu21 a55 kɔ33	tau4 aa1 go3	第一個3
12979	三十、數字等/第一個	頭一隻	头一只	tʰɐu21 a55 tʃɛk3	tau4 aa1 zek3	第一個4
12980	三十、數字等/第一個	第一炮	第一炮	tɐi22 a55 pʰɛu33	dai6 aa1 peu3	第一個5，兒童遊戲中找/抓到人的說法
12981	三十、數字等/第十個	第十個	第十个	tɐi22 ʃɐp2 kɔ33	dai6 sap6 go3	第十個1
12982	三十、數字等/第十個	第十隻	第十只	tɐi22 ʃɐp2 tʃɛk3	dai6 sap6 zek3	第十個2
12983	三十、數字等/第十個	第十炮	第十炮	tɐi22 ʃɐp2 pʰɛu33	dai6 sap6 peu3	第十個3，兒童遊戲中找/抓到人的說法
12984	三十、數字等/三分之一	三分一	三分一	ɬam55 fɐn55 jɐt5	slaam1 fan1 jat1	三分之一（1）
12985	三十、數字等/三分之一	三份一	三份一	ɬam55 fɐn22 jɐt5	slaam1 fan6 jat1	三分之一（2）
12986	三十、數字等/三分之二	三分二	三分二	ɬam55 fɐn55 ji22	slaam1 fan1 ji6	三分之二
12987	三十、數字等/一	一	一	jɐt5	jat1	一
12988	三十、數字等/二	二	二	ji22	ji6	二
12989	三十、數字等/三	三	三	ɬam55	slaam1	三
12990	三十、數字等/四	四	四	ɬi33	sli3	四
12991	三十、數字等/五	五	五	ŋ̍24	ng5	五
12992	三十、數字等/六	六	六	lʊk2	luk6	六
12993	三十、數字等/七	七	七	tʃʰɐt5	cat1	七
12994	三十、數字等/八	八	八	pɛt3	bet3	八
12995	三十、數字等/九	九	九	kɐu35	gau2	九
12996	三十、數字等/十	十	十	ʃɐp2	sap6	十
12997	三十、數字等/十一	十一	十一	ʃɐp2 jɐt5	sap6 jat1	十一，有連讀音變[sɐp2 jɐt5]➔[sɐʔ22 jɐt5]➔[sɐʔ22 ɐt5]
12998	三十、數字等/十二	十二	十二	ʃɐp2 ji22	sap6 ji6	十二
12999	三十、數字等/十五	十五	十五	ʃɐp2 ŋ̍24	sap6 ng5	十五1.1
13000	三十、數字等/十五	十五	十五	ʃɐp2 m̩24	sap6 m5	十五1.2
13001	三十、數字等/二十	二十	二十	ji22 ʃɐp2	ji6 sap6	二十
13002	三十、數字等/廿	廿	廿	ja22	jaa6	廿，二啊[a22]的合音，啊[a22]爲十的弱讀
13003	三十、數字等/二十一	廿一	廿一	ja22 jɐt5	jaa6 jat1	二十一1
13004	三十、數字等/二十一	二一	二一	ji22 jɐt5	ji6 jat1	二十一2
13005	三十、數字等/二十一	二十一	二十一	ji22 a22 jɐt5	ji6 aa6 jat1	二十一3
13006	三十、數字等/二十二	廿二	廿二	ja22 ji22	jaa6 ji6	二十二1
13007	三十、數字等/二十二	二二	二二	ji22 ji22	ji6 ji6	二十二2
13008	三十、數字等/二十二	二十二	二十二	ji22 a22 ji22	ji6 aa6 ji6	二十二3.1
13009	三十、數字等/二十二	二十二	二十二	ji22 ʃɐp2 ji22	ji6 sap6 ji6	二十二3.2
13010	三十、數字等/三十	三十	三十	ɬam55 ʃɐp2	slaam1 sap6	三十1
13011	三十、數字等/三十	三十	三十	ɬa55 a22	slaa1 aa6	三十2
13012	三十、數字等/三十三	三十三	三十三	ɬa55 a22 ɬam55	slaa1 aa6 slaam1	三十三1.1
13013	三十、數字等/三十三	三十三	三十三	ɬam55 ʃɐp2 ɬam55	slaam1 sap6 slaam1	三十三1.2
13014	三十、數字等/三十三	三三	三三	ɬam55 ɬam55	slaam1 slaam1	三十三2
13015	三十、數字等/四十	四十	四十	ɬi33 ʃɐp2	sli3 sap6	四十1
13016	三十、數字等/卌	四十	四十	ɬi33 a22	sli3 aa6	四十2
13017	三十、數字等/四十四	四十四	四十四	ɬi33 a22 ɬi33	sli3 aa6 sli3	四十四1
13018	三十、數字等/四十四	四四	四四	ɬi33 ɬi33	sli3 sli3	四十四2
13019	三十、數字等/五十	五十	五十	ŋ̍24 ʃɐp2	ng5 sap6	五十
13020	三十、數字等/五十五	五十五	五十五	ŋ̍24 a22 ŋ̍24	ng5 aa6 ng5	五十五1
13021	三十、數字等/五十五	五五	五五	ŋ̍24 ŋ̍24	ng5 ng5	五十五2
13022	三十、數字等/六十	六十	六十	lʊk2 ʃɐp2	luk6 sap6	六十
13023	三十、數字等/六十一	六十一	六十一	lʊk2 a22 jɐt5	luk6 aa6 jat1	六十一1
13024	三十、數字等/六十一	六一	六一	lʊk2 jɐt5	luk6 jat1	六十一2
13025	三十、數字等/六十六	六十六	六十六	lʊk2 a22 lʊk2	luk6 aa6 luk6	六十六1
13026	三十、數字等/六十六	六六	六六	lʊk2 lʊk2	luk6 luk6	六十六2
13027	三十、數字等/七十	七十	七十	tʃʰɐt5 ʃɐp2	cat1 sap6	七十
13028	三十、數字等/七十一	七十一	七十一	tʃʰɐt5 a22 jɐt5	cat1 aa6 jat1	七十一1
13029	三十、數字等/七十一	七一	七一	tʃʰɐt5 jɐt5	cat1 jat1	七十一2
13030	三十、數字等/七十七	七十七	七十七	tʃʰɐt5 a22 tʃʰɐt5	cat1 aa6 cat1	七十七1
13031	三十、數字等/七十七	七七	七七	tʃʰɐt5 tʃʰɐt5	cat1 cat1	七十七2
13032	三十、數字等/八十	八十	八十	pɛt3 ʃɐp2	bet3 sap6	八十
13033	三十、數字等/八十八	八十八	八十八	pɛt3 a22 pɛt3	bet3 aa6 bet3	八十八1
13034	三十、數字等/八十八	八八	八八	pɛt3 pɛt3	bet3 bet3	八十八2
13035	三十、數字等/九十	九十	九十	kɐu35 ʃɐp2	gau2 sap6	九十
13036	三十、數字等/九十九	九十九	九十九	kɐu35 a22 kɐu35	gau2 aa6 gau2	九十九1
13037	三十、數字等/九十九	九九	九九	kɐu35 kɐu35	gau2 gau2	九十九2
13038	三十、數字等/一百	一百	一百	jɐt5 pak3	jat1 baak3	一百1.1
13039	三十、數字等/一百	一百	一百	a55 pak3	aa1 baak3	一百1.2
13040	三十、數字等/一千	一千	一千	jɐt5 tʃʰin55	jat1 cin1	一千1.1
13041	三十、數字等/一千	一千	一千	a55 tʃʰin55	aa1 cin1	一千1.2
13042	三十、數字等/一百零四	百零四	百零四	pak3 leŋ21 ɬi33	baak3 ling4 sli3	一百零四
13043	三十、數字等/一百零五	百零五	百零五	pak3 leŋ21 ŋ̍24	baak3 ling4 ng5	一百零五
13044	三十、數字等/一百一十	百一	百一	pak3 jɐt5	baak3 jat1	一百一十
13045	三十、數字等/一百一十個	百一個	百一个	pak3 jɐt5 kɔ33	baak3 jat1 go3	一百一十個1
13046	三十、數字等/一百一十個	一百一十個	一百一十个	a55 pak3 a55 ʃɐp2 kɔ33	aa1 baak3 aa1 sap6 go3	一百一十個2
13047	三十、數字等/一百一十個	百一十個	百一十个	pak3 a55 ʃɐp2 kɔ33	baak3 aa1 sap6 go3	一百一十個3
13048	三十、數字等/一百一十一	一百一十一	一百一十一	a55 pak3 a55 ʃɐp2 jɐt5	aa1 baak3 aa1 sap6 jat1	一百一十一1
13049	三十、數字等/一百一十一	百一十一	百一十一	pak3 a55 ʃɐp2 jɐt5	baak3 aa1 sap6 jat1	一百一十一2
13050	三十、數字等/一百二十	百二	百二	pak3 ji22	baak3 ji6	一百二十
13051	三十、數字等/一百二十一	百二十一	百二十一	pak3 ji22 a22 jɐt5	baak3 ji6 aa6 jat1	一百二十一
13052	三十、數字等/一百五十	百五	百五	pak3 ŋ̍24	baak3 ng5	一百五十
13053	三十、數字等/二百五十	兩百五	两百五	lœŋ24 pak3 ŋ̍24	loeng5 baak3 ng5	二百五十
13054	三十、數字等/二百五十個	兩百五個	两百五个	lœŋ24 pak3 ŋ̍24 kɔ33	loeng5 baak3 ng5 go3	二百五十個
13055	三十、數字等/三百八十	三百八	三百八	ɬam55 pak3 pɛt3	slaam1 baak3 bet3	三百八十
13056	三十、數字等/一千零二十	千零二十	千零二十	tʃʰin55 leŋ21 ji22 ʃɐp2	cin1 ling4 ji6 sap6	一千零二十1
13057	三十、數字等/一千零二十	一千零二十	一千零二十	jɐt5 tʃʰin55 leŋ21 ji22 ʃɐp2	jat1 cin1 ling4 ji6 sap6	一千零二十2
13058	三十、數字等/一千一百	千一	千一	tʃʰin55 jɐt5	cin1 jat1	一千一百
13059	三十、數字等/一千一百個	一千一百個	一千一百个	a55 tʃʰin55 a55 pak3 kɔ33	aa1 cin1 aa1 baak3 go3	一千一百個1
13060	三十、數字等/一千一百個	千一個	千一个	tʃʰin55 jɐt5 kɔ33	cin1 jat1 go3	一千一百個2
13061	三十、數字等/一千九百	千九	千九	tʃʰin55 kɐu35	cin1 gau2	一千九百
13062	三十、數字等/一千九百個	一千九百個	一千九百个	a55 tʃʰin55 kɐu35 pak3 kɔ33	aa1 cin1 gau2 baak3 go3	一千九百個1
13063	三十、數字等/一千九百個	千九個	千九个	tʃʰin55 kɐu35 kɔ33	cin1 gau2 go3	一千九百個2
13064	三十、數字等/二千	兩千	两千	lœŋ24 tʃʰin55	loeng5 cin1	二千
13065	三十、數字等/二千二百	兩千二	两千二	lœŋ24 tʃʰin55 ji22	loeng5 cin1 ji6	二千二百
13066	三十、數字等/二千二百個	兩千兩百個	两千两百个	lœŋ24 tʃʰin55 lœŋ24 pak3 kɔ33	loeng5 cin1 loeng5 baak3 go3	二千二百個1
13067	三十、數字等/二千二百個	兩千二百個	两千二百个	lœŋ24 tʃʰin55 ji22 pak3 kɔ33	loeng5 cin1 ji6 baak3 go3	二千二百個2
13068	三十、數字等/二千二百個	兩千二個	两千二个	lœŋ24 tʃʰin55 ji22 kɔ33	loeng5 cin1 ji6 go3	二千二百個3
13069	三十、數字等/一萬	一萬	一万	jɐt5 man22	jat1 maan6	一萬1.1
13070	三十、數字等/一萬	一萬	一万	a55 man22	aa1 maan6	一萬1.2
13071	三十、數字等/一萬零二百	萬零二百	万零二百	man22 leŋ21 ji22 pak3	maan6 ling4 ji6 baak3	一萬零二百
13072	三十、數字等/一萬二千	萬二	万二	man22 ji22	maan6 ji6	一萬二千
13073	三十、數字等/一萬二千個	一萬兩千個	一万两千个	jɐt5 man22 lœŋ24 tʃʰin55 kɔ33	jat1 maan6 loeng5 cin1 go3	一萬二千個1.1
13074	三十、數字等/一萬二千個	一萬兩千個	一万两千个	a55 man22 lœŋ24 tʃʰin55 kɔ33	aa1 maan6 loeng5 cin1 go3	一萬二千個1.2
13075	三十、數字等/一萬二千個	萬二個	万二个	man22 ji22 kɔ33	maan6 ji6 go3	一萬二千個2
13076	三十、數字等/兩萬二千二百	兩萬兩千兩百	两万两千两百	lœŋ24 man22 lœŋ24 tʃʰin55 lœŋ24 pak3	loeng5 maan6 loeng5 cin1 loeng5 baak3	兩萬二千二百
13077	三十、數字等/三萬五	三萬五	三万五	ɬam55 man22 ŋ̍24	slaam1 maan6 ng5	三萬五千
13078	三十、數字等/零	零	零	leŋ21	ling4	零
13079	三十、數字等/一斤半	斤半	斤半	kɐn55 pun33	gan1 bun3	一斤半
13080	三十、數字等/二斤	兩斤	两斤	lœŋ24 kɐn55	loeng5 gan1	二斤
13081	三十、數字等/二斤半	兩斤半	两斤半	lœŋ24 kɐn55 pun33	loeng5 gan1 bun3	二斤半
13082	三十、數字等/二兩	二兩	二两	ji22 lœŋ35	ji6 loeng2	二兩
13083	三十、數字等/二錢	兩錢	两钱	lœŋ24 tʃʰin21	loeng5 cin4	二錢1
13084	三十、數字等/二錢	二錢	二钱	ji22 tʃʰin21	ji6 cin4	二錢2
13085	三十、數字等/二分	兩分	两分	lœŋ24 fɐn55	loeng5 fan1	二分
13086	三十、數字等/二釐	兩釐	两厘	lœŋ24 li21	loeng5 li4	二釐
13087	三十、數字等/兩丈	兩丈	两丈	lœŋ24 tʃœŋ22	loeng5 zoeng6	兩丈
13088	三十、數字等/兩尺	兩尺	两尺	lœŋ24 tʃʰɛk3	loeng5 cek3	兩尺
13089	三十、數字等/二尺二	兩尺二	两尺二	lœŋ24 tʃʰɛk3 ji22	loeng5 cek3 ji6	二尺二
13090	三十、數字等/兩寸	兩寸	两寸	lœŋ24 tʃʰyn33	loeng5 cyun3	兩寸
13091	三十、數字等/二分	兩分	两分	lœŋ24 fɐn55	loeng5 fan1	二分
13092	三十、數字等/二里	兩里	两里	lœŋ24 li24	loeng5 li5	二里
13093	三十、數字等/兩擔	兩擔	两担	lœŋ24 tam33	loeng5 daam3	兩擔
13094	三十、數字等/二斗	兩斗	两斗	lœŋ24 tɐu35	loeng5 dau2	二斗
13095	三十、數字等/二升	兩升	两升	lœŋ24 ʃeŋ55	loeng5 sing1	二升
13096	三十、數字等/二畝	兩畝	两亩	lœŋ24 mɐu24	loeng5 mau5	二畝
13097	三十、數字等/幾個	幾多個	几多个	ki35 tɔ55 kɔ33	gi2 do1 go3	幾個1
13098	三十、數字等/幾個	幾多隻	几多只	ki35 tɔ55 tʃɛk3	gi2 do1 zek3	幾個2
13099	三十、數字等/幾個	幾個	几个	ki35 kɔ33	gi2 go3	幾個3
13100	三十、數字等/幾個	幾隻	几只	ki35 tʃɛk3	gi2 zek3	幾個4.1
13101	三十、數字等/幾個	幾隻	几只	ki35 tʃek3	gi2 zik3	幾個4.2
13102	三十、數字等/好多個	幾多個	几多个	ki35 tɔ55 kɔ33	gi2 do1 go3	好多個1
13103	三十、數字等/好多個	幾多隻	几多只	ki35 tɔ55 tʃɛk3	gi2 do1 zek3	好多個2
13104	三十、數字等/好幾個	幾個	几个	ki35 kɔ33	gi2 go3	好幾個1
13105	三十、數字等/好幾個	幾隻	几只	ki35 tʃɛk3	gi2 zek3	好幾個2
13106	三十、數字等/好幾個	幾個噉多	几个噉多	ki35 kɔ33 kɐm35 tɔ55	gi2 go3 gam2 do1	好幾個3
13107	三十、數字等/好幾個	幾隻噉多	几只噉多	ki35 tʃɛk3 kɐm35 tɔ55	gi2 zek3 gam2 do1	好幾個4
13108	三十、數字等/好些個	幾個	几个	ki35 kɔ33	gi2 go3	好些個1
13109	三十、數字等/好些個	幾隻	几只	ki35 tʃɛk3	gi2 zek3	好些個2
13110	三十、數字等/好些個	幾個噉多	几个噉多	ki35 kɔ33 kɐm35 tɔ55	gi2 go3 gam2 do1	好些個3
13111	三十、數字等/好些個	幾隻噉多	几只噉多	ki35 tʃɛk3 kɐm35 tɔ55	gi2 zek3 gam2 do1	好些個4
13112	三十、數字等/一些些	一啲	一啲	a55 ti55	aa1 di1	一些些1.1
13113	三十、數字等/一些些	一啲	一啲	a55 tit5	aa1 dit1	一些些1.2
13114	三十、數字等/一些些	噻啲	噻啲	ɬɐk5 ti55	slak1 di1	一些些2.1
13115	三十、數字等/一些些	噻啲	噻啲	ɬɐk5 tit5	slak1 dit1	一些些2.2
13116	三十、數字等/一些些	些少	些少	ɬɛ55 ʃiu35	sle1 siu2	一些些3
13117	三十、數字等/好一些	好啲	好啲	hu35 ti55	hu2 di1	好一些1.1
13118	三十、數字等/好一些	好啲	好啲	hu35 tit5	hu2 dit1	好一些1.2
13119	三十、數字等/好一些	好噻啲	好噻啲	hu35 ɬɐk5 ti55	hu2 slak1 di1	好一些2.1
13120	三十、數字等/好一些	好噻啲	好噻啲	hu35 ɬɐk5 tit5	hu2 slak1 dit1	好一些2.2
13121	三十、數字等/好一些	加好啲	加好啲	ka55 hu35 ti55	gaa1 hu2 di1	好一些3.1
13122	三十、數字等/好一些	加好啲	加好啲	ka55 hu35 tit5	gaa1 hu2 dit1	好一些3.2
13123	三十、數字等/好一些	多好啲	多好啲	tɔ55 hu35 ti55	do1 hu2 di1	好一些4.1
13124	三十、數字等/好一些	多好啲	多好啲	tɔ55 hu35 tit5	do1 hu2 dit1	好一些4.2
13125	三十、數字等/大一些	大啲	大啲	tai22 ti55	daai6 di1	大一些1.1
13126	三十、數字等/大一些	大啲	大啲	tai22 tit5	daai6 dit1	大一些1.2
13127	三十、數字等/大一些	大噻啲	大噻啲	tai22 ɬɐk5 ti55	daai6 slak1 di1	大一些2.1
13128	三十、數字等/大一些	大噻啲	大噻啲	tai22 ɬɐk5 tit5	daai6 slak1 dit1	大一些2.2
13129	三十、數字等/大一些	加大啲	加大啲	ka55 tai22 ti55	gaa1 daai6 di1	大一些3.1
13130	三十、數字等/大一些	加大啲	加大啲	ka55 tai22 tit5	gaa1 daai6 dit1	大一些3.2
13131	三十、數字等/大一些	多大啲	多大啲	tɔ55 tai22 ti55	do1 daai6 di1	大一些4.1
13132	三十、數字等/大一些	多大啲	多大啲	tɔ55 tai22 tit5	do1 daai6 dit1	大一些4.2
13133	三十、數字等/點兒	啲啲	啲啲	ti55 ti55	di1 di1	點兒1.1
13134	三十、數字等/點兒	啲啲	啲啲	tit5 tit5	dit1 dit1	點兒1.2
13135	三十、數字等/一點兒	一啲	一啲	a55 ti55	aa1 di1	一點兒1.1
13136	三十、數字等/一點兒	一啲	一啲	a55 tit5	aa1 dit1	一點兒1.2
13137	三十、數字等/一點點	一啲啲	一啲啲	a55 ti55 ti55	aa1 di1 di1	一點點1.1
13138	三十、數字等/一點點	一啲啲	一啲啲	a55 tit5 tit5	aa1 dit1 dit1	一點點1.2
13139	三十、數字等/一點點	啲噉多	啲噉多	tit5 kɐm35 tɔ55	dit1 gam2 do1	一點點2
13140	三十、數字等/大點兒	大啲	大啲	tai22 ti55	daai6 di1	大點兒1.1
13141	三十、數字等/大點兒	大啲	大啲	tai22 tit5	daai6 dit1	大點兒1.2
13142	三十、數字等/十多個	十幾個	十几个	ʃɐp2 ki35 kɔ33	sap6 gi2 go3	十多個1
13143	三十、數字等/十多個	十零個	十零个	ʃɐp2 lɛŋ21 kɔ33	sap6 leng4 go3	十多個2
13144	三十、數字等/十多個	十把個	十把个	ʃɐp2 pa35 kɔ33	sap6 baa2 go3	十多個3
13145	三十、數字等/十多個	十幾隻	十几只	ʃɐp2 ki35 tʃɛk3	sap6 gi2 zek3	十幾個4
13146	三十、數字等/十多個	十零隻	十零只	ʃɐp2 lɛŋ21 tʃɛk3	sap6 leng4 zek3	十幾個5
13147	三十、數字等/一百多個	百幾個	百几个	pak3 ki35 kɔ33	baak3 gi2 go3	一百多個1
13148	三十、數字等/一百多個	百零個	百零个	pak3 lɛŋ21 kɔ33	baak3 leng4 go3	一百多個2
13149	三十、數字等/一百多個	百把個	百把个	pak3 pa35 kɔ33	baak3 baa2 go3	一百多個3
13150	三十、數字等/十來個	噻十個	噻十个	ɬɐk5 ʃɐp2 kɔ33	slak1 sap6 go3	十來個1，不到十個
13151	三十、數字等/十來個	上下十個	上下十个	ʃœŋ22 ha35 ʃɐp2 kɔ33	soeng6 haa2 sap6 go3	十來個2
13152	三十、數字等/近百個	噻百個	噻百个	ɬɐk5 pak3 kɔ33	slak1 baak3 go3	近百個1
13153	三十、數字等/近百個	上下一百個	上下一百个	ʃœŋ22 ha35 a55 pak3 kɔ33	soeng6 haa2 aa1 baak3 go3	近百個2
13154	三十、數字等/千數個（千把個）	千零個	千零个	tʃʰin55 lɛŋ21 kɔ33	cin1 leng4 go3	千數個1，千把個
13155	三十、數字等/千數個（千把個）	千零	千零	tʃʰin55 lɛŋ21	cin1 leng4	千數個2，千把個
13156	三十、數字等/千數個（千把個）	千幾	千几	tʃʰin55 ki35	cin1 gi2	千數個3，千把個
13157	三十、數字等/一年多	年幾	年几	nin21 ki35	nin4 gi2	一年多1
13158	三十、數字等/一年多	年零	年零	nin21 lɛŋ21	nin4 leng4	一年多2
13159	三十、數字等/一年多	年零啲	年零啲	nin21 lɛŋ21 ti55	nin4 leng4 di1	一年多3
13160	三十、數字等/一歲多	歲幾	岁几	ɬui33 ki35	slui3 gi2	一歲多1
13161	三十、數字等/一歲多	歲零	岁零	ɬui33 lɛŋ21	slui3 leng4	一歲多2
13162	三十、數字等/半個	半隻	半只	pun33 tʃɛk3	bun3 zek3	半個
13163	三十、數字等/一兩個	一兩隻	一两只	jɐt5 lœŋ24 tʃɛk3	jat1 loeng5 zek3	一兩個
13164	三十、數字等/二三百	兩三百	两三百	lœŋ24 ɬam55 pak3	loeng5 slaam1 baak3	二三百
13165	三十、數字等/成千	成千	成千	ʃɛŋ21 tʃʰin55	seng4 cin1	成千1
13166	三十、數字等/成千	論千	论千	lɐn22 tʃʰin55	lan6 cin1	成千2
13167	三十、數字等/上萬	過萬	过万	kɔ33 man22	go3 maan6	上萬1
13168	三十、數字等/上萬	論萬	论万	lɐn22 man22	lan6 maan6	上萬2
13169	三十、數字等/一半	一半	一半	a55 pun33	aa1 bun3	一半1，總量的一半
13170	三十、數字等/一半	一邊	一边	a55 pɛn55	aa1 ben1	一半2，個體的一半
13171	三十、數字等/半途、半路	半硠砊	半硠砊	pun33 lɐŋ33 kʰɐŋ33	bun3 lang3 kang3	過程的一半1，半途、半路，俗字「半掕掯」
13172	三十、數字等/半途、半路	半犖確	半荦确	pun33 lɐk5 kʰɐk5	bun3 lak1 kak1	過程的一半2，半途、半路
13173	三十、數字等/千萬	千祈	千祈	tʃʰin55 kʰi21	cin1 ki4	千萬（務必）
13174	三十、數字等/千萬不可以	千祈冇	千祈冇	tʃʰin55 kʰi21 mu24	cin1 ki4 mu5	千萬不可以
13175	三十、數字等/兩半兒	兩邊	两边	lœŋ24 pɛn55	loeng5 ben1	兩半兒
13176	三十、數字等/多半兒	多數	多数	tɔ55 ʃu33	do1 su3	多半兒
13177	三十、數字等/一倍	一倍	一倍	a55 pʰui24	aa1 pui5	一倍
13178	三十、數字等/一大半兒	大半	大半	tai22 pun33	daai6 bun3	一大半兒
13179	三十、數字等/一個半	隻半	只半	tʃɛk3 pun33	zek3 bun3	一個半
13180	三十、數字等/兩個半	兩隻半	两只半	lœŋ24 tʃɛk3 pun33	loeng5 zek3 bun3	兩個半
13181	三十、數字等/···上下	···上下	···上下	ʃœŋ22 ha35	soeng6 haa2	···上下
13182	三十、數字等/···左右	···左右	···左右	tʃɔ35 jɐu22	zo2 jau6	···左右
13183	三十、數字等/五千左右	五千左右	五千左右	ŋ̍24 tʃʰin55 tʃɔ35 jɐu22	ng5 cin1 zo2 jau6	五千左右
13184	三十、數字等/五六三十	五六中三	五六中三	ŋ̍24 lʊk2 tʃʊŋ33 ɬam55	ng5 luk6 zung3 slaam1	五六三十
13185	三十、數字等/三八二十四	三八廿四	三八廿四	ɬam55 pɛt3 ja22 ɬi33	slaam1 bet3 jaa6 sli3	三八二十四
13186	三十、數字等/行酒令（數字零）	對拳	对拳	tui33 kʰyn21	dui3 kyun4	猜碼口令，數字零
13187	三十、數字等/行酒令（數字一）	一定中	一定中	a55 teŋ22 tʃʊŋ33	aa1 ding6 zung3	猜碼口令，數字一
13188	三十、數字等/行酒令（數字二）	兩人好	两人好	lœŋ24 jɐn21 hu35	loeng5 jan4 hu2	猜碼口令，數字二
13189	三十、數字等/行酒令（數字二）	兩兄弟	两兄弟	lœŋ24 heŋ55 tɐi22	loeng5 hing1 dai6	猜碼口令，數字二
13190	三十、數字等/行酒令（數字二）	二氣來	二气来	ji22 hi33 lɐi21	ji6 hi3 lai4	猜碼口令，數字二，諧音義氣來
13191	三十、數字等/行酒令（數字二）	二氣	二气	ji22 hi33	ji6 hi3	猜碼口令，數字二，諧音義氣
13192	三十、數字等/行酒令（數字三）	三點頭	三点头	ɬam55 tim35 tʰɐu21	slaam1 dim2 tau4	猜碼口令，數字三
13193	三十、數字等/行酒令（數字三）	三點	三点	ɬam55 tim35	slaam1 dim2	猜碼口令，數字三
13194	三十、數字等/行酒令（數字三）	三星公	三星公	ɬam55 ɬeŋ55 kʊŋ55	slaam1 sling1 gung1	猜碼口令，數字三
13195	三十、數字等/行酒令（數字四）	四紅中	四红中	ɬi33 hʊŋ21 tʃʊŋ55	sli3 hung4 zung1	猜碼口令，數字四，即麻將四個紅中
13196	三十、數字等/行酒令（數字四）	四紅四	四红四	ɬi33 hʊŋ21 ɬi33	sli3 hung4 sli3	猜碼口令，數字四，即麻將四個紅中
13197	三十、數字等/行酒令（數字四）	四紅	四红	ɬi33 hʊŋ21	sli3 hung4	猜碼口令，數字四
13198	三十、數字等/行酒令（數字五）	半邊手	半边手	pun33 pɛn55 ʃɐu35	bun3 ben1 sau2	猜碼口令，數字五，本地猜碼口令沒有數字五，但如果與外地猜碼用到數字五，可以如此說
13199	三十、數字等/行酒令（數字六）	六位位	六位位	lʊk2 wɐi35 wɐi35	luk6 wai2 wai2	猜碼口令，數字六，諧音祿位位
13200	三十、數字等/行酒令（數字六）	六位	六位	lʊk2 wɐi35	luk6 wai2	猜碼口令，數字六，諧音祿位
13201	三十、數字等/行酒令（數字六）	六來	六来	lʊk2 lɐi21	luk6 lai4	猜碼口令，數字六，諧音落來
13202	三十、數字等/行酒令（數字七）	七曹曹	七曹曹	tʃʰɐt5 tʃʰu21 tʃʰu35	cat1 cu4 cu2	猜碼口令，數字七，假借字，本字不明
13203	三十、數字等/行酒令（數字七）	七巧來	七巧来	tʃʰɐt5 kʰiu35 lɐi21	cat1 kiu2 lai4	猜碼口令，數字七
13204	三十、數字等/行酒令（數字七）	七巧	七巧	tʃʰɐt5 kʰiu35	cat1 kiu2	猜碼口令，數字七
13205	三十、數字等/行酒令（數字八）	八匹馬	八匹马	pɛt3 pʰɐt5 ma24	bet3 pat1 maa5	猜碼口令，數字八
13206	三十、數字等/行酒令（數字八）	八騎馬	八骑马	pɛt3 kʰɛ21 ma24	bet3 ke4 maa5	猜碼口令，數字八
13207	三十、數字等/行酒令（數字八）	八八來	八八来	pɛt3 pɛt3 lɐi21	bet3 bet3 lai4	猜碼口令，數字八
13208	三十、數字等/行酒令（數字八）	八八來	八八来	pat3 pat3 lɐi21	baat3 baat3 lai4	猜碼口令，數字八
13209	三十、數字等/行酒令（數字九）	九長久	九长久	kɐu35 tʃʰœŋ21 kɐu35	gau2 coeng4 gau2	猜碼口令，數字九，諧音久長久
13210	三十、數字等/行酒令（數字九）	九長長	九长长	kɐu35 tʃʰœŋ21 tʃʰœŋ21	gau2 coeng4 coeng4	猜碼口令，數字九，諧音久長長
13211	三十、數字等/行酒令（數字十）	開齊手	开齐手	hɔi55 tʃʰɐi21 ʃɐu35	hoi1 cai4 sau2	猜碼口令，數字十
13212	三十、數字等/行酒令（數字十）	開	开	hɔi55	hoi1	猜碼口令，數字十
13213	三十、數字等/行酒令（數字十）	冚唪唥	冚唪唥	hɐm22 pɐŋ22 lɐŋ22	ham6 bang6 lang6	猜碼口令，數字十
13214	三十、數字等/商業隱語（一至十）	流乙坊則中晨仙光羿足	流乙坊则中晨仙光羿足	lɐu21 jyt3 fɔŋ55 tʃɐk5 tʃʊŋ55 ʃɐn21 ɬin55 kɔŋ55 ŋɐi22 tʃʊk5	lau4 jyut3 fong1 zak1 zung1 san4 slin1 gong1 ngai6 zuk1	商業隱語（一至十），分別表示一流、天干第二位、三坊街、四則運算、中間數五、早晨六點、七仙女、八點天大光、后羿射九日、十足，諧音爲「流月方則忠，神仙剛毅足」
13215	三十一、四字詞語/一心一意	一心一意	一心一意	jɐt5 ɬɐm55 jɐt5 ji33	jat1 slam1 jat1 ji3	一心一意1.1
13216	三十一、四字詞語/一心一意	一心一意	一心一意	a55 ɬɐm55 a55 ji33	aa1 slam1 aa1 ji3	一心一意1.2
13217	三十一、四字詞語/一來二去	一來二去	一来二去	jɐt5 lɔi21 ji22 hy33	jat1 loi4 ji6 hyu3	一來二去
13218	三十一、四字詞語/一清二白	一清二白	一清二白	jɐt5 tʃʰeŋ55 ji22 pak2	jat1 cing1 ji6 baak6	一清二白
13219	三十一、四字詞語/一清二楚	一清二楚	一清二楚	jɐt5 tʃʰeŋ55 ji22 tʃʰɔ35	jat1 cing1 ji6 co2	一清二楚
13220	三十一、四字詞語/一乾二淨	一乾二淨	一干二净	jɐt5 kɔn55 ji22 tʃɛŋ22	jat1 gon1 ji6 zeng6	一乾二淨
13221	三十一、四字詞語/一刀兩斷	一刀兩斷	一刀两断	jɐt5 tu55 lœŋ24 tʰyn24	jat1 du1 loeng5 tyun5	一刀兩斷
13222	三十一、四字詞語/一舉兩得	一舉兩得	一举两得	jɐt5 ky35 lœŋ24 tɐk5	jat1 gyu2 loeng5 dak1	一舉兩得
13223	三十一、四字詞語/一家大小	一家大細	一家大细	jɐt5 ka55 tai22 ɬɐi33	jat1 gaa1 daai6 slai3	一家大小1.1，一家老小
13224	三十一、四字詞語/一家大小	一家大細	一家大细	a55 ka55 tai22 ɬɐi33	aa1 gaa1 daai6 slai3	一家大小1.2，一家老小
13225	三十一、四字詞語/三番五次	三番五次	三番五次	ɬam55 fan55 ŋ̍24 tʃʰi33	slaam1 faan1 ng5 ci3	三番五次1.1
13226	三十一、四字詞語/三番五次	三番五次	三番五次	ɬam55 fan55 ŋ̍24 tsʰɿ33	slaam1 faan1 ng5 cy3	三番五次1.2
13227	三十一、四字詞語/三番兩次	三番兩次	三番两次	ɬam55 fan55 lœŋ24 tʃʰi33	slaam1 faan1 loeng5 ci3	三番兩次1.1
13228	三十一、四字詞語/三番兩次	三番兩次	三番两次	ɬam55 fan55 lœŋ24 tsʰɿ33	slaam1 faan1 loeng5 cy3	三番兩次1.2
13229	三十一、四字詞語/三年二年	三年兩年	三年两年	ɬam55 nin21 lœŋ24 nin21	slaam1 nin4 loeng5 nin4	三年二年
13230	三十一、四字詞語/三年五載	三年五年	三年五年	ɬam55 nin21 ŋ̍24 nin21	slaam1 nin4 ng5 nin4	三年五載
13231	三十一、四字詞語/三天兩頭	三頭兩日	三头两日	ɬam55 tʰɐu21 lœŋ24 jɐt2	slaam1 tau4 loeng5 jat6	三天兩頭
13232	三十一、四字詞語/三長兩短	三長兩短	三长两短	ɬam55 tʃʰœŋ21 lœŋ24 tyn35	slaam1 coeng4 loeng5 dyun2	三長兩短
13233	三十一、四字詞語/三言兩語	三言兩語	三言两语	ɬam55 jin21 lœŋ24 jy24	slaam1 jin4 loeng5 jyu5	三言兩語
13234	三十一、四字詞語/三心兩意	三心兩意	三心两意	ɬam55 ɬɐm55 lœŋ24 ji33	slaam1 slam1 loeng5 ji3	三心兩意
13235	三十一、四字詞語/三三兩兩	三三兩兩	三三两两	ɬam55 ɬam55 lœŋ24 lœŋ24	slaam1 slaam1 loeng5 loeng5	三三兩兩
13236	三十一、四字詞語/三三八八	三三八八	三三八八	ɬam55 ɬam55 pɛt3 pɛt3	slaam1 slaam1 bet3 bet3	三三八八
13237	三十一、四字詞語/顛三倒四	顛三倒四	颠三倒四	tin55 ɬam55 tu35 ɬi33	din1 slaam1 du2 sli3	顛三倒四
13238	三十一、四字詞語/四平八穩	四平八穩	四平八稳	ɬi33 pʰeŋ21 pɛt3 wɐn35	sli3 ping4 bet3 wan2	四平八穩
13239	三十一、四字詞語/四通八達	四通八達	四通八达	ɬi33 tʰʊŋ55 pɛt3 tat2	sli3 tung1 bet3 daat6	四通八達
13240	三十一、四字詞語/四面八方	四面八方	四面八方	ɬi33 min22 pɛt3 fɔŋ55	sli3 min6 bet3 fong1	四面八方
13241	三十一、四字詞語/五湖四海	五湖四海	五湖四海	ŋ̍24 wu21 ɬi33 hɔi35	ng5 wu4 sli3 hoi2	五湖四海
13242	三十一、四字詞語/五花八門	五花八門	五花八门	ŋ̍24 fa55 pɛt3 mun21	ng5 faa1 bet3 mun4	五花八門
13243	三十一、四字詞語/五顏六色	五顏六色	五颜六色	ŋ̍24 ŋɛn21 lʊk2 ʃek5	ng5 ngen4 luk6 sik1	五顏六色
13244	三十一、四字詞語/七上八下	七上八落	七上八落	tʃʰɐt5 ʃœŋ24 pɛt3 lɔk2	cat1 soeng5 bet3 lok6	七上八下
13245	三十一、四字詞語/七七八八	七七八八	七七八八	tʃʰɐt5 tʃʰɐt5 pɛt3 pɛt3	cat1 cat1 bet3 bet3	七七八八，差不多
13246	三十一、四字詞語/亂七八糟	亂七八糟	乱七八糟	lyn22 tʃʰɐt5 pɛt3 tʃu55	lyun6 cat1 bet3 zu1	亂七八糟
13247	三十一、四字詞語/七長八短	七長八短	七长八短	tʃʰɐt5 tʃʰœŋ21 pɛt3 tyn35	cat1 coeng4 bet3 dyun2	七長八短
13248	三十一、四字詞語/七拼八湊	七拼八湊	七拼八凑	tʃʰɐt5 pʰeŋ55 pɛt3 tʃʰɐu33	cat1 ping1 bet3 cau3	七拼八湊1.2
13249	三十一、四字詞語/七拼八湊	七拼八湊	七拼八凑	tʃʰɐt5 pʰeŋ33 pɛt3 tʃʰɐu33	cat1 ping3 bet3 cau3	七拼八湊1.1
13250	三十一、四字詞語/七手八腳	七手八腳	七手八脚	tʃʰɐt5 ʃɐu35 pɛt3 kœk3	cat1 sau2 bet3 goek3	七手八腳1
13251	三十一、四字詞語/七手八腳	佮手佮腳	佮手佮脚	kɐp3 ʃɐu35 kɐp3 kœk3	gap3 sau2 gap3 goek3	七手八腳2
13252	三十一、四字詞語/七零八落	七零八落	七零八落	tʃʰɐt5 leŋ21 pɛt3 lɔk2	cat1 ling4 bet3 lok6	七零八落
13253	三十一、四字詞語/七嘴八舌	七嘴八舌	七嘴八舌	tʃʰɐt5 tʃui35 pɛt3 ʃit2	cat1 zui2 bet3 sit6	七嘴八舌
13254	三十一、四字詞語/七屍八列	七屍八列	七尸八列	tʃʰɐt5 ʃi55 pɛt3 lɛt2	cat1 si1 bet3 let6	七屍八列，原指事故現場的慘狀，後比喻雜亂、零亂
13255	三十一、四字詞語/嫌七嫌八	嫌七嫌八	嫌七嫌八	jim21 tʃʰɐt5 jim21 pɛt3	jim4 cat1 jim4 bet3	嫌七嫌八
13256	三十一、四字詞語/暈頭轉向	昏昏七七	昏昏七七	wɐn55 wɐn55 tʃʰɐt5 tʃʰɐt5	wan1 wan1 cat1 cat1	暈頭轉向
13257	三十一、四字詞語/昏昏沉沉	昏昏沉沉	昏昏沉沉	wɐn55 wɐn55 tʃʰɐm21 tʃʰɐm21	wan1 wan1 cam4 cam4	昏昏沉沉，頭腦不清醒
13258	三十一、四字詞語/昏頭昏腦	昏頭昏腦	昏头昏脑	wɐn55 tʰɐu21 wɐn55 nu24	wan1 tau4 wan1 nu5	昏頭昏腦
13259	三十一、四字詞語/傻裏傻氣	傻頭傻腦	傻头傻脑	ɬɔ21 tʰɐu21 ɬɔ21 nu24	slo4 tau4 slo4 nu5	傻裏傻氣
13260	三十一、四字詞語/千真萬確	千真萬確	千真万确	tʃʰin55 tʃɐn55 man22 kʰɔk3	cin1 zan1 maan6 kok3	千真萬確
13261	三十一、四字詞語/千軍萬馬	千軍萬馬	千军万马	tʃʰin55 kʷɐn55 man22 ma24	cin1 gwan1 maan6 maa5	千軍萬馬
13262	三十一、四字詞語/千變萬化	千變萬化	千变万化	tʃʰin55 pin33 man22 fa33	cin1 bin3 maan6 faa3	千變萬化
13263	三十一、四字詞語/千家萬戶	千家萬戶	千家万户	tʃʰin55 ka55 man22 wu22	cin1 gaa1 maan6 wu6	千家萬戶
13264	三十一、四字詞語/千言萬語	千言萬語	千言万语	tʃʰin55 jin21 man22 jy24	cin1 jin4 maan6 jyu5	千言萬語
13265	三十一、四字詞語/千叮萬囑	千叮萬叮	千叮万叮	tʃʰin55 teŋ55 man22 teŋ55	cin1 ding1 maan6 ding1	千叮萬囑
13266	三十一、四字詞語/千交代萬交代	千交帶萬交帶	千交带万交带	tʃʰin55 kɛu55 tai33 man22 kɛu55 tai33	cin1 geu1 daai3 maan6 geu1 daai3	千交代萬交代
13267	三十一、四字詞語/出雙入對	出雙入對	出双入对	tʃʰyt5 ʃœŋ55 jɐp2 tui33	cyut1 soeng1 jap6 dui3	出雙入對
13268	三十一、四字詞語/乾手淨腳	乾手淨腳	干手净脚	kɔn55 ʃɐu35 tʃeŋ22 kœk3	gon1 sau2 zing6 goek3	乾手淨腳，省事、灑脫
13269	三十一、四字詞語/雞手鴨腳	雞手鴨腳	鸡手鸭脚	kɐi55 ʃɐu35 ap3 kœk3	gai1 sau2 aap3 goek3	雞手鴨腳，比喻不會做事，添亂
13270	三十一、四字詞語/雞同鴨講	雞同鴨講	鸡同鸭讲	kɐi55 tʰʊŋ21 ap3 kɔŋ35	gai1 tung4 aap3 gong2	雞同鴨講，比喻無法溝通
13271	三十一、四字詞語/礙手礙腳	阻手阻腳	阻手阻脚	tʃɔ35 ʃɐu35 tʃɔ35 kœk3	zo2 sau2 zo2 goek3	礙手礙腳
13272	三十一、四字詞語/快手快腳	快手快腳	快手快脚	fai33 ʃɐu35 fai33 kœk3	faai3 sau2 faai3 goek3	快手快腳，手腳麻利
13273	三十一、四字詞語/動手動腳	逳手逳腳	逳手逳脚	jʊk5 ʃɐu35 jʊk5 kœk3	juk1 sau2 juk1 goek3	動手動腳
13274	三十一、四字詞語/伶牙俐齒	牙尖嘴利	牙尖嘴利	ŋa21 tʃim55 tʃui35 li22	ngaa4 zim1 zui2 li6	伶牙俐齒
13275	三十一、四字詞語/胡說八道	亂講三場	乱讲三场	lyn22 kɔŋ35 ɬam55 tʃʰœŋ21	lyun6 gong2 slaam1 coeng4	胡說八道1
13276	三十一、四字詞語/胡說八道	東講西講	东讲西讲	tʊŋ55 kɔŋ35 ɬɐi55 kɔŋ35	dung1 gong2 slai1 gong2	胡說八道2
13277	三十一、四字詞語/胡說八道	東噏西噏	东噏西噏	tʊŋ55 ŋɐp5 ɬɐi55 ŋɐp5	dung1 ngap1 slai1 ngap1	胡說八道3
13278	三十一、四字詞語/胡說八道	亂屌河馬	乱屌河马	lyn22 tiu35 hɔ21 ma24	lyun6 diu2 ho4 maa5	胡說八道4，亂點鴛鴦
13279	三十一、四字詞語/嘮嘮叨叨	吟吟沉沉	吟吟沉沉	ŋɐm21 ŋɐm21 tʃʰɐm21 tʃʰɐm21	ngam4 ngam4 cam4 cam4	嘮嘮叨叨
13280	三十一、四字詞語/笨嘴笨舌	笨口笨舌	笨口笨舌	pɐn22 hɐu35 pɐn22 ʃit2	ban6 hau2 ban6 sit6	笨嘴笨舌
13281	三十一、四字詞語/笨頭笨腦	笨頭笨腦	笨头笨脑	pɐn22 tʰɐu21 pɐn22 nu24	ban6 tau4 ban6 nu5	笨頭笨腦
13282	三十一、四字詞語/粗言爛語	爛口爛舌	烂口烂舌	lan22 hɐu35 lan22 ʃit2	laan6 hau2 laan6 sit6	粗言爛語
13283	三十一、四字詞語/𪐀牙𪐀齒	𪐀牙𪐀齒	𪐀牙𪐀齿	ni55 ŋa21 ni55 tʃʰi35	ni1 ngaa4 ni1 ci2	形容食物粘牙齒
13284	三十一、四字詞語/死頭乾薑	死頭乾薑	死头干姜	ɬi35 tʰɐu21 kɔn55 kœŋ55	sli2 tau4 gon1 goeng1	不聽話，難教；頑固、犟
13285	三十一、四字詞語/沒頭沒尾	倔頭倔腦	倔头倔脑	kʷɐt2 tʰɐu21 kʷɐt2 nu24	gwat6 tau4 gwat6 nu5	沒頭沒尾
13286	三十一、四字詞語/熟口熟面	熟口熟面	熟口熟面	ʃʊk2 hɐu35 ʃʊk2 min22	suk6 hau2 suk6 min6	面熟，熟人
13287	三十一、四字詞語/生口生面	生口生面	生口生面	ʃaŋ55 hɐu35 ʃaŋ55 min22	saang1 hau2 saang1 min6	不面熟，陌生
13288	三十一、四字詞語/真才實學	真才實料	真才实料	tʃɐn55 tʃʰɔi21 ʃɐt2 liu35	zan1 coi4 sat6 liu2	真才實學
13289	三十一、四字詞語/貨真價實	真才實料	真才实料	tʃɐn55 tʃʰɔi21 ʃɐt2 liu35	zan1 coi4 sat6 liu2	貨真價實1
13290	三十一、四字詞語/貨真價實	真裝實料	真装实料	tʃɐn55 tʃɔŋ55 ʃɐt2 liu35	zan1 zong1 sat6 liu2	貨真價實2
13291	三十一、四字詞語/知書識字	知書識墨	知书识墨	tʃi55 ʃy55 ʃek5 mɐk2	zi1 syu1 sik1 mak6	知書識字
13292	三十一、四字詞語/挺胸凸肚	躽胸凸肚	躽胸凸肚	ɛn35 hʊŋ55 tɐt2 tʰu24	en2 hung1 dat6 tu5	挺胸凸肚
13293	三十一、四字詞語/裝瘋賣傻	裝癡詐脤	装痴诈脤	tʃɔŋ55 tʃʰi55 tʃa33 ʃɐn24	zong1 ci1 zaa3 san5	裝瘋賣傻
13294	三十一、四字詞語/女子嬌豔風流	姣思扽䐁	姣思扽䐁	hɛu21 ʃi55 tɐn33 tʊk5	heu4 si1 dan3 duk1	女子嬌豔風流
13295	三十一、四字詞語/起死回生	鹹魚翻身	咸鱼翻身	hɛm21 jy21 fan55 ʃɐn55	hem4 jyu4 faan1 san1	起死回生
13296	三十一、四字詞語/臉色紅潤	紅粉緋花	红粉绯花	hʊŋ21 fɐn35 fi55 fa55	hung4 fan2 fi1 faa1	臉色紅潤
13297	三十一、四字詞語/稀奇古怪	古靈精怪	古灵精怪	ku35 leŋ21 tʃeŋ55 kʷai33	gu2 ling4 zing1 gwaai3	稀奇古怪
13298	三十一、四字詞語/搗亂生事	搞鬼搞怪	搞鬼搞怪	kau35 kʷɐi35 kau35 kʷai33	gaau2 gwai2 gaau2 gwaai3	搗亂生事
13299	三十一、四字詞語/神神道道（神神叨叨）	神神化化	神神化化	ʃɐn21 ʃɐn21 fa33 fa33	san4 san4 faa3 faa3	神神道道（神神叨叨）
13300	三十一、四字詞語/狐朋狗友	豬朋狗友	猪朋狗友	tʃy55 pʰɐŋ21 kɐu35 jɐu24	zyu1 pang4 gau2 jau5	狐朋狗友
13301	三十一、四字詞語/劈哩啪啦	啤哩叭啦	啤哩叭啦	pi21 li21 pa21 la21	bi4 li4 baa4 laa4	劈哩啪啦1，鞭炮聲、雨聲
13302	三十一、四字詞語/劈哩啪啦	啤哩穙稑	啤哩穙稑	pi21 li21 pʊk2 lʊk2	bi4 li4 buk6 luk6	劈哩啪啦2，敲打聲、爆裂聲
13303	三十一、四字詞語/劈哩啪啦	啤哩唪哢	啤哩唪哢	pi21 li21 pʊŋ22 lʊŋ22	bi4 li4 bung6 lung6	劈哩啪啦3，敲打聲、爆裂聲
13304	三十一、四字詞語/劈哩啪啦	呯呤嘭啷	呯呤嘭啷	peŋ21 leŋ21 paŋ21 laŋ21	bing4 ling4 baang4 laang4	劈哩啪啦4，鞭炮聲、碰撞聲
13305	三十一、四字詞語/劈哩啪啦	呯呯韸韸	呯呯韸韸	peŋ21 peŋ21 pɐm21 pɐm21	bing4 bing4 bam4 bam4	劈哩啪啦5，擬炮聲、敲打聲
13306	三十一、四字詞語/各種事物	𠽤嚦硞嘞	𠽤呖硞嘞	kʰek5 lek5 kʷʰɐk5 lɐk5	kik1 lik1 kwak1 lak1	比喻各種事物1，或源自「霍落/廓落」
13307	三十一、四字詞語/各種事物	傾鈴哐啷	倾铃哐啷	kʰeŋ55 leŋ55 kʷʰaŋ55 laŋ55	king1 ling1 kwaang1 laang1	比喻各種事物2，擬器皿碰撞聲
13308	三十一、四字詞語/各種事物	啲啲登登	啲啲登登	ni55 ni55 nɐŋ55 nɐŋ55	ni1 ni1 nang1 nang1	比喻各種事物3，端組旁轉
13309	三十一、四字詞語/三長兩短	冬瓜豆腐	冬瓜豆腐	tʊŋ55 kʷa55 tɐu22 fu22	dung1 gwaa1 dau6 fu6	三長兩短，比喻意外情況
13310	三十一、四字詞語/崎嶇不平	犖犖確確	荦荦确确	lɐk5 lɐk5 kʰɐk5 kʰɐk5	lak1 lak1 kak1 kak1	崎嶇不平，又比喻說話結巴
13311	三十一、四字詞語/風風火火	啡啡䬍䬍	啡啡䬍䬍	fi21 fi21 fɔt2 fɔt2	fi4 fi4 fot6 fot6	風風火火1
13312	三十一、四字詞語/風風火火	啡啡吙吙	啡啡吙吙	fi21 fi21 fɔ22 fɔ22	fi4 fi4 fo6 fo6	風風火火2
13313	三十一、四字詞語/馬馬虎虎	唦哩躘蹱	唦哩𨀁蹱	ʃa21 li55 lʊŋ22 tʃʰʊŋ33	saa4 li1 lung6 cung3	馬馬虎虎，莽撞
13314	三十一、四字詞語/踉踉蹌蹌	躘躘蹱蹱	𨀁𨀁蹱蹱	lʊŋ22 lʊŋ22 tʃʰʊŋ33 tʃʰʊŋ33	lung6 lung6 cung3 cung3	踉踉蹌蹌1
13315	三十一、四字詞語/踉踉蹌蹌	仆仆趢趢	仆仆趢趢	pʰʊk5 pʰʊk5 lʊk5 lʊk5	puk1 puk1 luk1 luk1	踉踉蹌蹌2
13316	三十一、四字詞語/說三道四	阿吱阿咗	阿吱阿咗	a33 tʃi55 a33 tʃɔ55	aa3 zi1 aa3 zo1	說三道四，源自「吱嗻」
13317	三十一、四字詞語/吱吱喳喳	吱吱啁啁	吱吱啁啁	tʃi55 tʃi55 tʃɛu55 tʃɛu55	zi1 zi1 zeu1 zeu1	吱吱喳喳1
13318	三十一、四字詞語/吱吱喳喳	吱吱喳喳	吱吱喳喳	tʃi55 tʃi55 tʃa55 tʃa55	zi1 zi1 zaa1 zaa1	吱吱喳喳2
13319	三十一、四字詞語/吱吱喳喳	吱哩喳啦	吱哩喳啦	tʃi55 li55 tʃa55 la55	zi1 li1 zaa1 laa1	吱吱喳喳3
13320	三十一、四字詞語/迷迷糊糊	乜乜斜斜	乜乜斜斜	mɛ21 mɛ21 ɬɛ21 ɬɛ21	me4 me4 sle4 sle4	迷迷糊糊，形容醉態
13321	三十一、四字詞語/清清楚楚	清清楚楚	清清楚楚	tʃʰeŋ55 tʃʰeŋ55 tʃʰɔ35 tʃʰɔ35	cing1 cing1 co2 co2	清清楚楚
13322	三十一、四字詞語/明明白白	明明白白	明明白白	meŋ21 meŋ21 pak2 pak2	ming4 ming4 baak6 baak6	明明白白
13323	三十一、四字詞語/公公道道	公公道道	公公道道	kʊŋ55 kʊŋ55 tu22 tu22	gung1 gung1 du6 du6	公公道道
13324	三十一、四字詞語/乾乾淨淨	乾乾淨淨	干干净净	kɔn55 kɔn55 tʃɛŋ22 tʃɛŋ22	gon1 gon1 zeng6 zeng6	乾乾淨淨
13325	三十一、四字詞語/整整齊齊	徛徛理理	徛徛理理	kʰi24 kʰi24 li24 li24	ki5 ki5 li5 li5	整整齊齊
13326	三十一、四字詞語/偷偷摸摸	鬼鬼鼠鼠	鬼鬼鼠鼠	kʷɐi35 kʷɐi35 ʃy35 ʃy35	gwai2 gwai2 syu2 syu2	偷偷摸摸1，鬼鬼祟祟
13327	三十一、四字詞語/偷偷摸摸	鬼頭鬼腦	鬼头鬼脑	kʷɐi35 tʰɐu21 kʷɐi35 nu24	gwai2 tau4 gwai2 nu5	偷偷摸摸2，鬼鬼祟祟
13328	三十一、四字詞語/這個那個	乜乜物物	乜乜物物	mɐt5 mɐt5 mɐt2 mɐt2	mat1 mat1 mat6 mat6	這個那個，繁瑣的事物
13329	三十一、四字詞語/又這又那	又這又那	又这又那	jɐu22 tʃɛ24 jɐu22 na24	jau6 ze5 jau6 naa5	又這又那，形容麻煩事多
13330	三十一、四字詞語/不時不食	不時不食	不时不食	pɐt5 ʃi21 pɐt5 ʃek2	bat1 si4 bat1 sik6	不時不食，即按照時令吃食，不到時令不吃對應的食物
13331	三十一、四字詞語/省吃儉用	慳食慳使	悭食悭使	han55 ʃek2 han55 ʃɐi35	haan1 sik6 haan1 sai2	省吃儉用
13332	三十一、四字詞語/吃飽喝足	食飽飲凸	食饱饮凸	ʃek2 pɛu35 jɐm35 tɐt2	sik6 beu2 jam2 dat6	吃飽喝足
13333	三十一、四字詞語/缺頭少尾	甩皮甩骨	甩皮甩骨	lɐt5 pʰi21 lɐt5 kʷɐt5	lat1 pi4 lat1 gwat1	缺頭少尾，形容破爛不堪
13334	三十一、四字詞語/花裏胡哨	花哩花碌	花哩花碌	fa55 li55 fa55 lʊk5	faa1 li1 faa1 luk1	花裏胡哨
13335	三十一、四字詞語/囉裏囉唆	囉哩囉唆	啰哩啰唆	lɔ55 li55 lɔ55 ɬɔ55	lo1 li1 lo1 slo1	囉裏囉唆1
13336	三十一、四字詞語/囉裏囉唆	遴哩遴盡	遴哩遴尽	lɐn22 li55 lɐn22 tʃɐn22	lan6 li1 lan6 zan6	囉裏囉唆2
13337	三十一、四字詞語/囉裏囉嗦	囉哩囉嗦	啰哩啰嗦	lɔ55 li55 lɔ55 ɬɔ55	lo1 li1 lo1 slo1	囉裏囉嗦，同「囉裏囉唆」
13338	三十一、四字詞語/古裏古怪	古哩古怪	古哩古怪	ku35 li55 ku35 kʷai33	gu2 li1 gu2 gwaai3	古裏古怪
13339	三十一、四字詞語/麻裏麻煩	麻哩麻煩	麻哩麻烦	ma21 li55 ma21 fan21	ma21 li1 ma21 fan21	麻裏麻煩
13340	三十一、四字詞語/嘰哩咕嚕	嘰哩咕嚕	叽哩咕噜	ki55 li55 ku55 lu55	gi1 li1 gu1 lu1	嘰哩咕嚕，肚子叫、說話聽不懂
13341	三十一、四字詞語/糊裏糊塗	糊哩糊塗	糊哩糊涂	wu21 li55 wu21 tʰu21	wu4 li1 wu4 tu4	糊裏糊塗
13342	三十一、四字詞語/颳風下雨	翻風落雨	翻风落雨	fan55 fʊŋ55 lɔk2 jy24	faan1 fung1 lok6 jyu5	颳風下雨
13343	三十一、四字詞語/走街串巷	穿街過巷	穿街过巷	tʃʰyn55 kai55 kɔ33 hɔŋ35	cyun1 gaai1 go3 hong2	走街串巷
13344	三十一、四字詞語/出出進進	出出入入	出出入入	tʃʰyt5 tʃʰyt5 jɐp2 jɐp2	cyut1 cyut1 jap6 jap6	出出進進
13345	三十一、四字詞語/東玩西玩	東耍西耍	东耍西耍	tʊŋ55 ʃa35 ɬɐi55 ʃa35	dung1 saa2 slai1 saa2	東玩西玩，隨意地舞弄
13346	三十一、四字詞語/東跑西跑	東趯西趯	东趯西趯	tʊŋ55 tɛk3 ɬɐi55 tɛk3	dung1 dek3 slai1 dek3	東跑西跑
13347	三十一、四字詞語/東翻西翻	東翻西翻	东翻西翻	tʊŋ55 fan55 ɬɐi55 fan55	dung1 faan1 slai1 faan1	東翻西翻
13348	三十一、四字詞語/東望西望	東望西望	东望西望	tʊŋ55 mɔŋ22 ɬɐi55 mɔŋ22	dung1 mong6 slai1 mong6	東望西望
13349	三十一、四字詞語/一丘之貉	蛇鼠一窩	蛇鼠一窝	ʃɛ21 ʃy35 jɐt5 wɔ55	se4 syu2 jat1 wo1	一丘之貉
13350	三十一、四字詞語/鬼鬼怪怪	鬼鬼怪怪	鬼鬼怪怪	kʷɐi35 kʷɐi35 kʷai33 kʷai33	gwai2 gwai2 gwaai3 gwaai3	鬼鬼怪怪1，封建迷信活動的統稱
13351	三十一、四字詞語/鬼鬼怪怪	神神鬼鬼	神神鬼鬼	ʃɐn21 ʃɐn21 kʷɐi35 kʷɐi35	san4 san4 gwai2 gwai2	鬼鬼怪怪2，封建迷信活動的統稱
13352	三十一、四字詞語/哭哭啼啼	哭哭喊喊	哭哭喊喊	hʊk5 hʊk5 hɛm33 hɛm33	huk1 huk1 hem3 hem3	哭哭啼啼
13353	三十一、四字詞語/快快長大	快高快大	快高快大	fai33 ku55 fai33 tai22	faai3 gu1 faai3 daai6	快快長大，對兒童的祝福語
13354	三十一、四字詞語/有樣學樣	有樣學樣	有样学样	jɐu24 jœŋ35 hɔk2 jœŋ35	jau5 joeng2 hok6 joeng2	有樣學樣
13355	三十一、四字詞語/頭暈眼花	頭昏眼花	头昏眼花	tʰɐu21 wɐn55 ŋɛn24 fa55	tau4 wan1 ngen5 faa1	頭暈眼花1
13356	三十一、四字詞語/頭暈眼花	頭昏眼黑	头昏眼黑	tʰɐu21 wɐn55 ŋɛn24 hɐk5	tau4 wan1 ngen5 hak1	頭暈眼花2
13357	三十一、四字詞語/瘦瘦削削	瘦瘦蜢蜢	瘦瘦蜢蜢	ʃɐu33 ʃɐu33 maŋ24 maŋ24	sau3 sau3 maang5 maang5	瘦瘦削削
13358	三十一、四字詞語/客似雲來	客似雲來	客似云来	hak3 tʃʰi24 wɐn21 lɔi21	haak3 ci5 wan4 loi4	客似雲來1.1，比如生意興隆
13359	三十一、四字詞語/客似雲來	客似雲來	客似云来	hak3 tsʰɿ24 wɐn21 lɔi21	haak3 cy5 wan4 loi4	客似雲來1.2
13360	三十一、四字詞語/烏七八糟	鬼五馬六	鬼五马六	kʷɐi35 ŋ̍24 ma24 lʊk2	gwai2 ng5 maa5 luk6	烏七八糟（阿隻着得～嘅，絕對係撈啊阿隻啊）
13361	三十二、干支/天干地支	天干地支	天干地支	tʰin55 kɔn55 ti22 tʃi55	tin1 gon1 di6 zi1	天干地支
13362	三十二、干支/甲	甲	甲	kap3	gaap3	甲
13363	三十二、干支/乙	乙	乙	jyt3	jyut3	乙1.1
13364	三十二、干支/乙	乙	乙	jit3	jit3	乙1.2
13365	三十二、干支/丙	丙	丙	peŋ35	bing2	丙
13366	三十二、干支/丁	丁	丁	teŋ55	ding1	丁
13367	三十二、干支/戊	戊	戊	mu22	mu6	戊
13368	三十二、干支/己	己	己	ki35	gi2	己
13369	三十二、干支/庚	庚	庚	kɐŋ55	gang1	庚
13370	三十二、干支/辛	辛	辛	ɬɐn55	slan1	辛
13371	三十二、干支/壬	壬	壬	jɐm21	jam4	壬
13372	三十二、干支/癸	癸	癸	kʷɐi33	gwai3	癸1.1
13373	三十二、干支/癸	癸	癸	kʷʰɐi21	kwai4	癸1.2，俗讀，讀同「葵」
13374	三十二、干支/子	子	子	tʃi35	zi2	子1.1
13375	三十二、干支/子	子	子	tsɿ35	zy2	子1.2
13376	三十二、干支/丑	丑	丑	tʃʰɐu35	cau2	丑
13377	三十二、干支/寅	寅	寅	jɐn21	jan4	寅
13378	三十二、干支/卯	卯	卯	mau24	maau5	卯
13379	三十二、干支/辰	辰	辰	ʃɐn21	san4	辰
13380	三十二、干支/巳	巳	巳	ʃi22	si6	巳1.1
13381	三十二、干支/巳	巳	巳	sɿ22	sy6	巳1.2
13382	三十二、干支/午	午	午	ŋ̍24	ng5	午
13383	三十二、干支/未	未	未	mi22	mi6	未
13384	三十二、干支/申	申	申	ʃɐn55	san1	申
13385	三十二、干支/酉	酉	酉	jɐu24	jau5	酉
13386	三十二、干支/戌	戌	戌	ɬɐt5	slat1	戌1.1
13387	三十二、干支/戌	戌	戌	ɬyt5	slyut1	戌1.2
13388	三十二、干支/亥	亥	亥	hɔi22	hoi6	亥
