ID	TRAD	SIMP	N-JYUTPING	T-JYUTPING	G-JYUTPING
1	丫	丫	aa1 丫頭，丫鬟；丫杈，丫角髻（女孩梳在頭頂兩側的圓形髻）,(又)jaa1 丫頭，丫鬟	aa1 丫頭，丫鬟；丫杈，丫髻,(又)jaa1 丫頭，丫鬟	aa1
2	亞	亚	aa3 亞洲，亞軍	aa3 亞洲，亞軍	aa3
3	啞	哑	aa2 啞巴，聾啞,ak1 笑聲,jaa1 咿啞；同呀字	aa2 啞巴，聾啞,ak2 笑聲,jaa1 咿啞；同呀字	1)aa2:聾啞 2)aa1:咿啞
4	啊	啊	aa1 嘆詞，表驚訝或加強語勢；語氣詞，表疑問或反問,aa2 嘆詞，表追問，～，你吆我啊？語氣詞，表叮囑，記得關燈～,aa3 語氣詞，弱讀爲[ɐ33/ə33],aa4 嘆詞，表惋惜,aa6 句首爲嘆詞，表應答、醒悟、提醒或讚歎，句末爲語氣詞	aa1 嘆詞，表驚訝,aa5 嘆詞，表追問，～，你吆我啊？,aa2 語氣詞，弱讀爲[ɐ33/ə33]，冇早～，快去～！,aa4 嘆詞，表惋惜；詞綴，吆～～，哇哇叫,aa6 句首爲嘆詞，表應答、醒悟、提醒或讚歎，句末爲語氣詞	1)aa1:嘆詞，表示讚歎驚異 2)aa2:嘆詞，表示追問驚疑 3)aa3:嘆詞，表示應諾驚歎
5	阿	阿	aa3 阿哥，阿爺；近指代詞，這，弱讀爲[ɐ33/ə33]，又作亞字，本字箇，上古歌部或魚部，演變構擬[*ka̠s]➔[*ka]➔[a]➔[ɐ/ə],o1 阿膠，阿彌陀佛，阿諛；阿房宮；姓	aa3 阿哥，阿爺；近指代詞，這，又作亞字，本字箇，上古歌部或魚部，演變構擬[*ka̠s]➔[*ka]➔[a],o1 阿膠，阿彌陀佛，阿諛；阿房宮；姓	1)aa3:阿姨 2)o1:阿諛奉承
6	鴉	鸦	aa1 烏鴉；鴉片,(又)jaa1 烏鴉	aa1 烏鴉；鴉片	aa1
7	嗄	嗄	aa2 同啊字,saa3 聲音嘶啞	aa2 同啊字,saa3 聲音嘶啞	aa2,saa3
8	埡	垭	aa3	aa3	aa3
9	婭	娅	aa3	aa3	aa3
10	氬	氩	aa3	aa3	aa3
11	錒	锕	aa3	aa3	aa3
12	吖	吖	aa1 吖嗪，吖啶黃；嘆詞,jaa1 象聲詞	aa1 吖嗪，吖啶黃；嘆詞,jaa1 象聲詞	aa1
13	掗	挜	aa3 掗賈	aa3 掗賈	aa3
14	哎	哎	aai1 哎喲，哎呀,(又)ai1,(語)ai2 表醒悟,(語)ui1 表招呼或感到意外,(語)ui2 表驚訝，～唷[ju35]/喲[jɔ35],(語)ui4 表嘆氣、埋怨	aai1 哎喲，哎呀,(又)ai1	aai1
15	唉	唉	aai1 應答聲；唉聲嘆氣,aai6 表傷感或惋惜,(又)ai1,(又)ai6	aai1 應答聲；唉聲嘆氣,aai6 表傷感或惋惜,(又)ai1,(又)ai6	aai1
16	埃	埃	(白)aai1 塵埃；埃及，蘇維埃,(文)oi1 塵埃	aai1 塵埃；埃及，蘇維埃	oi1；(又)aai1
17	挨	挨	aai1 挨近，挨住,ngaai4 同捱字	aai1 挨近，挨住,ngaai4 同捱字	aai1；同捱
18	隘	隘	aai3 隘口，險隘,(又)oi3	aai3 隘口，險隘,(白)e3 腋[ak3]～，胳肢窩	aai3
19	噯	嗳	aai1 同哎字,oi2 噯氣；嘆詞	aai1 同哎字,aai2 噯氣；嘆詞	oi2
20	嗌	嗌	aai3 噎也；〈語〉罵，～人，罵人，捱～，被罵，此義常用；喊叫，此義罕用；案，一說本字呃，不平聲,jik1 咽喉	aai3 噎也,ik2 咽喉	aai3,jik1
21	欸	欸	aai2 欸乃,oi1 歎也,e6 嘆詞	aai2 欸乃,aai1 歎也,e6 嘆詞	aai2,ei3,oi1
22	軛	轭	aak3 牛軛	iak2 牛軛	aak1
23	鈪	鈪	aak3 俗字，鐲子，本字扼	iak2	aak3,aak2
24	晏	晏	aan3 晚也，起得～，起得晚，～晝，中午、下午，食～，吃午飯	aan3 晚也，睡得～，睡得晚，～中，中午	aan3
25	鷃	𮭨	aan3	aan3	aan3
26	罌	罂	aang1 罌粟；瓦罐，～煲鑊頭，炊具的總稱	aang1 罌粟；瓦罐	aang1
27	罃	䓨	aang1 長頸瓶	aang1 長頸瓶	aang1
28	押	押	aap3 抵押，押送	aap2 抵押，押送	aat3；畫押又讀aap3
29	鴨	鸭	aap3	aap2	aap3
30	壓	压	aat3 壓扁，氣壓,(又)aap3 本讀,(白)at1 用力塞，～落去，塞進去，俗字扤	aat2 壓扁，氣壓,(又)aap2 本讀	aat3
31	遏	遏	aat3	aat2	aat3
32	揠	揠	aat3	aat2	aat3
33	閼	阏	aat3 閼塞,jin1 閼氏	aat2 閼塞,jyun1 閼氏	aat3,jin1
34	堨	堨	aat3 阻塞；堤堰,oi2 塵埃,nip6 璧間隙,(又)nit6	aat2 阻塞；堤堰,aai2 塵埃,nip5 璧間隙,(又)nit5	aat3,oi2
35	猰	猰	aat3	aat2	aat3
36	餲	𮩝	aat3 食物腐臭變味,hot3 餅類食品,(又)aai3	aat2 食物腐臭變味,haat2 餅類食品,(又)aai3	aat3,aai3
37	頞	𱂨	aat3	aat2	aat3
38	凹	凹	aau1 凹陷，下凹,waa1 同窪字,(訓)map1 ～落去，凹進去；案，即塌之音轉（端組、泥明母旁轉），地下也,(訓)mep1 又音	aau1 凹陷，下凹,waa1 同窪字,(訓)maap3 ～地，窪地；太公～，地名；案，即塌之音轉（端組、泥明母旁轉），地下也,(訓)maam2 口～，老人牙掉後口腔四周肌肉內陷；案，即窞之音轉（端組、泥明母旁轉），深坎,(訓)map3 又音	nap1；(又)aau3
39	靿	靿	aau3 靴靿	aau3 靴靿	aau3
40	㕭	㕭	aau1	aau1,(白)jaau1 ～咋[jak5]，吵嚷	aau1
41	垇	垇	aau3	aau3	aau3
42	矮	矮	ai2,(白)ai1	ai2	ai2
43	縊	缢	ai3 縊死，自縊	ai3 縊死，自縊	ai3
44	翳	翳	ai3 遮蔽；～氣，喪氣、窩火，～滯，胃口差	ai3 遮蔽,(白)ji3 ～燈，熄燈	ai3
45	嫕	嫕	ai3	ai3	ai3,ji3
46	曀	曀	ai3	ai3	ai3
47	瞖	瞖	ai3 目瞖	ai3 目瞖	ai3
48	扼	扼	ak1 扼腕，扼要,aak3 鐲子，手～，手鐲，唐代作扼臂，俗字鈪	ak2 扼腕，扼要	ak1
49	厄	厄	ak1	ak2	aak1
50	呃	呃	ak1 呃喔，呃逆；打～、打閡[hɐk2]～，打嗝，源自餩,aai3 不平聲,(語)ngak1 俗字，欺騙，本字當爲眲	ak2 呃喔，呃逆,aai3 不平聲,(語)ngak3 俗字，欺騙，本字當爲眲,(語)ak3 打～、打塞[ɬɐk5]～，打嗝，源自餩	aak1
51	苊	苊	ak1	ak2	ak1
52	蚅	蚅	ak1 烏蠋；〈語〉～虵[ɛ22]，蛤蚧，擬叫聲得名	ak2 烏蠋	ak1
53	阨	阨	ak1	ak2	ak1
54	戹	戹	ak1	ak2	aak1
55	握	握	ak1 握手，掌握	oek2 握手，掌握	ak1
56	渥	渥	ak1	oek2	ak1
57	齷	龌	ak1 齷齪,(常)uk1 俗讀，讀同屋	oek2 齷齪,(常)uk2 俗讀	ak1
58	幄	幄	ak1	oek2	ak1
59	偓	偓	ak1	oek2	ak1
60	庵	庵	am1 尼姑庵	aam1 尼姑庵	am1
61	暗	暗	am3 黑暗，暗示；沉默的，～狗咬死人，喻指平時不吭氣的人生起氣來更厲害	aam3 黑暗，暗示	am3
62	黯	黯	am2	aam2	am2
63	鵪	鹌	am1 鵪鶉	aam1 鵪鶉	am1
64	唵	唵	am2 含,am1 唵嘛呢叭咪吽,(語)am4 含，童語	aam2 含,aam3 唵嘛呢叭咪吽	am2
65	垵	垵	am2 同埯字；地名，新垵（在福建）	aam2 同埯字；地名，新垵（在福建）	am2
66	諳	谙	am1	aam1	am1
67	埯	埯	am2 小坑；量詞	aam2 小坑；量詞	am2
68	盦	盦	am1	aam1	am1
69	媕	媕	am1	aam1	am1
70	菴	庵	am1 菴藹	aam1 菴藹,(白)em1 ～根，蕨菜、芭茅	am1
71	闇	暗	am3 愚闇	aam3 愚闇	am3
72	腤	腤	am1	aam1	am1
73	揞	揞	am2 用手捂，～住，與搕對轉	aam2 用手捂，與搕對轉,(常)am2 用手捂，～住	am2
74	恩	恩	an1 恩德，報恩	an1 恩德，報恩	jan1
75	蒽	蒽	an1	an1	jan1
76	哽	哽	ang2 ～腳，硌腳,gang2 哽咽,(白)kang2 ～頸，（飯、菜）卡頸	ang2 ～腳，硌腳,gang2 哽咽,(白)gang5 ～頸，（飯、菜）卡頸	gang2
77	鶯	莺	ang1 黃鶯,(又)jing1	ing1 黃鶯	ang1
78	姶	姶	ap1	ap2	jap1,hap6
79	搕	搕	ap1 捂、敷，～藥，敷藥，與揞對轉,hap1 敲擊；取	ap2 捂、敷，～藥，敷藥，與揞對轉；合在一起漚，～草皮、～肥料,haap2 敲擊；取	ap1,hap6
80	嘔	呕	au2 嘔吐	au2 嘔吐	au2
81	歐	欧	au1	au1	au1
82	毆	殴	au1 毆打，讀同歐	au1 毆打，讀同歐	au2
83	鷗	鸥	au1	au1	au1
84	甌	瓯	au1	au1	au1
85	慪	怄	au3 慪氣	au3 慪氣	au3
86	漚	沤	au3 漚肥	au3 漚肥	au3
87	謳	讴	au1	au1	au1
88	熰	𬉼	au1 旱熱,au3 煖	au1 旱熱,au3 煖	au1
89	𠙶	𠙶	au2	au2	au2
90	塸	𫭟	au2	au2	au2
91	叭	叭	baa1 象聲詞；喇叭；唵嘛呢叭咪吽,(語)baa4 象聲詞，落雨～～，雨嘩嘩地下，啤[pi21]哩[li21]～啦[la21]，鞭炮聲、雨聲,(語)paa4 扁～啦[la21]，扁貌，或源自跋剌,(語)pe4 又音，扁～啦[lɛ21]，扁貌	baa1 象聲詞,baa2 喇叭,baa3 象聲詞；唵嘛呢叭咪吽,(語)baa4 象聲詞，啤[pi21]哩[li21]～啦[la21]，鞭炮聲、雨聲	baa1
92	吧	吧	baa1 酒吧，網吧；象聲詞,baa6 語氣詞，本讀，源自罷,(白)waa6 語氣詞，表推測，實爲吧[pa22]的弱讀（即[p-]➔[w-]），本讀口語已不用，俗字哇，今日冇會落雨～？	baa1 酒吧，網吧；象聲詞,baa6 語氣詞，本讀，源自罷,(白)waa6 語氣詞，表推測，實爲吧[pa22]的弱讀（即[p-]➔[w-]），本讀口語已不用，俗字哇，今日冇會落雨～？	baa6
93	壩	坝	baa3 堤壩	baa3 堤壩	baa3
94	巴	巴	baa1 巴掌，尾巴,(語)paa4 下～，下頜,(白)maa1 攀扶、扒着；～望[mʊŋ35]，盼望、巴不得，原讀的逆同化；孖（連帶）的本字,(白)be4 詞綴，軟～～，軟綿綿，腍[nɐm21]～～，（肉類、瓜果等）軟爛,(白)me4 又音，軟～～，軟綿綿,(白)me1 ～指，六指兒，俗字孖	baa1 巴掌，尾巴,(語)baa4 下～，下頜,(白)maa1 摟、抱；抓、撓；～望[moŋ22]，盼望、巴不得，原讀的逆同化；孖（連帶）的本字,(白)be4 詞綴，腍[nɐm21]～～，（肉類、瓜果等）軟爛,(白)be1 ～～坐，排排坐；～指，枝指、六指兒,(白)me1 ～指，枝指、六指兒，俗字孖	baa1
95	把	把	baa2 把握；量詞，一把刀，一把赤腳,(又)paa2 量詞，一把赤腳，阿把女人（這個女人，貶義）	baa2 把握；量詞，一把刀,(語)paa3 量詞，用於女性嘴巴，渠亞～口冇識幾厲害	baa2
96	爸	爸	baa1 爸[pa21]爸，阿爸，本字父，父的上古音	baa3 爸[pa21]爸，阿爸，本字父，父的上古音	baa1
97	疤	疤	baa1 傷疤，疤痕,(白)be4 痲～，（臉上的）痲子、長痲子的人	baa1 傷疤，疤痕,(白)be4 痲～，（臉上的）痲子、長痲子的人	baa1
98	罷	罢	baa6	baa6	baa6；(古)通疲 罷弊
99	芭	芭	baa1	baa1	baa1
100	霸	霸	baa3 霸王，惡霸	baa3 霸王，惡霸	baa3
101	靶	靶	baa2	baa2	baa2
102	垻	坝	baa3 平川	baa3 平川	baa3
103	欛	把	baa3 刀欛（口語稱刀柄）	baa3 刀欛（口語稱刀柄）	baa3
104	笆	笆	baa1	baa1	baa1
105	葩	葩	baa1 奇葩，讀同巴,(又)paa1 本讀	baa1 奇葩，讀同巴,(又)paa1 本讀	baa1
106	灞	灞	baa3	baa3	baa3
107	粑	粑	baa1 餈粑，糌粑	baa1 餈粑，糌粑	baa1
108	舥	舥	baa1,(又)paa1	baa1,(又)paa1	paa1
109	蚆	蚆	baa1	baa1	baa1
110	岜	岜	baa1	baa1	baa1
111	羓	羓	baa1 牛肉～，牛肉乾，俗作牛肉巴	baa1 牛肉～，牛肉乾，俗作牛肉巴	baa1
112	䰾	鲃	baa1	baa1	baa1
113	峇	峇	baa1 峇厘島,hap6 岌峇	baa1 峇厘島,haap6 岌峇	baa1,hap6
114	豝	豝	baa1	baa1	baa1
115	夿	夿	baa1 奤夿屯	baa1 奤夿屯	baa1
116	䶕	𫜨	baa6	baa6	baa6
117	拜	拜	baai3 拜佛，禮拜，拜山（掃墓），拜拜（祭拜）,(外)baai1 ～拜[pai33]，再見，英語bye-bye	baai3 拜佛，禮拜，拜山（掃墓），拜拜（祭拜）,(外)baai2 拜[pai55]～，再見，英語bye-bye	baai3
118	擺	摆	baai2 擺放	baai2 擺放	baai2
119	湃	湃	baai3 澎湃，讀同拜,(又)paai3 本讀	baai3 澎湃，讀同拜,(又)paai3 本讀	baai3
120	敗	败	baai6	baai6	baai6
121	掰	掰	baai1 晚起字，掰開,(訓)maak3 訓讀擘,(訓)mik1 又音，訓讀擘	baai1 晚起字，掰開,(訓)maak2 訓讀擘,(訓)mak2 又音，訓讀擘,(訓)mik2 又音，訓讀擘	baai1
122	襬	摆	baai2 下襬	baai2 下襬	baai2
123	捭	捭	baai2	baai2	baai2
124	稗	稗	baai6 稗官，稗草,(又)bai2	baai6 稗官，稗草,(訓)wang1 ～子，稗子，疑本字菵，明母讀如匣母	bai6
125	㗑	㗑	baai3	baai3	baai3
126	韛	𫖔	baai6	baai6	baai6,bai6
127	蔔	卜	baak6 蘿蔔	bak6 蘿蔔	baak6
128	僰	僰	baak6	bak6	baak6
129	踣	踣	baak6	bak6	baak6
130	伯	伯	baak3	biak2	baak3；(古)baa3五伯
131	白	白	baak6	biak6	baak6
132	百	百	baak3	biak2	baak3
133	佰	佰	baak3	biak2	baak3
134	帛	帛	baak6 玉帛，帛書,(常)pok3 俗讀，讀同朴,(又)bok6,(又)paak3	biak6 玉帛，帛書	baak6
135	薜	薜	baak3 當歸；山麻,bai6 薜荔	biak2 當歸；山麻,bai6 薜荔	baak3,bai6
136	鮊	鲌	baak6	biak6	baak6
137	湴	湴	baan6 淤泥，爛～田，爛泥田，又作埿字	baam6 淤泥，爛～田，爛泥田，又作埿字	baan6
138	埿	埿	baan6 同湴字，淤泥，爛～田，爛泥田	baam6 同湴字，淤泥，爛～田，爛泥田	baan6
139	𦝤	𦝤	baan6,(語)bam6 虛胖	baam6	baan6
140	辦	办	baan6	baan6	baan6
141	扮	扮	baan6	baan6	baan6；(又)baan3
142	扳	扳	baan2 扳手,paan1 通攀字,(白)maan1 扳倒，扳回；通攀字，攀、扶	baan2 扳手,paan1 通攀字,(白)maan1 扳倒，扳回；通攀字，攀、扶	baan2；通攀
143	斑	斑	baan1 斑點，雀斑（口語稱墨子）	baan1 斑點，雀斑（口語稱麻雀斑）	baan1
144	板	板	baan2 黑板，石板，腳板薯	baan2 黑板，石板，腳板薯,(白)paan2 手～心，手掌心，腳～心，腳掌心	baan2
145	闆	板	baan2 老闆	baan2 老闆	baan2
146	版	版	baan2	baan2	baan2
147	班	班	baan1	baan1	baan1
148	瓣	瓣	baan6	baan6	faan6；(又)baan6
149	頒	颁	baan1	baan1	baan1
150	阪	阪	baan2	baan2	baan2
151	瘢	瘢	baan1 瘢痕，讀同斑/癍，古讀同盤	baan1 瘢痕，讀同斑/癍，古讀同盤	baan1
152	鈑	钣	baan2	baan2	baan2
153	坂	坂	baan2	baan2	baan2
154	癍	癍	baan1	baan1	baan1
155	攽	攽	baan1,(又)ban1	baan1,(又)ban1	baan1,ban1
156	昄	昄	baan2	baan2	baan2,baan6
157	𨭉	𨭉	baan1	baan1	baan1
158	舨	舨	baan2 舢舨，同舢板	baan2 舢舨，同舢板	baan2
159	斒	斒	baan1	baan1	baan1
160	蝂	蝂	baan2	baan2	baan2
161	𢴬	𢴬	baan3 摔、摔打	baan3 摔、摔打	baan6
162	乓	乓	(白)baang1 乒乓球,(文)bong1	baang1 乒乓球	pong1；(又)bam1
163	甏	甏	baang6 甕,(語)paang1 同㼞字，搪瓷或金屬大碗	bang6 甕	bong3
164	拔	拔	baat6 拔河，選拔,(白)bet6 罕讀	baat6 拔河，選拔	bat6
165	跋	跋	baat6 題跋，跋扈,(白)bet6 罕讀,(語)paat6 仰/坐/睡～躠[ɬat2]，仰八叉/癱坐/癱睡貌；扁～剌[lat2]，扁貌，又作扁叭[pʰa21/pʰɛ21]啦[la21/lɛ21]	baat6 題跋，跋扈	bat6
166	捌	捌	baat3 無齒杷；八字大寫,(白)bet3 八字大寫	baat2	baat3
167	魃	魃	baat6	baat6	bat6
168	鮁	鲅	baat6	baat6	bat6
169	朳	朳	baat3	baat2	baat3
170	胈	胈	baat6	baat6	bat6
171	菝	菝	baat6	baat6	bat6
172	妭	妭	baat6	baat6	bat6
173	茇	茇	baat6 草根,pui3 白色的凌霄花	baat6 草根,pui3 白色的凌霄花	bat6,pui3
174	鼥	鼥	baat6	baat6	bat6
175	炦	炦	baat6 火氣；詞綴，熱～～，熱得很	baat6 火氣	bat6
176	鈸	钹	baat6 銅鈸，鐃鈸	but6 銅鈸，鐃鈸	bat6
177	褒	褒	(白)baau1 褒獎，褒貶,(文)bu1	baau1 褒獎，褒貶	bou1
178	鮑	鲍	baau1 鮑魚；姓	baau1 鮑魚；姓	1)baau1:鮑魚，姓鮑 2)baau6:鮑魚之肆，姓鮑
179	枹	枹	baau1 枹樹,fu1 鼓槌	baau1 枹樹,fu1 鼓槌	baau1,fu1
180	閉	闭	bai3 關閉，閉幕；巴～，事多、隆重，當源自把柄,(又)bi3	bai3 關閉，閉幕；巴～，辛勞，當源自把柄	bai3
181	陛	陛	bai6 陛下，階陛,(又)bi6	bai6 陛下，階陛,(又)bi6	bai6
182	鐾	鐾	bai6 鐾刀布，鐾刀,(又)bi6 讀同避	bai6 鐾刀布，鐾刀,(又)bui6 讀同背	bai3
183	坒	坒	bai6,(又)bi6	bai6,(又)bi6	bai6,bei6
184	狴	狴	bai6	bai6	bai6
185	梐	梐	bai6	bai6	bai6
186	幣	币	bai6 貨幣，錢幣,(又)bi6	bi6 貨幣，錢幣	bai6
187	北	北	bak1	bak2	bak1
188	泵	泵	(外)bam1 水泵，英語pump	(外)bam1 水泵，英語pump,(語)bam3 ～水筒，竹製唧筒；沉水～，水泵	bam1
189	奔	奔	ban1 奔跑；投奔	ban1 奔跑；投奔	ban1
190	賓	宾	ban1	ban1	ban1
191	彬	彬	ban1	ban1	ban1
192	濱	滨	ban1	ban1	ban1
193	稟	禀	ban2 稟告，回稟,lam2 同廩字	ban2 稟告，回稟,lam5 同廩字	1)ban2:稟告 2)lam5:倉稟
194	笨	笨	ban6 笨拙，蠢笨,(白)man5 鈍，刀～、針～	ban6 笨拙，蠢笨,(白)man5 鈍，刀～、針～	ban6
195	繽	缤	ban1	ban1	ban1
196	鬢	鬓	ban3 鬢角，兩鬢,(常)ban1 俗讀，讀同賓	ban3 鬢角，兩鬢,(常)ban1 俗讀，讀同賓	ban3
197	斌	斌	ban1	ban1	ban1
198	儐	傧	ban3 儐相,ban1 尊敬	ban3 儐相,ban1 尊敬	ban3
199	檳	槟	ban1 檳榔	ban1 檳榔	ban1
200	殯	殡	ban3 出殯，殯儀,(常)ban1 俗讀，讀同賓	ban3 出殯，殯儀,(常)ban1 俗讀，讀同賓	ban3
201	臏	膑	ban1 同髕字；孫臏	ban1 同髕字；孫臏	ban3
202	坌	坌	ban6 灰塵；聚集,(白)man1 灰塵大；～塵，煙塵、灰塵；案，古文作塵坌，《續資治通鑑·宋神宗元豊四年》塵坌四起，居人駭散	ban6 灰塵；聚集,(白)pan3 灰塵大；～塵，煙塵、灰塵；案，古文作塵坌，《續資治通鑑·宋神宗元豊四年》塵坌四起，居人駭散	ban6
203	擯	摈	ban3 擯棄，擯除	ban3 擯棄，擯除	ban3
204	栟	栟	ban1 栟茶,bing1 栟柑，栟櫚	ban1 栟茶,bing1 栟柑，栟櫚	ban1,bing1
205	玢	玢	ban1 玉名,fan1 賽璐玢	ban1 玉名,fan1 賽璐玢	ban1,fan1
206	豳	豳	ban1	ban1	ban1
207	錛	锛	ban1	ban1	ban1
208	鑌	镔	ban1	ban1	ban1
209	髕	髌	ban1 髕骨，讀同賓	ban1 髕骨，讀同賓	ban3
210	犇	犇	ban1	ban1	ban1
211	邠	邠	ban1	ban1	ban1
212	倴	倴	ban6	ban6	ban6
213	捹	捹	ban3 手亂貌；〈語〉旋轉，～螺[lɔ55]螺[lɔ55]，團團轉，～孖辮，梳辮子，俗字擯	ban3 手亂貌；〈語〉旋轉，～螺[lo55]螺[lo55]，團團轉，俗字擯	fing6,ban3
214	崩	崩	bang1 崩塌，山崩	bang1 崩塌，山崩	bang1
215	繃	绷	bang1 繃帶，緊繃，繃着臉；脹～～，脹鼓鼓,(白)mang1 繃緊，面～，繃着臉、生氣，～得緪[kɐŋ55]，繃得緊；詞綴，乾～～，乾貌，與擘對轉,(白)baang1 橫～繃[paŋ33]，蠻橫；韌[jɐŋ33]～～，（肉食等）韌；案，明·黃溥《閑中今古錄摘抄》，衣裳糨得硬繃繃,(語)bang2 ～耿，古板，後字調類化	bang1 繃帶，緊繃，繃着臉,(白)mang3 繃緊，面～，繃着臉、生氣；～亢[kʰɐŋ55]，暴躁；癒合，傷口～喇,(白)bang3 詞綴，脹～～，脹鼓鼓	1)bang1:繃帶 2)mang2:繃著個臉
216	蹦	蹦	bang1	bang1	bang1；(又)baang6
217	堋	堋	bang3 喪葬下土,pang4 分水堤壩	bang3 喪葬下土,bang4 分水堤壩	pang4
218	嘣	嘣	bang1 象聲詞,(語)bang4 象聲詞，～一聲,(語)pam1 清脆的迸裂聲,(語)pam4 沉悶的迸裂聲	bang1 象聲詞,(語)pam1 象聲詞，～一聲，爆竹響喇,(語)pam4 象聲詞，～一槍打中喇,(語)bem4 象聲詞，啤[pi21]哩[li21]～咧[le21]，鞭炮聲,(語)pem4 象聲詞，～一槍，打中喇	bang1
219	鏰	镚	bang1	bang1	bang1
220	祊	祊	bang1	bang1	bang1
221	嗙	嗙	bang1 喝聲；嗙喻,bong2 自誇；吹牛,(語)baang1 象聲詞；詞綴，聾～～、聾～嗙[paŋ33]，聾得很	bang1 喝聲；嗙喻,baang2 自誇；吹牛,(語)paang1 象聲詞；詞綴，聾[lœŋ53]～～，聾得很	bang1,pong3
222	絣	絣	bang1 振繩墨,(白)mang1 拉、扯、拔，俗字掹	bang1 振繩墨,(白)mang1 拉、扯、拔，俗字掹	maang1,bang1,bing3
223	不	不	bat1 不能，不鏽鋼,fau2 同否字	bat2 不能，不鏽鋼,fau2 同否字	bat1
224	畢	毕	bat1	bat2	bat1
225	筆	笔	bat1 筆記，水筆（即自來水筆、鋼筆）	bat2 筆記，水筆（即自來水筆、鋼筆）	bat1
226	弼	弼	bat6	bat6	bat6
227	嗶	哔	bat1	bat2	bat1
228	篳	筚	bat1	bat2	bat1
229	蓽	荜	bat1	bat2	bat1
230	蹕	跸	bat1	bat2	bat1
231	鈈	钚	bat1	bat2	bat1
232	苾	苾	bat6 苾苾,bit6 菜名	bat6 苾苾,bit6 菜名	bat6,bit6,bit1
233	邲	邲	bat6 古地名；姓,bin6 水名,bi3 好貌	bat6 古地名；姓,bin6 水名,bi3 好貌	bat6,bei3,bin6
234	滭	滭	bat1 泉出貌；〈語〉舀、盛，～湯、～飯，舀液體出盛器的狀態似泉水漫出，故稱，俗字𢳂，又或撥字，上古月部，另一說本字拂/潷	bat2 泉出貌；〈語〉舀、盛，～湯、～飯，舀液體出盛器的狀態似泉水漫出，故稱，俗字𢳂，又或撥字，上古月部，另一說本字拂/潷	bat1
235	饆	𮩛	bat1	bat2	bat1
236	㞎	㞎	(白)be2 㞎[pɛ21]～，屎，童語,(文)baa2 㞎[pa21]～，屎	baa5 㞎[pa21]～，屎，童語,(又)be5 㞎[pe21]～，屎	baa2
237	啤	啤	be1 啤酒，德語bier,(語)bi1 詞綴，青～～，青青的、（臉色）蒼白,(語)bi4 象聲詞，～哩[li21]叭[pa21]啦[la21]，鞭炮聲、雨聲，～哩[li21]穙稑，敲打聲、爆裂聲	be1 啤酒，德語bier,(語)bi4 象聲詞，～哩[li21]嘣[pɛm21]咧[le21]，鞭炮聲，～哩[li21]叭[pa21]啦[la21]，鞭炮聲、雨聲	be1
238	唄	呗	be6 語氣詞，本讀,baai6 唄唱，梵唄,bui3 用於人名、物名、地名，讀同貝，地名多見於西藏、雲南、湖南等省，物名則多見於電子產品或公司名,(白)we6 語氣詞，表不過如此或讓步，實爲唄[pɛ22]的弱讀（即[p-]➔[w-]），本讀口語已不用，俗字𠹁，你來～	be6 語氣詞，本讀,baai6 唄唱，梵唄,bui3 用於人名、物名、地名，讀同貝，地名多見於西藏、雲南、湖南等省，物名則多見於電子產品或公司名,(白)we6 語氣詞，表不過如此或讓步，實爲唄[pe22]的弱讀（即[p-]➔[w-]），本讀口語已不用，俗字𠹁，你想去就去～	baai6,be6
239	屄	屄	(白)be1 女陰，㞓～，女陰，源自牝，谿谷也,(文)bi1 吹牛屄（口語用車大炮、鑿大、礊大）	(白)be1 女陰，源自牝，谿谷也,(文)bi1 吹牛屄（口語用扯大炮）	bei1
240	匾	匾	(白)ben2 牌匾，匾額,(文)bin2	(白)ben2 牌匾，匾額,(文)bin2	bin2
241	扁	扁	(白)ben2 扁擔，壓扁，扁桃體；打、揍，又作揙字,pin1 扁舟；扁桃（樹/果），又作偏字；案，本地所指的扁桃是嶺南的一種果樹及其果實，與杧果同爲漆樹科杧果屬常綠大喬木，並非薔薇科的巴旦杏，見2014年王銀田《『巴丹』攷》和1985年《廣西特產風味指南》P70-71,(文)bin2	(白)ben2 扁擔，壓扁，扁桃體；打、揍，又作揙字,pin1 扁舟；扁桃（樹/果），又作偏字；案，本地所指的扁桃是嶺南的一種果樹及其果實，與杧果同爲漆樹科杧果屬常綠大喬木，並非薔薇科的巴旦杏，見2014年王銀田《『巴丹』攷》和1985年《廣西特產風味指南》P70-71,(文)bin2	1)bin2:扁鼻 2)pin1:扁舟
242	貶	贬	(白)ben2 貶值，褒貶,(文)bin2	(白)ben2 貶值，褒貶,(文)bin2	bin2
243	稨	稨	(白)ben2 稨豆,(文)bin2	(白)ben2 稨豆,(文)bin2	bin2
244	藊	藊	(白)ben2 藊豆,(文)bin2	(白)ben2 藊豆,(文)bin2	bin2
245	柄	柄	(白)beng3 名詞，刀～，刀欛兒,(文)bing3 量詞，把	(白)biang3 名詞，刀～，刀欛兒,(文)bing3 量詞，把	beng3
246	病	病	beng6	bing6	beng6；(又)bing6
247	餅	饼	beng2	bing2	beng2
248	八	八	(白)bet3 八卦，八仙，僅作數字時讀；～匹馬、～騎馬，猜碼口令，數字八,(文)baat3 豬八怪（豬八戒），王八（口語稱水魚）；用於翻譯的人名，八神庵、八神太一	baat2 八卦，八仙，豬八戒；～匹馬，猜碼口令，數字八	baat3
249	包	包	(白)beu1 打包，書包，皮包，麻包袋，包糉，一包糖,(文)baau1 包工，包辦，包圍，包括，包公，麪包，豬油包	baau1 包圍，包括，麪包，打包	baau1
250	爆	爆	(白)beu3 爆炸，引爆，爆炒，多用於破裂、迸出或烹調義,(文)baau3 爆料，爆紅，爆棚，多用於突然發生或超出負荷義；〈語〉漂亮，～蘭[lan55]，俗稱漂亮女子，意即靚爆鏡的蘭,(又)bu6 爆炸，讀同暴	baau3 爆炸，引爆，爆料，爆坼（裂開）,(又)baau6 爆炸，讀同暴	baau3
251	胞	胞	(白)beu1 胞胎，胞衣,(文)baau1 細胞，同胞	baau1 胞胎，細胞	baau1
252	苞	苞	(白)beu1 花苞,(文)baau1	baau1 花苞	baau1
253	豹	豹	(白)beu3 虎豹，豹子,(文)baau3,(又)peu3,(又)paau3	baau3 虎豹，豹子	paau3
254	飽	饱	(白)beu2 食飽（吃飽），飽嗮（飽了）,(文)baau2 飽和，飽學	baau2 吃飽，飽和	baau2
255	孢	孢	(白)beu1 孢子,(文)baau1	baau1 孢子	baau1
256	趵	趵	(白)beu3 跳躍；趵突泉,bok3 足擊聲；足擊,(文)baau3	baau3 跳躍；趵突泉,baak2 足擊聲；足擊	paau3
257	齙	龅	(白)beu6 齙牙,(文)baau6	(白)beu6 齙牙,(文)baau6	baau6
258	骲	骲	(白)beu6 用力擠,(文)baau6	(白)beu6 用力擠,(文)baau6	baau6
259	卑	卑	bi1	bai1	bei1
260	悲	悲	bi1	bai1	bei1
261	碑	碑	bi1	bai1	bei1
262	裨	裨	bi1 裨益,pi4 裨將	bai1 裨益,bi4 裨將	1)bei1:裨益 2)pei4:裨將
263	箅	箅	bi6 箅子	bai6 箅子	bei3
264	篦	篦	bi6 篦子，篦頭	bai6 篦子，篦頭	bei6
265	羆	罴	bi1	bai1	bei1
266	陂	陂	bi1 山陂，陂塘,pi4 地名，黃陂（在湖北）,po1 陂陀	bai1 山陂，陂塘,bi4 地名，黃陂（在湖北）,po1 陂陀	bei1,pei4,bo1
267	椑	椑	bi1 椑柿,pi4 椑榼	bai1 椑柿,bi4 椑榼	bei1,pei4
268	萆	萆	bi1 萆薢	bai1 萆薢	bei1
269	鵯	鹎	bi1	bai1	bei1
270	鼻	鼻	bi6 鼻子，鼻涕	(白)bat6 鼻子，鼻涕,(文)bi6	bei6
271	匕	匕	bi3	bi3	bei3；(又)bei2
272	備	备	bi6 準備，備用	bi6 準備，備用	bei6
273	庇	庇	bi3 包庇，庇護	bi3 包庇，庇護	bei3
274	弊	弊	(習)bi6 作弊，弊病,(書)bai6 作弊，弊病；糟糕	bi6 作弊	bai6
275	憊	惫	bi6 疲憊，憊乏，讀同備	bi6 疲憊，憊乏，讀同備	bei6；(又)baai6
276	比	比	bi2 比較；比鄰，古讀去聲	bi2 比較；比鄰，古讀去聲	1)bei2:比較 2)bei3:比鄰；朋比又讀bei6
277	斃	毙	(習)bi6 槍斃，斃命,(書)bai6	bi6 槍斃，斃命	bai6
278	泌	泌	bi3 分泌，泌尿；地名，泌陽（在河南）,bat1 泌瀄,(白)bet1 象聲詞，擠水濺出，～膿出去，引申爲驅趕，～人出去；～瀄，同義複用，引申爲排斥、開除	bi3 分泌，泌尿；地名，泌陽（在河南）,bat2 泌瀄,(白)bet3 象聲詞，擠水濺出	bei3
279	祕	秘	bi3 祕書，祕密；姓	bi3 祕書，祕密；姓	bei3
280	臂	臂	bi3	bi3	bei3
281	蔽	蔽	(習)bi6 隱蔽，讀同敝,(書)bai3	bi6 隱蔽，讀同敝,(白)bai5 遮、擋，用手～住太陽,(白)be6 ～篷，披身雨篷	bai3
282	被	被	bi6 被動,pi5 棉被，植被	bi6 被動,bi5 棉被，植被	1)pei5:棉被 2)bei6:被動；(古)同披pei1
283	避	避	bi6	bi6	bei6
284	痹	痹	bi3 麻痹	bi3 麻痹	bei3
285	秘	秘	bi3 秘魯；同祕字	bi3 秘魯；同祕字	bei3
286	俾	俾	bi2 使,pai3 俾倪	bi2 使,pai3 俾倪	bei2
287	妣	妣	bi2	bi2	bei2
288	婢	婢	bi6 婢女,(又)pi5	bi6 婢女	pei5
289	敝	敝	(習)bi6 凋敝，敝人,(書)bai6	bi6 凋敝，敝人	bai6
290	賁	贲	bi3 賁臨,ban1 虎賁；姓,fan4 大；三足龜	bi3 賁臨,ban1 虎賁；姓,fan4 大；三足龜	1)bei3:賁臨 2)ban1:虎賁；fan4 宏大
291	轡	辔	bi3	bi3	bei3
292	毖	毖	bi3	bi3	bei3
293	潷	滗	bi3 擋住渣滓或泡着的東西，把液體倒出，讀同泌（兵媚切）,(白)mi3 潷	bi3 擋住渣滓或泡着的東西，把液體倒出，讀同泌（兵媚切），亞杯茶～啲水去,(白)mi3 潷，～啲茶出來	bei3
294	畀	畀	bi2 給	bi2 給，本地用許/與	bei2
295	秕	秕	bi2 秕子	bi2 秕子	bei2
296	蓖	蓖	bi1 蓖麻	bi1 蓖麻	bei1
297	鉍	铋	bi3,(又)bit1	bi3,(又)bit2	bei3,bit1
298	髀	髀	bi2 大腿	bi2 大腿	bei2
299	鞴	鞴	bi6	bi6	bei6
300	庳	庳	bi6 房屋矮小；低窪；有庳	bi6 房屋矮小；低窪；有庳	bei1,pei5
301	沘	沘	bi2	bi2	bei2
302	糒	糒	bi6	bi6	bei6
303	芘	芘	bi3 通庇字,pi4 芘芣,bi2 有機化合物	bi3 通庇字,bi4 芘芣,bi2 有機化合物	bei3,pei4,bei2
304	詖	诐	bi3	bi3	bei3
305	贔	赑	bi6	bi6	bei6
306	鞁	鞁	bi6	bi6	bei6
307	舭	舭	bi2	bi2	bei2
308	痺	痹	bi3 痹的俗字	bi3 痹的俗字	bei3
309	奰	奰	bi6	bi6	bei6
310	骳	骳	bi6	bi6	bei6
311	髲	髲	bi6	bi6	bei6
312	閟	𮤲	bi3	bi3	bei3
313	䠋	䠋	bi2 同髀字,baai1 蹟䠋,(白)bai1 瘸，俗字跛	bi2 同髀字,baai1 蹟䠋,(白)bai1 瘸，俗字跛	bei2,pe5
314	嚊	嚊	bi6 喘息聲	bi6 喘息聲；〈語〉～～咇[pɛt2]咇[pɛt2]，囉唆、嘮叨,(語)byu5 咇[pɐt2]咇[pɐt2]～～，囉唆、嘮叨	bei6
315	壁	壁	bik1	bik2	bik1；(語)bek3
316	璧	璧	bik1	bik2	bik1
317	碧	碧	bik1	bik2	bik1
318	逼	逼	bik1	bik2	bik1
319	愎	愎	bik1	bik2	bik1
320	襞	襞	bik1	bik2	bik1
321	皕	皕	bik1	bik2	bik1
322	鰏	鲾	bik1	bik2	bik1
323	愊	愊	bik1	bik2	bik1
324	湢	湢	bik1 浴室	bik2 浴室	seon4,bik1
325	腷	腷	bik1	bik2	bik1
326	躄	躄	bik1	bik2	bik1
327	煏	煏	bik1 用火烤	bik2 火勢逼人，火太～多；～馬筒，子彈殼、子彈筒	bik1
328	辮	辫	bin1 髮辮，辮子	(白)ben5 髮辮，辮子,(文)bin5	bin1
329	便	便	bin6 方便，便利；邊、面，東～、兩～,pin4 便宜，大腹便便,(白)bin2 順便，隨便	bin6 方便，便利，順便，隨便,bin4 便宜，大腹便便	1)bin6:方便 2)pin4:大腹便便
330	變	变	bin3	bin3	bin3
331	辨	辨	bin6	bin6	bin6
332	辯	辩	bin6	bin6	bin6
333	邊	边	bin1 旁邊，邊緣,(白)ben1 一/半～，半邊，破～，剖開兩半	bin1 旁邊，邊緣	bin1
334	鞭	鞭	bin1	bin1	bin1
335	卞	卞	bin6	bin6	bin6
336	弁	弁	bin6	bin6	bin6；(古)pun4 小弁
337	砭	砭	bin1 鍼砭	bin1 鍼砭	bin2；(又)bin1
338	忭	忭	bin6	bin6	bin6
339	抃	抃	bin6	bin6	bin6
340	汴	汴	bin6	bin6	bin6
341	籩	笾	bin1	bin1	bin1
342	褊	褊	bin2 褊狹,pin4 褊褼	bin2 褊狹,bin4 褊褼	bin2,pin4
343	苄	苄	bin6	bin6	bin6
344	鯿	鳊	bin1 鯿魚	bin1 鯿魚	bin1
345	碥	碥	bin2	bin2	bin2
346	萹	萹	bin1 萹蓄,(白)ben2 萹豆,(文)bin2	bin1 萹蓄,(白)ben2 萹豆,(文)bin2	bin1
347	昪	昪	bin6	bin6	bin6
348	𨚕	𨚕	bin6	bin6	bin6
349	窆	窆	bin2	bin2	bin2
350	箯	箯	bin1	bin1	bin1
351	丙	丙	bing2	bing2	bing2
352	乒	乒	bing1 乒乓球	bing1 乒乓球	ping1；(又)bing1
353	兵	兵	bing1	bing1	bing1
354	冰	冰	bing1	bing1	bing1
355	並	并	bing6 並且，並行，兼容並包,(又)bing3,(白)peng5 ～骨，（豬牛羊等的）肋骨、排骨	bing6 並且，並行，兼容並包,(又)bing3,(白)biang5 ～骨，（豬牛羊等的）肋骨、排骨	bing6；(又)bing3
356	併	并	bing3 合併，併入	bing3 合併，併入	bing3
357	并	并	bing6 同並字，並且,bing3 同併字，合併；〈又〉同並字，並且,bing1 并州	bing6 同並字，並且,bing3 同併字，合併；〈又〉同並字，並且,bing1 并州	bing6；(又)bing3 (地名)bing1并州
358	秉	秉	bing2	bing2	bing2
359	摒	摒	bing3 摒棄，摒除,(白)fing3 甩，與揊對轉	bing3 摒棄，摒除	bing3
360	炳	炳	bing2	bing2	bing2
361	迸	迸	bing3 迸裂	bing3 迸裂	bing3
362	邴	邴	bing2	bing2	bing2
363	昺	昺	bing2	bing2	bing2
364	蛃	蛃	bing2	bing2	bing2
365	掤	掤	bing1	bing1	bing1
366	別	别	bit6 離別；區別	bit6 離別；區別	bit6
367	彆	别	bit3 彆扭	bit2 彆扭	bit3
368	必	必	bit1	bit2	bit1
369	憋	憋	bit3	bit2	bit3
370	癟	瘪	bit6 癟陷；癟三,(白)bet6 詞綴，腍[nɐm21]～～，（肉類、瓜果等）軟爛；溶～～、溶～列[lɛt2]、溶～截[tʃɛt2]，（飯、麪條等）軟爛；淺/矮/皺/溼/爛～～，淺/矮/皺/溼/爛貌；案，癟列源自元代的不剌（語尾助詞）	bit6 癟陷；癟三,(白)bet6 腍[nɐm21]～～，（肉類、瓜果等）軟爛,(白)bet3 乾～～，乾而收縮，不豐滿；軟～～，含水分多而軟；溼～～，溼淋淋	bit6
371	鱉	鳖	bit3 魚鱉；吹風～，眼鏡蛇	bit2 魚鱉；吹風～，眼鏡蛇	bit3
372	蹩	蹩	bit6 蹩腳,(常)bit3 蹩腳，後字調類化	bit6 蹩腳	bit6
373	佖	佖	bit1	bit2	bit1
374	咇	咇	bit1 咇茀,bat1 咇㘉,(白)bet6 喃[nam55]～～，囉唆、嘮叨；鴨～～，鴨，童語，又作吡字	bit2 咇茀,bat2 咇㘉,(白)bat6 ～～嚊[py24]嚊[py24]，囉唆、嘮叨,(白)bet6 嚊[pi22]嚊[pi22]～～，囉唆、嘮叨	bit1
375	珌	珌	bit1,(又)bat1	bit2,(又)bat2	bat1,bit1
376	觱	觱	bit1	bit2	bit1
377	馝	馝	bit6	bit6	bit6
378	鼈	鳖	bit3	bit2	bit3
379	䏟	䏟	bit6 肥肉也,(白)bet6 肚～，肚子、腹部；躽[ɛn35]～～，挺（肚、胸）	bit6 肥肉也	haang1
380	彪	彪	biu1	biu1	biu1
381	標	标	biu1	biu1	biu1
382	表	表	biu2 表面	biu2 表面	1)biu2:表面 2)biu1:手表
383	錶	表	biu1 手錶	biu1 手錶	biu1
384	婊	婊	biu2	biu2	biu2
385	鏢	镖	biu1	biu1	biu1
386	鑣	镳	biu1	biu1	biu1
387	驃	骠	biu1 黃白色的馬,piu3 驃勇	biu1 黃白色的馬,piu3 驃勇	1)piu3:驃勇 2)biu1:黃驃馬
388	俵	俵	biu2	biu2	biu2
389	摽	摽	biu1 揮去；拋棄,piu5 落下；緊捆綁,piu1 擊	biu1 揮去；拋棄,biu5 落下；緊捆綁,piu1 擊	biu1,piu5,piu3,piu1
390	杓	杓	biu1 勺子柄,soek6 杯杓	biu1 勺子柄,siak6 杯杓	biu1,soek3
391	膘	膘	biu1 肥膘	biu1 肥膘	biu1
392	臕	膘	biu1 肥臕	biu1 肥臕	biu1
393	裱	裱	biu2	biu2	biu2
394	飆	飙	biu1 狂飆，飆車，發飆；～蛇，痧氣的一種	biu1 狂飆，飆車，發飆	biu1
395	儦	儦	biu1	biu1	biu1
396	瀌	瀌	biu1 雨雪瀌瀌	biu1 雨雪瀌瀌	biu1
397	熛	熛	biu1 火飛	biu1 火飛	biu1
398	瘭	瘭	biu1	biu1	biu1
399	蔈	蔈	biu1	biu1	biu1
400	藨	藨	biu1	biu1	biu1
401	驫	骉	biu1	biu1	biu1
402	幖	幖	biu1	biu1	biu1
403	脿	脿	biu2	biu2	biu2
404	滮	滮	biu1 水流貌；迸射，～汗，猛出汗	biu1 水流貌；迸射，痛得我眼淚～	biu1
405	猋	猋	biu1 犬奔貌；通飆字	biu1 犬奔貌；通飆字	biu1
406	䅺	䅺	biu1 稻田秀出者；〈語〉冒出，～芽，發芽，～青[tʃʰɛŋ55]，突出、出衆	biu1 稻田秀出者；〈語〉冒出，～芽，發芽	biu1
407	播	播	bo3	bo3	bo3
408	波	波	bo1 波浪；〈外〉球，～鞋，英語ball	bo1 波浪；〈外〉球，～鞋，英語ball	bo1
409	玻	玻	bo1 玻璃	bo1 玻璃	bo1
410	菠	菠	bo1 菠菜，菠蘿	bo1 菠菜，菠蘿	bo1
411	跛	跛	bo2 跛足,(訓)bai1 瘸，本字䠋，另一說本字即跛，上古歌部	bo2 跛足,(訓)bai1 瘸，本字䠋，另一說本字即跛，上古歌部	bo2；(語)bai1
412	啵	啵	bo1 象聲詞；助詞	bo1 象聲詞；助詞	bo1
413	嶓	嶓	bo1	bo1	bo1
414	磻	磻	bo1 繳矢所用石塊,pun4 磻溪	bo1 繳矢所用石塊,bun4 磻溪	bo1,pun4
415	𨨏	𬭛	bo1	bo1	bo1
416	簸	簸	bo3 〈名〉簸箕；〈動〉簸米，簸穀,(又)po3 動詞	pu3 〈名〉簸箕；〈動〉簸米,(又)bo2 往地上摔砸，～碗～碟；～三萬（鏝），一種遊戲，用一文銅錢向空中拋，猜哪一面向上賭輸贏,(語)bo4 ～梭[ɬo21]邏，樹冠覆蓋面大，遮陽好	bo3
417	剝	剥	bok3	baak2	mok1
418	雹	雹	bok6 冰雹，雹災,(訓)paau1 冰雹，訓讀泡，該詞也有讀陰去	baak6 冰雹，雹災,(訓)paau3 冰雹，訓讀泡	bok6
419	嚗	嚗	bok3 象聲詞；怒聲,(語)bok1 ～佬，土包子，源自灰撲撲（土氣、不顯眼），撲讀如㩧	baak2 象聲詞；怒聲	bok3
420	㼎	㼎	bok6	baak6	bok6
421	㩧	㩧	bok1 敲，～一棍，與𢷕旁轉	boek3 敲、砸，要石頭～渠，與𢷕旁轉,baak6 拍（翅膀），蒙鷹～翼；案，唐代寫作樸簌、撲簌、撲鹿	bok1
422	博	博	bok3	buk2	bok3
423	搏	搏	bok3 搏鬥，脈搏；～抵，佔便宜，～爛，耍賴，～懵、～亂，趁機、渾水摸魚	buk2 搏鬥，脈搏；～抵，佔便宜，～懵、～亂，趁機、渾水摸魚	bok3
424	膊	膊	bok3 胳膊，肩膊，源自髆；～頭，肩膀，～布，挑擔時肩上墊布	buk2 胳膊，肩膊，源自髆；～頭，肩膀，～布，挑擔時肩上墊布	bok3
425	薄	薄	bok6 厚薄,bo6 薄荷，又作蔢𦽅	buk6 厚薄,bo6 薄荷，又作蔢𦽅	bok6
426	駁	驳	bok3	buk2	bok3
427	箔	箔	bok6	buk6	bok6
428	鉑	铂	bok6	buk6	bok6
429	亳	亳	bok3	buk2	bok3
430	礴	礴	bok6 磅礡	buk6 磅礡	bok6
431	欂	欂	bok3 欂櫨	buk2 欂櫨	bok3
432	鎛	镈	bok3	buk2	bok3
433	壆	壆	bok3 壟	buk2 壟	bok3
434	餺	馎	bok3 餺飥；～鐺[tʃʰaŋ55]，薄烙餅，也說薄鐺，薄爲餺的音變	buk2 餺飥	bok3
435	髆	髆	bok3 肩胛骨	buk2 肩胛骨	bok3
436	㬍	㬍	bok3 暴也；～籮，笸籮；〈語〉阿～，這段時間	buk2 暴也	bok3
437	㿺	㿺	bok1 泡、皰，俗字泡	buk3 泡、皰，俗字泡	pok1
438	傍	傍	bong6 依傍,pong4 傍晚；〈又〉依傍	baang6 依傍,baang4 傍晚	1)bong6:依山傍水 2)pong4:傍晚
439	幫	帮	bong1 幫助，丐幫，一幫；介詞，替，你～我寫封信	baang1 幫助，丐幫，一幫	bong1
440	梆	梆	bong1	baang1	bong1
441	棒	棒	bong6 棍棒，棒球,(又)pong5	baang6 棍棒，棒球	paang5
442	磅	磅	bong6 過磅，磅秤；～水，拿錢來、交錢,pong4 磅礡	baang6 過磅，磅秤,baang4 磅礡	1)bong6:一磅 2)pong4:磅礡
443	綁	绑	bong2	baang2	bong2
444	膀	膀	bong2 肩膀，翅膀,pong4 膀胱,pong1 膀腫	baang2 肩膀，翅膀,baang4 膀胱,paang1 膀腫	1)bong2:肩膀 2)pong4:膀胱
445	謗	谤	bong6 誹謗，謗議,(又)bong2	baang3 誹謗，謗議	pong3
446	邦	邦	bong1	baang1	bong1
447	鎊	镑	bong6	baang6	bong6
448	浜	浜	bong1 小河溝,ban1 同濱字	baang1 小河溝,ban1 同濱字	bong1,ban1
449	𠳐	𠳐	bong1	baang1	bong1
450	塝	塝	bong6	baang6	bong6
451	棓	棓	bong6 棍、杖，後作棒,pui5 五棓子,pau2 躡板,(又)pong5	baang6 棍、杖，後作棒,bui5 五棓子,pau2 躡板	paang5,pui5,pui4,bui6,pau2
452	牓	牓	bong2 同榜字；門牓,(白)paang1 門～，門框兩側，貼對聯用	baang2 同榜字；門牓,(白)piang1 門～，門框兩側，貼對聯用	bong2
453	稖	稖	bong6,(又)pong5	baang6	bong6,paang5
454	榜	榜	bong2 張榜，榜樣	bung2 張榜，榜樣	bong2
455	保	保	bu2	baau2	bou2
456	堡	堡	bu2	baau2	bou2
457	寶	宝	bu2	baau2	bou2
458	報	报	bu3	baau3	bou3
459	暴	暴	bu6 暴雨，粗暴,buk6 曬，後作曝	baau6 暴雨，粗暴,puk2 曬，後作曝	1)bou6:暴動 2)buk6:古同曝
460	褓	褓	bu2 襁褓	baau2 襁褓	bou2
461	煲	煲	bu1 俗字，瓦煲，煲湯，一說本字釜/缶/缹/鍑/褒，另一說英語boil	baau1 俗字，瓦煲，煲湯，一說本字釜/缶/缹/鍑/褒，另一說英語boil	bou1
462	葆	葆	bu2	baau2	bou2
463	鴇	鸨	bu2	baau2	bou2
464	菢	菢	bu6 孵	baau6 孵	bou6
465	虣	虣	bu6	baau6	bou6
466	佈	布	bu3 佈置，佈告	bu3 佈置，佈告	bou3
467	布	布	bu3 布匹，紅布	bu3 布匹，紅布	bou3
468	怖	怖	bu3 恐怖	bu3 恐怖	bou3
469	步	步	bu6	bu6	bou6
470	簿	簿	bu6	bu6	bou6；(語)bou2
471	補	补	bu2	bu2	bou2
472	部	部	bu6	bu6	bou6
473	埔	埔	bu2 地名，黄埔（在廣東），大埔（在廣東），大埔嶺（在南寧江南區），讀同補；案，作地名的埔多與埠/埗同源，源自步的分化字，見張洪年、片岡新《早期香港地圖中的『埔』》，覃鳳餘、林亦《壯語地名的語言和文化》P245-250，本應讀同步，廣東讀陰去是受閩客影響，而南寧受形近字補影響已習讀陰上,pu2 國名，柬埔寨	bu2 地名，黄埔（在廣東），大埔（在廣東），大埔嶺（在南寧江南區），讀同補；案，作地名的埔多與埠/埗同源，源自步的分化字，見張洪年、片岡新《早期香港地圖中的『埔』》，覃鳳餘、林亦《壯語地名的語言和文化》P245-250，本應讀同步，廣東讀陰去是受閩客影響，而南寧受形近字補影響已習讀陰上	bou3
474	晡	晡	bu1	bu1	bou1
475	逋	逋	bu1	bu1	bou1
476	埗	埗	bu6 同埠字；地名用字	bu6 同埠字；地名用字	bou6
477	蔀	蔀	bu6	bu6	bou6
478	鵏	𬷕	bu6	bu6	bou2,bou6
479	峬	峬	bu1	bu1	bou1
480	餔	𫗦	bu1 申時食也,bu3 餹餔，餔子	bu1 申時食也,bu3 餹餔，餔子	bou1,bou3
481	㘵	㘵	bu3	bu3	bou3
482	庯	庯	bu1	bu1	bou1
483	悖	悖	bui6	bui6	bui6
484	杯	杯	bui1	bui1	bui1
485	盃	杯	bui1 獎盃	bui1 獎盃	bui1
486	狽	狈	bui3	bui3	bui3
487	背	背	bui6 背書，耳背，背靜,bui3 背脊，後背，背陰，背風,(語)bai3 ～時、～巧[kʰiu33]，倒楣，又作閉時、閉竅，官話借詞	bui6 背書，耳背，背靜,bui3 背脊，後背，背陰，背風,(語)bai3 ～時、～腏[tʃʰot2]，倒楣，又作閉時、閉腏[tʃʰot2]，官話借詞	1)bui3:背後 2)bui6:背書
488	貝	贝	bui3	bui3	bui3
489	輩	辈	bui3	bui3	bui3
490	焙	焙	bui6 焙乾	bui6 焙乾	bui6
491	褙	褙	bui3	bui3	bui3
492	邶	邶	bui3	bui3	bui3
493	鋇	钡	bui3	bui3	bui3
494	浿	𬇙	bui3	bui3	bui3
495	揹	揹	bui3 同背字，揹負，揹槍	bui3 同背字，揹負，揹槍	bui3
496	桮	桮	bui1	bui1	bui1
497	誖	誖	bui6 言亂,(語)bui1 吹捧、哄，或爲捧吹的合音	bui6 言亂,(語)bui1 吹捧、哄，或爲捧吹的合音	bui6
498	梖	𪱷	bui3	bui3	bui3
499	曝	曝	buk6 曝曬，曝光,(常)bu6 俗讀，讀同暴	puk2 曝曬，曝光	buk6
500	瀑	瀑	buk6 瀑布,bu6 水名，瀑河；〈常〉瀑布	puk2 瀑布,baau6 水名，瀑河	buk6
501	蹼	蹼	buk6	puk2	buk6；(又)pok3
502	濮	濮	buk6	puk2	buk6
503	卟	卟	buk1 卟吩,(語)bap6 象聲詞，～～聲，卟卟響；～聲跌落地；跳～～，心跳聲；拍～～，卟卟地拍，與踏旁轉（定母讀如並母）；案，心跳聲元曲寫作撲撲/丕丕,(語)pap6 拍打衣服聲	puk2 卟吩	buk1
504	鏷	镤	buk6	puk2	buk6
505	穙	穙	buk6 穀積也；〈量〉把、串，兩～，兩串，一～稑[lʊk2]，一嘟嚕，與唪對轉，穙稑實爲穙的分音；風～，風疹塊、蕁痲疹	puk2 穀積也,(白)boek6 量詞，把、串，兩～，兩串，與唪對轉	buk6
506	伴	伴	bun6 伴侶，夥伴，伴隨，陪伴，結伴,(白)pun5 作伴，有伴，好伴	bun5 伴侶，作伴	bun6
507	半	半	bun3	bun3	bun3
508	拌	拌	bun6 攪拌，拌嘴，本字秚,pun3 捨棄，後作拚/判	bun5 攪拌，拌嘴，本字秚,pun3 捨棄，後作拚/判	pun3
509	搬	搬	bun1	bun1	bun1
510	本	本	bun2	bun2	bun2
511	畔	畔	bun6 湖畔，耳畔	bun6 湖畔，耳畔	bun6
512	絆	绊	bun6 絆腳石，絆倒，讀同拌	bun3 絆腳石，絆倒	bun6
513	般	般	bun1 一般，百般,bo1 般若,pun4 般樂	bun1 一般，百般,bo1 般若,bun4 般樂	bun1；1)(古人名)baan1公輸般 2)(佛經語)bo1波若
514	畚	畚	bun2	bun2	bun2
515	苯	苯	bun2	bun2	bun2
516	靽	靽	bun3	bun3	bun3
517	甭	甭	bung2	boeng2	bung2
518	琫	琫	bung2	boeng2	bung2
519	玤	玤	bung2	boeng2	bung2
520	埲	埲	bung6 塵起貌	boeng6 塵起貌	bung6
521	菶	菶	bung2 菶菶	boeng2 菶菶	bung2
522	勃	勃	but6	but6	but6
523	撥	拨	but6 撥開，點撥,(白)put3 搧，～扇，搧扇子	but6 撥開，點撥,(語)bot6 ～剌[lot2]子，小蝌蚪，撥剌本指魚尾撥水聲，又作撥喇/拔剌/鱍剌/跋剌	but6
524	渤	渤	but6	but6	but6
525	脖	脖	but6	but6	but6
526	荸	荸	but6 荸薺（源自葧臍，口語稱馬蹄）	but6 荸薺（源自葧臍，口語稱馬蹄）	but6
527	孛	孛	but6 同勃字；姓,bui6 彗星	but6 同勃字；姓,bui6 彗星	but6,bui6
528	餑	饽	but6 麪餑	but6 麪餑	but6
529	鵓	鹁	but6	but6	but6
530	鉢	钵	but3 鉢盂，衣鉢	but2 鉢盂，衣鉢	but3
531	哱	哱	but6	but6	but6
532	桲	桲	but6	but6	but6
533	浡	浡	but6	but6	but6
534	砵	砵	but3 地名用字；同鉢字,(語)but1 汽笛聲、汽車喇叭聲；～～車，汽車，童語，與突[tut5]旁轉（定母讀如並母）,(語)bot1 又音	but2 地名用字；同鉢字,(語)bot2 ～～車，對小孩兒稱汽車，與突[tot5]旁轉（定母讀如並母）	but3
535	襏	袯	but6	but6	but6
536	馞	馞	but6	but6	but6
537	缽	钵	but3 同鉢字	but2 同鉢字	but3
538	葧	葧	but6	but6	but6
539	鱍	𱇣	but3	but2	but3
540	𦤣	𦤣	but6 臭敗氣,(語)bot6 屁聲，～一隻屁，放一個屁，屙屁～～，不停放屁	but6 臭敗氣,(語)bot6 屁聲,(語)bot5 又音	but6
541	叉	叉	caa1	caa1	caa1
542	岔	岔	caa3 岔路	caa3 岔路	caa3
543	差	差	caa1 差別，誤差,caai1 出差,ci1 參差，俗讀差別之差,(老派)cy1 參差	caa1 差別，誤差；～頸，落枕,caai1 出差,ci1 參差，俗讀差別之差	1)caa1:差異 2)caai1:差遣 3)ci1:參差
544	詫	诧	caa3	caa3	caa3
545	奼	姹	caa3	caa3	caa3
546	杈	杈	caa1 枝杈，枒杈	caa1 枝杈，枒杈,(白)njaa3 觸[ȵœk5]枝[ȵi55]觸[ȵœk5]～，活絡、不穩固，俗作逳枝逳杈	caa3
547	汊	汊	caa3	caa3	caa3
548	衩	衩	caa3	caa3	caa3
549	鑔	镲	caa2 小鈸，也泛指鈸,(語)cem2 ～～，小鈸，本字鍖,(語)cam2 鑔聲，本字鍖	caa2 小鈸，也泛指鈸	caa2
550	侘	侘	caa3	caa3	caa3
551	蹅	蹅	caa1 踏,zaa1 足蹋聲	caa1 踏,zaa1 足蹋聲	caa1
552	扠	扠	caa1	caa1	caa1
553	㤞	㤞	caa3	caa3	caa3
554	查	查	caa4 調查，查證；瞢～～，模模糊糊，明代小說《西遊記》作夢夢查查，夢與瞢通,zaa1 同楂字；姓,(又)slaa4 瞢～～，模模糊糊	zaa4 調查，查證,zaa1 同楂字；姓,(白)slaa4 麻～，黃昏；案，元曲作麻查，唐宋作麻茶，皆表模糊、迷蒙貌	caa4；zaa1姓查
555	茶	茶	caa4	zaa4	caa4
556	茬	茬	caa4 麥茬,ci4 草盛貌；姓,(老派)cy4	zaa4 麥茬,zi4 草盛貌；姓	caa4,ci4
557	搽	搽	caa4 搽藥，搽粉	zaa4 搽藥，搽粉	caa4
558	槎	槎	caa4 木筏,zaa6 逆斫木；〈語〉砑～，佔地、霸道	zaa4 木筏,zaa6 逆斫木；〈語〉用荊棘攔住或蓋住，～住園門，冇許雞落去；～地方、～處，佔地方	caa4
559	碴	碴	caa4 找碴，冰碴，拉碴	zaa4 找碴，冰碴，拉碴	zaa1
560	嵖	嵖	caa4	zaa4	caa4
561	餷	馇	caa4	zaa4	caa4
562	𥻗	𥻗	caa4	zaa4	caa4
563	垞	垞	caa4	zaa4	caa4
564	猜	猜	caai1	caai1	caai1
565	踩	踩	caai2 踩踏，本字跐；〈語〉禽類交配,(白)jaai2 踩單車	caai2 踩踏，本字跐；〈語〉～母，禽類交配,(白)njaai2 踩單車	caai2；(又)coi2
566	踹	踹	caai2 踩,cyun2 足跟,(白)jaai2	caai2 踩,cyun2 足跟,(白)njaai2	caai2
567	釵	钗	caai1	caai1	caai1
568	嘬	嘬	caai3 咬；吃,zyut1 俗字，吮吸，本字㰵,(白)jaai3 嚼	caai3 咬；吃,zat2 俗字，吮吸，本字㰵,(白)njaai3 嚼	caai3,zyut3
569	搋	搋	caai1 搓揉，～麪	caai1 搓揉，～麪	caai1
570	蠆	虿	caai3	caai3	caai3
571	瘥	瘥	caai3 病癒,co4 病疫	caai3 病癒,zo4 病疫	caai3,co4
572	䦟	䦷	caai2	caai2	caai2
573	柴	柴	caai4 柴火，木柴	saai4 柴火，木柴	caai4
574	豺	豺	caai4 豺狼,(常)coi4 俗讀，讀同才/材	zaai4 豺狼	caai4
575	儕	侪	caai4 同儕	zaai4 同儕	caai4
576	冊	册	caak3	ciak2	caak3
577	拆	拆	caak3 拆開	ciak2 拆開	caak3
578	策	策	caak3	ciak2	caak3
579	吒	咤	caak1 叱吒	ciak2 叱吒,(語)cak3 象聲詞，要米筒～啲米出來，將米筒裏的米抖出來	caak1:叱吒風雲
580	坼	坼	caak3 裂開	ciak2 裂開	caak3
581	簎	簎	caak3 刺也,(白)jak1 刺，～一下，刺一下，已罕用	ciak2 刺也,(白)jak2 引逗，～鬼崽，逗小孩；撩、撥，要筷子～亞條人蔘出來,(白)njak2 用筷子把軟食物掰成小塊	caak3
582	㿭	㿭	caak3 皴	ciak2 皴	caak3
583	䜺	䜺	caak3 豆䜺	ciak2 豆䜺	caak3
584	咤	咤	caak1 叱咤，同叱吒	ciak2 叱咤，同叱吒	caak1
585	箣	箣	caak3	ciak2	caak3
586	參	参	caam1 參加，參觀,sam1 人參（人蔘）,cam1 參差，俗讀參加之參	caam1 參加，參觀,sam1 人參（人蔘）,cam1 參差，俗讀參加之參	1)caam1:參加 2)sam1:參商 3)cam1:參差
587	慘	惨	caam2	caam2	caam2
588	攙	搀	caam1 攙扶,(白)cem4 刺入，與插對轉，又作鑱/劖字,(文)caam4	caam1 攙扶,zaam4 刺入，與插對轉，又作鑱/劖字	caam1
589	杉	杉	caam3 杉樹，杉木；電燈～，電線杆	caam3 杉樹，杉木	caam3；(又)saam1
590	摻	掺	caam1 摻雜，摻水；同攙字,caam2 執持,caam3 鼓曲名,saam1 摻摻,(白)cam1 ～油、～水、～沙，俗字侵	caam1 摻雜，摻水；同攙字,caam2 執持,caam3 鼓曲名,saam1 摻摻,(白)cam1 ～油、～水、～沙，俗字侵,(白)njam1 量詞，撮，一～毛	caam1,saam1,cam1
591	懺	忏	caam3 懺悔	caam3 懺悔	caam3
592	驂	骖	caam1	caam1	caam1
593	黲	黪	caam2	caam2	caam2
594	儳	儳	caam3 儳言,caam4 不齊	caam3 儳言,zaam4 不齊	caam3,caam4
595	旵	旵	caam2	caam2	caam2
596	噆	噆	caam2 銜也	caam2 銜也	caam2
597	憯	憯	caam2	caam2	caam2
598	篸	𥮾	caam2 撮箕，垃圾～、～箕,(白)cem2	caam2 撮箕，～箕	caam2,zaam1
599	慚	惭	caam4 慚愧,(常)caan4 俗讀	zaam4 慚愧,(常)zaan4 俗讀	caam4
600	蠶	蚕	caam4 蠶蟲，蠶豆,(常)caan4 俗讀	zaam4 蠶蟲，蠶豆,(常)zaan4 俗讀	caam4
601	饞	馋	caam4 嘴饞,(常)caan4 俗讀,(白)slem4 餓～～，餓貌,(白)slaam4 又音，餓～～，餓貌	zaam4 嘴饞,(白)slaam4 嘴饞,(又)zaan4	caam4
602	讒	谗	caam4 讒言,(常)caan4 俗讀	zaam4 讒言,(白)slaam4 讒言,(又)zaan4	caam4
603	巉	巉	caam4	zaam4	caam4
604	㔆	㔆	caam5 割；剪；刺	zaam5 割；剪；刺,(白)zam5 用刀把東西分成若干部分；用指甲戳、摳	caam5
605	產	产	caan2	caan2	caan2
606	燦	灿	caan3	caan3	caan3
607	餐	餐	caan1	caan1	caan1
608	璨	璨	caan3	caan3	caan3
609	粲	粲	caan3	caan3	caan3
610	羼	羼	caan3	caan3	caan3
611	滻	浐	caan2	caan2	caan2
612	剗	刬	caan2	caan2	caan2
613	䊲	䊲	caan2 植株類似穀子，子實略帶紅色	caan2 植株類似穀子，子實略帶紅色	caan3
614	薒	薒	caan3	caan3	caan3
615	殘	残	caan4 殘疾，摧殘	zaan4 殘疾，摧殘,(白)slen4 刺兒刺入肉裏的感覺	caan4
616	橙	橙	caang2 橙子，橙色，橙樹	caang2 橙子，橙色，橙樹,(又)zang4	caang2；本讀caang4
617	撐	撑	caang1 撐船，支撐,caang3 撐場，硬撐（結實；案，元曲作硬掙），源自牚；詞綴，舞～～，手舞足蹈，比喻忙亂，佊[mɛ35]～～，歪歪斜斜,(白)jaang3 蹬、踹，源自牚	ciang1 撐船，支撐,ciang3 撐場，硬撐（結實；案，元曲作硬掙），源自牚,(白)jiang3 蹬、踹，源自牚,(又)cang3 張開，～傘、～眼	caang1
618	鐺	铛	caang1 通鎗字，酒器；平底煎鍋或指烙餅（餺鐺）,dong1 鋃鐺	ciang1 通鎗字，酒器；平底煎鍋,daang1 鋃鐺	1)dong1:象聲詞 2)caang1:平底淺鍋
619	瞠	瞠	caang1 瞠目	ciang1 瞠目	caang1,tong4
620	鋥	锃	caang3 鋥光，鋥亮；光～～，亮堂堂,(又)saang3 黃～～，黃澄澄、黃燦燦	ciang3 鋥光，鋥亮,(又)siang3	caang3
621	牚	牚	caang3 椅子牚,caang1 同撐字,(白)jaang3 蹬、踹，今作撐	ciang3 椅子牚,ciang1 同撐字,(白)jiang3 蹬、踹，今作撐	caang1,caang3
622	橕	橕	caang1	ciang1	caang1
623	鎗	鎗	caang1 鐘聲也；酒器,coeng1 同槍字	ciang1 鐘聲也；酒器；同槍字	caang1,coeng1
624	棖	枨	caang4	ziang4	caang4
625	朾	朾	caang4 朾螘,ting1 虛朾，宋地	ziang4 朾螘；尾[me53]～，蜻蜓，也稱塘螟[miɐŋ53],ting1 虛朾，宋地	caang4,ting1
626	鍤	锸	caap3	caap2	caap3
627	臿	臿	caap3	caap2	caap3
628	𠝞	𠝞	caap3 切物聲,(語)cep1 剪物聲,(語)cep6 又音	caap2 切物聲	caap3
629	刷	刷	caat3 刷牙,saat3 刷白	caat2 刷牙,saat2 刷白	1)caat3:刷牙 2)saat3:刷白
630	察	察	caat3	caat2	caat3
631	擦	擦	caat3 擦拭，摩擦，本字攃	caat2 擦拭，摩擦，本字攃,(語)caat6 白剌[lat2]～，蒼白，前字調類化，元曲寫法	caat3
632	獺	獭	caat3 水獺，海獺，又作𤞠字	caat2 水獺，海獺，又作𤞠字	caat3
633	唰	唰	caat3 象聲詞；吃的俗稱，～飯	caat2 象聲詞	caat3
634	嚓	嚓	caat3 象聲詞，啪嚓，喀嚓	caat2 象聲詞，啪嚓，喀嚓	caat3
635	檫	檫	caat3	caat2	caat3
636	攃	攃	caat3 摩擦，後作擦,slaat3 象聲詞；同撒字,(語)slet1 撕布聲	caat2 摩擦，後作擦,slaat2 象聲詞；同撒字,(語)slet3 劃破，手指～喇,(語)slaat3 象聲詞，褲襠～喇，褲襠撕裂了	caat3,saat3
637	礤	礤	caat3	caat2	caat3
638	䃰	䃰	caat3	caat2	caat3
639	吵	吵	caau2 吵嚷，吵鬧，爭吵,(白)ceu2 吵耳	caau2 吵鬧，爭吵	caau2
640	鈔	钞	caau1 鈔票，現鈔；同抄字	caau1 鈔票，現鈔；同抄字	caau1
641	耖	耖	caau3	caau3	caau3
642	肏	肏	caau3 北方俗字，詈語，摹官話音，本字戳，肏本音入	caau3 北方俗字，詈語，摹官話音，本字戳，肏本音入	caau3
643	巢	巢	caau4 巢穴，鳥巢,(常)cu4 俗讀，讀同槽	zaau4 巢穴，鳥巢	caau4
644	悽	凄	cai1 悽慘	cai1 悽慘	cai1
645	淒	凄	cai1 淒涼	cai1 淒涼	cai1
646	妻	妻	cai1 夫妻，妻子,(古)cai3 以女嫁人	cai1 夫妻，妻子,(古)cai3 以女嫁人	cai1；(古)cai3以女嫁人
647	棲	栖	cai1 棲息；棲棲	cai1 棲息；棲棲	cai1
648	砌	砌	cai3	cai3	cai3
649	萋	萋	cai1	cai1	cai1
650	沏	沏	cai3 沏茶,cit3 水聲	cai3 沏茶,cit2 水聲	cit3,cai3
651	瘛	瘛	cai3 瘛瘲	cai3 瘛瘲	cai3
652	傺	傺	cai3	cai3	cai3
653	郪	郪	cai1	cai1	cai1
654	憏	憏	cai3	cai3	cai3
655	齊	齐	cai4 整齊，齊全；完，食～；大～，大家,(古)zi1 齊衰,(古)zai6 火齊,(老派)zy1 齊衰	zai4 整齊，齊全；完，吃～；～家、大～，大家,(古)zi1 齊衰,(古)zai6 火齊	1)cai4:整齊 2)zi1:齊衰；(古)通齋
656	薺	荠	cai4 荸薺（源自葧臍，口語稱馬蹄）；薺菜，讀同齊	zai4 荸薺（源自葧臍，口語稱馬蹄）；薺菜，讀同齊	cai4,cai5
657	蠐	蛴	cai4	zai4	cai4
658	鱭	鲚	cai4	zai4	cai5
659	測	测	cak1	cak2	cak1；(又)caak1
660	賊	贼	cak6 做賊，賊佬,(罕)caak6	cak6 做賊，賊佬	caak6
661	惻	恻	cak1	cak2	cak1；(又)caak1
662	侵	侵	cam1 侵佔，入侵，侵略	cam1 侵佔，入侵，侵略	cam1
663	寢	寝	cam2	cam2	cam2
664	滲	渗	(白)cam3 滲入，滲透,(文)sam3,(常)cam5 滲入，滲透,(白)jam3 滲漏,(白)jaam3 又音	(白)cam3 滲入，滲透,(文)sam3,(白)njaam3 滲漏，～水，水滲出，～水良田，自然保水田,(白)jaam3 又音,(白)jam3 又音	sam3
665	讖	谶	cam3	cam3	cam3
666	磣	碜	cam2 牙磣，寒磣	cam2 牙磣，寒磣	cam2
667	駸	骎	cam1	cam1	cam1
668	吣	吣	cam3 貓吣，胡吣	cam3 貓吣，胡吣	cam3
669	棽	棽	cam1,(又)sam1	cam1,(又)sam1	cam1
670	唚	唚	cam3 同吣字，貓唚，胡唚	cam3 同吣字，貓唚，胡唚	cam3
671	梫	梫	cam2	cam2	cam1
672	踸	踸	cam2	cam2	cam2
673	謲	謲	cam3 怒也；～氣，囉唆、臉色難看（晦氣義）	cam3 怒也	cam3
674	趻	趻	cam2	cam2	cam2
675	尋	寻	cam4 尋找；走訪，～妗婆；〈語〉～日，昨日，昨晚的合音音變，合音後無晚義,(白)slam4 傻、呆，尋者尋常也；詞綴，盲～～，盲目亂來	zam4 尋找；走訪，～朋友,(白)slam4 傻、呆，尋者尋常也；詞綴，亂～～，雜亂	cam4
676	沉	沉	cam4 同沈字，沉沒,(白)tam4 壓；塌下；案，知三讀如端，俗字坍	zam4 同沈字，沉沒,(白)dam4 壓；塌下；周～圍，四周圍、環中心部分；案，知三讀如端，俗字坍,(語)sam4 眯[mɐi55]～～，眼眯打瞌睡，本字沈	cam4,zam6
677	岑	岑	cam4 岑寂；姓；地名，岑溪,(又)kam4 地名，岑溪，讀同芩	zam4 岑寂；姓；地名，岑溪,(又)gam4 地名，岑溪，讀同芩	sam4
678	撏	挦	cam4 取也,cim4 拔、抽	zam4 取也,zim4 拔、抽	cam4,cim4
679	潯	浔	cam4	zam4	cam4
680	涔	涔	cam4,(又)kam4	zam4,(又)gam4	sam4
681	蕁	荨	cam4 蕁麻，蕁麻疹，讀同尋，本字䕭/燅，本音潛,taam4 知母草	zam4 蕁麻，蕁麻疹，讀同尋，本字䕭/燅，本音潛,daam4 知母草	cam4
682	鱘	鲟	cam4	zam4	cam4
683	梣	梣	cam4,(又)kam4	zam4,(又)gam4	sam4
684	燖	𬊈	cam4	zam4	cam4
685	璕	𬍤	cam4	zam4	cam4
686	鄩	𬩽	cam4	zam4	cam4
687	噚	㖊	cam4	zam4	cam4
688	親	亲	can3 親家,can1 親切；〈語〉助詞，表假設，噻時你冇返來～要打隻電話講一聲，你有時不回來的話要打電話說一聲	can3 親家,can1 親切	1)can1:雙親 2)can3:親家
689	春	春	can1,(老派)cyun1	can1	ceon1
690	蠢	蠢	can2 愚蠢，蠢材,(老派)cyun2	can2 愚蠢，蠢材	ceon2
691	襯	衬	can3	can3	can3
692	趁	趁	can3 趁機，趁早，趁墟（趕集）；〈語〉逛，到處～，到處逛	can3 趁機，趁早，趁墟（趕集）	can3
693	椿	椿	can1 椿樹,(老派)cyun1	can1 椿樹	ceon1
694	哂	哂	can2 哂笑,(語)slaai3 同嗮字,(語)laai3 又音，語流音變	can2 哂笑	can2
695	皴	皴	can1 皴裂,(老派)cyun1	can1 皴裂	seon1
696	鶉	鹑	can1 鵪鶉，古讀常倫切,(老派)cyun1	can1 鵪鶉，古讀常倫切	ceon1；(又)seon4
697	嗔	嗔	can1 生氣,tin4 嗔嗔	can1 生氣,din4 嗔嗔	can1,zan1
698	抻	抻	can1 拉、扯（物），抻麪；同伸字	can1 拉、扯（物），抻麪；同伸字	can2
699	瞋	瞋	can1	can1	can1
700	逡	逡	can1,(老派)cyun1	can1	ceon1
701	齔	龀	can3	can3	can3
702	蝽	蝽	can1,(老派)cyun1	can1	ceon1
703	鰆	䲠	can1,(老派)cyun1	can1	ceon1
704	櫬	榇	can3	can3	can3
705	疢	疢	can3,(又)can2	can3,(又)can2	can3,can2
706	矧	矧	can2	can2	can2
707	鬒	鬒	can2	can2	can2
708	堾	堾	can1 石壘擋土牆；地名用字,cyun2 同踳字,(老派)cyun1	can1 石壘擋土牆；地名用字,cyun2 同踳字	ceon1
709	瑃	瑃	can1,(老派)cyun1	can1	ceon1
710	踆	踆	can1 踆踆，踆烏,cyun4 踢,(老派)cyun1	can1 踆踆，踆烏,zon4 踢	cyun1,seon1
711	辴	辴	can2	can2	can2
712	巡	巡	can4 巡視，出巡；〈語〉來回走動,(老派)slyun4,(又)slan4	slan4 巡視，出巡	ceon4
713	循	循	can4 遵循，循環,(老派)slyun4,(又)slan4	slan4 遵循，循環	ceon4
714	旬	旬	can4 上旬，八旬；勻～，均勻,(老派)slyun4,(又)slan4	slan4 上旬，八旬	ceon4
715	紃	𬘓	can4,(老派)slyun4,(又)slan4	slan4	ceon4
716	塵	尘	can4 灰塵，塵土	zan4 灰塵，塵土	can4
717	疹	疹	can2 麻疹，溼疹	zan2 麻疹，溼疹	can2
718	秦	秦	can4	zan4	ceon4
719	臣	臣	can4	zan4	san4
720	診	诊	can2 急診，診療	zan2 急診，診療	can2
721	陳	陈	can4	zan4	can4；(古)同陣
722	畛	畛	can2	zan2	can2,zan2
723	縝	缜	can2	zan2	can2
724	軫	轸	can2	zan2	can2,zan2
725	嗪	嗪	can4	zan4	ceon4
726	稹	稹	can2	zan2	can2,zan2
727	袗	袗	can2	zan2	can2
728	昣	昣	can2	zan2	can2
729	螓	螓	can4	zan4	ceon4
730	蹭	蹭	cang3 磨蹭；蹭蹬,(白)ang3 ～蹬[nɐŋ22]，不得志、不中用	cang3 磨蹭；蹭蹬,(白)ang3 ～蹬[nɐŋ22]，頹笨、不開竅	sang3
731	層	层	cang4 樓層，層次,(白)slang4 詞綴，毛～～，毛茸茸，高～～，高貌，擻～～，抖個不停	zang4 樓層，層次	cang4
732	鄫	鄫	cang4	zang4	cang4
733	䁬	䁬	cang4 瞢䁬，目不明,(白)slang4 詞綴，懵～～，糊糊塗塗	zang4 瞢䁬，目不明,(白)slang4 詞綴，懵～～，糊糊塗塗	cang4
734	緝	缉	cap1 緝拿，緝鞋口	cap2 緝拿，緝鞋口	cap1
735	輯	辑	cap1 編輯，輯錄	cap2 編輯，輯錄	cap1
736	戢	戢	cap1 戢兵，斂戢；姓；〈語〉脆～～，（蘿蔔等）非常脆，與㮑同源；案，唐·元稹《表夏》詩之八，翩翩簾外鷰，戢戢巢內雛	cap2 戢兵，斂戢；姓；〈語〉脆～～，（蘿蔔等）非常脆，與㮑同源；案，唐·元稹《表夏》詩之八，翩翩簾外鷰，戢戢巢內雛	cap1
737	葺	葺	cap1	cap2	cap1
738	蕺	蕺	cap1	cap2	cap1
739	七	七	cat1 第七，七夕；～曹[tʃʰu21]曹[tʃʰu35]（假借字）、～巧[kʰiu35]來、～巧，猜碼口令，數字七	cat2 第七，七夕；～巧[kʰiu33]、～財、～子團圓，猜碼口令，數字七	cat1
740	漆	漆	cat1	cat2	cat1
741	柒	柒	cat1 七的大寫	cat2 七的大寫	cat1
742	桼	桼	cat1	cat2	cat1
743	丑	丑	cau2 子丑	cau2 子丑	cau2
744	醜	丑	cau2 醜惡	cau2 醜惡	cau2
745	湊	凑	cau3 拼湊，湊數；帶，～崽，帶小孩；介詞，和；介詞，給，～我，給我	cau3 拼湊，湊數；介詞，和，我～你講一件事；介詞，向，～渠借一本書	cau3
746	嗅	嗅	cau3 嗅覺；用鼻聞,(又)hung3 用鼻聞	cau3 嗅覺；用鼻聞,(又)hoeng3 用鼻聞	cau3
747	抽	抽	cau1 抽取，抽查，抽打	cau1 抽取，抽查，抽打	cau1
748	秋	秋	cau1 秋天	cau1 秋天	cau1
749	臭	臭	cau3 臭味	cau3 臭味	cau3
750	瞅	瞅	cau2	cau2	cau2
751	鰍	鳅	cau1	cau1	cau1
752	杻	杻	cau2 古刑具，似手銬,nau2 木名	cau2 古刑具，似手銬,nau2 木名	cau2,nau2
753	楸	楸	cau1	cau1	cau1
754	湫	湫	cau1 水潭,ziu2 低窪,zau1 湫水河	cau1 水潭,ziu2 低窪,zau1 湫水河	cau1,ziu2,zau1
755	溴	溴	cau3	cau3	cau3
756	瘳	瘳	cau1	cau1	cau1
757	糗	糗	cau3 乾糧	cau3 乾糧	cau3,jau2
758	腠	腠	cau3	cau3	cau3
759	蔟	蔟	cau3 太蔟,cuk1 蠶蔟	cau3 太蔟,coek2 蠶蔟	cau3,cuk1
760	輳	辏	cau3	cau3	cau3
761	鞧	鞧	cau1	cau1	cau1
762	萩	萩	cau1	cau1	cau1
763	鶖	鹙	cau1	cau1	cau1
764	侴	侴	cau2	cau2	cau2
765	鞦	秋	cau1 鞦韆，牛鞦	cau1 鞦韆，牛鞦	cau1
766	偢	偢	cau2 同瞅字,ciu3 傻偢	cau2 同瞅字,ciu3 傻偢	cau2,ciu2
767	搊	搊	cau1 提，～褲，提褲子，鞋～，鞋拔子，手～，藤、草或塑料編織帶編的手提籃,(白)jau1 提，～褲，提褲子，～鞋，提鞋幫、襪子	cau1 提，～褲，提褲子，鞋～，鞋拔子，手～，藤、草或塑料編織帶編的手提籃,(白)njau1 提，～褲，提褲子，～鞋，提鞋幫、襪子	cau1
768	殠	殠	cau3	cau3	cau3
769	篘	𥬠	cau1	cau1	cau1
770	仇	仇	cau4 仇敵，恩仇,kau4 姓，俗讀仇敵之仇	sau4 仇敵，恩仇,gau4 姓，俗讀仇敵之仇	sau4；姓氏又讀kau4或cau4
771	愁	愁	cau4	sau4	sau4
772	囚	囚	cau4	zau4	cau4
773	疇	畴	cau4	zau4	cau4
774	稠	稠	cau4	zau4	cau4
775	籌	筹	cau4	zau4	cau4
776	綢	绸	cau4 綢緞，絲綢	zau4 綢緞，絲綢	cau4
777	酬	酬	cau4	zau4	cau4
778	儔	俦	cau4	zau4	cau4
779	惆	惆	cau4	zau4	cau4
780	泅	泅	cau4 泅水，泅渡	zau4 泅水，泅渡	cau4；(又)jau4
781	躊	踌	cau4	zau4	cau4
782	酋	酋	cau4	zau4	jau4
783	遒	遒	cau4	zau4	cau4,jau4
784	讎	雠	cau4 校讎，讎定	zau4 校讎，讎定	cau4
785	幬	帱	cau4 牀帳；車帷,du6 覆蓋	zau4 牀帳；車帷,daau6 覆蓋	cau4,dou6
786	椆	椆	cau4 椆木，椆水,zau3 木椆,diu1 椆苕	zau4 椆木，椆水,zau3 木椆,diu1 椆苕	cau4,zau3,diu1
787	犨	犨	cau4	zau4	cau4
788	蝤	蝤	cau4 蝤蠐,zau1 蝤蛑,jau4 蜉蝤；〈又〉蝤蛑	zau4 蝤蠐,zau1 蝤蛑,jau4 蜉蝤；〈又〉蝤蛑	cau4,zau1,jau4
789	且	且	ce2	ce2	ce2；(古)zeoi1
790	扯	扯	ce2 拉扯，扯皮	ce2 拉扯，扯皮；～大炮，吹牛	ce2
791	車	车	ce1 車輛；〈語〉吹噓，～大炮，吹牛，源自扯/撦,gyu1 車馬炮	ce1 車輛,gyu1 車馬炮	1)ce1:火車 2)geoi1:象棋棋子一種
792	硨	砗	ce1	ce1	ce1
793	撦	撦	ce2 同扯字	ce2 同扯字	ce2
794	奲	𫰂	ce2 寬大也；奲都,do2 同嚲字	ce2 寬大也；奲都,du2 同嚲字	ce2,do2
795	俥	伡	ce1 船上動力器；掌船動力器者，大俥,gyu1 象棋紅方棋子名	ce1 船上動力器；掌船動力器者，大俥,gyu1 象棋紅方棋子名	ce1
796	笡	笡	ce3 斜、陡	ce3 斜、陡,(語)ce2 佊[me33]佊[me33]～～，歪斜	ce3
797	唓	𪠳	ce1 唓嗻；嘆詞，表輕蔑；～咧[lɛ55]，話多、愛表現，源自啁嘐/周遮，語多，元代作遮剌/雕剌	ce1 唓嗻,ce3 嘆詞，表輕蔑；～咧[le55]，話多、愛表現，源自啁嘐/周遮，語多，元代作遮剌/雕剌	ce1
798	邪	邪	ce4 驅邪，邪惡,je4 莫邪，琅邪；古同耶	sle4 驅邪，邪惡,je4 莫邪，琅邪；古同耶	ce4；(古)同耶
799	斜	斜	ce4 斜坡，傾斜,(白)sle4 乜[mɛ21]～，醉態	ze4 斜坡，傾斜,(白)sle4 乜[me21]～，醉態,(又)ce4	ce4
800	輋	𪨶	ce4 地名用字	ze4 地名用字	ce4
801	㙦	㙦	ce4	ze4	ce4
802	尺	尺	cek3 尺寸,ce2 工尺	cik2 尺寸,ce2 工尺	cek3；ce2:樂譜記音符號
803	呎	呎	cek3	cik2	cek3
804	鑱	镵	(白)cem4 長鑱；刺入，與插對轉，又作攙/劖字,(文)caam4	zaam4 長鑱；刺入，與插對轉，又作攙/劖字	caam4
805	劖	劖	(白)cem4 刺入，與插對轉，又作鑱/攙字,(文)caam4	zaam4 刺入，與插對轉，又作鑱/攙字	caam4
806	剷	铲	(白)cen2 剷走，剷除,(文)caan2	caan2 剷走，剷除,(白)cen2	caan2
807	鏟	铲	(白)cen2 鑊鏟；鏟走，鏟除,(文)caan2 鏟車（後起詞，口語稱叉車）	caan2 鑊鏟；鏟走，鏟除,(白)cen2 鏟兒	caan2
808	插	插	(白)cep3,(文)caap3	caap2	caap3
809	抄	抄	(白)ceu1 抄書,(白)ceu3 翻找、亂翻,(文)caau1,(文)caau3	caau1 抄書；翻找、亂翻	caau1
810	炒	炒	(白)ceu2 炒飯，炒菜,(文)caau2 炒更（兼職）	caau2 炒飯，炒菜	caau2
811	𤙴	𤙴	(白)ceu1 牴,(文)caau1	caau1 牴	caau1
812	伺	伺	ci3 伺候，伺機,(老派)cy3	ci3 伺候，伺機	zi6
813	似	似	ci5 相似，似乎，語流中易變陰去調,(老派)cy5	ci3 相似，似乎	ci5
814	侈	侈	ci2 奢侈	ci2 奢侈	ci2
815	刺	刺	ci3 魚刺，刺刀，行刺,(老派)cy3,(白)cek3 刺骨，頭刺（頭痛），肉刺（心痛）	ci3 魚刺，刺刀，行刺,(白)cik2 刺骨，頭刺（頭痛），肉刺（心痛）	ci3；行刺又讀cik3
816	廁	厕	ci3 廁所,cak1 廁足；〈又〉廁所,(老派)cy3	ci3 廁所,cak2 廁足	ci3
817	幟	帜	ci3 旗幟,(常)zik1 俗讀，讀同織	ci3 旗幟,(常)zik2 俗讀，讀同織	ci3
818	次	次	ci3,(老派)cy3	ci3	ci3
819	此	此	ci2,(老派)cy2	ci2	ci2
820	翅	翅	ci3	ci3	ci3
821	恥	耻	ci2	ci2	ci2
822	賜	赐	ci3,(老派)cy3	ci3	ci3
823	雌	雌	ci1 雌雄，雌蕊,(老派)cy1	ci1 雌雄，雌蕊	ci1
824	齒	齿	ci2	ci2	ci2
825	癡	痴	ci1 癡情，白癡；〈語〉蠢、傻、瘋	ci1 癡情，白癡；〈語〉蠢、傻、瘋	ci1
826	啻	啻	ci3	ci3	ci3
827	嗤	嗤	ci1 嗤笑	ci1 嗤笑	ci1
828	熾	炽	ci3	ci3	ci3
829	疵	疵	ci1 瑕疵，吹毛求疵,(老派)cy1	ci1 瑕疵，吹毛求疵	ci1
830	笞	笞	ci1	ci1	ci1
831	蚩	蚩	ci1	ci1	ci1
832	褫	褫	ci2	ci2	ci2
833	哧	哧	ci1 象聲詞	ci1 象聲詞	ci1,cik1
834	嘁	嘁	ci1 嘁嘁喳喳	ci1 嘁嘁喳喳	ci1,cik1
835	媸	媸	ci1	ci1	ci1
836	眙	眙	ci3 直視,ji4 盱眙	ci3 直視,ji4 盱眙	ci3,ji4
837	眵	眵	ci1 眼眵	ci1 眼眵	ci1
838	笥	笥	ci3,(老派)cy3	ci3	zi6
839	螭	螭	ci1	ci1	ci1
840	跐	跐	ci2 踏；跐豸,(老派)cy2,(白)caai2 俗字踩	ci2 踏；跐豸,(白)caai2 俗字踩	caai2,ci2
841	魑	魑	ci1	ci1	ci1
842	鴟	鸱	ci1	ci1	ci1
843	佽	佽	ci3,(老派)cy3	ci3	ci3
844	摛	摛	ci1	ci1	ci1
845	泚	泚	ci2,(老派)cy2	ci2	ci2
846	玼	玼	ci2 鮮明,ci1 玉的疵點,(老派)cy1,(老派)cy2	ci2 鮮明,ci1 玉的疵點	ci2,ci1
847	瓻	瓻	ci1	ci1	ci1
848	胣	胣	ci2	ci2	ci2
849	莿	莿	ci3,(老派)cy3	ci3	ci3
850	絺	𫄨	ci1 細葛也	ci1 細葛也	ci1
851	鮆	𫚖	ci2 魚名,cai4 刀魚，又作鱭字,(老派)cy2	ci2 魚名,zai4 刀魚，又作鱭字	zai1,ci2
852	痓	痓	ci3	ci3	ci3
853	痴	痴	ci1 同癡字	ci1 同癡字	ci1
854	胵	胵	ci1 膍胵	ci1 膍胵,(語)ci3 腑[fu21]胵，家禽內臟，炒腑～、腑～湯，俗作扶翅/芙翅	ci1,ci3
855	黐	黐	ci1 黏、粘	ci1 黏、粘	ci1
856	覗	𬢊	ci3,(老派)cy3	ci3	zi6
857	佀	佀	ci5,(老派)cy5	ci3	ci5
858	始	始	ci2 開始，始終	si2 開始，始終	ci2
859	恃	恃	ci5 恃才傲物，有恃無恐,(老派)cy5	si6 恃才傲物，有恃無恐	ci5
860	矢	矢	ci2 飛矢，矢志,(古)si2 通屎字	si2 飛矢，矢志；通屎字	ci2；(古)通屎
861	豕	豕	ci2 豬也,(又)si2	si2 豬也	ci2
862	臍	脐	ci4 肚臍，臍帶，古讀同齊	zai4 肚臍，臍帶	ci4
863	匙	匙	ci4 匙羹，湯匙,si4 鎖匙，鑰匙；飯～骨，肩胛骨	zi4 匙羹，湯匙,si4 鎖匙，鑰匙；飯～骨，肩胛骨	1)ci4:湯匙 2)si4:鑰匙
864	寺	寺	ci6 寺廟，清真寺,(老派)cy6,(老派)zy6,(又)zi6	zi6 寺廟，清真寺	zi6；(語)zi2
865	弛	弛	ci4	zi4	ci4
866	慈	慈	ci4,(老派)cy4	zi4	ci4
867	持	持	ci4	zi4	ci4
868	池	池	ci4	zi4	ci4
869	瓷	瓷	ci4 瓷器,(老派)cy4	zi4 瓷器	ci4
870	磁	磁	ci4 磁石,(老派)cy4	zi4 磁石	ci4
871	祠	祠	ci4 祠堂，宗祠,(老派)cy4	zi4 祠堂，宗祠	ci4
872	詞	词	ci4,(老派)cy4	zi4	ci4
873	辭	辞	ci4,(老派)cy4	zi4	ci4
874	遲	迟	ci4	zi4	ci4
875	飼	饲	ci6 飼料，飼養,(老派)cy6,(常)ci4 俗讀，讀同詞,(老派)cy4 俗讀，讀同詞	zi6 飼料，飼養	zi6
876	馳	驰	ci4	zi4	ci4
877	嗣	嗣	ci6 子嗣，嗣位,(老派)cy6,(常)ci3 俗讀，讀同伺,(老派)cy3 俗讀，讀同伺	zi6 子嗣，嗣位	zi6
878	墀	墀	ci4	zi4	ci4
879	姒	姒	ci5,(老派)cy5	zi6	ci5
880	踟	踟	ci4	zi4	ci4
881	汜	汜	ci5,(老派)cy5	zi6	ci5
882	篪	篪	ci4	zi4	ci4
883	餈	糍	ci4 餈粑,(老派)cy4	zi4 餈粑	ci4
884	茌	茌	ci4,(老派)cy4	zi4	ci4
885	茨	茨	ci4,(老派)cy4	zi4	ci4
886	鶿	鹚	ci4,(老派)cy4	zi4	ci4
887	泜	泜	ci4 水名，在河北,zi1 泜河,zi6 水名，在河南	zi4 水名，在河北,zi1 泜河,zi6 水名，在河南	ci4,zi1,zi6
888	薋	薋	ci4,(老派)cy4	zi4	ci4
889	糍	糍	ci4 同餈字,(老派)cy4	zi4 同餈字	ci4
890	鷀	鹚	ci4,(老派)cy4	zi4	ci4
891	慼	戚	cik1 悲慼	cik2 悲慼	cik1
892	戚	戚	cik1 親戚；姓	cik2 親戚；姓	cik1
893	斥	斥	cik1	cik2	cik1
894	赤	赤	cik1 赤色，赤子，赤口日,(語)ci3 打～肋，赤膊，打～腳，赤腳，語流音變	cik2 赤色，赤子，赤口日；打～膊，赤膊，打～腳，赤腳	cek3；(又)cik3
895	叱	叱	cik1 叱吒，呵叱	cik2 叱吒，呵叱	cik1
896	飭	饬	cik1	cik2	cik1
897	敕	敕	cik1 宣敕，敕命；得～，得意	cik2 宣敕，敕命	cik1
898	槭	槭	cik1 槭樹,saak3 葉落貌	cik2 槭樹,siak2 葉落貌	cik1,saak3
899	彳	彳	cik1	cik2	cik1
900	抶	抶	cik1	cik2	cik1
901	鶒	𫛶	cik1	cik2	cik1
902	慽	戚	cik1	cik2	cik1
903	殲	歼	cim1 殲滅	cim1 殲滅	cim1
904	簽	签	cim1 簽字，簽收	cim1 簽字，簽收	cim1
905	籤	签	cim1 抽籤，牙籤	cim1 抽籤，牙籤	cim1
906	纖	纤	cim1 纖細	cim1 纖細	cim1
907	遷	迁	(習)cim1 遷移，遷徙,(書)cin1	(習)cim1 遷移，遷徙,(書)cin1	cin1
908	僭	僭	cim3	cim3	cim3
909	塹	堑	cim3	cim3	cim3
910	暹	暹	cim3 暹羅	cim3 暹羅	cim3；(又)cim1
911	箋	笺	(習)cim1 便箋，信箋，讀同籤,(書)zin1 本讀	(習)cim1 便箋，信箋，讀同籤,(書)zin1 本讀	zin1
912	諂	谄	cim2	cim2	cim2
913	僉	佥	cim1	cim1	cim1
914	槧	椠	cim3	cim3	cim3
915	釺	钎	(習)cim1 禾～，兩頭尖的扁擔，挑稻草、茅草用,(書)cin1	(習)cim1 禾～擔竿，兩頭尖的扁擔，挑稻草、茅草用,(書)cin1	cin1
916	孅	孅	cim1	cim1	cim1
917	籛	篯	cim1 馬具；姓,(又)cin1	cim1 馬具；姓,(又)cin1	zin1
918	襜	襜	cim1,(又)zim1	cim1,(又)zim1	cim1,zim1
919	鋟	锓	cim1	cim1	cim1
920	韂	韂	cim3	cim3	cim3
921	櫼	櫼	cim1,(又)zim1	cim1,(又)zim1	cim1,zim1
922	銛	铦	cim1	cim1	cim1
923	憸	𪫺	cim1 憸佞，憸邪,(語)zim1 㤿～，愛挑剔	cim1 憸佞，憸邪,(語)zim1 㤿～，愛挑剔	cim1
924	嬐	𫰰	cim1	cim1	cim1
925	䙴	䙴	cim1 同遷字,slin1 升高也；（稱物時）秤尾高，～啲，升高點，俗字先,(又)cin1	cim1 同遷字,slin1 升高也；（稱物時）秤尾高，～啲，升高點，俗字先,(又)cin1	cin1
926	潛	潜	cim4 潛水，潛伏,(又)cam4	zim4 潛水，潛伏,(又)zam4	cim4
927	灊	灊	cim4	zim4	cim4
928	千	千	cin1 萬千，千金	cin1 萬千，千金	cin1
929	淺	浅	cin2	cin2	cin2
930	闡	阐	cin2 闡述，闡明,(又)sim4 讀同禪	cin2 闡述，闡明	zin2；(又)sin6,cin2
931	仟	仟	cin1 千人之長；千的大寫	cin1 千人之長；千的大寫	cin1
932	阡	阡	cin1 阡陌	cin1 阡陌	cin1
933	扦	扦	cin1 扦子，扦插	cin1 扦子，扦插	cin1
934	芊	芊	cin1 芊綿，芊芊	cin1 芊綿，芊芊	cin1
935	躚	跹	cin1 蹁躚，讀同千,(又)slin1 本讀	cin1 蹁躚，讀同千,(又)slin1 本讀	cin1,sin1
936	囅	冁	cin2,(又)zin2	cin2,(又)zyun2	cin2,zin2
937	梴	梴	cin1 木長貌	cin1 木長貌	cin1
938	蕆	蒇	cin2	cin2	cin2
939	燀	𬊤	cin2 炊,daan2 熱甚；過度	cin2 炊,daan2 熱甚；過度	cin2,daan6
940	圲	圲	cin1	cin1	cin1
941	杄	杄	cin1	cin1	cin1
942	韆	千	cin1 鞦韆	cin1 鞦韆	cin1
943	瓩	瓩	cin1 ngaa5	cin1 waa5	cin1 ngaa5
944	前	前	cin4	zin4	cin4
945	纏	缠	cin4 纏繞；糾纏,(又)zin6	zin4 纏繞；糾纏	cin4
946	錢	钱	cin4	zin4	cin4；(古)zin2田器
947	廛	廛	cin4	zin4	cin4
948	瀍	瀍	cin4	zin4	cin4
949	躔	躔	cin4	zin4	cin4
950	辿	辿	cin4,(又)caam1	zin4,(又)caam1	cin4
951	清	清	cing1 清理，清楚,(白)ceng1 水清	cing1 清理，水清	cing1
952	秤	秤	cing3 桿秤，秤砣	cing3 桿秤，秤砣	cing3
953	稱	称	cing3 稱心；〈又〉相稱,cing1 稱呼；相稱	cing3 稱心，相稱,cing1 稱呼	1)cing1:稱呼 2)cing3:稱心
954	蜻	蜻	cing1 蜻蜓	cing1 蜻蜓	cing1
955	請	请	cing2 請客，邀請，請假,(白)ceng2 請假	cing2 請客，邀請，請假	cing2
956	青	青	cing1 青年，青春，青草，多用於年齡或青綠色,(白)ceng1 青色，面青青，青菜（綠葉蔬菜總稱），多用於青白色	cing1 青草，青菜（綠葉蔬菜總稱）	cing1
957	騁	骋	cing2	cing2	cing2
958	圊	圊	cing1	cing1	cing1
959	檉	柽	cing1	cing1	cing1
960	蟶	蛏	cing1 蟶子,(常)sing3 讀同聖	cing1 蟶子,(常)sing3 讀同聖	cing1
961	偁	偁	cing1 同稱字	cing1 同稱字	cing1
962	庱	庱	cing2	cing2	cing2
963	碃	碃	cing3	cing3	cing3
964	赬	赪	cing1	cing1	cing1
965	鯖	鲭	cing1 魚名,zing1 魚肉雜燴	cing1 魚名,zing1 魚肉雜燴	cing1,zing1
966	僜	僜	cing1 醉行貌,dang1 同登字；僜人,dang6 倰僜	cing1 醉行貌,dang1 同登字；僜人,dang6 倰僜	cing1,dang1,dang6
967	呈	呈	cing4	zing4	cing4
968	情	情	cing4	zing4	cing4
969	懲	惩	cing4	zing4	cing4
970	晴	晴	cing4	zing4	cing4
971	澄	澄	cing4 澄清,dang6 水渾，澄一澄,(語)king4 澄清（水、液體）	zing4 澄清,dang6 水渾，澄一澄,(語)ging4 澄清（水、液體）	cing4
972	程	程	cing4	zing4	cing4
973	逞	逞	cing4 逞強，得逞，讀同呈	zing4 逞強，得逞，讀同呈	cing2
974	埕	埕	cing4 罈子，～～䍇䍇，罈罈罐罐，酒～，酒罈子，金～，骨灰（或骨殖）罈子，金爲骨的音變	zing4 罈子，～～䍇䍇，罈罈罐罐，酒～，酒罈子	cing4
975	氰	氰	cing4 碳氮化合物,(又)cing1 讀同青	zing4 碳氮化合物,(又)cing1 讀同青	cing4,cing1
976	裎	裎	cing4	zing4	cing4
977	嶒	嶒	cing4 崚嶒,(又)cang4	zing4 崚嶒,(又)zang4	cang4
978	澂	澂	cing4 澄的本字	zing4 澄的本字	cing4
979	珵	珵	cing4	zing4	cing4
980	酲	酲	cing4	zing4	cing4
981	憕	憕	cing4	zing4	cing4
982	䝼	䞍	cing4 受賜,zing6 賜予	zing4 受賜,zing6 賜予	cing4,zing6
983	妾	妾	cip3	cip2	cip3
984	切	切	cit3 切開,cai3 一切,(語)cet1 切物聲，引申指切開，源自㔍，割斷聲,(語)cet6 又音	cit2 切開,cai3 一切	1)cit3:急切 2)cai3:一切
985	竊	窃	cit3	cit2	sit3
986	徹	彻	cit3	cyut2	cit3
987	撤	撤	cit3	cyut2	cit3
988	澈	澈	cit3	cyut2	cit3
989	設	设	cit3 建設，設計,(語)cet1 詞綴，短/薄～～，短/薄貌，也作短/薄律[lɛt5]出[tʃʰɛt5]；案，設設爲元曲寫法	cyut2 建設，設計,(語)cet3 詞綴，短/薄/坽[leŋ55]～～，短/薄/陡貌；案，設設爲元曲寫法	cit3
990	㬚	㬚	cit3	cyut2	cit3
991	俏	俏	ciu3	ciu3	ciu3
992	峭	峭	ciu3	ciu3	ciu3
993	悄	悄	ciu1 靜悄悄,ciu2 悄然，悄聲,(又)sliu1 靜悄悄，讀同銷/消	ciu1 靜悄悄,ciu2 悄然，悄聲	ciu2
994	肖	肖	ciu3 生肖，肖像,sliu1 姓，蕭的俗字	ciu3 生肖，肖像,sliu1 姓，蕭的俗字	ciu3
995	超	超	ciu1	ciu1	ciu1
996	鍬	锹	ciu1 鐵鍬；〈語〉打嗐[hɐt5]～，打噴嚏	ciu1 鐵鍬；〈語〉打噎[ɐt5]/嗐[hɐt3]～，打噴嚏	ciu1
997	愀	愀	ciu2	ciu2	ciu2
998	釗	钊	ciu1	ciu1	ciu1
999	鞘	鞘	ciu3 刀鞘,saau1 鞭鞘	ciu3 刀鞘,saau1 鞭鞘	1)ciu3:刀鞘 2)saau1:鞭鞘
1000	繰	缲	ciu1 繰邊,slu1 同繅字,zu2 絳紫色帛	ciu1 繰邊,slaau1 同繅字,zaau2 絳紫色帛	ciu1,zou2,sou1
1001	誚	诮	ciu3	ciu3	ciu3
1002	弨	弨	ciu1	ciu1	ciu1
1003	怊	怊	ciu1	ciu1	ciu1
1004	帩	帩	ciu3	ciu3	ciu3
1005	幧	幧	ciu1	ciu1	ciu1
1006	憔	憔	ciu4	ziu4	ciu4
1007	昭	昭	ciu1 昭然，昭雪，王昭君，展昭,(又)ziu1	ziu1 昭然，昭雪，王昭君，展昭	ciu1
1008	潮	潮	ciu4	ziu4	ciu4
1009	瞧	瞧	ciu4	ziu4	ciu4
1010	樵	樵	ciu4	ziu4	ciu4
1011	劁	劁	ciu4 劁刈，劁豬	ziu4 劁刈，劁豬	ciu4
1012	晁	晁	ciu4	ziu4	ciu4
1013	譙	谯	ciu4	ziu4	ciu4
1014	嶕	嶕	ciu4	ziu4	ciu4
1015	搓	搓	co1 搓手，揉搓	(白)caa1 搓手，揉搓,(文)co1,(語)njo3 量詞，羣，球場有一～人	co1
1016	挫	挫	co3	co3	co3
1017	措	措	co3 措施	co3 措施	cou3
1018	錯	错	co3 錯誤，過錯；錯雜，交錯，古讀入聲，倉各切	co3 錯誤，過錯；錯雜，交錯，古讀入聲，倉各切	1)co3:錯誤 2)cok3:交錯
1019	磋	磋	co1 切磋，磋商	co1 切磋，磋商	co1
1020	蹉	蹉	co1 蹉跎	co1 蹉跎	co1
1021	銼	锉	co3	co3	co3
1022	嵯	嵯	co1	co1	co1
1023	瑳	瑳	co1	co1	co1
1024	莝	莝	co3 莝草	co3 莝草	co3
1025	剉	剉	co3	co3	co3
1026	初	初	co1	cu1	co1
1027	楚	楚	co2	cu2	co2
1028	礎	础	co2 基礎	cu2 基礎	co2
1029	濋	濋	co2	cu2	co2
1030	脞	脞	co2	cu2	co2
1031	憷	憷	co2	cu2	co2
1032	齼	𬺓	co2	cu2	co2
1033	鋤	锄	co4	zo4	co4
1034	痤	痤	co4	zo4	co4
1035	矬	矬	co4 矮	zo4 矮	co4
1036	酇	酂	co4 古縣名；白酒,zaan3 古縣名；姓	zo4 古縣名；白酒,zaan3 古縣名；姓	co4,zaan3
1037	鹺	鹾	co4	zo4	co4
1038	䠡	䠡	co4 蹋聲,(語)zo4 詞綴，滾～～，水沸聲、熱鬧貌，崩～～，紛紛倒塌貌，走/行～～，紛紛疾行貌	zo4 蹋聲	co4
1039	坐	坐	co5 坐車，請坐，保留濁上	zu5 坐車，請坐	zo6；(又)co5
1040	綽	绰	coek3 寬綽，綽號,(又)cok3 新讀	ciak2 寬綽，綽號	coek3
1041	雀	雀	coek3 麻雀；打麻～，打麻將	ciak2 偷飯～，麻雀；打麻～，打麻將	zoek3
1042	鵲	鹊	coek3 喜鵲	ciak2 喜鵲	zoek3；(又)coek3
1043	焯	焯	coek3 在開水中略煮一下，～菜、～水；白～，用開水焯熟，俗作白灼,(又)cok3 新讀	ciak2 在開水中略煮一下，～菜、～水；白～，用開水焯熟，俗作白灼	coek3
1044	踔	踔	coek3	ciak2	coek3
1045	婼	婼	coek3 不順從,joek6 婼羌	ciak2 不順從,jiak5 婼羌	coek3,joek6
1046	碏	碏	coek3	ciak2	coek3
1047	逴	逴	coek3	ciak2	coek3
1048	㪕	㪕	coek3 㪕起棍子	ciak2 㪕起棍子	coek3
1049	窗	窗	(舊)coeng1 窗戶，門窗,(新)cong1	caang1 窗戶，門窗	coeng1
1050	倡	倡	coeng1 提倡，倡議；倡優,(又)coeng3 提倡，倡議	ciang3 提倡，倡議,ciang1 倡優	coeng1；提倡又讀coeng3
1051	嗆	呛	coeng3 油煙嗆人,coeng1 吃飯嗆着	ciang3 油煙嗆人,ciang1 吃飯嗆着	1)coeng1:吃嗆 2)coeng3:煙嗆嗓子
1052	唱	唱	coeng3 唱歌，歌唱；〈語〉到處說，～衰，貶損，～票，喊票	ciang3 唱歌，歌唱，唱衰	coeng3
1053	搶	抢	coeng2 搶奪,coeng1 以頭搶地	ciang2 搶奪,ciang1 以頭搶地	coeng2
1054	昌	昌	coeng1	ciang1	coeng1
1055	槍	枪	coeng1	ciang1	coeng1
1056	猖	猖	coeng1	ciang1	coeng1
1057	暢	畅	coeng3 通暢，暢快；〈語〉破開，～散紙，將大額鈔票破開	ciang3 通暢，暢快；〈語〉破開，～散紙，將大額鈔票破開	coeng3
1058	倀	伥	coeng1 爲虎作倀,caang4 獨立貌,(語)caang2 瘦蜢[maŋ35]～，很瘦，疑本字㾪	ciang1 爲虎作倀,zang4 獨立貌	caang4；(又)coeng1
1059	娼	娼	coeng1	ciang1	coeng1
1060	悵	怅	coeng3	ciang3	coeng3；(又)zoeng3
1061	鏘	锵	coeng1	ciang1	coeng1
1062	戧	戗	coeng3 撑,coeng1 逆	ciang3 撑,ciang1 逆	coeng3,coeng1
1063	熗	炝	coeng3 一種烹飪方法，熗菜，熗鍋	ciang3 一種烹飪方法，熗菜，熗鍋	coeng3
1064	菖	菖	coeng1 菖蒲	ciang1 菖蒲	coeng1
1065	蹌	跄	coeng1 動也；蹌蹌，舞貌,coeng3 踉蹌	ciang1 動也；蹌蹌，舞貌,ciang3 踉蹌	coeng1,coeng3
1066	閶	阊	coeng1	ciang1	coeng1
1067	瑒	玚	coeng3 祭祀之圭,joeng4 玉名；花名	ciang3 祭祀之圭,jiang4 玉名；花名	coeng3,joeng4
1068	瑲	玱	coeng1	ciang1	coeng1
1069	錆	锖	coeng1	ciang1	coeng1
1070	鬯	鬯	coeng3	ciang3	coeng3
1071	鶬	鸧	coeng1 鶬鶬；金飾貌,cong1 鶬鶊	ciang1 鶬鶬；金飾貌,caang1 鶬鶊	coeng1,cong1
1072	蹡	𬧀	coeng1 行貌,coeng3 踉蹡	ciang1 行貌,ciang3 踉蹡	coeng1,coeng3
1073	韔	𮧴	coeng3	ciang3	coeng3
1074	償	偿	coeng4 賠償，償還	siang4 賠償，償還	soeng4
1075	嘗	尝	coeng4 嘗試，何嘗	siang4 嘗試，何嘗	soeng4
1076	常	常	coeng4 經常，常識；姓	siang4 經常，常識；姓	soeng4
1077	嚐	尝	coeng4 品嚐，飽嚐	siang4 品嚐，飽嚐	soeng4
1078	嫦	嫦	coeng4	siang4	soeng4
1079	徜	徜	coeng4 徜徉	siang4 徜徉	soeng4
1080	鱨	鲿	coeng4	siang4	soeng4
1081	場	场	coeng4	ziang4	coeng4
1082	牆	墙	coeng4	ziang4	coeng4
1083	祥	祥	coeng4	ziang4	coeng4
1084	翔	翔	coeng4	ziang4	coeng4
1085	腸	肠	coeng4 腸胃，大腸	ziang4 腸胃，大腸	coeng4
1086	詳	详	coeng4	ziang4	coeng4
1087	庠	庠	coeng4	ziang4	coeng4
1088	戕	戕	coeng4	ziang4	coeng4
1089	薔	蔷	coeng4	ziang4	coeng4
1090	嬙	嫱	coeng4	ziang4	coeng4
1091	檣	樯	coeng4	ziang4	coeng4
1092	萇	苌	coeng4	ziang4	coeng4
1093	彩	彩	coi2 光彩，彩色	caai2 光彩，彩色	coi2
1094	綵	彩	coi2 剪綵，綵球	caai2 剪綵，綵球	coi2
1095	睬	睬	coi2	caai2	coi2
1096	菜	菜	coi3	caai3	coi3
1097	蔡	蔡	coi3	caai3	coi3
1098	採	采	coi2 採摘，採取	caai2 採摘，採取	coi2
1099	采	采	coi2 文采，神采	caai2 文采，神采	coi2；(古)coi3菜邑
1100	茝	茝	coi2 香草名,zi2 白芷	caai2 香草名,zi2 白芷	coi2,zi2
1101	啋	啋	coi1	caai1	coi1
1102	棌	棌	coi3 棌樹	caai3 棌樹	coi3
1103	縩	𮉯	coi3	caai3	coi3
1104	䐆	䐆	coi2,(白)caai2 牛～，牛下水	caai2	coi2
1105	才	才	coi4 才華，人才	zaai4 才華，人才	coi4
1106	纔	才	coi4 剛纔，纔來，纔得	zaai4 剛纔，纔來，纔得	coi4
1107	材	材	coi4	zaai4	coi4
1108	裁	裁	coi4	zaai4	coi4
1109	財	财	coi4	zaai4	coi4
1110	剒	剒	cok3	caak2	cok3
1111	戳	戳	cok3 戳穿；郵戳,(語)cot6 俗字，男陰，戳物的合音，又假借字腏；詈語，～頭，龜頭，笨～，笨蛋、膿包；後綴成分，～死，要死，貴～死，貴得要死；程度副詞，噉～屎，這麼差勁，也說噉㞓屎，老～屎，裝老成、裝老練，也說老㞓屎	cuk2 戳穿；郵戳,(語)cot6 俗字，男陰，戳物的合音，又假借字腏；詈語，～頭，龜頭；後綴成分，～死，要死，貴～死，貴得要死；程度副詞，老～屎，年紀不大卻裝老成、自作聰明	coek3；(又)cok3
1112	擉	擉	cok3 剌也；～人，用肘部擊人	cuk2 剌也	cok3
1113	倉	仓	cong1	caang1	cong1
1114	創	创	cong3 創造；創傷，古讀平聲	caang3 創造；創傷，古讀平聲	1)cong3:創造 2)cong1:刀創
1115	廠	厂	cong2	caang2	cong2
1116	敞	敞	cong2	caang2	cong2
1117	滄	沧	cong1	caang1	cong1
1118	瘡	疮	cong1	caang1	cong1
1119	艙	舱	cong1	caang1	cong1
1120	蒼	苍	cong1	caang1	cong1
1121	闖	闯	cong2 闖入，闖禍,cong3 撞，～爛，～倒，～見	caang2 闖入，闖禍,caang3 撞，～爛，～倒，～見	cong2；闖蕩江湖又讀cong3
1122	傖	伧	cong1	caang1	cong1
1123	愴	怆	cong3	caang3	cong3
1124	惝	惝	cong2,(又)tong2	caang2,(又)taang2	tong2,cong2
1125	昶	昶	cong2	caang2	cong2
1126	氅	氅	cong2	caang2	cong2
1127	鯧	鲳	(習)cong1 鯧魚，俗字䱽/倉,(書)coeng1	(習)caang1 鯧魚，俗字䱽/倉,(書)ciang1	coeng1
1128	鋹	𬬮	cong2	caang2	cong2
1129	䱽	䲝	cong1 同鯧字	caang1 同鯧字	cong1
1130	牀	床	cong4 牀鋪，河牀	saang4 牀鋪，河牀	cong4
1131	床	床	cong4 同牀字	saang4 同牀字	cong4
1132	幢	幢	cong4 人影幢幢，經幢,zong6 量詞	zung4 人影幢幢，經幢,zung6 量詞	1)cong4:幡幢 2)zong6:一幢樓 3)tong4:海幢寺
1133	橦	橦	cong4 竿,tung4 木棉樹	zung4 竿,doeng4 木棉樹	cong4,tung4
1134	噇	噇	cong4	zung4	zong6,cong4
1135	噪	噪	cu3 噪聲	caau3 噪聲	cou3
1136	操	操	cu1 操作，體操；操守，古讀去聲	caau1 操作，體操；操守，古讀去聲	1)cou1:操戈 2)cou3:操守
1137	燥	燥	cu3	caau3	cou3
1138	糙	糙	cu3 粗糙，糙米	caau3 粗糙，糙米,(白)njaau3 韌、嚼不爛，～牛筋，韌[ȵɐŋ55]～～	cou3
1139	草	草	cu2	caau2	cou2
1140	躁	躁	cu3	caau3	cou3
1141	𥖨	𥖨	cu3	caau3	cou3
1142	譟	噪	cu3 譟動，鼓譟	caau3 譟動，鼓譟	cou3
1143	懆	懆	cu2	caau2	cou2
1144	氉	氉	cu3	caau3	cou3,sou3
1145	騲	草	cu2 騲雞	caau2 騲雞	cou2
1146	粗	粗	cu1	cu1	cou1
1147	醋	醋	cu3	cu3	cou3
1148	厝	厝	cu3	cu3	cou3
1149	麤	麤	cu1	cu1	cou1
1150	瘄	瘄	cu3	cu3	cou3
1151	曹	曹	cu4	zaau4	cou4
1152	槽	槽	cu4 馬槽，跳槽	zaau4 馬槽，跳槽	cou4
1153	嘈	嘈	cu4 嘈雜，嘮嘈（同㗦嘈）；～唏巴閉，吵吵嚷嚷，唏實爲喧的音變	zaau4 嘈雜，嘮嘈（同㗦嘈）；～天巴閉，吵吵嚷嚷	cou4
1154	漕	漕	cu4	zaau4	cou4
1155	螬	螬	cu4	zaau4	cou4
1156	艚	艚	cu4	zaau4	cou4
1157	𥕢	𥕢	cu4	zaau4	cou4
1158	徂	徂	cu4	zu4	cou4
1159	殂	殂	cu4	zu4	cou4
1160	催	催	cui1	cui1	ceoi1
1161	吹	吹	cui1 吹噓，吹奏	cui1 吹噓，吹奏	ceoi1
1162	崔	崔	cui1 姓	cui1 姓	ceoi1
1163	悴	悴	cui3	cui3	seoi6
1164	揣	揣	cui2 揣度，揣摩	cui2 揣度，揣摩	cyun2；(又)ceoi2
1165	摧	摧	cui1	cui1	ceoi1
1166	炊	炊	cui1	cui1	ceoi1
1167	粹	粹	cui3 純粹	cui3 純粹	seoi6
1168	翠	翠	cui3	cui3	ceoi3
1169	脆	脆	cui3	cui3	ceoi3
1170	瘁	瘁	cui3	cui3	seoi6
1171	萃	萃	cui3	cui3	seoi6
1172	啐	啐	cui3 嚐；唾聲	cui3 嚐；唾聲	ceoi3
1173	榱	榱	cui1	cui1	ceoi1
1174	毳	毳	cui3	cui3	ceoi3
1175	淬	淬	cui3	cui3	ceoi3
1176	璀	璀	cui1 璀璨，讀同崔	cui1 璀璨，讀同崔	ceoi1
1177	漼	漼	cui2	cui2	ceoi2
1178	縗	缞	cui1	cui1	ceoi1
1179	膵	膵	cui3 膵臟，膵液	cui3 膵臟，膵液	seoi6
1180	綷	𮉬	cui3	cui3	ceoi3
1181	獕	獕	cui1	cui1	ceoi1
1182	膪	膪	cui2 囊膪（口語稱泡[pʰau55]囊[nɔŋ55]肉）	cui2 囊膪（口語稱泡[mau53]囊[naŋ53]肉）	ceoi2
1183	捶	捶	cui4 捶背，捶擊	zui4 捶背，捶擊	ceoi4
1184	錘	锤	cui4 鐵錘，秤錘	zui4 鐵錘，秤錘	1)ceoi4:鐵錘 2)seoi4:稱錘
1185	鎚	锤	cui4	zui4	ceoi4
1186	隋	隋	cui4	zui4	ceoi4
1187	隨	随	cui4 隨便，跟隨；〈語〉氣味，貶義，避諱氣/棄	zui4 隨便，跟隨	ceoi4
1188	槌	槌	cui4 棒槌，鼓槌；拳～，拳頭	zui4 棒槌，鼓槌；拳～，拳頭	ceoi4
1189	棰	棰	cui4	zui4	ceoi4
1190	搥	搥	cui4 同捶字	zui4 同捶字	ceoi4
1191	𢶀	𢶀	cui4 損,zui6 拉，俗字拽	zui4 損,zui6 拉，俗字拽	ceoi4,zeoi6
1192	促	促	cuk1 督促，促進	coek2 督促，促進	cuk1
1193	束	束	cuk1	coek2	cuk1
1194	畜	畜	cuk1 畜生；畜牧	coek2 畜生；畜牧	cuk1
1195	矗	矗	cuk1	coek2	cuk1
1196	築	筑	cuk1 建築	coek2 建築	zuk1
1197	簇	簇	cuk1 簇擁，簇新，一簇,(語)sluk1 詞綴，新～～，很新、簇新，白～～，雪白，讀同心母的簌	coek2 簇擁，簇新，一簇,(語)sluk3 詞綴，新～～，很新、簇新，讀同心母的簌	cuk1
1198	蓄	蓄	cuk1 儲蓄	coek2 儲蓄	cuk1
1199	觸	触	cuk1 觸動，牴觸,(白)juk1 動，俗字逳/喐，見林亦《廣西粵方言塞音、塞擦音鼻音化小規律所轄字的考察》	coek2 觸動，牴觸,(白)njoek3 動，俗字逳/喐，見林亦《廣西粵方言塞音、塞擦音鼻音化小規律所轄字的考察》,(白)njuk3 又音，動，俗字逳/喐	zuk1；(又)cuk1
1200	速	速	cuk1	coek2	cuk1
1201	蹙	蹙	cuk1	coek2	cuk1
1202	齪	龊	cuk1 齷齪	coek2 齷齪,(常)cuk2 俗讀	cuk1
1203	搐	搐	cuk1	coek2	cuk1
1204	涑	涑	cuk1	coek2	cuk1
1205	簌	簌	cuk1 簌簌,(語)slu4 詞綴，恂[ɬɐn21]～～，發抖貌；～～灑[ɬa21]灑[ɬa21]，做事拖泥帶水；案，本字擻，簌簌爲元曲寫法	coek2 簌簌,(語)slu4 詞綴，落雨～～，雨唰唰地下；散～～，鬆散貌；案，本字擻，簌簌爲元曲寫法	cuk1
1206	觫	觫	cuk1	coek2	cuk1
1207	蹴	蹴	cuk1	coek2	cuk1
1208	亍	亍	cuk1	coek2	cuk1
1209	斶	斶	cuk1	coek2	cuk1
1210	琡	琡	cuk1	coek2	cuk1
1211	蔌	蔌	cuk1	coek2	cuk1
1212	餗	𫗧	cuk1	coek2	cuk1
1213	滀	滀	cuk1	coek2	cuk1
1214	筑	筑	cuk1 古代弦樂器	coek2 古代弦樂器	zuk1
1215	諔	𰵴	cuk1	coek2	cuk1
1216	充	充	cung1	coeng1	cung1
1217	沖	冲	cung1 沖洗，沖茶；地名用字，竹排沖（南寧河名，又稱竹排坑、竹筏坑），廣東多作涌/埇，廣西也有作埇，皆同源，本字潨	coeng1 沖洗，沖茶；地名用字，竹排沖（南寧河名，又稱竹排坑、竹筏坑），廣東多作涌/埇，廣西也有作埇，皆同源，本字潨	cung1
1218	衝	冲	cung1 衝鋒，衝鼻；～菜，用芥菜醃製的有衝鼻嗆味的菜	coeng1 衝鋒，衝鼻	cung1
1219	匆	匆	cung1 匆忙，匆匆	coeng1 匆忙，匆匆	cung1
1220	囪	囱	cung1 煙囪,(訓)tung1 煙囪，訓讀通	coeng1 煙囪,(訓)toeng1 煙囪，訓讀通	cung1；(語)tung1:同窗
1221	寵	宠	cung2	coeng2	cung2
1222	聰	聪	cung1	coeng1	cung1
1223	蔥	葱	cung1 蔥花，洋蔥	coeng1 蔥花，洋蔥	cung1
1224	憧	憧	cung1 憧憬	coeng1 憧憬,(白)zung6 笨；擔[tam55]～，蠢笨，～腏（戳物），笨蛋	cung1；(又)tung4
1225	舂	舂	cung1 舂米；～坎，石臼	coeng1 舂米；～坎，石臼	zung1
1226	忡	忡	cung1	coeng1	cung1
1227	樅	枞	cung1 冷杉,zung1 地名，樅陽（在安徽）	coeng1 冷杉,zoeng1 地名，樅陽（在安徽）	cung1,zung1
1228	熜	熜	cung1 微火；熱氣,zung2 用麻莖捆扎成的火炬	coeng1 微火；熱氣,zoeng2 用麻莖捆扎成的火炬	cung1,zung2
1229	璁	璁	cung1	coeng1	cung1
1230	蓯	苁	cung1	coeng1	cung1
1231	銃	铳	cung3 火銃	coeng3 火銃	cung3
1232	驄	骢	cung1	coeng1	cung1
1233	珫	珫	cung1	coeng1	cung1
1234	翀	翀	cung1	coeng1	cung1
1235	茺	茺	cung1	coeng1	cung1
1236	㳘	㳘	cung1	coeng1	cung1
1237	埫	埫	cung2	coeng2	cung2
1238	摏	摏	cung1	coeng1	zung1
1239	葱	葱	cung1 同蔥字	coeng1 同蔥字	cung1
1240	揰	揰	cung3 推擊	coeng3 推擊	cung3
1241	瑽	𪻐	cung1	coeng1	cung1
1242	鏦	𫓩	cung1	coeng1	cung1
1243	𥅻	𥅻	cung3	coeng3	cung3
1244	叢	丛	cung4	zoeng4	cung4
1245	從	从	cung4 跟從；從容，古讀七恭切、書容切	zoeng4 跟從；從容，古讀七恭切、書容切	1)cung4:服從 2)sung1:從容 3)zung6:主從；(古)zung1 從橫
1246	崇	崇	cung4	zoeng4	sung4
1247	松	松	cung4 松樹，松子，松香，松木,(又)slung1 松樹，松子	zoeng4 松樹，松子，松香，松柴（燒火用的松木）,(常)sloeng1 松樹，松子，松香	cung4
1248	蟲	虫	cung4 蟲子，昆蟲,(白)cung2 點蟲～，蟲～飛，飛到隔籬阿婆啲；荔枝熟，摘一穙，荔枝生，摘一罌，啤哩穙稑打薄鐺	zoeng4 蟲子，昆蟲	cung4
1249	重	重	cung5 輕重，重要，重病，保留濁上,cung4 重複，重新,zung6 副詞，還、仍，俗字仲	zoeng5 輕重，重要，重病,zoeng4 重複，重新,zoeng6 副詞，還、仍，俗字仲	1)zung6:重要 2)cung4:重複 3)cung5:輕重
1250	淙	淙	cung4 淙淙,(又)zung1	zoeng4 淙淙,(又)zoeng1	cung4；(又)zung1
1251	琮	琮	cung4,(又)zung1	zoeng4,(又)zoeng1	cung4
1252	悰	悰	cung4,(又)zung1	zoeng4,(又)zoeng1	cung4
1253	虫	虫	cung4 同蟲字,wai2 虺的本字	zoeng4 同蟲字,wai2 虺的本字	wai2；蟲的俗寫
1254	种	种	cung4 姓,zung3 同種字,zung2 同種字	zoeng4 姓,zoeng3 同種字,zoeng2 同種字	zung3,cung4,zung2
1255	藂	藂	cung4	zoeng4	cung4
1256	賨	𰷥	cung4	zoeng4	cung4
1257	潨	潨	cung4 水流匯合處,zung1 崖岸	zoeng4 水流匯合處,zoeng1 崖岸	cung4,zung1
1258	取	取	cyu2 爭取，取消	cyu2 爭取，取消,(白)cu2 助詞，動詞後表動作方式，着，亞種菜炒～吃好吃，這種菜炒着吃好吃	ceoi2
1259	處	处	cyu5 相處，處理，讀同杵,cyu3 處所，到處，處暑	cyu2 相處，處理,cyu3 處所，到處，處暑	1)cyu3:住處 2)cyu2:處理
1260	娶	娶	cyu2 娶親，嫁娶	cyu2 娶親，嫁娶,(白)cu2 娶老婆	ceoi2；(又)ceoi3
1261	趨	趋	cyu1	cyu1	ceoi1；(古)同促
1262	趣	趣	cyu3	cyu3	ceoi3；(古)同促
1263	芻	刍	cyu1	cyu1	co1
1264	杵	杵	cyu5 杵臼，舂杵	cyu2 杵臼，舂杵（口語也稱舂柱）	cyu5
1265	蛆	蛆	cyu1 生蛆	cyu1 生蛆	zeoi1
1266	覷	觑	cyu3 小覷，面面相覷	cyu3 小覷，面面相覷	ceoi3
1267	貙	䝙	cyu1	cyu1	ceoi1
1268	坥	坥	cyu1	cyu1	ceoi1
1269	儲	储	cyu4 儲蓄，儲備	zyu4 儲蓄，儲備	cyu5
1270	廚	厨	cyu4	zyu4	cyu4；(語)ceoi4
1271	徐	徐	cyu4	zyu4	ceoi4
1272	柱	柱	cyu5 樑柱，柱石	zyu5 樑柱，柱石；神～牌，神位、靈位	cyu5
1273	櫥	橱	cyu4	zyu4	cyu4；(語)ceoi4
1274	貯	贮	cyu5 貯備，積貯，讀同眝	zyu5 貯備，積貯，讀同眝	cyu5；(又)cyu2
1275	除	除	cyu4	zyu4	ceoi4
1276	雛	雏	cyu4 雛形，鳳雛,(又)cyu1	zyu4 雛形，鳳雛	co1；(又)co4
1277	佇	伫	cyu5	zyu5	cyu5
1278	苧	苎	cyu5 苧麻	zyu5 苧麻	cyu5
1279	褚	褚	cyu5 裝衣也，讀同貯；姓	zyu5 裝衣也，讀同貯；姓	cyu5；(又)cyu2
1280	躇	躇	cyu4	zyu4	cyu4
1281	杼	杼	cyu5	zyu5	cyu5
1282	楮	楮	cyu5	zyu5	cyu5
1283	滁	滁	cyu4	zyu4	ceoi4
1284	躕	蹰	cyu4	zyu4	cyu4
1285	砫	砫	cyu5	zyu5	cyu5
1286	紵	纻	cyu5	zyu5	cyu5
1287	詝	𬣞	cyu5	zyu5	cyu5
1288	篨	篨	cyu4	zyu4	ceoi4
1289	鶵	𬸅	cyu4,(又)cyu1	zyu4	co1,co4
1290	竚	竚	cyu5	zyu5	cyu5
1291	篡	篡	cyun3	con3	saan3
1292	汆	汆	cyun1 俗字，用沸水稍煮，汆丸子，汆湯，汆青菜，本字爨	con1 俗字，用沸水稍煮，汆丸子，汆湯，汆青菜，本字爨	cyun1,tan2
1293	寸	寸	cyun3	cun3	cyun3
1294	村	村	cyun1	cun1	cyun1
1295	竄	窜	cyun3 流竄，竄逃	cun3 流竄，竄逃	cyun2；(又)cyun3
1296	忖	忖	cyun2	cun2	cyun2
1297	爨	爨	cyun3 分爨，執爨	cun3 分爨，執爨	cyun3
1298	攛	撺	cyun3	cun3	cyun3
1299	躥	蹿	cyun3 跳；〈語〉囂張,(又)cyun1 跳	cun3 跳；〈語〉囂張,(又)cun1 跳；～戇[ŋaŋ55]戇[ŋaŋ55]，踉踉蹌蹌	cyun1
1300	鑹	镩	cyun1	cun1	cyun1
1301	邨	邨	cyun1	cun1	cyun1
1302	吋	吋	cyun3	cun3	cyun3
1303	串	串	cyun3	cyun3	cyun3
1304	喘	喘	cyun2	cyun2	cyun2
1305	川	川	cyun1	cyun1	cyun1
1306	穿	穿	cyun1	cyun1	cyun1
1307	舛	舛	cyun2	cyun2	cyun2
1308	釧	钏	cyun3	cyun3	cyun1；(又)cyun3
1309	氚	氚	cyun1	cyun1	cyun1
1310	踳	踳	cyun2 同舛字	cyun2 同舛字	cyun2
1311	存	存	cyun4	zon4	cyun4
1312	全	全	cyun4	zyun4	cyun4
1313	泉	泉	cyun4	zyun4	cyun4
1314	痊	痊	cyun4	zyun4	cyun4
1315	荃	荃	cyun4	zyun4	cyun4
1316	詮	诠	cyun4	zyun4	cyun4
1317	銓	铨	cyun4	zyun4	cyun4
1318	椽	椽	cyun4 椽子,(又)jyun4 讀同緣	zyun4 椽子,(又)jyun4 讀同緣	cyun4
1319	筌	筌	cyun4	zyun4	cyun4
1320	遄	遄	cyun4	zyun4	cyun4
1321	醛	醛	cyun4	zyun4	cyun4
1322	佺	佺	cyun4	zyun4	cyun4
1323	瑔	瑔	cyun4	zyun4	cyun4
1324	輇	辁	cyun4	zyun4	cyun4
1325	鰁	鳈	cyun4	zyun4	cyun4
1326	牷	牷	cyun4	zyun4	cyun4
1327	篅	篅	cyun4 盛穀具	zyun4 盛穀具	cyun4
1328	出	出	cyut1 出去，外出,(又)cat1,(語)coet1 屈[kʷɐt2]律[lœt5]～，禿貌；案，元曲作出律（光/滑/黑出律）,(語)cet1 短/薄律[lɛt5]～，短/薄貌，也作短/薄設[tʃʰɛt5]設[tʃʰɛt5]	cat2 出去，外出	ceot1
1329	齣	出	cyut1 一齣戲,(又)cat1	cat2 一齣戲	ceot1
1330	怵	怵	cyut1,(又)cat1	cat2	zeot1
1331	黜	黜	cyut1 罷黜，黜退,(又)cat1	cat2 罷黜，黜退	zyut3；(又)zeot1
1332	猝	猝	cyut1 倉猝，猝然	cat2 倉猝，猝然	cyut3
1333	黢	黢	cyut1 黢黑，黑黢黢	cat2 黢黑，黑黢黢	zeot1,ceot1
1334	䢺	䢺	cyut1,(又)cat1	cat2	ceot1
1335	撮	撮	cyut3 一撮，撮合,(又)zyut3	cut2 一撮，撮合,(又)zut2	cyut3
1336	打	打	daa2 擊打，打球；〈語〉處所介詞，相當於喺，～啲，在這/那兒，～個，在，老派用法,(外)daa1 量詞，十二個，英語dozen	daa2 擊打，打球,(外)daa1 量詞，十二個，英語dozen	1)daa2:打人 2)daa1:十二個叫一打
1337	呆	呆	daai1 書呆子，癡呆，本字懛；〈又〉呆板,ngoi4 呆板，本字獃	daai1 書呆子，癡呆，本字懛；〈又〉呆板,ngaai4 呆板，本字獃	1)ngoi4:呆板 2)daai1:通獃,書獃子
1338	大	大	daai6 大小，大夫，大蒜,(白)daai2 老～，老人家	daai6 大小，大夫，大蒜	daai6 大哥；(古)同泰
1339	帶	带	daai3 帶領，鞋帶；交～，交代,(白)naai3 連帶，～球射門，端組旁轉，俗字𠮨	daai3 帶領，鞋帶,(白)naai3 連帶，講話東～西～，講話東拉西扯，端組旁轉，俗字𠮨	daai3
1340	戴	戴	daai3 戴帽，愛戴；姓	daai3 戴帽，愛戴；姓	daai3
1341	歹	歹	daai2	daai2	daai2
1342	傣	傣	daai2 傣族,(又)taai3 本讀	daai2 傣族,(又)taai3 本讀	daai2,taai3
1343	軑	轪	daai6	daai6	daai6
1344	獃	呆	daai1 書獃子，癡獃，本字懛；〈又〉獃板,ngoi4 獃板	daai1 書獃子，癡獃，本字懛；〈又〉獃板,ngaai4 獃板	ngoi4
1345	汏	汏	daai6 洗,taai3 同汰字	daai6 洗,taai3 同汰字	daai6
1346	懛	懛	daai1 懛獃	daai1 懛獃	daai1
1347	咑	咑	daak1 象聲詞,daa1 叱驢馬聲,(語)daa3 啲～，嗩吶或嗩吶聲	daak3 象聲詞,daa1 叱驢馬聲,(語)daa3 象聲詞，嘟[tu55]嚕[lu55]～喇[la55]，東西掉落聲	daa1,daak1
1348	擔	担	(名)daam3 擔子，扁擔（口語稱擔潤/竿）；～箕，有梁的簸箕,(動)daam1 擔任，承擔，擔心	(名)daam3 擔子，扁擔（口語稱擔竿）,(動)daam1 擔任，承擔，擔心	1)daam1:擔水 2)daam3:重擔
1349	氮	氮	daam6	daam5	daam6
1350	耽	耽	daam1 耽誤，耽湎,(白)nam1 傻、土氣，端組旁轉，由遲延義引申爲遲鈍，進而引申爲土氣、土包子，俗字恁	daam1 耽誤，耽湎,(白)dam1 ～頹，遲鈍、傻，由遲延義引申爲遲鈍,(白)nam1 傻、土氣，端組旁轉，由遲延義引申爲遲鈍，進而引申爲土氣、土包子，俗字恁	daam1
1351	膽	胆	daam2	daam2	daam2
1352	啖	啖	daam6 吃；姓；〈量〉口	daam6 吃；姓；〈量〉口	daam6
1353	澹	澹	daam6 澹泊，恬澹；澹定，俗作淡定,taam4 澹臺（複姓）	daam6 澹泊，恬澹；澹定，俗作淡定,daam4 澹臺（複姓）	daam6；(複姓,湖名)taam4澹臺
1354	儋	儋	daam1	daam1	daam1,daam3
1355	眈	眈	daam1 虎視眈眈	daam1 虎視眈眈	daam1
1356	聃	聃	daam1	daam1	daam1
1357	萏	萏	daam6	daam6	daam6
1358	賧	赕	daam6 蠻夷贖罪貨；奉獻,taam3 夷人以財贖罪	daam6 蠻夷贖罪貨；奉獻,taam3 夷人以財贖罪	daam6
1359	憺	憺	daam6	daam6	daam6
1360	紞	𬘘	daam2 冕前垂者	daam2 冕前垂者	daam2
1361	啗	啗	daam6	daam6	daam6
1362	窞	窞	daam6 深坎,(白)tam5 小水坑，俗字氹/凼	daam6 深坎,(白)dam5 小水坑，俗字氹/凼,(白)maam2 口～，老人牙掉後口腔四周肌肉內陷，端組、泥明母旁轉，俗字凹	daam6,tam5
1363	髧	髧	daam6 髮垂,(語)dam3 垂下，與耷/塌對轉	daam6 髮垂,(語)dam3 垂下，與耷/塌對轉	dam3,daam6
1364	躭	躭	daam1	daam1	daam1
1365	丹	丹	daan1	daan1	daan1
1366	但	但	daan6	daan6	daan6
1367	單	单	daan1 單獨，孤單；～丁，孤單、單獨,sin6 姓,sim4 單于	daan1 單獨，孤單；～丁，孤單、單獨,syun6 姓,sim4 單于	1)daan1:單純 2)sin6:姓單；(古人名)sim4單于
1368	彈	弹	daan6 子彈，彈弓,(白)ten4 彈琴，彈指，彈簧；〈常〉彈弓，取彈射之弓義,(文)taan4	daan6 子彈，彈弓,daan4 彈琴，彈指，彈簧,(白)den4 彈玻珠，彈手指	1)daan6:彈丸 2)taan4:彈劾；(語)daan2炸彈
1369	旦	旦	daan3 元旦，花旦	daan3 元旦，花旦	1)daan3:元旦 2)daan2:花旦
1370	蛋	蛋	daan6	daan6	daan6
1371	誕	诞	daan3	daan3	daan3
1372	憚	惮	daan6	daan6	daan6
1373	簞	箪	daan1	daan1	daan1
1374	亶	亶	daan6 同但字,taan2 誠信；姓	daan6 同但字,taan2 誠信；姓	daan6,taan2
1375	撣	掸	daan2 雞毛撣子,sin6 撣族	daan2 雞毛撣子,syun6 撣族	daan6,sin6
1376	殫	殚	daan1	daan1	daan1
1377	澶	澶	daan6 澶漫,sin4 澶淵	daan6 澶漫,sin4 澶淵	daan6,sin4
1378	疸	疸	daan2 黃疸,daap3 疙疸，即疙瘩,(訓)daam2 黃疸又作黃膽，訓讀膽	daan2 黃疸,daap2 疙疸，即疙瘩	taan2
1379	鄲	郸	daan1	daan1	daan1
1380	癉	瘅	daan1 火癉,daan3 勞病；憎恨	daan1 火癉,daan3 勞病；憎恨	daan1,daan3
1381	蜑	蜑	daan6 蜑家，蜑民，俗字疍,(又)dang6 蜑家，後字逆同化，俗作鄧家	daan6 蜑家，蜑民，俗字疍	daan6
1382	僤	𫢸	daan6	daan6	daan6
1383	疍	疍	daan6 疍家，疍民，本字蜑,(又)dang6 疍家，後字逆同化，俗作鄧家	daan6 疍家，疍民，本字蜑	daan6
1384	泹	泹	daan2 俗字，～水，用開水焯，本字燀	daan2 俗字，焯，本字燀	daan6
1385	襌	襌	daan1	daan1	daan1
1386	搭	搭	daap3 搭車（乘車），搭橋	daap2 搭車（乘車），搭橋,(語)paap3 搭，亞條溼毛巾～住膊頭，此處端母讀如滂母,(語)pap3 聚攏，亞啲嘢～做一堆；搧（耳光），此處端母讀如滂母	daap3
1387	瘩	瘩	daap3 瘩背，疙瘩	daap2 瘩背，疙瘩	daap3
1388	答	答	daap3	daap2	daap3
1389	踏	踏	daap6	daap6	daap6
1390	蹋	蹋	daap6	daap6	daap6
1391	嗒	嗒	daap1 嘀嗒；吃、咬，狗～一啖肉；咂嘴聲，食得～～聲，與啖對轉,taap3 嗒然若失,(白)dep1 吃，慢慢～，慢慢吃；～嘴脣，咂嘴；～嘴，親嘴，俗字䑜；詞綴，酸～～，酸不溜丟,(白)nep1 （蚊蟲）咬、（馬蜂）蜇，端組旁轉，俗字囁,(白)dap1 詞綴，酸～～，酸不溜丟，與醰對轉,(語)baap1 ～菸，抽菸，此處端母讀如幫母,(語)bap1 又音，～菸，抽菸	daap3 嘀嗒；咂嘴聲，響～～，與啖對轉,taap2 嗒然若失,(白)dep3 ～口脣，咂嘴；～嘴，親嘴，俗字䑜；詞綴，酸～～，酸不溜丟,(白)dap3 魚～腳，魚嘴碰人腳，俗字𠹥,(白)nep3 （蚊蟲）咬、（馬蜂）蜇，端組旁轉，俗字囁	daap1,taap3,daat6
1392	沓	沓	daap6 一沓紙，紛至沓來；三～石，大沙田的三疊石古蹟,(白)dap6 厚～～，很厚	daap6 一沓紙，紛至沓來；三～石，大沙田的三疊石古蹟,(白)nap6 重～～，沉甸甸，端組旁轉,(白)nep6 軟～～，身軟無力，端組旁轉,(語)bap6 摺疊，～被；捲，～衫袖，此處定母讀如並母	daap6
1393	耷	耷	daap3 大耳,dap1 俗字，垂下，～頭，低頭，膊頭～，溜肩，源自塌，墮也，與髧對轉,(語)bap1 耷拉、垂下，～耳，耷拉着耳朵，此處端母讀如幫母	daap2 大耳,dap2 俗字，垂下，～頭，低頭，源自塌，墮也，與髧對轉,(語)bap3 耷拉、垂下，～耳朵，耷拉着耳朵，此處端母讀如幫母,(語)bap2 又音，垂蓋，亞隻豬耳朵冇～，是徛起來嘅	daap3
1394	褡	褡	daap3	daap2	daap3
1395	撘	撘	daap3 同搭字	daap2 同搭字,(白)dap2 砍、斬，～排骨,(白)nap2 （用棍子）插（在地上），端組旁轉	daap3
1396	遝	遝	daap6	daap6	daap6
1397	䂿	䂿	daap6 舂已復擣之,(白)dap6 砸、捶，～背脊，俗字撘,(白)dam6 跺，～腳,(白)map6 用石擲、用棍打，端組、泥明母旁轉	daap6 舂已復擣之,(白)dap6 砸、捶，～背脊，俗字撘,(白)dam6 跺，～腳	daap6
1398	䐛	䐛	daap3	daap2	daap1
1399	達	达	daat6 到達，達成；十點～四，十點二十分,(古)taat3 挑達	daat6 到達，達成,(古)taat2 挑達	daat6
1400	靼	靼	daat3	daat2	daat3
1401	妲	妲	daat3 妲己	daat2 妲己	taan2,daat3
1402	怛	怛	daat3 慘怛，怛惕	daat2 慘怛，怛惕	daat3
1403	笪	笪	daat3 〈名〉竹笪，洞～，茓子；〈量〉塊，一～定[tɛŋ22]，一處地方	daat2 竹笪，洞～，茓子	daat3
1404	噠	哒	daat6 象聲詞,(語)daat1 （竹板打屁股）～～響，啪啪響	daat6 象聲詞,(語)daat3 裂開近乎斷	daat6
1405	炟	炟	daat3	daat2	daat3
1406	薘	荙	daat6	daat6	daat6
1407	鐽	𫟼	daat6	daat6	daat6
1408	墶	垯	daat3 圪墶	daat2 圪墶	daat3
1409	䃮	鿎	daat6	daat6	daat6
1410	繨	𫄤	daat6	daat6	daat6
1411	低	低	dai1 高低，低頭	dai1 高低，低頭	dai1
1412	帝	帝	dai3	dai3	dai3
1413	底	底	dai2 底部，水底；量詞，用於未切開的糕點，整塊、盤，一～年糕、一～蘿蔔糕,dik1 舊同的字,(白)dai1 裏/外～，裏/外面，下～，下面，俗字低	dai2 底部，水底,dik2 舊同的字	dai2
1414	弟	弟	dai6 兄弟，徒弟,(語)di2 弟[ti21]～、阿～，小弟；鋤大～，撲克的一種玩法，俗作鋤大地	dai6 徒弟，弟子,(白)dai5 兄弟，老弟，阿弟，弟[tɐi21]弟	dai6；(古)同悌tai5
1415	抵	抵	dai2 抵押，抵抗；～值，划算、值得，～恁，能忍受、吃得虧，搏～，佔便宜	dai2 抵押，抵抗；～值，划算、值得，～恁，能忍受、吃得虧，搏～，佔便宜	dai2
1416	第	第	dai6 及第，第一；～日，次日、改天；別，～個，～啲，～笪定[tɛŋ22],(又)daai6 別，～個，～啲，～笪定[tɛŋ22]，語流音變	dai6 及第，第一；～二日，次日	dai6
1417	締	缔	dai3	dai3	dai3；(又)tai3
1418	蒂	蒂	dai3 瓜蒂，根蒂，古字蔕	dai3 瓜蒂，根蒂，古字蔕	dai3
1419	遞	递	dai6 傳遞，遞交,(語)doe2 遞，疑本字柱，支也，知三讀如端	dai6 傳遞，遞交,(語)dyu5 遞，疑本字柱，支也，知三讀如端	dai6
1420	逮	逮	dai6 逮捕；逮老鼠	dai6 逮捕；逮老鼠	dai6；(又)doi6
1421	隸	隶	dai6 奴隸，隸書，讀同棣	dai6 奴隸，隸書，讀同棣	dai6；隸書又音lai6
1422	悌	悌	dai6 孝悌，愷悌	dai6 孝悌，愷悌	1)tai5:愷悌 2)dai6:同弟
1423	棣	棣	dai6	dai6	dai6
1424	氐	氐	dai1 氐羌；氐宿,dai2 古同柢	dai1 氐羌；氐宿,dai2 古同柢	dai1；根本義讀dai2
1425	砥	砥	dai2	dai2	dai2
1426	詆	诋	dai2	dai2	dai2
1427	諦	谛	dai3 真諦，諦視；詐～，假裝	dai3 真諦，諦視	dai3
1428	邸	邸	dai2	dai2	dai2
1429	坻	坻	dai2 寶坻縣,ci4 水中高地	dai2 寶坻縣,zi4 水中高地	dai2,ci4
1430	埭	埭	dai6,(又)doi6	dai6,(又)daai6	dai6
1431	柢	柢	dai2 根柢	dai2 根柢	dai2
1432	碲	碲	dai3	dai3	dai3
1433	骶	骶	dai2	dai2	dai2
1434	磾	䃅	dai1	dai1	dai1
1435	螮	䗖	dai3	dai3	dai3
1436	杕	杕	dai6	dai6	dai6
1437	禘	禘	dai3	dai3	dai3
1438	羝	羝	dai1	dai1	dai1
1439	踶	踶	dai6 踢,tai4 蹄,ci4 踶躕	dai6 踢,dai4 蹄,zi4 踶躕	dai6,zi6,ci4,tai4
1440	鞮	鞮	dai1	dai1	dai1
1441	媂	媂	dai3	dai3	dai3
1442	𤧛	𤧛	dai3	dai3	dai3
1443	牴	牴	dai2 牴觸，牴牾	dai2 牴觸，牴牾	dai2
1444	渧	渧	dai3	dai3	dai3
1445	蔕	蔕	dai3 瓜當也，後作蒂	dai3 瓜當也，後作蒂	dai3
1446	䟡	䟡	dai3 蹋也,zi1 同胝字	dai3 蹋也,zi1 同胝字	dai3,zi1
1447	俤	俤	dai6	dai6	dai6
1448	得	得	dak1 得到，心得,(白)nak1 粈[nɛu55]～～，黏乎乎，端組旁轉，少數人有[nak3]或[nɐk2]的音變；案，近代漢語中得得可作詞綴，例如膩得得	dak2 得到，心得	dak1
1449	德	德	dak1	dak2	dak1
1450	特	特	dak6 特別，獨特；象聲詞，馬蹄聲，馬～～，馬，童語	dak6 特別，獨特	dak6
1451	嘚	嘚	dak1 象聲詞	dak2 象聲詞	dak1
1452	鍀	锝	dak1	dak2	dak1
1453	螣	螣	dak6 食禾蟲,tang4 螣蛇	dak6 食禾蟲,dang4 螣蛇	dak6,tang4
1454	抌	抌	dam2 捶，與䂿對轉；搶劫，捱土匪～	dam2 捶，與䂿對轉；搶劫，捱土匪～；編織，～布	dam2
1455	揼	揼	dam1 假借字，（以頭）撞，疑本字揕,dam3 假借字，換，賣乾撈粉有乜嘢好嘅位置幫一下，孖攤都得啊，冇要緊嘅，太貴親冇要搵我，太貴親我攞粉同你～啊，疑本字擔	dam1 假借字，牛用角挑，渠捱牛～一角，疑本字揕,dam3 假借字，舀、斟、汲，～酒，斟酒，～水，汲水、打水，疑本字擔；～雞，一種稻田裏的鳥，形似雞，疑本字窞/鴆	dam1
1456	黕	黕	dam2 污垢；黝黑；詞綴，矮～～，矮矬矬	dam2 污垢；黝黑	dam2
1457	噸	吨	dan1 一噸，噸位	dan1 一噸，噸位	deon1
1458	墩	墩	dan1 墩布，土墩；面～，臉蛋兒、臉頰，另一說本字肫，面頯也，古無舌上音,(白)dan2 橋～，橋墩，石～，柱下石，草～，蒲團，坐～，坐凳；～監，坐牢；放置（重物）	dan1 墩布，土墩；面珠～，臉蛋兒、臉頰，另一說本字肫，面頯也，古無舌上音；矮～～，矮而胖,(白)dan2 墩子，磚～、橋～、石～；矮～～，矮墩墩；放置（重物）,(白)tan2 又音，厚～～，很厚	deon1
1459	敦	敦	dan1 敦厚，敦促；〈語〉詆也，～～喝喝，喝斥，與咄對轉,dui3 盛黍稷之器	dan1 敦厚，敦促,dui3 盛黍稷之器	deon1
1460	盹	盹	dan6	dan6	deon6
1461	盾	盾	dan6 矛盾	dan6 矛盾	teon5
1462	蹲	蹲	dan1 蹲下，蹲點,cyun4 蹲蹲；蹲了腿	dan1 蹲下，蹲點,zon4 蹲蹲；蹲了腿	1)deon1:蹲坐 2)cyun4:蹲了腿
1463	鈍	钝	dan6 遲鈍，鈍角	dan6 遲鈍，鈍角	deon6
1464	頓	顿	dan6 整頓，頓號,duk6 古人名，冒頓,(又)dan3 整頓；〈語〉用力往下放	dan3 整頓，頓號；〈語〉用力往下放,doek6 古人名，冒頓	deon6；(古人名)duk6冒頓
1465	沌	沌	dan6 混沌,zyun6 水名	dan6 混沌,zyun6 水名	deon6
1466	燉	炖	dan6 燉品，燉盅，燉粉糕（本地小吃）,(又)dan3 燉粉糕	dan3 燉品，燉盅，燉粉糕（本地小吃）	deon6,dan6
1467	躉	趸	dan2 躉船，躉賣	dan2 躉船，躉賣	dan2
1468	遁	遁	dan6	dan6	deon6
1469	惇	惇	dan1	dan1	deon1
1470	楯	楯	dan6 同盾字,syun5 欄杆	dan6 同盾字,san5 欄杆	seon5,teon5
1471	礅	礅	dan1	dan1	deon1
1472	砘	砘	dan6	dan6	deon6
1473	蹾	蹾	dan1 蹲下；猛地往下放	dan1 蹲下；猛地往下放	deon1
1474	扽	扽	dan1 猛地拽、扯、放，～斷，與挃對轉，放義元曲寫作敦,dan3 顛簸；震動，～落，震落，姣思～䐁，輕佻、風騷	dan1 猛地拽、扯、放，～斷，與挃對轉，放義元曲寫作敦,dan3 顛簸；震動，～落，震落,(白)den1 對着接近，～到耳朵去𱤜（未曾）聽見	dan3
1475	驐	驐	dan1 去畜勢，也寫作敦，見宋·朱翌《猗覺寮雜記》卷下,(白)maan1 ～雞，未閹淨的公雞，已罕用；案，民族語對音爲[man1]，又有閹義對音爲[ton1]，邢公畹《漢台語比較手冊》P208認爲[ton1]與『驐』可比較，故『驐』爲同源字，[m-]與[t-]可視作端組、泥明母旁轉	dan1 去畜勢，也寫作敦，見宋·朱翌《猗覺寮雜記》卷下,(白)man1 女人或雌性生物無生殖能力，～婆、～牛、～馬；案，民族語對音爲[man1]，又有閹義對音爲[ton1]，邢公畹《漢台語比較手冊》P208認爲[ton1]與『驐』可比較，故『驐』爲同源字，[m-]與[t-]可視作端組、泥明母旁轉	deon1
1476	撴	撴	dan1	dan1	deon1
1477	𣎴	𣎴	dan2	dan2	dan2
1478	凳	凳	dang3	dang3	dang3
1479	燈	灯	dang1	dang1	dang1
1480	登	登	dang1 攀登，登山,(白)nang1 詞綴，啲[ni55]啲[ni55]～～，各種事物，瘦～～，瘦得可憐，端組旁轉	dang1 攀登，登山	dang1
1481	瞪	瞪	dang1 瞪眼	dang1 瞪眼,(又)dang6	dang1
1482	等	等	dang2 相等，等候；用容器去接，～水，接水	dang2 相等，等候；用容器去接，～水，接水	dang2
1483	蹬	蹬	dang6 蹭蹬,dang1 腳向下用力,(白)nang6 蹭[ɐŋ33]～，不得志、不中用，端組旁轉,(白)ngang6 徛～～，直直地站着	dang6 蹭蹬,dang1 腳向下用力,(白)nang6 蹭[ɐŋ55]～，頹笨、不開竅，端組旁轉	dang6,dang1
1484	鄧	邓	dang6	dang6	dang6
1485	嶝	嶝	dang3	dang3	dang3
1486	磴	磴	dang3	dang3	dang3
1487	戥	戥	dang2 小秤，釐～，戥子，等的分化字,dang6 俗字，相稱、替、湊，～興[heŋ33]，湊熱鬧，本字幐（𦩫、𢯭）	dang2 小秤，釐～，戥子，等的分化字,dang6 俗字，相稱、替、湊，～興[heŋ55]，湊熱鬧，本字幐（𦩫、𢯭）,(又)tang3 俗字，像某人一樣做某事，你有錢可以冇做工，我冇～得你	dang2
1488	鐙	镫	dang3 鞍鐙，馬鐙,dang1 通豋字，食器，瓦豆；同燈字	dang3 鞍鐙，馬鐙,dang1 通豋字，食器，瓦豆；同燈字	dang1,dang3
1489	噔	噔	dang1	dang1	dang1
1490	璒	璒	dang1	dang1	dang1
1491	簦	簦	dang1	dang1	dang1
1492	幐	幐	dang6 相稱、替、湊，～興[heŋ33]，湊熱鬧，俗字戥；案，《玉篇》大亘切，囊也，兩頭有物謂之幐擔,tang4 囊也	dang6 相稱、替、湊，～興[heŋ55]，湊熱鬧，俗字戥；案，《玉篇》大亘切，囊也，兩頭有物謂之幐擔,dang4 囊也,(又)tang3 像某人一樣做某事，你有錢可以冇做工，我冇～得你	dang6,tang4
1493	凸	凸	dat6 凸起，凹凸,(語)dyut1 吻,(語)doet1 吻	dat6 凸起，凹凸,(語)dot3 ～嘴，親嘴；～芽，發芽	dat6
1494	咄	咄	dat1 咄咄逼人，咄咄怪事	dat2 咄咄逼人，咄咄怪事	deot1；(又)zyut3
1495	突	突	dat6 衝突，突然；象聲詞，機槍聲、發動機聲；詞綴，啞～～，啞口無言，渴[kit2]～～，（粥）很稠，矮/厚～～，矮/厚貌,(白)det6 象聲詞，手錶聲；詞綴，矮～～，矮貌,(語)dok1 ～頭，奔兒頭、凸額，或爲凸額/殼的合音，又或本字𧰵,(語)dut1 ～～車，汽車，童語	dat6 衝突，突然；象聲詞，機槍聲、發動機聲；詞綴，啲[ti21]啲[ti21]～～，說話結巴，脤～～，（蓮藕、芋頭等）不麪、不粉,(白)det6 詞綴，脤～～，（蓮藕、芋頭等）不麪、不粉,(語)doek3 ～頭，奔兒頭、凸額，或爲凸額/殼的合音，又或本字𧰵；珠[ty53]～，疙瘩,(語)duk3 又音，珠[ty53]～，疙瘩,(語)dot3 象聲詞，汽車響聲	dat6；(泉名)duk1趵突泉
1496	腯	腯	dat6 肥也,(白)dat1 肥～～，胖乎乎，與肭旁轉,(白)dyut1 肥～～，胖乎乎	dat6 肥也,(白)dat3 肥～～，胖乎乎，矮～～，形容人又矮又小，與肭旁轉，又讀[tɐk5],(白)dut3 肥～～，胖乎乎,(白)dot3 矮～～，形容人矮而小，與肭旁轉	dat1,teon5,dat6
1497	葖	葖	dat6	dat6	dat6
1498	飿	饳	dat1 餶飿	dat2 餶飿	deot1
1499	柮	柮	dat1	dat2	deot1
1500	兜	兜	dau1 褲兜，兜風，兜售；用力踢，～一腳；搪瓷或金屬大盆，鋁～	dau1 褲兜，兜風，兜售	dau1
1501	抖	抖	dau2	dau2	dau2
1502	斗	斗	dau2 北斗，斗篷	dau2 北斗，斗篷	dau2；同鬥，斗爭
1503	鬥	斗	dau3 爭鬥，鬥雞；～毒，故意作對；〈語〉～木，拼合木頭，指木工活，本字鬭	dau3 爭鬥，鬥雞；～毒，故意作對；〈語〉～木，拼合木頭，指木工活，本字鬭	dau3
1504	痘	痘	dau6 水痘，痘苗；～皮，痲子（疤），～皮公/婆，痲子（人）	dau6 水痘，痘苗	dau6
1505	糾	纠	(習)dau2 糾纏，糾正，俗從斗作紏,(書)gau2 本讀	(習)dau2 糾纏，糾正，俗從斗作紏,(書)gau2 本讀	gau2；(又)dau2
1506	蚪	蚪	dau2	dau2	dau2
1507	豆	豆	dau6 黃豆；～泥，質量差	dau6 黃豆；～泥，質量差	dau6
1508	逗	逗	dau3 挑逗，又作挑鬥；引逗，～鬼崽，逗小孩,dau6 逗號，逗遛	dau3 挑逗，又作挑鬥；引逗，～鬼崽，逗小孩,dau6 逗號，逗遛	dau6
1509	陡	陡	dau2	dau2	dau2
1510	竇	窦	dau6 情竇；姓；〈語〉老～，父親,(白)dau3 窩、巢；簕（竻）/高～，難打交道、擺架子	dau6 情竇；姓,(白)dau3 窩、巢	dau6
1511	赳	赳	(習)dau2 赳赳，俗從斗作﨣；亢[kʰɐŋ33]～，目中無人、高傲,(書)gau2 本讀	(習)dau2 赳赳，俗從斗作﨣；亢[kʰɐŋ55]～，目中無人、高傲,(書)gau2 本讀	gau2；(又)dau2
1512	篼	篼	dau1	dau1	dau1
1513	蔸	蔸	dau1 禾蔸；量詞，棵、叢、條，本字株，上古侯部	dau1 禾蔸；量詞，棵、叢、條，本字株，上古侯部	dau1
1514	鈄	钭	dau2	dau2	dau2
1515	唗	唗	dau1	dau1	dau1
1516	枓	枓	dau2 枓栱,zyu2 斟水器也	dau2 枓栱,zyu2 斟水器也	dau2,zyu2
1517	脰	脰	dau6	dau6	dau6
1518	荳	荳	dau6	dau6	dau6
1519	酘	酘	dau6 酒再釀	dau6 酒再釀	tau4,dau6
1520	餖	饾	dau6	dau6	dau6
1521	哣	哣	dau6 俗字，吽～，迷糊、不清醒，本地又指古板、難溝通，疑本字䠗逗/譳䛠	dau6 俗字，吽～，迷糊、不清醒，本地又指古板、難溝通，疑本字䠗逗/譳䛠	dau6
1522	阧	阧	dau2	dau2	dau2
1523	鬭	鬭	dau3 拼合，～木，木工活，～木佬，木匠，俗字鬥	dau3 拼合，～木，木工活，～木佬，木匠，俗字鬥	dau3
1524	爹	爹	de1 爹孃，爹爹,(訓)ge1 老[lau55]～，父親的口語敘稱，當源自官話老桿子（桿子的合音）或老鬼；案，邕州官話，老桿子[lau54kan54tsɿ54]，老鬼[lau54kuei54]	de1 爹孃，爹爹	de1
1525	嗲	嗲	de2 撒嬌,de4 詞綴，流～～，滴瀝貌，源自沌沌，水流貌；口水流啲～，口水滴瀝貌；昏～～，暈頭轉向、頭暈，源自昏忳/忳忳，昏沉貌,(語)te4 詞綴，震～～，抖貌，源自忳忳，亂也	de2 撒嬌，～～咧[le33]咧[le33]，撒嬌聲或態度，～老孃，跟母親撒嬌,de4 詞綴，啲[ti21]啲[ti21]～～，滴瀝貌，源自沌沌，水流貌；昏～～，暈頭轉向、頭暈，源自昏忳/忳忳，昏沉貌；軟～～，軟弱無力、軟綿綿，源自屯屯，滿也、盈也	de2,de4
1526	襶	襶	(習)de2 褦襶（衣着不整；吊兒郎當），或與肋脦/襰𧜁同源,(書)daai3	(習)de2 褦襶（衣着不整；吊兒郎當），或與肋脦/襰𧜁同源,(書)daai3	daai3
1527	鵮	鹐	(白)dem1 叮、啄；叼、銜,cem1 鳥啄物；〈語〉鵝鴨等扁嘴類動物取食,(文)daam1	(白)dem1 叮、啄；叼、銜,cem1 鳥啄物；〈語〉鵝鴨等扁嘴類動物取食,(文)daam1	daam1
1528	椗	椗	(白)deng3 俗字，蒂，本字矴,(文)ding3	(白)diang3 俗字，蒂，本字矴,(文)ding3	ding3
1529	訂	订	(白)deng6 訂檯，訂票,(文)ding6 預訂，修訂，訂婚,(訓)deng1 訂書機，裝訂，訓讀釘	ding3 訂檯，訂婚，修訂,(訓)ding1 訂書機，裝訂，訓讀釘	ding3
1530	釘	钉	(白)deng1 鐵釘；釘住；〈語〉專指高利貸的利息，～一日一萬文三百，利息一天如果本金一萬元的話就是三百元,(文)ding1	ding1 鐵釘,ding3 釘住	deng1；(又)ding1
1531	頂	顶	(白)deng2 名詞，屋頂,(文)ding2 動詞，頂住,(白)neng2 量詞，一～帽，一頂帽，老派用法，端組旁轉，俗字𠽒	ding2 屋頂，頂住	ding2
1532	地	地	di6 土地，地方；助詞	di6 土地，地方；助詞	dei6
1533	啲	啲	di1 俗字，一～，一點兒，本字稚，小也，知三讀如端；阿～嚕～，這裏那裏，當源自底的代詞義；擬聲，～咑，嗩吶或嗩吶聲,di2 俗字，變調，表程度輕，澀[kip3]澀[kip3]～、瘦瘦～、新新～、舊舊～、酸酸餿[ɬʊk5]餿[ɬʊk5]～,(又)dit1 表少量，當爲連讀音變,(白)ni1 ～～登[nɐŋ55]登[nɐŋ55]，各種事物，細～～，小貌，端組旁轉,(白)net1 詞綴，矮/細/窄/淺～～，矮/小/窄/淺貌，端組旁轉	di3 俗字，一～，一點兒，本字稚，小也，知三讀如端；阿～爾[ȵi22]～，這裏那裏，哪～，哪裏，當源自底的代詞義,(又)dit3 表少量，當爲連讀音變,(語)di4 ～～嗲[te21]嗲[te21]，滴瀝貌；～～突突，說話結巴	dit1,di1
1534	墬	墬	di6	di6	dei6
1535	哋	哋	di6 俗字，我～，我們，本字等（上古蒸部），與臺（上古之部）字對轉，輩也	di6 俗字，我～，我們，本字等（上古蒸部），與臺（上古之部）字對轉，輩也,(語)di1 矮～～，形容人矮而小	dei6,dei2
1536	嘀	嘀	dik6 嘀咕,dik1 嘀嗒	dik6 嘀咕,dik3 嘀嗒	dik6；(又)dik1
1537	敵	敌	dik6	dik6	dik6
1538	滌	涤	dik6	dik6	dik6
1539	滴	滴	dik1 滴水，水滴；～息，小巧，與丁對轉；實～～，小孩結實，細～～，小貌,(白)nik1 詞綴，細～～，小貌，端組旁轉，俗字搦	dik2 滴水，水滴；～息，小巧，與丁對轉	dik6；(又)dik1
1540	的	的	dik1 目的，的確；～士，出租車；油脂～，三輪車	dik2 目的，的確,(語)dik3 ～士，出租車；油脂～，三輪車；硬～～，硬邦邦	dik1
1541	笛	笛	dik6 吹笛，汽笛	dik6 吹笛，汽笛	dek6
1542	迪	迪	dik6 啓迪，愛迪生,(白)dek3 跑、出奔，俗字趯	dik6 啓迪，愛迪生,(白)dik2 跑、出奔，俗字趯	dik6
1543	嫡	嫡	dik1 嫡系，嫡親,(又)dik6	dik2 嫡系，嫡親	dik1
1544	狄	狄	dik6	dik6	dik6
1545	荻	荻	dik6	dik6	dik6
1546	鏑	镝	dik1 箭鏃；金屬元素，符號Dy,(又)dik6 箭鏃	dik2 箭鏃；金屬元素，符號Dy	dik1
1547	糴	籴	dik6 糴米	dik6 糴米	dek6
1548	玓	玓	dik1	dik2	dik1
1549	菂	菂	dik1	dik2	dik1
1550	覿	觌	dik6	dik6	dik6
1551	頔	𬱖	dik6	dik6	dik6
1552	扚	扚	dik1 引也；提，～起，提起，與搦旁轉，已罕用；撞，～銻崽，擊硬幣的遊戲，以撞擊硬幣是否出界定輸贏，又稱撞銻崽	dik2 引也,(白)dik3 ～軲[ku33]轤[lu33]，一種遊戲，在斜板上擊銅元向前滾，以遠近決勝負	dik1
1553	樀	樀	dik1	dik2	dik1
1554	踧	踧	dik6 踧踧,cuk1 踧踖	dik6 踧踧,coek2 踧踖	dik6,cuk1
1555	䯼	䯼	dik6	dik6	dik6
1556	點	点	dim2 點燈，點炮，小數點；〈語〉怎麼，底物的合音，底物即（何）等物，底乃等的俗字,(白)dem2 蘸，～鹽，～水	dem2 點燈，點心，小數點；蘸，～鹽，～水,(又)dim2 點數	dim2
1557	典	典	(習)dim2 經典，典型,(書)din2	(習)dim2 經典，典型,(書)din2	din2
1558	墊	垫	(訓)dim6 坐墊，墊錢，訓讀簟	(訓)dim6 坐墊，墊錢，訓讀簟	din3；(又)din6
1559	店	店	dim3	dim3	dim3
1560	惦	惦	dim3	dim3	dim3
1561	玷	玷	dim3	dim3	dim3
1562	碘	碘	(習)dim2 碘酒,(書)din2	(習)dim2 碘酒,(書)din2	din2
1563	掂	掂	dim1 掂量，本字敁，與拈旁轉,dim6 妥當，搞～，弄妥當；案，元代作扎掂/扎墊，墊訓讀簟，故本字簟	dim1 掂量，本字敁，與拈旁轉,dim6 妥當，搞～，弄妥當；案，元代作扎掂/扎墊，墊訓讀簟，故本字簟	dim1,dim6
1564	靦	䩄	dim2 靦顏,min5 靦腆,(又)tin2	dim2 靦顏,min5 靦腆,(又)tin2	1)tin2:靦顏 2)min5:靦腆
1565	腆	腆	(習)dim2 靦腆，腆肚,(書)tin2	(習)dim2 靦腆，腆肚,(書)tin2	tin2
1566	坫	坫	dim3	dim3	dim3
1567	簟	簟	dim6 蓆	dim6 蓆	tim5
1568	踮	踮	dim1	dim1	dim3
1569	扂	扂	dim6	dim6	dim3
1570	晪	晪	dim2,(又)tin2	dim2,(又)tin2	tin2
1571	淟	淟	dim2,(又)tin2	dim2,(又)tin2	tin2
1572	磹	磹	dim6 石楔；同簟字,taam4 地名，磹口（在福建）	dim6 石楔；同簟字,daam4 地名，磹口（在福建）	dim3,taam2
1573	阽	阽	dim3,(又)jim4	dim3,(又)jim4	dim3,jim4
1574	捵	捵	dim2 推、頂,can1 同抻字,(又)tin2,(語)tin3 掙扎	dim2 推、頂,can1 同抻字,(又)tin2	can2,din2
1575	敁	敁	dim1 敁敠	dim1 敁敠	dim1
1576	㥏	㥏	dim2,(又)tin2	dim2,(又)tin2	tin2
1577	覥	觍	dim2,(又)tin2	dim2,(又)tin2	tin2
1578	佃	佃	din6 佃戶,tin4 佃作	din6 佃戶,din4 佃作	1)din6:佃農 2)tin4:佃作
1579	奠	奠	din6	din6	din6
1580	巔	巅	din1	din1	din1
1581	殿	殿	din6 佛殿，殿堂	din6 佛殿，殿堂	din6
1582	澱	淀	din6 澱粉，沉澱	din6 澱粉，沉澱	din6
1583	電	电	din6	din6	din6
1584	甸	甸	din6	din6	din6
1585	顛	颠	din1	din1	din1
1586	癲	癫	din1	din1	din1
1587	靛	靛	din6	din6	din6
1588	癜	癜	din6	din6	din6
1589	鈿	钿	din6 金花形飾物,tin4 錢	din6 金花形飾物,din4 錢	din6,tin4
1590	琔	琔	din6	din6	din6
1591	壂	壂	din6 地基	din6 地基,(白)den6 皇帝～，皇帝坐的凳；地方，阻/礙～，佔地方	din6
1592	淀	淀	din6 白洋淀	din6 白洋淀	din6
1593	攧	𭣇	din1	din1	din1
1594	丁	丁	ding1 丙丁，壯丁，肉丁；單～，孤單、單獨，與滴對轉；奀/瘦～～，瘦貌,(古)zaang1 伐木丁丁,(白)deng1 人丁，豆丁（小個子），妹丁（女孩兒）,(白)ning1 詞綴，細～～，小貌，端組旁轉，俗字擰/嚀	ding1 丙丁，壯丁，肉丁；單～，孤單、單獨，與滴對轉,(古)ziang1 伐木丁丁	ding1；(古)zang1伐木丁丁
1595	叮	叮	ding1 叮嚀；叮咬,(白)deng1 （蚊子）叮，元音象義,(白)doeng1 （雞）叮，元音象義，又作啄字	ding1 叮嚀；叮咬	ding1
1596	定	定	ding6 安定，定時；落～，付定金、放定,(白)deng6 地方，～方、笪～，地方，陰～，背陰處，俗字埞，另一說地方的合音	ding6 安定，定時；落～、落～錢，付定金、放定	ding6
1597	盯	盯	ding1 盯住，盯梢,caang4 直視，又張梗切,(白)deng1,(白)zang2 䁅[mɐŋ35]～，暴躁、使性子；案，元曲作放懞掙	ding1 盯住，盯梢,ziang4 直視，又張梗切	ding1
1598	鼎	鼎	ding2	ding2	ding2
1599	仃	仃	ding1 伶仃	ding1 伶仃	ding1
1600	酊	酊	ding1 碘酊,ding2 酩酊	ding1 碘酊,ding2 酩酊	1)ding1:碘酊 2)ding2:酩酊
1601	錠	锭	ding6 金錠，銀錠	ding6 金錠，銀錠	ding6；(又)ding3
1602	啶	啶	ding6	ding6	ding6
1603	玎	玎	ding1	ding1	ding1
1604	疔	疔	ding1 疔瘡，疔毒,(白)deng1	ding1 疔瘡，疔毒	ding1
1605	碇	碇	ding3 同矴字,(白)deng3	ding3 同矴字,(白)diang3	ding3
1606	腚	腚	ding6	ding6	ding6
1607	耵	耵	ding1	ding1	ding1
1608	萣	萣	ding6	ding6	ding6
1609	掟	掟	ding6 天掟,(語)deng3 俗字，擲、扔，本字矴，與扚對轉	ding6 天掟,(語)diang3 俗字，擲、扔，本字矴，與扚對轉	deng3
1610	靪	靪	ding1	ding1	ding1
1611	飣	饤	ding3	ding3	ding3
1612	矴	矴	ding3 錘舟石,(白)deng3 擲、扔，俗字掟，與扚對轉；蒂，俗字椗	ding3 錘舟石,(白)diang3 擲、扔，俗字掟，與扚對轉；蒂，俗字椗	ding3
1613	疊	叠	dip6	dip6	dip6
1614	碟	碟	dip6	dip6	dip6
1615	蝶	蝶	dip6	dip6	dip6
1616	諜	谍	dip6	dip6	dip6
1617	喋	喋	dip6 喋喋不休，喋血,zaap6 唼喋,(白)slep6 鴨吃食聲，已罕用	dip6 喋喋不休，喋血,zaap6 唼喋,(白)slaap6 ～得，食欲好、能吃,(白)slep6 鴨吃東西，鴨崽～浮薸	dip6
1618	牒	牒	dip6	dip6	dip6
1619	堞	堞	dip6	dip6	dip6
1620	蹀	蹀	dip6 躞蹀，蹀足,(白)dep1 豬腳～，蹄尖	dip6 躞蹀，蹀足,(白)dep3 豬腳～，豬爪兒	dip6
1621	鰈	鲽	dip6 鰈魚,(語)dep1 魚～子/痣，瘊子、魚鱗痣；案，魻鰈，鱗次衆多貌	dip6 鰈魚,(語)dep3 魚～子/痣，手上的痦子、魚鱗痣；案，魻鰈，鱗次衆多貌	dip6
1622	楪	楪	dip6 同牒/碟字,jip6 窗牖	dip6 同牒/碟字,jip5 窗牖	dip6,jip6
1623	揲	揲	dip6 摺揲,sit6 揲蓍,jip6 箕舌	dip6 摺揲,sit6 揲蓍,jip5 箕舌	dip6,sit6,jip6
1624	秩	秩	dit6 秩序，厚秩,(又)dip6 俗讀	dit6 秩序，厚秩,(又)dip6 俗讀	dit6
1625	跌	跌	dit3 跌跤，跌打；整～，丟失	dit2 跌跤，跌打；丟失，我～了一支水筆	dit3
1626	迭	迭	dit6 更迭，迭代,(又)dip6 俗讀，讀同疊	dit6 更迭，迭代,(又)dip6 俗讀，讀同疊	dit6
1627	垤	垤	dit6	dit6	dit6
1628	帙	帙	dit6	dit6	dit6
1629	耋	耋	dit6	dit6	dit6
1630	瓞	瓞	dit6	dit6	dit6
1631	絰	绖	dit6	dit6	dit6
1632	嵽	𫶇	dit6 嵽嵲,dai6 岹嵽	dit6 嵽嵲,dai6 岹嵽	dai6,dit6
1633	䏲	䏲	dit6	dit6	dit6
1634	紩	紩	dit6	dit6	dit6
1635	螲	螲	dit6 螲蟷,zat6 螻螲	dit6 螲蟷,zat6 螻螲	dit6,zat6
1636	𢲼	𢲼	dit6 擿也	dit6 擿也,(白)dat3 猛地用力摘取，～果，與搣[mɐt3]旁轉（端組、泥明母旁轉）	dit6
1637	丟	丢	diu1 丟失，丟棄，本字盩，引擊也,(白)deu4 軟～～，極柔軟；案，淸·吳錫麒《點絳唇·中元夕觀盂蘭會》套曲，他冷迷迷氣怯依螢火，軟丟丟衣敗飄蟬蛻,(白)neu4 （竹竿等）細長柔軟，軟/長/高～～，軟/長/高貌，端組旁轉，俗字嫋,(白)naau4 又音，長～～，長貌，端組旁轉，主元音低化，俗字嫋/撓	dau1 丟失，丟棄，本字盩，引擊也,(白)neu4 （竹竿等）細長柔軟，亞隻姑娘腰骨好～嘅，端組旁轉，俗字嫋	diu1
1638	銩	铥	diu1	dau1	diu1
1639	刁	刁	diu1	diu1	diu1
1640	叼	叼	diu1	diu1	diu1
1641	吊	吊	diu3 懸吊，吊起	diu3 懸吊，吊起	diu3
1642	弔	吊	diu3 弔唁，憑弔	diu3 弔唁，憑弔	diu3
1643	掉	掉	diu6 改掉，走掉,(白)deu6 丟棄，已罕用,(白)teu2 倒掉（水）；打～，打潑	diu6 改掉，走掉,(白)deu6 同調字，～動，～轉	diu6
1644	調	调	diu6 音調，調動,tiu4 調和，調整	diu6 音調，調動,diu4 調和，調整,(白)deu6 調轉，調動	1)tiu4:調和 2)diu6:腔調
1645	釣	钓	diu3	diu3	diu3
1646	雕	雕	diu1 射雕；雕像，雕刻，雕花,(又)tiu1 雕刻，雕花	diu1 射雕；雕像，雕刻	diu1；雕刻又讀tiu1
1647	鵰	雕	diu1 射鵰，一箭雙鵰	diu1 射鵰，一箭雙鵰	diu1
1648	凋	凋	diu1 凋零，凋謝	diu1 凋零，凋謝	diu1
1649	碉	碉	diu1	diu1	diu1
1650	貂	貂	diu1	diu1	diu1
1651	銚	铫	diu6 燒器,ziu6 放射性化學元素,jiu4 大鋤；姓,tiu4 長矛	diu6 燒器,ziu6 放射性化學元素,jiu4 大鋤；姓,diu4 長矛	diu6,siu6,jiu4
1652	鯛	鲷	diu1	diu1	diu1
1653	莜	莜	diu6 草田器,jau4 莜麥	diu6 草田器,jau4 莜麥	diu6,jau4
1654	窵	窎	diu3	diu3	diu3
1655	汈	汈	diu1	diu1	diu1
1656	銱	铞	diu3	diu3	diu3
1657	彫	雕	diu1 彫刻；彫弓,(又)tiu1 彫刻	diu1 彫刻；彫弓	diu1；(又)tiu1
1658	屌	屌	diu2 性交，本字鳥，～㞓，交合，～咳，臭罵、訓斥，狗～嘅[ɛ33]，狗雜種；單用作語氣詞時會變高降調[tiu53],deu1 男陰，麻～，本字鳥	diu2 性交，本字鳥，～㞓，交合，～咳，臭罵、訓斥，狗～出，狗雜種,deu3 男陰，麻～，本字鳥	diu2
1659	錭	錭	diu1	diu1,(語)daau4 銼	diu1
1660	琱	雕	diu1 琱琢	diu1 琱琢	diu1
1661	蓧	𦰏	diu6	diu6	diu6,tiu1
1662	墮	堕	do6 墮胎，墮落；〈語〉暫借字，句末語氣詞，表而已或遺憾，進而弱讀爲[tə22]，不過我冇有錢買～、我就得食飯叻過人哋～，本字不明	do6 墮胎，墮落	do6
1663	多	多	do1 多少，多數	do1 多少，多數	do1
1664	惰	惰	do6	do6	do6
1665	躲	躲	do2	do2	do2
1666	哆	哆	do1 哆嗦,ci2 張口,(語)de1 嗬[hɔ21]～，嗩吶,(語)doe1 又音，嗬[hœ21]～，嗩吶	do1 哆嗦,ci2 張口,(語)de3 嗬[ho21]～，嗩吶	do1,ci2
1667	垛	垛	do3 柴垛	do6 柴垛	do2
1668	嚲	亸	do2	do2	do2
1669	朵	朵	do2 花朵，耳朵；量詞，一朵,(白)doe2 量詞，一朵	du2 花朵，耳朵；量詞，一朵	do2；(語)doe2
1670	跺	跺	do2	du2	do2
1671	剁	剁	do3 剁肉，剁碎,(訓)doek3 ～肉，訓讀斲,(訓)doek1 又音	du3 剁肉，剁碎,(訓)diak2 ～肉，訓讀斲	doek3；(又)do3
1672	埵	埵	do2	du2	do2,do3
1673	哚	哚	do2 吲哚,(白)doe2	du2 吲哚	doe2,do2
1674	綞	缍	do2 綞子	du2 綞子	do2
1675	鬌	鬌	do2 小兒翦髮；髪美,cui4 髮落	du2 小兒翦髮；髪美,zui4 髮落	do2,ceoi4
1676	斲	斲	doek3 剁，～肉,(又)doek1	diak2 剁，～肉	doek3
1677	啄	啄	doek3 啄木鳥，啄食,(語)doeng1 叮，一說啄的陽入對轉，另一說叮[tɛŋ55]的音變；烏～～，糊裏糊塗	duk2 啄木鳥，啄食	doek3
1678	代	代	doi6 代表，交代（口語用交帶）	daai6 代表，交代	doi6
1679	待	待	doi6 等待，擔待（口語用擔戴）	daai6 等待，擔待	doi6
1680	怠	怠	doi6 怠慢，怠工	daai6 怠慢，怠工	toi5；(又)doi6
1681	袋	袋	doi6	daai6	doi6
1682	岱	岱	doi6	daai6	doi6
1683	殆	殆	doi6	daai6	toi5；(又)doi6
1684	玳	玳	doi6	daai6	doi6
1685	黛	黛	doi6	daai6	doi6
1686	迨	迨	doi6	daai6	doi6
1687	駘	骀	doi6 駘蕩,toi4 劣馬	daai6 駘蕩,daai4 劣馬	toi5,toi4
1688	靆	叇	doi6	daai6	doi6
1689	紿	绐	doi6	daai6	toi5,doi6
1690	垈	垈	doi6	daai6	doi6
1691	甙	甙	doi6	daai6	doi6
1692	踱	踱	dok6	daak6	dok6
1693	鐸	铎	dok6	daak6	dok6
1694	凙	𪞝	dok6	daak6	dok6
1695	黨	党	dong2 黨派，政黨	daang2 黨派，政黨	dong2
1696	噹	当	dong1 啷噹,(白)daang1 象聲詞，金屬撞擊聲,(語)dong4 象聲詞，～～響，鑼聲響	daang1 啷噹	dong1
1697	當	当	dong3 典當，當作，適當,dong1 應當，當時	daang3 典當，當作，適當,daang1 應當，當時	1)dong1:當局 2)dong3:妥當；(古)通擋
1698	擋	挡	dong2 阻擋,dong3 摒擋	daang2 阻擋,daang3 摒擋	1)dong2:阻擋 2)dong3:摒擋
1699	檔	档	dong3 攤檔，拍檔,dong2 檔案，檔次，高檔	daang3 攤檔，拍檔,daang2 檔案，檔次，高檔	1)dong2:檔案 2)dong3:一檔子事
1700	盪	荡	dong6 盪漾，盪滌,(語)long2 漱、涮洗，或爲來回盪的合音，另一說本字盪[*gla̠ŋʔ]，上古複輔音的遺留	daang6 盪漾，盪滌,(語)laang5 漱、涮洗，或爲來回盪的合音，另一說本字盪[*gla̠ŋʔ]，上古複輔音的遺留	dong6
1701	蕩	荡	dong6 遊蕩，放蕩	daang6 遊蕩，放蕩；〈語〉樹～，樹的根鬚	dong6
1702	襠	裆	dong1 褲襠，開襠褲,(白)nong1 褲～，褲襠，端組旁轉，俗字𧟘	daang1 褲襠，開襠褲,(白)naang1 褲～，褲襠，端組旁轉，俗字𧟘	dong1
1703	宕	宕	dong6 跌宕，延宕	daang6 跌宕，延宕	dong6
1704	璫	珰	dong1	daang1	dong1
1705	碭	砀	dong6	daang6	dong6
1706	菪	菪	dong6	daang6	dong6
1707	讜	谠	dong2	daang2	dong2
1708	壋	垱	dong2,(又)dong3	daang2,(又)daang3	dong2
1709	簹	筜	dong1	daang1	dong1
1710	欓	𣗋	dong2	daang2	dong2
1711	璗	𬍡	dong6	daang6	dong6
1712	党	党	dong2 党項；同黨字	daang2 党項；同黨字	dong2
1713	蟷	𬠅	dong1	daang1	dong1
1714	譡	譡	dong3 諰[ɬai55]～，奚落諷刺人	daang3 諰[ɬai53]～，奚落諷刺人	dong3
1715	倒	倒	du2 倒塌，顛倒；倒立，倒水；～瓤，瓜類過熟,du3 倒掛，倒退；～反，反而；～矴[tɛŋ33]，倒置	daau2 倒塌，顛倒；倒立；～瓤，瓜類過熟,daau3 倒掛，倒退，倒水；～矴[teŋ55]，倒置	dou2
1716	刀	刀	du1	daau1	dou1
1717	到	到	du3 到底，達到，見到，知到	daau3 到底，達到，見到，知到	dou3
1718	叨	叨	du1 嘮叨,tu1 叨光	daau1 嘮叨,taau1 叨光	1)tou1:叨光 2)dou1:叨嘮
1719	導	导	du6	daau6	dou6
1720	島	岛	du2	daau2	dou2
1721	悼	悼	du6	daau6	dou6
1722	搗	捣	du2	daau2	dou2
1723	盜	盗	du6	daau6	dou6
1724	禱	祷	du2	daau2	tou2
1725	稻	稻	du6	daau6	dou6
1726	蹈	蹈	du6	daau6	dou6
1727	道	道	du6 道路，大道；知道（口語用知到，動補結構）	daau6 道路，大道；知道（口語用知到，動補結構）	dou6
1728	捯	捯	du3	daau3	dou3,dou2
1729	氘	氘	du1	daau1	dou1
1730	纛	纛	du6,(又)duk6	daau6,(又)doek6	dou6,duk6
1731	忉	忉	du1	daau1	dou1,tou1
1732	舠	舠	du1	daau1	dou1
1733	魛	鱽	du1	daau1	dou1
1734	𣱼	𣱼	du1	daau1	dou1
1735	堵	堵	du2	du2	dou2
1736	妒	妒	du6 妒忌，嫉妒	du6 妒忌，嫉妒	dou3
1737	度	度	du6 長度，度量,dok6 量度，揣度	du6 長度，度量,daak6 量度，揣度	1)dou6:度量衡 2)dok6:忖度
1738	杜	杜	du6	du6	dou6
1739	渡	渡	du6 擺渡，渡船,(白)du2 花尾～，一種靠駁船拉動的客船，俗字艔	du6 擺渡，渡船	dou6
1740	睹	睹	du2	du2	dou2
1741	賭	赌	du2	du2	dou2
1742	都	都	du1 都城；都是；姓；案，語流中有弱讀[tu55]➔[u55]，我得幫翻過油條啊，手～抽筋啊	du1 都城；都是；姓	dou1
1743	鍍	镀	du6	du6	dou6
1744	嘟	嘟	du1 咕嘟，嘟囔；花咕～，花蕾、花骨朵,(白)nu1 肥～～，胖乎乎，從都聲，端組旁轉，俗字努	du1 咕嘟，嘟囔；花咕[ku33]～，花蕾、花骨朵,du3 象聲詞，～嚕[lu55]咑[ta55]喇[la55]，東西掉落聲	dou1
1745	蠹	蠹	du6	du6	dou3
1746	芏	芏	du6	du6	dou6
1747	𨧀	𬭊	du6	du6	dou6
1748	兌	兑	dui3	dui6	deoi3
1749	堆	堆	dui1 堆疊，草堆；〈語〉煎～，麻團，本字䭔	dui1 堆疊，草堆；〈語〉油～，麻團，本字䭔	deoi1
1750	對	对	dui3 對錯，比對；～拳、～得住，猜碼口令，數字零	dui3 對錯，比對；～拳、拳～、～得住，猜碼口令，數字零	deoi3
1751	隊	队	dui6	dui6	deoi6
1752	懟	怼	dui6 怨也,(又)zui6	dui6 怨也,(又)zui6	deoi6
1753	碓	碓	dui3	dui3	deoi3
1754	鐓	镦	dui6 同錞字,dan1 同驐字；衝壓金屬板，使其變形	dui6 同錞字,dan1 同驐字；衝壓金屬板，使其變形	deoi6,deon1
1755	祋	祋	dui3	dui3	deoi3,doi6
1756	錞	𬭚	dui6 鐏,san4 錞于，古樂器,(老派)slyun4,(又)syun4,(又)slan4	dui6 鐏,san4 錞于，古樂器	deoi6,seon4
1757	憝	憝	dui6	dui6	deoi6
1758	㨃	㨃	dui2 捅	dui2 捅	deoi2
1759	䭔	𫗰	dui1 煎/油～，麻團，沙～，炸糯米餈，俗字堆	dui1 油～，麻團，沙～，炸糯米餈，俗字堆	deoi1
1760	毒	毒	duk6 毒蛇，病毒；鬥～，故意作對,(古)duk1 身毒，印度的古譯名,(白)du6 以藥毒殺，～老鼠；坊間戲稱吸毒者爲毒友（諧音道友）,(白)dau6 又音，以藥毒殺，～老鼠，或爲上古覺部加-s尾形成的同族詞，另一說本字酘	doek6 毒蛇，病毒；鬥～，故意作對,(古)doek2 身毒，印度的古譯名	duk6；(古地名)duk1身毒
1761	獨	独	duk6	doek6	duk6
1762	督	督	duk1 督促，監督	doek2 督促，監督	duk1
1763	讀	读	duk6 讀書，閱讀,dau6 句讀	doek6 讀書，閱讀,dau6 句讀	duk6
1764	櫝	椟	duk6	doek6	duk6
1765	瀆	渎	duk6	doek6	duk6
1766	牘	牍	duk6	doek6	duk6
1767	犢	犊	duk6 牛犢	doek6 牛犢	duk6
1768	篤	笃	duk1 篤厚，篤信	doek2 篤厚，篤信,(語)nuk3 重～～，沉甸甸	duk1
1769	黷	黩	duk6	doek6	duk6
1770	碡	碡	duk6 磟碡，又作碌碡	doek6 磟碡，又作碌碡	duk6
1771	髑	髑	duk6	doek6	duk6
1772	厾	厾	duk1 輕點；同𧰵字	doek3 輕點；同𧰵字	duk1
1773	讟	𮙋	duk6	doek6	duk6
1774	㞘	㞘	duk1 同䐁字	doek2 同䐁字	duk1
1775	𧰵	𧰵	duk1 戳、刺、捅，與捅對轉，與搙旁轉	doek3 戳、刺、捅，與捅對轉，與搙旁轉	duk1
1776	東	东	dung1	doeng1	dung1
1777	冬	冬	dung1	doeng1	dung1
1778	凍	冻	dung3 冷凍	doeng3 冷凍	dung3
1779	動	动	dung6	doeng6	dung6
1780	懂	懂	dung2	doeng2	dung2
1781	棟	栋	dung6 棟樑；一棟	doeng3 棟樑；一棟,(又)doeng1 量詞，專用於祠堂，一～祠堂，大～祠堂	dung3；(又)dung6
1782	洞	洞	dung6 山洞，洞察,tung4 澒洞；洪洞縣	doeng6 山洞，洞察,doeng4 澒洞；洪洞縣	dung6
1783	董	董	dung2	doeng2	dung2
1784	鼕	冬	dung1 鼓聲,(又)tung4,(語)dung4	doeng1 鼓聲,(又)doeng4	dung1
1785	咚	咚	dung1 象聲詞,(語)dung4 樓板響聲	doeng1 象聲詞	dung1
1786	恫	恫	dung6 恫嚇,tung1 恫瘝	doeng6 恫嚇,toeng1 恫瘝	1)dung6:恫嚇 2)tung1:恫瘝乃身
1787	慟	恸	dung6	doeng6	dung6
1788	胴	胴	dung6	doeng6	dung6
1789	侗	侗	dung6 侗族,tung4 倥侗	doeng6 侗族,doeng4 倥侗	dung6,tung4
1790	垌	垌	dung6 田垌；量詞，片，用於農田，一～田，一片田；地名，平垌村，潭垌,tung4 地名，坰冢（在湖北）	doeng6 田垌；量詞，片，用於農田，～田，成片的田；地名，平垌村，潭垌,doeng4 地名，坰冢（在湖北）	dung6,tung4
1791	峒	峒	dung6 山洞,tung4 崆峒	doeng6 山洞,doeng4 崆峒	dung6,tung4
1792	氡	氡	dung1	doeng1	dung1
1793	硐	硐	dung6	doeng6	dung6
1794	鶇	鸫	dung1	doeng1	dung1
1795	腖	胨	dung3	doeng3	dung3
1796	詷	𫍣	dung6 說謊,tung4 共同	doeng6 說謊,doeng4 共同	dung6,tung4
1797	蝀	𬟽	dung1	doeng1	dung1,dung3
1798	崬	岽	dung1	doeng1	dung1
1799	戙	戙	dung6 船板木；〈語〉豎起，～牀板，熬夜、開夜車，～腳睡，支腿睡	doeng6 船板木；〈語〉豎起，～腳，坐凳時一隻腳踏在凳上	dung6
1800	段	段	dyun6	dun6	dyun6
1801	短	短	dyun2	dun2	dyun2
1802	端	端	dyun1	dun1	dyun1
1803	緞	缎	dyun6 綢緞，緞面	dun6 綢緞，緞面	dyun6
1804	鍛	锻	dyun6 鍛鍊，鍛造，讀同段	dun3 鍛鍊，鍛造	dyun3；(又)dyun6
1805	椴	椴	dyun6	dun6	dyun6
1806	籪	簖	dyun6	dun5	dyun6
1807	煅	煅	dyun6	dun3	dyun3
1808	塅	塅	dyun6	dun6	dyun6
1809	瑖	瑖	dyun6	dun3	dyun3
1810	毈	毈	dyun6 卵壞,(白)wo5 ～蛋，散黃蛋、變質蛋，杜果切，聲母脫落，與撾/蝸/媧音變類似，俗字涴	dun6 卵壞,(白)o5 ～蛋，散黃蛋、變質蛋，杜果切，聲母脫落，與撾/蝸/媧音變類似，俗字涴	dyun6
1811	碫	碫	dyun6	dun3	dyun3
1812	奪	夺	dyut6	dut6	dyut6
1813	掇	掇	dyut3 拾掇；掂掇,(又)zyut3	dut2 拾掇；掂掇,(又)zyut2	zyut3
1814	敓	敚	dyut6	dut6	dyut6
1815	敠	敠	dyut3 敁敠	dut2 敁敠；估量，～堆，按堆估重，～水，估計家禽家畜的毛重	zyut3,dyut3
1816	誒	诶	e6 嘆詞,hi1 可惡之辭；強笑	e6 嘆詞,hi1 可惡之辭；強笑	e6,ei6
1817	坳	坳	(白)eu3 山坳；手～，肘窩,(文)aau3 地名，高峯坳；手～，肘窩，過～，過頭	aau3 山坳；地名，高峯坳；手～，肘窩	aau3
1818	拗	拗	(白)eu2 ～斷，折斷,(白)eu3 ～頸，擡槓、頂嘴，又作詏字,(文)aau2,(文)aau3	(白)eu2 ～斷，折斷,(白)eu3 ～喉～頸，擡槓、頂嘴，又作詏字,(文)aau2,(文)aau3 ～蠻，勉強、將就、湊和	1)aau2:拗斷 2)aau3:拗口令
1819	詏	詏	(白)eu3 同拗字，～頸，擡槓、頂嘴,(文)aau3	(白)eu3 同拗字，～喉～頸，擡槓、頂嘴,(文)aau3 ～蠻，勉強、將就、湊和	aau3
1820	化	化	faa3 化學，分化,(白)waa3 城區已罕讀	waa3 化學，分化	faa3
1821	花	花	faa1 花朵，浪花,(白)waa1 城區已罕讀	waa1 花朵，浪花	faa1
1822	塊	块	faai3 一塊，土塊,(白)waai3 城區已罕讀	waai3 一塊，土塊	faai3
1823	快	快	faai3 快慢，愉快；案，快啲，有連讀音變[fai33ti55]➔[fɐt3ti55]，後字逆同化變讀韻尾,(白)waai3 城區已罕讀	(白)waai3 快慢，快速；～菜，苣蕒菜,(文)kwaai3 愉快，快樂	faai3
1824	筷	筷	faai3 筷子，碗筷,(白)waai3 城區已罕讀	waai3 筷子，碗筷,(常)kwaai3 筷子，碗筷	faai3
1825	噲	哙	faai3	waai3	faai3
1826	駃	𫘝	faai3 快馬；通快字,kyut3 駃騠	waai3 快馬；通快字,kyut2 駃騠	faai3,kyut3
1827	礊	礊	faak3 抽打，～牛，鞭打牛，～大，吹牛,fak1 甩，與揈對轉	faak3 抽打，～牛，鞭打牛,fak3 甩，與揈對轉,(又)faak2 抽打；攪動，～勻；～回頭，掉轉頭,(又)fak2 甩	faak3
1828	犯	犯	faan6 犯人，犯法	faam6 犯人，犯法,(白)faam5 妨礙，中邪（迷信說法）,(又)faan6	faan6
1829	凡	凡	faan4	faan4	faan4
1830	反	反	faan2 反覆；平反，古讀平聲	faan2 反覆；平反，古讀平聲	faan2
1831	帆	帆	faan4 帆船，帆布，風帆	faan4 帆船，帆布，風帆	faan4
1832	氾	氾	faan3 氾濫,faan4 姓	faan3 氾濫,faan4 姓	faan3；(古)faan4如氾勝之
1833	泛	泛	faan3 廣泛，泛舟	faan3 廣泛，泛舟	faan3
1834	煩	烦	faan4	faan4	faan4
1835	番	番	faan1 幾番；番茄，番桃,pun1 番禺,(白)fen1 罕讀，幾番	faan1 幾番；番茄,pun1 番禺,faan6 番桃	faan1,pun1
1836	礬	矾	faan4	faan4	faan4
1837	繁	繁	faan4 繁華,po4 姓	faan4 繁華,bu4 姓	faan4
1838	翻	翻	faan1 翻譯，推翻，翻新,(白)fen1 ～開，～書,(白)men1 ～開，～書，一說本字篇，幫組白讀，作動詞,(白)pen1 ～草，～書，一說本字篇，作動詞	faan1 翻譯，推翻，翻新,(白)men1 ～開，～書，一說本字篇，幫組白讀，作動詞,(白)pen1 ～草，～書，一說本字篇，作動詞,(白)mon1 從土裏或袋裏往外掏東西，～番薯、～荷包	faan1
1839	範	范	faan6 示範，模範，師範,(常)faan3 模範，師範，前字調感染	faan3 示範，模範	faan6
1840	范	范	faan6 姓	faan3 姓	faan6
1841	販	贩	faan3	faan3	faan3
1842	返	返	faan2 返回，往返,(白)faan1 ～屋，回家，～工，上班，～膊，換肩	faan2 返回，往返	faan2
1843	飯	饭	faan6	faan6	faan6
1844	梵	梵	faan6	faan6	faan4；(又)faan6
1845	樊	樊	faan4	faan4	faan4；(又)faan6
1846	蕃	蕃	faan4 蕃息，蕃茂,faan1 通番字，外國、外族,bo3 吐蕃，讀同播	faan4 蕃息，蕃茂,faan1 通番字，外國、外族,bo3 吐蕃，讀同播	faan4；同番，番茄
1847	藩	藩	faan4 藩籬；藩衍	faan4 藩籬；藩衍,(又)faan1 藩籬	faan4
1848	幡	幡	faan1 經幡，幡然醒悟	faan1 經幡，幡然醒悟	faan1
1849	燔	燔	faan4	faan4	faan4
1850	璠	璠	faan4	faan4	faan4
1851	畈	畈	faan3	faan3	faan3
1852	蘩	蘩	faan4	faan4	faan4
1853	袢	袢	faan4 近身衣,paan3 同襻字；袷袢	faan4 近身衣,paan3 同襻字；袷袢	faan4,paan3
1854	釩	钒	faan4	faan4	faan4
1855	墦	墦	faan4	faan4	faan4
1856	蹯	蹯	faan4	faan4	faan4
1857	鐇	𫔍	faan4	faan4	faan4
1858	鷭	𬸪	faan4	faan4	faan4
1859	繙	𬙆	faan1 繙譯,faan4 繙㠾	faan1 繙譯,faan4 繙㠾	faan1,faan4
1860	噃	噃	faan1 聲也,bo3 語氣詞，本地用喎，噃已不用，喎實爲噃的弱讀（即[p-]➔[w-]）	faan1 聲也,bo2 語氣詞，本地用喎，噃已不用，喎實爲噃的弱讀（即[p-]➔[w-]）	bo3
1861	嬎	嬎	faan3 鳥下蛋,fu6 兔崽	faan3 鳥下蛋,fu3 兔崽	faan3,fu6
1862	乏	乏	faat6	faat6	fat6
1863	伐	伐	faat6	faat6	fat6
1864	發	发	faat3 發財	faat2 發財	faat3
1865	髮	发	faat3 頭髮	faat2 頭髮	faat3
1866	法	法	faat3 方法，法律,(白)fet1 符～，符籙，引申爲戲法、把戲，耍符～，耍把戲、放蠱	faat2 方法，法律,(白)fet3 符～，符籙，引申爲戲法、把戲	faat3
1867	筏	筏	faat6	faat6	fat6
1868	罰	罚	faat6	faat6	fat6
1869	閥	阀	faat6	faat6	fat6
1870	琺	珐	faat3	faat2	faat3
1871	砝	砝	faat3 砝碼,gip3 硬也	faat2 砝碼,gip2 硬也	faat3
1872	垡	垡	faat6	faat6	fat6
1873	吠	吠	fai6	fi6	fai6
1874	廢	废	fai3 廢品，作廢	fi3 廢品，作廢	fai3
1875	沸	沸	fai3 沸騰，沸水,fat1 灑；泉涌貌	fi3 沸騰，沸水,fat2 灑；泉涌貌	fai3
1876	肺	肺	fai3	fi3	fai3
1877	費	费	fai3 費用,bi3 費縣	fi3 費用,bi3 費縣	fai3；(地名)bei3費縣
1878	芾	芾	fai3 蔽芾,fat1 草木茂盛	fi3 蔽芾,fat2 草木茂盛	fai3,fat1
1879	鐨	镄	fai3	fi3	fai3
1880	砩	砩	fai3 以石攔水,fat6 砩石	fi3 以石攔水,fat6 砩石	fai3,fat6
1881	䛍	䛍	fai3 言急；〈語〉癡～，瘋癲貌，詐～，裝傻，俗字廢	fi3 言急	fai3
1882	䉬	𫂈	fai3	fi3	fai3
1883	份	份	fan6 兩份，月份	fan6 兩份，月份	fan6
1884	分	分	fan6 本分,fan1 分開	fan6 本分,fan1 分開	1)fan1:分開 2)fan6:本分
1885	吩	吩	fan1	fan1	fan1
1886	墳	坟	fan4	fan4	fan4
1887	奮	奋	fan5 奮鬥，興奮,(又)fan6 興奮	fan5 奮鬥，興奮	fan5
1888	忿	忿	fan5 忿恨，忿忿不平,(又)fan6 冇～氣/頸，不服氣	fan5 忿恨，忿忿不平	fan5
1889	憤	愤	fan5	fan5	fan5
1890	氛	氛	fan1	fan1	fan1
1891	焚	焚	fan4	fan4	fan4
1892	粉	粉	fan2 麪粉，粉筆；毒品的喻稱，～崽/妹，吸毒的男/女子，欶～，吸毒	fan2 麪粉，粉筆；毒品的喻稱，～崽/妹，吸毒的男/女子，欶～，吸毒	fan2
1893	糞	粪	fan3	fan3	fan3
1894	紛	纷	fan1	fan1	fan1
1895	芬	芬	fan1	fan1	fan1
1896	汾	汾	fan4	fan4	fan4
1897	僨	偾	fan5	fan5	fan5
1898	棻	棻	fan1	fan1	fan1
1899	棼	棼	fan1 棼棼,fan4 紛亂	fan1 棼棼,fan4 紛亂	fan1,fan4
1900	酚	酚	fan1	fan1	fan1
1901	鼢	鼢	fan4	fan4	fan4
1902	鱝	鲼	fan5	fan5	fan5
1903	坋	坋	fan5 塵也；地名用字	fan5 塵也；地名用字	fan5,fan6
1904	瀵	瀵	fan3	fan3	fan3
1905	翂	翂	fan1	fan1	fan1
1906	豶	豮	fan4 牡豕	fan4 牡豕	fan4
1907	濆	𣸣	fan4 水邊,pan3 通噴字	fan4 水邊,pan3 通噴字	fan4,pan3
1908	雰	雰	fan1	fan1	fan1
1909	朆	朆	fan1 吳語字，弗曾,(訓)mang4 未曾的合音，本地方言字𱤜（⿰未曾）	fan1 吳語字，弗曾,(訓)mang4 未曾的合音，本地方言字𱤜（⿰未曾）	fan1
1910	訓	训	fan3 教訓，訓練,(白)wan3 城區已罕讀	wan3 教訓，訓練	fan3
1911	瞓	瞓	fan3 睡，本字睏/困，罕用	wan3 累，本字睏/困	fan3
1912	佛	佛	fat6 佛教,fat1 仿佛	fat6 佛教；仿佛，讀同佛祖之佛	1)fat6:佛教 2)fat1:彷彿
1913	弗	弗	fat1 弗如，弗要,(又)fat6 讀同佛	fat2 弗如，弗要,(又)fat6 讀同佛	fat1
1914	彿	彿	fat1 彷彿	fat6 彷彿，讀同佛	fat1
1915	忽	忽	fat1 忽然，忽略，疏忽	fat2 忽然，忽略，疏忽,(又)kwat2	fat1
1916	拂	拂	fat1 拂曉，拂塵；甩；摔，～跤，摔跤,bat6 通弼字,(白)pat1 撣、撣去（灰塵），～乾淨,(又)fat6 讀同佛,(語)faat6 甩、摔；用鞭抽	fat2 拂曉，拂塵；甩；摔，～跤，摔跤,bat6 通弼字,(又)fat6 讀同佛	fat1；(古)同弼
1917	惚	惚	fat1	fat2,(又)kwat2	fat1
1918	氟	氟	fat1	fat2	fat1
1919	囫	囫	fat1	fat2,(又)kwat2	fat1
1920	怫	怫	fat6 怫鬱，怫然	fat6 怫鬱，怫然	fat6
1921	祓	祓	fat1	fat2	fat1
1922	笏	笏	fat1	fat2,(又)kwat2	fat1
1923	紱	绂	fat1	fat2	fat1
1924	茀	茀	fat1	fat2	fat1
1925	黻	黻	fat1	fat2	fat1
1926	唿	唿	fat1 唿哨,(白)fet1 ～～，哨子或哨聲；〈外〉風～，花俏，英語flirtatious	fat2 唿哨,(又)kwat2,(白)fet3 ～～，哨子或哨聲	fat1
1927	紼	绋	fat1	fat2	fat1
1928	昒	昒	fat1	fat2,(又)kwat2	fat1
1929	欻	欻	fat1 忽然,caat3 急促的聲響	fat2 忽然,caat2 急促的聲響,(語)caa6 菜入熱鍋聲，或源自灹，火聲	fat1,caa3,cuk1
1930	淴	淴	fat1	fat2,(又)kwat2	fat1
1931	艴	艴	fat1 淺色；艴然,(白)fet1 紅～～，（面色）紅潤	fat2 淺色；艴然；〈語〉紅～～，（面色）紅潤,(白)fet3 揈[fɐŋ21]～～，心裏高興或輕輕浮浮,(白)fit3 紅～～，（面色）紅潤，又讀[fek5]	fat1
1932	韍	韨	fat1	fat2	fat1
1933	鍃	锪	fat1	fat2,(又)kwat2	fat1
1934	咈	咈	fat6 違逆；乖戾,(白)fet6 象聲詞，鼻涕～～，吸鼻涕貌，哭～～，抽泣貌	fat6 違逆；乖戾	fat6
1935	巿	巿	fat1	fat2	fat1
1936	曶	曶	fat1	fat2,(又)kwat2	fat1
1937	㧾	㧾	fat1 擊也	fat2 擊也,(又)kwat2 （牛等）兩角左右擺動擊打或挑，渠捱牛～一角	fat1
1938	㺀	㺀	fat1	fat2,(又)kwat2	fat1
1939	䬍	䬍	fat1 疾風貌,(語)fot6 風聲、風箱聲；啡[fi21]啡[fi21]～～，風風火火，又連讀音變作吙[fɔ22],(語)fut6 又音，風聲、風箱聲	fat2 疾風貌,(語)fot6 啡[fi55]啡[fi55]～～，風風火火，又連讀音變作吙[fɔ22]	fat1
1940	鮄	𫚒	fat1	fat2	fat1
1941	窟	窟	fat1 窟窿，洞窟,(白)wat1	wat2 窟窿，洞窟	fat1
1942	魆	魆	fat1,(白)wat1	wat2	fat1,wat1
1943	矻	矻	fat1,(白)wat1	wat2	fat1,ngat6
1944	堀	堀	fat1,(白)wat1	wat2	fat1
1945	胐	胐	fat1 臀；屎～，屁股，屎～竉，肛門，俗字窟,(白)wat1	wat2 臀；屎～，屁股，屎～竉，肛門，俗字窟	fat1
1946	㩿	㩿	fat1	wat2	kak1
1947	否	否	fau2 否定,pi2 否極泰來	fau2 否定,pi2 否極泰來	1)fau2:可否 2)pei2:臧否
1948	埠	埠	fau6 阜的分化字，商埠，開埠，大埠，蚌埠市,bu6 步的分化字，埠頭，船埠；鄉鎮地名，石埠（在南寧）	fau6 阜的分化字，商埠，開埠，大埠，蚌埠市；〈又〉埠頭，船埠,bu6 步的分化字，埠頭，船埠；鄉鎮地名，石埠（在南寧）	fau6
1949	浮	浮	fau4 浮動，輕浮,(白)pu4 浮頭，浮薸	fau4 浮動，輕浮,(白)bu4 浮頭，浮薸,(白)bau4 ～遊踣掝[jɐk2]，遊手好閒	fau4
1950	缶	缶	fau2	fau2	fau2
1951	阜	阜	fau6	fau6	fau6
1952	涪	涪	fau4	fau4	fau4
1953	罘	罘	fau4	fau4	fau4
1954	蜉	蜉	fau4	fau4	fau4
1955	琈	琈	fau4	fau4	fau4
1956	芣	芣	fau4	fau4	fau4
1957	衃	衃	fau4 蚍衃,pui1 瘀血	fau4 蚍衃,pui1 瘀血	fau4,pui1
1958	殕	殕	fau2 物敗也,(又)fu2	fau2 物敗也,(又)fu2	fau2,fu2
1959	罦	罦	fau4,(又)fu1	fau4,(又)fu1	fau4,fu1
1960	匪	匪	fi2 匪徒，土匪；匪淺,(白)fe2 指女子妖豔、不正經	fi2 匪徒，土匪；匪淺	fei2
1961	啡	啡	fi1 咖啡，嗎啡,(語)fe4 擬風聲，風吹～～；屙～啡[fɛ55]，拉稀,(語)fe1 擬風聲，風～～吹；屙啡[fɛ21]～，拉稀；〈外〉茄哩啡，龍套、小角色，英語carefree，後起詞,(語)fi4 ～～䬍[fɔt2]䬍[fɔt2]/吙[fɔ22]吙[fɔ22]，風風火火	fi1 咖啡，嗎啡,(語)fi3 ～～䬍[fot2]䬍[fot2]/吙[fo22]吙[fo22]，風風火火	fe1；(又)fei1
1962	妃	妃	fi1	fi1	fei1
1963	肥	肥	fi4	fi4	fei4
1964	菲	菲	fi1 芳菲,fi2 菲薄	fi1 芳菲,fi2 菲薄	1)fei1:芳菲 2)fei2:菲薄
1965	非	非	fi1	fi1	fei1
1966	飛	飞	fi1 飛機；～髮，理髮；票，買～，買票；阿～，青年流氓，後起詞,(外)fe2 鈔票、錢，英語fare	fi1 飛機；～髮，理髮；票，買～，買票；阿～，青年流氓，後起詞	fei1
1967	誹	诽	fi2	fi2	fei2
1968	扉	扉	fi1	fi1	fei1
1969	斐	斐	fi2	fi2	fei2
1970	痱	痱	fi2 痱子，熱痱,fi4 中風病	fi3 痱子，熱痱,fi4 中風病	fai2；(又)fei2
1971	翡	翡	fi2 翡翠	fi3 翡翠	fei2
1972	霏	霏	fi1	fi1	fei1
1973	悱	悱	fi2	fi2	fei2
1974	榧	榧	fi2 香榧	fi2 香榧	fei2
1975	淝	淝	fi4	fi4	fei4
1976	狒	狒	fi6 獸名,(語)fat1 狒狒，讀同弗/拂,(語)fat6 又音，讀同佛	fi6 獸名,(語)fat6 狒狒，讀同佛	fei6,fat1
1977	緋	绯	fi1 緋紅，緋聞；紅粉～花，特指臉紅	fi1 緋紅，緋聞	fei1
1978	腓	腓	fi4	fi4	fei4
1979	蜚	蜚	fi2 蜚廉,fi1 蜚語	fi2 蜚廉,fi1 蜚語	fei2,fei1
1980	鯡	鲱	fi1	fi1	fei1
1981	剕	剕	fi6	fi6	fei6
1982	朏	朏	fi2 朏明，朏魄	fi2 朏明，朏魄	fei2
1983	棐	棐	fi2	fi2	fei2
1984	篚	篚	fi2	fi2	fei2
1985	騑	𬴂	fi1	fi1	fei1
1986	蜰	蜰	fi4	fi4	fei4
1987	㹃	㹃	fi3 覆耕,(訓)he3 撬，～開隻櫃，或源自撬/擓,(語)fe2 褦[lɛ24]～，同褦襶	fi3 覆耕,(訓)ke3 撥開東西找，或源自撬/擓,(白)pe3 撥拉，雞崽～禾稈	he3,fe3
1988	覅	覅	fiu3 吳語字，弗要	fiu3 吳語字，弗要	fiu3
1989	伙	伙	fo2 伙食，傢伙，包伙	hu2 伙食，傢伙，包伙	fo2
1990	夥	伙	fo2 夥伴，合夥，小夥子	hu2 夥伴，合夥，小夥子	fo2
1991	火	火	fo2 着火，火車；差火（差勁）	hu2 着火，火車	fo2
1992	科	科	fo1 理科，科學,(白)po1 量詞，用於植物，後作棵	hu1 理科，科學,(白)po1 量詞，用於植物，後作棵	fo1
1993	貨	货	fo3	hu3	fo3
1994	髁	髁	fo1	hu1	fo1
1995	鈥	钬	fo2	hu2	fo2
1996	窠	窠	fo1 窠巢，窠臼,(訓)wo1 訓讀窩	ko1 窠巢，窠臼,(訓)o1 訓讀窩	wo1；(又)fo1
1997	仿	仿	fong2 相仿，仿效（倣傚），仿佛（髣髴）	fung2 相仿，仿效（倣傚），仿佛（髣髴）	fong2
1998	坊	坊	fong1 街坊，牌坊；地名，三坊街（龍勝街、尚仁里、南倫街的合稱）,fong4 作坊，油坊，酒坊；同防字	fung1 街坊，牌坊；地名，三坊街（龍勝街、尚仁里、南倫街的合稱）,fung4 作坊，油坊，酒坊；同防字	fong1
1999	妨	妨	fong4 妨害	fung4 妨害	fong4
2000	房	房	fong4 房間,pong4 阿房宮	fung4 房間,baang4 阿房宮	fong4
2001	放	放	fong3	fung3	fong3
2002	方	方	fong1	fung1	fong1
2003	紡	纺	fong2	fung2	fong2
2004	肪	肪	fong1 脂肪,(又)fong4	fung1 脂肪,(又)fung4	fong1
2005	芳	芳	fong1	fung1	fong1
2006	訪	访	fong2	fung2	fong2
2007	防	防	fong4	fung4	fong4
2008	彷	彷	fong2 彷彿,pong4 彷徨	fung2 彷彿,baang4 彷徨	1)fong2:彷彿 2)pong4:彷徨
2009	舫	舫	fong2	fung2	fong2
2010	昉	昉	fong2	fung2	fong2
2011	枋	枋	fong1	fung1	fong1
2012	鈁	钫	fong1	fung1	fong1
2013	魴	鲂	fong4	fung4	fong4
2014	邡	邡	fong1	fung1	fong1
2015	牥	牥	fong1	fung1	fong1
2016	蚄	蚄	fong1	fung1	fong1
2017	幌	幌	fong2	hung2	fong2
2018	恍	恍	fong2	hung2	fong2
2019	慌	慌	fong1	hung1	fong1
2020	晃	晃	fong2 晃眼；搖晃	hung2 晃眼；搖晃	fong2
2021	荒	荒	fong1	hung1	fong1
2022	謊	谎	fong1 說謊，謊話,(又)fong2	hung1 說謊，謊話,(又)hung2	fong1
2023	肓	肓	fong1	hung1	fong1
2024	滉	滉	fong2	hung2	fong2
2025	榥	榥	fong2	hung2	fong2
2026	塃	塃	fong1	hung1	fong1
2027	付	付	fu6 交付，付款	fu3 交付，付款	fu6
2028	俘	俘	fu1 俘虜	fu1 俘虜	fu1
2029	俯	俯	fu2	fu2	fu2
2030	傅	傅	fu6 師傅；姓	fu6 師傅；姓	fu6
2031	副	副	fu3	fu3	fu3
2032	咐	咐	fu3 吩咐，囑咐	fu3 吩咐，囑咐	fu3；本讀fu6
2033	夫	夫	fu1 夫妻，功夫,fu4 悲夫	fu1 夫妻，功夫,fu4 悲夫	1)fu1:農夫 2)fu4:悲夫
2034	婦	妇	fu6 婦女，夫婦，市婦幼（本地醫院）,(白)pu5 新～，兒媳婦，也有後字逆同化讀心～，俗作心抱,(白)fu5 專指媳婦，媳婦，弟婦（弟媳），姪婦（姪媳婦）	fu6 婦女，夫婦，媳婦，市婦幼（本地醫院）,(白)fu2 新～，兒媳婦	fu5
2035	孵	孵	fu1 孵化	fu1 孵化	fu1
2036	富	富	fu3	fu3	fu3
2037	府	府	fu2	fu2	fu2
2038	扶	扶	fu4 攙扶，扶手	fu4 攙扶，扶手	fu4
2039	撫	抚	fu2	fu2	fu2
2040	敷	敷	fu1	fu1	fu1
2041	斧	斧	fu2	fu2	fu2
2042	父	父	fu6 父母，祖父,fu2 尼父，田父；〈白〉舅父，伯父	fu6 父母，祖父，舅父，伯父,fu2 尼父，田父	fu6；(古)fu2田父
2043	符	符	fu4	fu4	fu4
2044	膚	肤	fu1	fu1	fu1
2045	腐	腐	fu6 豆腐，腐敗	fu6 豆腐，腐敗	fu6
2046	芙	芙	fu4 芙蓉	fu4 芙蓉	fu4
2047	負	负	fu6 負擔，勝負，負氣,(又)fu5 負氣	fu6 負擔，勝負，負氣	fu6
2048	賦	赋	fu3	fu3	fu3
2049	赴	赴	fu6 奔赴，赴會，前赴後繼	fu3 奔赴，赴會，前赴後繼	fu6
2050	附	附	fu6	fu6	fu6
2051	孚	孚	fu1	fu1	fu1
2052	腑	腑	fu2 臟腑，肺腑	fu2 臟腑，肺腑,(語)fu4 腑胵[tʃʰi55]，家禽內臟，炒～胵、～胵湯，俗作扶翅/芙翅	fu2
2053	訃	讣	fu6 訃告，訃聞	fu3 訃告，訃聞	fu6
2054	釜	釜	fu2	fu2	fu2
2055	駙	驸	fu6	fu6	fu6
2056	麩	麸	fu1 麩皮	fu1 麩皮	fu1
2057	鳧	凫	fu4	fu4	fu4
2058	嘸	呒	fu2 驚愕,mu5 否定詞,(語)mo1 喃～（南無）佬，道士、道公	fu2 驚愕,me5 否定詞,(語)mo3 喃～（南無）佬，道士、道公	m4,mou5,fu2
2059	拊	拊	fu2	fu2	fu2
2060	桴	桴	fu1	fu1	fu1
2061	滏	滏	fu2	fu2	fu2
2062	稃	稃	fu1 穀皮,(白)peu4 ～穀，秕穀,(白)paau4 又音	fu1 穀皮,(白)fau2 虛僞，亞隻人～一勢，又作秠字,(白)baau4 ～穀，秕穀；（植物子實）不飽滿；（木頭）內部不結實	fu1
2063	苻	苻	fu4	fu4	fu4
2064	蚨	蚨	fu4	fu4	fu4
2065	賻	赙	fu6	fu6	fu6
2066	趺	趺	fu1	fu1	fu1
2067	跗	跗	fu1 跗面	fu1 跗面	fu1
2068	郛	郛	fu1	fu1	fu1
2069	鮒	鲋	fu6	fu6	fu6
2070	呋	呋	fu1	fu1	fu1
2071	榑	榑	fu4	fu4	fu4
2072	砆	砆	fu1	fu1	fu1
2073	簠	簠	fu2	fu2	fu2
2074	鄜	鄜	fu1	fu1	fu1
2075	鈇	𫓧	fu1	fu1	fu1
2076	頫	𫖯	fu2	fu2	fu2
2077	㕮	㕮	fu2	fu2	fu2
2078	㳇	㳇	fu6	fu6	fu6
2079	玞	玞	fu1	fu1	fu1
2080	伕	伕	fu1 車伕，馬伕，伙伕	fu1 車伕，馬伕，伙伕	fu1
2081	祔	祔	fu6	fu6	fu6
2082	蝜	𮔅	fu6	fu6	fu6
2083	秿	秿	fu6 禾捆	fu6 禾捆,(白)bu5 （蚊蠅等）麇集在某物上，亞啲菜䆟[kʰɐp3]起來，冇許蚊子～；～燈蟲，飛蛾，也叫撲燈蟲	fu6
2084	鬴	鬴	fu2	fu2	fu2
2085	呼	呼	fu1 呼吸，歡呼，嗚呼；～～聲，形容風聲或動作快，也讀[fu21fu35]聲,(語)hu1 嗚[u55]～，表無奈或幸災樂禍,(語)hu3 又音，嗚[u33]～	hu1 呼吸，歡呼，嗚呼	fu1
2086	唬	唬	fu2 唬人	hu2 唬人	fu2；同嚇
2087	庫	库	fu3	hu3	fu3
2088	苦	苦	fu2 辛苦，苦瓜,(語)gu1 苦力，與英語coolie同源，俗作咕哩/咕喱	hu2 辛苦，苦瓜	fu2
2089	虎	虎	fu2 老虎；姓,fu1 馬虎	hu2 老虎；姓,hu3 馬虎	fu2
2090	褲	裤	fu3	hu3	fu3
2091	琥	琥	fu2	hu2	fu2
2092	刳	刳	fu1	hu1	fu1
2093	戽	戽	fu3 戽水，戽斗	hu3 戽水，戽斗	fu3
2094	滸	浒	fu2 水滸	hu2 水滸	wu2
2095	滹	滹	fu1	hu1	fu1
2096	烀	烀	fu1	hu1	fu1
2097	絝	绔	fu3	hu3	fu3
2098	軤	轷	fu1	hu1	fu1
2099	幠	幠	fu1	hu1	fu1
2100	嘑	嘑	fu1 同呼字,fu3 嘑爾	hu1 同呼字,hu3 嘑爾	fu1,fu3
2101	袴	袴	fu3	hu3	fu3
2102	𣗺	𣗺	fu1 植物種子榨油後壓成的餅狀渣滓，茶～、花生～	hu1 植物種子榨油後壓成的餅狀渣滓，茶～、花生～	fu1
2103	恢	恢	fui1	hui1	fui1
2104	悔	悔	fui2 後悔，悔改	hui2 後悔，悔改	fui3
2105	晦	晦	fui3 隱晦，晦氣,(又)fui2 讀同悔	hui3 隱晦，晦氣	fui3
2106	灰	灰	fui1	hui1	fui1
2107	誨	诲	fui3 教誨,(又)fui2 讀同悔	hui3 教誨	fui3
2108	賄	贿	fui2 賄賂，受賄	hui2 賄賂，受賄	kui2；(又)fui2
2109	詼	诙	fui1	hui1	fui1
2110	喙	喙	fui3	hui3	fui3
2111	洧	洧	fui2	hui2	fui2
2112	鮪	鲔	fui2	hui2	fui2
2113	咴	咴	fui1	hui1	fui1
2114	痏	痏	fui2	hui2	fui2,wai5
2115	豗	豗	fui1	hui1	fui1
2116	靧	𫖃	fui3	hui3	fui3
2117	徽	徽	fui1	kwai1	fai1
2118	伏	伏	fuk6 埋伏，伏案,(白)buk6 趴，～喺檯，～住	foek6 埋伏，伏案	fuk6
2119	復	复	(習)fuk1 復原；復興，古讀去聲，扶富切,(書)fuk6 復原	(習)foek2 復原；復興，古讀去聲，扶富切,(書)foek6 復原	1)fuk6:復仇 2)fuk1:回復 3)fau6:不復回
2120	複	复	fuk1 複雜，重複	foek2 複雜，重複	fuk1
2121	幅	幅	fuk1 幅度，條幅；量詞，一幅被（一張被子），一幅牆（一堵牆）	foek2 幅度，條幅；量詞，一幅被（一張被子），一幅牆（一堵牆）	fuk1
2122	服	服	fuk6	foek6	fuk6
2123	福	福	fuk1	foek2	fuk1
2124	腹	腹	fuk1	foek2	fuk1
2125	蝠	蝠	fuk1 蝙蝠（口語稱飛鼠或蝠鼠）	foek2 蝙蝠（口語稱飛鼠）	fuk1
2126	袱	袱	fuk6	foek6	fuk6
2127	覆	覆	fuk1 覆蓋，傾覆	foek2 覆蓋，傾覆	fuk1
2128	輻	辐	fuk1	foek2	fuk1
2129	匐	匐	fuk6 匍匐,(又)baak6	foek6 匍匐,(又)bak6,(語)baak6 仰～睡，仰面睡	fuk6；(又)baak6
2130	馥	馥	fuk1	foek2	fuk1
2131	茯	茯	fuk6	foek6	fuk6
2132	菔	菔	fuk6,(又)baak6	foek6,(又)bak6	fuk6,baak6
2133	蝮	蝮	fuk1	foek2	fuk1
2134	幞	幞	fuk6 幞頭,(又)buk6	foek6 幞頭,(又)boek6	buk6
2135	洑	洑	fuk6	foek6	fu3,fuk6
2136	襆	襆	fuk6,(又)buk6	foek6,(又)boek6	buk6,fuk6
2137	鰒	鳆	fuk1	foek2	fuk1
2138	栿	栿	fuk6 房樑	foek6 房樑	fuk6
2139	縛	缚	fuk6 束縛，自縛,(又)bok3 讀同博	fuk6 束縛，自縛,(又)buk2 讀同博	bok3
2140	款	款	fun2 款項，匯款	hon2 款項，匯款,(又)kon2	fun2
2141	窾	窾	fun2	hon2,(又)kon2	fun2
2142	寬	宽	fun1 寬敞，放寬，與闊對轉	hun1 寬敞，放寬，與闊對轉	fun1
2143	歡	欢	fun1	hun1	fun1
2144	髖	髋	fun1	hun1	fun1
2145	貛	獾	fun1	hun1	fun1
2146	獾	獾	fun1	hun1	fun1
2147	讙	𬤰	fun1 喧嘩	hun1 喧嘩	fun1
2148	豐	丰	fung1 豐收，豐富	foeng1 豐收，豐富	fung1
2149	馮	冯	fung4 姓,(古)pang4 暴虎馮河；通憑字	foeng4 姓,(古)bang4 暴虎馮河；通憑字	fung4；(古)通憑
2150	鳳	凤	fung6	foeng6	fung6
2151	奉	奉	fung6	foeng6	fung6
2152	封	封	fung1	foeng1	fung1
2153	峯	峰	fung1 山峯，峯巒	foeng1 山峯，峯巒	fung1
2154	楓	枫	fung1	foeng1	fung1
2155	瘋	疯	fung1	foeng1	fung1
2156	縫	缝	(動)fung4 縫補,(名)fung6 裂縫，俗讀縫補之縫	(動)foeng4 縫補,(名)foeng6 裂縫，俗讀縫補之縫	1)fung4:縫補 2)fung6:門縫
2157	蜂	蜂	fung1	foeng1	fung1
2158	諷	讽	fung2 諷刺，譏諷	foeng3 諷刺，譏諷	fung3
2159	逢	逢	fung4 相逢，逢迎；～係/有，凡是/有,pung4 鼓聲；姓,(白)pung1 撲，狗～人，與撲對轉，已罕用	foeng4 相逢，逢迎,boeng4 鼓聲；姓,(白)poeng1 撲，與撲對轉	fung4
2160	鋒	锋	fung1	foeng1	fung1
2161	風	风	fung1	foeng1	fung1；(古)又同諷fung3
2162	丰	丰	fung1 丰姿，丰采	foeng1 丰姿，丰采	fung1
2163	俸	俸	fung6 俸祿，薪俸,(又)fung2	foeng6 俸祿，薪俸	fung2
2164	烽	烽	fung1	foeng1	fung1
2165	灃	沣	fung1	foeng1	fung1
2166	渢	沨	fung4 水聲；宏大聲,(語)bung2 重物落水聲	foeng4 水聲；宏大聲,(語)bung5 象聲詞，打水聲	fung1,fung4
2167	葑	葑	fung1 蕪菁,fung3 菰根	foeng1 蕪菁,foeng3 菰根	fung1,fung3
2168	酆	酆	fung1	foeng1	fung1
2169	碸	砜	fung1	foeng1	fung1
2170	唪	唪	fung2 唪經,bung6 大笑也；〈量〉俗字，簇、串，一～葡萄；一～哢，一嘟嚕，與穙對轉，唪哢實爲唪的分音，本字蓬/𣟀（菩貢切，草木盛貌）,(語)bang6 俗字，冚～唥，全部，弱讀爲[pɐ22/pə22]，進而合音爲冚[plɐŋ22]，一說源自合不剌/咸朋唥/咸不論；冚唪唥也是猜碼口令，數字十，也說開齊手	foeng2 唪經,boeng6 大笑也；〈量〉俗字，簇、串，一～葡萄，與穙對轉，本字蓬/𣟀（菩貢切，草木盛貌）,(語)bang6 俗字，冚～唥，全部，一說源自合不剌/咸朋唥/咸不論；冚唪唥也是猜碼口令，數字十，也說開清手、全開手	fung2
2171	崶	崶	fung1	foeng1	fung1
2172	賵	赗	fung3	foeng3	fung3
2173	浲	浲	fung4	foeng4	fung4
2174	甮	甮	fung6	foeng6	fung6
2175	豁	豁	fut3 豁然	hut2 豁然	kut3
2176	闊	阔	fut3 開闊，闊別，與寬對轉	hut2 開闊，闊別，與寬對轉	fut3
2177	蛞	蛞	fut3 蛞蝓，蛞螻	hut2 蛞蝓，蛞螻	fut3,kut3
2178	𨓈	𨓈	fut3	hut2	kut3
2179	價	价	gaa3	gaa3	gaa3
2180	加	加	gaa1 加法，更加（口語省略作加）	gaa1 加法，更加	gaa1
2181	嘉	嘉	gaa1	gaa1	gaa1
2182	嫁	嫁	gaa3	gaa3	gaa3
2183	傢	家	gaa1 傢俱，傢伙	gaa1 傢俱，傢伙	gaa1
2184	家	家	gaa1 家庭，商家；〈語〉～下、而～，現在，本字今，受下字逆同化失去韻尾,(語)kaa1 又音，而～，現在	gaa1 家庭，商家	gaa1；(古人名)gu1曹大家
2185	稼	稼	gaa3	gaa3	gaa3
2186	賈	贾	gaa2 姓,gu2 商賈	gaa2 姓,gu2 商賈	1)gaa2:姓賈 2)gu2:商賈；(古)通價
2187	伽	伽	gaa1 伽利略,ke4 伽藍	gaa1 伽利略,ge4 伽藍	gaa1；伽藍又讀ke4
2188	袈	袈	gaa1	gaa1	gaa1
2189	迦	迦	gaa1	gaa1	gaa1
2190	噶	噶	gaa1 譯音用字，噶倫,got3 象聲詞	gaa1 譯音用字，噶倫,gaat2 象聲詞	gaa1,got3
2191	尕	尕	gaa1	gaa1	gaa1
2192	枷	枷	gaa1	gaa1	gaa1
2193	珈	珈	gaa1	gaa1	gaa1
2194	痂	痂	gaa1	gaa1	gaa1
2195	笳	笳	gaa1	gaa1	gaa1
2196	葭	葭	gaa1	gaa1	gaa1
2197	跏	跏	gaa1	gaa1	gaa1
2198	鎵	镓	gaa1	gaa1	gaa1
2199	尜	尜	gaa4 尜尜兒	gaa4 尜尜兒	gaat3,gaa1
2200	叚	叚	gaa2 借也，後作假,haa4 通瑕/遐字；姓	gaa2 借也，後作假,haa4 通瑕/遐字；姓	gaa2
2201	斝	斝	gaa2	gaa2	gaa2
2202	檟	槚	gaa2	gaa2	gaa2
2203	泇	泇	gaa1	gaa1	gaa1
2204	价	价	gaa3 同價字,gaai3 善也；僕役；介紹	gaa3 同價字,gaai3 善也；僕役；介紹	gaa3,gaai3
2205	豭	豭	gaa1	gaa1	gaa1
2206	㹢	㹢	gaa1	gaa1	gaa1
2207	玍	玍	gaa2 調皮、乖僻	gaa2 調皮、乖僻	gaa2
2208	介	介	gaai3	gaai3	gaai3
2209	佳	佳	gaai1	gaai1	gaai1
2210	尬	尬	gaai3 尷尬	gaai3 尷尬	gaai3
2211	屆	届	gaai3	gaai3	gaai3
2212	戒	戒	gaai3	gaai3	gaai3
2213	楷	楷	gaai1 楷樹；〈又〉楷書,kaai2 楷書	gaai1 楷樹；楷書,(又)kaai2 楷書	1)kaai2:楷書 2)gaai1:楷樹
2214	界	界	gaai3	gaai3	gaai3
2215	皆	皆	gaai1	gaai1	gaai1
2216	芥	芥	gaai3	gaai3	gaai3
2217	街	街	gaai1	gaai1	gaai1
2218	解	解	gaai3 押解；鋸斷，俗字刉/刏/鎅/𠝹，《說文》判也，此處讀古隘切，音義交錯,gaai2 解開,haai6 曉也、姓，俗讀解開之解	gaai3 押解；鋸斷，～木板，俗字刉/刏/鎅/𠝹，《說文》判也，此處讀古隘切，音義交錯,gaai2 解開,haai6 曉也、姓，俗讀解開之解,(白)ge3 割、劃，～一刀五花肉與[hɐi55]我	1)gaai2:瓦解 2)gaai3:解款 3)haai6:姓解
2219	誡	诫	gaai3	gaai3	gaai3
2220	階	阶	gaai1	gaai1	gaai1
2221	稭	秸	gaai1 麥稭	gaai1 麥稭	gaai1
2222	偕	偕	gaai1 偕老，偕同,(又)haai4 讀同諧	gaai1 偕老，偕同,(又)haai4 讀同諧	gaai1
2223	疥	疥	gaai3	gaai3	gaai3
2224	喈	喈	gaai1	gaai1	gaai1
2225	玠	玠	gaai3	gaai3	gaai3
2226	蚧	蚧	gaai3	gaai3	gaai3
2227	悈	悈	gaai3	gaai3	gaai3,hak1
2228	檞	檞	gaai2,(又)haai5	gaai2,(又)haai5	gaai2,haai5
2229	湝	湝	gaai1	gaai1	gaai1
2230	薢	薢	gaai1,(又)haai5	gaai1,(又)haai5	gaai1,haai5
2231	骱	骱	gaai3 骨節間銜接處	gaai3 骨節間銜接處	gaai3
2232	岕	岕	gaai3	gaai3	gaai3
2233	犗	犗	gaai3	gaai3	gaai3
2234	痎	痎	gaai1	gaai1	gaai1
2235	秸	秸	gaai1 麥秸，秸稈	gaai1 麥秸，秸稈	gaai1
2236	格	格	gaak3	giak2	gaak3
2237	胳	胳	gaak3 胳臂，胳膊；～肋底，腋窩，弱讀爲[ka33/kɐ33/kə33],(又)gaak6 ～肋底，腋窩，弱讀爲[ka22/kɐ22/kə22]	giak2 胳臂，胳膊	gaak3
2238	隔	隔	gaak3	giak2	gaak3
2239	革	革	gaak3	giak2	gaak3；(古)gik1病革
2240	膈	膈	gaak3 膈膜	giak2 膈膜	gaak3
2241	骼	骼	gaak3	giak2	gaak3
2242	嗝	嗝	gaak3	giak2	gaak3
2243	鎘	镉	gaak3 金屬元素,lik6 同鬲字	giak2 金屬元素,lik5 同鬲字	gaak3,lik6
2244	鬲	鬲	gaak3 鬲津，膠鬲,lik6 古代炊具	giak2 鬲津，膠鬲,lik5 古代炊具	gaak3,lik6
2245	塥	塥	gaak3	giak2	gaak3
2246	滆	滆	gaak3	giak2	gaak3
2247	挌	挌	gaak3 擊也	giak2 擊也,(白)laak3 打；擊	gaak3
2248	茖	茖	gaak3	giak2	gaak3
2249	槅	槅	gaak3	giak2	gaak3
2250	尷	尴	gaam3 尷尬，後字調類化,(又)gaam1	gaam3 尷尬，後字調類化,(又)gaam1	gaam3；(又)gaam1
2251	感	感	gaam2	gaam2	gam2
2252	敢	敢	gaam2	gaam2	gam2
2253	橄	橄	gaam2 橄欖	gaam2 橄欖	gaam3
2254	監	监	gaam3 太監，國子監,gaam1 監視，坐監	gaam3 太監，國子監,gaam1 監視，坐監	1)gaam1:監視 2)gaam3:太監
2255	鑑	鉴	gaam3 銅鑑，印鑑	gaam3 銅鑑，印鑑	gaam3
2256	鑒	鉴	gaam3 鑒定，鑒賞，借鑒	gaam3 鑒定，鑒賞，借鑒	gaam3
2257	緘	缄	gaam1 緘口，緘默；古人名，蘇緘	gaam1 緘口，緘默；古人名，蘇緘	gaam1；緘札又讀zin1
2258	澉	澉	gaam2	gaam2	gam2
2259	鱤	鳡	gaam2	gaam2	gam2
2260	奸	奸	gaan1 奸詐，內奸,(白)gen1 罕讀	gaan1 奸詐，內奸	gaan1
2261	姦	奸	gaan1 強姦，姦淫,(白)gen1 罕讀	gaan1 強姦，姦淫	gaan1
2262	澗	涧	gaan3	gaan3	gaan3
2263	菅	菅	gaan1	gaan1	gaan1
2264	諫	谏	gaan3	gaan3	gaan3
2265	筧	笕	gaan2 引水的長竹管	gaan2 引水的長竹管	gaan2
2266	襉	裥	gaan2	gaan2	gaan2
2267	暕	暕	gaan2 陰雨後晴,laan4 陰乾	gaan2 陰雨後晴,laan4 陰乾	gaan2,laan4
2268	瞷	𬑗	gaan3	gaan3	gaan3
2269	更	更	gaang1 三更,gang1 更換,gang3 更加（口語省略作加）	giang1 三更,gang1 更換,gang3 更加	1)gang1:更改 2)gaang1:打更 3)gang3:更好
2270	耕	耕	gaang1 耕田，春耕,(又)gang1 春耕	giang1 耕田，春耕	gaang1
2271	筻	筻	gaang3	giang3	gaang3
2272	畊	畊	gaang1,(又)gang1	giang1	gaang1
2273	甲	甲	gaap3 甲子，盔甲,(白)gep3 指甲,(語)lep3 穀～，穀殼，與甲同源，上古葉部；案，邢公畹《漢台語比較手冊》P292認爲民族語對音的義，從『孚甲』而來，陳孝玲《侗台語核心詞研究》P60-61補充，《釋名·釋天》甲，孚甲也，萬物解孚甲而生也	gaap2 甲子，盔甲，指甲,(語)lep2 穀～，穀殼，與甲同源，上古葉部；案，邢公畹《漢台語比較手冊》P292認爲民族語對音的義，從『孚甲』而來，陳孝玲《侗台語核心詞研究》P60-61補充，《釋名·釋天》甲，孚甲也，萬物解孚甲而生也	gaap3
2274	鉀	钾	gaap3	gaap2	gaap3
2275	頰	颊	gaap3	gaap2	haap3,gaap3
2276	胛	胛	gaap3 肩胛，胛骨；前/後～，豬羊牛的前/後腿；上/下～，上/下莊，即熟食鴨鵝的上/下半部分	gaap2 肩胛，胛骨；前/後～，豬羊牛的前/後腿；上/下～，上/下莊，即熟食鴨鵝的上/下半部分	gaap3
2277	岬	岬	gaap3	gaap2	gaap3
2278	柙	柙	gaap3 木名,haap6 藏獸檻	gaap2 木名,haap6 藏獸檻	gaap3,haap6
2279	蛺	蛱	gaap3	gaap2	gaap3
2280	袷	袷	gaap3 袷衣,gip3 相交的衣領,haap3 袷袢	gaap2 袷衣,gip2 相交的衣領,haap2 袷袢,(白)gep2 袷衣	gaap3,gip3,hap1
2281	郟	郏	gaap3	gaap2	gaap3
2282	鋏	铗	gaap3	gaap2	gaap3
2283	餄	饸	gaap3 餄餅,hap6 餄餎	gaap2 餄餅,haap6 餄餎	gaap3,hap6
2284	梜	𬂩	gaap3	gaap2	gaap3
2285	裌	裌	gaap3 同袷字，裌衣，裌裙	gaap2 同袷字，裌衣，裌裙,(白)gep2 裌衣，裌裙	gaap3
2286	跲	跲	gaap3	gaap2	gaap3
2287	䀫	䀫	gaap3 眼細暗；目睫動,(白)gap6 盯住、盯着，俗字𥄫	gaap2 眼細暗；目睫動,(白)gap6 盯住、盯着，俗字𥄫	gaap3,gap6
2288	戛	戛	gaat3 戟也；戛然，戛戛	gaat2 戟也；戛然，戛戛	aat3；(又)gaat3
2289	嘎	嘎	gaat3 象聲詞，鴨聲、雁聲,gaa1 象聲詞，裂聲、笑聲，～吱聲、～～笑,gaa4 嘎調，嘎嘎兒（尜尜兒）；譯音用字，～沙佬、～佬，民族語稱大哥,gaa2 同玍字，調皮、乖僻，～子,(語)ge4 笑～～，笑嘻嘻	gaat2 象聲詞，鴨聲、雁聲,gaa1 象聲詞，裂聲、笑聲，～吱聲、～～笑,gaa4 嘎調，嘎嘎兒（尜尜兒）；譯音用字，～佬，民族語稱大哥,gaa2 同玍字，調皮、乖僻，～子	gaa1,gaat3
2290	恝	恝	gaat3	gaat2	aat3,gaat3
2291	釓	钆	gaat3 金屬元素,kau4 同釚字	gaat2 金屬元素,gau4 同釚字	gaat3,gaa1,kau4
2292	擖	擖	gaat3 刮聲；斬斷,jip6 箕舌,kaat3 刮；撻,(訓)gwet3 用刀刮，訓讀刮	gaat2 刮聲；斬斷,jip5 箕舌,kaat2 刮；撻,(訓)gwet2 用刀刮，～松油、～鍋巴，訓讀刮	gaat3,kaat3,jip6
2293	曱	曱	gaat6 俗字，～甴，蟑螂，本字甲蚻，前字受後字逆同化,(又)gat6	gaat6 俗字，～甴，蟑螂，本字甲蚻，前字受後字逆同化，又稱臊甲	gaat6
2294	搞	搞	gaau2 亂搞，搞笑，本字攪	gaau2 亂搞，搞笑，本字攪	gaau2
2295	窖	窖	gaau3	gaau3	gaau3
2296	較	较	gaau3 較勁，比較	gaau3 較勁，比較	gaau3
2297	皎	皎	gaau2	gaau2	gaau2
2298	佼	佼	gaau2	gaau2	gaau2
2299	斠	斠	gaau3 斠訂，斠補,gok3 平斗斛	gaau3 斠訂，斠補,gaak2 平斗斛	gaau3,gok3
2300	滘	滘	gaau3 河道相通處，本字漖；地名用字	gaau3 河道相通處，本字漖；地名用字	gaau3
2301	漖	漖	gaau3 水名；地名用字	gaau3 水名；地名用字	gaau3
2302	珓	珓	gaau3	gaau3	gaau3
2303	窌	窌	gaau3 地窖,paau3 大也	gaau3 地窖,paau3 大也	gaau3,paau3
2304	筊	筊	gaau2 竹索也,gaau3 同珓字	gaau2 竹索也,gaau3 同珓字	gaau2,gaau3
2305	雞	鸡	gai1 雞蛋，土雞；比喻個小的，～蕉，一種個小略甜的芭蕉；躲～、躲蒙[mʊŋ55]～，捉迷藏、躲貓貓，該詞也有讀[ki55]，俗作躲機、躲蒙機,(語)gi1 又音，躲～、躲蒙[mʊŋ55]～，捉迷藏、躲貓貓，俗字機	gai1 雞蛋，土雞；比喻個小的，～蕉，一種個小略甜的芭蕉；揞～兒[ȵi21]盲、捉～兒[ȵi21]盲，捉迷藏、躲貓貓,(語)ge1 躲～，捉迷藏、躲貓貓	gai1
2306	髻	髻	gai3 髮髻，丫角髻（女孩梳在頭頂兩側的圓形髻）	gai3 髮髻，丫髻	gai3
2307	偈	偈	gai6 佛偈,git6 武貌；疾馳,(語)gai2 傾～，聊天，本字傾蓋；大～，大副	gai6 佛偈；〈語〉傾～，聊天，本字傾蓋,gyut6 武貌；疾馳	gai2,gai6,git6
2308	笄	笄	gai1	gai1	gai1
2309	罽	罽	gai3	gai3	gai3
2310	薊	蓟	gai3	gai3	gai3
2311	枅	枅	gai1	gai1	gai1
2312	瀱	瀱	gai3	gai3	gai3
2313	㚻	㚻	gai1	gai1	gai1
2314	鷄	鸡	gai1 同雞字,(語)gi1 又音，躲～、躲蒙[mʊŋ55]～，捉迷藏、躲貓貓，俗字機	gai1 同雞字,(語)ge1 躲～，捉迷藏、躲貓貓	gai1
2315	繼	继	gai3	gi3	gai3
2316	計	计	gai3 計算，統計,gi3 夥計,(白)gai2 恁～，想辦法；扭～，鬧彆扭	gi3 計算，統計，夥計；恁～，想辦法	1)gai3:計算 3)gei3:夥計
2317	檵	檵	gai3 枸檵，檵木	gi3 枸檵，檵木	gai3
2318	柑	柑	gam1 柑橘（口語稱柑果），扁柑	gaam1 柑橘，扁柑	gam1
2319	甘	甘	gam1	gaam1	gam1
2320	贛	赣	gam3 贛江	gaam3 贛江	gam3；通貢
2321	疳	疳	gam1 疳積，牙疳，下疳	gaam1 疳積，牙疳，下疳	gam1
2322	泔	泔	gam1 泔水	gaam1 泔水	gam1
2323	淦	淦	gam3	gaam3	gaam3,gam3
2324	紺	绀	gam3	gaam3	gam3
2325	苷	苷	gam1	gaam1	gam1
2326	㽏	㽏	gam3	gaam3	gam3
2327	咁	咁	gam3 粵字，表程度，這麼/那麼，箇物（箇麼）的合音，本地統用噉，未分化出咁,haam4 同銜字	gaam3 粵字，表程度，這麼/那麼，箇物（箇麼）的合音，本地用梗/耿[kiɐŋ55],haam4 同銜字	gam3
2328	噉	噉	gam2 粵字，表狀態，這樣/那樣，箇物（箇麼）的合音；又表程度，這麼/那麼，本地統用噉，未分化出咁,daam6 同啖字	gaam2 粵字，表狀態，這樣/那樣，箇物（箇麼）的合音，本地用梗/耿[kiɐŋ55],daam6 同啖字	gam2,daam6
2329	今	今	gam1	gam1	gam1
2330	禁	禁	gam3 禁止；禁不起，情不自禁,kam1 弱不禁風；耐久，耐受	gam3 禁止；禁不起，情不自禁,kam1 弱不禁風；耐久，耐受	1)gam3:禁止 2)kam1:弱不禁風
2331	金	金	gam1	gam1	gam1
2332	噤	噤	gam3	gam3	gam3
2333	撳	揿	gam6 俗字，按，本字𠢱	gam6 俗字，按，本字𠢱	gam6
2334	𠢱	𠢱	gam6 按，俗字撳	gam6 按，俗字撳	gam6
2335	錦	锦	gam2 錦繡，織錦	(白)kam2 錦繡，織錦,(文)gam2	gam2
2336	僅	仅	gan2	gan2	gan2
2337	巾	巾	gan1	gan1	gan1
2338	斤	斤	gan1	gan1	gan1
2339	根	根	gan1	gan1	gan1
2340	筋	筋	gan1	gan1	gan1
2341	緊	紧	gan2 鬆緊，緊張；用於動詞後表進行體，片～鴨，正在片鴨，切～菜，正在切菜，老派用法，新派多用住	gan2 鬆緊，緊張；用於動詞後表進行體，打～電話，正在打電話	gan2
2342	謹	谨	gan2	gan2	gan2
2343	跟	跟	gan1	gan1	gan1
2344	艮	艮	gan3	gan3	gan3
2345	覲	觐	gan6	gan6	gan6；(又)gan2
2346	堇	堇	gan2	gan2	gan2
2347	槿	槿	gan2	gan2	gan2
2348	瑾	瑾	gan2	gan2	gan2
2349	靳	靳	gan3	gan3	gan3
2350	饉	馑	gan2	gan2	gan2
2351	巹	卺	gan2	gan2	gan2
2352	墐	墐	gan6,(又)gan2	gan6,(又)gan2	gan2,gan6
2353	廑	廑	gan2 小屋；覆蓋；同僅字,kan4 通勤字	gan2 小屋；覆蓋；同僅字,gan4 通勤字	gan2,kan4
2354	殣	殣	gan2	gan2	gan2
2355	茛	茛	gan3	gan3	gan3
2356	釿	𬬱	gan1	gan1	gan1
2357	觔	觔	gan1	gan1	gan1
2358	歏	歏	gan6	gan6,(語)gaan6 ～硌[kak2]，不順心、不滿足	gan6
2359	梗	梗	gang2 桔梗，梗阻；〈語〉～係，肯定是，箇肯的合音,(白)kwaang2 菜梗，豆梗,(白)gwaang2 又音	gang2 桔梗，梗阻,(語)giang3 表狀態或程度，這/那樣、這/那麼，箇樣的合音，又作耿/更字,(白)kwaang2 菜梗，豆梗,(白)gwaang2 又音	gang2
2360	耿	耿	gang2 耿直，耿耿；〈語〉～板、繃[pɐŋ35]～，古板,(白)ngang2 發愣，愣住	gang2 耿直，耿耿；〈語〉古～，古板,(語)giang3 表狀態或程度，這/那樣、這/那麼，箇樣的合音，又作梗/更字	gang2
2361	埂	埂	gang2 田埂	gang2 田埂	gang2
2362	亙	亘	gang2	gang2	gang2
2363	綆	绠	gang2	gang2	gang2
2364	鯁	鲠	gang2 骨鯁在喉,(白)kang2 ～頸，（魚骨、魚刺）卡頸	gang2 骨鯁在喉,(白)gang5 ～頸，（魚骨、魚刺）卡頸,(白)kaang2 魚～，魚骨、魚刺	gang2
2365	浭	浭	gang1 水名	gang1 水名	gang1
2366	暅	暅	gang3 曝曬,hyun2 日氣	gang3 曝曬,hyun2 日氣	gang3,hyun2
2367	𬒔	𬒔	gang2 地名，石𬒔（在廣東）	gang2 地名，石𬒔（在廣東）	gang2
2368	骾	鲠	gang2 骨骾,(白)kang2 ～頸，（骨頭）卡頸	gang2 骨骾,(白)gang5 ～頸，（骨頭）卡頸	gang2
2369	緪	𬘵	gang1 繩索；繃緊，繃[mɐŋ55]得～，繃得緊,(語)hang4 繃緊，讀聲符恆，俗字衡/拫/恆,(語)gang4 假借字，跌跫[kʊŋ21]～，倒地有聲，本字不明	gang1 繩索；繃緊,(語)hang4 繃緊，亞條索拉～啲，（液體或含水分的東西）遇冷凝結，亞啲豬腳湯～成凍喇，讀聲符恆，俗字衡/拫/恆,(語)gang4 假借字，高～～，高貌，本字不明	gang1,hang4
2370	庚	庚	gang1 年庚，庚子,(罕)gaang1	giang1 年庚，庚子	gang1
2371	羹	羹	gang1 羹湯，匙羹，調羹,(又)gaang1 匙羹，調羹	giang1 羹湯，匙羹，調羹	gang1
2372	粳	粳	gang1 粳米,(罕)gaang1	giang1 粳米	gang1
2373	賡	赓	gang1	giang1	gang1
2374	鶊	鹒	gang1	giang1	gang1
2375	蛤	蛤	gap3 蛤蜊，蛤乸（田雞）,haa4 蛤蟆，同蝦蟆,(白)gap1 蛤蚧,(語)gep6 ～～，小青蛙，童語，擬叫聲得名，元音象義,(語)gaap6 ～～，大青蛙，童語，擬叫聲得名，元音象義	gaap2 蛤蜊，蛤蚧，蛤崽（小青蛙）,haa4 蛤蟆，同蝦蟆	gap3；蛤蟆讀haa1
2376	鴿	鸽	gap3 白鴿，鴿子,(又)gaap3	gaap2 白鴿，鴿子	gap3
2377	頜	颌	gap3 口；姓,hap6 上下頜	gaap2 口；姓,haap6 上下頜	gap3,hap6
2378	閤	𬮤	gap3 小門；姓	gaap2 小門；姓	gap3
2379	佮	佮	gap3 ～夥，合夥，～錢，湊錢，又作敆/㪉字	gaap2 ～夥，合夥，～錢，湊錢，又作敆/㪉字,(語)gap3 閉（口）	gap3
2380	搿	搿	gap3	gaap2	gaap3
2381	𠶲	𠶲	gap6 啃、咬，引申指吃	gaap6 啃、咬，引申指吃	kap6
2382	及	及	gap6	gap6	kap6
2383	急	急	gap1	gap2	gap1
2384	岌	岌	gap6 岌岌可危	gap6 岌岌可危	kap1
2385	芨	芨	gap6 白芨,gap1 蒴藋	gap6 白芨,gap2 蒴藋	gap1
2386	忣	忣	gap1	gap2	gap1
2387	㧀	㧀	gap6	gap6	gap6
2388	吉	吉	gat1	gat2	gat1
2389	桔	桔	gat1 桔梗；同橘字，多指小金橘，皮薄、黃色、味酸，本地也指小番茄；案，金～、金錢～，本地指小番茄，與柑橘（柑果）、金橘（金柑）同音但三者不同，易混淆，視語境區分	gat2 桔梗；同橘字，多指小金橘，皮薄、黃色、味酸，本地也指小番茄；案，金錢～，本地指小番茄，與柑橘（柑果）、金橘（金柑）三者不同	gat1
2390	橘	橘	(習)gat1 橘子；小金橘或小番茄（本地用法）則俗作桔；案，柑橘（柑果）、金橘（金柑）、金桔（本地指小番茄）同音但三者不同，易混淆，視語境區分,(書)gwat1	(習)gat2 橘子；小金橘或小番茄（本地用法）則俗作桔,(書)gwat2	gwat1
2391	訖	讫	gat1 收訖,hat1 通迄字；〈又〉收訖，讀同乞	gat2 收訖,hat2 通迄字；〈又〉收訖，讀同乞	ngat6；(又)gat1
2392	佶	佶	gat1 健壯；佶屈聱牙	gat2 健壯；佶屈聱牙	gat1
2393	虼	虼	gat1 虼蚤，虼螂	gat2 虼蚤，虼螂	gat1
2394	郅	郅	gat1 郅偈,zat6 郁郅	gat2 郅偈,zat6 郁郅	zat6
2395	姞	姞	gat1	gat2	gat1
2396	咭	咭	gat1 笑貌,gi1 同嘰字	gat2 笑貌,gi1 同嘰字	gat1,kat1,kaat1
2397	㓤	㓤	gat1 俗字，刺、扎，本字吉，源自常用詞吉利，利取鋒利的諧趣義，吉既鋒利故可用於刺,kaat3 剝也	gat2 俗字，刺、扎，本字吉，源自常用詞吉利，利取鋒利的諧趣義，吉既鋒利故可用於刺,kaat2 剝也	gat1
2398	䞘	䞘	gat6 行貌；〈語〉～路，走人、滾蛋，另一說本字趉	gat6 行貌；〈語〉～路，走人、滾蛋，另一說本字趉	gat6
2399	久	久	gau2	gau2	gau2
2400	九	九	gau2 九洲，九月；～長久、～長長（九諧音久），猜碼口令，數字九	gau2 九洲，九月；～長久、～～長（九諧音久）、～快，猜碼口令，數字九	gau2
2401	垢	垢	gau3	gau3	gau3
2402	夠	够	gau3	gau3	gau3
2403	救	救	gau3	gau3	gau3
2404	舊	旧	gau6	gau6	gau6
2405	溝	沟	gau1	gau1	kau1
2406	狗	狗	gau2	gau2	gau2
2407	玖	玖	gau2	gau2	gau2
2408	疚	疚	gau3	gau3	gau3
2409	究	究	gau3 研究，究竟	gau3 研究，究竟	gau3
2410	苟	苟	gau2	gau2	gau2
2411	韭	韭	gau2	gau2	gau2
2412	咎	咎	gau3	gau3	gau3
2413	枸	枸	gau2	gau2	gau2
2414	柩	柩	gau6 靈柩,(又)gau3	gau6 靈柩	gau6
2415	詬	诟	gau3	gau3	gau3
2416	鳩	鸠	gau1 斑鳩；男陰，已罕用；～屎，擺架子、待理不理	gau1 斑鳩；男陰；～屎，擺架子、待理不理	gau1
2417	岣	岣	gau2	gau2	gau2
2418	彀	彀	gau3 彀中，彀弓	gau3 彀中，彀弓	gau3
2419	篝	篝	gau1	gau1	gau1
2420	緱	缑	gau1	gau1	gau1
2421	鬮	阄	gau1 拈鬮	gau1 拈鬮	gau1
2422	韝	鞲	gau1	gau1	gau1
2423	廏	厩	gau3 馬廏	gau3 馬廏	gau3
2424	遘	遘	gau3	gau3	gau3
2425	姤	姤	gau3	gau3	gau3
2426	泃	泃	gau1 水聲,kyu1 水名	gau1 水聲,kyu1 水名	gau1,keoi1
2427	笱	笱	gau2	gau2	gau2
2428	耇	耇	gau2 高壽	gau2 高壽	gau2
2429	雊	雊	gau3	gau3	gau3
2430	勼	勼	gau1 聚也	gau1 聚也	gau1,kau1
2431	摎	摎	gau1 摎蓼,lau4 姓,(語)laau2 ～攪[kau22]、～事，胡搞、搗蛋，當是亂攪鬧、亂攪事之音變	gau1 摎蓼,lau4 姓,(語)laau5 ～攪[kau22]，胡搞、搗蛋，當是亂攪鬧之音變	gau1,lau4
2432	芶	芶	gau2 姓	gau2 姓	gau2
2433	嘅	嘅	ge3 俗字，結構助詞，的，本字個，我～，我的,ge2 俗字，變調，語氣詞，佢（渠）間屋裝修得幾靚～，他家裝修得還不錯,koi3 同慨字,(語)e3 弱讀,(語)e2 弱讀	ge3 俗字，結構助詞，的，本字個，我～，我的,ga2 俗字，語流音變，進而弱讀爲[kə33]，賣膏藥～，賣膏藥的,kaai3 同慨字,(語)e3 弱讀	ge3,ge2,koi3
2434	減	减	(白)gem2 減少，加減,(文)gaam2	gaam2 減少，加減	gaam2
2435	柬	柬	(白)gen2,(文)gaan2	gaan2	gaan2
2436	簡	简	(白)gen2 簡單，竹簡,(文)gaan2	gaan2 簡單，竹簡	gaan2
2437	艱	艰	(白)gen1 艱難，艱鉅,(文)gaan1 艱苦，艱辛	gaan1 艱難，艱苦	gaan1
2438	間	间	(白)gen1 中間，時間,(白)gen3 間隔，離間,(文)gaan1,(文)gaan3 常讀	gaan1 中間，時間,gaan3 間隔，離間	1)gaan1:中間 2)gaan3:間隙，時間
2439	鐧	锏	(白)gen2 殺手鐧,gaan3 車鐧,(文)gaan2	gaan2 殺手鐧,gaan3 車鐧	gaan2,gaan3
2440	揀	拣	(白)gen2 揀選,(文)gaan2	(白)gen2 揀選,(文)gaan2	gaan2
2441	鹼	碱	(白)gen2 鹼性，燒鹼，訓讀𨣇；肥皂，俗字梘,(文)gaan2	(白)gen2 鹼性，燒鹼，訓讀𨣇；肥皂，俗字梘,(文)gaan2	gaan2
2442	繭	茧	(白)gen2 蠶繭；通趼字，起繭,(文)gaan2	(白)gen2 蠶繭；通趼字，起繭,(文)gaan2	gaan2
2443	梘	枧	(白)gen2 通水器；肥皂，本字鹼,(文)gaan2	(白)gen2 通水器；肥皂，本字鹼,(文)gaan2	gaan2
2444	趼	趼	(白)gen2 足趼，老趼,(文)gaan2,(訓)zin2 訓讀皽,(書)gin2	(白)gen2 足趼，老趼,(文)gaan2,(書)gin2	gaan2,gin2
2445	碱	碱	(白)gen2 鹼的俗字,(文)gaan2	(白)gen2 鹼的俗字,(文)gaan2	gaan2
2446	鏡	镜	geng3	ging3	geng3
2447	頸	颈	geng2	ging2	geng2
2448	猄	猄	(白)geng1,(文)ging1	ging1	geng1,ging1
2449	莢	荚	(白)gep3 豆莢，皂莢,(文)gaap3,(訓)haap3 菜～，老菜葉、菜幫子，訓讀掐	gaap2 豆莢，皂莢	gaap3
2450	夾	夹	(白)gep6 鐵夾；夾住,(文)gaap3 夾層，夾竹桃；夾衣，同裌衣/袷衣；夾硬（強行）	(白)gep2 鐵夾；夾住；夾衣，同裌衣/袷衣,(文)gaap2 夾層，夾竹桃；夾衣，同裌衣/袷衣	gaap3
2451	喼	喼	gep1 俗字，～帽，鴨舌帽，英語cap；～紐，按釦；～紙，紙炮，因形似火帽得名，英語cap；～汁，辣醬油、伍斯特沙司、英國黑醋，英語ketchup、catchup或catsup，常用於豬扒、牛扒、炸春卷等西餐調味，形如醬油得名，但無醬油成份，早期原料中本無番茄，但後來加入番茄成爲番茄汁，所以也稱茄汁，二十世紀六十年代南寧新生園飯店做豬扒時用到	gep3 俗字，～紙，紙炮，因形似火帽得名，英語cap；～釦，按釦	gip1
2452	交	交	(白)geu1 交錢，交往，交叉（該詞中又讀[kʰɛu55]）；爭～，吵架，打～，打架,(文)gaau1 成交，外交，交通，交易,(又)keu1 交叉	gaau1 交錢，成交，交叉；爭～，吵架，也說鬥口（鬥嘴）	gaau1
2453	攪	搅	(白)geu2 攪動，攪拌,(文)gaau2 打攪,(語)gaau6 摎[lau35]～，胡搞、搗蛋，當是亂攪鬧之音變	gaau2 打攪，攪動，攪拌,(白)geu2 攪動，攪拌,(語)gaau4 攪拌，～勻啲,(語)gaau6 摎[lau24]～，胡搞、搗蛋，當是亂攪鬧之音變	gaau2
2454	教	教	(白)geu3 教書；教訓,gaau1 令、使、讓,(文)gaau3	gaau3 教書；教訓,gaau1 令、使、讓	gaau3
2455	狡	狡	(白)geu2 狡猾，狡詐,(文)gaau2	gaau2 狡猾，狡詐,(白)geu2 狡詐	gaau2
2456	絞	绞	(白)geu2 絞肉，絞刑,(文)gaau2	gaau2 絞肉，絞刑,(白)geu2 絞線，絞孭（佔便宜）	gaau2
2457	膠	胶	(白)geu1 膠水，膠擦（橡皮），膠箍（橡皮筋）,(文)gaau1,(又)keu1 糖～，無紙包的手工製糖塊	gaau1 膠水，橡膠,(白)geu1 膠水，膠擦（橡皮），膠箍（橡皮筋）	gaau1
2458	郊	郊	(白)geu1 郊外，郊區,(文)gaau1 市郊，城郊	gaau1 郊外，城郊	gaau1
2459	餃	饺	(白)geu2 餃子，水餃，粉餃，源自角,(文)gaau2 餃子	gaau2 餃子，水餃，粉餃，源自角	gaau2
2460	跤	跤	(白)geu1 跌跤,(文)gaau1	gaau1 跌跤	gaau1
2461	蛟	蛟	(白)geu1 蛟龍,(文)gaau1	gaau1 蛟龍	gaau1
2462	鮫	鲛	(白)geu1 鮫魚，鮫人,(文)gaau1 馬鮫，馬鮫魚	gaau1 鮫魚，鮫人，馬鮫	gaau1
2463	艽	艽	(白)geu1 秦艽,kau4 遠荒,(文)gaau1	gaau1 秦艽,gau4 遠荒	gaau1,kau4
2464	茭	茭	(白)geu1 茭白，茭筍,(文)gaau1	gaau1 茭白，茭筍	gaau1
2465	鉸	铰	(白)geu3 鉸刀；～剪，剪刀,(文)gaau3 牙～，下頜骨；～腳，逃走、溜走	gaau3 鉸刀；～剪，剪刀；～腳，逃走、溜走,(白)geu3 ～牙齒，磨牙	gaau3
2466	鵁	䴔	(白)geu1,(文)gaau1	gaau1	gaau1
2467	峧	峧	(白)geu1,(文)gaau1	gaau1	gaau1
2468	嘐	嘐	(白)geu1 雞鳴,haau1 誇語；啁嘐,(文)gaau1	gaau1 雞鳴,haau1 誇語；啁嘐,(白)leu3 啁[tʃɛu55]～，嘴巴厲害	gaau1,haau1
2469	轇	𫐖	(白)geu1,(文)gaau1	gaau1	gaau1
2470	撬	撬	geu6 撬開，撬門，源自翹，尾起也,keu3 亂翻、翻找，疑本字趬	geu6 撬開，撬門，源自翹，尾起也,keu3 亂翻、翻找，疑本字趬	giu6
2471	冀	冀	gi3	gi3	kei3
2472	几	几	gi1 茶几	gi1 茶几	gei1
2473	幾	几	gi2 幾個,gi1 幾乎	gi2 幾個,gi1 幾乎	1)gei2:幾個 2)gei1:幾乎
2474	嘰	叽	gi1 嘰哩咕嚕；譯音用字，咔嘰	gi1 嘰哩咕嚕；譯音用字，咔嘰	gei1
2475	基	基	gi1	gi1	gei1
2476	妓	妓	gi6 歌妓，妓女,(語)gyu2 妓女的合音，老～，妓女，俗作老舉	gi6 歌妓，妓女,(語)gi3 老～婆，妓女,(語)gyu3 老～寨、老～牌，妓院	gei6
2477	寄	寄	gi3	gi3	gei3
2478	己	己	gi2 自己，知己,(白)gi1 自己	gi2 自己，知己	gei2
2479	忌	忌	gi6 妒忌，忌諱，忌憚,(白)ge6 怕,(語)gai6 怕	gi6 妒忌，忌諱，忌憚,(語)gai6 怕	gei6
2480	技	技	gi6	gi6	gei6
2481	既	既	gi3	gi3	gei3
2482	機	机	gi1 飛機，機器，機會，時機,(語)gai1 打火～；焫～，烙鐵；勾～，扳機；哨～，哨子；吹～，吹哨子；～頭，（電單車、摩托車）車頭；案，偷雞（偷跑；逃學）、走雞（失去機會）的雞也是機（機會）的音變，但已習慣寫作雞	gi1 飛機，機器，機會，時機,(語)gai1 打火～；焫～，烙鐵；勾～，扳機；銀～，哨子	gei1
2483	箕	箕	gi1	gi1	gei1
2484	紀	纪	gi2 紀律；世紀；姓	gi2 紀律；世紀；姓	1)gei3:紀事 2)gei2:紀元，姓紀
2485	肌	肌	gi1 肌肉，胸肌,(語)gai1 囊[nɐŋ55]～，瘡疤，俗作𤹍雞	gi1 肌肉，胸肌,(語)gai1 囊[nɐŋ55]～，瘡疤，俗作𤹍雞	gei1
2486	譏	讥	gi1	gi1	gei1
2487	記	记	gi3	gi3	gei3
2488	飢	饥	gi1 飢餓	gi1 飢餓	gei1
2489	饑	饥	gi1 饑荒	gi1 饑荒	gei1
2490	乩	乩	gi1	gi1	gei1
2491	姬	姬	gi1	gi1	gei1
2492	暨	暨	gi3 及也至也；暨南	gi3 及也至也；暨南	kei3
2493	杞	杞	gi2	gi2	gei2
2494	犄	犄	gi1 犄角,ji2 去勢的公牛	gi1 犄角,ji2 去勢的公牛	ji2
2495	璣	玑	gi1	gi1	gei1
2496	磯	矶	gi1	gi1	gei1
2497	羈	羁	gi1 羈絆，羈留；～疙[kɐt2]，梗阻、妨礙	gi1 羈絆，羈留	gei1
2498	覬	觊	gi3	gi3	gei3
2499	驥	骥	gi3	gi3	kei3
2500	伎	伎	gi6 伎倆,ki4 伎伎	gi6 伎倆,gi4 伎伎	gei6,kei4
2501	剞	剞	gi1	gi1	gei1
2502	洎	洎	gi3	gi3	gei3
2503	畿	畿	gi1	gi1	gei1
2504	萁	萁	gi1 草名,ki4 豆萁	gi1 草名,gi4 豆萁	gei1,kei4
2505	蟣	虮	gi2 蟣蝨,ki4 水蛭	gi2 蟣蝨,gi4 水蛭	gei2,kei4
2506	麂	麂	gi2	gi2	gei2
2507	惎	惎	gi6	gi6	gei6
2508	掎	掎	gi2 掎角	gi2 掎角	gei2
2509	芰	芰	gi6	gi6	gei6
2510	跽	跽	gi6	gi6	gei6
2511	錤	𫓹	gi1	gi1	gei1
2512	鱀	𬶨	gi3	gi3	gei6,kei3
2513	垍	垍	gi6	gi6	gei6
2514	魢	鱾	gi2	gi2	gei2
2515	鞿	鞿	gi1	gi1	gei1
2516	禨	𥘌	gi1	gi1	gei1,gei6
2517	極	极	gik6	gik6	gik6
2518	棘	棘	gik1 荊棘，棘手	gik2 荊棘，棘手	gik1
2519	激	激	gik1	gik2	gik1
2520	亟	亟	gik1 亟待,ki3 亟請	gik2 亟待,ki3 亟請	1)gik1:需款甚亟 2)kei3:亟來問訊
2521	戟	戟	gik1 畫戟，戈戟	gik2 畫戟，戈戟	gik1
2522	墼	墼	gik1	gik2	gik1
2523	殛	殛	gik1	gik2	gik1
2524	擊	击	gik1 攻擊，擊敗,(又)kik1 二四有～，勢均力敵	kik2 攻擊，擊敗	gik1
2525	儉	俭	gim6	gim6	gim6
2526	兼	兼	gim1 兼職，兼顧,(外)gem1 遊戲淘汰、出局，英語GameOver；～波，賽球，英語GameBall	gim1 兼職，兼顧	gim1
2527	劍	剑	gim3	gim3	gim3
2528	撿	捡	gim2	gim2	gim2
2529	檢	检	gim2	gim2	gim2
2530	縑	缣	gim1	gim1	gim1
2531	搛	搛	gim1 搛菜	gim1 搛菜	gim1
2532	瞼	睑	gim2	gim2	gim2,lim4
2533	蒹	蒹	gim1	gim1	gim1
2534	鰜	鳒	gim1 比目魚	gim1 比目魚	gim1
2535	鶼	鹣	gim1	gim1	gim1
2536	健	健	gin6	gin6	gin6
2537	建	建	gin3	gin3	gin3
2538	見	见	gin3 看見,jin6 同現字	gin3 看見,jyun6 同現字	1)gin3:看見 2)jin6:同現
2539	鍵	键	gin6 關鍵，鍵盤	gin6 關鍵，鍵盤	gin6
2540	毽	毽	gin3 拋足之戲具,(訓)jin2 訓讀燕，～子，毽子，踢～，踢毽子	gin3 拋足之戲具,(訓)jyun3 訓讀燕，～子，毽子，踢～子，踢毽子	jin2,gin3
2541	腱	腱	gin3 肌腱，腱子，讀同建	gin3 肌腱，腱子，讀同建	gin3
2542	犍	犍	gin3 犍牛，讀同建,gin6 犍爲縣，漢碑作楗,(又)kin4 犍爲縣	gin3 犍牛，讀同建,gin6 犍爲縣，漢碑作楗,(又)gyun4 犍爲縣	gin1,kin4
2543	謇	謇	gin2	gin2	gin2,hin1
2544	蹇	蹇	gin2	gin2	gin2
2545	鞬	鞬	gin1	gin1	gin1
2546	踺	踺	gin6	gin6	gin6
2547	楗	楗	gin6	gin6	gin6
2548	鈃	钘	gin1 人名用字,jing4 古酒器	gin1 人名用字,hing4 古酒器	gin1,jing4
2549	靬	靬	gin1	gin1	gin1
2550	囝	囝	gin2 閩語字，兒子,naam4 同囡字,(訓)zai2 訓讀崽	gin2 閩語字，兒子,naam4 同囡字,(訓)zaai2 訓讀崽	zai2
2551	瀽	瀽	gin2	gin2	zin2
2552	𠐻	𠐻	gin2 傲慢	gin2 傲慢,(白)gen5 驕傲；自以爲是	gin2
2553	件	件	gin6 一件，計件，配件，軟件，信件，案件,(白)gin2 條件，文件，零件，郵件，收件人，前字或後字爲陽平則變調	gyun6 一件，條件	gin6
2554	堅	坚	gin1 堅固，堅強；〈語〉優良的	gyun1 堅固，堅強	gin1
2555	肩	肩	gin1	gyun1	gin1
2556	鰹	鲣	gin1	gyun1	gin1
2557	京	京	ging1	ging1	ging1
2558	兢	兢	ging1	ging1	ging1
2559	勁	劲	ging3 幹勁，費勁,ging6 強勁，勁敵；〈語〉厲害	ging3 幹勁，費勁；強勁，勁敵	ging6
2560	境	境	ging2 境界，環境	ging2 境界，環境	ging2
2561	徑	径	ging3 半徑，徑直，途徑	ging3 半徑，徑直，途徑	ging3
2562	驚	惊	ging1 震驚，驚慌,(白)geng1 怕	ging1 震驚，驚慌	ging1
2563	敬	敬	ging3	ging3	ging3
2564	景	景	ging2 風景，景仰	ging2 風景，景仰	ging2
2565	競	竞	ging6 競爭，競賽,(常)ging3 俗讀，讀同竟	ging3 競爭，競賽，讀同竟	ging6
2566	竟	竟	ging3 究竟，竟然	ging3 究竟，竟然	ging2
2567	經	经	ging1 經濟；經緯,(白)gaang1 𪐀[na55]～，關係，俗作𪐀耕；疏～，指布不結實，俗作疏耕	ging1 經濟；經緯	ging1
2568	莖	茎	ging3 根莖，讀同逕	ging3 根莖，讀同逕	hang1；(俗)ging3
2569	荊	荆	ging1	ging1	ging1
2570	警	警	ging2	ging2	ging2
2571	憬	憬	ging2 憬悟，憬然；〈語〉假借字，得意、驕傲，見廣的合音，～昏七，得意洋洋，又俗作景	ging2 憬悟，憬然；〈語〉假借字，得意、驕傲，見廣的合音，～得，得意洋洋，又俗作景	ging2
2572	涇	泾	ging1	ging1	ging1
2573	痙	痉	ging6	ging6	ging6
2574	矜	矜	ging1 矜持，矜貴,(古)gwaan1 同鰥/瘝字,(古)kan4 矛柄也	ging1 矜持，矜貴,(古)gwaan1 同鰥/瘝字,(古)gan4 矛柄也	ging1；(古)通鰥gwaan1
2575	儆	儆	ging2 儆戒，以儆效尤,(白)geng6 ～惜[ɬɛk3]，珍惜（物）；怕，～佢（渠），怕他	ging2 儆戒，以儆效尤	ging2
2576	剄	刭	ging2	ging2	ging2
2577	烴	烃	ging2 溫；焦臭；焦貌,ting1 碳氫化合物	ging2 溫；焦臭；焦貌,ting1 碳氫化合物	ging2,ting1
2578	璟	璟	ging2	ging2	ging2
2579	脛	胫	ging3	ging3	ging3
2580	逕	迳	ging3 至也，過也；同徑字,(白)gaang3 ～水，涉水，俗字浭	ging3 至也，過也；同徑字,(白)giang3 ～水，涉水，俗字浭	ging3
2581	獍	獍	ging3	ging3	ging3
2582	璥	璥	ging2	ging2	ging2
2583	麖	麖	ging1	ging1	ging1
2584	弳	弪	ging3	ging3	ging3
2585	憼	憼	ging2 敬也；〈語〉寵愛，得～，得寵，俗字景/儆	ging2 敬也	ging2
2586	劫	劫	gip3 打劫，劫匪,(罕)kip3	gip2 打劫，劫匪	gip3
2587	澀	涩	(訓)gip3 苦澀（形容味道），澀味，澀口，本字砝，硬也,sap1 羞澀，晦澀，苦澀（形容心情）	(訓)gip2 苦澀（形容味道），澀味，澀口，本字砝，硬也,sap2 羞澀，晦澀，苦澀（形容心情）	1)saap3:羞澀 2)gip3:澀味
2588	蜐	蜐	gip3	gip2	gip3
2589	傑	杰	git6 傑出	gyut6 傑出	git6
2590	杰	杰	git6 人名用字；同傑字	gyut6 人名用字；同傑字	git6
2591	潔	洁	git3 清潔，潔白	gyut6 清潔，潔白，讀同傑	git3
2592	結	结	git3	gyut2	git3
2593	拮	拮	git3 拮据	gyut2 拮据	git3
2594	桀	桀	git6	gyut6	git6
2595	鮚	鲒	git3	gyut2	git3
2596	㛃	㛃	git3	gyut2	git3
2597	榤	榤	git6	gyut6	git6
2598	袺	袺	git3	gyut2	git3
2599	䥛	䥛	git3 鐮刀	gyut2 鐮刀	git3
2600	叫	叫	giu3	giu3	giu3
2601	嬌	娇	giu1	giu1	giu1
2602	澆	浇	giu1	giu1	giu1
2603	矯	矫	giu2 矯健，矯情，矯詐,(白)geu2 矯詐，又作狡詐	giu2 矯健，矯情，矯詐	giu2
2604	繳	缴	giu2 上繳,zoek3 繫在箭上的絲繩	giu2 上繳,ziak2 繫在箭上的絲繩	giu2,zoek3
2605	轎	轿	giu6 轎車，花轎	giu6 轎車，花轎	giu2；(語)kiu2
2606	驕	骄	giu1	giu1	giu1
2607	嶠	峤	giu6 山道,kiu4 山尖而高	giu6 山道,giu4 山尖而高	giu6,kiu4
2608	徼	徼	giu3 邊界；巡察,giu1 抄襲,hiu1 徼倖，也作僥倖,jiu1 同邀字	giu3 邊界；巡察,giu1 抄襲,hiu2 徼倖，也作僥倖,jiu1 同邀字	giu3,giu1,hiu1,jiu1
2609	敫	敫	giu3 人名用字,giu2 光閃耀；姓	giu3 人名用字,giu2 光閃耀；姓	giu3,giu2
2610	皦	皦	giu2	giu2	gaau2,giu2
2611	璬	璬	giu2	giu2	giu2
2612	撟	挢	giu2	giu2	giu2
2613	蹻	𫏋	giu2 蹻蹻,goek3 通屩字,(白)keu1 同蹺字,(文)heu1	giu2 蹻蹻,giak2 通屩字,heu1 同蹺字	giu2,goek3,hiu1
2614	個	个	go3 一個，個人	go3 一個，個人	go3
2615	哥	哥	go1 阿哥，哥[kɔ21]哥	go1 阿哥，哥[ko21]哥,(語)go2 鷯[leu33]哥	go1
2616	果	果	go2 水果，如果,(又)gu2 如果，語流音變	go2 水果，如果	gwo2
2617	歌	歌	go1 唱歌，歌曲	go1 唱歌，歌曲,(白)gaa1 唱歌堂	go1
2618	裹	裹	go2	go2	gwo2
2619	粿	粿	go2	go2	gwo2
2620	舸	舸	go2,(又)ho2	go2,(又)ko2	go2,ho2
2621	菏	菏	go1 古湖名,ho4 地名，菏澤（在山東）	go1 古湖名,ho4 地名，菏澤（在山東）	go1,ho4
2622	錁	锞	go2	go2	gwo2
2623	餜	馃	go2 餅也；油～，油炸過的圓形豆腐，俗字果	go2 餅也；油～，油炸過的圓形豆腐，俗字果	gwo2
2624	哿	哿	go2,(又)ho2	go2,(又)ko2	ho2,go2
2625	蜾	蜾	go2	go2	gwo2
2626	𠜴	𠜴	go2	go2,(語)kwaa2 割，～草,(語)gwe2 割，～草	gwo2
2627	猓	猓	go2	go2	gwo2
2628	箇	箇	go3 量詞，枚也；代詞，這、那，～啲、～隻、～便、～幾個、～個月，不分近指遠指，偶爾用	go3 量詞，枚也；代詞，這、那，古文用法	go3
2629	嗰	嗰	go2 粵字，那，本字箇，本地用嚕（遠指），偶爾也用不變調且不分遠近指的箇	go2 粵字，那，本字箇，本地用爾[ȵi22]（遠指）	go2
2630	菓	菓	go2	go2	gwo2
2631	鎶	鿔	go1	go1	go1
2632	戈	戈	go1	gu1	gwo1
2633	過	过	go3 過逾；過失,go1 古國名；姓	gu3 過逾；過失,gu1 古國名；姓	gwo3
2634	鍋	锅	go1	gu1	wo1
2635	堝	埚	go1	gu1	wo1
2636	腳	脚	goek3 下肢；牀腳，山腳；量詞，兜一～，踢一腳	giak2 下肢；牀腳，山腳；量詞，踢一腳	goek3
2637	屩	𪨗	goek3 履也；踩高～，踩高蹺，俗字腳	giak2 履也；高～排/師/瘸，高蹺，俗字腳	goek3
2638	姜	姜	goeng1 姓	giang1 姓	goeng1
2639	薑	姜	goeng1 生薑	giang1 生薑	goeng1
2640	礓	礓	goeng1 礓石	giang1 礓石	goeng1
2641	糨	糨	goeng6	giang6	goeng6
2642	犟	犟	goeng6 固執，執拗	giang6 固執，執拗	goeng6
2643	勥	勥	goeng6 固執，執拗,koeng5 迫也	giang6 固執，執拗,kiang2 迫也,(白)kiang1 欺負，～人，欺負人	goeng6
2644	改	改	goi2	gaai2	goi2
2645	蓋	盖	goi3 瓶蓋；蓋被,gap3 姓	gaai3 瓶蓋；蓋被,gaap2 姓	1)goi3:瓶蓋 2)koi3:蓋世英雄；gap6:姓蓋
2646	該	该	goi1	gaai1	goi1
2647	賅	赅	goi1	gaai1	goi1
2648	垓	垓	goi1	gaai1	goi1
2649	陔	陔	goi1	gaai1	goi1
2650	荄	荄	goi1	gaai1	goi1
2651	晐	晐	goi1	gaai1	goi1
2652	各	各	gok3	gaak2	gok3
2653	角	角	gok3 牛角，角色	gaak2 牛角，角色	gok3
2654	閣	阁	gok3 樓閣，閣下	gaak2 樓閣，閣下	gok3
2655	桷	桷	gok3 榱桷，椽桷；～子，椽子	gaak2 榱桷，椽桷；～子，椽子	gok3
2656	珏	珏	gok3	gaak2	gok3
2657	傕	傕	gok3	gaak2	gok3
2658	袼	袼	gok3 袼褙	gaak2 袼褙	gok3
2659	國	国	gok3	guk2	gwok3
2660	幗	帼	gok3	guk2	gwok3
2661	蟈	蝈	gok3 蟈蟈	guk2 蟈蟈	gwok3
2662	虢	虢	gok3 假途滅虢，虞虢；姓	guk2 假途滅虢，虞虢；姓	gwik1
2663	膕	腘	gok3	guk2	gwok3
2664	漍	𬇹	gok3	guk2	gwok3
2665	嘓	啯	gok3	guk2	gwok3
2666	乾	干	gon1 乾燥，乾淨	gaan1 乾燥，乾淨	gon1:乾燥
2667	干	干	gon1 天干，干涉，干脆	gaan1 天干，干涉，干脆	gon1
2668	幹	干	gon3 骨幹，幹勁，幹部	gaan3 骨幹，幹勁，幹部；人頭～，在樹上築巢的馬蜂	gon3
2669	杆	杆	gon1 旗杆，欄杆；量詞，用於高爾夫，一杆進洞,gon2 筆杆，杆秤；量詞，一杆槍	gaan1 旗杆，欄杆；量詞，用於高爾夫，一杆進洞,gaan2 筆杆，杆秤；量詞，一杆槍	gon1
2670	桿	杆	gon2 筆桿，桿秤；量詞，一桿槍	gaan2 筆桿，桿秤；量詞，一桿槍	gon2；同杆
2671	稈	秆	gon2 稻稈，禾稈	gaan2 稻稈，禾稈	gon2
2672	竿	竿	gon1 竹竿	gaan1 竹竿	gon1
2673	肝	肝	gon1 肝膽，豬肝（口語稱豬潤）	gaan1 肝膽，豬肝（口語稱豬溼）	gon1
2674	趕	赶	gon2	gaan2	gon2
2675	旰	旰	gon3 宵衣旰食,hon6 皓皓旰旰	gaan3 宵衣旰食,haan6 皓皓旰旰	gon3,hon6
2676	玕	玕	gon1	gaan1	gon1
2677	矸	矸	gon1 矸石，丹矸,hon6 磓,gon3 山石貌	gaan1 矸石，丹矸,haan6 磓,gaan3 山石貌	gon1,hon6,gon3
2678	酐	酐	gon1 酸酐,hong2 苦酒	gaan1 酸酐,haang2 苦酒	gon1,hong5
2679	擀	擀	gon2 擀麪	gaan2 擀麪	gon2
2680	扞	扞	gon2 同擀字,hon6 扞格；同捍字	gaan2 同擀字,haan6 扞格；同捍字	gon2,hon6
2681	虷	虷	gon1 侵犯,hon4 井中赤蟲	gaan1 侵犯,haan4 井中赤蟲	gon1,hon4
2682	笴	笴	gon2,(又)go2	gaan2,(又)go2	gon2,go2
2683	岡	冈	gong1	gaang1	gong1
2684	剛	刚	gong1	gaang1	gong1
2685	崗	岗	gong1	gaang1	gong1
2686	江	江	gong1 邕江，江邊，江湖；口語單用指河，天然或人工的水道	gaang1 邕江，江邊，江湖；口語單用指河，天然或人工的水道	gong1
2687	港	港	gong2 港口	gaang2 港口	gong2
2688	綱	纲	gong1	gaang1	gong1
2689	缸	缸	gong1	gaang1	gong1
2690	肛	肛	gong1	gaang1	gong1
2691	講	讲	gong2	gaang2	gong2
2692	鋼	钢	gong3 鋼鐵，鋼筆，不鏽鋼；鋼一鋼,(又)gong1 鋼鐵，鋼筆	gaang1 鋼鐵，鋼筆，不鏽鋼,gaang3 鋼一鋼	gong3
2693	亢	亢	gong1 人頸,kong3 亢奮,(白)kang3 （菸、酒）勁大，～喉，嗆喉；（人）高傲，～赳[tɐu35]，目中無人，與確[kʰɐk5]（堅也）對轉，上古陽部，極也、強也、高也，俗字掯	gaang1 人頸,kaang3 亢奮,(白)kang3 （菸、酒）勁大，～喉，嗆喉；（人）高傲，～赳[tɐu33]，目中無人，繃[mɐŋ55]～，暴躁，～橛[kʰɛt5]橛[kʰɛt5]，高傲，與確[kʰɐk5]（堅也）對轉，上古陽部，極也、強也、高也，俗字掯	gong1,kong3
2694	杠	杠	gong1 牀前橫木,gong3 同槓字，杠桿，單杠	gaang1 牀前橫木,gaang3 同槓字，杠桿，單杠	gong1,gong3
2695	絳	绛	gong3	gaang3	gong3
2696	罡	罡	gong1	gaang1	gong1
2697	耩	耩	gong2 耩地	gaang2 耩地	gong2
2698	豇	豇	gong1 豇豆	gaang1 豇豆	gong1
2699	棡	㭎	gong1	gaang1	gong1
2700	堽	堽	gong1 地名，長堽嶺	gaang1 地名，長堽嶺	gong1
2701	洚	洚	gong3	gaang3	gong3
2702	矼	矼	gong1	gaang1	gong1
2703	茳	茳	gong1	gaang1	gong1
2704	冮	冮	gong1	gaang1	gong1
2705	鿍	鿍	gong3	gaang3	gong3
2706	槓	杠	gong3 槓桿，單槓	gaang3 槓桿，單槓	1)gong3:木槓 2)gung3:槓杆 3)lung5:樟木槓
2707	釭	釭	gong1,(又)gung1	gaang1,(又)goeng1	gong1,gung1
2708	掆	㧏	gong1 擡、扛	gaang1 擡、扛	gong1
2709	光	光	gong1	gung1	gwong1
2710	廣	广	gong2	gung2	gwong2
2711	獷	犷	gong2 粗獷，獷悍,(又)kong3 讀同礦/曠	gung2 粗獷，獷悍,(又)kwaang3 讀同礦/曠	gwong2
2712	胱	胱	gong1	gung1	gwong1
2713	咣	咣	gong1	gung1	gwong1
2714	垙	垙	gong1	gung1	gwong1
2715	桄	桄	(白)gong2 桄榔,gong3 桄子；一桄線,(文)gong1	gung1 桄榔,gung3 桄子；一桄線	gwong1
2716	洸	洸	gong1	gung1	gwong1
2717	珖	珖	gong1	gung1	gwong1
2718	㿠	㿠	gong1	gung1	gwong1
2719	輄	𨐈	gong1	gung1	gwong1
2720	割	割	got3 分割，割禾	gaat2 分割，割禾,(白)get2 老派	got3
2721	葛	葛	got3	gaat2,(白)get2 老派	got3
2722	轕	𮝺	got3	gaat2	got3
2723	告	告	gu3 告狀，報告，忠告	gaau3 告狀，報告，忠告	gou3；忠告又讀guk1
2724	稿	稿	gu2	gaau2	gou2
2725	糕	糕	gu1	gaau1	gou1
2726	羔	羔	gu1	gaau1	gou1
2727	膏	膏	(名)gu1 牙膏，膏藥,(動)gu3 膏車，俗讀牙膏之膏	(名)gaau1 牙膏，膏藥,(動)gaau3 膏車，俗讀牙膏之膏	gou1
2728	高	高	gu1 高低，上高（上面）	gaau1 高低	gou1
2729	鎬	镐	gu2 鎬頭,hu6 鎬京	gaau2 鎬頭,haau6 鎬京	hou6,gou2
2730	槁	槁	gu2	gaau2	gou2
2731	篙	篙	gu1 竹篙	gaau1 竹篙	gou1
2732	誥	诰	gu3	gaau3	gou3
2733	杲	杲	gu2	gaau2	gou2
2734	槔	槔	gu1	gaau1	gou1
2735	皋	皋	gu1	gaau1	gou1
2736	睾	睾	gu1 睾丸，附睾	gaau1 睾丸，附睾	gou1
2737	縞	缟	gu2	gaau2	gou2
2738	郜	郜	gu3	gaau3	gou3
2739	鋯	锆	gu3	gaau3	gou3
2740	藁	藁	gu2	gaau2	gou2
2741	筶	筶	gu3 卜具,gu2 義未詳	gaau3 卜具,gaau2 義未詳	gou2
2742	櫜	櫜	gu1	gaau1	gou1
2743	估	估	gu2 估計，低估；猜；謎語，猜～，猜謎語，字～，字謎，開～，揭謎底,gu3 估衣,(又)gu1 估計	gu2 估計，低估；猜；謎語，猜～，猜謎語，字～，字謎，開～，揭謎底,gu3 估衣	gu2
2744	古	古	gu2 古代，考古；故事，講～，講故事，～崽，小故事，鬼～，鬼故事,(外)gu1 朱古力，英語chocolate	gu2 古代，考古；故事，講～，講故事，～崽，小故事，鬼～，鬼故事	gu2
2745	咕	咕	gu1 咕嚕，咕嘟，嘀咕；花～嘟，花蕾、花骨朵,gu2 雞咕[ku21]～，雞崽，童語,(語)gu4 雞～咕[ku35]，雞崽，童語	gu1 咕嚕，咕嘟，嘀咕,gu5 咕[ku21]～咕[ku21]，赤子陰,gu2 花～嘟，花蕾、花骨朵,(語)gu4 死～～，死板；～咕[ku24]～，赤子陰	gu1
2746	固	固	gu3	gu3	gu3
2747	姑	姑	gu1 姑媽（父之姐），姑姑（父之妹，又稱阿姑）	gu1 姑母（父之姐），姑姑（父之妹，又稱阿姑）	gu1
2748	孤	孤	gu1	gu1	gu1
2749	故	故	gu3	gu3	gu3
2750	沽	沽	gu1	gu1	gu1
2751	股	股	gu2 股票，入股，屁股,(又)gu1 屁股	gu2 股票，入股,(白)gu1 屁股	gu2
2752	辜	辜	gu1	gu1	gu1
2753	僱	雇	gu3 同雇字，僱傭，僱用	gu3 同雇字，僱傭，僱用	gu3
2754	雇	雇	gu3 雇主，雇員，解雇	gu3 雇主，雇員，解雇	gu3
2755	顧	顾	gu3	gu3	gu3
2756	鼓	鼓	gu2	gu2	gu2
2757	菇	菇	gu1	gu1	gu1
2758	牯	牯	gu2	gu2	gu2
2759	瞽	瞽	gu2	gu2	gu2
2760	罟	罟	gu2 網,(語)le4 〈名〉魚網；〈動〉～魚，網魚，已罕用；案，民族語對音爲[r-/x-]，與漢語[k-/kʰ-]有對應，邢公畹《漢台語比較手冊》P330認爲民族語對音與『罟』可比較	gu2 網,(語)le4 〈名〉魚網；〈動〉～魚，網魚；案，民族語對音爲[r-/x-]，與漢語[k-/kʰ-]有對應，邢公畹《漢台語比較手冊》P330認爲民族語對音與『罟』可比較,(語)sle1 又音，俗字⿰糹些；案，民族語對音中有[r-/ɵ-]自由變體	gu2
2761	菰	菰	gu1	gu1	gu1
2762	蠱	蛊	gu2	gu2	gu2
2763	詁	诂	gu2	gu2	gu2
2764	鈷	钴	gu2	gu2	gu2
2765	鴣	鸪	gu1 鷓鴣	gu1 鷓鴣	gu1
2766	崮	崮	gu3	gu3	gu3
2767	痼	痼	gu3	gu3	gu3
2768	臌	臌	gu2	gu2	gu2
2769	蛄	蛄	gu1	gu1	gu1
2770	觚	觚	gu1	gu1	gu1
2771	酤	酤	gu1	gu1	gu1
2772	錮	锢	gu3 禁錮	gu3 禁錮	gu3
2773	軲	轱	gu1 軲轆	gu1 軲轆,(白)gu2 扚[tek5]～轤[lu33]，一種遊戲，在斜板上擊銅元向前滾，以遠近決勝負	gu1
2774	鯝	鲴	gu3	gu3	gu3
2775	嘏	嘏	gu2,(又)gaa2	gu2,(又)gaa2	gu2,gaa2
2776	堌	堌	gu3	gu3	gu3
2777	羖	羖	gu2	gu2	gu2
2778	𦙶	𦙶	gu2	gu2	gu2
2779	䀇	䀇	gu2 䀇子（湯皿）	gu2 䀇子（湯皿）	gu2
2780	盬	盬	gu2 鹽池	gu2 鹽池	gu2
2781	罛	罛	gu1	gu1	gu1
2782	軱	𮝴	gu1	gu1	gu1
2783	苽	苽	gu1	gu1	gu1
2784	癐	𤶊	gui6 病也；〈語〉累，本字䠩,wai1 象聲詞	gui6 病也；〈語〉累，本字䠩,wai1 象聲詞	gui6,wai1
2785	䠩	䠩	gui6 累，俗字癐/攰	gui6 累，俗字癐/攰	gui6
2786	局	局	guk6 局部，郵電局	goek6 局部，郵電局	guk6
2787	菊	菊	guk1	goek2	guk1
2788	穀	谷	guk1 五穀；～線，稻穗，又稱禾線	goek2 五穀；～串、～線，稻穗	guk1
2789	谷	谷	guk1 山谷,(古)juk6 吐谷渾,(古)luk6 谷蠡王	goek2 山谷,(古)njoek5 吐谷渾,(古)loek5 谷蠡王	guk1；1)(古地名)juk6 吐谷渾 2)(古地名)luk6 谷蠡
2790	鞠	鞠	guk1 鞠養，鞠躬,(又)kuk1 鞠躬	goek2 鞠養，鞠躬	guk1
2791	掬	掬	guk1 雙手捧物	goek2 雙手捧物	guk1
2792	轂	毂	guk1	goek2	guk1
2793	鵠	鹄	guk1 鵠的,huk6 鴻鵠	goek2 鵠的,hoek6 鴻鵠	1)guk1:鵠的 2)huk6:鴻鵠
2794	嚳	喾	guk1	goek2	guk1
2795	梏	梏	guk1	goek2	guk1
2796	榖	榖	guk1	goek2	guk1
2797	焗	焗	guk6 俗字，燜、悶，～茶，沏茶、泡茶，～飯，燜飯，～熱，悶熱，當爲局的分化字，19世紀粵文獻中寫作局，可能譯自英語cook	goek6 俗字，燜、悶，～飯，燜飯，～熱，悶熱，當爲局的分化字，19世紀粵文獻中寫作局，可能譯自英語cook	guk6
2798	鋦	锔	guk1 鋦碗；～氣，憋氣,guk6 金屬元素，符號Cm	goek2 鋦碗,goek6 金屬元素，符號Cm	guk1,guk6
2799	鞫	鞫	guk1	goek2	guk1
2800	瀔	瀔	guk1	goek2	guk1
2801	牿	牿	guk1	goek2	guk1
2802	跼	跼	guk6	goek6	guk6
2803	侷	局	guk6 侷促，侷限	goek6 侷促，侷限	guk6
2804	踘	踘	guk1	goek2	guk1
2805	冠	冠	gun3 冠軍,gun1 衣冠	gun3 冠軍,gun1 衣冠	1)gun1:衣冠 2)gun3:冠軍
2806	官	官	gun1	gun1	gun1
2807	棺	棺	gun1	gun1	gun1
2808	灌	灌	gun3	gun3	gun3
2809	管	管	gun2	gun2	gun2
2810	罐	罐	gun3	gun3	gun3
2811	觀	观	gun3 寺觀,gun1 參觀	gun3 寺觀,gun1 參觀	1)gun1:參觀 2)gun3:寺觀
2812	貫	贯	gun3	gun3	gun3
2813	館	馆	gun2	gun2	gun2
2814	倌	倌	gun1	gun1	gun1
2815	盥	盥	gun3	gun3	gun3；(又)fun2
2816	莞	莞	gun2 東莞,wun5 莞爾,gun1 草名，可爲蓆,(又)gwaan1 草名，可爲蓆	gun2 東莞,wun5 莞爾,gun1 草名，可爲蓆	1)gun2:東莞縣 2)wun5:莞爾
2817	涫	涫	gun3	gun3	gun3
2818	琯	琯	gun2	gun2	gun2
2819	瓘	瓘	gun3	gun3	gun3
2820	脘	脘	gun2 胃腔,(又)wun2	gun2 胃腔,(又)wun2	gun2,wun2
2821	鸛	鹳	gun3	gun3	gun3
2822	毌	毌	gun3	gun3	gun3
2823	爟	爟	gun3	gun3	gun3
2824	祼	祼	gun3	gun3	gun3
2825	筦	筦	gun2	gun2	gun2
2826	蒄	蒄	gun1	gun1	gun1
2827	䲘	鳤	gun2	gun2	gun2
2828	朊	朊	gun2 胃,jyun5 蛋白質	gun2 胃,njyun5 蛋白質	gun2,jyun2
2829	供	供	gung1 供應，提供；口供,gung3 供奉，供品	goeng1 供應，提供,goeng3 供奉，供品；口供	gung1；供養又讀gung3
2830	公	公	gung1 公文，辦公；公公（外祖父），老公（丈夫）	goeng1 公文，辦公；阿公（外祖父），老公（丈夫）	gung1
2831	共	共	gung6 總共	goeng6 總共	gung6
2832	功	功	gung1	goeng1	gung1
2833	宮	宫	gung1	goeng1	gung1
2834	工	工	gung1	goeng1	gung1
2835	鞏	巩	gung2 鞏固,(又)kung2	goeng2 鞏固	gung2
2836	弓	弓	gung1	goeng1	gung1
2837	恭	恭	gung1	goeng1	gung1
2838	拱	拱	gung2 拱手；～揭[kɐt2]佬，搬運工	goeng2 拱手	gung2
2839	攻	攻	gung1 攻擊	goeng1 攻擊	gung1
2840	汞	汞	gung3 水銀；紅汞（紅藥水），藍汞（藍藥水）	goeng2 水銀；紅汞（紅藥水），藍汞（藍藥水）	hung6；(又)hung3
2841	蚣	蚣	gung1 蜈蚣	goeng1 蜈蚣	gung1
2842	貢	贡	gung3	goeng3	gung3
2843	躬	躬	gung1 鞠躬，曲躬，躬親	goeng1 鞠躬，曲躬，躬親	gung1
2844	龔	龚	gung1	goeng1	gung1
2845	珙	珙	gung2	goeng2	gung2
2846	芎	芎	gung1	goeng1	gung1
2847	嗊	唝	gung3 地名，嗊吥；〈語〉鑽，拱出，讀聲符貢，推進義本源自拱,hung2 羅嗊	goeng3 地名，嗊吥；〈語〉鑽，拱出，讀聲符貢，推進義本源自拱,hoeng2 羅嗊	gung3,hung2
2848	篢	𬕂	gung1 篢笠,lung5 同籠字；地名用字	goeng1 篢笠,loeng3 同籠字；地名用字	lung5
2849	䢼	䢼	gung1	goeng1	gung1
2850	塨	塨	gung1	goeng1	gung1
2851	栱	栱	gung2	goeng2	gung2
2852	魟	𫚉	gung1 䱑魟,hung4 海鰩魚；淡水鰩魚	goeng1 䱑魟,hoeng4 海鰩魚；淡水鰩魚	gung1,hung4
2853	卦	卦	gwaa3 卦相，打卦	gwaa3 卦相，打卦	gwaa3
2854	寡	寡	gwaa2	gwaa2	gwaa2
2855	掛	挂	gwaa3 倒掛，掛念	gwaa3 倒掛，掛念	gwaa3
2856	瓜	瓜	gwaa1	gwaa1	gwaa1
2857	褂	褂	gwaa3 馬褂，大褂，褂笠（汗背心）	gwaa3 馬褂，大褂	gwaa3
2858	呱	呱	gwaa1 頂呱呱，呱呱叫；詞綴，吆～～，叫喳喳,gu1 呱呱墜地,(白)gwe1 吆～～，叫喳喳,(語)gwaa4 吆～～，叫喳喳,(語)gwe4 吆～～，叫喳喳	gwaa1 頂呱呱，呱呱叫,gu1 呱呱墜地,(語)gwaa4 象聲詞，響～～,(語)kwaa4 象聲詞，～～聲	gwaa1
2859	剮	剐	gwaa2	gwaa2	gwaa2
2860	胍	胍	gwaa1 有機化合物,gu1 胍𦘴	gwaa1 有機化合物,gu1 胍𦘴	gwaa1,gu1
2861	詿	诖	gwaa3	gwaa3	gwaa3
2862	坬	坬	gwaa3	gwaa3	gwaa3
2863	罣	罣	gwaa3	gwaa3	gwaa3
2864	緺	𮉨	gwaa1	gwaa1	gwaa1
2865	歄	歄	gwaa1 弱貌；〈語〉死亡	gwaa1 弱貌；〈語〉死亡	gwaa1
2866	乖	乖	gwaai1	gwaai1	gwaai1
2867	怪	怪	gwaai3	gwaai3	gwaai3
2868	拐	拐	gwaai2 拐彎；拐棍,(又)kwaai2 拐棍	gwaai2 拐彎；拐棍,(又)kwaai2 拐棍	gwaai2
2869	枴	拐	gwaai2 枴棍,(又)kwaai2	gwaai2 枴棍,(又)kwaai2	gwaai2
2870	夬	夬	gwaai3	gwaai3	gwaai3
2871	𧊅	𧊅	gwaai2 俗字，蛙類，擬蛙鳴聲得名,(白)kwe2 小青蛙，擬小蛙鳴聲得名，與蛙同源，上古支部	gwaai2 俗字，蛙類，擬蛙鳴聲得名,(白)kwe2 ～子，小青蛙，擬小蛙鳴聲得名，與蛙同源，上古支部	gwaai2
2872	摑	掴	gwaak3	gwaak2	gwaak3
2873	鰥	鳏	gwaan1 鰥夫，鰥寡	gwaan1 鰥夫，鰥寡	gwaan1
2874	摜	掼	gwaan3 扔；摔；跌,(語)kwaang3 扔、丟，疑本字逛，走貌	gwaan3 扔；摔；跌,(語)kwaang2 扔、丟，疑本字逛，走貌	gwaan3
2875	擐	擐	gwaan3,(又)waan6	gwaan3,(又)waan6	gwaan3,waan6
2876	瘝	瘝	gwaan1 病也	gwaan1 病也	gwaan1
2877	逛	逛	(白)gwaang6 逛街，遊逛,(文)gong6	gwaang6 逛街，遊逛；散步，我哋～一陣子	kwaang3；(又)gwaang6
2878	俇	俇	gwaang6 俇俇；遠行,kong4 俇攘,(語)gaang6 打露～，赤裸，多指裸下身	gwaang6 俇俇；遠行,gwaang4 俇攘,(語)gaang6 打露～，赤裸，多指裸下身	gwaang6,hong1
2879	括	括	gwaat3 包括，括號，蒐括,(白)gwet3 蒐括,(又)kwaat3 包括	gwaat2 包括，括號，蒐括	1)kut3:括號 2)gwaat3:搜括
2880	聒	聒	gwaat3 聒噪，聒耳	gwaat2 聒噪，聒耳	kut3
2881	鴰	鸹	gwaat3	gwaat2	kut3
2882	筈	筈	gwaat3,(又)fut3	gwaat2,(又)hut2	kut3
2883	䒷	䒷	gwaat3	gwaat2	gwaa1,kut3
2884	悸	悸	gwai3	gi3	gwai3
2885	瑰	瑰	gwai3 玫瑰,gwai1 瑰寶	gui3 玫瑰,gui1 瑰寶	1)gwai3:玫瑰 2)gwai1:瑰麗
2886	季	季	gwai3	gwai3	gwai3
2887	歸	归	gwai1	gwai1	gwai1
2888	櫃	柜	gwai6 櫃檯，櫃桶	gwai6 櫃檯，櫃桶	gwai6；(木名)geoi2櫃柳
2889	桂	桂	gwai3	gwai3	gwai3
2890	癸	癸	gwai3 壬癸，癸水,(常)kwai4 俗讀，讀同葵	gwai3 壬癸，癸水	gwai3
2891	詭	诡	gwai2	gwai2	gwai2
2892	貴	贵	gwai3	gwai3	gwai3
2893	跪	跪	gwai6	gwai6	gwai6
2894	軌	轨	gwai2	gwai2	gwai2
2895	閨	闺	gwai1	gwai1	gwai1
2896	鬼	鬼	gwai2 鬼怪，魔鬼；～崽，小孩，老派稱～兒[ji55]；後綴成分，～魂都失/折[ʃit2]、～魂啊失/折[ʃit2]，極了，也省略作鬼魂、鬼魂失	gwai2 鬼怪，魔鬼；～兒[ȵi55]，小孩	gwai2
2897	龜	龟	gwai1 烏龜,gau1 古國名，龜茲,gwan1 通皸字，龜裂	gwai1 烏龜,gau1 古國名，龜茲,gwan1 通皸字，龜裂	gwai1；1)(古)gwan1不龜手之藥 2)(古國名)kau1
2898	硅	硅	gwai1 非金屬元素，符號Si；由日文名珪素（荷蘭語keiaarde）而來，後改王字旁爲石	gwai1 非金屬元素，符號Si；由日文名珪素（荷蘭語keiaarde）而來，後改王字旁爲石	gwai1
2899	饋	馈	gwai6 反饋，饋贈，俗讀同潰	gwai6 反饋，饋贈，俗讀同潰	gwai6
2900	匱	匮	gwai6 匱乏，俗讀同潰	gwai6 匱乏，俗讀同潰	gwai6
2901	圭	圭	gwai1	gwai1	gwai1
2902	皈	皈	gwai1	gwai1	gwai1
2903	簣	篑	gwai6	gwai6	gwai6
2904	鱖	鳜	gwai3 鱖魚	gwai3 鱖魚	gwai3；(又)kyut3
2905	劌	刿	gwai3	gwai3	gwai3
2906	匭	匦	gwai2	gwai2	gwai2
2907	庋	庋	gwai2,(又)gi2	gwai2,(又)gi2	gwai2,gei2
2908	晷	晷	gwai2	gwai2	gwai2
2909	炅	炅	gwai3 姓,gwing2 火光；明亮	gwai3 姓,gwing5 火光；明亮	gwai3,gwing2
2910	炔	炔	gwai3 姓,kyut3 乙炔	gwai3 姓,kyut2 乙炔	gwai3,kyut3
2911	簋	簋	gwai2	gwai2	gwai2
2912	鮭	鲑	gwai1	gwai1	gwai1
2913	嬀	妫	gwai1	gwai1	gwai1
2914	潙	沩	gwai1	gwai1	gwai1
2915	姽	姽	gwai2	gwai2	gwai2
2916	宄	宄	gwai2	gwai2	gwai2
2917	廆	廆	gwai1 山名,wai2 人名用字	gwai1 山名,wai2 人名用字	gwai1,wai2
2918	氿	氿	gwai2 氿泉,gau2 湖名	gwai2 氿泉,gau2 湖名	gwai2,gau2
2919	珪	珪	gwai1	gwai1	gwai1
2920	筀	筀	gwai3	gwai3	gwai3
2921	蕢	蒉	gwai6	gwai6	gwai6
2922	邽	邽	gwai1	gwai1	gwai1
2923	銈	𫓯	gwai1	gwai1	gwai1
2924	餽	餽	gwai6 祭祀鬼神；姓；通饋字	gwai6 祭祀鬼神；姓；通饋字	gwai6
2925	佹	佹	gwai2	gwai2	gwai2
2926	𥕏	𥕏	gwak6 硬～～，硬邦邦,(又)guk6 硬～～，硬邦邦	gwaak6 硬～～，硬邦邦	gwak6
2927	軍	军	gwan1	gwan1	gwan1
2928	君	君	gwan1	gwan1	gwan1
2929	棍	棍	gwan3	gwan3	gwan3
2930	滾	滚	gwan2	gwan2	gwan2
2931	袞	衮	gwan2	gwan2	gwan2
2932	郡	郡	gwan6	gwan6	gwan6
2933	皸	皲	gwan1 皸裂	gwan1 皸裂	gwan1
2934	輥	辊	gwan2 輥軸	gwan2 輥軸	gwan2,kwan2
2935	鯀	鲧	gwan2,(又)kwan2	gwan2,(又)kwan2	gwan2
2936	麇	麇	gwan1 獐子,kwan4 成羣	gwan1 獐子,gwan4 成羣	gwan1,kwan4
2937	𥕦	磙	gwan2	gwan2	gwan2
2938	珺	珺	gwan6	gwan6	gwan6
2939	莙	莙	gwan1	gwan1	gwan1
2940	褌	裈	gwan1	gwan1	gwan1
2941	鮶	鲪	gwan1	gwan1	gwan1
2942	𧥺	𧥺	gwan3 欺騙，俗字謴/棍	gwan3 欺騙，俗字謴/棍	gwan3,kwan1
2943	肱	肱	gwang1	gwang1	gwang1
2944	薨	薨	gwang1 公侯之死	gwang1 公侯之死	gwang1
2945	觥	觥	gwang1	gwang1	gwang1
2946	訇	訇	gwang1 象聲詞；阿訇,(語)gwang4 詞綴，紅～～，深紅色	kwang1 象聲詞；阿訇	gwang1
2947	揈	揈	gwang1 擊聲；揮也,fang3 甩，與礊對轉,(又)fang4 甩；喜歡，最～去睇龍船；高興，～溜[lɛu33]溜[lɛu33]，得意貌	kwang1 擊聲；揮也,fang3 甩，與礊對轉；～哩[li55]哩[li55]，得意貌,(又)fang4 高興，你～我亦～；～溜[liu55]溜[liu55]，得意貌；～艴[fɛt5]艴[fɛt5]，心裏高興或輕輕浮浮	fang4,gwang1
2948	倔	倔	gwat6 倔強；〈語〉禿、不尖，本字屈,(又)wat1 倔強，讀同屈	gwat6 倔強；〈語〉禿、不尖，本字屈,(常)wat2 倔強，讀同屈	gwat6
2949	崛	崛	gwat6 崛起	gwat6 崛起,(又)wat2 讀同屈	gwat6
2950	掘	掘	gwat6 挖掘，掘地	gwat6 挖掘，掘地,(又)wat2 讀同屈	gwat6
2951	骨	骨	gwat1 筋骨，骨頭	gwat2 筋骨，骨頭	gwat1
2952	汩	汩	gwat1	gwat2	gwat1
2953	鶻	鹘	gwat1 鶻鵃,wat6 鶻突，回鶻	gwat2 鶻鵃,wat6 鶻突，回鶻	gwat1,wat6
2954	蓇	蓇	gwat1	gwat2	gwat1
2955	餶	馉	gwat1 餶飿	gwat2 餶飿	gwat1
2956	榾	榾	gwat1	gwat2	gwat1
2957	關	关	(白)gwen1 關門，關燈,(文)gwaan1 關閉，關心，關於，機關，關節，崑崙關；姓	gwaan1 關門，關心，崑崙關；姓	gwaan1
2958	慣	惯	(白)gwen3 習慣,(文)gwaan3 慣性	gwaan3	gwaan3
2959	刮	刮	(白)gwet3 刮傷，搜刮,(文)gwaat3,(語)gwet1 擬刮聲，（聲音）尖細、尖亮，聲好～，聲音尖細，吆～～，尖叫	gwaat2 刮傷，搜刮,(白)gwet2 用刀刮，～松油、～鍋巴，俗字擖	gwaat3
2960	颳	刮	(白)gwet3 颳風,(文)gwaat3	gwaat2 颳風	gwaat3
2961	洫	洫	gwik1	gwik2	gwik1
2962	闃	阒	gwik1	gwik2	gwik1
2963	鶪	䴗	gwik1	gwik2	gwik1
2964	綌	绤	gwik1	gwik2	gwik1
2965	馘	馘	gwik1	gwik2	gwik1
2966	湨	湨	gwik1	gwik2	gwik1
2967	虩	虩	gwik1	gwik2	gwik1
2968	炯	炯	gwing2	gwing5	gwing2
2969	迥	迥	gwing2 迥然不同	gwing5 迥然不同	gwing2
2970	扃	扃	gwing1	gwing1	gwing1
2971	熲	颎	gwing2	gwing5	gwing2
2972	絅	䌹	gwing2	gwing5	gwing2
2973	冏	冏	gwing2	gwing5	gwing2
2974	坰	坰	gwing1	gwing1	gwing1
2975	泂	泂	gwing2	gwing5	gwing2
2976	詗	诇	gwing2,(又)hing3	gwing2,(又)hing3	gwing2,hing3
2977	駉	𬳶	gwing1	gwing1	gwing1
2978	囧	囧	gwing2	gwing5	gwing2
2979	舉	举	gyu2	gyu2	geoi2
2980	俱	俱	gyu6 俱全，俱樂部，傢俱，讀同具	gyu6 俱全，俱樂部，傢俱，讀同具	keoi1
2981	具	具	gyu6 具體，工具	gyu6 具體，工具	geoi6
2982	句	句	gyu3 句子，語句,(白)ngau1 曲也，俗作勾；句踐；高句麗,(文)gau1	gyu3 句子，語句,(白)ngau1 曲也，俗作勾；句踐；高句麗,(文)gau1	geoi3；同勾字
2983	居	居	gyu1	gyu1	geoi1
2984	巨	巨	gyu6 巨大，巨人	gyu6 巨大，巨人	geoi6
2985	懼	惧	gyu6	gyu6	geoi6
2986	據	据	gyu3 根據，單據,(又)gyu6 據說，據點	gyu3 根據，據說	geoi3
2987	炬	炬	gyu6	gyu6	geoi6
2988	矩	矩	gyu2 規矩	gyu2 規矩	geoi2
2989	鋸	锯	gyu3 〈名〉鋸子；〈動〉鋸開,(白)goe3 動詞，已罕讀,(白)ngoe3 宰、殺，～客，宰客，已罕讀,(白)nge3 又音，～客，宰客，已罕讀	gyu3 〈名〉鋸子；〈動〉鋸開	geoi3；(語)goe3
2990	据	据	gyu3 同據字,gyu1 拮据	gyu3 同據字,gyu1 拮据	geoi1,geoi3
2991	倨	倨	gyu3	gyu3	geoi3
2992	苣	苣	gyu6	gyu6	geoi6
2993	莒	莒	gyu2	gyu2	geoi2
2994	遽	遽	gyu6	gyu6	geoi6
2995	颶	飓	gyu6	gyu6	geoi6
2996	齲	龋	gyu2	gyu2	geoi2
2997	屨	屦	gyu3	gyu3	geoi3
2998	椐	椐	gyu1	gyu1	geoi1
2999	櫸	榉	gyu2	gyu2	geoi2
3000	犋	犋	gyu6	gyu6	geoi6
3001	琚	琚	gyu1	gyu1	geoi1
3002	蒟	蒟	gyu2 蒟蒻（即魔芋），蒟醬（即蔞葉），假蒟（即假蔞葉）	gyu2 蒟蒻（即魔芋），蒟醬（即蔞葉），假蒟（即假蔞葉）	geoi2
3003	裾	裾	gyu1	gyu1	geoi1
3004	詎	讵	gyu6	gyu6	geoi6
3005	踞	踞	gyu3	gyu3	geoi3
3006	踽	踽	gyu2	gyu2	geoi2
3007	岠	岠	gyu6,(又)kyu5	gyu6,(又)gyu5	keoi5,geoi6
3008	崌	崌	gyu1	gyu1	geoi1
3009	澽	澽	gyu6	gyu6	geoi6
3010	秬	秬	gyu6	gyu6	geoi6
3011	筥	筥	gyu2	gyu2	geoi2
3012	腒	腒	gyu1	gyu1	geoi1
3013	醵	醵	gyu6	gyu6	geoi6
3014	鉅	钜	gyu6 艱鉅，鉅額；姓	gyu6 艱鉅，鉅額；姓	geoi6
3015	弆	弆	gyu2	gyu2	geoi2
3016	柜	柜	gyu2 柜柳,gwai6 同櫃字	gyu2 柜柳,gwai6 同櫃字	geoi2,gwai6
3017	椇	椇	gyu2	gyu2	geoi2
3018	粔	粔	gyu6	gyu6	geoi6
3019	倦	倦	gyun6	gyun6	gyun6
3020	券	券	(習)gyun3 票券，證券，因形近字卷轉讀見母,(書)hyun3	(習)gyun3 票券，證券，因形近字卷轉讀見母,(書)hyun3	hyun3；(又)gyun3
3021	卷	卷	gyun2 試卷，卷軸，腰卷（春卷兒）	gyun2 試卷，卷軸，腰卷（春卷兒）	gyun2
3022	捲	卷	gyun2 捲起，捲曲，捲筒粉	gyun2 捲起，捲曲，捲筒粉	gyun2
3023	娟	娟	gyun1	gyun1	gyun1
3024	捐	捐	gyun1	gyun1	gyun1
3025	眷	眷	gyun3 家眷；眷顧	gyun3 家眷；眷顧	gyun3
3026	絹	绢	gyun1 手絹，絹絲,(又)gyun3	gyun1 手絹，絹絲,(又)gyun3	gyun3
3027	鵑	鹃	gyun1	gyun1	gyun1
3028	涓	涓	gyun1	gyun1	gyun1
3029	狷	狷	gyun3	gyun3	gyun3
3030	蠲	蠲	gyun1	gyun1	gyun1
3031	鄄	鄄	gyun3	gyun3	gyun3
3032	錈	锩	gyun2	gyun2	gyun2
3033	焆	焆	gyun1	gyun1	gyun1
3034	桊	桊	gyun3	gyun3	gyun3
3035	睊	睊	gyun3	gyun3	gyun3
3036	哈	哈	haa1 哈哈笑；哈巴狗；哈腰，同𨉣腰；姓,(又)haa4 笑～～，笑哈哈；～一口氣,(又)he1 笑～～，嘿嘿笑,(語)ngap6 動口貌,(語)ngaap3 開～～，咧開貌,(語)ngep6 口開～～，嘴合不攏,(語)haa2 嘆詞，應答聲，～？吆我做乜嘢；語氣詞，係嗎的合音，表輕微地徵求意見，四個人一齊行，～？佢（渠）講南寧市有十九隻嶺，我講冇止，先喺個邕武二塘講起，～？	haa1 哈哈笑；哈巴狗；哈腰，同𨉣腰；姓,(又)haa4 ～一口氣,(語)ngap6 （魚）張口呼吸，魚浮頭～喇,(語)ngaap3 開口～～，開口發呆,(語)ngep6 㪗氣～～，氣喘吁吁	haa1
3037	蝦	虾	haa1 魚蝦,haa4 蝦蟆，又作蛤蟆	haa1 魚蝦,haa4 蝦蟆，又作蛤蟆	haa1
3038	霞	霞	haa4	haa4	haa4
3039	瑕	瑕	haa4	haa4	haa4
3040	遐	遐	haa4	haa4	haa4
3041	岈	岈	haa1 㟏岈,ngaa4 嵖岈	haa1 㟏岈,njaa4 嵖岈	haa1,ngaa4
3042	鉿	铪	haa1 金屬元素，符號Hf,hap6 鉿匝，同匼匝,gaap3 陷聲	haa1 金屬元素，符號Hf,haap6 鉿匝，同匼匝,gaap2 陷聲	haa1,hap1,gaap3
3043	瘕	瘕	haa1 絣[mɐŋ55]～，哮喘；喉～，嗓子沙啞,gaa2 腹內結塊	haa1 絣[mɐŋ53]～，哮喘；喉～，嗓子沙啞,gaa2 腹內結塊	haa1,gaa2
3044	閜	閜	haa1 大開,ho2 閜砢,(語)ko4 彎曲、捲曲，～寥[lɛu55]翹[kʰɛu55]，彎彎曲曲；案，寥翹源自料峭/嶚峭，而閜[kʰɔ21]或與跪（曲膝）同源，跪上古音[*kʰʳolʔ/gʳolʔ]	haa1 大開,ko2 閜砢,(語)go4 彎曲、捲曲，～寥[lɛu55/lau55]翹[kʰɛu55/kʰau55]，彎彎曲曲；案，寥翹源自料峭/嶚峭，而閜[ko21]或與跪（曲膝）同源，跪上古音[*kʰʳolʔ/gʳolʔ]	haa1,ho2
3045	㗇	㗇	haa4 咽也,(語)haa1 俗字，欺負，～人，欺負人，本字揢，㧖也，引申爲卡、刁難、爲難，進而指欺負	haa4 咽也,(語)kaa1 俗字，欺負，本字揢，㧖也，引申爲卡、刁難、爲難，進而指欺負	haa1,haa4
3046	奤	奤	haa5 奤夿屯	haa5 奤夿屯	haa5
3047	𨉣	𨉣	haa1 𨉣腰	haa1 𨉣腰	haa1
3048	下	下	haa6 底下，下山,haa5 一下，等下，語流中易變陰去,(白)haa2 鄉下，村下，地下（地上；樓下），上下（大約，～十個，十來個）	jaa6 底下，下山，鄉下，地下,jaa5 一下，等下	1)haa6:山下 2)haa5:打十下
3049	廈	厦	haa6 大廈；廈門,saa2 旁屋；地名，四廈嶺	jaa6 大廈；廈門,saa2 旁屋；地名，四廈嶺	haa6
3050	夏	夏	haa6 春夏；姓	jaa6 春夏；姓	haa6
3051	暇	暇	haa6	jaa6	haa6
3052	械	械	haai6 機械	gaai3 機械，讀同戒,(又)haai6	haai6
3053	齘	𬹼	haai6	gaai3,(又)haai6	haai6
3054	孩	孩	haai4	haai4	haai4
3055	懈	懈	haai5 鬆懈，懈氣	haai5 鬆懈，懈氣	haai6
3056	蟹	蟹	haai5 螃蟹，青蟹，花蟹	haai5 螃蟹，青蟹，花蟹	haai5
3057	諧	谐	haai4 和諧，諧音，詼諧；粗糙，～襲[ɬɐp2/ɬɛp2]襲[ɬɐp2/ɬɛp2]，很粗糙，避諱糙/躁（暴躁），俗字嚡	haai4 和諧，諧音，詼諧	haai4
3058	鞋	鞋	haai4	haai4	haai4
3059	駭	骇	haai5 驚駭,(常)hoi6 俗讀，讀同亥	haai6 驚駭	haai5
3060	嗨	嗨	haai1 嘆詞	haai1 嘆詞	hoi1
3061	邂	邂	haai5	haai5	haai5；(又)haai6
3062	骸	骸	haai4 骸骨，屍骸,(又)hoi4	haai4 骸骨，屍骸	haai4；(又)hoi4
3063	廨	廨	haai6,(又)gaai3	haai6,(又)gaai3	gaai3,haai6
3064	澥	澥	haai5	haai5	haai5
3065	瀣	瀣	haai6	haai6	haai6
3066	獬	獬	haai5	haai5	haai5
3067	薤	薤	haai6	haai6	haai6
3068	揩	揩	haai1 揩油	kaai1 揩油	haai1
3069	嚇	吓	haak3 嚇一跳；恐嚇	hiak2 嚇一跳；恐嚇	haak3
3070	客	客	haak3	hiak2	haak3
3071	赫	赫	haak3 赫赫有名，顯赫,(又)hak1	hiak2 赫赫有名，顯赫	haak1
3072	喀	喀	haak3 喀斯特，喀秋莎,kaa1 喀嚓,kaak3 喀痰，喀血；方～嘞[lak3]，方形貌,(語)kak1 瘦嚜[mɐk5]～，很瘦，與躿對轉,(語)kek1 瘦嚜[mɛk5]～，很瘦，與躿對轉	hiak2 喀斯特，喀秋莎,kaa1 喀嚓,kaak3 喀痰，喀血；瘦嚜[mak5]～，很瘦，與躿對轉	haak3
3073	垎	垎	haak6	hiak6	haak6
3074	吓	吓	haak3 同嚇字,haa1 嘆詞,haa5 同下字	hiak2 同嚇字,haa1 嘆詞,jaa5 同下字	haak3,haa1
3075	揢	揢	haak3 以手把着,kaa1 掐,(白)haa1 欺負，～人，欺負人，俗字㗇/蝦，本字揢，㧖也，引申爲卡、刁難、爲難，進而指欺負	hiak2 以手把着,kaa1 掐；欺負，俗字㗇，本字揢，㧖也，引申爲卡、刁難、爲難，進而指欺負	kik1,kaa1
3076	函	函	haam4	haam4	haam4
3077	咸	咸	haam4 咸豐，咸陽，老少咸宜	haam4 咸豐，咸陽，老少咸宜	haam4
3078	憾	憾	haam6 遺憾	haam6 遺憾	ham6
3079	撼	撼	haam6 震撼，撼動,(又)hon6	haam6 震撼，撼動	ham6
3080	涵	涵	haam4	haam4	haam4
3081	銜	衔	haam4	haam4	haam4
3082	陷	陷	haam6	haam6	haam6
3083	餡	馅	(白)haam2 餡料，肉餡，餡餅,(文)haam6,(罕)hem2 餡料	haam6 餡料，肉餡，餡餅	haam2；(又)haam6
3084	憨	憨	haam1 憨厚	haam1 憨厚	ham1
3085	菡	菡	haam5	haam5	haam5
3086	諴	𫍯	haam4	haam4	haam4
3087	崡	崡	haam4	haam4	haam4
3088	啣	啣	haam4	haam4	haam4
3089	㽉	㽉	haam6 大瓮	haam6 大瓮,(語)bam6 裝米或酒的小口罈	haam6
3090	限	限	haan6	haan6	haan6
3091	慳	悭	haan1 節省，～食～使，省吃儉用,(白)hen1 節省；歇息，～一下	haan1 節省，～攢，積攢,(白)hen1 節省；歇息	haan1
3092	嫺	娴	haan4 嫺熟，嫺靜	haan4 嫺熟，嫺靜	haan4
3093	癇	痫	haan4	haan4	haan4
3094	鷳	鹇	haan4 白鷳	haan4 白鷳	haan4
3095	硍	硍	haan6	haan6	haan6
3096	嫻	娴	haan4 同嫺字	haan4 同嫺字	haan4
3097	夯	夯	haang1 打夯，夯實	haang1 打夯，夯實	haang1
3098	行	行	haang4 行路，行街,hong4 銀行，行列，排行,hang4 行爲，步行；品行，古讀去聲,hong6 次第	hiang4 行路，步行，行爲；品行，古讀去聲,haang4 銀行，行列，排行,haang6 次第	1)hang4:步行 2)hang6:品行，道行 3)hong4:單行
3099	坑	坑	haang1	kang1	haang1
3100	阬	阬	haang1 同坑字,gong1 大山坡	kang1 同坑字,gaang1 大山坡	haang1
3101	俠	侠	haap6	haap6	hap6；(又)haap6
3102	匣	匣	haap6 匣子，木匣	haap6 匣子，木匣	haap6
3103	峽	峡	haap6 峽谷，海峽	haap2 峽谷，海峽	haap6
3104	恰	恰	haap3 恰當，恰似	haap2 恰當，恰似	hap1
3105	洽	洽	haap6 洽談，融洽,(又)hap6	haap2 洽談，融洽，讀同恰	hap1
3106	狹	狭	haap6 狹窄，狹義,(常)haap3 狹窄，後字調類化	haap2 狹窄，狹義,(又)jaap2	haap6；(又)haap3
3107	掐	掐	haap3 掐住，掐指；菜～，老菜葉、菜幫子；量詞，一～青菜，一葉青菜,(訓)ken2 掐（脖子），～頸，本字搴	haap2 掐住，掐指,(訓)kaa1 掐，～頸，本字揢,(訓)zen5 掐，～頸，本字攥	haap3
3108	呷	呷	haap3 吸飲	haap2 吸飲	haap3
3109	狎	狎	haap6	haap6	haap6
3110	硤	硖	haap6	haap6	haap6,gip3
3111	篋	箧	haap6 書篋，籐篋,(語)gep1 皮夾子、手提箱，本字笈	haap6 書篋，籐篋,(語)gep2 皮～，皮革手提箱，本字笈	haap6
3112	翈	翈	haap6	haap6	haap6
3113	欱	欱	haap3 大口喝；打～浪，打哈欠	haap2 大口喝；打～浪，打哈欠,(又)hep3 吮吸，～湯	hap6
3114	烚	烚	haap6 火貌,(白)hap6 㷫～～，熱烘烘，暖～～，暖烘烘	haap6 火貌	hap6
3115	𫈰	𫈰	haap6	haap2	hap1
3116	瞎	瞎	haat3	jaat2	hat6
3117	校	校	haau6 學校,gaau3 校對，上校；～鐘，對錶；地名，校椅鎮（在橫縣）；〈又〉學校,(又)kaau3 學校,(又)haau3 學校,(又)geu3 ～鐘，對錶	gaau3 學校，校對，上校；～鐘，對錶；地名，校椅鎮（在橫縣）,(又)kaau3 學校,(又)haau3 學校,(又)geu3 ～數，隱語，排行最大者	1)haau6:學校 2)gaau3:校對
3118	哮	哮	haau1 咆哮，哮喘	haau1 咆哮，哮喘	haau1
3119	孝	孝	haau3 孝順，戴孝	haau3 孝順，戴孝	haau3
3120	效	效	haau6 成效，效果	haau3 成效，效果,(又)jaau3 效果	haau6
3121	酵	酵	haau1 發酵，酵母，讀同哮	haau3 發酵，酵母，讀同孝	haau1
3122	嚆	嚆	haau1	haau1	haau1,hou1
3123	磽	硗	haau1	haau1	haau1
3124	薅	薅	(白)haau1 薅草，薅鋤,(文)hu1 ～田，耘田	haau1 薅草，薅鋤	hou1
3125	恔	恔	haau6 暢快,gaau2 狡黠	haau6 暢快,gaau2 狡黠	haau6,gaau2
3126	涍	涍	haau3	haau3	haau3
3127	猇	猇	haau1	haau1	haau1
3128	虓	虓	haau1	haau1	haau1
3129	鄗	鄗	haau1 古山名,hu6 古地名	haau1 古山名,haau6 古地名	haau1,hou6
3130	斆	敩	haau6 教導,hok6 學	haau3 教導,haak6 學	haau6,hok6
3131	滧	滧	haau6	haau3,(又)jaau3	haau6
3132	斅	斅	haau6 教導,hok6 學	haau3 教導,haak6 學	haau6,hok6
3133	拷	拷	haau2 拷打，拷問	kaau2 拷打，拷問	haau1；(又)haau2
3134	烤	烤	haau1 燒烤，烤火，讀同哮，本字燺	kaau2 燒烤，烤火，本字燺	haau1；(又)haau2
3135	考	考	haau2 考試，參考，壽考	kaau2 考試，參考，壽考	haau2
3136	尻	尻	haau1	kaau1	haau1
3137	栲	栲	haau2	kaau2	haau2
3138	洘	洘	haau2	kaau2	haau2
3139	攷	考	haau2 敲打；考校、考察	kaau2 敲打；考校、考察	haau2
3140	𥬯	𥬯	haau2	kaau2	haau2
3141	兮	兮	hai4 語氣詞,(常)hi1 俗讀，讀同唏/欷	hai4 語氣詞,(常)hi1 俗讀，讀同唏/欷	hai4
3142	郋	郋	hai4	hai4	hai4
3143	喺	喺	hai2 俗字，在，～個，老派也用打、打個，一說本字在，另一說由係（系詞）變調而來；案，假設本字爲在的演變構擬[*tʃʰɔi24]➔[*hɔi24]➔[hɐi35]	hai2 俗字，在，一說本字在，另一說由係（系詞）變調而來，本地口語用在，不用喺	hai2
3144	係	系	hai6 關係；是	hi3 關係；是（口語用是）	hai6
3145	系	系	hai6 系統	hi3 系統	hai6
3146	繫	系	hai6 聯繫，維繫；繫鞋帶，古讀同計	hi3 聯繫，維繫；繫鞋帶，古讀同計	hai6
3147	禊	禊	hai6	hi3	hai6
3148	黑	黑	hak1	hak2	hak1
3149	𨭆	𬭶	hak1	hak2	hak1
3150	含	含	ham4	haam4	ham4
3151	酣	酣	ham1 酣睡,(又)ham4 本讀	haam1 酣睡,(又)haam4 本讀	ham4
3152	坩	坩	ham1	haam1	ham1
3153	蚶	蚶	ham1 蚶子，毛蚶	haam1 蚶子，毛蚶	ham1
3154	頷	颔	ham5	haam5	ham5
3155	焓	焓	ham4	haam4	ham4
3156	闞	阚	ham3 姓,haam2 虎聲,haam3 犬聲	haam2 虎聲,haam3 姓；犬聲	ham3,haam2,haam3
3157	晗	晗	ham4	haam4	ham4
3158	墈	墈	ham3 險岸	haam3 險岸；邊緣，塘～、江～,(又)haam2 高而險，幾近垂直的河岸，～頭、塘～、江～；地名，龐屋～	ham3
3159	崁	崁	ham3	haam3	ham3
3160	嵅	嵅	ham4	haam4	ham4
3161	撖	撖	ham5 姓	haam5 姓	ham5
3162	琀	琀	ham4	haam4	ham3
3163	磡	磡	ham3 巖崖之下	haam3 巖崖之下	ham3
3164	莰	莰	ham2	haam2	ham2
3165	浛	浛	ham4	haam4	ham4
3166	唅	唅	ham4 通含/琀字；象聲詞，～唅[hɐm21/35]聲，形容氣勢大；〈語〉詞綴，衝/追/趯[tɛk3]～～，紛紛衝/追/跑貌；撚[nɐn35]～～，做作；嘈～～，嘈雜貌；逳[jʊk5]～～，動得厲害	haam4 通含/琀字；象聲詞,(語)ham4 詞綴，衝～～，紛紛衝貌，喢～～，（狗）很兇	ham4,ham3
3167	欿	欿	ham2 貪,daam6 坎欿	haam2 貪,daam6 坎欿	ham2
3168	轗	𫐘	ham2	haam2	ham2
3169	顑	𱂱	ham2	haam2	ham2
3170	欽	钦	ham1	ham1	jam1
3171	歆	歆	ham1	ham1	jam1
3172	鑫	鑫	ham1	ham1	jam1
3173	嶔	嵚	ham1	ham1	jam1
3174	廞	𫷷	ham1	ham1	jam1
3175	扻	扻	ham2 磕、碰，～着頭，與磕對轉,(白)kam2 摑，～一巴掌	ham5 磕、碰，～着頭，與磕對轉,(白)kam2 摑	ham2
3176	顉	顉	ham1 曲頤；低頭也,(白)ngam1 ～頭，點頭，與𩪤對轉	ham1 曲頤；低頭也,(白)ngam3 ～頭，點頭，與𩪤對轉	ham6,jam1
3177	𧾏	𧾏	ham2	ham2,(白)kam2 （腰）略彎；～背，水蛇腰，指略彎的背部	ham2
3178	勘	勘	ham3 勘探，勘誤,(又)kaam1	kaam1 勘探，勘誤	ham3；(又)ham1
3179	坎	坎	ham2 坎坷[hɔ35]，心坎；舂～，石臼，一說本字臽,(又)kaam2 坎坷[kʰɔ35]，心坎，門坎,(語)kaan2 一～牌，一副牌，即三張順子或同花色的麻將牌	kaam2 坎坷，心坎,(白)haam2 舂～，石臼，一說本字臽	ham2
3180	堪	堪	ham1	kaam1	ham1
3181	嵌	嵌	ham3	kaam1	ham3；(又)ham6
3182	砍	砍	ham2 刀砍，砍伐,(又)kaam2	kaam2 刀砍，砍伐	ham2
3183	戡	戡	ham1	kaam1	ham1
3184	瞰	瞰	ham3	kaam3	ham3
3185	龕	龛	ham1 神龕，佛龕,(又)kaam1	kaam1 神龕，佛龕	ham1,am1
3186	嵁	嵁	ham1	kaam1	ham1
3187	坅	坅	ham2 坑	kam2 坑,(語)kam4 坑，挖樹～，挖樹坑兒；～～扛[kʰaŋ21]扛[kʰaŋ21]，坑坑窪窪	jam2,ham2
3188	墾	垦	han2	han2	han2
3189	很	很	han2	han2	han2
3190	恨	恨	han6 仇恨，怨恨，恨事；〈語〉羨慕	han6 仇恨，怨恨，恨事	han6
3191	懇	恳	han2	han2	han2
3192	狠	狠	han2	han2	han2
3193	痕	痕	han4 傷痕，痕跡；〈語〉癢	han4 傷痕，痕跡；〈語〉癢	han4
3194	哏	哏	han2 俗同很/狠字,gan1 北方俗字，逗哏，捧哏，當源自嗝兒（笑嗝兒），無折合音，故讀形近字跟	han2 俗同很/狠字,gan1 北方俗字，逗哏，捧哏，當源自嗝兒（笑嗝兒），無折合音，故讀形近字跟	han2,gan1
3195	詪	𬣳	han2	han2	han2
3196	睏	困	(白)han3 困的分化字，拜/瞌眼～，打瞌睡,(文)kwan3	(白)wan3 困的分化字，累乏,(文)kwan3	kwan3
3197	哼	哼	hang1 哼唱,hng6 嘆詞，表不滿意或不相信	hang1 哼唱,hng6 嘆詞，表不滿意或不相信	1)hang1:哼歌 2)hng6:感嘆詞
3198	恆	恒	hang4 永恆，恆心；〈語〉繃緊，本字緪，讀聲符恆	hang4 永恆，恆心；〈語〉繃緊、（液體或含水分的東西）遇冷凝結，本字緪，讀聲符恆	hang4
3199	肯	肯	hang2 肯定，中肯	hang2 肯定，中肯	hang2；中肯又讀hoi2
3200	衡	衡	hang4 平衡，衡量	hang4 平衡，衡量	hang4；(古)通橫
3201	亨	亨	hang1 亨通，大亨；姓,pang1 同烹字	hang1 亨通，大亨；姓,pang1 同烹字	hang1；(古)同烹
3202	姮	姮	hang4	hang4	hang4
3203	珩	珩	hang4	hang4	hang4
3204	蘅	蘅	hang4	hang4	hang4
3205	鴴	鸻	hang4	hang4	hang4
3206	硜	硁	hang1	hang1	hang1
3207	啈	啈	hang1 嘆詞,hng6 發狠聲	hang1 嘆詞,hng6 發狠聲	hang1,hng6
3208	脝	脝	hang1	hang1	hang1
3209	摼	摼	hang1 敲打	hang1 敲打	hang1
3210	倖	倖	hang6 倖免，倖存	hiang6 倖免，倖存	hang6
3211	幸	幸	hang6 幸福，榮幸	hiang6 幸福，榮幸	hang6
3212	悻	悻	hang6	hiang6	hang6
3213	婞	婞	hang6	hiang6	hang6
3214	堼	堼	hang6	hiang6	hang6
3215	杏	杏	hang6	hing3	hang6
3216	荇	荇	hang6	hing3	hang6
3217	莕	莕	hang6	hing3	hang6
3218	合	合	hap6 合作,gap3 容量單位，十合爲一升	haap6 合作,gaap2 容量單位，十合爲一升	hap6；gap3容量單位
3219	盒	盒	hap6 禮盒，菸盒	haap6 禮盒，菸盒	hap6
3220	磕	磕	(白)hap1 磕碰，磕頭（口語稱叩頭、硞[kʰɔk3]頭），與扻對轉,(文)hap6	haap2 磕碰，磕頭（口語稱叩頭），與扻對轉	hap6
3221	嗑	嗑	hap6 噬嗑；閒嗑；嗑瓜子,haap3 嗑然而笑,(訓)kwak1 ～瓜子，本字硞,(訓)kuk1 又音，～瓜子，本字硞	haap6 噬嗑；閒嗑；嗑瓜子,haap2 嗑然而笑,(訓)kuk3 ～瓜子，本字硞	hap6
3222	溘	溘	hap6	haap6	hap6
3223	盍	盍	hap6	haap6	hap6
3224	闔	阖	hap6	haap6	hap6
3225	耠	耠	hap6	haap6	hap6
3226	匼	匼	hap1 匼匝；匼河（在山西）	haap2 匼匝；匼河（在山西）	hap1
3227	郃	郃	hap6	haap6	hap6
3228	𬌗	𬌗	hap6	haap6	hap6
3229	䆟	䆟	hap1 合也,(白)kap1 蓋，與𠖫對轉，俗字扱	haap2 合也,(白)kap2 蓋，與𠖫對轉，俗字扱,(白)kap3 ～斗，倒閉；～𩪤[ŋɐp3]，（女孩）怕羞	hap1
3230	瞌	瞌	(白)hap1 ～眼睏[hɐn33]、～一覺、～一～，打瞌睡,(文)hap6	hap3 瞌睡	hap6,hap1
3231	𧬈	𧬈	hap1 欺負	hap3 欺負	hap1
3232	轄	辖	hat6 管轄	haat6 管轄	hat6
3233	乞	乞	hat1 乞討，乞兒，乞求	hat2 乞討，乞求,(又)hat3 乞兒，乞飯	hat1
3234	核	核	hat6 核桃，核心，核武器；同覈字,wat6 果核，棗核，本字𣝗	hat6 核桃，核心，核武器；同覈字,wat6 果核，棗核，本字𣝗	hat6；(語)wat6果核義
3235	迄	迄	hat1 迄今	hat2 迄今	ngat6
3236	覈	核	hat6 覈對，審覈	hat6 覈對，審覈	hat6
3237	劾	劾	hat6	hat6	hat6
3238	檄	檄	hat6	hat6	hat6
3239	紇	纥	hat6 回紇,gat1 紇繨	hat6 回紇,gat2 紇繨	1)hat6:回紇 2)gat1:紇繨
3240	閡	阂	hat6 隔閡,(語)hak6 打～呃，打嗝，又略作打呃	hat6 隔閡	hat6
3241	黠	黠	hat6 狡黠，黠慧,(又)kit3 讀同詰	hat6 狡黠，黠慧,(又)kyut2 讀同詰	kit3
3242	汔	汔	hat1 庶幾	hat2 庶幾	ngat6
3243	翮	翮	hat6	hat6	hat6
3244	覡	觋	hat6	hat6	hat6
3245	齕	龁	hat6 齧也,(語)nget6 齮[ŋi21]齮[ŋi55]～～，矯情、支吾	hat6 齧也	hat6
3246	葜	葜	hat6	hat6	hat6
3247	侯	侯	hau4 諸侯；姓	hau4 諸侯；姓	hau4
3248	候	候	hau6 守候，等候,(白)hau1 盯着、俟機，俗字睺	hau6 守候，等候,(白)hau1 盯着、俟機，俗字睺	hau6
3249	厚	厚	hau5	hau5	hau5
3250	口	口	hau2	hau2	hau2
3251	后	后	hau6 皇后	hau6 皇后	hau6
3252	後	后	hau6 先後，後來	hau6 先後，後來,(語)hau2 ～老孃，繼母	hau6
3253	吼	吼	hau2 吼叫，怒吼,(又)hung2 讀同孔	hau2 吼叫，怒吼	haau1；(又)hau3
3254	喉	喉	hau4 喉嚨，咽喉；～急，心急、着急；～瘕，嗓子沙啞	hau4 喉嚨，咽喉；～急，心急、着急；～瘕，嗓子沙啞	hau4
3255	猴	猴	hau4	hau4	hau4
3256	逅	逅	hau6	hau6	hau6
3257	瘊	瘊	hau4 瘊子	hau4 瘊子	hau4
3258	篌	篌	hau4	hau4	hau4
3259	鱟	鲎	hau6	hau6	hau6
3260	齁	齁	hau1 鼻息也	hau1 鼻息也；～病，哮喘病	hau1
3261	骺	骺	hau4	hau4	hau4
3262	垕	垕	hau5 同厚字；姓	hau5 同厚字；姓	hau5
3263	堠	堠	hau6	hau6	hau6
3264	餱	糇	hau4	hau4	hau4
3265	郈	郈	hau6	hau6	hau6
3266	鍭	𬭤	hau4	hau4	hau4
3267	鮜	鲘	hau6	hau6	hau6
3268	茩	茩	hau6	hau6	hau6
3269	睺	睺	hau4 半盲；羅睺	hau4 半盲；羅睺	hau1,hau4
3270	吃	吃	hek3 吃飯，小吃，本字喫,gat1 口吃,(訓)jaak3 本字齰，齧也，莊組白讀,(又)hik1,(又)hat1	hik2 吃飯，小吃，本字喫,gat2 口吃	hek3
3271	喫	吃	hek3 喫飯，俗字吃,(訓)jaak3 本字齰，齧也，莊組白讀,(又)hik1,(又)hat1	hik2 喫飯，俗字吃	jaak3,hek3
3272	鹹	咸	(白)hem4 鹹淡，鹹魚，鹹菜,(文)haam4	haam4 鹹淡，鹹魚，鹹菜	haam4
3273	喊	喊	(白)hem3 喊人，大喊，東喊西喊,(文)haam3	haam2 喊人，大喊,(又)hem3 東喊西喊	haam3
3274	㘚	㘎	(白)hem3,(文)haam3	haam2,(又)hem3	haam3,haam2
3275	閑	闲	(白)hen4 通閒字，得閑,(文)haan4 防閑；通閒字，清閑，閑置	haan4 防閑；通閒字，清閑，閑置	haan4
3276	閒	闲	(白)hen4 得閒，閒時,(文)haan4 清閒，閒置	haan4 得閒，清閒，閒置	haan4；(古)通間
3277	蜆	蚬	(白)hen2 蜆子，蜆肉；～殼，小蛤蜊,jin6 蝶類的幼蟲；〈語〉～蟲，蚜蟲,(文)hin2 蜆木，俗字櫶	(白)hen2 蜆子，蜆肉,jyun6 蝶類的幼蟲,(文)hyun2 蜆木,(常)hyun3 俗讀，蜆木，俗字櫶，讀同憲	hin2
3278	輕	轻	heng1 輕鬆，輕重，輕敵，輕[hɛŋ55/hɛŋ21]輕	hing1 輕鬆，輕重，輕敵	hing1
3279	敲	敲	(白)heu1 敲門,(文)haau1 敲門，推敲	haau1 敲門，推敲	haau1
3280	姣	姣	(白)heu4 淫蕩、輕浮，～思扽䐁，輕佻、風騷,(白)geu2 姣好,(文)haau4,(文)gaau2	haau4 淫蕩、輕浮,gaau2 姣好	gaau2；haau4淫也
3281	喜	喜	hi2	hi2	hei2
3282	嘻	嘻	hi1 嘻哈，嘻嘻,(又)hi4 笑～～，喜笑貌,(又)he4 笑～～，喜笑貌	hi1 嘻哈，嘻嘻,(又)he4 笑～～，喜笑貌	hei1
3283	嘿	嘿	hi1 嘆詞；象聲詞，笑嘿嘿,mak6 同默字	hi1 嘆詞；象聲詞，笑嘿嘿,mak5 同默字	hei1；默的本字
3284	器	器	hi3	hi3	hei3
3285	豈	岂	hi2	hi2	hei2
3286	希	希	hi1	hi1	hei1
3287	棄	弃	hi3	hi3	hei3
3288	戲	戏	hi3 戲劇，遊戲,(古)fu1 於戲,(白)hi1 兒～，不可靠，俗作兒嬉	hi3 戲劇，遊戲,(古)hu1 於戲	hei3；(古)fu1於戲
3289	欺	欺	hi1	hi1	hei1
3290	氣	气	hi3 空氣，氣人	hi3 空氣，氣人	hei3
3291	汽	汽	hi3	hi3	hei3
3292	熙	熙	hi1	hi1	hei1
3293	犧	牺	hi1	hi1	hei1
3294	稀	稀	hi1	hi1	hei1
3295	起	起	hi2	hi2	hei2
3296	僖	僖	hi1	hi1	hei1
3297	嬉	嬉	hi1 嬉戲，嬉笑	hi1 嬉戲，嬉笑	hei1
3298	憩	憩	hi3 憩息，休憩,(白)he3 離[lɛ21]～，不修邊幅	hi3 憩息，休憩	hei3
3299	曦	曦	hi1	hi1	hei1
3300	熹	熹	hi1	hi1	hei1
3301	禧	禧	hi1	hi1	hei1
3302	羲	羲	hi1	hi1	hei1
3303	唏	唏	hi1 唏噓	hi1 唏噓,(語)hi4 ～哩[li21]㗾[he21]咧[le21]，喘氣聲	hei1
3304	屺	屺	hi2	hi2	hei2
3305	晞	晞	hi1	hi1	hei1
3306	榿	桤	hi1 榿木	hi1 榿木	hei1,kei1
3307	浠	浠	hi1	hi1	hei1
3308	烯	烯	hi1	hi1	hei1
3309	芑	芑	hi2	hi2	hei2
3310	豨	豨	hi1	hi1	hei1
3311	郗	郗	hi1 骨節間；姓,ci1 姓	hi1 骨節間；姓,ci1 姓	hei1,ci1
3312	醯	醯	hi1	hi1	hei1
3313	餼	饩	hi3	hi3	hei3
3314	釐	釐	hi1 同禧字	hi1 同禧字	hei1:恭賀新釐
3315	俙	俙	hi1	hi1	hei1
3316	咥	咥	hi3 大笑貌,dit6 咬	hi3 大笑貌,dit6 咬	hei3,dit6
3317	巇	巇	hi1	hi1	hei1
3318	爔	爔	hi1	hi1	hei1
3319	睎	睎	hi1	hi1	hei1
3320	屓	屃	hi3	hi3	hei3,ai3
3321	憙	憙	hi2	hi2	hei2
3322	暿	暿	hi2	hi2	hei2
3323	玘	玘	hi2	hi2	hei2
3324	𨭎	𬭳	hi2	hi2	hei2
3325	鱚	𬶮	hi1	hi1	hei1
3326	塈	塈	hi3,(又)gi3	hi3,(又)gi3	hei3,kei3
3327	娭	娭	hi1 通嬉字,oi1 娭毑	hi1 通嬉字,aai1 娭毑	hei1,oi1
3328	愒	愒	hi3 同憩字,koi3 貪也,hot3 恐嚇	hi3 同憩字,kaai3 貪也,haat2 恐嚇	hei3,hot3,koi3
3329	欷	欷	hi1	hi1	hei1
3330	蟢	蟢	hi2 蟢子	hi2 蟢子	hei2
3331	魌	魌	hi1	hi1	hei1
3332	譆	𫍻	hi1	hi1	hei1
3333	㞓	㞓	hi3 臀部；身體斜坐,hai1 假借字，女陰，也作程度副詞，本字谿；詈語，癡～，神經病，耽[nɐm55]～，土包子，撈～，同撈佬，老～殼，老傢伙，屌你媽～，肏你媽屄；後綴成分，～魂，極了，嘈得～魂，吵得要死，用法等同鬼魂（都/啊失）	hi3 臀部；身體斜坐,hai1 假借字，女陰，也作程度副詞，本字谿；詈語，癡～，神經病，戇[wɐŋ22]～，笨蛋；亞隻～人梗[kiɐŋ55]難講，這傢伙這麼難說話	hai1
3334	炁	炁	hi3	hi3	hei3
3335	欠	欠	him3	him3	him3
3336	歉	歉	him3 道歉，歉意	him3 道歉，歉意	hip3
3337	謙	谦	him1	him1	him1
3338	險	险	him2	him2	him2
3339	慊	慊	him3 不滿、怨恨，古讀上聲,hip3 滿足	him3 不滿、怨恨，古讀上聲,hip2 滿足	him3,hip3
3340	獫	猃	him2	him2	him2
3341	芡	芡	him3 芡實，勾芡；案，1987年高光明《烹飪指南》中大量使用『獻』表示芡，說明早期少數人有讀如獻，與今廣州話相同，當是避諱『欠』，1998年白宛如《廣州方言詞典》P349寫作『䭤』，並非本字，本字即芡,(白)kem5 打～，勾芡	him3 芡實，勾芡,(白)gem5 打～，勾芡	him3,hin3
3342	鍁	锨	him1 同杴字	him1 同杴字	hin1
3343	嶮	崄	him2	him2	him2
3344	忺	忺	him1 高興；舒適	him1 高興；舒適	him1
3345	薟	莶	him1 豨薟；辛味,lim5 白薟	him1 豨薟；辛味,lim5 白薟	cim1,lim5
3346	肷	肷	him2	him2	him2
3347	杴	杴	him1 農具名，又作𣔙/鍁字	him1 農具名，又作𣔙/鍁字	hin1
3348	玁	𤞤	him2	him2	him2
3349	憲	宪	hin3	hyun3	hin3
3350	掀	掀	hin1 掀起，與揭對轉	hyun1 掀起，與揭對轉	hin1
3351	顯	显	hin2	hyun2	hin2
3352	牽	牵	hin1	hyun1	hin1
3353	獻	献	hin3 貢獻，獻出；～世，丟臉、出醜，源自現世	hyun3 貢獻，獻出；～世，丟臉、出醜，源自現世	hin3
3354	譴	谴	hin2	hyun2	hin2
3355	軒	轩	hin1 軒昂，軒轅,(常)hyun1 俗讀	hyun1 軒昂，軒轅	hin1
3356	遣	遣	hin2	hyun2	hin2
3357	縴	纤	hin1 縴夫	hyun1 縴夫	hin1
3358	祆	祆	hin1	hyun1	hin1
3359	騫	骞	hin1	hyun1	hin1
3360	愆	愆	hin1	hyun1	hin1
3361	搴	搴	hin1 取也,(白)kin2 揭、掀，～開蓋，與揭對轉,(白)ken2 掐（脖子），～頸	hyun1 取也	hin1
3362	繾	缱	hin2	hyun2	hin2
3363	褰	褰	hin1	hyun1	hin1
3364	㬎	㬎	hin2	hyun2	hin2
3365	岍	岍	hin1	hyun1	hin1
3366	汧	汧	hin1	hyun1	hin1
3367	鶱	𬸣	hin1	hyun1	hin1
3368	攐	攐	hin1	hyun1	hin1
3369	䘆	䘆	hin2 蚯蚓,(語)hyun2 黃～，蚯蚓	hyun2 蚯蚓（口語用土䏰[ȵyn22]）	hyun2
3370	櫶	櫶	hin2 櫶木，即蜆木	hyun2 櫶木，即蜆木,(常)hyun3 俗讀，讀同憲	hin2
3371	諐	諐	hin1	hyun1	hin1
3372	興	兴	hing3 高興,hing1 興旺	hing3 高興,hing1 興旺	1)hing1:興奮 2)hing3:高興
3373	卿	卿	hing1	hing1	hing1
3374	慶	庆	hing3	hing3	hing3
3375	氫	氢	hing1 氫氣，氫彈	hing1 氫氣，氫彈	hing1
3376	馨	馨	hing1	hing1	hing1
3377	磬	磬	hing3 鐘磬	hing3 鐘磬	hing3
3378	罄	罄	hing3	hing3	hing3
3379	夐	夐	hing3 遠,hyun3 營求	hing3 遠,hyun3 營求	hing3,hyun3
3380	謦	謦	hing3	hing3	hing3
3381	㷫	㷫	hing3 熱、燙，～烚[hɐp2]烚[hɐp2]，熱烘烘	hing3,(訓)ang1 熱（專指天氣），疑本字烘	hing3
3382	兄	兄	hing1 兄弟，老兄	wing1 兄弟，老兄	hing1
3383	協	协	hip3 協助，妥協；〈語〉帶～，提攜，本作帶挈，韻尾音變	hip2 協助，妥協	hip3；(又)hip6
3384	怯	怯	hip3 畏怯	hip2 畏怯	hip3
3385	挾	挟	hip3 挾持，要挾,(白)gep3 挾菜,(文)gaap3,(又)haap3 讀同狹	hip2 挾持，要挾,(白)gep2 挾菜,(文)gaap2,(又)haap2 讀同狹,(又)jaap2 讀同狹	hip3；(又)hip6
3386	脅	胁	hip3 兩脅，威脅	hip2 兩脅，威脅	hip3
3387	愜	惬	hip3	hip2	hip3；(又)hip6
3388	勰	勰	hip3	hip2	hip3
3389	叶	叶	hip3 同協字，叶韻	hip2 同協字，叶韻	hip3；(又)hip6
3390	歇	歇	hit3 歇息，停歇	hyut2 歇息，停歇	hit3
3391	僥	侥	hiu1 僥倖，讀同驍,(古)jiu4 僬僥	hiu2 僥倖，讀同曉,(古)jiu4 僬僥	hiu1；(古)jiu4僬僥
3392	囂	嚣	hiu1	hiu1	hiu1
3393	曉	晓	hiu2	hiu2	hiu2
3394	梟	枭	hiu1	hiu1	hiu1
3395	嘵	哓	hiu1	hiu1	hiu1
3396	枵	枵	hiu1	hiu1	hiu1
3397	驍	骁	hiu1	hiu1	hiu1
3398	鴞	鸮	hiu1	hiu1	hiu1
3399	噷	噷	hm1	hm1	hm1
3400	何	何	ho4	ho4	ho4
3401	呵	呵	ho1 呵欠，呵斥；地名，呵叻（在泰國）,(語)ho2 句末語氣詞，係麼的合音，表輕微徵詢以求確認，用於明知某事仍需當面確認的情況，今晚你主持，～？工資又低，～？好似你有隻崽，～？	ho1 呵欠，呵斥；地名，呵叻（在泰國）,(語)ho5 吆喝牛的用語,(語)ho2 哦～兵，戲曲中跑龍套的兵卒，又作嗬字	ho1
3402	河	河	ho4 江河，河水；口語單用指邕江，對～，邕江對面，過～，過邕江，老派稱邕江爲海	ho4 江河，河水	ho4
3403	荷	荷	ho4 荷花；薄荷，又作蔢𦽅,ho6 荷載，負荷	ho4 荷花；薄荷，又作蔢𦽅,ho6 荷載，負荷	1)ho4:荷花 2)ho6:負荷
3404	賀	贺	ho6	ho6	ho6
3405	訶	诃	ho1	ho1	ho1
3406	嗬	嗬	ho4 嘆詞；象聲詞；～哆[tɛ55]，嗩吶,(又)hoe4 ～哆[tœ55]，嗩吶	ho4 嘆詞；象聲詞；～哆[te55]，嗩吶,(語)ho2 哦～兵，戲曲中跑龍套的兵卒，又作呵字	ho4
3407	嚯	嚯	ho1	ho1	ho1
3408	㰤	㰤	ho1 同呵字,kaa3 張口息；大笑,(語)go4 打鼾聲，睡得～～聲、打鼻鼾響～～	ho1 同呵字,kaa3 張口息；大笑,(語)ko4 打～羅，打呼嚕	ho1,kaa3
3409	可	可	ho2 可以,(古)hak1 可汗	ko2 可以,(古)kak2 可汗	ho2；(古)hak1可汗
3410	坷	坷	ho2 坎[hɐm35]坷,ho1 坷垃,(又)ko2 坎[kʰam35]坷	ko2 坎坷,ko1 坷垃	ho2,ho1
3411	岢	岢	ho2	ko2	ho2
3412	炣	炣	ho2	ko2	ho2
3413	𪽇	𪽇	ho1	ko1	ho1
3414	靴	靴	hoe1	hoe1	hoe1
3415	吙	吙	hoe1 吐氣；吐氣聲,(又)fo2 讀同火,(語)fo4 ～～聲，熟睡聲、火旺貌、風嘯聲,(語)fo6 啡[fi21]啡[fi21]～～，風風火火，䬍的連讀音變	hoe1 吐氣；吐氣聲,(又)hu2 讀同火,(語)fo4 ～～聲，熟睡聲、火旺貌、風嘯聲,(語)fo6 啡[fi55]啡[fi55]～～，風風火火，䬍的連讀音變	fo2
3416	㗾	㗾	hoe4 ～㗾[hœ35]聲、～㗾[hœ35]滾、滾～～，熱鬧貌、熙熙攘攘，或與䠡同源,hoe1 吐氣聲	hoe4 象聲詞,hoe1 吐氣聲,(語)he4 唏[hi21]哩[li21]～咧[le21]，喘氣聲	hoe1,hoe4
3417	鄉	乡	hoeng1 鄉村，故鄉	hiang1 鄉村，故鄉	hoeng1
3418	享	享	hoeng2	hiang2	hoeng2
3419	向	向	hoeng3 向前，方向	hiang3 向前，方向	hoeng3
3420	嚮	向	hoeng3 嚮導，嚮往	hiang3 嚮導，嚮往	hoeng3
3421	響	响	hoeng2	hiang2	hoeng2
3422	晌	晌	hoeng2 晌午	hiang2 晌午,(又)siang2	hoeng2
3423	香	香	hoeng1	hiang1	hoeng1
3424	餉	饷	hoeng2 軍餉	hiang2 軍餉,(又)siang2	hoeng2
3425	薌	芗	hoeng1 穀香	hiang1 穀香	hoeng1,hoeng2
3426	饗	飨	hoeng2	hiang2	hoeng2
3427	垧	垧	hoeng2	hiang2	hoeng2
3428	珦	珦	hoeng3	hiang3	hoeng3
3429	亯	亯	hoeng2	hiang2	hoeng2
3430	蠁	蚃	hoeng2	hiang2	hoeng2
3431	亥	亥	hoi6	haai6	hoi6
3432	害	害	hoi6	haai6	hoi6；(古)同曷hot3
3433	開	开	hoi1 開門，打開；～齊手、～，猜碼口令，數字十；動相補語，捱佢（渠）𧥺開我200文銀	haai1 開門，打開；全～手、～清手，猜碼口令，數字十	hoi1
3434	海	海	hoi2 大海，海量；口語單用指邕江，對～，邕江對面，過～，過邕江，老派用法，新派稱邕江爲河	haai2 大海，海量	hoi2
3435	氦	氦	hoi6	haai6	hoi6
3436	嗐	嗐	hoi6 大開口；嘆詞,hat6 大開口,(白)hat1 打～鍬，打噴嚏，俗字乞,(又)haai6 嘆詞	haai6 大開口；嘆詞,haat6 大開口,(白)hat2 打～鍬，打噴嚏，俗字乞	haai6,hoi6
3437	醢	醢	hoi2	haai2	hoi2
3438	頦	颏	hoi4	haai4	hoi4
3439	咍	咍	hoi1	haai1	hoi1
3440	胲	胲	hoi2 有機化合物,goi2 臉頰,goi1 牲蹄	haai2 有機化合物,gaai2 臉頰,gaai1 牲蹄	hoi2,goi1,goi2
3441	鐦	锎	hoi1	haai1	hoi1
3442	殼	壳	hok3 蛋殼；地殼	haak2 蛋殼；地殼	hok3
3443	學	学	hok6 上學，學校，同學,(又)huk6 學校，同學，語流音變	haak6 上學，學生	hok6
3444	鶴	鹤	hok6	haak6	hok6
3445	貉	貉	hok6 貉子，貉絨,mak6 同貊字	haak6 貉子，貉絨,miak5 同貊字	hok6；(古)同貊mak6
3446	郝	郝	hok3 姓	haak2 姓	kok3
3447	嶨	峃	hok6	haak6	hok6
3448	熇	熇	hok3 熱貌，與炕對轉	haak2 熱貌，與炕對轉	hok3
3449	翯	翯	hok6	haak6	hok6
3450	隺	隺	hok6	haak6	hok6
3451	鷽	鸴	hok6	haak6	hok6
3452	蠚	蠚	hok3 螫也	haak2 螫也	hok3
3453	刊	刊	hon2 報刊，刊誤	haan2 報刊，刊誤	hon1；(又)hon2
3454	寒	寒	hon4	haan4	hon4
3455	悍	悍	hon6	haan6	hon5；(又)hon6
3456	旱	旱	hon5 乾旱，旱災	haan5 乾旱，旱災	hon5
3457	漢	汉	hon3	haan3	hon3
3458	汗	汗	hon6 出汗,(古)hon4 可汗，汗國	haan6 出汗,(古)haan4 可汗，汗國	hon6；(古)hon4可汗
3459	焊	焊	hon6 焊接，電焊	haan6 焊接，電焊	hon6
3460	看	看	hon3 看見，看法,hon1 看守，看管	haan3 看見，看法,haan1 看守，看管	1)hon3:看書 2)hon1:看守
3461	罕	罕	hon2 稀罕，罕見	haan2 稀罕，罕見	hon2
3462	翰	翰	hon6 翰林，翰墨,(又)hon3	haan6 翰林，翰墨	hon6
3463	韓	韩	hon4	haan4	hon4
3464	捍	捍	hon6	haan6	hon6
3465	侃	侃	hon2	haan2	hon2
3466	瀚	瀚	hon6	haan6	hon6
3467	鼾	鼾	hon6 打鼾，鼾睡；打鼻～，打呼嚕	haan6 打鼾，鼾睡	hon4
3468	邗	邗	hon4	haan4	hon4
3469	邯	邯	hon4 邯鄲	haan4 邯鄲	hon4
3470	頇	顸	hon1	haan1	hon1
3471	暵	暵	hon3	haan3	hon3
3472	犴	犴	hon4 駝鹿,ngon6 狴犴；獄也；本作豻,(又)hon6 狴犴	haan4 駝鹿,ngaan6 狴犴；獄也；本作豻,(又)haan6 狴犴	hon4,ngon6
3473	蔊	蔊	hon6 蔊菜,(又)hon2	haan6 蔊菜,(又)haan2	hon6,hon2
3474	衎	衎	hon3	haan3	hon3
3475	垾	垾	hon6	haan6	hon6
3476	熯	熯	hon3 火乾	haan3 火乾	hon3
3477	吭	吭	hong4 引吭高歌,hang1 不吭聲	haang4 引吭高歌,hang1 不吭聲	1)hong4:引吭 2)hang1:不吭聲
3478	巷	巷	(白)hong2 街巷，巷戰；地名，金獅巷（十二巷之一，本名金絲巷）；案，舊南寧城有三頭九口十二巷，見1988年《南寧文史資料·第1輯總第五輯》P79-83和1988年《南寧文史資料·第2輯總第六輯》P129-130,(文)hong6 地名，石巷口（九口之一）	haang6 街巷，巷戰；地名，金獅巷（十二巷之一，本名金絲巷），石巷口（九口之一）；案，舊南寧城有三頭九口十二巷，見1988年《南寧文史資料·第1輯總第五輯》P79-83和1988年《南寧文史資料·第2輯總第六輯》P129-130	hong6
3479	杭	杭	hong4	haang4	hong4
3480	糠	糠	hong1 米糠，糟糠；糠蘿蔔,(白)hong2 陳米氣味；乾燥	haang1 米糠，糟糠；糠蘿蔔	hong1
3481	航	航	hong4	haang4	hong4
3482	降	降	hong4 投降,gong3 下降	haang4 投降,gaang3 下降	1)gong3:降雨 2)hong4:投降
3483	項	项	hong6 項目，事項；〈語〉～雞（舊又作雞～），小母雞，疑本字笐，竹列也,(白)hong2 項鏈，頸項，強項，一項	haang6 項目，項鏈；〈語〉～雞，小母雞，疑本字笐，竹列也	hong6
3484	桁	桁	hong4 刑具,hang4 桁條，瓦桁,hong6 衣架	haang4 刑具,hang4 桁條，瓦桁,haang6 衣架	haang4,hang4,hong4
3485	沆	沆	hong4	haang4	hong4
3486	絎	绗	hong4 刺縫；～被，縫製被臥	haang4 刺縫	hong4
3487	頏	颃	hong4	haang4	hong4
3488	衖	衖	hong2 同巷字，街巷,lung6 里衖，同里弄	haang6 同巷字，街巷,loeng6 里衖，同里弄	lung6,hong6
3489	迒	迒	hong4	haang4	hong4
3490	䘕	䘕	hong4	haang4	hong4
3491	康	康	hong1	kaang1	hong1
3492	𡐓	𡐓	hong1	kaang1	hong1
3493	鱇	𩾌	hong1	kaang1	hong1
3494	槺	槺	hong1	kaang1	hong1
3495	躿	躿	hong1,(語)keng2 瘦蜢[mɛŋ35]～，瘦貌，與喀對轉,(語)kang1 瘦蜢[mɐŋ55]～，瘦貌，與喀對轉	kaang1,(語)kiang3 瘦蜢[miɐŋ55]～，瘦貌，與喀對轉	hong1
3496	腔	腔	hong1 口腔，腔調，幫腔,(又)koeng1 腔調，幫腔，讀同羌	kiang1 口腔，腔調，幫腔，讀同羌	hong1
3497	喝	喝	hot3 喝酒；喝采	haat2 喝酒；喝采,(白)het2 嚇唬地叫喊，～兩聲，渠停住喇	hot3
3498	渴	渴	hot3 口渴，渴望,git6 （粥）稠，後作竭，俗字傑	haat2 口渴，渴望,gat6 （粥）稠，後作竭，俗字傑	hot3
3499	褐	褐	hot3	haat2	hot3
3500	曷	曷	hot3	haat2	hot3
3501	鞨	鞨	hot3 鞋；靺鞨,sit6 治革,maat3 鞨巾	haat2 鞋；靺鞨,sit6 治革,maat5 鞨巾	hot3,maat3
3502	鶡	鹖	hot3	haat2	hot3
3503	號	号	hu6 號碼,hu4 呼號，嚎的本字	haau6 號碼,haau4 呼號，嚎的本字	1)hou6:國號 2)hou4:呼號
3504	嚎	嚎	hu4 狼嚎，嚎啕，本字號	haau4 狼嚎，嚎啕，本字號	hou4
3505	好	好	hu3 喜好,hu2 好壞	haau3 喜好,haau2 好壞	1)hou2:好人 2)hou3:嗜好
3506	毫	毫	hu4	haau4	hou4
3507	浩	浩	hu6	haau6	hou6
3508	皓	皓	hu6	haau6	hou6
3509	耗	耗	hu3 消耗，耗費	haau3 消耗，耗費,(白)heu3 缺破、殘缺，亞把刀斬～口喇、渠牙齒～啊	hou3
3510	豪	豪	hu4	haau4	hou4
3511	嗥	嗥	hu4	haau4	hou4
3512	壕	壕	hu4	haau4	hou4
3513	濠	濠	hu4	haau4	hou4
3514	蒿	蒿	hu1 蓬蒿，茼蒿	haau1 蓬蒿，茼蒿	hou1
3515	蠔	蚝	hu4	haau4	hou4
3516	昊	昊	hu6	haau6	hou6
3517	灝	灏	hu6	haau6	hou6
3518	顥	颢	hu6	haau6	hou6
3519	淏	淏	hu6	haau6	hou6
3520	皞	皞	hu6	haau6	hou6
3521	滈	滈	hu6	haau6	hou6
3522	哭	哭	huk1	hoek2	huk1
3523	斛	斛	huk6	hoek6	huk6
3524	槲	槲	huk6	hoek6	huk6
3525	縠	縠	huk6	hoek6	huk6
3526	酷	酷	huk6 殘酷，酷熱,(又)kuk1	koek2 殘酷，酷熱	huk6
3527	兇	凶	hung1 兇惡	hoeng1 兇惡	hung1
3528	凶	凶	hung1 吉凶	hoeng1 吉凶	hung1
3529	匈	匈	hung1	hoeng1	hung1
3530	哄	哄	hung6 同鬨字，起哄；〈語〉圍攏，～住，圍着,hung2 哄騙，哄勸,hung1 亂哄哄，哄堂大笑，一哄而散	hoeng6 同鬨字，起哄,hoeng2 哄騙，哄勸,hoeng1 亂哄哄，哄堂大笑，一哄而散	1)hung1:哄堂大笑 2)hung3:哄騙
3531	鬨	哄	hung6 起鬨，內鬨；〈語〉圍攏，～住，圍着	hoeng6 起鬨，內鬨	1)hung3:鬨騙 2)hung1:鬨堂大笑
3532	宏	宏	hung4	hoeng4	wang4
3533	弘	弘	hung4	hoeng4	wang4
3534	洶	汹	hung1	hoeng1	hung1
3535	洪	洪	hung4	hoeng4	hung4
3536	烘	烘	hung1 烘乾，烘烤,(又)hung3	hoeng1 烘乾，烘烤	hung3
3537	空	空	hung1 空虛，天空；空缺,hung3 抽空，得空；〈又〉空缺	hoeng1 空虛，天空,hoeng3 抽空，得空；空缺	hung1
3538	紅	红	hung4 紅色,gung1 女紅	hoeng4 紅色,goeng1 女紅	1)hung4:紅色 2)gung1:女紅
3539	胸	胸	hung1	hoeng1	hung1
3540	虹	虹	hung4 彩虹，霓虹,(白)gong3 雙～，兩道彩虹	hoeng4 彩虹，霓虹,(白)gaang3	hung4
3541	雄	雄	hung4	hoeng4	hung4
3542	鴻	鸿	hung4	hoeng4	hung4
3543	倥	倥	hung1 倥侗,hung2 倥傯	hoeng1 倥侗,hoeng2 倥傯	1)hung1:倥侗 2)hung2:倥傯
3544	崆	崆	hung1	hoeng1	hung1
3545	泓	泓	hung4	hoeng4	wang4
3546	訌	讧	hung4 內訌，訌亂	hoeng4 內訌，訌亂	hung4
3547	竑	竑	hung4	hoeng4	wang4
3548	箜	箜	hung1	hoeng1	hung1
3549	蕻	蕻	hung4 雪裏蕻,hung6 菜薹	hoeng4 雪裏蕻,hoeng6 菜薹	hung4,hung6
3550	閎	闳	hung4	hoeng4	wang4
3551	玒	玒	hung4,(又)gong1,(又)gung1	hoeng4,(又)gaang1,(又)goeng1	hung4
3552	硿	硿	hung1	hoeng1	hung1
3553	紘	纮	hung4	hoeng4	wang4
3554	翃	翃	hung4	hoeng4	wang4
3555	葒	荭	hung4 葒草	hoeng4 葒草	hung4
3556	谼	谼	hung4	hoeng4	hung4
3557	黌	黉	hung4 黌舍，黌門	hoeng4 黌舍，黌門	hung4
3558	鋐	𬭎	hung4	hoeng4	wang4
3559	埪	埪	hung1	hoeng1	hung1
3560	硔	硔	hung4	hoeng4	hung4
3561	訩	讻	hung1	hoeng1	hung1
3562	鉷	𫟹	hung4	hoeng4	hung4
3563	吰	吰	hung4	hoeng4	wang4
3564	悾	悾	hung1	hoeng1	hung1
3565	澒	𭱊	hung6	hoeng6	hung6
3566	孔	孔	hung2 孔雀，鑽孔；姓,(又)kung2	koeng2 孔雀，鑽孔；姓	hung2
3567	恐	恐	hung2 恐怕，恐龍,(又)kung2	koeng2 恐怕，恐龍	hung2
3568	控	控	hung3 控制，失控,(又)kung3	koeng3 控制，失控	hung3
3569	去	去	hyu3 來去，去向；案，常作趨向動詞、花費義動詞、趨向補語、動相補語、目標格介詞、程度事態助詞、使令事態助詞、傀儡可能補語，見2019年郭必之《語言接觸視角下的南寧粵語語法》	hyu3 來去，去向	heoi3
3570	吁	吁	hyu1 氣喘吁吁，長吁短嘆,(又)jyu1 讀同於/迂	hyu1 氣喘吁吁，長吁短嘆,(又)jyu1 讀同於/迂	heoi1
3571	墟	墟	hyu1 廢墟，墟市	hyu1 廢墟，墟市	heoi1
3572	虛	虚	hyu1	hyu1	heoi1
3573	許	许	hyu2 允許，許多	hyu2 允許，許多,(訓)hai3 給，本字與，上古魚部	heoi2
3574	酗	酗	hyu3 酗酒	hyu3 酗酒	jyu3,heoi3
3575	噓	嘘	hyu1 吹噓,syu4 嘆詞，表制止	hyu1 吹噓,syu4 嘆詞，表制止	1)heoi1:噓寒問暖 2)syu4:嘆詞
3576	栩	栩	hyu2	hyu2	heoi2
3577	煦	煦	hyu3	hyu3	heoi2；(又)jyu3
3578	圩	圩	hyu1 同墟字,wai4 圩堤	hyu1 同墟字,wai4 圩堤	wai4,heoi1
3579	盱	盱	hyu1	hyu1	heoi1
3580	詡	诩	hyu2	hyu2	heoi2
3581	冔	冔	hyu2	hyu2	heoi2
3582	旴	旴	hyu1	hyu1	heoi1
3583	昫	昫	hyu3	hyu3	heoi2
3584	珝	珝	hyu2	hyu2	heoi2
3585	訏	𬣙	hyu1	hyu1	heoi1
3586	姁	姁	hyu2	hyu2	heoi2
3587	歔	歔	hyu1	hyu1	heoi1
3588	勸	劝	hyun3	hyun3	hyun3
3589	喧	喧	hyun1 喧譁，喧鬧,(常)slyun1 俗讀，讀同宣	hyun1 喧譁，喧鬧,(常)slyun1 俗讀，讀同宣	hyun1
3590	圈	圈	hyun1 圓圈,gyun3 豬圈	hyun1 圓圈；〈又〉豬圈,gyun6 豬圈	1)hyun1:圈子 2)gyun6:羊圈
3591	犬	犬	hyun2	hyun2	hyun2
3592	絢	绚	hyun3	hyun3	hyun3
3593	萱	萱	hyun1	hyun1	hyun1
3594	塤	埙	hyun1	hyun1	hyun1
3595	壎	埙	hyun1	hyun1	hyun1
3596	暄	暄	hyun1	hyun1	hyun1
3597	楦	楦	hyun3 同楥字，鞋楦，楦頭	hyun3 同楥字，鞋楦，楦頭	hyun3
3598	烜	烜	hyun2,(又)hyun1	hyun2,(又)hyun1	hyun1,hyun2
3599	畎	畎	hyun2	hyun2	hyun2
3600	綣	绻	hyun3	hyun3	hyun3
3601	諼	谖	hyun1	hyun1	hyun1
3602	煊	煊	hyun1	hyun1	hyun1
3603	儇	儇	hyun1	hyun1	hyun1
3604	咺	咺	hyun1 顯著,hyun2 兒啼不止	hyun1 顯著,hyun2 兒啼不止	hyun1,hyun2
3605	晅	晅	hyun1	hyun1	hyun1
3606	棬	棬	hyun1	hyun1	hyun1
3607	禤	禤	hyun1	hyun1	hyun1
3608	翾	翾	hyun1	hyun1	hyun1
3609	鋗	𫓶	hyun1	hyun1	hyun1
3610	𨟠	𨟠	hyun1	hyun1	hyun1
3611	譞	𫍽	hyun1	hyun1	hyun1
3612	楥	楥	hyun3 楥子，楥頭	hyun3 楥子，楥頭	hyun3
3613	煖	煖	hyun1 同煊字,nyun5 同暖字	hyun1 同煊字,nun5 同暖字	hyun1,nyun5
3614	諠	諠	hyun1	hyun1	hyun1
3615	血	血	hyut3	hyut2	hyut3
3616	吷	吷	hyut3 小聲也,(語)hoet6 喘～～，氣喘吁吁	hyut2 小聲也	hyut3
3617	呀	呀	jaa1 嘆詞；象聲詞,aa3 助詞,nge2 象聲詞，推門聲，又作砑字,(又)jaa4 嘆詞，表不滿,(白)ngaa1 象聲詞，哭～～，大聲地哭，元音象義,(白)nge1 象聲詞，哭～～，小聲地哭，元音象義	jaa1 嘆詞；象聲詞,aa3 助詞,nge2 象聲詞，推門聲，又作砑字,(又)jaa4 嘆詞，表不滿	1)aa1:嘆詞 2)aa3:助詞
3618	吔	吔	jaa1 語氣詞，哎～，表驚歎,(外)jaa2 威～，鋼絲繩，英語wire，現代新詞,(又)jaak1 語氣詞，哎～,(又)jak1 語氣詞，哎～	jaa1 語氣詞，哎～，表驚歎,(外)jaa5 威～，鋼絲繩，英語wire，現代新詞,(又)jaak3 語氣詞，哎～,(又)jak3 語氣詞，哎～	jaa1
3619	也	也	jaa5 也是，也許	je5 也是，也許	jaa5
3620	廿	廿	(白)jaa6 二十，二啊[a22]的合音，啊[a22]爲十的弱讀,(文)nim6	(白)njaa6 二十，二啊[a22]的合音，啊[a22]爲十的弱讀,(文)nim6	jaa6；本讀nim6
3621	拽	拽	jai6 同抴/曳字，拖、牽引,zui6 用力拉，本字𢶀,zaai6 俗字，投擲，本字㨁,(又)jit6 同抴字	jai6 同抴/曳字，拖、牽引,zui6 用力拉，本字𢶀,zaai1 俗字，投擲，本字㨁,(又)jit6 同抴字	jai6
3622	曳	曳	jai6 搖曳，拖曳，曳引	jai6 搖曳，拖曳，曳引,(白)jet2 搖搖～～，搖搖蕩蕩，本字抴	jai6
3623	枍	枍	jai6	jai6	jai6
3624	抴	抴	jai6 拖、牽引，後作曳,(又)jit6	jai6 拖、牽引，後作曳,(又)jit6,(白)jet2 搖搖～～，搖搖蕩蕩	jai6
3625	跇	跇	jai6 踰也；跳也	jai6 踰也；跳也,(白)njai3 執[ȵɐp3]～，舊時稱小孩兒身體上的毛病，又作跩字	jai6
3626	跩	跩	jai6 同跇字	jai6 同跇字,(白)njai3 執[ȵɐp3]～，舊時稱小孩兒身體上的毛病，本字跇	jai6
3627	㹭	㹭	jai6	jai6	jai6
3628	吟	吟	jam4 呻吟，吟詩,(白)ngam4 ～沉，嘮叨，古作沉吟，與噏/𡀾對轉,(白)jam1 笑～～，微笑貌	jam4 呻吟，吟詩,(白)ngam4 ～沉，嘮叨，古作沉吟，與噏/𡀾對轉	jam4
3629	淫	淫	jam4	jam4	jam4
3630	蔭	荫	jam3 蔭庇，蔭涼,jam1 樹蔭；姓	jam3 蔭庇，蔭涼,jam1 樹蔭；姓	jam3
3631	陰	阴	jam1 陰天，光陰；劉～，額前髮、劉海	jam1 陰天，光陰；劉～，額前髮、劉海	jam1
3632	音	音	jam1	jam1	jam1
3633	霪	霪	jam4	jam4	jam4
3634	喑	喑	jam1 喑啞，喑默,jam3 喑噁	jam1 喑啞，喑默,jam3 喑噁	jam1
3635	愔	愔	jam1	jam1	jam1
3636	窨	窨	jam3 窨井,(白)am3 ～熟，捂熱	jam3 窨井,(白)am3 漚，～草皮；釀，～甜酒,(白)em3 ～子，扒手	jam3,fan1
3637	崟	崟	jam4	jam4	jam4
3638	瘖	瘖	jam1	jam1	jam1
3639	任	任	jam6 責任，任務,jam4 姓，俗讀責任之任	njam6 責任，任務,njam4 姓，俗讀責任之任	1)jam6:信任 2)jam4:姓任
3640	壬	壬	jam4 壬子，六壬	njam4 壬子，六壬	jam4
3641	賃	赁	jam6 租賃	njam6 租賃	jam6
3642	飲	饮	jam2 飲酒；飲料,(古)jam3 飲馬	njam2 飲酒；飲料,(古)njam3 飲馬	1)jam2:飲水 2)jam3:飲馬，飲牛
3643	妊	妊	jam6	njam6	jam4
3644	荏	荏	jam5	njam5	jam5
3645	飪	饪	jam6 熟也	njam6 熟也	jam6；(又)jam5
3646	紝	纴	jam6 機縷也；縫紝（口語用縫紉）	njam6 機縷也；縫紝（口語用縫紉）	jam6
3647	衽	衽	jam6	njam6	jam6
3648	腍	腍	jam6 熟也,(訓)nam4 （肉類、瓜果）松軟、爛熟，～癟[pɛt2]癟[pɛt2]，軟爛，～善，人善良軟弱，與䪏對轉，或與飪有關	njam6 熟也,(訓)nam4 （肉類、瓜果）松軟、爛熟，～癟[pɛt2]癟[pɛt2]，軟爛，～善，人善良軟弱，與䪏對轉，或與飪有關	nam4
3649	印	印	jan3	an3	jan3
3650	因	因	jan1	an1	jan1
3651	姻	姻	jan1	an1	jan1
3652	殷	殷	jan1 殷勤；殷墟；姓,jin1 殷紅,jan2 雷聲	an1 殷勤；殷墟；姓,jyun1 殷紅,an2 雷聲	jan1；殷紅又讀jin1
3653	茵	茵	jan1	an1	jan1
3654	隱	隐	jan2	an2	jan2
3655	氤	氤	jan1	an1	jan1
3656	湮	湮	jan1 湮沒，湮滅,(又)jin1	an1 湮沒，湮滅,(又)jyun1	jan1
3657	堙	堙	jan1	an1	jan1
3658	洇	洇	jan1	an1	jan1
3659	銦	铟	jan1	an1	jan1
3660	茚	茚	jan3	an3	jan3
3661	歅	歅	jan1	an1	jan1
3662	禋	禋	jan1	an1	jan1
3663	駰	骃	jan1	an1	jan1
3664	絪	𬘡	jan1	an1	jan1
3665	諲	𬤇	jan1	an1	jan1
3666	闉	𬮱	jan1	an1	jan1
3667	鮣	䲟	jan3	an3	jan3
3668	溵	溵	jan1	an1	jan1
3669	慇	慇	jan1	an1	jan1
3670	凐	凐	jan1 寒貌	an1 寒貌,(白)jan1 涼，～水，涼水，～天，冷天	jan1
3671	㥯	㥯	jan2 謹也,(白)an3 度量；分～，分寸，～住食/買，有節制地吃/買	an2 謹也	jan2
3672	䌥	𦈠	jan2	an2	jan5
3673	櫽	𬄩	jan2	an2	jan2
3674	欣	欣	jan1 欣賞，歡欣,(常)ham1 俗讀，讀同欽	han1 欣賞，歡欣；〈語〉玩，去～，去玩，講～笑，開玩笑	jan1
3675	釁	衅	jan3 挑釁	han3 挑釁	jan6；(又)jan3
3676	忻	忻	jan1	han1	jan1
3677	昕	昕	jan1	han1	jan1
3678	炘	炘	jan1	han1	jan1
3679	訢	䜣	jan1 同欣字；姓	han1 同欣字；姓	jan1
3680	焮	焮	jan1	han1	jan1
3681	寅	寅	jan4	jan4	jan4
3682	引	引	jan5	jan5	jan5
3683	癮	瘾	jan5	jan5	jan5
3684	蚓	蚓	jan5	jan5	jan5
3685	夤	夤	jan4	jan4	jan4
3686	胤	胤	jan6	jan6	jan6
3687	吲	吲	jan5 吲哚	jan5 吲哚	jan5
3688	縯	𬙂	jan5 引,jin2 長	jan5 引,jin2 長	jan5,jin2
3689	人	人	jan4 人民，工人,(語)jaa4 ～熊婆，傳說中扮成老太婆的熊，專吃小孩,(語)jaai4 又音，～熊婆，後字逆同化	njan4 人民，工人	jan4
3690	仁	仁	jan4 仁義；果仁，花生仁,(白)ngan4 果仁，花生仁	njan4 仁義，果仁	jan4
3691	刃	刃	jan6 刀刃，利刃	njan6 刀刃，利刃,(又)jan5	jan6
3692	孕	孕	jan6 懷孕，孕婦,(老派)jyun6	njan6 懷孕，孕婦	jan6
3693	忍	忍	jan5	njan5	jan2；(又)jan5
3694	潤	润	jan6 滋潤，溼潤,(老派)jyun6,(白)jan2 禽畜的肝，俗字膶，避諱肝/乾；擔～，擔竿、扁擔，避諱竿/乾,(老派)jyun2 白讀，避諱肝/竿/乾	njan6 滋潤，溼潤	jeon6
3695	紉	纫	jan6 縫紉	njan6 縫紉	jan6
3696	閏	闰	jan6,(老派)jyun6	njan6	jeon6
3697	韌	韧	jan6 堅韌，韌性,(白)ngan6 焉～，食物有勁道，俗作煙韌,(語)jang3 （肉食等）韌，韌硬的合音；～皮，頑皮	njan6 堅韌，韌性,(白)njan2 食物有勁道；打恂～，打冷顫、顫抖,(語)njang3 （肉食等）韌，韌硬的合音,(語)jaang1 孩子貪玩	jan6
3698	仞	仞	jan6	njan6	jan6
3699	軔	轫	jan6	njan6	jan6
3700	訒	讱	jan6	njan6	jan6
3701	肕	肕	jan6 堅肉；同韌字,(白)jen1 臉皮厚、死皮賴臉；丟臉、尷尬	njan6 堅肉；同韌字	jan6
3702	䏰	䏰	jan6,(老派)jyun6	njan6,(語)njyun6 土～，蚯蚓	jeon6
3703	入	入	jap6 入口，進入	jap5 入口，進入,(又)njap5,(白)jap2 ～落去，縮進去，～頭～腦，縮頭縮腦、探頭探腦，～沕子，潛泳,(白)jap6 慢慢沉沒，亞條船～喇	jap6
3704	邑	邑	jap1	jap2	jap1
3705	揖	揖	jap1 作揖，揖讓	jap2 作揖，揖讓	jap1
3706	翕	翕	jap1 翕動，翕然	jap2 翕動，翕然	jap1
3707	悒	悒	jap1 悒鬱,(白)jaap1 心～，心煩，源自心唈，本或與𥀈（皮膚癢）同源	jap2 悒鬱,(白)njaap3 心～，心煩，源自心唈，本或與𥀈（皮膚癢）同源	jap1
3708	挹	挹	jap1	jap2	jap1
3709	浥	浥	jap1 溼潤,(白)ap1 ～汁，陰暗潮溼，另一說本字㳌㴙	jap2 溼潤	jap1
3710	熠	熠	jap1 熠熠，熠耀,(白)jaap6 閃爍,(白)jaap3 火～，惱怒、生氣，當源自熠煜的引申義	jap2 熠熠，熠耀,(白)jap3 躲～～，躲躲閃閃	jap1
3711	裛	裛	jap1	jap2	jap1
3712	潝	潝	jap1	jap2	jap1
3713	㬤	㬤	jap1	jap2	jap1
3714	泣	泣	jap1 哭泣,(又)lap1	lap3 哭泣	jap1
3715	一	一	jat1 一定，第一；～定中[tʃʊŋ33]，猜碼口令，數字一,(語)aa1 弱讀；案，單字讀或作詞尾時（如初一、萬一、統一）不能弱讀,(語)at1 又音，弱讀	at2 一定，第一；～定中[tʃœŋ55]、～定高升，猜碼口令，數字一	jat1
3716	壹	壹	jat1	at2	jat1
3717	弌	弌	jat1	at2	jat1
3718	溢	溢	jat6 滿溢，溢出	jat6 滿溢，溢出	jat6
3719	逸	逸	jat6 逃逸，安逸,(白)jet1 用手撐起身體；躍起，～過，躍過去	jat6 逃逸，安逸,(白)jet3 躍起，～過，躍過去,(白)jat2 ～屎，大便失禁	jat6
3720	軼	轶	jat6	jat6	jat6
3721	佚	佚	jat6	jat6	jat6
3722	佾	佾	jat6	jat6	jat6
3723	鎰	镒	jat6 二十兩爲一鎰	jat6 二十兩爲一鎰	jat6
3724	昳	昳	jat6 昳麗,dit6 太陽偏西	jat6 昳麗,dit6 太陽偏西	jat6,dit6
3725	肸	肸	jat6 肸蠁,bi3 古地名	jat6 肸蠁,bi3 古地名	jat6,bei3
3726	日	日	jat6 日期，日頭（太陽）；案，日日，有連讀音變[jɐt2jɐt2]➔[jɐ22jɐt2],(語)mat6 今/昨/嚕～，晚日的合音，合音後無晚義	njat5 日期，日頭（太陽）	jat6
3727	馹	驲	jat6	njat5	jat6
3728	丘	丘	jau1	jau1	jau1
3729	休	休	jau1	jau1	jau1
3730	優	优	jau1	jau1	jau1
3731	佑	佑	jau6	jau6	jau6
3732	又	又	jau6 又來，又是；弱讀爲[ɐ22/ə22]，喊我關燈我～冇夠高、菸～好茶～好我都冇愛,(語)a6 弱讀，進而爲[ə22]，常用於列舉句式，···～好···～好（···也好···也好），···～得···～得（···也行···也行）；案，前一句式甚至常省略又字，粉肝（～）好，沙肝（～）好，切嗮以後要水洗過	jau6 又來，又是；弱讀爲[ɐ22/ə22/a22]，慢慢行，小心跌落去爬～爬冇上來,(語)a6 弱讀，進而爲[ə22/a22]	jau6
3733	友	友	jau5 朋友，老友,(白)jau2 一條友，友崽，視語境貶稱或暱稱	jau5 朋友，老友，友崽（後起詞）	jau5
3734	右	右	jau6	jau6	jau6
3735	尤	尤	jau4	jau4	jau4
3736	幼	幼	jau3 年幼，幼兒；〈語〉細，～沙	jau3 年幼，幼兒；〈語〉細，～沙	jau3
3737	幽	幽	jau1	jau1	jau1
3738	憂	忧	jau1	jau1	jau1
3739	悠	悠	jau4 悠久，悠閒；修～，輕鬆、從容,(又)jau1 悠閒，讀同優閒/休閒	jau4 悠久，悠閒,(又)jau1 悠閒，讀同優閒/休閒	jau4
3740	揉	揉	jau4	jau4	jau4
3741	有	有	jau5	jau5	jau5；(古)同又
3742	柔	柔	jau4	jau4	jau4
3743	油	油	jau4	jau4	jau4
3744	游	游	jau4 游泳，上游	jau4 游泳，上游	jau4
3745	遊	游	jau4 旅遊，遊戲	jau4 旅遊，遊戲	jau4
3746	猶	犹	jau4	jau4	jau4
3747	由	由	jau4	jau4	jau4
3748	蚯	蚯	jau1	jau1	jau1
3749	誘	诱	jau3	jau3	jau5
3750	蹂	蹂	jau4	jau4	jau4
3751	郵	邮	jau4	jau4	jau4
3752	酉	酉	jau5	jau5	jau5
3753	咻	咻	jau1 喧鬧,hyu2 噢咻	jau1 喧鬧,hyu2 噢咻	jau1,heoi2
3754	宥	宥	jau6	jau6	jau6
3755	柚	柚	(白)jau2 蜜柚，沙田柚；囉～，屁股,jau4 柚木,(文)jau6 柚子	jau6 蜜柚，沙田柚，柚子,jau4 柚木	jau2；(又)jau6；zuk6:杼柚
3756	牖	牖	jau5	jau5	jau5
3757	猷	猷	jau4	jau4	jau4
3758	莠	莠	jau5	jau5	jau5
3759	邱	邱	jau1	jau1	jau1
3760	釉	釉	jau6 彩釉,(白)jau2 釉面[min35]磚	jau6 彩釉，釉面	jau6
3761	鈾	铀	jau4	jau4	jau4
3762	鞣	鞣	jau4	jau4	jau4
3763	魷	鱿	jau4	jau4	jau4
3764	黝	黝	jau2 黝黑，黝黯,(白)au2 深紫色（瘀血色），～血，瘀血，～黑～黑，深紫	jau2 黝黑，黝黯,(白)au2 深紫色（瘀血色），～血，瘀血，手捱打一捶變～喇，手被打一捶變紫了	jau2
3765	鼬	鼬	jau6 黃鼬	jau6 黃鼬	jau6
3766	侑	侑	jau6	jau6	jau6
3767	卣	卣	jau5	jau5	jau5
3768	呦	呦	jau1 呦呦（鹿鳴聲）,(白)jaau1 咿～、咿咿～～，不認真、不正經，古文本義爲（嬰兒或小動物）微弱地啼聲，後喻指不成熟、不嚴肅	jau1 呦呦（鹿鳴聲）,(白)jaau3 咿[ji55]～、咿[ji55]咿[ji55]～～，不認真、不正經，古文本義爲（嬰兒或小動物）微弱地啼聲，後喻指不成熟、不嚴肅	jau1
3769	囿	囿	jau6	jau6	jau6
3770	庥	庥	jau1	jau1	jau1
3771	攸	攸	jau4	jau4	jau4
3772	疣	疣	jau4	jau4	jau4
3773	糅	糅	jau4 糅合	jau4 糅合	jau2
3774	繇	繇	jau4 通由字,jiu4 通徭/謠字,zau6 卦兆辭	jau4 通由字,jiu4 通徭/謠字,zau6 卦兆辭	jau4,jiu4,zau6
3775	羑	羑	jau5	jau5	jau5
3776	蕕	莸	jau4	jau4	jau4
3777	蚰	蚰	jau4	jau4	jau4
3778	蚴	蚴	jau3 毛蚴，尾蚴,jau2 蚴虬	jau3 毛蚴，尾蚴,jau2 蚴虬	jau3
3779	蝣	蝣	jau4	jau4	jau4
3780	貅	貅	jau1	jau1	jau1
3781	髹	髹	jau1	jau1	jau1
3782	祐	祐	jau6	jau6	jau6
3783	尢	尢	jau4 姓；同尤字,wong1 部首；同尪字	jau4 姓；同尤字,ung1 部首；同尪字	jau4,wong1
3784	槱	槱	jau5	jau5	jau5
3785	浟	浟	jau4 水流貌,dik6 貪利貌	jau4 水流貌,dik6 貪利貌	jau4,dik6
3786	珛	珛	jau3	jau3	cau3
3787	耰	耰	jau1	jau1	jau1
3788	銪	铕	jau5	jau5	jau5
3789	鵂	鸺	jau1	jau1	jau1
3790	麀	麀	jau1	jau1	jau1
3791	輮	𫐓	jau4	jau4	jau4
3792	輶	𬨎	jau4	jau4	jau4
3793	鮋	鲉	jau4	jau4	jau4
3794	狖	狖	jau6	jau6	jau6
3795	粈	粈	jau4 同糅字,(語)neu1 俗字，黏；案，或源自軟丟丟，丟字端組旁轉，又或源自稠，知組端組泥母旁轉，演變構擬[*ɖiu]➔[*tiu/teu]➔[niu/nɛu],(語)niu1 俗字，又音	jau4 同糅字,(語)niu1 俗字，黏；案，或源自軟丟丟，丟字端組旁轉，又或源自稠，知組端組泥母旁轉，演變構擬[*ɖiu]➔[*tiu/teu]➔[niu/nɛu],(語)neu1 俗字，又音，～褦[nɐŋ55]褦[nɐŋ55]，很黏	jau2
3796	㘥	㘥	jau4	jau4	jau4
3797	夜	夜	je6 夜晚，半夜,(白)je2 宵夜	(白)jaa6 夜晚，半夜，宵夜,(文)je6 夜來香，夜摸（夜間賊），夜關門（決明子）	je6
3798	冶	冶	je5	je5	je5
3799	椰	椰	je4	je4	je4
3800	爺	爷	je4 爺爺[jɛ35]，老爺；父也,(白)je1 伯爺公（老頭兒），伯爺婆（老太婆），親家爺（親家翁）	je4 爺爺[je24]，老爺；父也	je4
3801	野	野	je5	je5	je5
3802	耶	耶	je4 耶穌；通爺字；語氣詞	je4 耶穌；通爺字；語氣詞	je4
3803	揶	揶	je4	je4	je4
3804	玡	玡	je4	je4	je4
3805	琊	琊	je4	je4	je4
3806	倻	倻	je4	je4	je4
3807	鋣	铘	je4	je4	je4
3808	嘢	嘢	je5 俗字，東西，本字兒，即（物）兒，本爲物的兒尾小稱，乜嘢即（是何）物兒，做/爲/因乜嘢即做/爲/因（何）物兒，酸嘢即酸（物）兒，括號內爲省略，演變構擬[*ȵie]➔[*ȵe]➔[jɛ]；案，元·丁復《題畫馬爲方遠上人賦》唐人爲馬置馬監，奚官果是何物兒？《紅樓夢》第二六回，你明兒來拜壽，打算送什麼新鮮物兒？,(語)e5 連讀音變，乜嘢口語作[mɐt5jɛ24]➔[mɛ55ɛ24]➔[mɛ535]，也作咩嘢/咩	nge5 俗字，東西，買～，買東西，本字兒，即（物）兒，本爲物的兒尾小稱，買嘢即買（物）兒，酸嘢即酸（物）兒，括號內爲省略，演變構擬[*ȵie]➔[*ŋie]➔[ŋe]；案，元·丁復《題畫馬爲方遠上人賦》唐人爲馬置馬監，奚官果是何物兒？《紅樓夢》第二六回，你明兒來拜壽，打算送什麼新鮮物兒？	je5
3809	惹	惹	je5 惹事，招惹；傳染，～着肝炎	nje5 惹事，招惹	je5
3810	贏	赢	(白)jeng4 輸贏,(文)jing4,(罕)heng4	hing4 輸贏	jing4；(語)jeng4
3811	擪	擪	(白)jep3 指按也；〈語〉捲起，～衫袖/褲腳，捲起衣袖/褲腿，本字摺,(文)jip3	jip2 指按也	jip3
3812	以	以	ji5	ji5	ji5
3813	伊	伊	ji1	ji1	ji1
3814	依	依	ji1 依靠，依然	ji1 依靠，依然	ji1
3815	倚	倚	ji2 倚靠，不偏不倚	ji2 倚靠，不偏不倚	ji2
3816	醫	医	ji1	ji1	ji1
3817	夷	夷	ji4	ji4	ji4
3818	姨	姨	ji4 姨媽（母之姐，又稱姨母），姨丈,(白)ji1 阿姨（母之妹；泛稱年長女性），大姨（大姨子），姨崽（小姨子）	ji4 姨媽（母之姐），姨丈，阿姨	ji4
3819	已	已	ji5	ji5	ji5
3820	異	异	ji6 差異，異常	ji6 差異，異常	ji6
3821	怡	怡	ji4	ji4	ji4
3822	意	意	ji3	ji3	ji3
3823	易	易	ji6 容易,jik6 交易	ji6 容易,hik2 交易	1)ji6:容易 2)jik6:交易
3824	椅	椅	ji2	ji2	ji2；(木名)ji1
3825	矣	矣	ji5	ji5	ji5
3826	移	移	ji4 遷移，移動	ji4 遷移，移動	ji4
3827	而	而	ji4 然而，而且，而今	(白)ji4 然而，而今,(文)oe4 而且	ji4
3828	胰	胰	ji4	ji4	ji4
3829	衣	衣	ji1 衣服，雨衣，衣車（縫紉機）,(古)ji3 穿（衣服）	ji1 衣服，雨衣，衣車（縫紉機）,(古)ji3 穿（衣服）	1)ji1:衣服 2)ji3:衣錦還鄉
3830	貽	贻	ji4	ji4	ji4
3831	咦	咦	ji4 嘆詞,hi1 笑貌,(又)ji2,(白)ke1 笑～～，笑呵呵，曉母讀如溪母,(白)ki1 又音，笑～～，笑呵呵，曉母讀如溪母	ji4 嘆詞,hi1 笑貌,(又)ji5	ji2；本讀ji4
3832	噫	噫	ji1	ji1	ji1
3833	圯	圯	ji4	ji4	ji4
3834	彝	彝	ji4	ji4	ji4
3835	懿	懿	ji3	ji3	ji3
3836	旖	旖	ji2	ji2	ji2
3837	漪	漪	ji1	ji1	ji1
3838	綺	绮	ji2 綺羅，綺麗，讀同倚	ji2 綺羅，綺麗，讀同倚	ji2
3839	肄	肄	ji6 肄業	ji3 肄業	ji6
3840	迤	迤	ji5 同迆字，迤邐,ji4 同迆字，逶迤	ji5 同迆字，迤邐,ji4 同迆字，逶迤	1)ji5:迤邐 2)ji4:逶迤
3841	頤	颐	ji4	ji4	ji4
3842	飴	饴	ji4 飴糖	ji4 飴糖	ji4
3843	匜	匜	ji4	ji4	ji4
3844	咿	咿	ji1 咿唔，咿呀；～呦[jau55]、～～呦[jau55]呦[jau55]，不認真、不正經，古文本義爲（嬰兒或小動物）微弱地啼聲，後喻指不成熟、不嚴肅	ji1 咿唔，咿呀,(白)ji3 ～呦[jau55]、～～呦[jau55]呦[jau55]，不認真、不正經，古文本義爲（嬰兒或小動物）微弱地啼聲，後喻指不成熟、不嚴肅	ji1
3845	殪	殪	ji3	ji3	ji3
3846	沂	沂	ji4 沂河	ji4 沂河	ji4
3847	猗	猗	ji1 美盛貌；讚美	ji1 美盛貌；讚美	ji1
3848	痍	痍	ji4	ji4	ji4
3849	禕	祎	ji1	ji1	ji1
3850	苡	苡	ji5	ji5	ji5
3851	薏	薏	ji3	ji3	ji3
3852	詒	诒	ji4 贈送,doi6 欺詐	ji4 贈送,daai6 欺詐	ji4,doi6
3853	銥	铱	ji1	ji1	ji1
3854	鴯	鸸	ji4	ji4	ji4
3855	黟	黟	ji1	ji1	ji1
3856	癔	癔	ji3	ji3	ji3
3857	螠	螠	ji3 螠女	ji3 螠女	jik1,si3
3858	佁	佁	ji5 癡；靜,ci3 佁儗	ji5 癡；靜,ci3 佁儗	ji5,ci3
3859	勩	勚	ji6 勞也,(又)jai6,(訓)het6 器物磨損，疑本字䃒，石地惡也	ji6 勞也,(又)jai6,(訓)het6 器物磨損，疑本字䃒，石地惡也	jai6,ji6
3860	宧	宧	ji4	ji4	ji4
3861	廙	廙	ji6	ji6	ji6
3862	扆	扆	ji2	ji2	ji2
3863	椸	椸	ji4	ji4	ji4
3864	洢	洢	ji1	ji1	ji1
3865	潩	潩	ji6	ji6	ji6
3866	瘞	瘗	ji3	ji3	ji3
3867	簃	簃	ji4	ji4	ji4
3868	繄	繄	ji1	ji1	ji1
3869	耏	耏	ji4 頰鬚；地名用字,noi6 去頰鬚刑	ji4 頰鬚；地名用字,naai6 去頰鬚刑	ji4,noi6
3870	酏	酏	ji4	ji4	ji4
3871	鐿	镱	ji3	ji3	ji3
3872	陑	陑	ji4	ji4	ji4
3873	鮞	鲕	ji4	ji4	ji4
3874	齮	𬺈	ji2 齧也,(語)ngi4 ～齮[ŋi55]齕[ŋɛt2]齕[ŋɛt2]，矯情、支吾	ji2 齧也	ji2
3875	扅	扅	ji4	ji4	ji4
3876	餏	饻	ji1 量詞，讀同衣	ji1 量詞，讀同衣	si1
3877	嫛	嫛	ji1	ji1	ji1
3878	杝	杝	ji4 椴木,li4 同籬字,zi6 析薪	ji4 椴木,li4 同籬字,zi6 析薪	ji4,lei4,zi2
3879	栘	栘	ji4	ji4	ji4
3880	洏	洏	ji4	ji4	ji4
3881	胹	胹	ji4 爛也；煮也	ji4 爛也；煮也	ji4
3882	袲	袲	ji4	ji4	ji4
3883	迆	迆	ji5 迆邐,ji4 逶迆	ji5 迆邐,ji4 逶迆	ji5,ji4
3884	迻	迻	ji4 遷也,(語)ji1 假借字，本字支，載也，支撐義，～～逳[jʊk5]逳[jʊk5]，活絡、動來動去，本作支支觸觸	ji4 遷也,(語)nji3 假借字，本字支，載也，支撐義，～～逳[ȵok5]逳[ȵok5]，活絡、動來動去，本作支支觸觸	ji4
3885	饐	饐	ji3	ji3	ji3
3886	苢	苢	ji5	ji5	ji5
3887	𣐿	𣐿	ji1	ji1	ji1
3888	𧦧	𫍟	ji4	ji4	ji4
3889	義	义	ji6 義氣，意義	nji6 義氣，意義	ji6
3890	二	二	ji6 第二，二十；～氣來、～氣（諧音義氣），猜碼口令，數字二	nji6 第二，二十	ji6
3891	儀	仪	ji4 禮儀，儀式,(常)ji6 俗讀，讀同義	nji4 禮儀，儀式	ji4
3892	兒	儿	ji4 兒童，幼兒；～戲[hi55]，不可靠，俗作兒嬉,(白)ji1 乞～，乞丐，老派可作小稱詞綴，貓～、雀～、鬼～（小孩兒）、手指～、一粒～（一絲兒）；案，小孩兒老派稱鬼兒，現在多稱鬼崽、鬼嘢、細鬼，亦可知嘢的本字爲兒	nji4 兒童，幼兒,(白)nji3 乞～，乞丐，雞～，小雞，鬼～，小孩兒；案，小孩兒老派稱鬼兒，現在多稱鬼崽、鬼嘢、細鬼，亦可知嘢的本字爲兒	ji4
3893	爾	尔	ji5 偶爾，爾等	(白)nji5 偶爾，爾等,(文)oe5,(語)nji6 遠指代詞，那	ji5
3894	耳	耳	ji5	nji5	ji5
3895	議	议	ji5 會議，議論，商議,(又)ji3 語流音變	nji6 會議，議論，商議	ji5
3896	貳	贰	ji6 貳心，貳臣	nji6 貳心，貳臣	ji6
3897	餌	饵	ji5	nji5	nei6
3898	洱	洱	ji5 普洱，洱海	nji5 普洱，洱海	1)nei2:普洱 2)ji5:（地名）洱海
3899	邇	迩	ji5	nji5	ji5
3900	劓	劓	ji6	nji6	ji6
3901	珥	珥	ji5	nji5	nei6,ji6
3902	鉺	铒	ji5	nji5	ji5
3903	咡	咡	ji6	nji6	ji6
3904	髶	髶	ji6 髮飾,jung4 髮亂,(白)jung1 毛髮、絲、線等蓬亂	nji6 髮飾,joeng4 髮亂,(白)njoeng3 毛髮、絲、線等蓬亂,(白)njung3 又音	ji6,jung4
3905	駬	𱅋	ji5	nji5	ji5
3906	弍	弍	ji6	nji6	ji6
3907	億	亿	jik1	ik2	jik1
3908	憶	忆	jik1	ik2	jik1
3909	抑	抑	jik1	ik2	jik1
3910	益	益	jik1	ik2	jik1
3911	臆	臆	jik1	ik2	jik1
3912	繶	𫄷	jik1	ik2	jik1
3913	肊	肊	jik1 氣滿,(白)ik1 打～，打嗝	ik2 氣滿,(白)ik3 打～，打嗝	jik1
3914	亦	亦	jik6 亦有，亦可	jik5 亦有，亦可,(白)ak6 副詞，疊用，你去～得，我去～得,(白)aak2 ～隘[e55]，胳肢窩，後作腋	jik6
3915	液	液	jik6	jik5	jik6
3916	繹	绎	jik6	jik5	jik6
3917	翼	翼	jik6	jik5	jik6
3918	腋	腋	jik6 腋窩	jik5 腋窩,(白)aak2 ～隘[e55]，胳肢窩，古字亦	jik6
3919	譯	译	jik6	jik5	jik6
3920	奕	奕	jik6	jik5	jik6
3921	弈	弈	jik6	jik5	jik6
3922	掖	掖	jik6	jik5	jik6
3923	睪	睾	jik6 伺視,gu1 同睾字	jik5 伺視,gaau1 同睾字	gou1
3924	翌	翌	jik6	jik5	jik6
3925	蜴	蜴	jik6	jik5	jik6
3926	驛	驿	jik6	jik5	jik6
3927	埸	埸	jik6	jik5	jik6
3928	嶧	峄	jik6	jik5	jik6
3929	弋	弋	jik6	jik5	jik6
3930	懌	怿	jik6	jik5	jik6
3931	翊	翊	jik6	jik5	jik6
3932	杙	杙	jik6	jik5	jik6
3933	燚	燚	jik6	jik5	jik6
3934	釴	𬬩	jik6	jik5	jik6
3935	㑊	㑊	jik6	jik5	jik6
3936	役	役	jik6	wik5	jik6
3937	疫	疫	jik6	wik5	jik6
3938	俺	俺	jim3 大也,aan2 北方俗字，我，摹官話音，官話我們的合音	jim3 大也,aan5 北方俗字，我，摹官話音，官話我們的合音	jim3
3939	厭	厌	jim3	jim3	jim3
3940	嫌	嫌	jim4 嫌棄，涉嫌,(白)him4	jim4 嫌棄，涉嫌,(白)him4	jim4
3941	掩	掩	jim2	jim2	jim2
3942	淹	淹	jim1	jim1	jim1
3943	演	演	(習)jim2 表演，演員,(書)jin2	(習)jim2 表演，演員,(書)jin2	jin2；(又)jin5
3944	炎	炎	jim4	jim4	jim4
3945	焰	焰	jim6 火焰，焰火	jim6 火焰，焰火	jim6
3946	鹽	盐	jim4 食鹽；醃	jim4 食鹽；醃	jim4
3947	衍	衍	(習)jim2 敷衍，衍生,(書)jin2	(習)jim2 敷衍，衍生,(書)jin2	jin2；(又)jin5 (俗)hin2
3948	閻	阎	jim4	jim4	jim4
3949	檐	檐	jim4 屋檐，瓦檐；～蛇，壁虎,(白)jam4 屋檐，瓦檐，牀檐，帳檐,(白)jim2 帽檐	jim4 屋檐，瓦檐，帽檐；～蛇，壁虎,(白)jam4 屋檐，瓦檐	sim4,jim4
3950	豔	艳	jim6 鮮豔，豔麗,(常)jin3 俗讀,(語)jem1 詞綴，紅～～，紅豔豔,(語)jem4 詞綴，紅～～，紅豔豔	jim6 鮮豔，豔麗,(常)jyun3 俗讀	jim6
3951	奄	奄	jim2 奄有，奄忽,jim1 奄奄一息	jim2 奄有，奄忽,jim1 奄奄一息	1)jim2:奄有四方 2)jim1:奄奄一息；(古)同閹，地名亦讀jim1
3952	饜	餍	jim3	jim3	jim3
3953	魘	魇	jim2	jim2	jim2
3954	剡	剡	jim5 銳利，削尖,sim6 剡溪	jim5 銳利，削尖,sim6 剡溪	jim5,sim6
3955	崦	崦	jim1	jim1	jim1
3956	懨	恹	jim1	jim1	jim1
3957	灩	滟	jim6 瀲灩,(又)jin3	jim6 瀲灩,(又)jyun3	jim6
3958	焱	焱	jim6	jim6	jim6
3959	琰	琰	jim5	jim5	jim5
3960	罨	罨	jim2	jim2	jim2
3961	芫	芫	(習)jim4 芫荽,(書)jyun4 芫荽，芫花	(習)jim4 芫荽,(書)jyun4 芫荽，芫花	jyun4
3962	閹	阉	jim1	jim1	jim1
3963	龑	䶮	jim2	jim2	jim2
3964	厴	厣	jim2 蟹腹下甲；螺殼口圓片蓋；小～，小肚子、小腹	jim2 蟹腹下甲；螺殼口圓片蓋；衣兜上的蓋兒，荷包～	jim2
3965	弇	弇	jim2 蓋也	jim2 蓋也,(訓)fam4 伏、趴，疑本字𨂝	jim2
3966	扊	扊	jim5	jim5	jim5
3967	棪	棪	jim5	jim5	jim5
3968	渰	渰	jim2	jim2	jim2
3969	閆	闫	jim4 姓	jim4 姓	jim4
3970	黶	黡	jim2	jim2	jim2
3971	覎	觃	jim3	jim3	jim3,jin6
3972	燄	燄	jim6	jim6	jim6
3973	㤿	㤿	jim1 ～憸，愛挑剔	jim1 ～憸，愛挑剔	jim1
3974	𥀬	𥀬	jim2 痂，結～，結痂	jim2 痂	jim2
3975	嚴	严	jim4	njim4	jim4
3976	冉	冉	jim5	njim5	jim5
3977	染	染	jim5	njim5,(又)jim5	jim5
3978	儼	俨	jim5 儼然，儼如,(常)jim4 俗讀，讀同嚴	njim5 儼然，儼如,(常)njim4 俗讀，讀同嚴	jim5
3979	苒	苒	jim5	njim5	jim5
3980	髯	髯	jim4	njim4	jim4
3981	釅	酽	jim6 釅茶	njim6 釅茶	jim6
3982	䎃	䎃	jim5	njim5	jim5
3983	莧	苋	jin6 莧菜,(白)hen6 莧菜,(罕)hon6 讀同漢	haan6 莧菜	jin6
3984	粯	𬖑	jin6	haan6	jin6
3985	偃	偃	jin2 偃臥，偃旗息鼓	jin2 偃臥，偃旗息鼓,(白)en2 踮，～腳	jin2
3986	兗	兖	jin5	jin5	jin5
3987	鼴	鼹	jin2	jin2	jin2
3988	讞	谳	jin6	jin6	jin6
3989	郾	郾	jin2	jin2	jin2
3990	俔	伣	jin5 譬喻	jin5 譬喻	jin5
3991	戭	戭	jin2 人名用字,jan5 長槍,jau5 長盾	jin2 人名用字,jan5 長槍,jau5 長盾	jin2,jan5
3992	沇	沇	jin5	jin5	jin5
3993	甗	甗	jin5	jin5	jin5
3994	蝘	蝘	jin2	jin2	jin2
3995	巘	𪩘	jin5 峭巘，巘崎,(白)jin1 崖[ŋa21]～，危險，俗作牙煙/崖广，另一說危險的音變	jin5 峭巘，巘崎	jin5
3996	睍	𪾢	jin5 小目貌	jin5 小目貌	jin5
3997	鶠	𬸘	jin2	jin2	jin2
3998	躽	躽	jin2 身向前也,(白)en2 挺，～胸凸肚，挺胸凸肚	jin2 身向前也,(白)en2 挺，～肚，腆肚	jin2
3999	齞	齞	jin6 露齒貌,(白)ngen1 齜、露齒；幾多～，幾歲,(白)jen1 又音，咧嘴	jin6 露齒貌,(白)ngen1 齜、露齒	jin6
4000	咽	咽	jin3 吞咽,jin1 咽喉,jit3 哽咽	jyun3 吞咽,jyun1 咽喉,jyut2 哽咽	1)jin1:咽頭 2)jin3:虎咽 3)jit3:哽咽
4001	嚥	咽	jin3 吞嚥	jyun3 吞嚥	jin3
4002	唁	唁	jin6 弔唁，唁電,(常)jin3 俗讀	jyun3 弔唁，唁電	jin6
4003	堰	堰	jin3	jyun3	jin2
4004	宴	宴	jin3	jyun3	jin3
4005	延	延	jin4	jyun4	jin4
4006	弦	弦	jin4 弓弦	jyun4 弓弦	jin4
4007	絃	弦	jin4 琴絃	jyun4 琴絃	jin4
4008	煙	烟	jin1 煙霧，冒煙；〈外〉撲克的A，英語Ace	jyun1 煙霧，冒煙	jin1
4009	菸	烟	jin1 香菸，菸草；燒/食～，抽菸；～屎，菸具中的菸垢、菸油子	jyun1 香菸，菸草；吃～，抽菸；～筒屎，菸具中的菸垢、菸油子	jin1
4010	焉	焉	jin1 焉能，焉知,jin4 心不在焉，俗讀焉能之焉	jyun1 焉能，焉知,jyun4 心不在焉，俗讀焉能之焉	1)jin4:善莫大焉 2)jin1:焉能如此
4011	然	然	jin4 然後，自然	jyun4 然後，自然	jin4
4012	燃	燃	jin4	jyun4	jin4
4013	燕	燕	jin3 燕子,jin1 燕京、姓，俗讀燕子之燕,(白)jin2 ～子，毽子，踢～，踢毽子	jyun3 燕子（家燕或毽子）；踢～子，踢毽子,jyun1 燕京、姓，俗讀燕子之燕	1)jin3:燕子 2)jin1:燕國
4014	現	现	jin6	jyun6	jin6
4015	硯	砚	jin6 硯臺，墨硯	jyun6 硯臺，墨硯	jin6
4016	諺	谚	jin6 諺語，古諺,(常)jin3 俗讀	jyun3 諺語，古諺	jin6
4017	賢	贤	jin4	jyun4	jin4
4018	蜒	蜒	jin4 蜿蜒，妯蜒	jyun4 蜿蜒，妯蜒	jin4
4019	嫣	嫣	jin1 嫣紅，嫣然	jyun1 嫣紅，嫣然	jin1
4020	彥	彦	jin6 俊彥，碩彥,(常)jin3 俗讀	jyun3 俊彥，碩彥	jin6
4021	涎	涎	jin4 垂涎，涎沫，讀同延	jyun4 垂涎，涎沫，讀同延,(訓)saan4 唾液，訓讀漦	jin4
4022	筵	筵	jin4	jyun4	jin4
4023	胭	胭	jin1	jyun1	jin1
4024	舷	舷	jin4	jyun4	jin4
4025	峴	岘	jin6	jyun6	jin6
4026	鄢	鄢	jin1	jyun1	jin1
4027	伭	伭	jin4,(又)jyun4	jyun4	jin4,jyun4
4028	嬿	嬿	jin3	jyun3	jin3
4029	漹	漹	jin4	jyun4	jin4
4030	玹	玹	jin4 姓,jyun6 玉名,jyun4 玉色；石次玉	jyun6 玉名,jyun4 玉色；石次玉；姓	jin4,jyun6,jyun4
4031	綖	𫄧	jin4	jyun4	jin4
4032	晛	𬀪	jin6	jyun6	jin5,jin6
4033	墕	墕	jin3 地名用字；同堰字	jyun3 地名用字；同堰字	jin2
4034	痃	痃	jin4,(又)jyun4	jyun4	jin4,jyun4
4035	研	研	jin4 研究，鑽研,(白)ngen4 碾、砑，與扤對轉,(白)ngaan4 又音,(又)nim1 研究，讀同黏/粘	njyun4 研究，鑽研,(白)ngaan4 碾、砑，與扤對轉；～船、～盆，擂臼,(白)ngen4 又音，～成粉去,(又)nin1,(又)njen1	jin4；同硯jin6
4036	言	言	jin4	njyun4	jin4
4037	妍	妍	jin4	njyun4	jin4
4038	揅	揅	jin4	njyun4	jin4
4039	䓂	䓂	jin4	njyun4	jin4
4040	刑	刑	jing4	hing4	jing4
4041	型	型	jing4	hing4	jing4
4042	形	形	jing4	hing4	jing4
4043	嬴	嬴	jing4	hing4	jing4
4044	瀛	瀛	jing4	hing4	jing4
4045	邢	邢	jing4	hing4	jing4
4046	硎	硎	jing4	hing4	jing4
4047	陘	陉	jing4 井陘	hing4 井陘	jing4
4048	鉶	铏	jing4	hing4	jing4
4049	娙	𫰛	jing4	hing4	jing4
4050	籯	籝	jing4	hing4	jing4
4051	嬰	婴	jing1	ing1	jing1
4052	應	应	jing3 答應，應用,jing1 應當，應該	ing3 答應，應用,ing1 應當，應該	1)jing1:應當 2)jing3:答應
4053	影	影	jing2 影響，電影；～相，照相	ing2 影響，電影；～像，照相	jing2
4054	映	映	jing2 反映，放映	ing2 反映，放映	jing2
4055	櫻	樱	jing1 櫻桃	ing1 櫻桃	jing1
4056	英	英	jing1	ing1	jing1
4057	蠅	蝇	(白)jing1 蚊蠅，烏蠅，蒼蠅,(文)jing4 蠅頭小利，蠅營狗苟	ing1 蒼蠅，蠅拍；蠅頭小利，蠅營狗苟	jing4
4058	鸚	鹦	jing1 鸚鵡	ing1 鸚鵡	jing1
4059	鷹	鹰	jing1 老鷹（口語稱崖[ŋa21]鷹，俗作牙鷹）	ing1 老鷹（口語稱蒙鷹）	jing1
4060	嚶	嘤	jing1	ing1	jing1
4061	瑛	瑛	jing1	ing1	jing1
4062	纓	缨	jing1 紅纓，蘿蔔纓；瓜～，用糖醃製的木瓜絲，俗作瓜英	ing1 紅纓，蘿蔔纓；瓜～，用糖醃製的木瓜絲，俗作瓜英	jing1
4063	膺	膺	jing1	ing1	jing1
4064	攖	撄	jing1	ing1	jing1
4065	瓔	璎	jing1	ing1	jing1
4066	癭	瘿	jing2	ing2	jing2
4067	媖	媖	jing1	ing1	jing1
4068	蘡	𮐨	jing1	ing1	jing1
4069	螢	萤	jing4	jing4	jing4
4070	熒	荧	jing4	jing4	jing4
4071	媵	媵	jing6	jing6	jing6
4072	滎	荥	jing4 滎陽；滎經	jing4 滎陽；滎經	jing4
4073	郢	郢	jing5,(又)cing4	jing5,(又)zing4	jing5,cing2
4074	仍	仍	jing4 仍然，仍舊	nging4 仍然，仍舊	jing4
4075	扔	扔	jing4 扔掉,(白)jing1	nging4 扔掉,(白)nging1	jing4；(語)wing1
4076	盈	盈	jing4 充盈，盈利，笑盈盈,(白)jang1 笑～～，滿面笑容貌	nging4 充盈，盈利，笑盈盈	jing4
4077	迎	迎	jing4 迎接，歡迎，與逆對轉,(語)nging4 ～腳，踮腳,(語)jing6 又音，～腳，踮腳	nging4 迎接，歡迎，與逆對轉；〈語〉舉，～手、～頭	jing4
4078	楹	楹	jing4	nging4	jing4
4079	認	认	jing6 認識，承認，認真（嚴肅對待）,(白)jing2 ～真，實在、確實	njan6 認識，承認，認真	jing6
4080	瑩	莹	jing4	wing4	jing4
4081	營	营	jing4 經營，營養,(語)wing1 象聲詞，～～嗡[wʊŋ55]嗡[wʊŋ55]，即嗡嗡營營，蚊蟲聲	wing4 經營，營養	jing4
4082	縈	萦	jing4	wing4	jing4
4083	瀅	滢	jing4	wing4	jing4
4084	塋	茔	jing4	wing4	jing4
4085	鎣	蓥	jing4	wing4	jing4
4086	瀠	潆	jing4	wing4	jing4
4087	濚	溁	jing4	wing4	jing4
4088	葉	叶	jip6 樹葉，葉子；姓	jip5 樹葉，葉子；姓	jip6
4089	頁	页	jip6 扉頁，頁碼，本字葉	jip5 扉頁，頁碼，本字葉	jip6
4090	醃	腌	(白)jip3 醃肉，醃製,(文)jim1	(白)jip2 醃肉，醃製,(文)jim1	jim1；(語)jip3
4091	靨	靥	jip3 笑靨，酒靨	jip2 笑靨，酒靨	jip3
4092	燁	烨	jip6	jip5	jip6
4093	曄	晔	jip6	jip5	jip6
4094	饁	馌	jip6	jip5	jip6
4095	擛	擛	jip6 動貌,(白)jap6 搖動，～手，招手；翅膀搧動聲,(白)jep6 搧扇子聲	jip5 動貌,(白)jaap6 搧[ʃin53]～～，來回搧動	jip6
4096	腌	腌	(白)jip3 同醃字,ap1 腌臢（不潔）,(文)jim1	(白)jip2 同醃字,ap2 腌臢（不潔）,(文)jim1	jim1；(語)jip3
4097	噎	噎	jit3 噎住，因噎廢食	jit2 噎住，因噎廢食,(語)at3 打～鍬，打噴嚏	jit3
4098	謁	谒	jit3	jit2	jit3
4099	蠮	蠮	jit3 蠮螉	jit2 蠮螉,(訓)nje2 ～～，細腰蜂，疑本字蟻	jit6
4100	䊦	䊦	jit3 糉屬,(白)et3 （用芭蕉葉等包裹的）餈粑	jit2 糉屬,(白)et2 （用芭蕉葉等包裹的）餈粑	jit3,zit3
4101	熱	热	jit6	njit5	jit6
4102	吆	吆	jiu1 吆喝,(白)eu1 叫，喊	jiu1 吆喝,(白)eu1 叫，喊	jiu1
4103	夭	夭	jiu1	jiu1	jiu1,jiu2
4104	妖	妖	jiu1	jiu1	jiu2；(又)jiu1
4105	姚	姚	jiu4	jiu4	jiu4
4106	堯	尧	jiu4	jiu4	jiu4
4107	擾	扰	jiu2	jiu5	jiu2；(又)jiu5
4108	搖	摇	jiu4	jiu4	jiu4
4109	窯	窑	jiu4	jiu4	jiu4
4110	繞	绕	jiu2 圍繞；繞線	jiu5 圍繞；繞線	jiu2；(又)jiu5
4111	耀	耀	jiu6	jiu6	jiu6
4112	腰	腰	jiu1	jiu1	jiu1
4113	舀	舀	jiu5 舀水	jiu5 舀水	jiu5
4114	要	要	jiu3 重要,jiu1 要求；姓	jiu3 重要,jiu1 要求；姓	1)jiu3:重要 2)jiu1:要求
4115	謠	谣	jiu4	jiu4	jiu4
4116	遙	遥	jiu4	jiu4	jiu4
4117	邀	邀	jiu1	jiu1	jiu1
4118	饒	饶	jiu4	jiu4	jiu4
4119	幺	幺	jiu1 幺二三	jiu1 幺二三	jiu1
4120	瑤	瑶	jiu4	jiu4	jiu4
4121	蟯	蛲	jiu4,(又)naau4	jiu4,(又)naau4	jiu4
4122	鷂	鹞	jiu6 鷂鷹，紙鷂,(又)jaau4	jiu6 鷂鷹，紙鷂	jiu2
4123	嬈	娆	jiu4	jiu4	jiu4
4124	嶢	峣	jiu4	jiu4	jiu4
4125	徭	徭	jiu4	jiu4	jiu4
4126	曜	曜	jiu6	jiu6	jiu6
4127	橈	桡	jiu4 楫也,naau4 曲也	jiu4 楫也,naau4 曲也	naau4,jiu4
4128	洮	洮	jiu4 湖名,tu4 盥洗	jiu4 湖名,daau4 盥洗	jiu4,tou4
4129	珧	珧	jiu4	jiu4	jiu4
4130	鰩	鳐	jiu4	jiu4	jiu4
4131	垚	垚	jiu4	jiu4	jiu4
4132	媱	媱	jiu4	jiu4	jiu4
4133	猺	猺	jiu4	jiu4	jiu4
4134	窅	窅	jiu2	jiu2	jiu2
4135	蕘	荛	jiu4	jiu4	jiu4
4136	軺	轺	jiu4	jiu4	jiu4
4137	㙘	㙘	jiu1	jiu1	jiu1
4138	崾	崾	jiu5	jiu5	jiu5
4139	么	么	jiu1 同幺字,mo1 同麼字,maa1 同嗎字	jiu1 同幺字,mo1 同麼字,maa1 同嗎字	maa1,mo1,jiu1
4140	喓	喓	jiu1	jiu1	jiu1
4141	燿	燿	jiu6	jiu6	jiu6,soek3
4142	遶	遶	jiu2	jiu5	jiu5
4143	颻	飖	jiu4	jiu4	jiu4
4144	喲	哟	jo1 嘆詞，表輕微的驚異；詞綴，吆～～，喲喲地叫,(語)jo2 表驚訝,(語)jo4 表感慨；詞綴，吆～～，喲喲地叫，也讀[jœ21]，此時嘲諷意味更強，指責無病呻吟	jo1 嘆詞，表輕微的驚異,(語)jo5 表驚訝	jo1
4145	唷	唷	jo1 嘆詞,(語)ju2 表驚訝，哎[ui35]～,(語)ju4 表超出想象,(語)ju6 表不情願，哎[ui35]～	jo1 嘆詞	jo1
4146	約	约	joek3 約定，預約；用秤稱	jiak2 約定，預約；用秤稱	joek3
4147	若	若	joek6 若是,je5 般若	jiak5 若是,nje5 般若	joek6；(佛經語)般若je5
4148	藥	药	joek6 草藥，藥片	jiak5 草藥，藥片	joek6
4149	躍	跃	joek3 跳躍，躍進	jiak5 跳躍，躍進	joek3；(又)joek6
4150	鑰	钥	joek6 鑰匙	jiak5 鑰匙	joek6
4151	偌	偌	joek6 偌大,je6 姓	jiak5 偌大,nje6 姓	joek6,je6
4152	櫟	栎	joek6 櫟陽,lik6 木名	jiak5 櫟陽,lik5 木名	lik1,joek6
4153	箬	箬	joek6	jiak5	joek6
4154	龠	龠	joek6	jiak5	joek6
4155	瀹	瀹	joek6	jiak5	joek6
4156	爚	爚	joek6	jiak5	joek6
4157	籥	籥	joek6	jiak5	joek6
4158	鄀	鄀	joek6	jiak5	joek6
4159	葯	药	joek3 白芷,joek6 同藥字	jiak2 白芷,jiak5 同藥字	joek3,joek6
4160	弱	弱	joek6	ngiak5	joek6
4161	蒻	蒻	joek6	ngiak5	joek6
4162	養	养	joeng5 養育；供養，古讀去聲	jiang5 養育；供養，古讀去聲	joeng5；(古)joeng6奉養
4163	央	央	joeng1	jiang1	joeng1
4164	揚	扬	joeng4 揚手，宣揚,(語)lang1 〈名、動〉篩，～箕，籮篩，～穀，簸穀，與揚同源，上古陽部；案，邢公畹《漢台語比較手冊》P389認爲民族語對音與『揚』可比較	jiang4 揚手，宣揚,(語)lang1 〈名、動〉篩，～箕，籮篩，～穀，簸穀，與揚同源，上古陽部；案，邢公畹《漢台語比較手冊》P389認爲民族語對音與『揚』可比較	joeng4
4165	楊	杨	joeng4	jiang4	joeng4
4166	樣	样	joeng6 樣板，一樣，樣貌,(白)joeng2 樣子，模樣，鞋樣，點樣（怎樣）	jiang6 樣板，模樣	joeng6
4167	殃	殃	joeng1	jiang1	joeng1
4168	氧	氧	joeng5	jiang5	joeng5
4169	洋	洋	joeng4	jiang4	joeng4
4170	漾	漾	joeng6	jiang6	joeng6
4171	癢	痒	joeng5 撓癢，瘙癢	jiang5 撓癢，瘙癢	joeng5
4172	秧	秧	joeng1	jiang1	joeng1
4173	羊	羊	joeng4	jiang4	joeng4；(古)通祥
4174	陽	阳	joeng4 太陽,joeng1 姓	jiang4 太陽,jiang1 姓	joeng4
4175	鴦	鸯	joeng1 鴛鴦	jiang1 鴛鴦	joeng1
4176	佯	佯	joeng4 佯裝，佯攻	jiang4 佯裝，佯攻	joeng4
4177	怏	怏	joeng2	jiang2	joeng2；(又)joeng3
4178	恙	恙	joeng6	jiang6	joeng6
4179	泱	泱	joeng1 泱泱；植物的漿，樹～，樹漿，木瓜～，木瓜漿	jiang1 泱泱	joeng1
4180	煬	炀	joeng4	jiang4	joeng4
4181	烊	烊	joeng4 熔化；打烊	jiang4 熔化；打烊	joeng4
4182	瘍	疡	joeng4 潰瘍	jiang4 潰瘍	joeng4
4183	鞅	鞅	joeng2 牛鞅；鞅鞅,joeng1 馬頸革；鞅掌；商鞅	jiang2 牛鞅；鞅鞅,jiang1 馬頸革；鞅掌；商鞅	joeng2
4184	徉	徉	joeng4 徜徉，彷徉	jiang4 徜徉，彷徉	joeng4
4185	暘	旸	joeng4	jiang4	joeng4
4186	蛘	蛘	joeng5 通癢字,joeng4 米象	jiang5 通癢字,jiang4 米象	joeng5,joeng4
4187	颺	飏	joeng4	jiang4	joeng4
4188	垟	垟	joeng4	jiang4	joeng4
4189	羕	羕	joeng6	jiang6	joeng6
4190	鍚	钖	joeng4	jiang4	joeng4
4191	鉠	𫓭	joeng1 鈴聲,(又)jing1	jiang1 鈴聲,(又)ing1	joeng1
4192	咉	咉	joeng1	jiang1	joeng1
4193	鍈	锳	joeng1 同鉠字,(又)jing1	jiang1 同鉠字,(又)ing1	joeng1,jing1
4194	抰	抰	joeng2	jiang2	joeng2
4195	瀁	瀁	joeng5 瀁瀁,joeng6 同漾字	jiang5 瀁瀁,jiang6 同漾字	joeng5,joeng6
4196	痒	痒	joeng5 同癢字,joeng4 病也	jiang5 同癢字,jiang4 病也	joeng5,joeng4
4197	仰	仰	joeng5 信仰，仰望,(白)ngong5 仰頭，仰泳	ngiang5 信仰，仰頭	joeng5
4198	嚷	嚷	joeng6	ngiang6	joeng6；(又)joeng5
4199	壤	壤	joeng6 土壤	ngiang6 土壤	joeng6
4200	讓	让	joeng6	ngiang6	joeng6
4201	釀	酿	joeng6 釀酒，醞釀	ngiang6 釀酒，醞釀	joeng6
4202	攘	攘	joeng6 攘外安內，擾攘	ngiang6 攘外安內，擾攘	1)joeng4:攘除 2)joeng6:擾攘
4203	禳	禳	joeng4	ngiang4	joeng4
4204	穰	穰	joeng4 禾莖；同瓤字,(又)nong4 同瓤字	ngiang4 禾莖；同瓤字,(又)naang4 同瓤字	joeng4
4205	儴	儴	joeng4 因循，沿襲,sloeng1 儴佯	ngiang4 因循，沿襲,sliang1 儴佯	joeng4
4206	卬	卬	joeng5 同仰字,ngong4 我也；通昂字；姓	ngiang5 同仰字,ngaang4 我也；通昂字；姓	joeng5,ngong4
4207	瀼	瀼	joeng4 露濃貌,joeng6 水名	ngiang4 露濃貌,ngiang6 水名	joeng4,joeng6
4208	蘘	蘘	joeng4	ngiang4	joeng4
4209	勷	勷	joeng4 劻勷,sloeng1 同襄字	ngiang4 劻勷,sliang1 同襄字	joeng4,soeng1
4210	鬤	鬤	joeng4 亂髮,(白)naang1 鬞～，窩囊、不整潔	ngiang4 亂髮,(白)naang3 鬞～，窩囊、不整潔	joeng4
4211	䉴	䉴	joeng4 袌也,(白)neng2 魚～，魚簍,(白)ning2 又音	ngiang4 袌也,(白)ngiang2 魚～，魚簍,(白)ning2 又音	joeng4
4212	䑋	䑋	joeng5,(白)nong1 （嬰兒）壯實、胖；（植物）茁壯	ngiang5,(白)naang1 （嬰兒）壯實、胖；（植物）茁壯	joeng5
4213	䭐	䭐	joeng6 餌也；將豆腐、苦瓜、油餜、西肚等掏空再塞入各種餡兒做成菜肴，～豆腐、～苦瓜、～油餜、～西肚，俗字釀	ngiang6 餌也；將豆腐、苦瓜、油餜、西肚等掏空再塞入各種餡兒做成菜肴，～豆腐、～苦瓜、～油餜、～西肚，俗字釀	joeng6
4214	𧟄	𧟄	joeng4	ngiang4	joeng4
4215	裔	裔	jui6	jui6	jeoi6
4216	蚋	蚋	jui6	jui6	jeoi6
4217	蜹	蜹	jui6	jui6	jeoi6
4218	蕊	蕊	jui5 花蕊	njui5 花蕊	jeoi5
4219	銳	锐	jui6 尖銳，銳利,(又)jui5	njui5 尖銳，銳利,(又)jui5	jeoi6
4220	睿	睿	jui6	njui6	jeoi6
4221	芮	芮	jui6 姓	njui6 姓,(又)jui6	jeoi6
4222	蕤	蕤	jui4	njui4	jeoi4
4223	枘	枘	jui6	njui6	jeoi6
4224	汭	汭	jui6	njui6	jeoi6
4225	鋭	锐	jui6,(又)jui5	njui5,(又)jui5	jeoi6
4226	叡	叡	jui6	njui6	jeoi6
4227	緌	𮉫	jui4	njui4	jeoi4
4228	旭	旭	juk1	joek2	juk1
4229	郁	郁	juk1 馥郁；姓	joek2 馥郁；姓	juk1
4230	勖	勖	juk1	joek2	juk1
4231	彧	彧	juk1	joek2	juk1
4232	頊	顼	juk1	joek2	juk1,guk1
4233	薁	薁	juk1	joek2	juk1
4234	慾	欲	juk6 慾望，貪慾	njoek5 慾望，貪慾	juk6
4235	欲	欲	juk6 意欲，將欲，欲言又止	njoek5 意欲，將欲，欲言又止	juk6
4236	浴	浴	juk6	njoek5	juk6
4237	獄	狱	juk6	njoek5	juk6
4238	玉	玉	juk6 玉石，白玉,(語)jyu6 玉米，本字御米	njoek5 玉石，白玉,(語)njyu6 玉米，本字御米	juk6
4239	肉	肉	juk6	njoek5	juk6
4240	育	育	juk1 教育，體育	njoek5 教育，體育	juk6
4241	褥	褥	juk6	njoek5	juk6
4242	辱	辱	juk6	njoek5	juk6
4243	峪	峪	juk6 嘉峪關	njoek5 嘉峪關	jyu6；(又)juk6
4244	毓	毓	juk1	njoek5	juk1
4245	煜	煜	juk1	njoek5	juk1
4246	堉	堉	juk6	njoek5	juk6
4247	昱	昱	juk1	njoek5	juk1
4248	溽	溽	juk6	njoek5	juk6
4249	縟	缛	juk6	njoek5	juk6
4250	蓐	蓐	juk6	njoek5	juk6
4251	鈺	钰	juk6	njoek5	juk6
4252	鬻	鬻	juk6 鬻文，賣官鬻爵	njoek5 鬻文，賣官鬻爵	juk6
4253	鵒	鹆	juk6	njoek5	juk6
4254	淯	淯	juk6	njoek5	juk6
4255	逳	逳	juk1 行；〈語〉假借字，動，本字觸，突也、牴也，咬冇～，嚼不動，迻[ji55]迻[ji55]～～，活絡、動來動去，本作支支觸觸	njoek5 行,(語)njoek3 假借字，動，本字觸，突也、牴也，咬冇～，嚼不動，～枝[ȵi55]～杈[ȵa55]，活絡、不穩固，本作觸枝觸杈,(語)njuk3 又音，動，迻[ȵi55]迻[ȵi55]～～，活絡、動來動去，本作支支觸觸	juk1
4256	沃	沃	juk1	oek2	juk1
4257	鋈	鋈	juk1	oek2	juk1
4258	佣	佣	(白)jung2 佣金，佣錢（口語稱佣銀）,(文)jung6	joeng6 佣金，佣錢	jung2；(又)jung6；同傭
4259	傭	佣	jung4 傭工，僱傭	joeng4 傭工，僱傭	jung4
4260	勇	勇	jung5	joeng5	jung5
4261	容	容	jung4	joeng4	jung4
4262	庸	庸	jung4	joeng4	jung4
4263	戎	戎	jung4	joeng4	jung4
4264	榕	榕	jung4	joeng4	jung4
4265	溶	溶	jung4 溶解，溶劑；～～爛爛，稀爛	joeng4 溶解，溶劑	jung4
4266	熊	熊	jung4 狗熊，熊貓	joeng4 狗熊，熊貓	hung4
4267	熔	熔	jung4 熔化	joeng4 熔化	jung4
4268	用	用	jung6	joeng6	jung6
4269	絨	绒	jung4 絨毛，羽絨,(白)jung2 絨布，燈芯絨，平絨，絲絨，呢絨；～衫、～褸，呢子大衣	joeng4 絨毛，呢絨，燈芯絨	jung4
4270	茸	茸	jung4 鹿茸，蒜茸，毛茸茸	joeng4 鹿茸，蒜茸，毛茸茸	1)jung4:鹿茸 2)jung5:茸茸的綠草
4271	榮	荣	jung4 光榮，榮幸,(又)wing4	joeng4 光榮，榮幸	wing4
4272	蓉	蓉	jung4	joeng4	jung4
4273	融	融	jung4	joeng4	jung4
4274	涌	涌	jung2 涌現，泉涌,cung1 小河，本字潨；地名用字，廣東多用，廣西多作沖/埇，皆同源	joeng5 涌現，泉涌,coeng1 小河，本字潨；地名用字，廣東多用，廣西多作沖/埇，皆同源	cung1,jung2
4275	踊	踊	jung2 踊躍	joeng5 踊躍	jung2
4276	宂	冗	jung2 宂長，撥宂,(又)jung4 讀同容	joeng5 宂長，撥宂,(又)joeng4 讀同容	jung2
4277	俑	俑	jung2	joeng5	jung2
4278	恿	恿	jung2	joeng5	jung2
4279	甬	甬	jung2 甬道	joeng5 甬道	jung2
4280	蛹	蛹	jung2 蠶蛹	joeng5 蠶蛹	jung2
4281	喁	喁	jung4 魚口向上,jyu4 應和聲	joeng4 魚口向上,jyu4 應和聲	jung4,jyu4
4282	墉	墉	jung4	joeng4	jung4
4283	嶸	嵘	jung4,(又)wing4	joeng4	wing4
4284	慵	慵	jung4	joeng4	jung4
4285	狨	狨	jung4	joeng4	jung4
4286	蠑	蝾	jung4,(又)wing4	joeng4	wing4
4287	鏞	镛	jung4	joeng4	jung4
4288	顒	颙	jung4	joeng4	jung4
4289	鱅	鳙	jung4	joeng4	jung4,sung4
4290	鎔	镕	jung4 鑄器模型；鎔鑄；鎔化	joeng4 鑄器模型；鎔鑄；鎔化	jung4
4291	埇	埇	jung2 道上加土；地名,cung1 地名用字，兩廣多用，與地名用字涌、沖同源	joeng5 道上加土；地名,coeng1 地名用字，兩廣多用，與地名用字涌、沖同源	jung2
4292	瑢	瑢	jung4	joeng4	jung4
4293	鄘	鄘	jung4	joeng4	jung4
4294	㶲	㶲	jung6	joeng6	jung6
4295	鯒	鲬	jung2	joeng5	jung2
4296	冗	冗	jung2 同宂字，冗長，撥冗,(又)jung4 讀同容	joeng5 同宂字，冗長，撥冗,(又)joeng4 讀同容	jung2
4297	湧	涌	jung2 同涌字	joeng5 同涌字	jung2
4298	氄	氄	jung2 氄毛,(又)jung4 讀同絨	joeng5 氄毛,(又)joeng4 讀同絨	jung2
4299	肜	肜	jung4	joeng4	jung4
4300	搑	搑	jung4 擣也	joeng4 擣也,(白)njoeng1 給蔬菜鬆土，～菜地	jung2
4301	嗡	嗡	jung1 嗡嗡,(語)wung1 象聲詞，營[weŋ55]營[weŋ55]～～，即嗡嗡營營，蚊蟲聲,(語)wang1 象聲詞，～～聲，嗡嗡響	oeng1 嗡嗡	jung1
4302	擁	拥	jung2 擁有，擁護,(白)ung2 推，～卒，拱卒,(又)jung1 擁軍（後起詞），後字調類化；路名，雙擁路，前字調類化	oeng2 擁有，擁護；推，～卒，拱卒	jung2
4303	翁	翁	jung1 老翁，不倒翁,(又)ung1	oeng1 老翁，不倒翁	jung1
4304	壅	壅	jung1 壅塞,(白)ung1 埋，～肥，施肥，～泥，培土	oeng1 壅塞；埋，～肥，施肥	jung1；(又)jung2
4305	臃	臃	jung1	oeng1	jung2
4306	邕	邕	jung1 邕州，邕江，邕劇	oeng1 邕州，邕江，邕劇	jung1
4307	雍	雍	jung1 雍和，雍容	oeng1 雍和，雍容	jung1
4308	滃	滃	jung1 滃江,jung2 雲氣起；大水貌	oeng1 滃江,oeng2 雲氣起；大水貌	jung1,jung2
4309	癰	痈	jung1	oeng1	jung1
4310	蓊	蓊	jung2	oeng2	jung2
4311	饔	饔	jung1	oeng1	jung1
4312	澭	澭	jung1	oeng1	jung1
4313	鶲	鹟	jung1	oeng1	jung1
4314	鎓	𬭩	jung1	oeng1	jung1
4315	灉	㴩	jung1	oeng1	jung1
4316	嗈	嗈	jung1	oeng1	jung1
4317	噰	噰	jung1	oeng1	jung1
4318	螉	螉	jung1 蠮螉	oeng1 蠮螉	jung1
4319	雝	雝	jung1 雝渠，雝雝；同雍字	oeng1 雝渠，雝雝；同雍字	jung1
4320	䩺	䩺	jung1	oeng1	jung1
4321	與	与	jyu5 贈與；參與，古讀去聲	jyu5 贈與；參與，古讀去聲,(白)hai3 給，上古魚部，俗字許	1)jyu5:贈與 2)jyu6:參與；同歟
4322	乳	乳	jyu5	jyu5	jyu5
4323	予	予	jyu5 賦予,jyu4 我	jyu5 賦予,jyu4 我	1)jyu4:予取予求 2)jyu5:授予
4324	于	于	jyu1 同於字,(古)jyu4 之子于歸；單于；姓；俗讀於是之於	jyu1 同於字,(古)jyu4 之子于歸；單于；姓；俗讀於是之於	jyu1；(古)jyu4之子于歸
4325	於	于	jyu1 於是，終於；姓,(古)wu1 於戲，於菟	jyu1 於是，終於；姓,(古)wu1 於戲，於菟	jyu1；(古)wu1於戲
4326	余	余	jyu4 我也；姓	jyu4 我也；姓	jyu4
4327	餘	余	jyu4 剩餘	jyu4 剩餘	jyu4
4328	儒	儒	jyu4	jyu4	jyu4
4329	籲	吁	jyu6 呼籲	jyu6 呼籲	jyu6
4330	喻	喻	jyu6	jyu6	jyu6
4331	如	如	jyu4	jyu4	jyu4
4332	娛	娱	jyu4	jyu4	jyu4
4333	宇	宇	jyu5	jyu5	jyu5
4334	寓	寓	jyu6	jyu6	jyu6
4335	御	御	jyu6	jyu6	jyu6；ngaa6百輛御之
4336	禦	御	jyu6	jyu6	jyu6
4337	愈	愈	jyu6 愈加	jyu6 愈加	jyu6
4338	愉	愉	jyu4 愉快，歡愉,(又)jyu6 讀同喻/愈	jyu4 愉快，歡愉	jyu4
4339	榆	榆	jyu4	jyu4	jyu4
4340	汝	汝	jyu5	jyu5	jyu5
4341	淤	淤	jyu1 淤泥，淤積	jyu1 淤泥，淤積	jyu1；(又)jyu2
4342	渝	渝	jyu4	jyu4	jyu4
4343	禹	禹	jyu5	jyu5	jyu5
4344	羽	羽	jyu5	jyu5	jyu5
4345	輿	舆	jyu4	jyu4	jyu4
4346	蠕	蠕	jyu4	jyu4	jyu4
4347	裕	裕	jyu6	jyu6	jyu6
4348	譽	誉	jyu6 榮譽	jyu6 榮譽	jyu6
4349	豫	豫	jyu6	jyu6	jyu6
4350	迂	迂	jyu1	jyu1	jyu1
4351	逾	逾	jyu4 逾期，逾越，過逾	jyu4 逾期，逾越，過逾	jyu6；(又)jyu4
4352	遇	遇	jyu6	jyu6	jyu6
4353	隅	隅	jyu4	jyu4	jyu4
4354	雨	雨	jyu5 風雨，雨水,(古)jyu6 動詞，下（雨、雪）	jyu5 風雨，雨水,(古)jyu6 動詞，下（雨、雪）	jyu5；(古)jyu6夏雨雪
4355	預	预	jyu6	jyu6	jyu6
4356	癒	愈	jyu6 癒合	jyu6 癒合	jyu6
4357	俞	俞	jyu4	jyu4	jyu4
4358	嚅	嚅	jyu4	jyu4	jyu4
4359	妤	妤	jyu4 婕妤	jyu4 婕妤	jyu4
4360	嫗	妪	jyu2	jyu2	jyu2
4361	孺	孺	jyu4	jyu4	jyu4
4362	庾	庾	jyu5,(又)jyu4	jyu5,(又)jyu4	jyu4；(又)jyu5
4363	歟	欤	jyu4	jyu4	jyu4
4364	濡	濡	jyu4	jyu4	jyu4
4365	瑜	瑜	jyu4	jyu4	jyu4
4366	盂	盂	jyu4	jyu4	jyu4
4367	竽	竽	jyu4	jyu4	jyu1；(又)jyu4
4368	臾	臾	jyu4	jyu4	jyu4
4369	茹	茹	jyu4	jyu4	jyu4
4370	萸	萸	jyu4	jyu4	jyu4
4371	虞	虞	jyu4	jyu4	jyu4
4372	覦	觎	jyu4	jyu4	jyu4
4373	諭	谕	jyu6	jyu6	jyu6
4374	馭	驭	jyu6	jyu6	jyu6
4375	齬	龉	jyu5	jyu5	jyu5
4376	傴	伛	jyu2 傴僂	jyu2 傴僂	jyu2
4377	俁	俣	jyu5 俁俁	jyu5 俁俁	jyu5
4378	圄	圄	jyu5	jyu5	jyu5
4379	圉	圉	jyu5	jyu5	jyu5
4380	嵎	嵎	jyu4	jyu4	jyu4
4381	揄	揄	jyu4	jyu4	jyu4
4382	洳	洳	jyu6	jyu6	jyu6
4383	澦	滪	jyu6	jyu6	jyu6
4384	狳	狳	jyu4	jyu4	jyu4
4385	璵	玙	jyu4	jyu4	jyu4
4386	瘐	瘐	jyu5	jyu5	jyu5
4387	禺	禺	jyu4	jyu4	jyu4
4388	窳	窳	jyu5 器中空	jyu5 器中空	jyu5
4389	紆	纡	jyu1	jyu1	jyu1
4390	腴	腴	jyu4	jyu4	jyu4
4391	薷	薷	jyu4	jyu4	jyu4
4392	蝓	蝓	jyu4	jyu4	jyu4
4393	襦	襦	jyu4	jyu4	jyu4
4394	諛	谀	jyu4	jyu4	jyu4
4395	銣	铷	jyu4	jyu4	jyu4
4396	雩	雩	jyu4	jyu4	jyu4
4397	飫	饫	jyu3	jyu3	jyu3
4398	嵛	嵛	jyu4	jyu4	jyu4
4399	瘀	瘀	jyu2 瘀血，瘀傷；（菜等）受擠壓而損傷	jyu2 瘀血，瘀傷；（菜等）受擠壓而損傷	jyu2；(又)jyu1
4400	嬬	嬬	jyu4	jyu4	jyu4
4401	峿	峿	jyu5 岨峿,ng4 嶇峿	jyu5 岨峿,ng4 嶇峿,(老派)ngu4	jyu5,ng4
4402	悆	悆	jyu6	jyu6	jyu6
4403	敔	敔	jyu5 柷敔	jyu5 柷敔	jyu5
4404	瑀	瑀	jyu5	jyu5	jyu5
4405	窬	窬	jyu4	jyu4	jyu4
4406	臑	臑	jyu4 嫩軟貌,naau6 牲畜前肢,(語)no1 肥～～，胖乎乎,(語)no2 豬臑[nɔ21]～，豬，童語	jyu4 嫩軟貌,naau6 牲畜前肢	jyu4,naau6
4407	舁	舁	jyu4 擡	jyu4 擡	jyu4
4408	艅	艅	jyu4	jyu4	jyu4
4409	蕷	蓣	jyu6	jyu6	jyu6
4410	褕	褕	jyu4	jyu4	jyu4
4411	邘	邘	jyu4	jyu4	jyu4
4412	鄅	鄅	jyu5	jyu5	jyu5
4413	隃	隃	jyu4	jyu4	jyu4
4414	髃	髃	jyu4	jyu4	jyu4
4415	㺄	㺄	jyu5	jyu5	jyu5
4416	顬	颥	jyu4	jyu4	jyu4
4417	瘉	瘉	jyu6	jyu6	jyu6
4418	与	与	jyu5 同與字,jyu4 同歟字	jyu5 同與字,jyu4 同歟字	jyu5
4419	擩	擩	jyu5 染；插	jyu5 染；插	jyu5
4420	旟	旟	jyu4	jyu4	jyu4
4421	歈	歈	jyu4	jyu4	jyu4
4422	愚	愚	jyu4	njyu4,(又)jyu4	jyu4
4423	漁	渔	jyu4	njyu4,(又)jyu4	jyu4
4424	語	语	jyu5 語言,jyu6 告訴，不以語人	njyu5 語言,njyu6 告訴，不以語人,(又)jyu5,(又)jyu6	1)jyu5:語言 2)jyu6:不以語人
4425	魚	鱼	jyu4	njyu4,(又)jyu4	jyu4
4426	丸	丸	jyun4 肉丸	jyun4 肉丸	jyun4；(語)jyun2
4427	元	元	jyun4	jyun4	jyun4
4428	冤	冤	jyun1	jyun1	jyun1
4429	原	原	jyun4	jyun4	jyun4
4430	縣	县	jyun6 縣城，縣份,(白)jyun2 武鳴縣（現爲武鳴區），邕寧縣（現爲邕寧區），橫縣（現爲橫州市），賓陽縣，馬山縣，上林縣，隆安縣，扶綏縣	jyun6 縣城，縣份；武鳴縣（現爲武鳴區），邕寧縣（現爲邕寧區），橫縣（現爲橫州市），賓陽縣，馬山縣，上林縣，隆安縣，扶綏縣	jyun6；(古)同懸jyun4
4431	員	员	jyun4 人員，員外,wan4 增益；古人名，伍員,wan6 姓	jyun4 人員，員外,wan4 增益；古人名，伍員,wan6 姓	jyun4；1)(古人名)wan4 2)wan6姓員
4432	園	园	jyun4 花園，園林	jyun4 花園，園林	jyun4
4433	圓	圆	jyun4	jyun4	jyun4
4434	完	完	jyun4	jyun4	jyun4
4435	怨	怨	jyun3	jyun3	jyun3
4436	懸	悬	jyun4	jyun4	jyun4
4437	愿	愿	jyun6	jyun6	jyun6
4438	願	愿	jyun6 願望，願意,(白)jyun2 情願，寧願（口語用能願）	jyun6 願望，寧願	jyun6
4439	援	援	jyun4 支援，援救	jyun4 支援，援救	wun4或jyun4
4440	沿	沿	jyun4 沿途，沿海	jyun4 沿途，沿海	jyun4
4441	淵	渊	jyun1	jyun1	jyun1
4442	源	源	jyun4	jyun4	jyun4
4443	炫	炫	jyun6 炫耀，炫目,(常)jyun4 俗讀，讀同玄	jyun6 炫耀，炫目	jyun4；(又)jyun6
4444	猿	猿	jyun4	jyun4	jyun4
4445	玄	玄	jyun4	jyun4	jyun4
4446	緣	缘	jyun4	jyun4	jyun4
4447	苑	苑	jyun2	jyun2	jyun2
4448	袁	袁	jyun4	jyun4	jyun4
4449	遠	远	jyun5 遙遠；敬而遠之，古讀去聲	jyun5 遙遠；敬而遠之，古讀去聲	jyun5；敬而遠之又讀jyun6
4450	鉛	铅	jyun4	jyun4	jyun4
4451	院	院	jyun2	jyun6	jyun2；(又)jyun6
4452	鴛	鸳	jyun1 鴛鴦，鴛侶	jyun1 鴛鴦，鴛侶,(又)jin1	jyun1
4453	媛	媛	jyun4 名媛，嬋媛,jyun6 美女	jyun4 名媛，嬋媛,jyun6 美女	wun4或jyun4
4454	沅	沅	jyun4	jyun4	jyun4
4455	爰	爰	jyun4	jyun4	wun4 或jyun4
4456	眩	眩	jyun6 眩暈，目眩,(常)jyun4 俗讀，讀同玄	jyun6 眩暈，目眩	jyun4；(又)jyun6
4457	轅	辕	jyun4	jyun4	jyun4
4458	鳶	鸢	jyun1	jyun1	jyun1
4459	圜	圜	jyun4 天體；同圓字,waan4 環繞、圍繞	jyun4 天體；同圓字,waan4 環繞、圍繞	waan4,jyun4
4460	垸	垸	jyun6	jyun6	jyun6
4461	掾	掾	jyun6	jyun6	jyun6
4462	櫞	橼	jyun4	jyun4	jyun4
4463	泫	泫	jyun5	jyun5	jyun5
4464	湲	湲	jyun4	jyun4	wun4
4465	烷	烷	jyun4	jyun4	jyun2,jyun4
4466	琬	琬	jyun2	jyun2	jyun2
4467	瑗	瑗	jyun6	jyun6	jyun6
4468	畹	畹	jyun2	jyun2	jyun2
4469	紈	纨	jyun4	jyun4	jyun4
4470	芄	芄	jyun4	jyun4	jyun4
4471	螈	螈	jyun4	jyun4	jyun4
4472	鉉	铉	jyun5	jyun5	jyun5
4473	黿	鼋	jyun4	jyun4	jyun4
4474	塬	塬	jyun4	jyun4	jyun4
4475	箢	箢	jyun1 箢箕	jyun1 箢箕	jyun1
4476	嫄	嫄	jyun4	jyun4	jyun4
4477	昡	昡	jyun6	jyun6	jyun6
4478	琄	琄	jyun6	jyun6	jyun6
4479	盷	盷	jyun4	jyun4	jyun4
4480	眢	眢	jyun1	jyun1	jyun1
4481	羱	羱	jyun4	jyun4	jyun4
4482	薳	薳	jyun5 薳志,wai2 草名；姓	jyun5 薳志,wai2 草名；姓	jyun5,wai2
4483	蜎	蜎	jyun1 孑孓	jyun1 孑孓	jyun1
4484	衒	衒	jyun6	jyun6	jyun6
4485	騵	𫘪	jyun4	jyun4	jyun4
4486	䮄	𫠊	jyun4	jyun4	jyun4
4487	刓	刓	jyun4	jyun4	jyun4
4488	汍	汍	jyun4	jyun4	jyun4
4489	葾	葾	jyun1 敗也；〈語〉食物不鮮	jyun1 敗也	jyun1
4490	鵷	鹓	jyun1	jyun1	jyun1
4491	㠾	㠾	jyun1	jyun1	jyun1
4492	㾓	㾓	jyun1 骨節痠痛	jyun1 骨節痠痛	jyun1
4493	衏	衏	jyun2	jyun6	jyun2
4494	軟	软	jyun5	njyun5	jyun5
4495	阮	阮	jyun5	njyun5	jyun2；(又)jyun5
4496	堧	堧	jyun4	njyun4	jyun4
4497	瓀	瓀	jyun5	njyun5	jyun5
4498	媆	媆	jyun5	njyun5	jyun5
4499	乙	乙	jyut3 甲乙,(又)jit3	jyut2 甲乙	jyut6；(又)jyut3
4500	悅	悦	jyut6 喜悅，悅目	jyut5 喜悅，悅目	jyut6
4501	曰	曰	jyut6	jyut5	joek6；(又)jyut6
4502	穴	穴	jyut6	jyut6	jyut6
4503	粵	粤	jyut6	jyut5	jyut6
4504	越	越	jyut6	jyut5	jyut6
4505	閱	阅	jyut6	jyut5	jyut6
4506	噦	哕	jyut3 乾嘔,wai3 噦噦,(訓)we2 嘔吐，想～，噁心，本字哇，吐也,(語)oet6 擬嘔吐聲	jyut2 乾嘔,wai3 噦噦,(訓)we2 嘔吐，～得勢，嘔吐得厲害，本字哇，吐也	wai3,jyut6
4507	樾	樾	jyut6	jyut5	jyut6
4508	釔	钇	jyut3	jyut2	jyut3
4509	鉞	钺	jyut6	jyut5	jyut6
4510	茓	茓	jyut6	jyut6	jyut6
4511	黦	黦	jyut3 黃黑色,jit3 色壞也,(又)wat1 黃黑色,(語)jot1 腐爛；頹敗	jyut2 黃黑色,jit2 色壞也,(又)wat2 黃黑色,(語)jot2 能力差，渠幾～	wat1,jyut3
4512	𡛟	𡛟	jyut6	jyut5	jyut6
4513	月	月	jyut6 月亮，月份	njyut5 月亮，月份	jyut6
4514	刖	刖	jyut6	njyut5	jyut6
4515	玥	玥	jyut6	njyut5	jyut6
4516	爇	爇	jyut6 燒也	njyut5 燒也	jyut3,jyut6
4517	軏	𫐄	jyut6	njyut5	jyut6
4518	抈	抈	jyut6	njyut5	jyut6
4519	焫	焫	jyut6 同爇字,naat3 俗字，燙，～手；烙，～機[kɐi53]，烙鐵；喻指罵，燒燒～～，指桑罵槐；案，與熱同源，上古月部	njyut5 同爇字,naat2 俗字，燎，火～着眉毛喇；烙，～機[kɐi53]，烙鐵；案，與熱同源，上古月部	naat3
4520	假	假	(白)kaa3 放假，假日,gaa2 真假，假如,(文)gaa3	kaa3 放假，假日,gaa2 真假，假如；～相，做作、假正經	1)gaa2:真假 2)gaa3:休假
4521	卡	卡	kaa1 關卡；卡片，卡通	kaa1 關卡；卡片，卡通	1)kaa1:關卡 2)kaat1:資料卡
4522	咖	咖	kaa1 咖啡,gaa3 咖喱	kaa1 咖啡,gaa3 咖喱	gaa3
4523	架	架	(白)kaa3 衣架；量詞，一架,(文)gaa3 吵架,(語)gaa6 丟～，丟臉，當源自掉價	kaa3 衣架，吵架；量詞，一架	gaa3
4524	駕	驾	(白)kaa3 駕駛，車駕,(文)gaa3	kaa3 駕駛，車駕	gaa3
4525	旮	旮	kaa3 旮旯（角落、偏僻處）,gaa1 ～旯[la55]頭，苤藍或苤藍的莖,(又)kaa1 ～旯[la55]頭，苤藍或苤藍的莖	kaa3 旮旯（角落、偏僻處）,gaa3 ～旯[la55]頭，苤藍或苤藍的莖，該詞也有讀陰平,(語)ge6 門～，門縫；～旮[le21]子，縫	go1
4526	髂	髂	kaa3	kaa3	kaa3
4527	咔	咔	kaa1 象聲詞，笑～～，笑哈哈；譯音用字，咔嘰，咔唑,(語)kaa4 阻塞，～頸，卡頸，與卡同源	kaa1 象聲詞；譯音用字，咔嘰，咔唑,(語)gaa4 阻塞，～頸，卡頸，與卡同源	kaa4,kaa1
4528	拤	拤	kaa1 掐，本字揢	kaa1 掐，本字揢	kaa1
4529	胩	胩	kaa1	kaa1	kaa1
4530	佧	佧	kaa1 佧佤族	kaa1 佧佤族	kaa1
4531	鍇	锴	kaai2,(又)gaai1	kaai2,(又)gaai1	gaai1,kaai2
4532	炌	炌	kaai3	kaai3	kaai3
4533	蒈	蒈	kaai2	kaai2	kaai2
4534	緙	缂	kaak3 緙絲	kiak2 緙絲	kaak3
4535	檻	槛	kaam2 門檻，又作門坎,laam6 欄杆；獸欄	kaam2 門檻，又作門坎,laam6 欄杆；獸欄	laam6
4536	銬	铐	kaau3 手銬，鐐銬	kaau3 手銬，鐐銬	kaau3
4537	靠	靠	kaau3	kaau3	kaau3
4538	犒	犒	kaau3 犒勞	kaau3 犒勞	hou3
4539	㸆	㸆	kaau3	kaau3	kaau3
4540	啓	启	kai2 啓發，啓動	hai2 啓發，啓動,(又)hi2	kai2
4541	呇	呇	kai2 明亮的星,(語)man3 俗字，泉水，又作汶字，本字湓；地名，呇屯（在馬山縣），呇塘（在賓陽縣）	hai2 明亮的星,(又)hi2,(語)man3 俗字，泉水，又作汶字，本字湓；地名，呇屯（在馬山縣），呇塘（在賓陽縣）	hei2
4542	契	契	kai3 契約，地契；～崽，義子，～弟，本指義弟，今指孌童（因古代常以收義弟爲名收孌童）；老～，姘頭,kit3 契闊；契丹,slit3 商之祖	kai3 契約，地契；～弟，本指義弟，今指孌童（因古代常以收義弟爲名收孌童）；老～公/婆，情夫/情婦,kyut2 契闊；契丹,slyut2 商之祖,(又)ki3 契約，地契，又讀[hi55]；～崽，義子	1)kai3:契約 2)kit3:契闊 3)sit3:商的祖先 4)hat1:契丹；契丹又讀kit3、kai2
4543	溪	溪	kai1	kai1	kai1
4544	稽	稽	kai1 稽查，滑稽,kai2 稽首	kai1 稽查，滑稽,kai2 稽首	1)kai1:稽查 2)kai2:稽首
4545	奚	奚	(白)kai1 奚落；姓,(文)hai4	(白)kai1 奚落；姓,(文)hai4	hai4
4546	蹊	蹊	(白)kai1 蹊蹺；蹊徑,(文)hai4 蹊徑	(白)kai1 蹊蹺；蹊徑,(文)hai4 蹊徑	1)hai4:蹊徑 2)kai1:蹊蹺
4547	嵇	嵇	(白)kai1 山名；姓,(文)hai4	(白)kai1 山名；姓,(文)hai4	kai1
4548	綮	綮	kai2 戟支；戟衣,hing3 肯綮	kai2 戟支；戟衣,hing3 肯綮	kai2,hing3
4549	谿	谿	kai1 勃谿，谿壑；姓,hai1 女陰，今作㞓	kai1 勃谿，谿壑；姓,hai1 女陰，今作㞓	kai1；同豀hai4
4550	傒	傒	(白)kai1 傒倖,(文)hai4	(白)kai1 傒倖,(文)hai4	hai4
4551	棨	棨	kai2	kai2	kai2
4552	鼷	鼷	(白)kai1,(文)hai4	(白)kai1,(文)hai4	hai4
4553	騱	𫘬	(白)kai1,(文)hai4	(白)kai1,(文)hai4	hai4
4554	碶	碶	kai3	kai3,(又)ki3	kai3
4555	鸂	㶉	kai1	kai1	kai1
4556	徯	徯	(白)kai1,(文)hai4	(白)kai1,(文)hai4	hai4
4557	瘈	瘈	kai3 瘈瘲,zai3 狂犬也	kai3 瘈瘲,zi3 狂犬也	kai3,zai3
4558	磎	磎	kai1	kai1	kai1
4559	蟿	蟿	kai3	kai3	kai3
4560	䏿	䏿	kai2	kai2	kai2
4561	豀	豀	(白)kai1 空也；同谿字,(文)hai4	(白)kai1 空也；同谿字,(文)hai4	hai4
4562	克	克	(白)kak1 一克，攻克，多用於量詞或克服義,(文)hak1 西哈努克，克林頓，坦克，克隆，多用於翻譯的名詞或動詞	kak2 一克，攻克，坦克，克隆	hak1
4563	剋	克	(白)kak1 剋扣，相剋，剋星,(文)hak1,(語)kai1 打、罵，捱～，官話借詞，後起詞	kak2 剋扣，相剋，剋星	hak1
4564	刻	刻	(白)kak1 時刻；用刀刻,(文)hak1	kak2 時刻；用刀刻	hak1
4565	氪	氪	(白)kak1,(文)hak1	kak2	hak1
4566	擒	擒	kam4	gam4	kam4
4567	琴	琴	kam4	gam4	kam4
4568	禽	禽	kam4	gam4	kam4
4569	噙	噙	kam4	gam4	kam4
4570	妗	妗	kam5 ～母[mu35]，舅母，～婆，舅奶奶，本爲舅母受後字逆同化而來	gam5 ～孃，舅母，～婆，舅奶奶，本爲舅母受後字逆同化而來	kam5
4571	檎	檎	kam4	gam4	kam4
4572	芩	芩	kam4 黃芩	gam4 黃芩	kam4
4573	蠄	蠄	kam4 蟲名；〈語〉～螺，蜘蛛，～蟝，蟾蜍	gam4 蟲名,(語)kam4 ～螺[lo21]，蜘蛛，～蟝，蟾蜍	kam4
4574	襟	襟	kam1 襟懷，衣襟；老～，連襟	kam1 襟懷，衣襟；老～，連襟	kam1
4575	衾	衾	kam1	kam1	kam1
4576	衿	衿	kam1	kam1	kam1
4577	冚	冚	kam2 俗字，蓋，本字𠖫,ham6 俗字，～唪唥，全部，一說源自合不剌/咸朋唥/咸不論；冚唪唥也是猜碼口令，數字十，也說開齊手	kam2 俗字，蓋，本字𠖫,ham6 俗字，～唪唥，全部，一說源自合不剌/咸朋唥/咸不論；冚唪唥也是猜碼口令，數字十，也說開清手、全開手	kam2,ham6
4578	𠖫	𠖫	kam2 蓋，與䆟對轉，俗字冚	kam2 蓋，與䆟對轉，俗字冚	kam2
4579	勤	勤	kan4	gan4	kan4
4580	芹	芹	kan4	gan4	kan4
4581	近	近	(白)kan5 附近，行近，接近，多用於地點、距離等具體義的近,(文)gan6 近排，將近，近視，多用於時間、關係、意思等抽象義的近	(白)gan5 附近，走近，近來,(文)gan6 近視	gan6；(語)kan5
4582	慬	慬	kan4	gan4	kan4
4583	懃	懃	kan4	gan4	kan4
4584	啃	啃	(白)kang2 啃骨頭,(文)hang2	kang2 啃骨頭,(又)gang5	hang2
4585	鏗	铿	(白)kang1 鏗鏘,(文)hang1	(白)kang1 鏗鏘,(文)hang1	hang1
4586	裉	裉	kang3	kang3	kang3
4587	掯	掯	kang3 強取也；〈語〉（菸、酒）勁大，（人）高傲，本字亢，強也、高也；半掕[lɐŋ33]～，半途、半路，本字硠砊	kang3 強取也；〈語〉（菸、酒）勁大，（人）高傲，本字亢，強也、高也；半掕[lɐŋ55]～，半途、半路，本字硠砊	kang3
4588	吸	吸	kap1	kap2	kap1
4589	級	级	kap1 級別，年級；臺階兒，碼頭～、石～，石階	kap2 級別，年級；臺階兒，碼頭～、石～，石階	kap1
4590	給	给	kap1 供給，給予,(語)gai1 表與格、使役或被動等，官話借詞，二十世紀五六十年代產生	kap2 供給，給予	kap1
4591	汲	汲	kap1	kap2	kap1
4592	笈	笈	kap1 祕笈,(白)gep1 皮夾子、手提箱	kap2 祕笈,(白)gep2 皮～，皮革手提箱	kap1
4593	伋	伋	kap1	kap2	kap1
4594	㴔	㴔	kap1	kap2	kap1
4595	熻	熻	kap1	kap2	jap1
4596	噏	噏	kap1 同吸字；收斂,(語)ngap1 胡說，一說本字𡀾，與吟/啽對轉，或與譗同源	kap2 同吸字；收斂,(語)ngap3 胡說，一說本字𡀾，與吟/啽對轉，或與譗同源,(語)ngaap3 又音	kap1,ngap1
4597	咳	咳	kat1 咳嗽,hoi4 嬰兒笑,haai1 嘆詞,(白)ket1 笑～～，笑呵呵，當源自笑吃吃	kat2 咳嗽,haai4 嬰兒笑；〈語〉使東西從嘴裏出來，俗字嚡,haai1 嘆詞	1)kat1:咳嗽 2)haai4:嘆詞
4598	欬	欬	kat1 咳嗽	kat2 咳嗽	kat1
4599	構	构	(白)kau3 結構，構造,(文)gau3	gau3 結構，構造,(又)kau3	kau3；(又)gau3
4600	求	求	kau4	gau4	kau4
4601	灸	灸	(白)kau3 鍼灸，艾灸,(文)gau3	gau2 鍼灸，艾灸	gau3
4602	球	球	kau4	gau4	kau4
4603	臼	臼	kau5 石臼，脫臼	gau5 石臼，脫臼	kau5
4604	舅	舅	kau5	gau5	kau5
4605	購	购	(白)kau3 購買，採購,(文)gau3	gau3 購買，採購,(又)kau3	kau3；(又)gau3
4606	媾	媾	(白)kau3,(文)gau3	gau3,(又)kau3	gau3
4607	裘	裘	kau4	gau4	kau4
4608	俅	俅	kau4	gau4	kau4
4609	巰	巯	kau4	gau4	kau4
4610	犰	犰	kau4	gau4	kau4
4611	虯	虬	kau4	gau4	kau4
4612	覯	觏	(白)kau3,(文)gau3	gau3,(又)kau3	gau3
4613	賕	赇	kau4	gau4	kau4
4614	逑	逑	kau4	gau4	kau4
4615	桕	桕	kau5 烏桕樹	gau5 烏桕樹	kau5
4616	璆	璆	kau4	gau4	kau4
4617	訄	訄	kau4	gau4	kau4
4618	鼽	鼽	kau4	gau4	kau4
4619	銶	𨱇	kau4	gau4	kau4
4620	莍	莍	kau4	gau4	kau4
4621	㞗	㞗	kau4	gau4	kau4
4622	䊆	䊆	kau5 舂糗也,(量)gau6 塊、團，俗字嚿	gau5 舂糗也；狗～，一種菜餚，將狗血灌入狗腸煮熟而成,(量)gau6 塊、團，俗字嚿	kau5,gau6
4623	叩	叩	kau3 叩頭	kau3 叩頭	kau3
4624	寇	寇	kau3	kau3	kau3
4625	扣	扣	kau3 扣住，折扣，紐扣	kau3 扣住，折扣，紐扣	kau3
4626	釦	扣	kau3 金飾；同扣字，紐扣	kau3 金飾；同扣字，紐扣	kau3
4627	摳	抠	kau1 挖，～牆壁；提起、搊起，～張凳過來；帶子，馬騮～，紮有紅帶子的猴子形狀的香囊，端午節時佩戴	kau1 挖，～牆壁；提起、搊起，～張凳過來	kau1
4628	佝	佝	kau3 佝瞀,kyu1 同拘字,gau1 佝僂	kau3 佝瞀,kyu1 同拘字,gau1 佝僂	keoi1
4629	蔻	蔻	kau3	kau3	kau3
4630	瞘	眍	kau1 眼瞘	kau1 眼瞘	kau1
4631	筘	筘	kau3	kau3	kau3
4632	芤	芤	kau1	kau1	kau1,haau1
4633	彄	𫸩	kau1	kau1	kau1
4634	怐	怐	kau3	kau3,(白)hau3 懵[wɐŋ22]～～，呆呆傻傻	kau3
4635	鷇	𬆮	kau3	kau3	kau3
4636	䍍	䍍	kau3 未燒瓦器	kau3 未燒瓦器,(白)hau3 鐵～，鐵勺；～殼蛇、～勺蛇，眼鏡蛇	kau3
4637	茄	茄	ke4 番茄，茄子，茄瓜，茄醬（番茄醬）；〈又〉雪茄,gaa1 荷莖；雪茄,(白)ke2 茄汁（番茄汁）；〈又〉雪茄,(外)ke1 茄哩啡，龍套、小角色，英語carefree，後起詞	ge4 番茄；〈語〉黃～～，發黃，貶義,gaa1 荷莖；雪茄,(白)gi4 茄瓜，茄子	1)ke2 2)gaa1:雪茄；番茄(又)ke4
4638	癿	癿	ke4,(又)gaa1	ge4,(又)gaa1	gaa1,ke4
4639	騎	骑	ke4 騎馬，騎兵，騎樓,gi6 車騎，鐵騎；姓,(白)ge6 頭～，第一名；蔑[mɛt55]～，最後一名	gi4 騎馬，騎兵，騎樓,gi6 車騎，鐵騎；姓	1)ke4:騎馬 2)kei4:車騎
4640	劇	剧	kek6 劇烈；戲劇	gik6 劇烈；戲劇	kek6
4641	屐	屐	(白)kek1 木屐，雪屐（溜冰鞋）,(文)kek6 棕屐	gik6 木屐	kek6
4642	鉗	钳	(白)kem4 老虎鉗，蟛鉗（小河蟹）；〈語〉象聲詞，咳～～，不停地咳嗽,(文)kim4	(白)gem4 老虎鉗，蟛鉗（小河蟹）,(文)gim4	kim4
4643	魽	𫠐	(白)kem5 俗字，魽魚，學名斑點叉尾鮰，又叫鉗魚/溝鮎，英語ChannelCatfish，魽爲音譯,ham1 同蚶字,ham4 蛤,(文)kim5	(白)gem5 俗字，魽魚，學名斑點叉尾鮰，又叫鉗魚/溝鮎，英語ChannelCatfish，魽爲音譯,haam1 同蚶字,haam4 蛤,(文)gim5	kim5,ham1,ham4
4644	翹	翘	(白)keu1 翹腳（翹二郎腿，源自蹺），翹手（抄着手，源自蹺）；乾～～，乾貌，硬～～，很硬；閜[kʰɔ21]寥[lɛu55]～，彎彎曲曲,kiu4 銀翹，翹首,(文)heu1 翹腳，翹屎胐（撅屁股）,(語)keu4 ～翹[kʰɛu55]，死亡	heu1 翹腳（翹二郎腿，源自蹺）；翹屁股；擔竿兩頭～，扁擔兩頭翹,giu4 銀翹，翹首,(又)giu1 翹腳，讀同澆,(語)keu3 乾～～，乾貌；閜[ko21]寥[lɛu55]～，彎彎曲曲,(語)keu4 硬～～，乾而硬,(語)kaau3 閜[ko21]寥[lau55]～，彎彎曲曲	kiu4
4645	蹺	跷	(白)keu1 蹺腳（翹二郎腿），蹺手（抄着手）,kiu2 蹊蹺，高蹺（口語稱高腳、高腳瘸，腳本字屩）,(文)heu1 蹺腳	heu1 蹺腳（翹二郎腿）,kiu2 蹊蹺，高蹺（口語稱高腳排/師/瘸，腳本字屩）,(又)giu1 蹺腳，讀同澆	kiu2
4646	橇	橇	(白)keu1 雪橇,(文)heu1	heu1 雪橇	hiu1；(又)ceoi3
4647	其	其	ki4 其他,gi1 夜如何其；古人名，酈食其	gi4 其他,gi1 夜如何其；古人名，酈食其	kei4
4648	奇	奇	ki4 奇怪,gi1 奇數,(白)ke4 ～離[lɛ21]，古怪	gi4 奇怪,gi1 奇數	1)kei4:奇聞 2)gei1:奇數
4649	旗	旗	ki4	gi4	kei4
4650	期	期	ki4 日期,gi1 期年	gi4 日期,gi1 期年	1)kei4:期望 2)gei1:期年
4651	棋	棋	ki4	gi4	kei4
4652	歧	歧	ki4	gi4	kei4
4653	祈	祈	ki4 祈求，祈福；千～，千萬（副詞）	gi4 祈求，祈福；千～，千萬（副詞）	kei4
4654	鰭	鳍	ki4	gi4	kei4
4655	岐	岐	ki4	gi4	kei4
4656	淇	淇	ki4	gi4	kei4
4657	琦	琦	ki4	gi4	kei4
4658	琪	琪	ki4	gi4	kei4
4659	祁	祁	ki4	gi4	kei4
4660	祇	祇	ki4 神祇,zi2 同只字，僅僅	gi4 神祇,zi2 同只字，僅僅	1)kei4:神祇 2)zi2:同只
4661	祺	祺	ki4	gi4	kei4
4662	耆	耆	ki4 耆老，耆宿	gi4 耆老，耆宿,(語)ge5 老～，年紀大而個子小、長不高，成年歲數以上皆可用，與耆同源，上古脂部；案，邢公畹《漢台語比較手冊》P421認爲民族語對音與『耆』可比較，老也	kei4
4663	麒	麒	ki4	gi4	kei4
4664	亓	亓	ki4	gi4	kei4
4665	綦	綦	ki4 綦巾；姓	gi4 綦巾；姓	kei4
4666	蘄	蕲	ki4	gi4	kei4
4667	蜞	蜞	ki4	gi4	kei4
4668	錡	锜	ki4 穿木鑿；三足釜,ji2 懸掛弓弩的兵器架	gi4 穿木鑿；三足釜,ji2 懸掛弓弩的兵器架	kei4,ji2
4669	頎	颀	ki4	gi4	kei4
4670	騏	骐	ki4	gi4	kei4
4671	芪	芪	ki4	gi4	kei4
4672	埼	埼	ki4	gi4	kei4
4673	徛	徛	ki5 站立；～理，整齊、整潔	gi5 站立；～理，整齊、整潔,(白)gai5 挨、靠、倚	kei5
4674	跂	跂	ki4 足多趾,ki5 踮起腳跟	gi4 足多趾,ki2 踮起腳跟	kei4,kei5
4675	鯕	鲯	ki4	gi4	kei4
4676	軝	𬨂	ki4	gi4	kei4
4677	隑	𬮿	ki4 同碕字,goi1 梯子	gi4 同碕字,gaai1 梯子	kei4,goi1
4678	䓫	䓫	ki4	gi4	kei4
4679	愭	愭	ki4	gi4	kei4
4680	𨙸	𨙸	ki4	gi4	kei4
4681	旂	旂	ki4 竿頭繫鈴的旗；同旗字	gi4 竿頭繫鈴的旗；同旗字	kei4
4682	碁	碁	ki4	gi4	kei4
4683	碕	碕	ki4	gi4	kei4
4684	棊	棊	ki4	gi4	kei4
4685	𤪌	𤪌	ki4	gi4	kei4
4686	企	企	ki5 企業，企求,(語)ki2 屋～，家裏，老派也說屋起、屋底，源自屋下，避諱下，轉讀企/起	ki2 企業，企求	kei5
4687	崎	崎	ki1 崎嶇,ki4 地名，長崎（在日本）	ki1 崎嶇,gi4 地名，長崎（在日本）	1)kei1:崎嶇 2)kei4:長崎
4688	畸	畸	ki1 畸形，畸重,(常)ki4 俗讀，讀同奇	ki1 畸形，畸重,(又)gi4 讀同奇	kei1；(又)gei1
4689	婍	婍	ki2 貌好	ki2 貌好	kei2,ji2
4690	攲	攲	ki1 傾斜	ki1 傾斜	kei1
4691	欹	欹	ki1 同攲字，傾斜,ji1 同猗字，讚美	ki1 同攲字，傾斜,ji1 同猗字，讚美	kei1,ji1
4692	觭	觭	ki1 角一俯一仰,gi1 偏向、側重；同奇字，單數	ki1 角一俯一仰,gi1 偏向、側重；同奇字，單數	gei1,kei1
4693	踦	踦	ki1 腳跛,gi2 腳脛,ji2 抵住	ki1 腳跛,gi2 腳脛,ji2 抵住	kei1,gei2,ji2
4694	𠽤	𠽤	kik1 象聲詞，～嚦[lek5]硞[kʷʰɐk5]嘞[lɐk5]，各種事物	kik2	kik1
4695	黔	黔	kim4 黔首，黔驢技窮	gim4 黔首，黔驢技窮,(白)gem4 燒、燎	kim4
4696	鈐	钤	kim4	gim4	kim4
4697	黚	黚	kim4 淺黃黑色,(白)kam4 黃/藍～～，深黃/藍色,(語)gam4 黃～～，暗黃色；深～～，很深,(語)gem4 黃～～，中黃色	gim4 淺黃黑色,(又)gam4	kim4
4698	乾	乾	kin4 乾坤，乾隆	gyun4 乾坤，乾隆	kin4:乾坤
4699	虔	虔	kin4 虔誠，虔心	gyun4 虔誠，虔心	kin4
4700	掮	掮	kin4 掮客；肩扛，源自𠢅/𠢍	gyun4 掮客；肩扛，源自𠢅/𠢍	kin4
4701	墘	墘	kin4	gyun4	kin4
4702	揵	揵	kin4 舉也,gin6 通楗字	gyun4 舉也,gin6 通楗字,(白)gon4 扛，～上膊頭去、要膊頭～取	gin6,kin4
4703	擎	擎	king4 引擎，擎天柱,(白)keng4 靈[lɛŋ21]～，靈驗，實爲靈的分音，又或源自靈奇，奇受前字順同化爲擎	ging4 引擎，擎天柱	king4
4704	瓊	琼	king4	ging4	king4
4705	鯨	鲸	king4	ging4	king4
4706	檠	檠	king4	ging4	king4
4707	黥	黥	king4	ging4	king4
4708	勍	勍	king4	ging4	king4
4709	藑	藑	king4	ging4	king4
4710	傾	倾	king1 傾盡，傾斜，傾向；〈語〉聊，～大聖，閒聊；〈外〉撲克的K，英語King	king1 傾盡，傾斜，傾向；〈語〉聊，～大聲，吹牛，～豬頭，自己沒本錢，做買空賣空的生意	king1
4711	頃	顷	king2 頃刻，公頃	king2 頃刻，公頃	king2
4712	煢	茕	king4	king4	king4
4713	檾	苘	king2 檾麻	king2 檾麻	gwing2
4714	苘	苘	king2 同檾字，苘麻	king2 同檾字，苘麻	gwing2
4715	廎	庼	king2	king2	king2
4716	揭	揭	kit3 揭開，按揭，與掀或搴對轉,(白)gat6 擡、扛，翹起；拱～佬，搬運工	kit2 揭開，按揭，與掀或搴對轉,(白)gat6 擡、扛，翹起	kit3
4717	竭	竭	kit3 竭力，枯竭,(白)git6 （粥）稠，古字渴，俗字傑	kit2 竭力，枯竭,(白)gat6 （粥）稠，古字渴，俗字傑	kit3
4718	孑	孑	kit3	kit2	kit3
4719	羯	羯	kit3	kit2	kit3
4720	訐	讦	kit3	kit2	kit3
4721	詰	诘	kit3 詰問,gat1 詰屈，即佶屈	kit2 詰問,gat2 詰屈，即佶屈	kit3
4722	頡	颉	kit3	kit2	kit3
4723	劼	劼	kit3	kit2	kit3
4724	擷	撷	kit3	kit2	kit3
4725	碣	碣	kit3	kit2	kit3
4726	纈	缬	kit3 採纈,(語)let3 俗字，死/生～，死/活結，本字綟	kit2 採纈	kit3,lit3
4727	蛣	蛣	kit3 蛣蜣	kit2 蛣蜣	kit3
4728	襭	襭	kit3	kit2	kit3
4729	蠍	蝎	(白)kit3 蠍子，蛇蠍,(文)hit3	(白)kyut2 蠍子，蛇蠍,(文)hyut2	kit3；(又)hit3
4730	挈	挈	kit3 提綱挈領，帶挈,(又)hit3 帶～，提攜、關照	kyut2 提綱挈領，帶挈,(又)hyut2 帶～，提攜、關照	kit3
4731	鍥	锲	kit3 鍥而不捨	kyut2 鍥而不捨	kit3
4732	絜	絜	kit3 度量,git3 清也，後作潔	kyut2 度量,gyut6 清也，後作潔	kit3
4733	喬	乔	kiu4 喬木；姓	giu4 喬木；姓,(白)geu4 （木板）彎曲變形	kiu4
4734	僑	侨	kiu4	giu4	kiu4
4735	橋	桥	kiu4	giu4	kiu4
4736	蕎	荞	kiu4	giu4	kiu4
4737	藠	藠	kiu5 藠頭，匣母讀如群母	giu5 藠頭，匣母讀如群母	kiu5
4738	鞽	鞒	kiu4	giu4	kiu4
4739	皛	皛	kiu5	giu5	kiu5
4740	礄	硚	kiu4	giu4	kiu4
4741	巧	巧	(白)kiu2 巧妙，技巧；啱巧（湊巧），偷巧（取巧），七巧（猜碼口令，數字七）,(文)haau2,(罕)keu2,(語)kiu3 背[pɐi33]～，倒楣，又作閉竅，官話借詞	(白)kiu2 巧妙，技巧；啱巧（湊巧），偷巧（取巧），七巧（猜碼口令，數字七）,(文)haau2	haau2
4742	竅	窍	kiu3 出竅，竅門，訣竅	kiu3 出竅，竅門，訣竅	hiu3；(又)kiu3
4743	棵	棵	ko1 一棵,(語)po1 量詞，本字科，俗字樖	ko1 一棵,(語)po1 量詞，本字科，俗字樖	fo2
4744	苛	苛	ko1	ko1	ho1
4745	蝌	蝌	(白)ko1 蝌蚪,(文)fo1	ko1 蝌蚪	fo1
4746	課	课	(白)ko3 上課，課文,(文)fo3	ko3 上課，課文	fo3
4747	顆	颗	ko2 一顆，顆粒	ko2 一顆，顆粒	fo2
4748	柯	柯	ko1	ko1	o1
4749	軻	轲	ko1	ko1	o1
4750	牁	牁	ko1	ko1	o1
4751	珂	珂	ko1	ko1	o1
4752	稞	稞	ko1	ko1	fo1
4753	騍	骒	(白)ko3,(文)fo3	ko3	fo3
4754	鈳	钶	ko1 鈮的舊譯	ko1 鈮的舊譯	ko1
4755	噱	噱	koek6 大笑；噱頭，俗作謔頭,(語)kok1 詞綴，笑～～，猶笑嘻嘻,(語)kuk1 又音，詞綴，笑～～，猶笑嘻嘻	giak6 大笑；噱頭，俗作謔頭	koek6,coek3
4756	卻	却	koek3	kiak2	koek3
4757	強	强	koeng4 強大，堅強,koeng5 勉強；倔強,(又)koeng2 勉強；倔強	giang4 強大，堅強,kiang2 勉強；倔強	1)koeng4:強壯 2)koeng5:勉強，倔強；倔強又讀goeng6
4758	蔃	蔃	koeng4 蔃莍,goeng2 根、莖，一說梗的音變	giang4 蔃莍,giang2 根、莖，一說梗的音變	koeng2,goeng2
4759	僵	僵	(白)koeng1 凍僵,(文)goeng1	kiang1 凍僵	goeng1
4760	疆	疆	(白)koeng1 新疆，邊疆，疆域,(文)goeng1 邊疆，疆域	kiang1 新疆，邊疆，疆域	goeng1
4761	繮	缰	(白)koeng1 繮繩，脫繮,(文)goeng1	kiang1 繮繩，脫繮	goeng1
4762	羌	羌	koeng1 羌族，羌笛；姓	kiang1 羌族，羌笛；姓	goeng1
4763	羥	羟	koeng5 羥基,haan1 羊名	kiang2 羥基,haan1 羊名	koeng5
4764	膙	膙	koeng5	kiang2	koeng5
4765	蜣	蜣	koeng1	kiang1	goeng1
4766	襁	襁	koeng5 襁褓	kiang2 襁褓	koeng5
4767	鏹	镪	koeng5 鏹水，白鏹,(又)koeng2	kiang2 鏹水，白鏹	koeng5
4768	弶	弶	koeng5	kiang2	koeng5
4769	韁	缰	(白)koeng1 同繮字,(文)goeng1	kiang1 同繮字	goeng1
4770	殭	僵	(白)koeng1 殭屍,(文)goeng1	kiang1 殭屍	goeng1
4771	丐	丐	(白)koi3 乞丐，丐幫,(文)goi3	gaai3 乞丐，丐幫,(又)kaai3	koi3
4772	凱	凯	(白)koi2,(文)hoi2	kaai2	hoi2
4773	慨	慨	koi3 慷慨，感慨	kaai3 慷慨，感慨	koi3
4774	概	概	koi3	kaai3	koi3
4775	溉	溉	koi3	kaai3	koi3
4776	鈣	钙	koi3 鈣化，補鈣	kaai3 鈣化，補鈣	koi3
4777	剴	剀	(白)koi2,(文)hoi2	kaai2	hoi2
4778	愾	忾	koi3	kaai3	koi3
4779	愷	恺	(白)koi2,(文)hoi2	kaai2	hoi2
4780	鎧	铠	(白)koi2,(文)hoi2	kaai2	hoi2
4781	闓	闿	(白)koi2,(文)hoi2	kaai2	hoi2
4782	塏	垲	(白)koi2,(文)hoi2	kaai2	hoi2
4783	戤	戤	koi3	kaai3	koi3
4784	擱	搁	(白)kok3 擱腳，耽擱,(文)gok3	(白)kaak2 擱腳，耽擱,(文)gaak2	gok3
4785	確	确	kok3 的確，確定,(白)kak1 犖[lɐk5]～，路不平或說話結巴，與硠砊對轉；硬～～，很硬，與亢[kʰɐŋ33]（強也）對轉	kaak2 的確，確定,(白)kak3 犖[lɐk5]～，路不平或說話結巴，與硠砊對轉	kok3
4786	霍	霍	kok3 霍亂，揮霍；姓,(白)kwaak3 ～炩[leŋ22]，閃電，源自霍閃	kaak2 霍亂，揮霍；姓	fok3
4787	壑	壑	kok3	kaak2	kok3
4788	恪	恪	kok3	kaak2	kok3
4789	榷	榷	kok3 商榷	kaak2 商榷	kok3
4790	涸	涸	kok3 乾涸，枯涸；〈語〉特指喉嚨乾	kaak2 乾涸，枯涸	kok3
4791	愨	悫	kok3	kaak2	kok3
4792	攉	攉	kok3	kaak2	fok3
4793	藿	藿	kok3 藿香，藜藿	kaak2 藿香，藜藿	fok3
4794	觳	觳	kok3 瘠薄,huk6 觳觫	kaak2 瘠薄,hoek6 觳觫	kok3,huk6
4795	埆	埆	kok3	kaak2	kok3
4796	礐	𬒈	kok3	kaak2	kok3
4797	㸌	㸌	kok3	kaak2	fok3
4798	搉	搉	kok3 敲擊；通榷字,(白)kwak1 斫；劃（火柴）；敲,(白)gwak1 又音，敲	kaak2 敲擊；通榷字,(白)kwaak3 敲，特指屈指用手指節敲擊，～一鑿，打一下	kok3
4799	臛	臛	kok3	kaak2	fok3,kok3
4800	㺢	㺢	kok3	kaak2	fok3
4801	覺	觉	(白)kok3 感覺，覺得，知覺,(白)geu3 睡覺,(文)gaau3 睡覺,(文)gok3 覺悟，覺醒，覺意（留意）,(常)koek3 感覺，覺得，知覺	kiak2 感覺，覺得，知覺，覺悟,gaau3 睡覺,(語)gaau5 睡覺[kau21]～，對小孩兒稱睡覺,(語)gaau4 睡～覺[kau24]，對小孩兒稱睡覺	1)gok3:感覺 2)gaau3:睡覺
4802	廓	廓	kok3 輪廓，廓清,(白)kwaak3 框、圈，眼～，眼眶，四方～，四方欄兒，方～嘞[lak3]，方形貌，源自廓落，廓落實爲廓的分音，與框或纊對轉，上古鐸部	kuk2 輪廓，廓清,(白)kwaak2 名詞，框、圈，與框或纊對轉，上古鐸部,(白)kwak2 動詞，擠，～痱子；勒緊，～頸，上古鐸部	kwok3；(又)gwok3
4803	郭	郭	kok3	kuk2	gwok3
4804	攫	攫	kok3	kuk2	fok3
4805	槨	椁	kok3	kuk2	gwok3
4806	钁	䦆	kok3 大鋤,(白)kwak1 钁頭	kuk2 大鋤,(白)kwak3 钁頭	fok3,kyut3
4807	矍	矍	kok3 矍鑠	kuk2 矍鑠	fok3
4808	崞	崞	kok3	kuk2	gwok3
4809	漷	漷	kok3	kuk2	gwok3,kwok3
4810	玃	玃	kok3	kuk2	fok3
4811	劐	劐	kok3 裂也	kuk2 裂也	wok6,hap6
4812	彉	彉	kok3 張也	kuk2 張也	kwok3
4813	彍	𭚦	kok3 同彉字	kuk2 同彉字	kwok3
4814	狂	狂	kong4	gwaang4	kwong4；(又)kong4
4815	誑	诳	kong4	gwaang4	kong4；(又)kwong4
4816	鵟	𫛭	kong4	gwaang4	kong4,kwong4
4817	慷	慷	(白)kong1 慷慨,(文)hong1	kaang2 慷慨	hong2；(又)kong2
4818	扛	扛	kong4 扛起，扛槍，源自抗，匣母讀如群母；馬螂～，螳螂,gong1 力能扛鼎	kaang4 扛起，扛槍，源自抗，匣母讀如群母；馬螂～，螳螂,gaang1 力能扛鼎	gong1
4819	抗	抗	kong3 反抗，抗戰，抗爭	kaang3 反抗，抗戰，抗爭	kong3
4820	炕	炕	kong3 火炕，炕頭,hong3 烘烤，～火，烤火，與熇對轉	kaang3 火炕，炕頭,hang3 烘烤，～火，烤火，與熇對轉；身～，身體發燙；臊～～，臊味或羶味很濃	kong3
4821	伉	伉	kong3	kaang3	kong3
4822	鈧	钪	kong3	kaang3	kong3
4823	閌	闶	kong3 閌閬	kaang3 閌閬	kong3
4824	囥	囥	kong3 藏也	kaang3 藏也	kong3
4825	砊	砊	kong3 石聲,hong1 雷聲,(白)kang3 半硠[lɐŋ33]～，半途、半路，與犖確對轉，俗字掕掯	kaang3 石聲,haang1 雷聲,(白)kang3 半硠[lɐŋ55]～，半途、半路，與犖確對轉，俗字掕掯	kong3,hong1
4826	擴	扩	kong3 擴充，擴大,(又)kok3	kuk2 擴充，擴大	kwok3；(又)kong3
4827	鄺	邝	kong3	kung3	kwong3
4828	纊	纩	kong3 絲綿絮,(語)kwang3 掛着、絆着，與廓[kʷʰak3]對轉	kung3 絲綿絮,(語)kwang3 掛着、絆着，與廓[kʷʰak3/kʷʰɐk3]對轉	kwong3
4829	況	况	kong3	kwaang3	fong3
4830	曠	旷	kong3 空曠，曠野	kwaang3 空曠，曠野	kwong3；(又)kong3
4831	礦	矿	kong3	kwaang3	kwong3；(又)kong3
4832	壙	圹	kong3	kwaang3	kwong3；(又)kong3
4833	夼	夼	kong3	kwaang3	kwong3
4834	貺	贶	kong3	kwaang3	fong3
4835	枯	枯	(白)ku1 乾枯，枯萎，枯竭,(文)fu1	hu1 乾枯，枯萎，枯竭	fu1
4836	骷	骷	(白)ku1 骷髏,(文)fu1	ku1 骷髏	fu1
4837	箍	箍	ku1	ku1	ku1
4838	圐	圐	ku1	ku1	ku1
4839	曲	曲	kuk1 曲折；歌曲；姓	koek2 曲折；歌曲；姓	kuk1
4840	麴	麹	kuk1 酒麴（口語稱酒餅）；姓	koek2 酒麴（口語稱酒餅）；姓	guk1；(又)同麯kuk1
4841	蛐	蛐	kuk1	koek2	kuk1
4842	𪨰	𪨰	kuk1	koek2	kuk1
4843	硞	硞	kuk1 碌硞；〈語〉又音，～瓜子，嗑瓜子；詞綴，咬～～，咬硬物貌，新～～，很新、簇新，硬～～，很硬,kok3 石聲；堅固；〈語〉～頭，磕頭,(語)kwak1 ～瓜子，嗑瓜子；象聲詞，𠽤[kʰek5]嚦[lek5]～嘞[lɐk5]，各種事物；詞綴，新～～，很新、簇新，清～～，水很清	koek2 碌硞,kaak2 石聲；堅固,(語)kuk3 ～瓜子，嗑瓜子	kuk1,kok3
4844	窮	穷	kung4	goeng4	kung4
4845	穹	穹	kung4	goeng4	kung4
4846	筇	筇	kung4	goeng4	kung4
4847	蛩	蛩	kung4	goeng4	kung4
4848	邛	邛	kung4	goeng4	kung4
4849	藭	䓖	kung4	goeng4	kung4
4850	銎	銎	kung4	goeng4	kung4
4851	跫	跫	kung4 蹋地聲；人行聲,(語)gung4 ～～聲，轟轟響；跌～緪[kɐŋ21]，倒地有聲	goeng4 蹋地聲；人行聲	kung4
4852	垮	垮	kwaa1 垮臺，打垮,(又)kwaa2 打垮	kwaa1 垮臺，打垮,(又)kwaa2 打垮	kwaa1
4853	夸	夸	kwaa1 奢侈；夸父；夸克	kwaa1 奢侈；夸父；夸克	kwaa1
4854	誇	夸	kwaa1 誇獎，浮誇	kwaa1 誇獎，浮誇	kwaa1
4855	跨	跨	kwaa1 跨越，跨過，讀同夸	kwaa1 跨越，跨過，讀同夸	kwaa1；(又)kwaa3
4856	挎	挎	kwaa3 挎包,fu1 執持	kwaa3 挎包,hu1 執持	kwaa3,fu1
4857	侉	侉	kwaa1 疲憊；同夸字,kwaa2 粗笨；口音不正	kwaa1 疲憊；同夸字,kwaa2 粗笨；口音不正	kwaa1,kwaa2
4858	胯	胯	kwaa1 胯部，胯骨，讀同跨/夸	kwaa1 胯部，胯骨，讀同跨/夸	kwaa3
4859	姱	姱	kwaa1	kwaa1	kwaa1
4860	擓	㧟	kwaai5 舀，～水，又作㨤字,(白)kwe3 扒，撥拉	gwaai5 舀，～水，又作㨤字,(白)kwe3 扒，撥拉	kwaai5
4861	蒯	蒯	kwaai2 蒯草；姓,(又)gwaai2	kwaai2 蒯草；姓,(又)gwaai2	gwaai2
4862	框	框	(白)kwaang1 門框，框住,(文)kong1	kwaang1 門框，框住	hong1；(又)kwaang1
4863	眶	眶	(白)kwaang1 眼眶,(文)kong1	kwaang1 眼眶	hong1；(又)kwaang1
4864	筐	筐	(白)kwaang1,(文)kong1	kwaang1	hong1
4865	匡	匡	(白)kwaang1,(文)kong1	kwaang1	hong1
4866	誆	诓	(白)kwaang1,(文)kong1	kwaang1	hong1
4867	哐	哐	(白)kwaang1 象聲詞，傾鈴[leŋ55]～啷[laŋ55]，器皿碰撞聲,(文)kong1,(語)kwaang4 詞綴，高～～、高啷[laŋ21]～，高貌,(語)kwang4 詞綴，高～～、高啷[lɐŋ21]～，高貌	kwaang1 象聲詞	hong1
4868	洭	洭	(白)kwaang1,(文)kong1	kwaang1	hong1
4869	劻	劻	(白)kwaang1,(文)kong1	kwaang1	hong1
4870	㑌	㑌	(白)kwaang1,(文)kong1	kwaang1	hong1
4871	攜	携	kwai4 攜帶，攜手，匣母讀如群母	gwai4 攜帶，攜手，匣母讀如群母	kwai4
4872	葵	葵	kwai4	gwai4	kwai4
4873	奎	奎	kwai4	gwai4	fui1
4874	揆	揆	kwai5 揆度，總揆,(又)kwai4 讀同葵	gwai5 揆度，總揆,(又)gwai4 讀同葵	kwai4；(又)kwai5
4875	畦	畦	kwai4 菜畦	gwai4 菜畦	kwai4
4876	睽	睽	kwai4	gwai4	kwai4
4877	逵	逵	kwai4	gwai4	kwai4
4878	夔	夔	kwai4	gwai4	kwai4
4879	暌	暌	kwai4	gwai4	kwai4
4880	隗	隗	kwai4 姓,ngai5 高；姓	gwai4 姓,ngai5 高；姓	kwai4,ngai5
4881	馗	馗	kwai4	gwai4	kwai4
4882	喹	喹	kwai4	gwai4	fui1,kwai4
4883	蝰	蝰	kwai4	gwai4	fui1
4884	戣	戣	kwai4	gwai4	kwai4
4885	觿	觿	kwai4	gwai4	kwai4
4886	酅	酅	kwai4	gwai4	kwai4
4887	騤	骙	kwai4	gwai4	kwai4
4888	蠵	蠵	kwai4	gwai4	kwai4
4889	盔	盔	kwai1 頭盔，盔甲,(又)fui1	kui1 頭盔，盔甲,(又)hui1	kwai1
4890	魁	魁	kwai4	kui1	fui1
4891	傀	傀	kwai2 傀儡,gwai1 傀奇,(又)gwai2 傀儡，讀同鬼	kui2 傀儡,gui1 傀奇,(又)gwai2 傀儡，讀同鬼	1)faai3:傀儡 2)gwai1:傀偉
4892	櫆	櫆	kwai4,(又)kwai1	kui1	fui1
4893	磈	磈	kwai2	kui2	faai3
4894	虧	亏	kwai1	kwai1	kwai1
4895	愧	愧	kwai3	kwai3	kwai5
4896	潰	溃	kwai3 潰爛，崩潰	kwai3 潰爛，崩潰	kui2；(又)kui3
4897	窺	窥	kwai1	kwai1	kwai1
4898	規	规	kwai1	kwai1	kwai1
4899	儈	侩	kwai3	kwai3	kui2；(又)kui3
4900	檜	桧	kwai3 喬木名；秦檜	kwai3 喬木名；秦檜	kui2
4901	膾	脍	kwai3 膾炙人口	kwai3 膾炙人口	kui2；(又)kui3
4902	劊	刽	kwai3 劊子手	kwai3 劊子手	kui2
4903	巋	岿	kwai1	kwai1	kwai1
4904	憒	愦	kwai3	kwai3	kui2
4905	澮	浍	kwai3	kwai3	kui2
4906	獪	狯	kwai3 狡獪	kwai3 狡獪	kui2
4907	聵	聩	kwai3	kwai3	kui2
4908	跬	跬	kwai2	kwai2	kwai2
4909	巂	嶲	kwai1 子巂,sui2 越巂（在四川）	kwai1 子巂,sui2 越巂（在四川）	kwai1,seoi5
4910	煃	煃	kwai2	kwai2	kwai2
4911	硊	硊	kwai3 石硊,ngai5 磈硊	kwai3 石硊,ngai5 磈硊	kwai3,ngai5
4912	鄶	郐	kwai3	kwai3	kui2,kui3
4913	鱠	鲙	kwai3	kwai3	kui2
4914	頍	𫠆	kwai2	kwai2	kwai2
4915	鬹	鬶	kwai1	kwai1	kwai1
4916	闠	阓	kwai3	kwai3	kui2
4917	殨	㱮	kwai3	kwai3	kui2
4918	䙡	䙌	kwai3	kwai3	kui2
4919	窘	窘	kwan3 窘迫	gwan5 窘迫；〈語〉扭傷，～着腳	kwan3
4920	羣	群	kwan4 羣體，一羣人	gwan4 羣體，一羣人	kwan4
4921	菌	菌	kwan5	gwan5	kwan2
4922	裙	裙	kwan4	gwan4	kwan4
4923	䐃	䐃	kwan5 腸中脂,(白)kan5 禽類的胃（百姓以爲禽的腎），俗字肫	gwan5 腸中脂,(白)gan5 禽類的胃（百姓以爲禽的腎），俗字肫	kwan5
4924	群	群	kwan4 同羣字	gwan4 同羣字	kwan4
4925	困	困	kwan3 困難，圍困,(白)wan3 囚禁，與屈對轉	kwan3 困難，圍困,(白)wan3 囚禁，與屈對轉	kwan3
4926	均	均	(白)kwan1 平均，均勻,(文)gwan1 新讀	kwan1 平均，均勻	gwan1；通韻
4927	坤	坤	kwan1	kwan1	kwan1
4928	捆	捆	kwan2 捆綁	kwan2 捆綁	kwan2
4929	綑	捆	kwan2 織也；同捆字	kwan2 織也；同捆字	kwan2
4930	崑	昆	kwan1 崑崙山	kwan1 崑崙山	kwan1；(又)gwan1
4931	昆	昆	kwan1 昆蟲，昆明	kwan1 昆蟲，昆明	kwan1；(又)gwan1
4932	鈞	钧	(白)kwan1 千鈞，鈞鑒,(文)gwan1	kwan1 千鈞，鈞鑒	gwan1
4933	捃	捃	kwan2 拾也,(又)gwan3	kwan2 拾也,(又)gwan3	kwan2,gwan3
4934	焜	焜	kwan1	kwan1	kwan1
4935	琨	琨	kwan1	kwan1	kwan1
4936	緄	绲	(白)kwan2 緄邊,(文)gwan2	(白)kwan2 緄邊,(文)gwan2	kwan2,gwan2
4937	錕	锟	kwan1	kwan1	kwan1
4938	閫	阃	kwan2	kwan2	kwan2
4939	髡	髡	kwan1	kwan1	kwan1
4940	鯤	鲲	kwan1	kwan1	kwan1
4941	醌	醌	kwan1	kwan1	kwan1
4942	囷	囷	kwan1	kwan1	kwan1
4943	壼	壸	kwan2	kwan2	kwan2
4944	悃	悃	kwan2	kwan2	kwan2
4945	堃	堃	kwan1	kwan1	kwan1
4946	婫	婫	kwan1 人名用字,wan6 覆蓋	kwan1 人名用字,wan6 覆蓋	gwan1,kwan1
4947	鵾	鹍	(白)kwan1,(文)gwan1	(白)kwan1,(文)gwan1	gwan1,kwan1
4948	轟	轰	(白)kwang1 轟炸，轟動,(文)gwang1	kwang1 轟炸，轟動	gwang1
4949	瘸	瘸	kwe4 瘸腿	gwe4 瘸腿	ke4
4950	隙	隙	kwik1 壁孔也，讀如合口,(常)kik1 縫隙，空隙	kwik2 縫隙，空隙，讀如合口	kwik1
4951	郄	郄	kwik1	kwik2	kwik1
4952	郤	郤	kwik1 古地名；通隙字；姓	kwik2 古地名；通隙字；姓	kwik1
4953	拒	拒	kyu5,(又)gyu6	gyu5	keoi5
4954	渠	渠	kyu4 水渠，渠道,(白)kyu5 他，俗字佢，代詞（你我）調類化，語流中易變齊齒陰去	gyu4 水渠，渠道；他，俗字佢	keoi4
4955	距	距	kyu5 距離，差距,(又)gyu6	gyu5 距離，差距	keoi5
4956	駒	驹	(白)kyu1 馬駒,(文)gyu1	gyu1 馬駒	keoi1
4957	劬	劬	kyu4	gyu4	keoi4
4958	瞿	瞿	kyu4 姓,gyu3 驚視	gyu4 姓,gyu3 驚視	keoi4；(古)通攫fok3
4959	衢	衢	kyu4	gyu4	keoi4
4960	朐	朐	kyu4	gyu4	keoi4
4961	氍	氍	kyu4	gyu4	keoi4
4962	璩	璩	kyu4 耳環；玉名；姓	gyu4 耳環；玉名；姓	keoi4
4963	磲	磲	kyu4	gyu4	keoi4
4964	蕖	蕖	kyu4	gyu4	keoi4
4965	蘧	蘧	kyu4	gyu4	keoi4
4966	鴝	鸲	kyu4	gyu4	keoi4
4967	癯	癯	kyu4	gyu4	keoi4
4968	灈	灈	kyu4	gyu4	keoi4
4969	竘	竘	kyu5	gyu5	keoi5
4970	蠼	蠼	kyu4 蠼螋,kok3 母猴	gyu4 蠼螋,kuk2 母猴	keoi4,fok3
4971	鼩	鼩	kyu4	gyu4	keoi4
4972	佢	佢	kyu5 俗字，他，本字渠，代詞（你我）調類化，語流中易變齊齒陰去	gyu4 俗字，他，本字渠	keoi5
4973	籧	籧	kyu4	gyu4	geoi2,keoi4
4974	臞	臞	kyu4	gyu4	keoi4
4975	蟝	蟝	kyu4 蛆蟝；〈語〉蠄～，蟾蜍,(語)kwe4 又音，蠄～，蟾蜍，或與蛙同源，上古支部	gyu4 蛆蟝；〈語〉蠄～，蟾蜍,(語)gwe4 又音，蠄～，蟾蜍，或與蛙同源，上古支部	keoi4
4976	蠷	蠷	kyu4	gyu4	keoi4
4977	鸜	𬸱	kyu4	gyu4	keoi4
4978	區	区	kyu1 區域,au1 姓	kyu1 區域,au1 姓	1)keoi1:區別 2)au1:姓區
4979	嶇	岖	kyu1 崎嶇	kyu1 崎嶇	keoi1
4980	拘	拘	kyu1 拘留，拘束	kyu1 拘留，拘束	keoi1
4981	軀	躯	kyu1	kyu1	keoi1
4982	驅	驱	kyu1	kyu1	keoi1
4983	祛	祛	kyu1	kyu1	keoi1
4984	胠	胠	kyu1	kyu1	keoi1
4985	袪	袪	kyu1	kyu1	keoi1
4986	鮈	𬶋	kyu1	kyu1	keoi1
4987	㭕	㭕	kyu1	kyu1	keoi1
4988	佉	佉	kyu1	kyu1	keoi1
4989	痀	痀	kyu1	kyu1	keoi1
4990	㘗	㘗	kyu1	kyu1	keoi1
4991	跔	跔	kyu1	kyu1	keoi1
4992	拳	拳	kyun4 拳頭，打拳；～拳，猜碼口令，數字零	gyun4 拳頭，打拳；對～、～對，猜碼口令，數字零	kyun4
4993	權	权	kyun4	gyun4	kyun4
4994	蜷	蜷	kyun4	gyun4	kyun4
4995	顴	颧	kyun4 顴骨	gyun4 顴骨	kyun4
4996	鬈	鬈	kyun4	gyun4	kyun4
4997	婘	婘	kyun4 美好貌	gyun4 美好貌	kyun4
4998	惓	惓	kyun4 惓惓	gyun4 惓惓	gyun3,kyun4
4999	踡	踡	kyun4	gyun4	kyun4
5000	決	决	kyut3	kyut2	kyut3
5001	缺	缺	kyut3 缺乏，短缺	kyut2 缺乏，短缺	kyut3
5002	訣	诀	kyut3	kyut2	kyut3
5003	厥	厥	kyut3	kyut2	kyut3
5004	孓	孓	kyut3	kyut2	kyut3
5005	抉	抉	kyut3	kyut2	kyut3
5006	獗	獗	kyut3	kyut2	kyut3
5007	蕨	蕨	kyut3 蕨菜	kyut2 蕨菜	kyut3
5008	譎	谲	kyut3	kyut2	kyut3
5009	蹶	蹶	kyut3 一蹶不振，尥蹶子,gwai3 動也	kyut2 一蹶不振，尥蹶子,gwai3 動也	kyut3,gwai3
5010	闋	阕	kyut3	kyut2	kyut3
5011	噘	噘	kyut3 噘嘴,(訓)doe1 ～嘴，噘嘴，本字豬，知三讀如端；（馬蜂）蟄，（蚊蟲）叮，當源自蛀	kyut2 噘嘴,(訓)dyu1 ～嘴，噘嘴，本字豬，知三讀如端	kyut3
5012	撅	撅	kyut3 翹起；折斷,(訓)goe1 ～屎胐，撅屁股，當源自鼓（鼓起）	kyut2 翹起；折斷,(訓)et3 翹，凳～起來喇，當源自逸[jɛt5]（過也縱也）	kyut3
5013	橛	橛	kyut3 木樁,gyut6 木段，本字橜,(白)ket1 量詞，截，斷～，斷成兩截	kyut2 木樁,gyut6 木段，本字橜,(白)ket3 量詞，截,(白)kat3 量詞，截	kyut3,gyut6
5014	玦	玦	kyut3	kyut2	kyut3
5015	闕	阙	kyut3 宮闕；失也	kyut2 宮闕；失也	kyut3
5016	劂	劂	kyut3	kyut2	kyut3
5017	觖	觖	kyut3	kyut2	kyut3
5018	鐍	𫔎	kyut3	kyut2	kyut3
5019	㵐	㵐	kyut3	kyut2	kyut3
5020	砄	砄	kyut3	kyut2	kyut3
5021	鴃	𫛞	kyut3	kyut2	kyut3
5022	憠	憠	kyut3 脾氣憠	kyut2 脾氣憠	kyut3
5023	鐝	镢	kyut3 農具,(白)kwak1 鐝頭，源自钁	kyut2 農具,(白)kwak3 鐝頭，源自钁	kyut3
5024	鴂	𱉔	kyut3	kyut2	kyut3
5025	啦	啦	laa1 助詞；啦啦隊,(語)laa4 走～～，四處奔走；～～臨、～啦[la21/35]聲，迅速；牛拉[lap2]～，牛下水，或源自拉雜、雜碎；扁叭[pʰa21]～，扁貌，或源自跋剌；啤[pi21]哩[li21]叭[pa21]～，鞭炮聲、雨聲,(語)le4 又音，扁叭[pʰɛ21]～，扁貌	laa1 助詞；啦啦隊,(語)laa4 象聲詞，啤[pi21]哩[li21]叭[pa21]～，鞭炮聲、雨聲	laa1
5026	喇	喇	laa1 喇叭；象聲詞,laa2 喇嘛,laat3 哈喇,laa3 語氣詞，用於陳述句或祈使句，你阿爺至惜你嘅～、冇揀來揀去～，弱讀爲嘞[lɐ33/lə33]或啊[a33/ə33]	laa1 象聲詞,laa2 喇叭；喇嘛；語氣詞，且爲已然體標記（了2），花開～，弱讀爲嘞[lɐ33/lə33]或啊[a33/ə33],laa3 象聲詞，嘟[tu55]嚕[lu55]咑[ta55]～，東西掉落聲，喳[tʃa55]～蟲，蟬,laat5 哈喇	1)laa3:喇叭 2)laa1:喇嘛
5027	旯	旯	laa3 旮旯（角落、偏僻處）,laa1 旮[ka55/kʰa55]～頭，苤藍或苤藍的莖,(語)le1 肋[lak3]～，腋窩	laa3 旮[kʰa55]旯（角落、偏僻處）；旮[ka55]～頭，苤藍或苤藍的莖，該詞也有讀陰平,(語)le4 旮[ke22]～子，縫	lo1
5028	罅	罅	(訓)laa3 縫隙，與旯同源，旮旯源自角落,(訓)le3 白讀，手指～，手指縫兒	(訓)laa3 縫隙，與旯同源，旮旯源自角落	laa3
5029	鞡	鞡	laa1	laa1	laa1
5030	揦	揦	laa2 俗字，抓、攬，本字擄，上古魚部,laat6 同攋字，毀壞	laa5 俗字，聚斂、挽起，本字擄，上古魚部,laat5 同攋字，毀壞	laa2
5031	𤰚	𤰚	laa1	laa1	laa1
5032	拉	拉	laai1 拉扯，拖拉，阿拉伯（舊譯阿剌伯）,laap6 拉雜，拉颯（垃圾）,laa1 卡拉OK；坷拉，同坷垃/𪽇𤰚；同剌字,(白)laap3 包攬、扒拉，與攬對轉，俗字擸；掃視，與覽對轉，俗字䁽,(白)lap1 套，～衫；哄，～人，俗字笠	laai1 拉扯，拖拉，阿拉伯（舊譯阿剌伯）,laap5 拉雜，拉颯（垃圾）,laa1 卡拉OK；坷拉，同坷垃/𪽇𤰚；同剌字,(白)laap2 聚斂、蒐集，與攬對轉，俗字擸；掃視，與覽對轉，俗字䁽,(白)lap2 套、戴，～高帽，戴高帽，俗字笠	laai1
5033	賴	赖	laai6 依賴，賴帳；姓；～臭，耍賴,(又)laai3 ～臭，耍賴，後字調類化	laai6 依賴，賴帳；姓；～臭，耍賴,(又)laai3 ～臭，耍賴，後字調類化	laai6
5034	瀨	濑	laai6 急瀨，湍瀨	laai6 急瀨，湍瀨	laai6
5035	癩	癞	laai3 癩瘡，癩蛤蟆；～鬚，絡腮鬍；〈又〉癩痢,laat3 癩痢，同瘌痢	laai3 癩瘡，癩蛤蟆；～鬍子，絡腮鬍,laat5 癩痢，同瘌痢	laai3
5036	籟	籁	laai6	laai6	laai6
5037	孻	𡥧	laai1 俗字，排行最小的，本字攋（遺落），本地稱晚，～崽	laai1 俗字，排行最小的，本字攋（遺落），本地稱晚，～崽	laai1
5038	襰	𧝝	laai5 襰𧜁，衣破貌	laai5 襰𧜁，衣破貌；〈語〉落[lak2]～，衣着不整，捋[lot5]捋[lot5]～～，褲子下滑貌	laai5
5039	攋	𪮶	laai6 棄去；～哭，小孩啼哭，俗字賴；〈又〉～尿，遺尿,laat6 毀壞,(白)laai5 ～尿，遺尿，俗字瀨/落	laai6 棄去,laat5 毀壞,(白)laai5 ～尿，遺尿，俗字瀨/落	laai6
5040	嘞	嘞	laak3 俗字，（衣服）裂開，本字阞；方廓[kʷʰak3]/喀[kʰak3]～，方形貌，源自廓落，廓落實爲廓的分音,laa3 語氣詞，同喇字,(語)lak1 詞綴，跳～～，（人、動物）跳動貌，與㘄對轉，疑本字躒；象聲詞，𠽤[kʰek5]嚦[lek5]硞[kʷʰɐk5]～，各種事物,(語)la3 語氣詞，喇[la33]的弱讀，進而爲[lə33]	laak3 俗字，（衣服）裂開，本字阞,laa2 語氣詞，同喇字,(語)lak3 詞綴，跳～～，（人、動物）跳動貌，疑本字躒,(語)la2 語氣詞，喇[la33]的弱讀，進而爲[lə33]	laak3,laa3
5041	婪	婪	laam4	laam4	laam4
5042	攬	揽	laam2 攬住；包攬，與拉[lap3]對轉	laam5 攬住；包攬，與拉[lap3]對轉	laam5
5043	濫	滥	laam6 氾濫，濫用,(常)laan6 俗讀，嗜、好，～賭，～哭，～飲，～睡，俗字爛	laam6 氾濫，濫用,(常)laan6 俗讀，嗜、好，～賭，～哭，～飲，～睡，俗字爛	laam6
5044	籃	篮	laam4 花籃，籃球，菜籃（泛指）,(白)laam1 菜籃（特指）；量詞，一～，一籃子	laam4 菜籃，籃球	laam4
5045	纜	缆	laam6	laam6	laam6
5046	艦	舰	laam6 軍艦，艦隊	laam5 軍艦，艦隊	laam6
5047	藍	蓝	laam4	laam4	laam4
5048	覽	览	laam2	laam5	laam5
5049	嵐	岚	laam4	laam4	laam4
5050	襤	褴	laam4	laam4	laam4
5051	罱	罱	laam2	laam5	laam5
5052	漤	漤	laam2 漤柿子	laam5 漤柿子	laam5
5053	𥗽	𬒗	laam2	laam5	laam5
5054	𨅏	𨅏	laam4	laam4,(白)lam2 ～水，蹚水、涉水	laam4
5055	欖	榄	laam2 橄欖，烏～，黑橄欖；喉～，喉結	(白)naam2 橄欖，烏～，黑橄欖；喉～，喉結,(文)laam5	laam2；(又)laam5
5056	蘭	兰	laan4 蘭花，玉蘭,(白)laan1 荷蘭，蘭豆（豌豆）；〈外〉女友或男友的俗稱，原讀法蘭，英語friend	laan4 蘭花，玉蘭,(白)laan1 荷蘭，蘭豆（豌豆）；〈外〉女友或男友的俗稱，原讀法蘭，英語friend	laan4
5057	懶	懒	laan5	laan5	laan5
5058	攔	拦	laan4	laan4	laan4
5059	欄	栏	laan4 圍欄,(白)laan1 豬欄，牛欄	laan4 圍欄，豬欄，牛欄	laan4
5060	瀾	澜	laan4	laan4	laan4
5061	爛	烂	laan6	laan6	laan6
5062	闌	阑	laan4	laan4	laan4
5063	斕	斓	laan4	laan4	laan4
5064	讕	谰	laan4	laan4	laan4
5065	鑭	镧	laan4	laan4	laan4
5066	襴	襕	laan4	laan4	laan4
5067	嬾	嬾	laan5	laan5	laan5
5068	躝	𨅬	(白)laan1 爬行；滾開,(文)laan4 踰也	(白)laan1 爬行；滾開,(文)laan4 踰也	laan1
5069	冷	冷	laang5	liang5	laang5
5070	垃	垃	laap6 垃圾，本字擸𢶍,laa1 坷垃，又作坷拉/𪽇𤰚	laap5 垃圾，本字擸𢶍,laa1 坷垃，又作坷拉/𪽇𤰚	laap6
5071	臘	腊	laap6 臘月，臘肉	laap5 臘月，臘肉	laap6
5072	蠟	蜡	laap6	laap5	laap6
5073	鑞	镴	laap6 錫鑞	laap5 錫鑞	laap6
5074	腊	腊	laap6 同臘字,slik1 乾肉	laap5 同臘字,slik2 乾肉	laap6,sik1
5075	蜡	蜡	laap6 同蠟字,zaa3 年終祭名	laap5 同蠟字,zaa3 年終祭名	zaa3,laap6
5076	辣	辣	laat6 辣椒，辛辣，老辣,(語)laa2 老～，老練、老到，語流音變	laat5 辣椒，辛辣，老辣	laat6
5077	剌	剌	laat6 乖剌，剌謬；扁跋[pʰat2]～，扁貌，又作扁叭[pʰa21/pʰɛ21]啦[la21/lɛ21],laa1 割開；譯音用字，花剌子模，阿剌伯（阿拉伯的舊譯）,(語)laa2 ～利，刺激舌頭，又引申爲麻利,(語)lot6 走～～，魚貫而行，源自撥剌（魚尾撥水聲），已罕用	laat5 乖剌，剌謬,laa1 割開；譯音用字，花剌子模，阿剌伯（阿拉伯的舊譯）；大～～，大大咧咧；〈語〉～喉，（臘製的肉放久後）對喉嚨有刺激，～油，（臘製的肉放久後）有油臭味,(語)laat6 白～擦[tʃʰat2]，蒼白，元曲寫法,(語)let6 用刀劃，～開去、～一刀,(語)lot6 撥[pot2]～子，小蝌蚪，撥剌本指魚尾撥水聲，又作撥喇/拔剌/鱍剌/跋剌	1)laat6:剌謬 2)laa1:剌了一個口子
5078	瘌	瘌	laat3 瘌痢；〈語〉毒蟲在皮膚上爬過	laat5 瘌痢	laat6
5079	邋	邋	laat6 邋遢	laat5 邋遢	laat6
5080	蝲	蝲	laat6 蝲蛄，蝲蝲蛄	laat5 蝲蛄，蝲蝲蛄,(語)laat2 一種花毛蟲	laat6
5081	鯻	𬶟	laat6	laat5	laat6
5082	鬎	鬎	laat3 鬎鬁，同瘌痢	laat5 鬎鬁，同瘌痢	laat6
5083	𤊶	𤊶	laat6 火貌	laat5 火貌,(白)laat3 熱、燙，～水、～手,(白)let3 又音，熱、燙，日頭～一勢，太陽猛得很	laat6
5084	麗	丽	lai6 美麗，麗質,li4 麗水，高麗，俗讀美麗之麗	lai6 美麗，麗質,li4 麗水，高麗，俗讀美麗之麗	lai6
5085	例	例	lai6	lai6	lai6
5086	勵	励	lai6	lai6	lai6
5087	厲	厉	lai6 嚴厲，厲行,(語)li6 厲害，本字利害	lai6 嚴厲，厲行,(語)li6 厲害，本字利害	lai6
5088	犁	犁	lai4	lai4	lai4
5089	禮	礼	lai5	lai5	lai5
5090	荔	荔	lai6 荔枝，此處讀郎計切，音義交錯	lai6 荔枝，此處讀郎計切，音義交錯	lai6
5091	黎	黎	lai4	lai4	lai4
5092	儷	俪	lai6	lai6	lai6
5093	捩	捩	lai6 琵琶撥法,lit6 轉捩點	lai6 琵琶撥法,lyut5 轉捩點	lit6
5094	澧	澧	lai5	lai5	lai5
5095	癘	疠	lai6	lai6	lai6
5096	礪	砺	lai6	lai6	lai6
5097	蠣	蛎	lai6	lai6	lai6
5098	蠡	蠡	lai5	lai5	lai5
5099	糲	粝	lai6	lai6	lai6
5100	藜	藜	lai4	lai4	lai4
5101	醴	醴	lai5	lai5	lai5
5102	鱧	鳢	lai5	lai5	lai5
5103	黧	黧	lai4	lai4	lai4
5104	㰀	㰀	lai4	lai4	lai4
5105	珕	珕	lai6	lai6	lai6
5106	劙	劙	lai5 刀刺,(又)li4	lai5 刀刺；〈語〉用腳掌擦地前進以翻動曬場的穀物,(又)li4	lai5,lei4
5107	沴	沴	lai6 沴孽	lai6 沴孽	lai6,leoi6
5108	蔾	蔾	lai4	lai4	lai4
5109	綟	𫄫	lai6 青綠色,lit6 麻綟,(白)let3 死/生～，死/活結，俗字纈	lai6 青綠色,lyut5 麻綟	lit6
5110	䚕	䚕	lai6 求視	lai6 求視,(白)lai3 找，～書、～醫生	lai6
5111	𣛒	𣛒	lai6 竊視也	lai6 竊視也,(白)lai2 瞟、斜着眼睛看，～一眼渠就行喇，又作𥉆字	lai6
5112	勒	勒	lak6 勒索；勒緊	lak5 勒索；勒緊	lak6
5113	肋	肋	lak6 肋骨，兩肋；～索[ʃak3]骨，（人或高等動物的）肋骨；打赤[tʃʰi33]～，打赤膊,lak1 胳～底，腋窩,(又)laak3 打赤[tʃʰi33]～，打赤膊；～旯[lɛ55]，腋窩,(白)laak1 ～脦[tak5]，不整潔	lak5 肋骨，兩肋；～索[ʃiɐk3]骨，（人或高等動物的）肋骨,(白)laak3 ～脦[tak5]，不整潔	lak6
5114	仂	仂	lak6 餘數,lik6 同力字	lak5 餘數,lik5 同力字	lak6,lik6
5115	泐	泐	lak6	lak5	lak6
5116	鰳	鳓	lak6	lak5	lak6
5117	簕	簕	lak6 簕竹，簕欓；〈語〉植物的刺或魚刺，本字竻	lak5 簕竹，簕欓；〈語〉植物的刺或魚刺，本字竻	lak6
5118	竻	竻	lak6 竹根；〈語〉植物的刺或魚刺，俗字簕	lak5 竹根；〈語〉植物的刺或魚刺，俗字簕	lak6
5119	阞	阞	lak6 地的脈理；裂開,(白)laak3 （衣服）裂開，俗字嘞	lak5 地的脈理；裂開,(白)laak3 （衣服）裂開，俗字嘞；眼白～拓[tʰak5]，眼睜睜	lak6
5120	玏	玏	lak6	lak5	lak6
5121	艻	艻	lak6	lak5	lak6
5122	臨	临	lam4	lam4	lam4
5123	凜	凛	lam2	lam5	lam5
5124	林	林	lam4	lam4	lam4
5125	淋	淋	lam4 淋雨；淋鹽	lam4 淋雨；淋鹽	lam4
5126	琳	琳	lam4	lam4	lam4
5127	霖	霖	lam4	lam4	lam4
5128	廩	廪	lam2 倉廩，廩食	lam5 倉廩，廩食	lam5
5129	檁	檩	lam2	lam5	lam5
5130	啉	啉	lam4 喹啉,laam4 行酒一巡；聒也	lam4 喹啉,laam4 行酒一巡；聒也,(白)lam1 哄，～雞捉狗，比喻語無倫次，俗字冧	lam4,laam4
5131	懍	懔	lam2	lam5	lam5
5132	箖	箖	lam4	lam4	lam4
5133	壈	𡒄	lam2	lam5	lam5
5134	冧	冧	lam3 俗字，垮塌、塌陷，～檔，倒閉，或與陷/窞/㘱同源，上古談部，另一說本字壈,lam1 俗字，～把，號碼，英語number，後起詞	lam3 俗字，垮塌、塌陷，～本，折本，或與陷/窞/㘱同源，上古談部，另一說本字壈,lam1 俗字，哄，～雞捉狗，比喻語無倫次，本字啉，聒也	lam3,lam1
5135	侖	仑	lan4 加侖,(老派)lyun4	lan4 加侖	leon4
5136	崙	仑	lan4 崑崙山,(老派)lyun4	lan4 崑崙山	leon4
5137	倫	伦	lan4,(老派)lyun4	lan4	leon4
5138	吝	吝	lan6 吝嗇，不吝,(老派)lyun6	lan6 吝嗇，不吝	leon6
5139	掄	抡	lan4,(老派)lyun4	lan4	leon4
5140	淪	沦	lan4 淪爲，沉淪,(老派)lyun4	lan4 淪爲，沉淪	leon4
5141	磷	磷	lan4 白磷，磷礦，磷肥,(老派)lyun4	lan4 白磷，磷礦，磷肥	leon4
5142	論	论	lan6 議論，論文,lan4 論語，俗讀議論之論,(老派)lyun6,(老派)lyun4	lan6 議論，論文；～日，成天,lan4 論語，俗讀議論之論	leon6；論語又讀leon4
5143	躪	躏	lan6,(老派)lyun6	lan6	leon6
5144	輪	轮	lan4,(老派)lyun4	lan4	leon4
5145	鄰	邻	lan4,(老派)lyun4	lan4	leon4
5146	鱗	鳞	lan4,(老派)lyun4	lan4	leon4
5147	綸	纶	lan4 滿腹經綸,gwaan1 羽扇綸巾,(老派)lyun4	lan4 滿腹經綸,gwaan1 羽扇綸巾	1)leon4:垂綸 2)gwaan1:綸巾
5148	藺	蔺	lan6,(老派)lyun6	lan6	leon6
5149	轔	辚	lan4,(老派)lyun4	lan4	leon4
5150	遴	遴	lan4 遴選,lan6 行難也；通吝字；～盡，不利索、麻煩,(老派)lyun4,(老派)lyun6	lan4 遴選,lan6 行難也；通吝字；～盡，不利索、麻煩	leon4；(古)通吝
5151	麟	麟	lan4,(老派)lyun4	lan4	leon4
5152	圇	囵	lan4,(老派)lyun4	lan4	leon4
5153	嶙	嶙	lan4,(老派)lyun4	lan4	leon4
5154	璘	璘	lan4,(老派)lyun4	lan4	leon4
5155	粼	粼	lan4,(老派)lyun4	lan4	leon4
5156	膦	膦	lan4 膦軟,lan6 有機化合物,(老派)lyun4,(老派)lyun6	lan4 膦軟,lan6 有機化合物	leon4
5157	潾	潾	lan4,(老派)lyun4	lan4	leon4
5158	瞵	瞵	lan4 注視,(老派)lyun4	lan4 注視,(白)len1 砂子等進入眼睛的感覺，眼～	leon4
5159	翷	翷	lan4,(老派)lyun4	lan4	leon4
5160	錀	𬬭	lan4 金,fan1 兔奄錀,(老派)lyun4	lan4 金,fan1 兔奄錀	fan1,leon4
5161	鏻	𬭸	lan4,(老派)lyun4	lan4	leon4
5162	驎	𬴊	lan4,(老派)lyun4	lan4	leon4
5163	埨	𫭢	lan4,(老派)lyun4	lan4	leon4
5164	燐	燐	lan4 燐火,(老派)lyun4	lan4 燐火	leon4
5165	溣	溣	lan6 水中曳船,(老派)lyun6,(語)lan2 弄髒、沾染，～到身上，沾到身上	lan6 水中曳船；〈語〉～～澇澇，田水滿溢,(語)lan2 弄髒、沾染，亞隻饅頭～着泥喇	leon6
5166	碖	碖	lan5 石落貌,lan6 石貌；大小勻貌,(白)lan3 掉落，～梭[ɬɔ21]梭[ɬɔ21]，紛紛落下貌，與甩/㪐[lɐt5]對轉	lan5 石落貌,lan6 石貌；大小勻貌,(白)lan3 掉落，屋燂灰～落歸喇，與甩/㪐[lɐt5]對轉	leon5,leon6
5167	㖮	㖮	lan1 假借字，啃，或源自㖥/吞/淪；飽滿，或源自耣/稐	lan1 假借字，緊、結實，或源自耣/稐	leon1
5168	愣	愣	lang4 發愣，同發楞	lang4 發愣，同發楞	ling6
5169	塄	塄	lang4	lang4	ling4
5170	楞	楞	lang4 發楞；地名，楞塘村,ling4 楞伽，楞嚴；同棱字	lang4 發楞；地名，楞塘村,ling4 楞伽，楞嚴；同棱字	ling4
5171	倰	倰	lang4 長貌；〈語〉～鬙[ɬɐŋ55]、～鬇[jɐŋ33]，不整潔；詞綴，發氣～～，發怒貌,ling4 欺凌	lang4 長貌；〈語〉鬅[pɐŋ21]鬙[ɬɐŋ21]～，不整潔,ling4 欺凌	ling4
5172	㘄	㘄	lang1 象聲詞；詞綴，跳～～，（人、動物）跳動貌，與嘞對轉，疑本字踜	lang1 象聲詞	lang1
5173	唥	唥	lang6 俗字，冚唪～，全部，一說源自合不剌/咸朋唥/咸不論；冚唪唥也是猜碼口令，數字十，也說開齊手,laang1 俗字，擬鈴聲；毛線，～衫，毛衣，或與羊同源，上古陽部，另一說法語laine/葡語lã/英語woollen	lang6 俗字，冚唪～，全部，一說源自合不剌/咸朋唥/咸不論；冚唪唥也是猜碼口令，數字十，也說開清手、全開手,laang1 俗字，擬鈴聲；毛線，～衫，毛衣，或與羊同源，上古陽部，另一說法語laine/葡語lã/英語woollen	laang6,laang1
5174	立	立	lap6 立正，建立；～亂，凌亂、隨便，一說本字𦆻；詞綴，溼～～，溼貌,(語)lep6 詞綴，溼～～，溼貌；爛～～，破破爛爛，或爲襲[ɬɛp2]的語流音變	lap5 立正，建立；～亂，凌亂、隨便，一說本字𦆻	lap6；(又)laap6
5175	笠	笠	(白)lap1 斗笠，蓑笠；執～，倒閉；褂～，汗背心，厚～，厚絨衣，線～，文化衫,(文)lap6	lap5 斗笠，蓑笠,(白)lap2 竹～，竹簍；執～，不給錢將貨物拿走；～衫、～頭衫，套頭衫,(白)lap3 又音，竹～，竹簍	lap1
5176	砬	砬	lap6 石藥；砬子	lap5 石藥；砬子	laa1,laap6
5177	苙	苙	lap1 畜欄也；白芷	lap5 畜欄也；白芷,(白)lep6 鴨～，竹製以圈鴨的圍簾，又稱竹圍	lap1
5178	鉝	𫟷	lap6	lap5	lap6；(又)laap6
5179	律	律	lat6 律師，法律,(老派)lyut6,(語)loet1 屈[kʷɐt2]～出[tʃʰœt5]，禿貌；案，元曲作出律（光/滑/黑出律）,(語)let1 短/薄～出[tʃʰɛt5]，短/薄貌，也作短/薄設[tʃʰɛt5]設[tʃʰɛt5]	lat5 律師，法律	leot6
5180	慄	栗	lat6,(老派)lyut6	lat5	leot6
5181	栗	栗	lat6,(老派)lyut6	lat5	leot6
5182	溧	溧	lat6,(老派)lyut6	lat5	leot6
5183	篥	篥	lat6,(老派)lyut6	lat5	leot6
5184	傈	傈	lat6,(老派)lyut6	lat5	leot6
5185	垏	垏	lat6	lat5	leot6
5186	葎	葎	lat6,(老派)lyut6	lat5	leot6
5187	凓	凓	lat6,(老派)lyut6	lat5	leot6
5188	㗚	㗚	lat6 嘍㗚,(老派)lyut6	lat5 嘍㗚,(語)lot2 ～人，騙人	leot6
5189	㪐	㪐	lat6 不穩,(白)lat1 脫落、掉，與碖[lɐn33]對轉，俗字甩，另一說脫[*kʰlo̠d]字上古複輔音的遺留	lat5 不穩,(白)lat3 脫落、掉，與碖[lɐn55]對轉，俗字甩，另一說脫[*kʰlo̠d]字上古複輔音的遺留	lak1
5190	𤝽	𤝽	lat6,(老派)lyut6	lat5	leot6
5191	劉	刘	lau4	lau4	lau4
5192	婁	娄	lau4	lau4	lau4
5193	摟	搂	lau2 摟抱,lau1 邀請；挑逗；（蒼蠅等）趴；披，～件衫；搜刮，～錢	lau5 摟抱,lau1 邀請；勸說；披，～件衫	lau5
5194	柳	柳	lau5 柳樹，楊柳；〈語〉五柳魚（一道傳統菜），雞柳（雞胸肉條），本字綹	lau5 柳樹，楊柳；〈語〉五柳魚（一道傳統菜），雞柳（雞胸肉條），本字綹	lau5
5195	樓	楼	lau4	lau4	lau4
5196	榴	榴	lau4 石榴，榴槤，手榴彈	lau4 石榴，榴槤，手榴彈	lau4
5197	流	流	lau4 流水，河流；～嘢，劣質貨；過年/新正/新年～～，大過年的,(又)lau1 過年/新正/新年～～，大過年的	lau4 流水，河流；～嘢，劣質貨；新年～～，大過年的	lau4
5198	瀏	浏	lau4	lau4	lau4
5199	溜	溜	lau6 水溜，急溜；滑～，光滑,liu1 溜走，溜冰，順口溜，醋溜（醋熘）,(白)lau1 不～，向來，老派用法，今已罕用,(又)leu3 揈[fɐŋ21]～～，得意貌	lau6 水溜，急溜,liu1 溜走，溜冰，順口溜，醋溜（醋熘）；稀～～，稀疏貌、（粥）很稀,(白)leu1 灰～～，灰暗貌，又喻事情做得不好,(又)liu3 揈[fɐŋ21]～～，得意貌	lau6
5200	漏	漏	lau6 漏雨，漏洞；～口，吃飯掉渣；～風，因牙齒脫落說話攏不住氣；～夜，連夜,(白)lau3 遺漏、落下，～車；撿漏、在農地翻找，～花生、～番薯；遺漏物,(白)laau3 過～，錯過時機、虛度時日	lau6 漏雨，漏洞；～口，走漏祕密；～風，因牙齒脫落說話攏不住氣,(白)lau3 撿漏、在農地翻找，～花生、～番薯；遺漏物	lau6
5201	琉	琉	lau4 琉璃	lau4 琉璃	lau4
5202	留	留	lau4	lau4	lau4
5203	瘤	瘤	lau4	lau4	lau4
5204	硫	硫	lau4 硫磺	lau4 硫磺	lau4
5205	簍	篓	lau5	lau5	lau5
5206	陋	陋	lau6 簡陋，陋室	lau6 簡陋，陋室	lau6
5207	餾	馏	lau4 蒸餾，分餾,lau6 餾飯	lau4 蒸餾，分餾,lau6 餾飯	lau6
5208	嘍	喽	lau4 嘍囉,lau1 助詞	lau4 嘍囉,lau1 助詞	lau4
5209	螻	蝼	lau4	lau4	lau4
5210	褸	褛	lau1 大衣；口水～，涎布、圍嘴兒,lyu5 襤褸	lau1 大衣；口水～，涎布、圍嘴兒,lyu5 襤褸	lau5；(又)leoi5
5211	瞜	䁖	lau1 視也,(又)lau4	lau1 視也,(又)lau4	lau1
5212	僂	偻	lau4 佝僂，僂儸,lyu5 傴僂；迅速	lau4 佝僂，僂儸,lyu5 傴僂；迅速	lau4,leoi5
5213	嶁	嵝	lau5	lau5	lau5
5214	旒	旒	lau4	lau4	lau4
5215	綹	绺	lau5 剪綹，一綹；五～魚，以五綹料製成的傳統名菜，俗作五柳魚；雞～，雞胸肉切條，俗作雞柳	lau5 剪綹，一綹；五～魚，以五綹料製成的傳統名菜，俗作五柳魚；雞～，雞胸肉切條，俗作雞柳	lau5
5216	耬	耧	lau4 耬車	lau4 耬車	lau4
5217	蔞	蒌	lau4 蔞蒿，䒷蔞,(白)lau1 假～，假蒟、假蔞葉，與蔞葉（也叫蒟醬）形似但不同種	lau4 蔞蒿，䒷蔞,(白)lau1 假～，假蒟、假蔞葉，與蔞葉（也叫蒟醬）形似但不同種	lau4
5218	遛	遛	lau4 逗遛,lau6 遛彎，遛狗，遛達	lau4 逗遛,lau6 遛彎，遛狗，遛達	lau4,lau6
5219	鎏	鎏	lau4	lau4	lau4
5220	鏤	镂	lau6	lau6	lau6
5221	鎦	镏	lau4 鎦金,lau6 鎦子	lau4 鎦金,lau6 鎦子	lau4,lau6
5222	鏐	镠	lau4	lau4	lau4
5223	騮	骝	lau4 驊騮,(語)lau1 馬[ma55]～，猴子，又作馬留/馬流/獁騮/馬𧳽/馬𤠑，一說源自沐猱/沐猴	lau4 驊騮；〈語〉馬[ma24]～，猴子，又作馬留/馬流/獁騮/馬𧳽/馬𤠑，一說源自沐猱/沐猴,(語)lau3 又音，馬[ma55]～，猴子	lau4
5224	瘻	瘘	lau6 瘻管，痔瘻	lau6 瘻管，痔瘻	lau6
5225	漊	溇	lau4 水名，漊水,lau5 水溝,lyu5 小雨不絕貌	lau4 水名，漊水,lau5 水溝,lyu5 小雨不絕貌	lau4
5226	漻	漻	lau4 變化貌,liu4 水清貌	lau4 變化貌,liu4 水清貌	lau4,liu4
5227	珋	珋	lau5	lau5	lau5
5228	窶	窭	lau4 甌窶,gyu6 貧窮	lau4 甌窶,gyu6 貧窮	lau4,geoi6
5229	罶	罶	lau5	lau5	lau5
5230	飀	飗	lau4	lau4	lau4
5231	鶹	鹠	lau4	lau4	lau4
5232	鷚	鹨	lau6	lau6	lau6
5233	膢	𦝼	lau4,(又)lyu4	lau4,(又)lyu4	lau4,leoi4
5234	塿	𪣻	lau5 培塿（小土丘）,(語)lau6 ～培[pɐu22]，不整潔、臃腫，古作培塿/部婁，俗字瘻婄/漏䏽；一䊆～，一塊塊，䊆塿實爲䊆的分音	lau5 培塿（小土丘）,(語)lau6 ～培[pɐu22]，不整潔、臃腫，古作培塿/部婁，俗字瘻婄/漏䏽	lau5
5235	剅	剅	lau4	lau4	lau4
5236	瑬	瑬	lau4	lau4	lau4
5237	疁	疁	lau4	lau4	lau4
5238	鋶	锍	lau5	lau5	lau5
5239	蹓	蹓	lau6 同遛字，蹓躂，蹓狗,liu1 同溜字，蹓走	lau6 同遛字，蹓躂，蹓狗,liu1 同溜字，蹓走	lau4,lau6
5240	霤	霤	lau6	lau6	lau6
5241	褦	褦	(習)le5 褦襶（衣着不整；吊兒郎當），或與肋脦/襰𧜁同源；～㹃[fɛ35]，同褦襶,(書)naai6,(語)nang3 俗字，連着、粘連，本字不明；狗𪐀[na55]～，狗交配,(語)neng3 又音	(習)le5 褦襶（衣着不整；吊兒郎當），或與肋脦/襰𧜁同源,(書)naai6,(語)niang3 俗字，連着、粘連，本字不明,(語)nang3 又音；狗打～，狗交配	naai6,nang3
5242	叻	叻	lek1 俗字，能幹，與靈對轉，本字力,lak6 譯音用字，石叻，叻埠，呵叻	liak3 俗字，能幹，與靈對轉，本字力,lak5 譯音用字，石叻，叻埠，呵叻	lak6,lek1,lik1
5243	癧	疬	(白)lek6 淋巴結,(文)lik6	lik5 淋巴結	lik6
5244	嶺	岭	(白)leng5 山嶺；地名，長堽嶺，石柱嶺,(文)ling5 嶺南	ling5 山嶺，嶺南；地名，長堽嶺，石柱嶺	ling5
5245	鯪	鲮	(白)leng4 鯪魚,(文)ling4 鯪鯉	ling4 鯪魚，鯪鯉	ling4
5246	鷯	鹩	(白)leu1 鷯哥（形似八哥兒）,liu4 鷦鷯,(文)liu1	leu2 鷯哥[ko33]（形似八哥兒）,liu4 鷦鷯	liu4,liu1
5247	俐	俐	li6	li6	lei6
5248	利	利	li6 順利，利益；舌頭，俗字脷，避諱舌/折；～市[ʃi22]，紅包,(又)lai6 ～市[ʃi22]，紅包,(又)lai2 冇老～，不吉利、不順利	li6 順利，利益；舌頭，俗字脷，避諱舌/折；～市[ʃi22]，紅包	lei6
5249	釐	厘	li4 釐定，毫釐,(白)li1 一～子、一～銻，一分錢	li4 釐定，毫釐	lei4:釐定
5250	吏	吏	li6	li6	lei6
5251	哩	哩	li1 嘰哩咕嚕；花～花碌，花裏胡哨；唦[ʃa21]～躘[lʊŋ22]蹱[tʃʰʊŋ33]，莽撞；〈外〉疏芙～，蛋奶酥、舒芙蕾，一種源自法國的烘培麪點，法語Soufflé，二十世紀六十年代南寧新生園飯店有提供,li5 英里的舊稱,le1 語氣詞；〈外〉茄哩啡，龍套、小角色，英語carefree，後起詞,(語)li4 象聲詞，啤[pi21]～叭[pa21]啦[la21]，鞭炮聲、雨聲，啤[pi21]～穙稑，敲打聲，爆裂聲	li1 嘰哩咕嚕；花～花碌，花裏胡哨,li5 英里的舊稱,le3 語氣詞,(語)li4 象聲詞，唏[hi21]～㗾[he21]咧[le21]，喘氣聲，啤[pi21]～嘣[pɛm21]咧[le21]，鞭炮聲，啤[pi21]～叭[pa21]啦[la21]，鞭炮聲、雨聲	1)lei5:英哩 2)le1:助詞 3)lei1:哩哩啦啦
5252	李	李	li5	li5	lei5
5253	梨	梨	li4	li4	lei4
5254	漓	漓	li4 淋漓盡致	li4 淋漓盡致	lei4
5255	理	理	li5	li5	lei5
5256	璃	璃	li1 玻璃,li4 琉璃	li4 玻璃；琉璃	1)lei4:琉璃 2)lei1:玻璃
5257	痢	痢	li6 痢疾（口語稱屙痢）,(白)li1 瘌痢	li6 痢疾（口語稱屙痢）；瘌痢	lei6
5258	離	离	li4 離別，距離,(白)le4 奇[kʰɛ21]～，古怪；～憩[hɛ33]，不修邊幅	li4 離別，距離	lei4；(古)lei6不可須臾離也
5259	籬	篱	li4 籬笆，籬下；撈[lɛu21/lau21]～，笊籬,(白)li1 撈[lau55]～，笊籬	li4 籬笆，籬下	lei4
5260	莉	莉	li6	li6	lei6
5261	裏	里	li5 裏外；衣裏	li5 裏外；衣裏	1)leoi5:裏外 2)lei5:衣裏
5262	里	里	li5 千里，里程，里弄	li5 千里，里程，里弄；〈語〉帆，避諱翻，轉讀里，音近利，看風駛～，見風駛舵，俗字𢃇	lei5
5263	鯉	鲤	li5	li5	lei5
5264	厘	厘	li4 厘米，同釐米	li4 厘米，同釐米	lei4
5265	貍	狸	li4 貍貓，狐貍	li4 貍貓，狐貍	lei4
5266	俚	俚	li5	li5	lei5
5267	喱	喱	li1 咖喱，啫喱	li1 咖喱，啫喱	lei1
5268	娌	娌	li5	li5	lei5
5269	罹	罹	li4	li4	lei4
5270	邐	逦	li5	li5	lei5
5271	驪	骊	li4	li4	lei4
5272	嫠	嫠	li4	li4	lei4
5273	悝	悝	li5 憂傷,fui1 嘲笑；詼諧	li5 憂傷,hui1 嘲笑；詼諧	lei5,fui1
5274	猁	猁	li6	li6	lei6
5275	縭	缡	li4	li4	lei4
5276	蘺	蓠	li4	li4	lei4
5277	蜊	蜊	li4	li4	lei4
5278	詈	詈	li6	li6	lei6
5279	鋰	锂	li5	li5	lei5
5280	鱺	鲡	li4	li4	lei4
5281	鸝	鹂	li4	li4	lei4
5282	莅	莅	li6 莅臨，莅會	li6 莅臨，莅會	lei6
5283	浬	浬	li5	li5	lei5
5284	峛	峛	li5	li5	lei5
5285	漦	漦	li4 涎沫也,(白)saan4 唾液	li4 涎沫也,(白)saan4 唾液	lei4
5286	醨	醨	li4	li4	lei4
5287	犛	犛	li4	li4	lei4
5288	狸	狸	li4 同貍字，狸貓，狐狸	li4 同貍字，狸貓，狐狸	lei4
5289	蒞	莅	li6 同莅字	li6 同莅字	lei6
5290	剺	剺	li4 剝也,(白)li1 撕	li4 剝也	lei4
5291	梩	梩	li4	li4	lei4
5292	灕	漓	li4 灕江	li4 灕江	lei4
5293	鬁	鬁	li6 鬎鬁，同瘌痢,(白)li1 鬎鬁，同瘌痢	li6 鬎鬁，同瘌痢	lei1
5294	力	力	lik6 力量，有力,(外)lik1 朱古力，英語chocolate,(語)li1 苦力，與英語coolie同源，俗作咕哩/咕喱	lik5 力量，有力	lik6
5295	曆	历	lik6 日曆，曆法	lik5 日曆，曆法	lik6
5296	歷	历	lik6 歷史，經歷	lik5 歷史，經歷,(白)lik3 ～落[lak5]，利落	lik6
5297	瀝	沥	lik6 瀝青，瀝血	lik5 瀝青，瀝血	lik6
5298	礫	砾	lik6	lik5	lik1
5299	靂	雳	lik6	lik5	lik1；(又)lik6
5300	嚦	呖	lik6 嚦嚦,(語)lik1 象聲詞，𠽤[kʰek5]～硞[kʷʰɐk5]嘞[lɐk5]，各種事物	lik5 嚦嚦	lik6
5301	櫪	枥	lik6	lik5	lik1
5302	藶	苈	lik6	lik5	lik6
5303	酈	郦	lik6 姓	lik5 姓	lik6
5304	壢	坜	lik6	lik5	lek6,lik6
5305	朸	朸	lik6,(又)lak6	lik5,(又)lak5	lak6,lik6
5306	轢	轹	lik6	lik5	lik1
5307	瓅	𬍛	lik6	lik5	lik1
5308	㠣	𫵷	lik6	lik5	lik6
5309	擽	㧰	lik6 捎也,loek6 擊也	lik5 捎也,liak5 擊也,(白)liak2 撇開、撇去，～開啲粥泡去	lik6,loek6
5310	帘	帘	lim4 酒帘	lim4 酒帘	lim4
5311	簾	帘	lim4 窗簾，簾幕	lim4 窗簾，簾幕	lim4
5312	廉	廉	lim4	lim4	lim4
5313	斂	敛	lim2 收斂	lim5 收斂	lim5；(又)lim6
5314	臉	脸	lim2 臉頰；臉面,(又)lin2	lim5 臉頰；臉面	lim5
5315	鐮	镰	lim4 鐮刀，火鐮	lim4 鐮刀，火鐮	lim4
5316	奩	奁	lim4	lim4	lim4
5317	殮	殓	lim2 裝殮，入殮,(又)lim6	lim5 裝殮，入殮	lim5
5318	濂	濂	lim4	lim4	lim4
5319	瀲	潋	lim6	lim6	lim6
5320	蠊	蠊	lim4	lim4	lim4
5321	磏	磏	lim4 礪石,him1 地名，大磏（在貴州）	lim4 礪石,him1 地名，大磏（在貴州）	lim4
5322	蘞	蔹	lim5 白蘞、赤蘞	lim5 白蘞、赤蘞	lim5
5323	襝	裣	lim5	lim5	lim5
5324	鬑	鬑	lim4	lim4	lim4
5325	熑	熑	lim4 火不絕,(白)lem4 火、燎，用焰尾燒	lim4 火不絕	lim4
5326	臁	臁	lim4	lim4	lim4
5327	䭑	𫗱	lim5 小食也	lim5 小食也,(語)gem5 舔,(語)lem4 𩛌[tse22]～，小孩嘴饞	lim5
5328	憐	怜	lin4	lin4	lin4
5329	煉	炼	lin6 冶煉，煉油	lin6 冶煉，煉油	lin6
5330	練	练	lin6	lin6	lin6
5331	聯	联	lin4 聯合，對聯，肉聯廠；〈語〉又音，縫製（衣服）,(又)lim4,(語)lyun4 縫製（衣服），～衫，縫衣服，～針，縫針	lin4 聯合，對聯，肉聯廠,(又)lim4,(語)lyun4 縫製（衣服），～針，縫針	lyun4
5332	蓮	莲	lin4 蓮花，蓮子	lin4 蓮花，蓮子	lin4
5333	連	连	lin4	lin4	lin4
5334	鍊	鍊	lin6 鍊金；鍊條，後作鏈,(又)lin2 鍊條	lin6 鍊金；鍊條，後作鏈	lin6；(語)lin2金鍊，亦作金鏈
5335	鏈	链	(白)lin2 拉鏈，鏈條,(文)lin6 鏈接	lin6 拉鏈，鏈條	lin6；(語)lin2
5336	漣	涟	lin4	lin4	lin4
5337	鰱	鲢	lin4 鰱魚	lin4 鰱魚	lin4
5338	槤	梿	lin4 榴槤，槤枷	lin4 榴槤，槤枷	lin4
5339	楝	楝	lin6 苦楝，楝樹,(又)lin1	lin6 苦楝，楝樹	lin6
5340	璉	琏	lin5 瑚璉	lin5 瑚璉	lin5
5341	褳	裢	lin4	lin4	lin4
5342	浰	浰	lin6,(又)li6	lin6,(又)li6	lei6,lin6
5343	瑓	瑓	lin6	lin6	lin6
5344	鰊	𬶠	lin6	lin6	lin6
5345	摙	摙	lin5 擔；運,lin6 按,(白)lin3 打滾，俗字碾/輾,(白)len3 又音	lin5 擔；運,lin6 按,(白)lin3 打滾；～地，滾地；～～趢[lœk3]趢[lœk3]，滾來滾去，俗字碾/輾,(白)len3 遞，～許我	lin5
5346	令	令	ling6 令人，命令,ling4 令狐，俗讀命令之令,ling1 量詞，一令紙	ling6 令人，命令,ling4 令狐，俗讀命令之令,ling1 量詞，一令紙	1)ling6:命令 2)ling1:一令紙
5347	伶	伶	ling4 名伶，伶俐,(白)ling1 孤伶伶、孤伶清，又作孤零零、孤零清	ling4 名伶，伶俐，孤伶伶	ling4
5348	凌	凌	ling4 冰凌，凌厲	ling4 冰凌，凌厲	ling4
5349	另	另	ling6 另類，另外（口語用另開）	ling6 另類，另外	ling6
5350	靈	灵	ling4 靈活，神靈,(白)leng4 靈驗、見效；～擎[kʰɛŋ21]，靈驗，實爲靈的分音，又或源自靈奇，奇受前字順同化爲擎,(白)leng1 精[tʃɛŋ55]～，機靈，實爲精的分音，與叻對轉,(白)ling1 又音，精[tʃeŋ55]～，機靈	ling4 靈活，神靈,(白)ling1 精～，機靈，實爲精的分音，與叻對轉	ling4
5351	玲	玲	ling4	ling4	ling4
5352	羚	羚	ling4	ling4	ling4
5353	聆	聆	ling4	ling4	ling4
5354	菱	菱	ling4 菱角	ling4 菱角	ling4
5355	鈴	铃	ling4 風鈴，鈴鐺,(白)ling1 ～啷，搖鈴聲；～啷佬，貨郎；車～，單車鋼圈,(白)leng1 搖鈴聲	ling4 風鈴，鈴鐺,(白)ling3 一種遊戲用具，鐵製圈；～啷[loŋ33]，搖鈴聲；～啷[loŋ33]佬，貨郎；車～，單車鋼圈	ling4
5356	陵	陵	ling4	ling4	ling4
5357	零	零	ling4 零分，零頭，零售,(白)leng4 斤零重（一斤多重），十零隻（十多隻），九點零鐘（九點多鐘）,(白)ling1 孤零零、孤零清，又作孤伶伶、孤伶清	ling4 零分，孤零零，九點零鐘（九點多鐘）	ling4
5358	領	领	ling5 領獎，首領,(白)leng5 衫領，衣領	ling5 領獎，衣領	ling5
5359	齡	龄	ling4	ling4	ling4
5360	棱	棱	ling4 棱角，棱柱，模棱兩可,(語)lang5 鞭痕（鞭子抽起的傷痕）	ling4 棱角，棱柱，模棱兩可,(語)lang3 皮膚上的腫痕	ling4
5361	綾	绫	ling4	ling4	ling4
5362	翎	翎	ling4	ling4	ling4
5363	苓	苓	ling4	ling4	ling4
5364	呤	呤	ling4 呤呤；象聲詞，呯[peŋ21]～嘭[paŋ21]啷[laŋ21]，劈哩啪啦,ling6 嘌呤	ling4 呤呤；象聲詞，呯～嘭[pɐŋ21]啷[lɐŋ21]，劈哩啪啦,ling6 嘌呤	ling4
5365	囹	囹	ling4	ling4	ling4
5366	崚	崚	ling4 崚嶒,(又)lang4	ling4 崚嶒,(又)lang4	ling4
5367	欞	棂	ling4	ling4	ling4
5368	泠	泠	ling4	ling4	ling4
5369	瓴	瓴	ling4	ling4	ling4
5370	蛉	蛉	ling4	ling4	ling4
5371	酃	酃	ling4	ling4	ling4
5372	祾	祾	ling4	ling4	ling4
5373	坽	坽	ling4 峻岸,(語)ling3 俗字，傾斜、陡；坡道、斜坡，源自嶺，阪也	ling4 峻岸,(語)ling3 俗字，傾斜、陡；坡道、斜坡，源自嶺，阪也	ling4
5374	堎	堎	ling4	ling4	ling4
5375	姈	姈	ling4	ling4	ling4
5376	昤	昤	ling4	ling4	ling4
5377	柃	柃	ling4	ling4	ling4
5378	澪	澪	ling4	ling4	ling4
5379	舲	舲	ling4	ling4	lang1,ling4
5380	鴒	鸰	ling4	ling4	ling4
5381	㥄	㥄	ling4	ling4	ling4
5382	稜	棱	ling4 同棱字,(語)lang5 鞭痕（鞭子抽起的傷痕）	ling4 同棱字,(語)lang3 皮膚上的腫痕	ling4
5383	櫺	櫺	ling4	ling4	ling4
5384	淩	淩	ling4 水名；姓	ling4 水名；姓	ling4
5385	炩	炩	ling6 炩火；〈語〉俗字，霍[kʷʰak3]～，閃電，源自霍閃，炩當爲亮的音變,(白)leng6 攝～，閃電，與閃靂對轉,(語)ling3 ～噻[ɬak2]噻[ɬak2]，鋥亮	ling6 炩火	ling6
5386	笭	笭	ling4 笭箵（口語稱魚䉴）,(白)ling1 年輕幼稚的，～崽（本義背篼嬰），貶義、詈語，俗字僆,(白)leng1 又音，～崽	ling4 笭箵（口語稱魚䉴）	ling4
5387	蔆	蔆	ling4	ling4	ling4
5388	薐	薐	ling4	ling4	ling4
5389	醽	醽	ling4	ling4	ling4
5390	〇	〇	ling4	ling4	ling4
5391	掕	掕	ling4 止也,(白)lang4 攔截，與勒對轉,(語)lang3 俗字，半～掯，半途、半路，本字硠砊；量詞，串、條、嘟嚕，矮瓜刨四～得啊，茄子刨四串得了，本字硠	ling4 止也,(白)lang4 攔截，與勒對轉,(語)lang3 俗字，半～掯，半途、半路，本字硠砊	ling4,lang3
5392	獵	猎	lip6 打獵，獵人,(又)lit6 俗讀	lip5 打獵，獵人	lip6
5393	躐	躐	lip6	lip5	lip6
5394	鬣	鬣	lip6	lip5	lip6
5395	鱲	𫚭	lip6 鱲魚，又稱桃花魚,laap6 腌魚	lip5 鱲魚，又稱桃花魚,laap5 腌魚	lip6,laap6
5396	擸	擸	lip6 理持也,laap6 折、碾；擸𢶍，又作垃圾/拉颯	lip5 理持也,laap5 折、碾；擸𢶍，又作垃圾/拉颯	laap3
5397	列	列	lit6 排列，列隊；量詞，排,(白)let6 量詞，排；排～～，個挨個；溶癟[pɛt2]～，（飯、麪條等）軟爛；七屍八～，原指事故慘狀，後喻雜亂、零亂；案，列列、癟列源自元代的剌剌（象聲詞）、不剌（語尾助詞）,(白)laat6 又音，睡～～，成排地躺；案，源自元代的剌剌（象聲詞）	lyut5 排列，列隊；量詞，排	lit6
5398	咧	咧	lit6 鳥聲；咧開，咧嘴,le1 大大咧咧（口語稱大咧咧，源自大剌剌）；唓～，話多、愛表現，源自啁嘐/周遮，語多，元代作遮剌/雕剌,le4 語氣詞，𠯔斜～，呸	lyut5 鳥聲；咧開，咧嘴,le3 大大咧咧（口語稱大剌剌）；唓[tʃʰe55]～，話多、愛表現，源自啁嘐/周遮，語多，元代作遮剌/雕剌,le4 語氣詞，𠯔斜[tsʰe21]～，呸；象聲詞，唏[hi21]哩[li21]㗾[he21]～，喘氣聲，啤[pi21]哩[li21]嘣[pɛm21]～，鞭炮聲,(語)le2 嗲[te33]嗲[te33]～～，撒嬌的聲音或態度	lit6
5399	烈	烈	lit6	lyut5	lit6
5400	裂	裂	lit6 斷裂，裂開	lyut5 斷裂，裂開	lit6
5401	冽	冽	lit6	lyut5	lit6
5402	洌	洌	lit6	lyut5	lit6
5403	趔	趔	lit6	lyut5	lit6
5404	鴷	䴕	lit6	lyut5	lit6
5405	挒	挒	lit6	lyut5	lit6
5406	了	了	liu5 了結，不得了	liu5 了結，不得了；助詞，完成體標記（了1）	liu5
5407	僚	僚	liu4 官僚，同僚	liu4 官僚，同僚	liu4
5408	嘹	嘹	liu4 嘹亮	liu4 嘹亮	liu4
5409	寥	寥	liu4 寂寥，寥廓,(白)leu1 空～～，空蕩蕩；稀～～，稀疏貌、（粥）很稀；疏～～，稀疏貌；閜[kʰɔ21]～翹[kʰɛu55]，彎彎曲曲,(白)laau1 又音，稀～～，疏～～	liu4 寂寥，寥廓,(白)leu3 空～～，空蕩蕩；～鬍子，稀疏的鬍子；疏～～，稀疏貌；閜[ko21]～翹[kʰɛu55]，彎彎曲曲,(白)laau3 又音，稀～～，疏～～；閜[ko21]～翹[kʰau55]，彎彎曲曲	liu4
5410	撩	撩	liu4 撩動，撩撥,(白)leu1 ～耳朵，掏耳朵；～起，掀起；～火棍，撥火棒	liu4 撩動，撩撥,(白)leu1 ～耳朵，掏耳朵；～起，掀起；～火棍，撥火棒	liu4
5411	料	料	liu6 預料，料想，照料,(白)liu2 塑料，材料，資料，調料，飲料	liu6 預料，材料，調料,(白)leu3 打漂[pʰɛu55]～子，打水漂兒	liu6
5412	療	疗	liu4	liu4	liu4
5413	瞭	瞭	liu5 瞭解，明瞭,liu4 瞭望	liu5 瞭解，明瞭,liu4 瞭望	1)liu4:瞭望 2)liu5:瞭解
5414	繚	缭	liu4 繚繞，繚亂,(白)leu2 繞，捲起,(白)leu1 ～衫腳、～褲腳、～袖口，繰邊兒	liu4 繚繞，繚亂	liu4
5415	聊	聊	liu4	liu4	liu4
5416	遼	辽	liu4	liu4	liu4
5417	寮	寮	liu4 茅寮，寮舍,(白)leu1 茅～，茅屋,(白)liu1 又音，茅～，茅屋	liu4 茅寮，寮舍	liu4
5418	廖	廖	liu6 姓	liu6 姓	liu6
5419	潦	潦	liu4 潦草；潦倒，古讀郎刀切,(古)lu5 雨大貌	liu4 潦草；潦倒，古讀郎刀切,(古)laau5 雨大貌	1)liu4:潦倒 2)lou5:(古)水潦降
5420	燎	燎	liu4 燎原；火燎，古讀上聲或去聲	liu4 燎原；火燎，古讀上聲或去聲	liu4
5421	尥	尥	liu6 尥蹶子	liu6 尥蹶子	liu6
5422	撂	撂	liu1 放下,loek6 掠取，本字㨼	liu1 放下,liak5 掠取，本字㨼	liu1,loek6
5423	獠	獠	liu4 獠牙,lu5 蠻族,(白)leu4 獠牙	liu4 獠牙,laau5 蠻族,(白)leu4 獠牙	liu4,lou5
5424	蓼	蓼	liu5 辣蓼（水蓼）,luk6 草長大貌	liu5 辣蓼（水蓼）,loek5 草長大貌	liu5,luk6
5425	釕	钌	liu6 釕銱兒,liu5 金屬元素，符號Ru	liu6 釕銱兒,liu5 金屬元素，符號Ru	liu6,liu5
5426	鐐	镣	liu4	liu4	liu4
5427	熘	熘	liu1 醋熘白菜，焦熘裏脊	liu1 醋熘白菜，焦熘裏脊	liu1,lau6
5428	蹽	蹽	liu4	liu4	liu4
5429	嫽	嫽	liu4 戲弄,(白)leu1 挑逗、撩撥，冇～人哋打交	liu4 戲弄,(白)leu1 挑逗、撩撥，冇～人哋打交	liu4
5430	憭	憭	liu4 憭慄,liu5 聰慧	liu4 憭慄,liu5 聰慧	liu4,liu5
5431	簝	簝	liu4	liu4	liu4
5432	髎	髎	liu4	liu4	liu4
5433	𪤗	𪤗	liu6	liu6	liu6
5434	镽	镽	liu5 長貌,liu4 細長	liu5 長貌,liu4 細長,(語)liu2 樹標～，樹梢	liu5,liu4
5435	𣩢	𣩢	liu6 敗也,(白)leu3 枯萎	liu6 敗也,(白)leu3 枯萎	liu6
5436	囉	啰	lo1 囉唆；～柚，屁股，或源自螺/腡；語氣詞，講清楚冇係得～！,lo4 嘍囉，囉唕	lo1 囉唆,lo4 嘍囉，囉唕	1)lo1:囉唆 2)lo4:嘍囉 3)lo3:助詞
5437	籮	箩	lo4 名詞，～頭，籮筐；量詞,(白)lo1 百～，嬰兒滿百日；量詞，一～炭，一簍子炭	lo4 名詞，～頭，籮筐；量詞,(白)laa4 籮斗	lo4
5438	羅	罗	lo4	lo4	lo4
5439	蘿	萝	lo4 蘿蔔，藤蘿	lo4 蘿蔔，藤蘿	lo4
5440	裸	裸	lo2 裸體	lo2 裸體	lo2
5441	邏	逻	lo4 邏輯，巡邏	lo4 邏輯，巡邏；〈語〉簸[po21]梭[ɬo21]～，樹冠覆蓋面大，遮陽好	lo4；巡邏又讀lo6
5442	鑼	锣	lo4	lo4	lo4
5443	騾	骡	lo4	lo4	leoi4；(又)lo4
5444	玀	猡	lo4 豬玀	lo4 豬玀	lo4
5445	摞	摞	lo3 摞起來	lo6 摞起來	lo3
5446	欏	椤	lo4	lo4	lo4
5447	瘰	瘰	lo2 瘰癧	lo2 瘰癧	lo2
5448	蓏	蓏	lo2	lo2	lo2
5449	蠃	蠃	lo2 蜾蠃,lo4 同螺字	lo2 蜾蠃,lu4 同螺字	lo2,lo4
5450	倮	倮	lo2	lo2	lo2
5451	儸	㑩	lo4 僂儸	lo4 僂儸	lo4
5452	砢	砢	lo2 磊砢,ko1 砢磣；同珂字	lo2 磊砢,ko1 砢磣；同珂字	lo2,o1
5453	臝	臝	lo2	lo2	lo2
5454	㱻	㱻	lo6	lo6,(白)laa3 發～，發瘟	lo6
5455	攞	攞	lo2 拿、取、要，源自攎，持也；助詞，動詞後表動作方式，着，弱讀讀同左或楚，隻雞擰來炒～一係煲～？這隻雞是拿來炒還是煲湯？,(語)zo2 助詞，弱讀,(語)co2 又音，助詞，弱讀	lo2 拿、取、要，源自攎，持也，本地用取或要	lo2
5456	饠	𫗩	lo4	lo4	lo4
5457	㼈	𭹜	lo4	lo4	lo4
5458	螺	螺	lo4 田螺，螺旋，陀螺,(白)lo1 陀螺；轉/捹～～，團團轉，圓～～、圓陀[tʰɔ55]～，圓滾滾，俗字囉	lu4 田螺，螺旋，陀螺,(又)lo4,(白)lo3 捹～～，團團轉，圝陀[to55]～，形容很圓	lo4
5459	腡	脶	lo4 手指紋	lu4 手指紋	lo4
5460	覼	𫌨	lo4	lu4	lo4
5461	𦧲	𦧲	loe1 吐，本爲象聲詞，擬吐聲，～瓜子，嗑瓜子,loe2 揩擦，攞飯來～乾淨隻油鑊去，疑本字縷/捋/擼	loe1 吐，本爲象聲詞，擬吐聲,loe2 揩擦，疑本字縷/捋/擼	loe1,loe2
5462	掠	掠	loek6 擄掠，掠奪,(又)loek3	liak5 擄掠，掠奪	loek6
5463	略	略	loek6 戰略，大略,(又)loek3	liak5 戰略，大略,(又)liak2 大略	loek6
5464	䂮	䂮	loek6	liak5	loek6
5465	圙	圙	loek6	liak5	loek6
5466	兩	两	loeng5 兩個，兩斤；～人好、～兄弟，猜碼口令，數字二,loeng2 斤兩，二兩	liang5 兩個，兩斤；斤兩，二兩；～人好，猜碼口令，數字二	1)loeng5:兩本書 2)loeng2:十兩
5467	亮	亮	loeng6	liang6	loeng6
5468	倆	俩	loeng5	liang5	loeng5
5469	涼	凉	loeng4 冰涼，涼爽	liang4 冰涼，涼爽	loeng4
5470	梁	梁	loeng4 梁山，梁朝；姓	liang4 梁山，梁朝；姓	loeng4
5471	樑	梁	loeng4 房樑，脊樑	liang4 房樑，脊樑	loeng4
5472	糧	粮	loeng4 糧食，口糧	liang4 糧食，口糧	loeng4
5473	粱	粱	loeng4	liang4	loeng4
5474	良	良	loeng4	liang4	loeng4
5475	諒	谅	loeng6	liang6	loeng6
5476	輛	辆	loeng2 車輛	liang5 車輛	loeng6
5477	量	量	loeng4 測量,loeng6 數量	liang4 測量,liang6 數量	1)loeng4:量米 2)loeng6:膽量
5478	椋	椋	loeng4	liang4	loeng4
5479	莨	莨	loeng4 薯莨,long6 莨菪	liang4 薯莨,laang6 莨菪	loeng4,long4
5480	踉	踉	loeng4 跳踉,loeng6 踉蹌	liang4 跳踉,liang6 踉蹌	loeng4,loeng6,long4
5481	魎	魉	loeng5	liang5	loeng5
5482	俍	俍	loeng4	liang4	loeng4
5483	倞	倞	loeng6 求；索取,ging6 強勁	liang6 求；索取,ging6 強勁	loeng6,ging6
5484	悢	悢	loeng6 惆悵,long5 懭悢	liang6 惆悵,laang5 懭悢	loeng6,long5
5485	輬	辌	loeng4	liang4	loeng4
5486	綡	𫟅	loeng4	liang4	loeng4
5487	墚	墚	loeng4	liang4	loeng4
5488	䓣	𬜯	loeng5	liang5	loeng5
5489	啢	唡	loeng2	liang5	loeng2
5490	喨	喨	loeng6	liang6	loeng6
5491	緉	𮉧	loeng5	liang5	loeng5
5492	裲	𮖁	loeng5	liang5	loeng5
5493	蜽	𮔊	loeng5	liang5	loeng5
5494	來	来	loi4 未來，來回，來信,(白)lai4 過來，來到，出來；後置虛詞，表判斷、命令或假設,(語)laai4 䠩[kui22]～～，累、乏力	laai4 未來，來回，過來	loi4
5495	睞	睐	loi6	laai6	loi6
5496	萊	莱	loi4	laai4	loi4
5497	崍	崃	loi4	laai4	loi4
5498	徠	徕	loi4 招徠,loi6 勞徠	laai4 招徠,laai6 勞徠	loi4,loi6
5499	淶	涞	loi4	laai4	loi4
5500	賚	赉	loi6	laai6	loi6
5501	錸	铼	loi4	laai4	loi4
5502	棶	梾	loi4	laai4	loi4
5503	倈	俫	loi4 古族名；元雜劇俗稱小孩，倈兒；地名用字	laai4 古族名；元雜劇俗稱小孩，倈兒；地名用字	loi4
5504	唻	𫪁	loi6 語氣詞	laai6 語氣詞	loi6
5505	鶆	𱉵	loi4	laai4	loi4
5506	樂	乐	lok6 快樂,ngok6 音樂,(古)ngaau6 仁者樂山	laak5 快樂；音樂,(古)ngaau6 仁者樂山	1)lok6:快樂 2)ngok6:音樂 3)ngaau6:樂群
5507	洛	洛	lok3	laak2	lok3
5508	烙	烙	lok3 烙印，炮烙	laak2 烙印，炮烙,(白)lak3 熱，～水袋，熱水袋	lok3
5509	絡	络	lok3	laak2	lok3
5510	落	落	lok6 落雨，下落，落車（下車），落船（上船）,(又)luk6 落雨，落來（下來），落去（下去），語流音變,(又)lok3 角落頭，前字調類化，進而合音爲[klɔk3]頭	laak5 落雨，下落，落車（下車），落船（上船）；～利，利落穩當,(白)laak3 歷[lek5]～，利落,(又)lak2 落來（下來），落車（下車），落船（上船）,(語)laak6 ～襰[lai24]，衣着不整	lok6
5511	酪	酪	lok3 奶酪,lu6 酒類	laak2 奶酪,lu6 酒類	1)lok3:乳酪 2)lou6:杏仁酪
5512	駱	骆	lok3 駱駝；姓	laak2 駱駝；姓	lok3
5513	咯	咯	lok3 吡咯,lo3 語氣詞，相當於了，橫直我而家趕返去都冇來得及～,gok3 雞叫聲；咯噔，咯咯笑,kaak3 同喀字，咯痰，咯血	laak2 吡咯,lo3 語氣詞，相當於了，落雨～,gaak2 雞叫聲；咯噔，咯咯笑,kaak3 同喀字，咯痰，咯血	1)lok3:咯血 2)lo1:助詞
5514	犖	荦	lok3 卓犖，犖確,(白)lak1 ～確[kʰɐk5]，路不平或說話結巴，與硠砊對轉	laak2 卓犖，犖確,(白)lak3 ～確[kʰɐk5]，路不平或說話結巴，與硠砊對轉	lok3
5515	濼	泺	lok6 水名，濼水（在山東）,bok6 同泊字,lik6 蕨科植物	laak5 水名，濼水（在山東）,buk6 同泊字,lik5 蕨科植物	lok6
5516	珞	珞	lok3	laak2	lok3
5517	硌	硌	lok6 山上大石,gok3 硌腳，硌牙,(語)gak6 卡、阻擋，～住，卡着，與梗對轉，當源自隔，塞也	laak5 山上大石,gaak2 硌腳，硌牙,(語)gak6 卡、阻擋，～住，卡着，與梗對轉，當源自隔，塞也,(語)gaak6 歏[kan22]～，不順心、不滿足	lok6,gok3
5518	躒	跞	lok6 卓躒,lik6 動也	laak5 卓躒,lik5 動也	lik1,lok3
5519	鉻	铬	lok3 剃髮,gok3 金屬元素，符號Gr,gaak3 古兵器	laak2 剃髮,gaak2 金屬元素，符號Gr,giak2 古兵器	gok3,lok3
5520	雒	雒	lok3	laak2	lok3
5521	餎	饹	lok3 餄餎	laak2 餄餎	lok3
5522	廊	廊	long4	laang4	long4
5523	朗	朗	long5 明朗，朗讀，疏朗	laang5 明朗，朗讀，疏朗,(白)laang3 稀～～，稀疏貌、（粥）很稀；疏～～，稀疏貌,(白)lang3 又音，稀～～，疏～～	long5
5524	榔	榔	long4 檳榔，桄榔	laang4 檳榔，桄榔	long4
5525	浪	浪	long6 風浪，浪費	laang6 風浪，浪費,(白)laang3 東遊西逛，源自𧻴	long6；(水名)long4滄浪
5526	狼	狼	long4 豺狼，狼狽；〈語〉比喻兇狠，佢（渠）好～嘅	laang4 豺狼，狼狽；〈語〉比喻兇狠，渠好～嘅	long4
5527	琅	琅	long4 琳琅，琅琊	laang4 琳琅，琅琊	long4
5528	郎	郎	long4	laang4	long4
5529	晾	晾	long6 俗字，曬，本字㫰	laang6 俗字，曬，本字㫰	long6
5530	螂	螂	long4 蟑螂，螳螂（口語稱馬螂扛）	laang4 蟑螂，螳螂（口語稱馬螂扛）	long4
5531	啷	啷	long1 噹啷；鈴[leŋ55]～佬，貨郎,(白)laang1 傾鈴[leŋ55]哐[kʷʰaŋ55]～，器皿碰撞聲,(語)laang4 象聲詞，呯[peŋ21]呤[leŋ21]嘭[paŋ21]～，劈哩啪啦；詞綴，高～哐[kʷʰaŋ21]，高貌,(語)lang4 詞綴，高～哐[kʷʰɐŋ21]，高貌	laang1 噹啷,(語)lung2 鈴[leŋ55]～佬，貨郎,(語)lang4 象聲詞，呯呤[leŋ21]嘭[pɐŋ21]～，劈哩啪啦	long1
5532	稂	稂	long4	laang4	long4
5533	蒗	蒗	long6	laang6	long6
5534	鋃	锒	long4	laang4	long4
5535	閬	阆	long4 閌閬,long6 閬苑，閬中,(白)long3 架～，架子、形體，擺架～，擺架子，俗字𢲲	laang4 閌閬,laang6 閬苑，閬中	long5
5536	埌	埌	long5 地名，埌東、埌西，與㙟/塱同源,long6 墳墓	laang5 地名，埌東、埌西，與㙟/塱同源,laang6 墳墓	long6
5537	塱	塱	long5 同㙟字	laang5 同㙟字	long5
5538	崀	崀	long5	laang5	long5
5539	桹	桹	long4	laang4	long4
5540	烺	烺	long5	laang5	long5
5541	筤	筤	long4	laang4	long4
5542	㫰	㫰	long6 晾曬，俗字晾	laang6 晾曬，俗字晾	long6
5543	㮾	㮾	long5	laang5	long5
5544	蓢	蓢	long5	laang5	long5
5545	瑯	瑯	long4	laang4	long4
5546	硠	硠	long4 石聲,(白)lang3 半～砊[kʰɐŋ33]，半途、半路，與犖確對轉，俗字掕掯；量詞，串、條、嘟嚕，矮瓜刨四～得啊，茄子刨四串得了，俗字掕	laang4 石聲,(白)lang3 半～砊[kʰɐŋ55]，半途、半路，與犖確對轉，俗字掕掯	long4
5547	鎯	𨱍	long4	laang4	long4
5548	㙟	㙟	long5 江、湖邊的低窪地；地名用字	laang5 江、湖邊的低窪地；地名用字	long5
5549	嫏	嫏	long4	laang4	long4
5550	勞	劳	lu4 勞動；慰勞，古讀去聲	laau4 勞動；慰勞，古讀去聲	lou4；慰勞又讀lou6
5551	嘮	唠	lu4 嘮叨，嘮嘈（同㗦嘈）	laau4 嘮叨，嘮嘈（同㗦嘈）	lou4
5552	姥	姥	lu5 姥姥,mu5 老婦	laau5 姥姥,mu5 老婦	lou5；mou5年老婦人
5553	撈	捞	(白)lu1 攪拌，乾～，乾拌；摻和，～亂；賺，～錢，賺錢；混，～世界，闖江湖,(白)leu1 撈魚；同撩字，取也,(白)leu4 打撈；～籬[li21]，笊籬；有時也作攪拌義，～一～，攪一攪,(文)laau4 打撈；～籬[li21]，笊籬,(文)laau1 撈魚；～籬[li55]，笊籬；～佬，北方人的俗稱，本字老，源自老兄的官話摹音	laau1 攪拌，乾～，乾拌；摻和，～亂；賺，～錢，賺錢,laau4 打撈，撈魚；～籬[li21]，笊籬	1)laau4:打撈 2)lou1:撈本兒
5554	牢	牢	lu4	laau4	lou4
5555	老	老	lu5 老人，老師；～乸、～竇，母親、父親的敘稱,(語)laau1 ～孃[nɛŋ55]、～爹[kɛ55]（老桿子），母親、父親的敘稱；～佬，北方人的俗稱，源自老兄的官話摹音	laau5 老人，老師；～孃[niɐŋ53]、～子，母親、父親的敘稱	lou5
5556	澇	涝	lu6 澇災，旱澇	laau6 澇災，旱澇；〈語〉溢出，溣[lɐn22]溣[lɐn22]～～，田水滿溢	lou6
5557	佬	佬	lu2 俗稱男子，本字老	laau5 俗稱男子，本字老	lou2
5558	癆	痨	lu4 癆病，肺癆,(白)lu1 餓～，莽撞、魯莽	laau4 癆病，肺癆	lou4
5559	嶗	崂	lu4	laau4	lou4
5560	栳	栳	lu5	laau5	lou5
5561	醪	醪	lu4	laau4	lou4
5562	銠	铑	lu5	laau5	lou5
5563	耮	耢	lu6	laau6	lou6,lou4
5564	嫪	嫪	lu6 嫪毐,(白)laau3 發情、淫蕩,(白)leu3 又音	laau6 嫪毐,(白)laau3 姣姣～～，淫蕩，打～，發情,(白)leu3 姣鳥[tɛu55]～，淫蕩	lou6
5565	橑	橑	lu5,(又)liu4	laau5,(又)liu4	liu4,lou5
5566	荖	荖	lu5	laau5	lou5
5567	鐒	铹	lu4	laau4	lou4
5568	𡑍	𫭼	lu4	laau4	lou4
5569	蟧	蟧	lu4	laau4	lou4
5570	簩	𱸇	lu4	laau4	lou4
5571	㗦	㗦	lu4 ～嘈，吵鬧，又作嘮嘈	laau4 ～嘈，吵鬧，又作嘮嘈	lou4
5572	䇭	䇭	lu5	laau5	lou5
5573	髝	髝	lu4 急貌；高貌,(白)laau3 詞綴，狂～～，緊張、發慌,(白)leu3 又音，狂～～	laau4 急貌；高貌	lou4
5574	髏	髅	(白)lu1 骷髏，前字順同化,(文)lau4	lau4 骷髏	lau4
5575	盧	卢	lu4	lu4	lou4
5576	廬	庐	lu4 茅廬	lu4 茅廬	lou4
5577	爐	炉	lu4	lu4	lou4
5578	蘆	芦	lu4 蘆葦	lu4 蘆葦	lou4
5579	虜	虏	lu5	lu5	lou5
5580	賂	赂	lu6 賄賂	lu6 賄賂	lou6
5581	路	路	lu6	lu6	lou6
5582	露	露	lu6	lu6	lou6
5583	顱	颅	lu4	lu4	lou4
5584	魯	鲁	lu5 粗魯，魯莽；姓	lu5 粗魯，魯莽；姓	lou5
5585	滷	卤	lu5 滷水，滷蛋	lu5 滷水，滷蛋,(又)lu2 打～子，勾芡	lou5
5586	鹵	卤	lu5 鹵素，潟鹵	lu5 鹵素，潟鹵	lou5
5587	嚕	噜	lu1 嚕囌，咕嚕；遠指代詞，那，～個，那個，源自那，《正字通》又暮韻音怒，演變構擬[*nu22]➔[*nu55]➔[lu55]，而代詞那源自若，上古鐸部或魚部,(又)lu3 遠指代詞，那	lu1 嚕囌，咕嚕,lu3 象聲詞，嘟[tu55]～咑[ta55]喇[la55]，東西掉落聲；滾～～，滾動貌；案，滾動貌元代作骨碌碌，又作骨嚕嚕	lou1
5588	擄	掳	lu5	lu5	lou5
5589	櫓	橹	lu5	lu5	lou5
5590	臚	胪	lu4	lu4	lou4
5591	鱸	鲈	lu4 鱸魚	lu4 鱸魚	lou4
5592	鷺	鹭	lu6 鷺鷥	lu6 鷺鷥	lou6
5593	壚	垆	lu4	lu4	lou4
5594	擼	撸	lu5 動也,lu1 捋；捱～，被說、被批評	lu5 動也,lu1 捋	lou5
5595	櫨	栌	lu4	lu4	lou4
5596	氌	氇	lu5	lu5	lou5
5597	瀘	泸	lu4	lu4	lou4
5598	潞	潞	lu6	lu6	lou6
5599	璐	璐	lu6	lu6	lou6
5600	艫	舻	lu4	lu4	lou4
5601	轤	轳	lu4 轆轤	lu4 轆轤,(白)lu2 扚[tek5]軲[ku33]～，一種遊戲，在斜板上擊銅元向前滾，以遠近決勝負	lou4
5602	輅	辂	lu6	lu6	lou6
5603	鸕	鸬	lu4 鸕鶿	lu4 鸕鶿	lou4
5604	蕗	蕗	lu6	lu6	lou6
5605	鑪	𬬻	lu4	lu4	lou4
5606	瀂	澛	lu5	lu5	lou5
5607	鑥	镥	lu5	lu5	lou5
5608	磠	硵	lu5	lu5	lou5
5609	纑	纑	lu4	lu4	lou4
5610	罏	罏	lu4	lu4	lou4
5611	黸	黸	lu1 鑊～，鍋灰	lu1 鑊～，鍋灰	lou1
5612	壘	垒	lui5 堡壘，壘球,(又)lui1 堡壘；一堆～，一大堆，堆壘實爲堆的分音	lui5 堡壘，壘球	leoi5；leot6神荼鬱壘
5613	擂	擂	lui4 擂臺，擂鼓,(白)lui1 打、揍	lui4 擂臺，擂鼓,(白)lui1 打、揍	leoi4
5614	淚	泪	lui6	lui6	leoi6
5615	磊	磊	lui5	lui5	leoi5
5616	類	类	lui6	lui6	leoi6
5617	累	累	lui6 勞累，連累,lui5 積累，傷痕累累,lui4 果實累累，累贅	lui6 勞累，連累,lui5 積累，傷痕累累,lui4 果實累累，累贅	1)leoi5:累積 2)leoi6:受累,累極了 3)leoi4:果實累累
5618	蕾	蕾	lui5 花蕾，蓓蕾,lui4 芭蕾舞，蕾絲	lui5 花蕾，蓓蕾,lui4 芭蕾舞，蕾絲	leoi4；(又)leoi5
5619	雷	雷	lui4	lui4	leoi4
5620	儡	儡	lui5 傀儡	lui5 傀儡	leoi5
5621	唳	唳	lui6	lui6	leoi6
5622	嫘	嫘	lui4	lui4	leoi4
5623	戾	戾	lui6 暴戾，乖戾,(白)lai2 扭轉，睡～頸，落枕	lui6 暴戾，乖戾,(白)lai5 扭轉，～着腳，崴腳	leoi6
5624	縲	缧	lui4	lui4	leoi4
5625	羸	羸	lui4	lui4	leoi4
5626	耒	耒	lui6	lui6	leoi6；(又)loi6
5627	鐳	镭	lui4	lui4	leoi4
5628	誄	诔	lui6	lui6	loi6,leoi6
5629	酹	酹	lui6 酹酒，奠酹,(又)lyut6,(訓)le5 灑，～酒、～茶，多用作澆地以示祭奠，當源自攋	lui6 酹酒，奠酹,(又)lut5,(訓)le5 流出、灑，豉油～出來啊、～酒敬神，當源自攋	laai6,lyut3
5630	檑	檑	lui4	lui4	leoi4
5631	癗	癗	lui5	lui5	leoi5
5632	礌	礌	lui6 礌石	lui6 礌石	leoi6
5633	罍	罍	lui4	lui4	leoi4
5634	藟	藟	lui5	lui5	leoi5
5635	儽	儽	lui5	lui5	leoi5
5636	欙	欙	lui4 山行用具	lui4 山行用具	leoi4
5637	礧	礧	lui6	lui6	leoi6
5638	纍	累	lui4 繩索,lui5 堆積	lui4 繩索,lui5 堆積	leoi4
5639	蔂	蔂	lui4 同虆字；同欙字	lui4 同虆字；同欙字,(白)lui1 牛口～，牛籠嘴	leoi4
5640	虆	蔂	lui4 藤蔓；土筐	lui4 藤蔓；土筐,(白)lui1 牛口～，牛籠嘴	leoi4
5641	㿔	㿔	lui5	lui5	leoi5
5642	䓞	䓞	lui6	lui6	leoi6
5643	𨀤	𨀤	lui1 鑽入；栽倒	lui1 鑽入，～落去，擠進去；栽倒	leoi1
5644	六	六	luk6 第六，六藝；～位[wɐi35]位[wɐi35]、～位[wɐi35]（諧音祿位）、～來（諧音祿來），猜碼口令，數字六	loek5 第六，六藝；～位（諧音祿位）、～合同春、～合，猜碼口令，數字六	luk6
5645	錄	录	luk6	loek5	luk6
5646	氯	氯	luk6	loek5	luk6
5647	碌	碌	(白)luk1 忙碌，勞碌；量詞，段，木～，木頭段子；詞綴，圓～～，圓溜溜，肥～～，胖貌，眼鼓～～，眼睛亂轉,(文)luk6 碌碡；礦物名，石綠	loek5 忙碌，勞碌；碌碡；礦物名，石綠,(語)luk3 量詞，段，一～木；車～，線軸兒；花哩花～，花裏胡哨	luk1
5648	祿	禄	luk6	loek5	luk6
5649	綠	绿	luk6	loek5	luk6
5650	陸	陆	luk6	loek5	luk6
5651	鹿	鹿	luk6	loek5	luk6
5652	戮	戮	luk6	loek5	luk6
5653	麓	麓	luk1 山麓，麓林	loek5 山麓，麓林	luk1
5654	淥	渌	luk6	loek5	luk6
5655	漉	漉	luk6	loek5	luk6
5656	籙	箓	luk6	loek5	luk6
5657	轆	辘	luk1 軲轆；車～，車輪	loek5 軲轆,(白)loek2 碾、軋、滾，牛～湴，牛滾爛泥	luk1
5658	逯	逯	luk6	loek5	luk6
5659	僇	僇	luk6	loek5	luk6
5660	勠	勠	luk6	loek5	luk6
5661	琭	琭	luk6	loek5	luk6
5662	甪	甪	luk6	loek5	luk6
5663	稑	稑	luk6 疾熟也；〈量〉簇、串，一穙[pʊk2]～，一嘟嚕，與哢對轉，穙稑實爲穙的分音	loek5 疾熟也	luk6
5664	簏	簏	luk1	loek5,(又)loek2	luk1
5665	菉	菉	luk6	loek5	luk6
5666	騄	𫘧	luk6	loek5	luk6
5667	趢	趢	luk6 趢趗，趢𧼙,(白)luk1 仆[pʰʊk5]仆[pʰʊk5]～～，踉踉蹌蹌	loek5 趢趗，趢𧼙,(白)loek2 仆[pʰœk3]仆[pʰœk3]～～，踉踉蹌蹌	luk6
5668	摝	摝	luk6 振、搖,(白)nguk6 用力搖動，此處來母讀如疑母	loek5 振、搖,(語)nguk3 拜～～，打瞌睡	luk1
5669	盝	盝	luk6	loek5	luk6
5670	睩	睩	luk6 視貌,(白)luk1	loek5 視貌	luk1,luk6
5671	磟	磟	luk6 磟碡	loek5 磟碡	luk6,luk1
5672	醁	醁	luk6	loek5	luk6
5673	㟤	㟤	luk6 兩山間低凹狹窄之地；地名用字	loek5 兩山間低凹狹窄之地；地名用字	luk6
5674	嚨	咙	lung4	loeng4	lung4
5675	壟	垄	lung5 壟斷，田壟	loeng5 壟斷，田壟	lung5
5676	攏	拢	(白)lung2 合攏，靠攏,(文)lung5	loeng5 合攏，靠攏	lung5
5677	籠	笼	lung4 蒸籠，燈籠；馬～頭，馬脖套，本字䪊/龓,lung5 籠統，箱籠	loeng4 蒸籠，燈籠；馬～頭，馬脖套，本字䪊/龓,loeng5 籠統，箱籠,(白)loeng3 比較大的箱子	lung4
5678	聾	聋	lung4 耳聾，聾啞；～鬼、～佬，聾子；～嗙[paŋ55]嗙[paŋ55/paŋ33]，聾得很	loeng4 耳聾，聾啞,(白)loeng1 ～鬼、～佬，聾子；～嗙[pʰaŋ53]嗙[pʰaŋ53]，聾得很	lung4
5679	朧	胧	lung4 朦朧，朧明,(語)lung1 迷、錯，～路，迷路；案，邢公畹《漢台語比較手冊》P489認爲民族語對音與『厖』可比較，楊倞《註》厖，亂也，『厖』又含目不明義，寫作『𥆙』，後世『朦朧、厖澒』等詞由它生發，故『厖/朧』皆爲同源字	loeng4 朦朧，朧明	lung4
5680	隆	隆	lung4	loeng4	lung4
5681	龍	龙	lung4 屬龍，龍頭	loeng4 屬龍，龍頭	lung4
5682	窿	窿	lung4 穹窿；煤礦坑道,lung1 窟窿，本字竉	loeng4 穹窿；煤礦坑道,loeng1 窟窿，本字竉	lung1,lung4
5683	瓏	珑	lung4	loeng4	lung4
5684	矓	眬	lung4	loeng4	lung4
5685	隴	陇	lung5	loeng5	lung5
5686	櫳	栊	lung4	loeng4	lung4
5687	癃	癃	lung4	loeng4	lung4
5688	礱	砻	lung4	loeng4	lung4
5689	蘢	茏	lung4	loeng4	lung4
5690	哢	哢	lung6 鳥吟；〈量〉俗字，簇、串，一唪[pʊŋ22]～，一嘟嚕，與稑對轉，唪哢實爲唪的分音	loeng6 鳥吟	lung6
5691	曨	昽	lung4	loeng4	lung4
5692	漋	漋	lung4	loeng4	lung4
5693	躘	𨀁	lung4 躘蹱,(白)lung6 唦[ʃa21]哩[li55]～蹱[tʃʰʊŋ33]，莽撞；～～蹱[tʃʰʊŋ33]蹱[tʃʰʊŋ33]，踉踉蹌蹌	loeng4 躘蹱,(又)loeng6	lung4
5694	儱	𫢒	lung5	loeng5	lung5
5695	㟖	㟖	lung6 山間的平地	loeng6 山間的平地	lung6
5696	竉	竉	lung1 孔穴，俗字窿	loeng1 孔穴，俗字窿	lung1
5697	𡃡	𡃡	lung4 大聲	loeng4 大聲,(白)loeng1 嘈雜、吵鬧	lung4
5698	䪊	𫖅	lung4 馬䪊頭	loeng4 馬䪊頭	lung4
5699	侶	侣	lyu5	lyu5	leoi5
5700	呂	吕	lyu5	lyu5	leoi5
5701	屢	屡	lyu5,(又)lui5	lyu5	leoi5
5702	履	履	(習)lyu5 鞋履，履歷，讀同屢,(書)li5	(習)lyu5 鞋履，履歷，讀同屢,(書)li5	lei5；(又)leoi5
5703	旅	旅	lyu5	lyu5	leoi5
5704	濾	滤	lyu6	lyu6	leoi6
5705	縷	缕	lyu5 絲縷，一縷,(訓)lau5 訓讀綹	lyu5 絲縷，一縷,(訓)lau5 訓讀綹	lau5；(又)leoi5
5706	慮	虑	lyu6	lyu6	leoi6
5707	鋁	铝	lyu5	lyu5	leoi5
5708	驢	驴	lyu4 毛驢，驢崽,(又)lu4 讀同盧	lyu4 毛驢，驢崽,(又)lu4 讀同盧	lou4；(又)leoi4
5709	櫚	榈	lyu5	lyu5	leoi4
5710	閭	闾	lyu4	lyu4	leoi4
5711	膂	膂	lyu5	lyu5	leoi5
5712	梠	梠	lyu5	lyu5	leoi5
5713	穭	稆	lyu5	lyu5	leoi5
5714	戀	恋	lyun2 戀愛，留戀	lin6 戀愛，留戀	lyun2；(又)lyun5
5715	巒	峦	lyun4	lon4	lyun4
5716	孿	孪	lyun4	lon4	lyun4
5717	鑾	銮	lyun4	lon4	lyun4
5718	鸞	鸾	lyun4	lon4	lyun4
5719	欒	栾	lyun4 欒樹	lon4 欒樹；〈語〉（飯食）乾而難嚥下	lyun4
5720	灤	滦	lyun4	lon4	lyun4
5721	𢺈	𢺈	lyun4 聚；擇	lon4 聚；擇,(白)lon2 聚積，亞啲剩菜～做一碟得喇	lyun4
5722	圝	𪢮	lyun4 團圝	lon4 團圝；圓形，～檯，圓桌	lyun4
5723	亂	乱	lyun6 混亂，亂搞，亂講（胡說）,(白)lyun2 ～來[lɐi21]，胡來、胡鬧；～龍，亂套、混亂	lun6 混亂，亂搞，亂來	lyun6
5724	卵	卵	lyun2 雞卵，卵子，卵脬,(白)lon1 ～子，睾丸，～脬，陰囊；大～脬，疝氣；腏（戳物）懵懵，～脬似檸檬[mʊŋ35]，譏諷人稚嫩的俗語	lun5 雞卵，卵子，卵脬	leon2
5725	攣	挛	lyun4 痙攣,(語)lyun1 鑽入；頭髮捲曲	lyun4 痙攣,(語)lon1 鑽入	lyun4
5726	孌	娈	lyun5	lyun5	lyun5
5727	臠	脔	lyun5	lyun5	lyun5
5728	捋	捋	lyut6 捋袖，捋鬍鬚,(又)lyut3,(語)lyut1 滑落；滑～～，滑溜溜	lut5 捋袖，捋鬍鬚,(語)lot3 滑落，～～襰襰，褲子下滑貌；滑～～，滑溜溜，黑～～，黑溜溜,(白)lat2 摘取，～辣椒	lyut3
5729	劣	劣	lyut6 惡劣，劣質,(常)lit6 俗讀	lyut5 惡劣，劣質	lyut3
5730	埒	埒	lyut6	lyut5	lyut3
5731	脟	脟	lyut6 脅肉；腸間脂,lyun5 同臠字	lyut5 脅肉；腸間脂,lyun5 同臠字	lyut3,lyun5
5732	鋝	锊	lyut6	lyut5	lyut3
5733	唔	唔	m4 否定詞，本字毋/無，老派只用於唔該（勞駕、本地兼表多謝）、唔通（難道）和唔䎺（不願意），其餘用冇，現已罕用,ng4 嘆詞，思忖聲	ng4 嘆詞，思忖聲	ng4；(語)m4否定義
5734	嗎	吗	maa1 語氣詞，表疑問,maa5 嗎啡,maa4 官話用字，疑問代詞，幹嗎（幹什麼）,(語)maa2 是非疑問句助詞，係～？好食～？俗作嘛；案，係嗎，常語流音變爲[ha22 wa35]	maa1 語氣詞，表疑問,maa5 嗎啡,maa4 官話用字，疑問代詞，幹嗎（幹什麼）	maa1,maa5
5735	嘛	嘛	maa4 官話助詞,maa1 喇嘛；唵嘛呢叭咪吽；詞綴，黑～～，黑漆漆，源自𪒜,(語)maa2 同嗎字,(語)maa3 語氣詞，要講道理吖～、徛多幾分鐘之～	maa4 官話助詞,maa3 喇嘛；唵嘛呢叭咪吽,(語)maa2 語氣詞，表祈使，徛正啲～、來早啲～	1)maa4:喇嘛 2)maa3:助詞
5736	媽	妈	maa1 媽[ma21]媽，姑媽，《中原音韻》讀同馬，受爸字影響類化爲陰平	maa3 媽[ma21]媽，姑媽，《中原音韻》讀同馬，受爸字影響類化爲陰去	maa1
5737	瑪	玛	maa5	maa5	maa5
5738	碼	码	maa5 尺碼，碼頭	maa5 尺碼，碼頭	maa5
5739	螞	蚂	maa5 螞蟻，螞蟥,maa1 螞螂（蜻蜓）,maa6 螞蚱,(又)maang5 螞蟻，後字逆同化，俗作蜢蟻	maa5 螞蟻，螞蟥,maa1 螞螂（蜻蜓）,maa6 螞蚱	1)maa5:螞蟻 2)maa1:螞螂 3)maa6:螞蚱
5740	蟆	蟆	maa4 蝦蟆，又作蛤蟆,(白)maa1 ～𧊅[kʷai35]，青蛙，罕用	maa4 蝦蟆，又作蛤蟆	maa4
5741	馬	马	maa5 騎馬，馬戲,maa1 馬虎；〈語〉～騮[lɐu55]，猴子，又作馬留/馬流/獁騮/馬𧳽/馬𤠑，一說源自沐猱/沐猴	maa5 騎馬，馬戲；〈語〉～騮[lɐu21]，猴子，又作馬留/馬流/獁騮/馬𧳽/馬𤠑，一說源自沐猱/沐猴,maa3 馬虎；〈語〉又音，～騮[lɐu55]，猴子	maa5
5742	罵	骂	maa6 罵人	maa6 罵人	maa6
5743	麻	麻	maa4 黃麻；麻瘋，同痲瘋	maa4 黃麻；麻瘋，同痲瘋	maa4
5744	嬤	嬷	maa1 俗呼母,mo1 老婦，嬤[mɔ21]～	maa3 俗呼母,mo1 老婦，嬤[mo21]～	maa1,mo1
5745	獁	犸	maa5 猛獁	maa5 猛獁	maa5
5746	榪	杩	maa5 榪槎,maa6 牀頭橫木	maa5 榪槎,maa6 牀頭橫木	maa5,maa6
5747	禡	祃	maa6	maa6	ngaa2,maa6
5748	痲	痲	maa4 痲瘋，痲疹，痲子	maa4 痲瘋，痲疹，痲子	maa4
5749	傌	㐷	maa6 漢代刑罰；同罵字,maa5 象棋紅方棋子名	maa6 漢代刑罰；同罵字,maa5 象棋紅方棋子名	maa6
5750	嚜	嚜	maa1 語氣詞,mak1 同嘜字；〈語〉瘦～喀[kʰɐk5]，很瘦，與蜢對轉,mak6 通默字,(語)mek1 瘦～喀[kʰɛk5]，很瘦，與蜢對轉	maa1 語氣詞,mak3 同嘜字,mak5 通默字,(語)maak3 瘦～喀[kʰak5]，很瘦，與蜢對轉	maa1,mak1,mak6,maak1
5751	痳	痳	maa4 同痲字,lam4 同淋字，淋症	maa4 同痲字,lam4 同淋字，淋症	maa4,lam4
5752	嫲	嫲	maa4 俗字，阿～，祖母，與嬤同源，源自媽（宋代稱大媽媽），受爺字影響類化爲陽平，老派用法，今已罕用，現多稱奶奶,(又)maa2 阿～，祖母	maa4 俗字，祖母，與嬤同源，源自媽（宋代稱大媽媽），受爺字影響類化爲陽平，本地稱阿奶或奶奶，不用嫲	maa4
5753	買	买	maai5	maai5	maai5
5754	賣	卖	maai6 買賣，賣報,(白)maai2 燒賣	maai6 買賣，賣報，燒賣	maai6
5755	埋	埋	maai4 埋伏，埋怨；～口，傷口癒合	maai4 埋伏，埋怨；～口，傷口癒合	maai4
5756	邁	迈	maai6	maai6	maai6
5757	霾	霾	maai4	maai4	mai4；(又)maai4
5758	勱	劢	maai6	maai6	maai6
5759	蕒	荬	maai5	maai5	maai5
5760	擘	擘	maak3 巨擘，擘畫；掰、張（動作幅度較大，元音屈折），～嘴、～口，張嘴；詞綴，乾～～，乾貌，與繃對轉,(又)mik1 用指甲掐、掰、剝（動作幅度較小，元音屈折），～菜，～皮，～花生，～爛	maak2 巨擘，擘畫；掰、張（動作幅度較大，元音屈折），～開口，張開嘴,bak3 量詞，莢,(又)mak2 用指甲掐、掰、剝（動作幅度較小，元音屈折），～花生,(又)mik2 用指甲掐、掰、剝（動作幅度較小，元音屈折），～花生	maak3
5761	㓦	㓦	maak3	maak2	maak3
5762	萬	万	maan6	maan6	maan6
5763	慢	慢	maan6 慢車，快慢；〈語〉（稱物時）秤尾低,(白)maan2 慢[man22]～行/食/嗒[tɛp5]	maan6 慢車，快慢；〈語〉（稱物時）秤尾低	maan6
5764	晚	晚	maan5 晚上，早晚；排行最小的，～崽、～女、～叔	maan5 晚上，早晚；排行最小的，～崽、～女、～叔	maan5
5765	曼	曼	maan6 曼舞，曼妙	maan6 曼舞，曼妙	maan6
5766	漫	漫	maan6	maan6	maan6
5767	蔓	蔓	maan6 藤蔓，蔓延,maan4 蔓菁	maan6 藤蔓，蔓延,maan4 蔓菁	maan6
5768	蠻	蛮	maan4 蠻荒，野蠻；副詞，很（口語用貌乎，俗字嗎胡或嗎啊）	maan4 蠻荒，野蠻；副詞，很（口語用貌乎，俗字嗎胡）	maan4
5769	饅	馒	maan4 饅頭,(又)maan6 讀同曼	maan4 饅頭,(又)maan6 讀同曼	maan6；(又)maan4
5770	幔	幔	maan6	maan6	maan6
5771	鰻	鳗	maan6 鰻魚，電鰻	maan6 鰻魚，電鰻	maan4
5772	墁	墁	maan6	maan6	maan6
5773	嫚	嫚	maan6	maan6	maan6
5774	縵	缦	maan6	maan6	maan6
5775	謾	谩	maan6 謾罵,maan4 欺謾	maan6 謾罵,maan4 欺謾	maan4,maan6
5776	鏝	镘	maan6	maan6	maan6
5777	鬘	鬘	maan4	maan4	maan4
5778	澫	𬇕	maan6	maan6	maan6
5779	蔄	𬜬	maan6	maan6	maan6
5780	万	万	maan6 同萬字,mak6 万俟（複姓）	maan6 同萬字,mak5 万俟（複姓）	maan6,mak6
5781	熳	熳	maan6	maan6	maan6
5782	莽	莽	(白)maang5 莽撞，魯莽,(文)mong5	maang5 莽撞，魯莽	mong5
5783	蟒	蟒	(白)maang5,(文)mong5	maang5	mong5
5784	孟	孟	maang6 孟春，孟子	miang6 孟春，孟子	maang6
5785	猛	猛	maang5	miang5	maang5
5786	盲	盲	maang4	miang4	maang4
5787	錳	锰	maang5	miang5	maang5
5788	蜢	蜢	maang5 蚱蜢；〈語〉～蟻，螞蟻，螞受後字逆同化,(語)maang2 瘦～倀[tʃʰaŋ35]，很瘦,(語)meng2 瘦～躿[kʰɛŋ35]，瘦貌，與嚜對轉,(語)mang1 瘦～躿[kʰɐŋ55]，瘦貌，與嚜對轉	miang5 蚱蜢,(白)miang2 蚱蜢,(語)miang3 瘦～躿[kʰiɐŋ55]，瘦貌，與嚜對轉	maang5
5789	艋	艋	maang5	miang5	maang5
5790	勐	勐	maang5	miang5	maang5
5791	鄳	𫑡	maang4	miang4	maang4
5792	䁅	䁅	maang5 目有餘視,maang6 䁅盯，瞋目,(白)mang2 ～盯[tʃɐŋ35]，暴躁、使性子；案，元曲作放懞掙	miang5 目有餘視,miang6 䁅盯，瞋目	maang5
5793	抹	抹	maat3 抹布，抹乾，本字㩢,mut3 抹殺，塗抹	maat5 抹布，抹乾，本字㩢,mut5 抹殺，塗抹；〈語〉切（成細絲或細末），～綿（𥾝）啲，切細點,(白)faat6 ～𪒜[mat5]，誣賴、抹黑，本字㩢	mut3；(語)maat3
5794	㩢	㩢	maat3 拭也，俗字抹	maat5 拭也，俗字抹,(白)faat6 ～𪒜[mat5]，誣賴、抹黑	maat3
5795	𪒜	𪒜	maat6 黑也	maat5 黑也,(白)maat3 黑～～，黑漆漆；㩢[fat2]～，誣賴、抹黑	maat6
5796	卯	卯	maau5	maau5	mau5；(又)maau5
5797	貌	貌	maau6 相貌，禮貌,(語)maau1 ～乎[wu21]/啊[a22]，副詞，頗、蠻，貌似乎之省且語流音變，俗作貓胡/貓啊，啊爲乎的弱讀,(語)maa1 又音，～乎[wu21]/啊[a22]，副詞，頗、蠻，貌似乎之省且語流音變，俗作嗎胡/嗎啊，啊爲乎的弱讀	maau6 相貌，禮貌,(語)maa1 ～乎[hu21]，副詞，頗、蠻，貌似乎之省且語流音變，俗作嗎胡	maau6
5798	昴	昴	maau5	maau5	maau5
5799	泖	泖	maau5	maau5	maau5
5800	茆	茆	maau5	maau5	maau5
5801	蝥	蝥	maau4	maau4	maau4,mau4
5802	蟊	蟊	maau4	maau4	maau4
5803	鉚	铆	maau5	maau5	maau5
5804	峁	峁	maau5	maau5	maau5
5805	䅦	䅦	maau1 禾虛貌；〈語〉虛鬆不實，一說泡的白讀	maau1 禾虛貌；〈語〉虛鬆不實，一說泡的白讀	maau4
5806	皃	皃	maau6	maau6	maau6
5807	牡	牡	maau5 牡丹,(又)mau5	mau5 牡丹	maau5
5808	米	米	mai5 大米，米粉,(白)mai1 一百米，平方米	mai5 大米，米粉；平方米	mai5
5809	袂	袂	mai6	mai6	mai6
5810	脒	脒	mai5	mai5	mai5
5811	洣	洣	mai5	mai5	mai5
5812	墨	墨	mak6 筆墨，墨水；痣，～子，雀斑，俗字癦,(白)mak1 蚊[mɐn21]～，墨蚊、小咬	mak5 筆墨，墨水,(白)mak3 蚊～，墨蚊、小咬	mak6
5813	默	默	mak6 沉默，默寫	mak5 沉默，默寫,(又)mak6 ～噻[ɬɐk2]，死亡	mak6
5814	嘜	唛	(外)mak1 罐頭盒，英語mug；～頭，模樣或招牌，英語mark；豬～，蠢豬，詈語	(外)mak3 罐頭盒，英語mug；～頭，模樣或招牌，英語mark；豬～，蠢豬，詈語	mak1
5815	纆	𬙊	mak6	mak5	mak6
5816	脈	脉	mak6	miak5	mak6
5817	陌	陌	mak6 陌生	miak5 陌生	mak6
5818	麥	麦	mak6 麥子，小麥；～線，麥穗	miak5 麥子，小麥；～串、～線，麥穗	mak6
5819	驀	蓦	mak6	miak5	mak6
5820	貊	貊	mak6	miak5	mak6
5821	貘	貘	mak6	miak5	mak6,mok6
5822	䥑	鿏	mak6	miak5	mak6
5823	眽	眽	mak6	miak5	mak6
5824	霢	霡	mak6	miak5	mak6
5825	𩛎	𩛎	mam1 食～～，吃飯，童語，唵唵的順同化	mam3 ～～，飯，童語，唵唵的順同化	mam1
5826	文	文	man4 文章，論文；文過飾非，古讀去聲,(白)man1 一～銀，一塊錢；細～崽，小孩子	fan4 文章，論文；文過飾非，古讀去聲,(白)man1 一～銀紙，一塊錢；細～崽，小孩子	man4；文過飾非又讀man6
5827	吻	吻	man5	man5	man5
5828	憫	悯	man5	man5	man5
5829	敏	敏	man5 靈敏，敏捷；〈語〉撲克的Q	man5 靈敏，敏捷；〈語〉調皮、淘氣	man5
5830	民	民	man4	man4	man4
5831	紊	紊	man6 紊亂，有條不紊	man6 紊亂，有條不紊	man6
5832	紋	纹	man4	man4,(老派)fan4	man4；同璺man6
5833	蚊	蚊	(白)man1 蚊蠅，蚊香,(文)man4 ～墨[mɐk5]，墨蚊、小咬	man4 蚊子，蚊香；～墨[mɐk5]，墨蚊、小咬	man1；本讀man4
5834	問	问	man6 問題，訪問；副詞，～至，纔；介詞，向，～佢（渠）借書,(白)man2 訪問，～人，訪問人，～過我，訪問過我；案，問字古有尋訪義	man6 問題，訪問	man6
5835	聞	闻	man4 新聞，聽聞,(古)man6 名譽、名望	man4 新聞，聽聞,(古)man6 名譽、名望,(老派)fan4,(老派)fan6	man4
5836	閩	闽	man5 閩越，閩南，讀同閔	man4 閩越，閩南	man5；(又)man4
5837	刎	刎	man5	man5	man5
5838	岷	岷	man4	man4	man4
5839	抿	抿	man5 抿酒，抿嘴,(又)man2 同抆字	man5 抿酒，抿嘴,(白)mon2 因無牙而用牙齦咬，慢慢～、～取，又讀[mɐm33],(白)men2 ～嘴，撇嘴（表輕蔑或不高興），～口～嘴/舌，撇嘴貌，又讀[mɛm33]	man5
5840	閔	闵	man5	man5	man5
5841	雯	雯	man4	man4,(老派)fan4	man4
5842	旻	旻	man4	man4,(老派)fan4	man4
5843	汶	汶	man6 汶川縣，汶河,(語)man3 俗字，泉水，又作呇字，本字湓	man6 汶川縣，汶河,(語)man3 俗字，泉水，又作呇字，本字湓	man6
5844	泯	泯	man5 泯滅，泯然	man5 泯滅，泯然,(白)man4 朽，亞條柱蔸（柱子）～喇	man5
5845	璺	璺	man6 裂痕,(白)men3 ～峻[ɬɛn33]，邊緣；勉強,(白)man3 又音，～峻[ɬɐn33]，邊緣；勉強	man6 裂痕,(白)men3 ～峻[ɬɛn55]，邊緣；勉強	man6
5846	緡	缗	man4	man4	man4
5847	黽	黾	man5 黽勉；〈又〉黽池縣,maang5 蛙屬,min5 黽池縣	man5 黽勉；〈又〉黽池縣,miang5 蛙屬,min5 黽池縣	man5,maang5
5848	珉	珉	man4	man4	man4
5849	玟	玟	man4	man4,(老派)fan4	man4
5850	忞	忞	man4	man4,(老派)fan4	man4
5851	愍	愍	man5	man5	man5
5852	湣	湣	man5	man5	fan1,man5
5853	炆	炆	man1 蓋緊鍋蓋，用文火燉或熬	man3 蓋緊鍋蓋，用文火燉或熬	man1
5854	芠	芠	man4	man4,(老派)fan4	man4
5855	苠	苠	man4	man4	man4
5856	閿	阌	man4	man4,(老派)fan4	man4
5857	碈	碈	man4	man4	man4
5858	鰵	鳘	man5	man5	man5
5859	馼	𫘜	man4	man4,(老派)fan4	man4
5860	抆	抆	man5 拭也,(白)man2 擦拭，～屎，擦屁股；塗抹，～牆，抹牆壁,(白)men2 又音	man5 拭也,(白)man2 擦拭；推，～屎蟲，蜣螂，～土機，推土機，豬～泥，豬拱泥，又讀[mɐm33]	man5
5861	暋	暋	man5	man5	man5
5862	甿	甿	man4 田民，古讀同萌,mong4 曠野	man4 田民，古讀同萌,maang4 曠野,(語)maang3 亞～，指示代詞，這裏	man4,mong4,mang4
5863	笢	笢	man5	man5	man5
5864	僶	𠊟	man5	man5	man5
5865	盟	盟	mang4	mang4	mang4
5866	萌	萌	mang4	mang4	mang4
5867	甍	甍	mang4	mang4	mang4
5868	䒐	䒐	mang4 䒐䒏，神亂,mang6 䒐䒏，色惡	mang4 䒐䒏，神亂,mang6 䒐䒏，色惡,(白)maang3 ～～䒏[ɬaŋ55]䒏[ɬaŋ55]，隨隨便便、不正經	mang4
5869	掹	掹	mang1 俗字，拉、扯、拔，本字絣	mang1 俗字，拉、扯、拔，本字絣	mang1,mang3
5870	𱤜	𱤜	mang4 合音字，未曾的合音，對完成體的否定，又作朆/㬟字	mang4 合音字，未曾的合音，對完成體的否定，又作朆/㬟字	mang4
5871	襪	袜	mat6 襪子，鞋襪,(又)maat6	maat5 襪子，鞋襪	mat6
5872	勿	勿	mat6	mat5,(老派)fat5	mat6
5873	密	密	mat6	mat5	mat6
5874	物	物	mat6	mat5,(老派)fat5	mat6
5875	蜜	蜜	mat6	mat5	mat6
5876	嘧	嘧	mat6	mat5	mat6
5877	宓	宓	mat6 安靜,fuk6 姓	mat5 安靜,foek6 姓	mat6,fuk6
5878	謐	谧	mat6	mat5	mat6
5879	芴	芴	mat6 蒠菜；有機化合物	mat5 蒠菜；有機化合物,(老派)fat5	mat6
5880	沕	沕	mat6 沕穆,(語)mi3 ～水，潛水	mat5 沕穆,(老派)fat5,(語)mi6 打～子，潛泳	mat6
5881	乜	乜	mat1 俗字，什麼，本字物，即（是何）物（兒），括號內爲省略，演變構擬[*miut]➔[*mət]➔[mɐt]，本地不單用，必須以詞組（乜嘢、乜事）成句,me1 ～斜[tʃʰɛ21]，斜視,me2 俗字，歪，本字佊,me6 姓,(白)me4 ～斜[ɬɛ21]，醉態；～酒，飲酒	me2 俗字，歪，本字佊,me1 ～斜[tʃʰɛ21]，斜視,me6 姓,(白)me4 ～斜[ɬɛ21]，醉態	mat1,me6,me1
5882	畝	亩	mau5	mau5	mau5
5883	某	某	mau5	mau5	mau5
5884	茂	茂	mau6	mau6	mau6
5885	謀	谋	mau4	mau4	mau4
5886	謬	谬	mau6 謬論，荒謬,(又)mau3	mau6 謬論，荒謬	mau6
5887	貿	贸	mau6	mau6	mau6
5888	牟	牟	mau4	mau4	mau4
5889	眸	眸	mau4	mau4	mau4
5890	侔	侔	mau4	mau4	mau4
5891	呣	呣	mau4 同謀字；象聲詞,m2 表疑問，～？今日禮拜日？,m6 表答應，～，我識嗮	mau4 同謀字；象聲詞,m2 表疑問,m6 表答應	m2,m6
5892	哞	哞	mau4	mau4	mau4
5893	懋	懋	mau6	mau6	mau6
5894	瞀	瞀	mau6	mau6	mau6
5895	袤	袤	mau6	mau6	mau6
5896	鍪	鍪	mau4	mau4	mau4
5897	毪	毪	mau4	mau4	mau4
5898	楙	楙	mau6	mau6	mau6
5899	蛑	蛑	mau4	mau4	mau4
5900	麰	𮮇	mau4	mau4	mau4
5901	䓮	䓮	mau6	mau6	mau6
5902	踎	踎	mau1 俗字，蹲，～監，坐牢，兜～，寒磣、寒酸，一說本字貓，或與包的白讀有關	mau1 俗字，蹲，～監，坐牢，一說本字貓，或與包的白讀有關	mau1
5903	咩	咩	me1 羊叫聲，羊～～，童語；乜嘢的合音或後字逆同化，口語作[mɐt5jɛ24]➔[mɛ55ɛ24]➔[mɛ535]，什麼東西、什麼；本地不用作句末語氣詞（包括反問），而是用啊或呢	me1 羊叫聲，羊～咩[me21]，童語	me1
5904	羋	芈	me1 羊叫聲,mi5 姓	me1 羊叫聲,mi5 姓	me1,mei5
5905	哶	哶	me1	me1	me1
5906	孭	孭	me1 俗字，動詞，揹，本字披	me3 俗字，動詞，揹，本字披	me1
5907	名	名	(白)meng4 名字，出名，簽名,(文)ming4 莫名，名聲	ming4 名字，名聲	ming4
5908	篾	篾	(白)met6 竹篾,(文)mit6 篾青，篾肚（篾黃）	mit5 竹篾，篾青	mit6
5909	矛	矛	(白)meu4 矛盾，長矛,(文)maau4	maau4 矛盾，長矛	maau4
5910	茅	茅	(白)meu4 茅屋，茅草；～寮[lɛu55/liu55]，茅屋,(文)maau4	maau4 茅屋，茅草	maau4
5911	貓	猫	(白)meu1 花貓，貓狗；老～，老手,(文)maau1	(白)meu3 花貓，貓狗；老～，老手,(文)maau3	maau1
5912	猫	猫	(白)meu1 同貓字,(文)maau1	(白)meu3 同貓字,(文)maau3	maau1
5913	美	美	(舊)mi5 美麗，優美,(新)mai5	mai5 美麗，優美	mei5
5914	謎	谜	(習)mi4 謎語，猜謎，古讀去聲,(書)mai4	mai6 謎語，猜謎	mai4
5915	迷	迷	(習)mi4 迷路，迷信,(書)mai4	mai4 迷路，迷信	mai4
5916	眯	眯	mi1 眯眼，笑眯眯（源自笑微微）,mai5 塵物入眼	mai3 眯眼；拜眼～，打瞌睡；～沉[ʃɐm21]沉[ʃɐm21]，眼眯打瞌睡，一說本字閉，幫組白讀,mai5 塵物入眼,mi3 笑眯眯（源自笑微微）	mai5,mei1
5917	鎂	镁	mi5 鎂棒，鎂光燈,(又)mai5	mai5 鎂棒，鎂光燈	mei5
5918	醚	醚	(習)mi4 乙醚,(書)mai4	mai4 乙醚	mai4
5919	媄	媄	mi5,(又)mai5	mai5	mei5
5920	渼	渼	mi5,(又)mai5	mai5	mei5
5921	味	味	mi6 味道，香味,(白)mi2 臘味，滷味，一味（總是）；量詞，一味藥，一味菜（一個菜）	mi6 味道，香味，滷味，一味	mei6
5922	咪	咪	mi1 貓咪，笑咪咪，唵嘛呢叭咪吽,(外)mai1 麥克風，英語microphone,(語)mai6 否定詞，冇係的合音，～講一次兩次、～以爲講	mi3 貓咪，笑咪咪，唵嘛呢叭咪吽,(外)mai1 麥克風，英語microphone,(語)mai3 否定詞，冇使的合音，別，～過來	mei1；(又)mai1
5923	媚	媚	mi6 明媚	mi6 明媚	mei6
5924	尾	尾	mi5 尾巴，結尾,(白)mi1 後～、收～，後來，俗字屘,(白)me1 塘～，蜻蜓，俗字咩/𧋦	mi5 尾巴，結尾,(白)me1 ～朾[tʃiɐŋ21]，蜻蜓，也稱塘螟[miɐŋ53]，俗字咩/𧋦	mei5
5925	彌	弥	mi4 彌補，彌月,(白)mi1 阿彌陀佛,(白)me4 同瀰字，乳房	mi4 彌補，彌月,(白)me4 同瀰字，乳房,(語)myu3 煩悶；膩煩，亞種菜我吃～啊	nei4；(又)mei4
5926	瀰	弥	mi4 瀰漫，瀰瀰,(白)me4 ～瀰[mɛ35]，乳房；～水，乳汁；～罩，乳罩	mi4 瀰漫，瀰瀰,(白)me4 ～頭，乳房；～水，乳汁；～罩，乳罩	nei4；(又)mei4
5927	微	微	mi4 微小，細微，稍微（口語用稍爲）,(白)mi1 微微雨（又作溦溦雨），微微風，笑微微；知～，過於計較、小心眼	mi4 微小，細微，稍微（口語用稍爲）	mei4
5928	未	未	mi6 未來，未曾	mi6 未來，未曾	mei6
5929	眉	眉	mi4	mi4	mei4
5930	薇	薇	mi4	mi4	mei4
5931	靡	靡	mi5 披靡，風靡，俗讀奢靡之靡,mi4 奢靡，靡費,(白)mi1 ～～磨[mɔ55]磨[mɔ55]，動作慢，俗作咪咪摩摩；案，《詩·王風·黍離》行邁靡靡，心中搖搖，《毛傳》靡靡，猶遲遲也，明·徐渭《翠鄕夢》第一出，百尺竿頭難轉一個磨磨，《醒世姻緣傳》喜的晁夫人遶屋裡打磨磨	mi5 披靡，風靡，俗讀奢靡之靡,mi4 奢靡，靡費,(白)me5 否定詞，俗字冇,(白)mi1 ～～磨[mo53]磨[mo53]，動作慢，俗作咪咪摩摩；案，《詩·王風·黍離》行邁靡靡，心中搖搖，《毛傳》靡靡，猶遲遲也，明·徐渭《翠鄕夢》第一出，百尺竿頭難轉一個磨磨，《醒世姻緣傳》喜的晁夫人遶屋裡打磨磨	mei5
5932	魅	魅	mi6	mi6	mei6
5933	娓	娓	mi5	mi5	mei5
5934	寐	寐	mi6 夢寐以求,(白)mi1 小睡一會兒，～一下	mi6 夢寐以求	mei6
5935	弭	弭	mi5	mi5	mai5；(又)mei5
5936	糜	糜	mi4 粥；糜爛；同𪎭字，糜子	mi4 粥；糜爛；同𪎭字，糜子	mei4
5937	麋	麋	mi4	mi4	mei4
5938	嵋	嵋	mi4	mi4	mei4
5939	楣	楣	mi4	mi4	mei4
5940	湄	湄	mi4	mi4	mei4
5941	獼	猕	mi4	mi4	mei4,nei4
5942	縻	縻	mi4 羈縻，綆縻	mi4 羈縻，綆縻	mei4
5943	郿	郿	mi4	mi4	mei4
5944	鶥	鹛	mi4	mi4	mei4
5945	敉	敉	mi5	mi5	mai5,mei5
5946	溦	溦	mi4 小雨,(白)mi1 溦溦雨，同微微雨	mi4 小雨	mei4
5947	瑂	瑂	mi4	mi4	mei4
5948	艉	艉	mi5	mi5	mei5
5949	蘼	蘼	mi4	mi4	mei4
5950	醾	醾	mi4	mi4	mei4
5951	鎇	镅	mi4	mi4	mei4
5952	濔	濔	mi4	mi4	mei4
5953	䕷	䕷	mi4	mi4	mei4
5954	猸	猸	mi4	mi4	mei4
5955	䉲	𥮜	mi4	mi4	nei4
5956	𪎭	𪎭	mi4 𪎭子	mi4 𪎭子	mei4
5957	覓	觅	mik6 尋覓，覓食	mik5 尋覓，覓食	mik6
5958	冪	幂	mik6	mik5	mik6
5959	汨	汨	mik6	mik5	mik6
5960	蓂	蓂	mik6 菥蓂,ming4 蓂莢	mik5 菥蓂,ming4 蓂莢	mik6,ming4
5961	糸	糸	mik6 細絲,si1 同絲字,(老派)sy1	mik5 細絲,sli1 同絲字	mik6
5962	免	免	min5	min5	min5
5963	勉	勉	min5	min5	min5
5964	棉	棉	min4	min4	min4
5965	眠	眠	min4	min4	min4
5966	綿	绵	min4 海綿，綿密；〈語〉細，切～啲，切細點，本字𥾝	min4 海綿，綿密；〈語〉細，切/抹～啲，切細點，本字𥾝	min4
5967	緬	缅	min5 緬懷，緬甸	min5 緬懷，緬甸	min5
5968	面	面	min6 面對，面積，洗面，當面，封面；（東/南/西/北/左/右）面,(白)min2 畀面，場面，門面，鋪面，腳面；（上/下/前/後/裏/外）面	min6 面對，外面	min6
5969	麪	面	min6 麪條，麪粉,(白)min1 形容詞，薯類很粉	min6 麪條，麪粉	min6
5970	冕	冕	min5	min5	min5
5971	娩	娩	min5 分娩	min5 分娩	min5
5972	丏	丏	min5	min5	min5
5973	沔	沔	min5	min5	min5
5974	澠	渑	min5 地名，澠池（在河南）,sing4 古水名	min5 地名，澠池（在河南）,sing4 古水名	man5,sing4
5975	湎	湎	min5	min5	min5
5976	眄	眄	min5	min5	min5
5977	偭	偭	min5	min5	min5
5978	愐	愐	min5	min5	min5
5979	鮸	𩾃	min5	min5	min5
5980	勔	勔	min5	min5	min5
5981	俛	俛	min5 通勉字,fu2 同俯字	min5 通勉字,fu2 同俯字	min5,fu2
5982	麵	面	min6 同麪字,(白)min1	min6 同麪字	min6
5983	腼	腼	min5 腼腆，同靦腆	min5 腼腆，同靦腆	min5
5984	冥	冥	ming4	ming4	ming4；(又)ming5
5985	命	命	ming6 命令，命運，奉命,(白)meng6 救命，算命，短命	ming6 命令，救命	ming6
5986	明	明	ming4	ming4	ming4
5987	皿	皿	ming5 器皿,(常)man5 俗讀，讀同敏	ming5 器皿,(又)man5 讀同敏	ming5
5988	銘	铭	ming4	ming4	ming4；(又)ming5
5989	鳴	鸣	ming4	ming4	ming4
5990	瞑	瞑	ming4	ming4	ming5；本讀ming4
5991	茗	茗	ming5	ming5	ming5；(又)ming4
5992	螟	螟	ming4 螟蛉	ming4 螟蛉,(白)miang1 塘～，蜻蜓	ming4
5993	酩	酩	ming5	ming5	ming5；(又)ming4
5994	暝	暝	ming4	ming4	ming4
5995	溟	溟	ming4	ming4	ming4
5996	洺	洺	ming4	ming4	ming4
5997	榠	榠	ming4	ming4	ming4
5998	滅	灭	mit6 消滅，滅火	mit5 消滅，滅火,(語)met6 程度深，灰～～，非常灰暗	mit6
5999	蔑	蔑	mit6 輕蔑，蔑視,(白)met1 末也，～名，最後一名，～～屎，小拇指、倒數第一，童語	mit5 輕蔑，蔑視,(白)met3 末也，～～，末名，～崽，小兒子，～手指，小手指	mit6
6000	搣	搣	mit6 揪；拔,(訓)mit1 撕、掐、掰，～開，撕開，本字扒，幫組白讀，方別切，擘也	mit5 揪；拔,(訓)mat2 撕、掐、掰，～人、～菜，與𢲼旁轉（端組、泥明母旁轉），本字扒，幫組白讀，博拔切，破聲	mit1
6001	衊	蔑	mit6 誣衊	mit5 誣衊	mit6
6002	蠛	蠛	mit6 蠛蠓	mit5 蠛蠓	mit6
6003	𥾝	𥾝	mit6 細也,(白)min4 細，切～啲，切細點，俗字綿	mit5 細也,(白)min4 細，切/抹～啲，切細點，俗字綿	mit6
6004	妙	妙	miu6	miu6	miu6
6005	廟	庙	miu6 廟會，寺廟，土地廟,(白)miu2 地名，蒲廟鎮（在邕寧縣）	miu6 廟會，寺廟，土地廟；地名，蒲廟鎮（在邕寧縣）	miu6
6006	描	描	miu4	miu4	miu4
6007	渺	渺	miu5	miu5	miu5
6008	瞄	瞄	miu4 瞄準,(白)miu1 瞄一眼，偷瞄	miu4 瞄準,(白)miu1 瞄一眼，偷瞄	miu4
6009	秒	秒	miu5	miu5	miu5
6010	苗	苗	miu4	miu4	miu4
6011	藐	藐	miu5	miu5	miu5
6012	杳	杳	miu5 杳無音信，讀同渺,(又)jiu2 本讀	miu5 杳無音信，讀同渺,(又)jiu2 本讀	miu5；(又)jiu2
6013	窈	窈	miu5 窈窕，讀同渺,(又)jiu2 本讀	miu5 窈窕，讀同渺,(又)jiu2 本讀	miu5；(又)jiu2
6014	繆	缪	miu6 姓,mau4 綢繆,mau6 同謬字，紕繆；姓	miu6 姓,mau4 綢繆,mau6 同謬字，紕繆；姓	1)miu6:姓繆 2)mau4:綢繆 3)mau6:紕繆；通穆muk6肅繆
6015	喵	喵	miu1,(白)meu1	miu1,(白)meu1	miu1
6016	杪	杪	miu5 樹杪，歲杪	miu5 樹杪，歲杪	miu5
6017	眇	眇	miu5	miu5	miu5
6018	緲	缈	miu5	miu5	miu5
6019	邈	邈	miu5 同藐字,mok6 遠也，渺也	miu5 同藐字,moek5 遠也，渺也	miu5,mok6
6020	鶓	鹋	miu4	miu4	miu4
6021	淼	淼	miu5	miu5	miu5
6022	麼	么	mo1 甚麼，幺麼小醜,(語)mo2 是非疑問句助詞，記得～？	mo1 甚麼，幺麼小醜	mo1
6023	摩	摩	mo1 摩擦，觀摩，按摩,maa1 摩挲（按着移動）	mo1 摩擦，觀摩，按摩,maa1 摩挲（按着移動）	mo1
6024	摹	摹	mo1 摹仿、摹擬，又作模仿、模擬,mo4 臨摹，摹本，描摹	mo1 摹仿、摹擬，又作模仿、模擬,mo4 臨摹，摹本，描摹	mou4
6025	模	模	mo1 模範；模子,(又)mo4	mo1 模範；模子,(又)mo4	1)mou4:模型 2)mou2:模子
6026	蘑	蘑	mo4 蘑菇	mo4 蘑菇	mo4
6027	魔	魔	mo1	mo1	mo1
6028	饃	馍	mo1 饃饃，泡饃，本字𩞁,(又)mo4	mo1 饃饃，泡饃，本字𩞁,(又)mo4	mo4
6029	仫	仫	(習)mo1 仫佬族，讀同麼,(書)muk6	(習)mo1 仫佬族，讀同麼,(書)moek5	muk6,mo1
6030	糢	糢	mo1	mo1	mou4
6031	摸	摸	mo1 撫摸，偷摸；盲～～，眼力不好、瞎摸,mok3 約摸，同約莫，前字調類化,(語)muk1 掏，～荷包	mu1 撫摸，偷摸；盲～～，摸黑兒，在黑夜摸索着行動,moek2 約摸，同約莫，前字調類化；〈語〉掏，～荷包,(又)mo1 夜摸	mo2；同摹；摸棱同模棱
6032	磨	磨	(動)mo4 磨刀,(名)mo6 石磨,(白)mo1 慢（由轉圈義引申而來）；靡[mi55]靡[mi55]～～，動作慢，俗作咪咪摩摩；案，《詩·王風·黍離》行邁靡靡，心中搖搖，《毛傳》靡靡，猶遲遲也，明·徐渭《翠鄕夢》第一出，百尺竿頭難轉一個磨磨，《醒世姻緣傳》喜的晁夫人遶屋裡打磨磨	(動)mu4 磨刀,(名)mu6 石磨,(語)mo5 禁[kʰɐm53]～，禁得做、不易做完,(白)mo4 慢（由轉圈義引申而來）；～氣～緊，不緊不慢、不着急,(白)mo1 靡[mi53]靡[mi53]～～，動作慢，俗作咪咪摩摩；案，《詩·王風·黍離》行邁靡靡，心中搖搖，《毛傳》靡靡，猶遲遲也，明·徐渭《翠鄕夢》第一出，百尺竿頭難轉一個磨磨，《醒世姻緣傳》喜的晁夫人遶屋裡打磨磨	1)mo4:磨損 2)mo6:磨坊
6033	耱	耱	mo6	mu6	mo6
6034	藦	藦	mo4 蘿藦	mu4 蘿藦	mo4
6035	劘	劘	mo4	mu4	mo4
6036	礳	礳	mo6 地名，礳石渠（在山西）	mu6 地名，礳石渠（在山西）	mo6
6037	寞	寞	mok6	moek5	mok6
6038	幕	幕	mok6	moek5	mok6
6039	漠	漠	mok6	moek5	mok6
6040	膜	膜	mok6 薄膜,mo4 膜拜,(白)mok3 薄膜	moek5 薄膜,mo4 膜拜	1)mok6:耳膜 2)mou4:膜拜
6041	莫	莫	mok6 莫非；姓,(白)mok3 約莫，又作約摸，前字調類化	moek5 莫非；姓,(白)moek2 約莫，又作約摸，前字調類化	mok6
6042	瘼	瘼	mok6	moek5	mok6
6043	鄚	鄚	mok6 鄚縣	moek5 鄚縣	mok6
6044	鏌	镆	mok6	moek5	mok6
6045	𢷕	𢷕	mok1 敲打，～一棍，與㩧旁轉；～～，木魚	muk3 敲打，～一棍，與㩧旁轉	mok6
6046	亡	亡	mong4 死亡，亡故	hung4 死亡，亡故	mong4；(古)同無
6047	忙	忙	mong4	maang4	mong4
6048	氓	氓	mong4 流氓,man4 百姓，古讀同萌	maang4 流氓,man4 百姓，古讀同萌	mong4 或 man4；(古)又讀mang4或maang4
6049	芒	芒	mong4 芒種，光芒,mong1 芒果（杧果），麥芒，芒草	maang4 芒種，光芒,maang1 芒果（杧果），麥芒，芒草	1)mong4:光芒 2)mong1:芒（杧）果
6050	茫	茫	mong4	maang4	mong4
6051	漭	漭	mong5	maang5	mong5
6052	硭	硭	mong4	maang4	mong4
6053	邙	邙	mong4	maang4	mong4
6054	牤	牤	mong4 牤牛,(又)mong1	maang4 牤牛	mong1,mong4
6055	厖	厖	mong4 大；紛亂；姓	maang4 大；紛亂；姓	mong4
6056	尨	尨	mong4 長毛狗,mung4 尨茸	maang4 長毛狗,moeng4 尨茸	mong4,mung4
6057	牻	牻	mong4	maang4	mong4
6058	杧	杧	mong1 杧果	maang1 杧果	mong1
6059	鋩	铓	mong4	maang4	mong4
6060	虻	虻	mong4 牛虻	miang4 牛虻	mong4
6061	妄	妄	mong6	mung6	mong5
6062	忘	忘	mong6 忘記，遺忘,(又)mong4	mung6 忘記，遺忘	mong4
6063	望	望	mong6 希望，望見,(語)mung2 巴[ma55]～，盼望、巴不得，前字受後字逆同化	mung6 希望，望見；巴[ma53]～，盼望、巴不得，前字受後字逆同化	mong6
6064	網	网	mong5	mung5	mong5
6065	惘	惘	mong5	mung5	mong5
6066	罔	罔	mong5	mung5	mong5
6067	輞	辋	mong5 車輞	mung5 車輞	mong5
6068	魍	魍	mong5	mung5	mong5
6069	蝄	蝄	mong5	mung5	mong5
6070	冒	冒	mu6 感冒，假冒，冒煙,mak6 古人名，冒頓,(白)maau6 感冒，假冒，冒煙	maau6 感冒，假冒，冒煙,mak5 古人名，冒頓,(語)mo2 水從地下往外冒或慢慢流出，水～出來喇、～水井,(語)mo3 從地裏野生出來，亞蔸番桃是～出來嘅，冇是種取	mou6；(古人名)mak6冒頓
6071	帽	帽	mu6	maau6	mou6；(語)mou2
6072	毛	毛	mu4 毛筆，鴨毛,(白)mu1 發～，發黴長毛	maau4 毛筆，鴨毛	mou4
6073	瑁	瑁	mu6,(又)mui6 玳瑁	maau6,(又)mui6 玳瑁	mou6；玳瑁又讀mui6
6074	髦	髦	mu4 髮也；時髦,(又)mu1 時髦	maau4 髮也；時髦	mou4；(又)mou1
6075	旄	旄	mu4 幢；旄牛,mu6 同耄字	maau4 幢；旄牛,maau6 同耄字	mou4
6076	氂	牦	mu4 氂牛	maau4 氂牛	lei4,mou4
6077	眊	眊	mu6	maau6	mou6
6078	耄	耄	mu6	maau6	mou6
6079	芼	芼	mu6	maau6	mou4,mou6
6080	媢	媢	mu6	maau6	mou6
6081	毷	毷	mu6	maau6	mou6
6082	酕	酕	mu4	maau4	mou4
6083	冇	冇	mu5 俗字，不、別、沒，無有的合音，本地合音後只表一般性或祈使性否定，不表存在或領有性否定（即沒有），不單用，必須以動詞性合成詞（冇有、冇係）成句，不可用於句末，語流中易變陰去；郊區有讀[mɐu24]音，可置句末表疑問；案，有些句子看起來可以單用，實際上是吞音，例如，冇有乜嘢事做➔冇有咩事做➔冇咩事做；能反映本地早期的冇也許可表存在或領有性否定的有且只有遺留的一句諺語，即『獨食獨生瘡，打死冇人幫』	me5 俗字，不、別、沒，本字靡，本地只表一般性或祈使性否定，不表存在或領有性否定（即沒有），不單用，必須以動詞性合成詞（冇有、冇是）成句；用於句末則表疑問，作反覆疑問句	mou5
6084	侮	侮	mu5	mu5,(老派)fu5	mou5
6085	務	务	mu6	mu6,(老派)fu6	mou6
6086	募	募	mu6	mu6	mou6
6087	墓	墓	mu6	mu6	mou6
6088	姆	姆	mu5 保姆，歐姆	mu5 保姆，歐姆	mou5
6089	巫	巫	mu1	mu1	mou4
6090	慕	慕	mu6	mu6	mou6
6091	戊	戊	mu6 戊戌	mu6 戊戌	mou6
6092	拇	拇	mu5	mu5	mou5
6093	無	无	mu4 有無，無論,(語)mo1 南～（喃嘸）佬，道士、道公	mu4 有無，無論,(老派)fu4,(語)mo3 南～（喃嘸）佬，道士、道公,(白)mo4 ～該，勞駕	mou4
6094	暮	暮	mu6	mu6	mou6
6095	武	武	mu5	mu5,(老派)fu5	mou5
6096	母	母	mu5 母親，父母，姨母,(白)mu2 妗～，舅母，阿～，姨媽，伯～，父之嫂	mu5 母親，父母,(白)mu2 姨～，姨媽	mou5
6097	舞	舞	mu5 跳舞，舞龍；〈語〉擺弄	mu5 跳舞，舞龍,(老派)fu5	mou5
6098	蕪	芜	mu4	mu4,(老派)fu4	mou4
6099	誣	诬	mu1	mu1	mou4
6100	霧	雾	mu6 霧水，大霧	mu6 霧水，大霧,(老派)fu6,(語)moek3 落[lak24]～，落霧，本字霧，上古幽部與覺部對轉；案，邢公畹《漢台語比較手冊》P139、陳孝玲《侗台語核心詞研究》P142認爲民族語對音與『霧』可比較	mou6
6101	鵡	鹉	mu5 鸚鵡	mu5 鸚鵡,(老派)fu5	mou5
6102	嫵	妩	mu5	mu5,(老派)fu5	mou5；(又)mou4
6103	毋	毋	mu4 毋庸置疑,(語)m4 否定詞，俗字唔	mu4 毋庸置疑,(老派)fu4	mou4
6104	謨	谟	mu4	mu4	mou4
6105	騖	骛	mu6	mu6,(老派)fu6	mou6
6106	婺	婺	mu6	mu6,(老派)fu6	mou6
6107	嫫	嫫	mu4	mu4	mou4
6108	廡	庑	mu5	mu5,(老派)fu5	mou5
6109	憮	怃	mu5	mu5,(老派)fu5	mou5
6110	鶩	鹜	mu6	mu6,(老派)fu6	mou6
6111	潕	𣲘	mu5	mu5,(老派)fu5	mou5
6112	鉧	𬭁	mu5	mu5	mou5
6113	珷	珷	mu5	mu5,(老派)fu5	mou5
6114	鵐	鹀	mu4	mu4,(老派)fu4	mou4
6115	𧿹	𧿹	mu5	mu5	mou5
6116	碔	碔	mu5	mu5,(老派)fu5	mou5
6117	㵲	㵲	mu5	mu5,(老派)fu5	mou5
6118	妹	妹	mui6 姊妹，細妹（妹妹），堂細妹（堂妹）,(白)mui2 阿妹，妹[mui21]妹，兄妹，表妹，堂妹,(白)mui1 妹崽（女孩兒；童養媳；舊時指丫鬟），妹丁（女孩兒）	mui6 姊妹，阿妹，表妹，堂妹,(白)mui3 妹崽（舊時指丫鬟）	mui6
6119	媒	媒	mui4	mui4	mui4
6120	昧	昧	mui6 冒昧，昧心,(常)mi6 俗讀，讀同未/味	mui6 冒昧，昧心	mui6
6121	枚	枚	mui4 枚舉；姓,(白)mui1 量詞，一枚（獎章、針）	mui4 枚舉；姓	mui4
6122	梅	梅	mui4	mui4	mui4
6123	每	每	mui5	mui5	mui5
6124	煤	煤	mui4	mui4	mui4
6125	玫	玫	mui4	mui4	mui4
6126	黴	霉	mui4 發黴，黴菌，讀同梅,(又)mi4,(訓)mat1 發～，發黴，或與沫/歿同源，上古月部	mui4 發黴，黴菌，讀同梅,(又)mi4,(訓)mat2 發～，發黴，或與沫/歿同源，上古月部	mui4；(又)mei4
6127	莓	莓	mui4	mui4	mui4
6128	酶	酶	mui4	mui4	mui4
6129	浼	浼	mui5	mui5	mui5
6130	霉	霉	mui4 同黴字,(又)mi4,(訓)mat1	mui4 同黴字,(又)mi4,(訓)mat2	mui4；(又)mei4
6131	沬	沬	mui6	mui6	mui6
6132	痗	痗	mui6	mui6	mui6
6133	脢	脢	mui4 ～肉、腰～，裏脊肉；背～，背骨兩側肌肉，泛指背脊；背～骨，脊樑骨；～頭，前胛	mui4 ～肉、腰～，裏脊肉；背～，背骨兩側肌肉，泛指背脊；背～骨，脊樑骨；～頭，前胛	mui4
6134	木	木	muk6	moek5	muk6
6135	沐	沐	muk6	moek5	muk6
6136	牧	牧	muk6	moek5	muk6
6137	目	目	muk6	moek5	muk6
6138	睦	睦	muk6	moek5	muk6
6139	穆	穆	muk6	moek5	muk6
6140	苜	苜	muk6	moek5	muk6
6141	鉬	钼	muk6	moek5	muk6
6142	坶	坶	muk6	moek5	muk6
6143	霂	霂	muk6	moek5	muk6
6144	們	们	mun4	mun4	mun4
6145	滿	满	mun5	mun5	mun5
6146	瞞	瞒	mun4	mun4,(又)mon4	mun4
6147	門	门	mun4 大門，門口	mun4 大門，門口；疑問代詞，哪[na33]～，什麼,(語)mon4 又音，疑問代詞，哪[na33]～，什麼	mun4
6148	悶	闷	mun6 煩悶，悶熱,(語)man1 內向，～頭雞，比喻內向的人	mun6 煩悶，悶熱	mun6
6149	懣	懑	mun6	mun6	mun6
6150	捫	扪	mun4 捫心	mun4 捫心,(白)mon3 ～自[tʃi55]，怕羞	mun4
6151	燜	焖	mun6 悶的分化字，燜飯，油燜,(訓)man1 訓讀炆	mun6 悶的分化字，燜飯，油燜,(訓)man3 訓讀炆	mun6
6152	顢	颟	mun4	mun4	mun4
6153	蟎	螨	mun5	mun5	mun5
6154	亹	亹	mun4 亹源,mi5 亹亹	mun4 亹源,mi5 亹亹	mun4,mei5
6155	鍆	钔	mun4	mun4	mun4
6156	鞔	鞔	mun4	mun4	mun4
6157	璊	𫞩	mun4	mun4	mun4
6158	朦	朦	mung4 朦朧	moeng4 朦朧	mung4
6159	夢	梦	mung6	moeng6	mung6
6160	檬	檬	mung2 檸檬，檸檬鴨,(白)mung1	moeng3 檸檬，檸檬鴨	mung1；本讀mung4
6161	濛	蒙	mung4 濛濛細雨，溟濛，灰濛濛,(白)mung1 ～～雨，毛毛雨	moeng4 濛濛細雨，溟濛，灰濛濛	mung4
6162	矇	蒙	mung4 失明；矇騙，矇混,(白)mung1 天～～光，天矇矇亮	moeng4 失明；矇騙，矇混	mung4
6163	蒙	蒙	mung4 蒙受，啓蒙；姓,(白)mung1 遮蓋，～頭睡覺、～住眼睛；天～～光，天蒙蒙亮；～雞，蒙眼抓人	moeng4 蒙受，啓蒙；姓	mung4
6164	懵	懵	mung2 懵懂；～䁬[ɬɐŋ21]䁬[ɬɐŋ21]，糊糊塗塗	moeng5 懵懂；～䁬[ɬɐŋ21]䁬[ɬɐŋ21]，糊糊塗塗,(白)wang6 ～掙[tʃɐŋ55]掙[tʃɐŋ55]，發呆；癡癡～～，癡癡呆呆；～怐[hɐu55]怐[hɐu55]，呆呆傻傻；案，母亙切，明母讀如匣母，不明也，元曲作懞掙，懞與懵通	mung2；(又)mung5
6165	瞢	瞢	mung4 目不明；～查[tʃʰa21/ɬa21]查[tʃʰa21/ɬa21]，模模糊糊，明代小說《西遊記》作夢夢查查，夢與瞢通	moeng4 目不明；～鑿鑿，模糊看不清	mung4
6166	艨	艨	mung4	moeng4	mung4
6167	蠓	蠓	mung4 蠓蟲	moeng5 蠓蟲	mung5
6168	獴	獴	mung4	moeng4	mung4
6169	幪	幪	mung4	moeng4	mung4
6170	礞	礞	mung4	moeng4	mung4
6171	鸏	鹲	mung4	moeng4	mung4
6172	㠓	㠓	mung4	moeng4	mung4
6173	曚	曚	mung4	moeng4	mung4
6174	懞	蒙	mung2 同懵字,mung4 敦厚貌	moeng5 同懵字,moeng4 敦厚貌	mung5
6175	末	末	mut6	mut5	mut6
6176	沒	没	mut6 沉沒；沒有	mut5 沉沒；沒有,(白)mot6 打～子，潛泳，本字𩑦,(白)mot3 水～過頭，本字𩑦	mut6
6177	沫	沫	mut6 泡沫	mut5 泡沫	mut6
6178	茉	茉	mut6	mut5	mut6
6179	歿	殁	mut6 亡歿	mut5 亡歿	mut6
6180	秣	秣	mut3	mut5	mut3
6181	靺	靺	mut6	mut5	maat6,mut6
6182	妺	妺	mut6	mut5	mut6
6183	哪	哪	naa5 哪個，哪怕,naa4 哪吒,naa6 語氣詞	naa2 哪個，哪怕；疑問代詞，～門[mun21/mon21]，什麼,naa4 哪吒,naa6 語氣詞	naa5；(古人名)naa4 哪吒
6184	娜	娜	naa6 人名用字,no4 婀娜，古讀上聲	naa6 人名用字,no4 婀娜，古讀上聲	1)no5:婀娜 2)naa4:人名
6185	拿	拿	naa4 捉拿，拿手，本字拏	naa4 捉拿，拿手，本字拏	naa4
6186	那	那	naa5 那邊，那些；地名用字，那洪村，那洪大道，那洪立交,naa1 姓，俗讀那邊之那	naa6 那邊，那些；地名用字，那洪村，那洪大道，那洪立交,naa1 姓，俗讀那邊之那	1)naa5:那裡 2)naa1:姓那
6187	乸	乸	naa2 俗字，母、雌，本字女，上古魚部	naa2 俗字，母、雌，本字女，上古魚部	naa2
6188	鎿	镎	naa4	naa4	naa4
6189	𦰡	𦰡	naa5	naa6	naa5
6190	拏	拏	naa4 牽也	naa4 牽也	naa4
6191	挐	挐	naa4 同拏字,jyu4 牽引	naa4 同拏字,jyu4 牽引	naa4,jyu4
6192	嗱	嗱	naa4 嘆詞，表指向，或與喏/諾同源,(白)ne4 表指向，一般作呢[nɛ21]字	naa4 嘆詞，表指向，或與喏/諾同源,(白)ne4 表指向，一般作呢[nɛ21]字	naa4
6193	𤶠	𤶠	naa1 傷疤，知端泥母旁轉，俗字𤶸；補～，補丁；疙[kɐt2]～，活結，引申爲吝嗇	naa1 傷疤，知端泥母旁轉，俗字𤶸；補～，補丁；疙[kɐt2]～，活結，引申爲吝嗇	naa1
6194	乃	乃	naai5	naai5	naai5
6195	奶	奶	naai5 牛奶，奶嘴,(白)naai1 阿/老～，祖母；二～，小老婆；師～，師母、年長的婦人,(白)naai2 奶[nai21]～，祖母，老派稱阿嫲	naai5 牛奶，奶[nai21]奶	naai5
6196	氖	氖	naai5	naai5	naai5
6197	艿	艿	naai5 芋艿,jing4 舊草未割新草又生	naai5 芋艿,nging4 舊草未割新草又生	naai5,jing4
6198	鼐	鼐	naai5	naai5	naai5
6199	迺	迺	naai5	naai5	naai5
6200	南	南	naam4 南方,(語)naam1 ～無（喃嘸）佬，道士、道公	naam4 南方,(語)naa3 ～無（喃嘸）佬，道士、道公	naam4
6201	男	男	naam4	naam4	naam4
6202	喃	喃	(白)naam1 喃經（唸經）；嘮叨，～咇[pɛt2]咇[pɛt2]，囉唆；～嘸（南無）佬，道士、道公,(文)naam4 呢喃，喃喃自語	(白)naam1 喃經（唸經）；嘮叨,(文)naam4 呢喃，喃喃自語,(語)naa3 ～嘸（南無）佬，道士、道公	naam4
6203	楠	楠	naam4	naam4	naam4
6204	囡	囡	naam4 吳語字，女孩,naap6 同㘝字	naam4 吳語字，女孩,naap5 同㘝字	naam4
6205	腩	腩	naam5 牛腩，肚腩	naam5 牛腩，肚腩	naam5
6206	蝻	蝻	naam4 蝻子，蝗蝻	naam4 蝻子，蝗蝻	naam4
6207	婻	婻	naam6	naam6	naam6
6208	萳	萳	naam4 草名,naam5 草長弱貌	naam4 草名,naam5 草長弱貌	naam4,naam5
6209	蚺	蚺	(習)naam4 ～蛇，蟒蛇，俗字蝻,(書)jim4	(習)naam4 ～蛇，蟒蛇，俗字蝻,(書)njim4	naam4,jim4
6210	揇	揇	naam5 搦，與㘝對轉,(白)naam3 張開大拇指與食指測長度；量詞，一～，一虎口	naam5 搦，與㘝對轉,(白)njaam3 張開大拇指與食指測長度；量詞，一～，一虎口	naam5
6211	𨂾	𨂾	naam3 俗字，跨、邁，應由揇引申而來	naam3 俗字，跨、邁，應由揇引申而來	naam3
6212	難	难	naan4 難易,naan6 患難	naan4 難易,naan6 患難	1)naan4:難事 2)naan6:難民；(古)同儺no4
6213	赧	赧	naan5 羞赧，赧然，赧顏,(白)naan3 鹹～～，很鹹	naan5 羞赧，赧然，赧顏	naan5
6214	戁	戁	naan5 恐懼,(白)nan1 肉～，肉麻；噁心	naan5 恐懼,(白)nan1 肉麻；噁心，～相，令人噁心的樣子	naan5
6215	㫱	㫱	naan5 溫溼,naan6 赤色,(白)naan3 蚊蟲叮咬起的包	naan5 溫溼,naan6 赤色,(白)naan3 蚊蟲叮咬起的包	naan3
6216	吶	呐	naap6 吶喊，嗩吶,nat6 同訥字	naap5 吶喊，嗩吶,nat5 同訥字	naap6；(又)nat6,neot6
6217	納	纳	naap6 出納，收納；〈語〉（植物子實）飽滿，～穀/米，飽滿的穀子/稻米	naap5 出納，收納；〈語〉（植物子實）飽滿，穀/花生～，穀子/花生飽滿	naap6
6218	鈉	钠	naap6	naap5	naap6
6219	衲	衲	naap6	naap5	naap6
6220	㘝	㘝	naap6 攝取，與揇對轉,(白)naap3 搛，～菜	naap5 攝取，與揇對轉,(白)naap3 搛，～菜；～嘴魚，一種尖嘴魚	naap6
6221	捺	捺	naat6 手重按也,(白)naat3 撇捺，按捺	naat5 手重按也；撇捺，按捺,(白)not3 搓，～老泥	naat6
6222	撓	挠	naau4 阻撓，百折不撓,(白)ngeu1 抓撓，俗字𢯎,(文)ngaau1	naau4 阻撓，百折不撓	naau4；(又)naau5
6223	錨	锚	naau4 拋錨，讀同鐃,(又)maau4 本讀	naau4 拋錨，讀同鐃,(又)maau4 本讀	naau4；(又)maau4
6224	鬧	闹	naau6 熱鬧，鬧事；〈語〉罵，較少用	naau6 熱鬧，鬧事；〈語〉罵	naau6
6225	呶	呶	naau4	naau4	naau4
6226	鐃	铙	naau4	naau4	naau4
6227	孬	孬	naau1 俗字，孬種	naau1 俗字，孬種	naau1,bou2
6228	淖	淖	naau6 泥淖,coek3 同綽字	naau6 泥淖,ciak2 同綽字	naau6
6229	猱	猱	naau4	naau4	naau4
6230	硇	硇	naau4	naau4	naau4
6231	峱	峱	naau4	naau4	naau4
6232	譊	𫍢	naau4	naau4	naau4
6233	巎	巎	naau4	naau4	naau4
6234	泥	泥	nai4 泥土，雲泥之別；豆～，質量差,ni6 拘泥,(白)jai4 壞的、差的，件衫好～、脾氣～，俗字𠯋/曳/孬；案，器物質量差也說豆泥，故本字泥，泥娘母讀如以母，䦵[jɐi24]字以及早期粵音中濃字亦如是,(白)jaai4 溶～～，（飯、麪條等）軟爛	nai4 泥土，雲泥之別；豆～，質量差,ni6 拘泥,(白)jai4 壞的、差的，亞種產品質量好～嘅、渠脾氣冇識幾～，俗字𠯋/曳/孬；案，器物質量差也說豆泥，故本字泥，泥娘母讀如以母，早期粵音中濃字亦如是	1)nai4:泥土 2)nei6:拘泥
6235	坭	坭	nai4	nai4	nai4
6236	䦵	䦵	nai5 智少力劣而爭,(白)jai5 孩童頑皮，泥娘母讀如以母，泥[jɐi21]字以及早期粵音中濃字亦如是	nai5 智少力劣而爭	nai5
6237	恁	恁	nam2 思考、想，俗字諗,jam6 這，那	nam5 思考、想，俗字諗,njam6 這，那	jam6
6238	𦛚	𦛚	nam6 肥貌，與䐺旁轉	nam6 肥貌，與䐺旁轉,(語)nam1 眼瞼浮腫	nam6
6239	能	能	nang4 本能，能夠；～可，寧可，～願，寧願；案，能字宋以來有寧可義，能可的寫法常見於元曲	nang4 本能，能夠,(語)nang5 假借字，哪樣的合音，疑問代詞，同[tœŋ21/tɐŋ21]～，怎麼，也有讀[tɐn21nɐŋ55]	nang4
6240	粒	粒	nap1 一粒米，米粒，來母讀如泥母；該量詞可表示塊、個，一～地，一塊地，我～女，我這個女兒，一～嘢，一萬元，一～鬼，一毛錢（戲稱），一～肉，一塊肉；還可表示少量，一～兒[ji55]肉，一絲兒肉，加多～鹽，再加點鹽	nap3 一粒米，米粒，來母讀如泥母；該量詞可表示塊、個，兩～豬肉，兩塊豬肉	nap1
6241	𣲷	𣲷	nap6 潮溼，與溚旁轉	nap5 潮溼，與溚旁轉	nap6
6242	𥹉	𥹉	nap6 黏糊，與搭旁轉；動作慢	nap5 黏糊，與搭旁轉；動作慢，～稍[ʃau33]，不利索、動作慢	nap6
6243	訥	讷	nat6	nat5	neot6；(又)nat6,naap6
6244	肭	肭	nat6 肥貌,(白)not1 肥～～，胖乎乎，與腯旁轉,(白)nat1 肉～～，肉乎乎，與腯旁轉	nat5 肥貌,(白)not3 肥～～，胖乎乎，矮～～，形容人矮而小，與腯旁轉	neot6
6245	扭	扭	nau2 扭轉，彆扭，扭捏	nau2 扭轉，彆扭，扭捏	nau2
6246	紐	纽	nau2 紐扣，樞紐，紐帶	nau2 紐扣，樞紐，紐帶	nau2
6247	鈕	钮	nau2 按鈕，電鈕，旋鈕；同紐字，紐扣	nau2 按鈕，電鈕，旋鈕；同紐字，紐扣	nau2
6248	妞	妞	nau2	nau2	nau2
6249	忸	忸	nau2 同狃字；〈又〉忸怩,nuk6 忸怩	nau2 同狃字；〈又〉忸怩,noek5 忸怩	nau2,nuk6
6250	耨	耨	nau6	nau6	nau6
6251	狃	狃	nau2	nau2	nau2
6252	嬲	嬲	nau1 俗字，生氣、憎恨，本字獳，另一說本字惱,niu5 戲弄	nau1 俗字，生氣、憎恨，本字獳，另一說本字惱,niu5 戲弄	nau1,niu5
6253	獳	獳	nau6 犬怒貌；姓,(白)nau1 生氣、憎恨，俗字嬲，另一說本字惱	nau6 犬怒貌；姓,(白)nau1 生氣、憎恨，俗字嬲，另一說本字惱	nau6
6254	腬	腬	nau6 膩	nau6 膩	nau6
6255	朽	朽	nau2 朽木，腐朽，不朽	ngau5 朽木，腐朽，不朽	nau2
6256	𪐀	𪐀	(白)ne1 粘貼，～牙，粘牙齒,(文)naa1 粘貼；～褦[nɐŋ33]，牽連、牽扯，另一說本字拏/挐,(語)ni1 ～牙～齒，形容食物粘牙齒	(白)ne1 粘貼,(文)naa1 粘貼；～褦[niɐŋ55]，牽連、牽扯，另一說本字拏/挐	naa1
6257	拈	拈	(白)nem1 拈起，拈鬮，與鑷對轉，與掂旁轉,(文)nim1	(白)nem1 拈起，拈鬮，與鑷對轉，與掂旁轉,(文)nim1	nim1
6258	稔	稔	nem1 同棯字,nam5 稔熟，素稔	nem1 同棯字,nam5 稔熟，素稔	1)nam5:熟稔 2)nim1:山稔
6259	棯	棯	(白)nem1 花/番～，番桃、桃金娘果實，花爲番的音變，豆～，倒捻子、桃金娘，豆爲倒的音變，又作稔/捻字,(文)nim1	(白)nem1 花～，番桃、桃金娘果實，花爲番的音變，竇[tɐu55]～，倒捻子、桃金娘，竇爲倒的音變，又作稔/捻字,(文)nim1	nim1
6260	撚	撚	nen2 搓揉，～碎；摁、壓，～住，與捏[nɛt2]對轉,(語)nan2 擺弄、玩弄，～化，捉弄，～菜，做菜，～手，拿手；挪挪～～，磨磨蹭蹭；～唅唅，做作	nen2 搓揉，～火媒，搓揉紙媒兒；摁、壓，～燈制，摁燈開關，與捏[nɛt2]對轉,(語)nan2 擺弄、玩弄，～化，捉弄，～人，整人	nin2；(語)nan2
6261	攆	撵	nen2 攆走	nen2 攆走	lin5
6262	碾	碾	nen2 碾碎，水碾	nen2 碾碎，水碾	zin2,nin5
6263	輦	辇	nen2 車輦	nen2 車輦	lin5
6264	捏	捏	(白)net6 按壓，與撚[nɛn35]對轉,nip6 用手指夾住，捏緊，本字捻,(文)nit6	(白)net6 按壓，與撚[nɛn33]對轉,nip5 用手指夾住，捏緊，本字捻,(文)nit5,(語)net2 扭～，舉止言行不大方	nip6
6265	五	五	ng5 五個，十五,(又)m5 十五，前字順同化	ng5 五個，十五,(老派)ngu5	ng5
6266	伍	伍	ng5	ng5,(老派)ngu5	ng5
6267	午	午	ng5	ng5,(老派)ngu5	ng5
6268	吳	吴	ng4	ng4,(老派)ngu4	ng4
6269	吾	吾	ng4	ng4,(老派)ngu4	ng4
6270	悟	悟	ng6	ng6,(老派)ngu6	ng6
6271	捂	捂	ng6	ng6,(老派)ngu6	wu2
6272	梧	梧	ng4 梧桐	ng4 梧桐,(老派)ngu4	ng4
6273	蜈	蜈	ng4 蜈蚣	ng4 蜈蚣,(老派)ngu4	ng4
6274	誤	误	ng6	ng6,(老派)ngu6	ng6
6275	嗯	嗯	ng2 表疑問,ng6 表答應,(語)ang3 使勁憋，～屎，拉屎，象聲或啊嗯的合音	ng5 表疑問,ng6 表答應,(語)ang3 使勁憋，～屎，拉屎，象聲或啊嗯的合音	ng2,ng6
6276	寤	寤	ng6	ng6,(老派)ngu6	ng6
6277	晤	晤	ng6	ng6,(老派)ngu6	ng6
6278	仵	仵	ng5 仵作；姓	ng5 仵作；姓,(老派)ngu5	ng5
6279	忤	忤	ng5	ng5,(老派)ngu5	ng5
6280	浯	浯	ng4	ng4,(老派)ngu4	ng4
6281	焐	焐	ng6	ng6,(老派)ngu6	ng6
6282	牾	牾	ng5	ng5,(老派)ngu5	ng5
6283	痦	痦	ng6	ng6,(老派)ngu6	ng6
6284	迕	迕	ng5	ng5,(老派)ngu5	ng5
6285	鋙	铻	ng4 錕鋙,jyu5 鉏鋙	ng4 錕鋙,jyu5 鉏鋙,(老派)ngu4	ng4,jyu5
6286	鼯	鼯	ng4	ng4,(老派)ngu4	ng4
6287	珸	珸	ng4	ng4,(老派)ngu4	ng4
6288	郚	郚	ng4	ng4,(老派)ngu4	ng4
6289	旿	旿	ng5	ng5,(老派)ngu5	ng5
6290	雅	雅	ngaa5	jaa5	ngaa5
6291	椏	桠	ngaa1 椏杈，又作枒杈,(白)nge1 樹～，樹杈	ngaa1 椏杈，又作枒杈,(白)nge1 ～柴，杈枝	aa1
6292	枒	枒	ngaa1 枒杈，同椏杈,ngaa6 木名,(白)nge1 樹～，樹杈；象聲詞，枒[ŋɛ21]～，二胡或二胡聲，扯枒[ŋɛ21]～，拉二胡,(語)nge4 象聲詞，～枒[ŋɛ55]，二胡或二胡聲，扯～枒[ŋɛ55]，拉二胡	ngaa1 枒杈，同椏杈,ngaa6 木名,(白)nge1 ～柴，杈枝	ngaa4,ngaa6
6293	𧧝	𧧝	ngaa6 ～𧨊，囉唆、糾纏	ngaa6 ～𧨊，囉唆、糾纏	ngaa6
6294	牙	牙	ngaa4	njaa4	ngaa4
6295	芽	芽	ngaa4 豆芽，發芽（口語稱爆芽）	njaa4 豆芽，發芽（口語稱爆芽）	ngaa4
6296	衙	衙	ngaa4	njaa4	ngaa4
6297	訝	讶	ngaa6	njaa6	ngaa6
6298	伢	伢	ngaa4 小孩子，本字𤘅；～伢[ŋa55]崽，嬰兒	njaa4 小孩子，本字𤘅,(白)nge1 牛伢[ŋe55]～，對小孩兒稱牛,(白)nge3 牛～伢[ŋe53]，對小孩兒稱牛	ngaa4
6299	蚜	蚜	ngaa4	njaa4	ngaa4
6300	迓	迓	ngaa6	njaa6	ngaa6
6301	砑	砑	ngaa6 砑平，砑光；〈語〉～槎，佔地、霸道，～定[tɛŋ22]，礙事,(白)nge2 象聲詞，推門聲，又作呀字	njaa6 砑平，砑光,(白)nge2 象聲詞，推門聲，又作呀字	ngaa6
6302	瓦	瓦	ngaa5 瓦片；瓦解,ngaa6 蓋（瓦）	waa5 瓦片；瓦解,waa6 蓋（瓦）	ngaa5
6303	佤	佤	ngaa5	waa5	ngaa5
6304	崖	崖	ngaai4 山崖，懸崖,(又)ngaa4 山崖，懸崖；～鷹，老鷹，引申指風箏，俗作牙鷹；～巘[jin55]，危險，俗作牙煙/崖广，另一說危險的音變	ngaai4 山崖，懸崖	ngaai4
6305	捱	挨	ngaai4 捱打，捱苦；被，～講，被批評	ngaai4 捱打，捱苦；被，～講，被批評	ngaai4
6306	涯	涯	ngaai4 天涯，生涯,(又)ngaa4	ngaai4 天涯，生涯	ngaai4
6307	艾	艾	ngaai6 艾草，艾葉,ngai6 自怨自艾，俗讀艾草之艾,(又)ngoi6	ngaai6 艾草，艾葉,ngai6 自怨自艾，俗讀艾草之艾	ngaai6
6308	睚	睚	ngaai4	ngaai4	ngaai4
6309	砹	砹	ngaai6	ngaai6	ngaai6
6310	堐	堐	ngaai4	ngaai4	ngaai4
6311	𠊎	𠊎	ngaai1 俗字，～話，客家話，本字我，以人稱代指語言，摹客家音	ngaai1 俗字，～話，客家話，本字我，以人稱代指語言，摹客家音	ngaai1
6312	岩	岩	ngaam4 岩石，岩漿	ngaam4 岩石，岩漿	ngaam4
6313	巖	岩	ngaam4 巖洞，巖壁	ngaam4 巖洞，巖壁	ngaam4
6314	癌	癌	ngaam4 癌症，肝癌	ngaam4 癌症，肝癌	ngaam4
6315	嵒	嵒	ngaam4	ngaam4	ngaam4
6316	啱	啱	ngaam1 俗字，剛剛、恰好、合適，一說本字嚴/𧬌/諴	ngaam3 俗字，剛剛、恰好、合適，一說本字嚴/𧬌/諴	ngaam1
6317	虤	虤	ngaan4	ngaan4	ngaan4
6318	雁	雁	ngaan6	njaan6	ngaan6
6319	顏	颜	ngaan4 容顏；顏色,(白)ngen4 罕讀	njaan4 容顏；顏色	ngaan4
6320	贗	赝	ngaan6	njaan6	ngaan6
6321	贋	赝	ngaan6	njaan6	ngaan6
6322	鴈	鴈	ngaan6	njaan6	ngaan6
6323	硬	硬	ngaang6 軟硬，硬氣，硬撐（結實），硬頸（固執）,(白)ngaang2 硬係，硬要，夾硬（勉強），生硬（強行），充硬（硬裝、硬充），折硬（虧定了）	ngiang6 軟硬，硬氣，硬是，硬撐（結實）	ngaang6
6324	㩵	㩵	ngaat6 擊也,(又)zaat6 砸的本字	ngaat5 擊也,(又)zaat6 砸的本字,(白)jaat6 （建築物等）下陷，牆腳～喇	
6325	淆	淆	ngaau4	ngaau4	ngaau4
6326	餚	肴	ngaau4	ngaau4	ngaau4
6327	爻	爻	ngaau4	ngaau4	ngaau4
6328	崤	崤	ngaau4	ngaau4	ngaau4
6329	洨	洨	ngaau4	ngaau4	ngaau4
6330	肴	肴	ngaau4	ngaau4	ngaau4
6331	殽	殽	ngaau4	ngaau4	ngaau4
6332	毅	毅	ngai6 毅力，剛毅	ngai6 毅力，剛毅,(又)nji3 用於人名，陳～	ngai6
6333	刈	刈	ngai6 刈草，刈麥	ngai6 刈草，刈麥	ngaai6
6334	囈	呓	ngai6	ngai6	ngai6
6335	睨	睨	ngai6 睥睨	ngai6 睥睨	ngai6
6336	羿	羿	ngai6	ngai6	ngai6
6337	詣	诣	ngai6	ngai6	ngai6
6338	乂	乂	ngai6	ngai6	ngaai6
6339	鯢	鲵	ngai4	ngai4	ngai4
6340	峗	峗	ngai4 三峗,ngai5 山高貌	ngai4 三峗,ngai5 山高貌	ngai4,ngai5
6341	洈	洈	ngai4	ngai4	ngai4
6342	猊	猊	ngai4	ngai4	ngai4
6343	麑	麑	ngai4	ngai4	ngai4
6344	輗	𫐐	ngai4	ngai4	ngai4
6345	顗	𫖮	ngai5	ngai5	ngai5
6346	齯	𫠜	ngai4	ngai4	ngai4
6347	頠	𬱟	ngai5	ngai5	ngai5
6348	𨺙	𨺙	ngai6	ngai6	ngai6
6349	堄	堄	ngai6 埤堄	ngai6 埤堄	ngai6
6350	婗	婗	ngai4	ngai4	ngai4
6351	蓺	蓺	ngai6	ngai6	ngai6
6352	蜺	蜺	ngai4 寒蟬	ngai4 寒蟬	ngai4
6353	藝	艺	ngai6	nji6	ngai6
6354	蟻	蚁	ngai5	nji5	ngai5
6355	艤	舣	ngai5	nji5	ngai5
6356	危	危	ngai4	wai4	ngai4
6357	巍	巍	ngai4	wai4	ngai4
6358	魏	魏	ngai6	wai6	ngai6
6359	僞	伪	ngai6 虛僞	wai6 虛僞	ngai6
6360	桅	桅	ngai4 桅杆	wai4 桅杆	wai4
6361	嵬	嵬	ngai4	wai4	ngai4
6362	鮠	𬶏	ngai4 魚名	wai4 魚名	wai4
6363	眲	眲	ngak1 欺騙，俗字呃,ni6 輕視	ngak3 欺騙，俗字呃,nji6 輕視	nei6,ngak1
6364	額	额	ngak6 額頭，匾額，額角,(白)ngaak6 名額，數額，金額，營業額，定額，超額	ngiak5 額頭（口語稱額前頭），匾額,(白)ngaak5 名額，數額	ngaak6
6365	玵	玵	ngam4	ngaam4	ngam4
6366	㜝	㜝	ngam5 含怒貌,jim2 美	ngaam5 含怒貌,jim2 美,(白)njaam6 妒忌	ngam5,jim2
6367	啽	啽	ngam4 寐聲	ngam4 寐聲	ngam4
6368	銀	银	ngan4	ngan4	ngan4
6369	垠	垠	ngan4	ngan4	ngan4
6370	齦	龈	ngan4 牙齦,han2 啃,(白)hen2 啃，老鼠～	ngan4 牙齦,han2 啃,(白)hen5 啃，老鼠～	ngan4；同啃hang2
6371	圻	圻	ngan4 同垠字,ki4 地的邊界；姓	ngan4 同垠字,gi4 地的邊界；姓	ngan4,kei4
6372	狺	狺	ngan4	ngan4	ngan4
6373	誾	訚	ngan4	ngan4	ngan4
6374	鄞	鄞	ngan4	ngan4	ngan4
6375	嚚	嚚	ngan4	ngan4	ngan4
6376	憖	慭	ngan6	ngan6	jan6
6377	齗	龂	ngan4 齒根；爭辯貌,(白)ngen1 吝嗇，與忔對轉	ngan4 齒根；爭辯貌,(白)ngen1 吝嗇，與忔對轉	ngan4
6378	珢	珢	ngan4	ngan4	ngan4
6379	垽	垽	ngan6	ngan6	ngan6
6380	奀	奀	ngan1 俗字，瘦小，當爲伢身（小兒身）的合音	ngan1 俗字，瘦小，當爲伢身（小兒身）的合音	ngan1
6381	䟴	䟴	(習)ngan3 搖晃，與扤對轉,(書)zan3	(習)ngan3 搖晃，與扤對轉,(書)zan3	ngan3
6382	𩪤	𩪤	ngap6 ～頭，點頭，與顉對轉，又作𩕟字,(又)ngap1	ngap6 首動貌，與顉對轉，又作𩕟字,(又)ngap3 ～頭，點頭,(又)ngap2 䆟[kʰɐp3]～，（女孩）怕羞	ngap6
6383	屹	屹	ngat6 屹立,gat6 屹㟷，同圪墶,(又)hat1 屹立，讀同乞	ngat6 屹立,gat6 屹㟷，同圪墶,(又)hat2 屹立，讀同乞	ngat6
6384	疙	疙	ngat6 癡貌,gat6 疙瘩；～𤶠，活結，引申爲吝嗇，打～𤶠，打結,(白)gat1 疙瘩；～𤶠，疙瘩；麪～𤶠，麪疙瘩；樹～𤶠，樹疙瘩	ngat6 癡貌,gat6 疙瘩；～𤶠，活結，引申爲吝嗇	ngat6,gat6
6385	兀	兀	ngat6 突兀，兀鷲	ngat6 突兀，兀鷲,(語)nget3 翹[hɛu53]～～，嘴噘着；𣩢[lɛu55]～～，乾而瘦；皺[ȵɐu55]～～，皺巴巴,(語)ngaat3 又音，翹[hɛu53]～～，嘴噘着	ngat6
6386	仡	仡	ngat6 壯勇,hat1 仡佬族，讀同乞	ngat6 壯勇,hat2 仡佬族，讀同乞	ngat6,gat1,go1
6387	圪	圪	ngat6 牆高貌,gat6 圪墶	ngat6 牆高貌,gat6 圪墶	gat6,ngat6
6388	杌	杌	ngat6 杌子	ngat6 杌子	ngat6
6389	屼	屼	ngat6	ngat6	ngat6
6390	卼	卼	ngat6	ngat6	ngat6
6391	忔	忔	ngat6 心不欲也,hat1 喜也,(白)nget1 ～失[ʃɛt5]，吝嗇，與齗對轉,(白)ngat1 又音，～失[ʃɐt5]，吝嗇，與齗對轉	ngat6 心不欲也,hat2 喜也,(白)nget2 ～失[ʃɛt3]，吝嗇，與齗對轉	ngat6
6392	扤	扤	ngat6 動、搖，與䟴對轉；〈語〉挪動,(白)nget6 擠壓，與研對轉；負重挪動、緩慢移步，捱～，磨蹭，老～～，老態龍鍾,(白)ngaat6 碾壓，與研對轉，捱車輪～着，被車輪軋了	ngat6 動、搖，與䟴對轉,(白)nget5 摩擦，牛～樹，與研對轉,(白)ngaat5 摩擦，～痕/癢、牛～樹，與研對轉,(語)nget6 捱～、捱捱～～，磨蹭、捱時間	ngaat6,ngat1
6393	阢	阢	ngat6	ngat6	ngat6
6394	偶	偶	ngau5 配偶；偶然	ngau5 配偶；偶然	ngau5
6395	勾	勾	(白)ngau1 勾消；勾當,(文)gau1	(白)ngau1 勾消；勾當,(文)gau1	ngau1；(古)寫作句
6396	藕	藕	ngau5	ngau5	ngau5
6397	鉤	钩	(白)ngau1 魚鉤；鉤住,(文)gau1	(白)ngau1 魚鉤；鉤住,(文)gau1	ngau1
6398	吽	吽	ngau6 俗字，～哣，迷糊、不清醒，本地又指古板、難溝通，疑本字䠗逗/譳䛠,hung1 唵嘛呢叭咪吽,hau2 同吼字	ngau6 俗字，～哣，迷糊、不清醒，本地又指古板、難溝通，疑本字䠗逗/譳䛠,hung3 唵嘛呢叭咪吽,hau2 同吼字	hung1,hau2,ngau6
6399	耦	耦	ngau5	ngau5	ngau5
6400	蕅	蕅	ngau5	ngau5	ngau5
6401	牛	牛	ngau4 水牛，牛奶；比喻頑皮、淘氣，～骨，小孩調皮；比喻個大的，～蕉，一種個大略酸的芭蕉；錢的喻稱，有～，有錢，數～，數錢，老派說有行[hɔŋ21]	njau4 水牛，牛奶；比喻固執、犟，渠～得，講死講冇聽；比喻個大的，～蕉，一種個大略酸的芭蕉	ngau4
6402	眼	眼	(白)ngen5 眼睛，針眼；量詞，睄[ɬau21]一眼（掃一眼），一眼[ŋɛn24-35]燈（一盞燈，變調）,(文)ngaan5	njaan5 眼睛，針眼；量詞，睄[ɬau21/ʃau21]一眼（掃一眼）	ngaan5
6403	咬	咬	(白)ngeu5 咬人，反咬,(文)ngaau5	njaau5 咬人，反咬	ngaau5
6404	俄	俄	ngo4	ngo4	ngo4
6405	娥	娥	ngo4	ngo4	ngo4
6406	峨	峨	ngo4	ngo4	ngo4
6407	我	我	ngo5	ngo5	ngo5
6408	蛾	蛾	ngo4 飛蛾，燈蛾	ngo4 飛蛾，燈蛾；～䗃[kʰɛn24]，螻蛄、土狗	ngo4；(古)同蟻
6409	訛	讹	ngo4	ngo4	ngo4
6410	餓	饿	ngo6	ngo6	ngo6
6411	鵝	鹅	ngo4	ngo4	ngo4
6412	臥	卧	ngo6 臥室，躺臥	ngo6 臥室，躺臥	ngo6
6413	莪	莪	ngo4	ngo4	ngo4
6414	鋨	锇	ngo4	ngo4	ngo4
6415	涐	涐	ngo4	ngo4	ngo4
6416	硪	硪	ngo4	ngo4	ngo6,ngo4
6417	吪	吪	ngo4 行動；感化,(語)faa4 詞綴，擬流動聲，水流～～，流水嘩嘩，車開～～，開車飛快	ngo4 行動；感化	faa4,ngo4
6418	囮	囮	ngo4,(又)jau4	ngo4,(又)jau4	jau4,ngo4
6419	礙	碍	ngoi6	ngaai6	ngoi6
6420	皚	皑	ngoi4	ngaai4	ngoi2；(又)ngoi4
6421	磑	硙	ngoi4 磑磑,wai3 同碨字，石磨,(白)ngai1 哀求	ngaai4 磑磑,wai3 同碨字，石磨,(白)ngai1 哀求，～～篩篩，哀求貌	wai3,ngoi4
6422	騃	𫘤	ngoi4	ngaai4	ngoi4
6423	外	外	ngoi6	waai6	ngoi6
6424	噩	噩	ngok6	ngaak5	ngok6
6425	愕	愕	ngok6	ngaak5	ngok6
6426	鄂	鄂	ngok6	ngaak5	ngok6
6427	鱷	鳄	ngok6	ngaak5	ngok6
6428	萼	萼	ngok6	ngaak5	ngok6
6429	顎	颚	ngok6 上顎，下顎，顎裂；同齶字	ngaak5 上顎，下顎，顎裂；同齶字	ngok6
6430	齶	腭	ngok6 軟齶，硬齶，齶化	ngaak5 軟齶，硬齶，齶化	ngok6
6431	諤	谔	ngok6	ngaak5	ngok6
6432	鍔	锷	ngok6	ngaak5	ngok6
6433	鶚	鹗	ngok6	ngaak5	ngok6
6434	崿	崿	ngok6	ngaak5	ngok6
6435	𥔲	𥔲	ngok6	ngaak5	ngok6
6436	鰐	鳄	ngok6	ngaak5	ngok6
6437	岳	岳	ngok6 姓	ngiak2 姓,(又)ngaak6	ngok6
6438	嶽	岳	ngok6 五嶽	ngiak2 五嶽,(又)ngaak6	ngok6
6439	鸑	𬸚	ngok6	ngiak2,(又)ngaak6	ngok6
6440	岸	岸	ngon6	ngaan6	ngon6
6441	昂	昂	ngong4 昂首，激昂	ngaang4 昂首，激昂	ngong4
6442	戇	戆	ngong3 傻、呆，～居，傻瓜，因聲符贛轉讀見母，旁轉爲疑母，與愕對轉,zong3 戇直,(語)ngang1 癡～～，瘋癲貌，傻～～，傻乎乎	ngaang3 傻、呆，癡～～，瘋癲貌，因聲符贛轉讀見母，旁轉爲疑母，與愕對轉,zaang3 戇直	ngong6
6443	傲	傲	ngu6	ngaau6	ngou6
6444	熬	熬	ngu4 熬夜,(白)ngaau4 熬肉；〈又〉熬夜	ngaau4 熬夜；熬肉	ngou4
6445	嗷	嗷	ngu4 嗷嗷待哺,(語)ngaau3 詞綴，煙～～，煙燻火燎，綠～～，綠油油,(語)ngaau4 又音，煙～～，綠～～,(語)aau1 嚎聲；詞綴，豬喊～～，豬哇哇地叫	ngaau4 嗷嗷待哺,(語)ngaau3 詞綴，深～～，（眼）凹，韌[ȵɐŋ55]～～，（肉食等）韌,(語)ngeu3 詞綴，哭～～，哭哇哇,(語)aau1 嚎聲	ngou4
6446	敖	敖	ngu4	ngaau4	ngou4
6447	翱	翱	ngu4	ngaau4	ngou4
6448	聱	聱	ngu4	ngaau4	ngou4
6449	遨	遨	ngu4	ngaau4	ngou4；(又)ngou6
6450	獒	獒	ngu4	ngaau4	ngou4
6451	璈	璈	ngu4	ngaau4	ngou4
6452	螯	螯	ngu4	ngaau4	gong6,ngou4
6453	鏊	鏊	ngu6 烙餅用具	ngaau6 烙餅用具	ngou6
6454	驁	骜	ngu4	ngaau4	ngou4
6455	鰲	鳌	ngu4	ngaau4	ngou4
6456	奡	奡	ngu6	ngaau6	ngou6
6457	廒	廒	ngu4	ngaau4	ngou4
6458	嶅	嶅	ngu4	ngaau4	ngou4
6459	鼇	鼇	ngu4	ngaau4	ngou4
6460	摮	摮	ngu4 擊；〈語〉又音，搖晃,(語)ngaau4 搖晃，俗字𢳆,(語)ngeu4 又音，搖晃	ngaau4 擊；〈語〉搖晃，俗字𢳆	ngou4
6461	呢	呢	ni4 呢絨，呢喃,ne1 句末語氣詞，表疑問或反問，兩隻邊隻好～？你使乜嘢擔心～？表確定語氣，而家重早～，表停頓，煮好嗮～，送去畀佢,ni1 唵嘛呢叭咪吽；粵字，這，本字爾，本地大多用阿/亞，本字箇,(語)ne4 句首表指向，又作嗱字；句末用作是非疑問句疑問詞，啲菜噉辣，食得落冇～？,(語)ne2 表提請注意或指向	nai4 呢絨，呢喃,ne2 句末語氣詞，表疑問，我嘅鎖匙放在哪啲～？你想燒菸～，重是飲茶？,ne3 句末語氣詞，表疑問，要幾多至夠～？表確定語氣，亞陣子重早～,ni3 唵嘛呢叭咪吽；粵字，這，本字爾，本地大多用阿/亞，本字箇,(語)ne4 句首表指向，又作嗱字；句末用作是非疑問句疑問詞，你便宜啲冇～？便宜啲我就買,(語)ne5 表提請注意或指向	1)nei4:呢喃 2)ne1:助詞
6462	妮	妮	ni4	nai4	nei4
6463	尼	尼	ni4 尼姑，尼龍，尼古丁；姓,(又)nai4 尼姑	nai4 尼姑，尼龍，尼古丁；姓	nei4
6464	膩	腻	ni6 油膩，膩煩,(訓)nau6 訓讀腬	nai6 油膩，膩煩	nei6
6465	倪	倪	(習)ni4 端倪；姓,ngai6 俾倪,(書)ngai4	(習)nai4 端倪；姓,ngai6 俾倪,(書)ngai4	ngai4
6466	旎	旎	ni5	nai5	nei5
6467	霓	霓	(習)ni4 霓虹，霓虹燈,(書)ngai4	(習)nai4 霓虹，霓虹燈,(書)ngai4	ngai4
6468	怩	怩	ni4	nai4	nei4
6469	鈮	铌	ni4	nai4	nei4
6470	伲	伲	ni4,(又)nai4	nai4	nei4
6471	你	你	ni5	ni5	nei5
6472	您	您	ni5 晚起字，你	ni5 晚起字，你	nei5
6473	擬	拟	ni5	ni5	ji5
6474	疑	疑	ni4 懷疑，疑問,(又)ji4	ni4 懷疑，疑問	ji4
6475	嶷	嶷	ni4 九嶷山,nik6 岐嶷,(又)ji4,(又)ngik6	ni4 九嶷山,nik5 岐嶷	ji4,jik6
6476	禰	祢	ni4 姓,ni5 考廟	ni4 姓,ni5 考廟	nei4,nei5
6477	薿	薿	ni5	ni5	ji5
6478	儗	儗	ni5 僭越,ni6 佁儗	ni5 僭越,ni6 佁儗	ji5,ji6
6479	觺	觺	ni4,(又)ji4	ni4	ji4
6480	鉨	鿭	ni5	ni5	nei5
6481	宜	宜	ni4,(又)ji4	nji4	ji4
6482	誼	谊	ni6 友誼，情誼,(常)ni4 俗讀，讀同宜	nji6 友誼，情誼,(常)nji4 俗讀，讀同宜	ji4；(又)ji6
6483	匿	匿	nik6	nik5	nik1
6484	溺	溺	nik6 溺水，溺愛，沉溺,niu6 通尿字	nik5 溺水，溺愛，沉溺,niu6 通尿字	1)nik6:溺愛 2)niu6:同尿
6485	逆	逆	nik6 逆風，忤逆，與迎對轉,(又)ngik6,(語)ngaak6	nik5 逆風，忤逆，與迎對轉,(語)njaak3 不稱心	jik6
6486	搦	搦	(習)nik1 拿，與擰/拎對轉，與扚旁轉,(書)nok6 持也	(習)nik2 拿，與擰/拎對轉，與扚旁轉,(書)naak5 持也	nik1
6487	昵	昵	nik6	nik5	nik1
6488	鬩	阋	nik6 鬩牆，讀同慝/匿	nik5 鬩牆，讀同慝/匿	jik1
6489	鷊	鹝	nik6	nik5	jik6
6490	鷁	鹢	nik6	nik5	jik6
6491	虉	𬟁	nik6	nik5	jik6
6492	惄	惄	nik6	nik5	nik6
6493	暱	暱	nik6	nik5	nik1
6494	鶂	𱊈	nik6	nik5	jik6
6495	䵒	䵒	nik6 黏也	nik5 黏也,(白)net3 粈[niu53]～～，很黏	nik1
6496	𣘗	𣘗	nik6	nik5	nik1
6497	𧏾	𧏾	nik6	nik5	nik1
6498	𪐌	𪐌	nik1 黏，～牙齒，粘牙齒；～住，停滯	nik2 黏；～身，出汗後衣服黏身	nik1,nak1
6499	𪙛	𪙛	nik1 蛀牙,(白)nak1 ～牙，結巴、大舌頭	nik2 蛀牙	nik1,nak1
6500	唸	念	nim6 唸書，唸經	nim6 唸書，唸經	nim6
6501	念	念	nim6 思念，想念	nim6 思念，想念	nim6
6502	驗	验	nim6 試驗，驗證	nim6 試驗，驗證	jim6
6503	粘	粘	nim1 粘貼；同黏字,zim1 粘米（秈米），又作占米	nim1 粘貼；同黏字,zim1 粘米（秈米），又作占米	nim4,zim1
6504	黏	黏	nim1 黏土，黏性	nim4 黏土，黏性；〈語〉結合得緊、無空隙，渠做嘅門板幾～	nim1；(又)nim4
6505	埝	埝	nim6 土埝，堤埝,nep1 凹、癟，～穀，秕穀，已罕用	nim6 土埝，堤埝,nep3 凹、癟，亞隻牛冇吃到草，肚～嘅	nim6
6506	鮎	鲇	nim4 鮎魚	nim4 鮎魚	nim4
6507	鯰	鲶	nim4 同鮎字	nim4 同鮎字	nim4
6508	年	年	nin4	nin4	nin4
6509	蔫	蔫	nin1 枯萎；食物不鮮（口語用葾）,(訓)leu3 枯萎，本字𣩢	nin1 枯萎；食物不鮮,(訓)leu3 枯萎，本字𣩢	jin1
6510	涊	涊	nin5	nin5	nin5
6511	凝	凝	ning4 凝結，凝固,(白)king4 （豬油等）凝結，疑母讀如群母	ning4 凝結，凝固,(白)ging4 （豬油等）凝結，疑母讀如群母	jing4
6512	寧	宁	ning4 安寧；寧可（口語用能可），寧願（口語用能願）	ning4 安寧；寧可，寧願	ning4
6513	擰	拧	ning1 俗字，提，與搦對轉，本字拎，來母讀如泥母,ning6 擰轉；倔強	ning1 俗字，提，與搦對轉，本字拎，來母讀如泥母,ning6 擰轉；倔強	ning6；(又)ning4
6514	檸	柠	ning4	ning4	ning4
6515	濘	泞	ning6 泥濘	ning6 泥濘	ning6
6516	獰	狞	ning4	ning4	ning4
6517	拎	拎	(習)ning1 提，來母讀如泥母，俗字擰,(書)ling1	(習)ning1 提，來母讀如泥母，俗字擰,(書)ling1	ling1
6518	佞	佞	ning6	ning6	ning6
6519	嚀	咛	ning4 叮嚀	ning4 叮嚀	ning4
6520	甯	甯	ning6 姓,ning4 通寧字	ning6 姓,ning4 通寧字	ning6,ning4
6521	聹	聍	ning4	ning4	ning4
6522	薴	苧	ning4	ning4	ning4
6523	鬡	𮫂	ning4	ning4	ning4
6524	業	业	nip6	nip5	jip6
6525	孽	孽	nip6,(又)nit6	nip5,(又)nit5	jip6；(又)jit6
6526	捻	捻	nip6 用手指夾住，捏,nen2 同撚字，摁、壓,nem1 同拈字；同棯字	nip5 用手指夾住，捏,nen2 同撚字，摁、壓,nem1 同拈字；同棯字	nin2；(又)nim2 (語)nan2
6527	聶	聂	nip6 姓	nip5 姓	nip6
6528	囁	嗫	nip6 囁嚅,(又)zip3	nip5 囁嚅,(又)zip2	zip3
6529	躡	蹑	nip6 躡手躡腳	nip5 躡手躡腳	nip6
6530	鎳	镍	nip6	nip5	nip1；(又)nip6
6531	涅	涅	nip6,(又)nit6	nip5,(又)nit5	nip6
6532	臬	臬	nip6,(又)nit6	nip5,(又)nit5	jit6
6533	櫱	蘖	nip6,(又)nit6	nip5,(又)nit5	jit6
6534	鄴	邺	nip6	nip5	jip6
6535	鑷	镊	nip6 鑷子,(白)nep3 鑷子；（用工具）夾、拈，與拈對轉	nip5 鑷子,(白)nep3 鑷子；（用工具）夾、拈，與拈對轉	nip6
6536	顳	颞	nip6	nip5	nip6
6537	嵲	嵲	nip6,(又)nit6	nip5,(又)nit5	jit6
6538	隉	陧	nip6,(又)nit6	nip5,(又)nit5	nip6
6539	闑	𫔶	nip6,(又)nit6	nip5,(又)nit5	jit6
6540	糵	糵	nip6,(又)nit6	nip5,(又)nit5	jit6
6541	菍	菍	nip6	nip5	nip6
6542	臲	臲	nip6,(又)nit6	nip5,(又)nit5	jit6
6543	苶	苶	nip6 疲倦,(白)nat1 身～，痠軟	nip5 疲倦,(白)nat2 身～、㾓～，痠軟	nip6
6544	齧	啮	nit6 齧齒	nit5 齧齒	ngaat6,jit6
6545	尿	尿	niu6 尿牀，屙尿；尿脬	niu6 尿牀，屙尿；尿脬,(訓)slui1 訓讀浽，～壺，尿壺，《博雅》濁也，此處讀息遺切，音義交錯，又例如溾浽、荔枝、解斷、媞草，皆是如此	niu6
6546	鳥	鸟	niu5 鳥類，小鳥,(白)diu2 性交，俗字屌,(白)deu1 男陰，麻～，俗字屌	niu5 鳥類，小鳥,(白)diu2 性交，俗字屌,(白)deu3 男陰，麻～，俗字屌	niu5
6547	裊	袅	niu5 裊繞	niu5 裊繞	niu5
6548	蔦	茑	niu5	niu5	niu5
6549	嫋	袅	niu5 嫋娜，嫋嫋	niu5 嫋娜，嫋嫋	niu5
6550	脲	脲	niu6	niu6	niu6
6551	嬝	嬝	niu5	niu5	niu5
6552	褭	褭	niu5	niu5	niu5
6553	挪	挪	no4 挪動，騰挪；～～撚[nɐn35]撚[nɐn35]，磨磨蹭蹭	no4 挪動，騰挪	no4
6554	儺	傩	no4	no4	no4
6555	懦	懦	no6	nu6	no6
6556	糯	糯	no6 糯米	nu6 糯米	no6
6557	挼	挼	no1 同捼字，搓	nu1 同捼字，搓	no4
6558	捼	捼	no1 搓，又作挼字	nu1 搓，又作挼字	no4
6559	瘧	疟	noek6 瘧疾,(又)joek6	nak5 瘧疾,(又)njak5	joek6
6560	虐	虐	noek6 虐待,(又)joek6	nak5 虐待,(又)njak5	joek6
6561	謔	谑	noek6 戲謔，讀同虐/瘧,(又)joek6	nak5 戲謔，讀同虐/瘧,(又)njak5	joek6
6562	蹃	蹃	noek6 踐也	niak5 踐也,(白)nak2 踩	noek6
6563	娘	娘	noeng4 新娘，娘子，老闆娘,(白)noeng1 姑娘,(語)neng1 同孃字	niang4 新娘，娘子，姑娘，老闆娘,(白)niang3 同孃字,(語)niang1 同孃字	noeng4
6564	孃	娘	noeng4 爹孃，孃家,(白)noeng1 姨孃；阿～、～～，母之妹,(語)neng1 老[lau55]～，母親的敘稱	niang4 爹孃，孃家,(白)niang3 姨孃；阿～，母之妹,(白)niang1 老～，母親的敘稱	noeng4
6565	奈	奈	noi6	naai6	noi6
6566	耐	耐	noi6	naai6	noi6
6567	柰	柰	noi6	naai6	noi6
6568	萘	萘	noi6	naai6	noi6
6569	佴	佴	noi6 姓,ji6 次、隨後	naai6 姓,nji6 次、隨後	noi6,ji6
6570	倷	倷	noi6 吳語字，你	naai6 吳語字，你	noi6
6571	諾	诺	nok6 承諾，諾言,(又)nok3	naak5 承諾，諾言	nok6
6572	喏	喏	nok6 同諾字,je5 唱喏,no6 嘆詞,(又)nok3	naak5 同諾字,nje5 唱喏,no6 嘆詞	je5,nok6,no6
6573	鍩	锘	nok6 放射性化學元素	naak5 放射性化學元素	nok6
6574	囊	囊	nong4 行囊，囊括,(白)nong1 囊膪；泡[pʰau55]（穮）～肉，囊膪、奶脯肉,(語)nang1 ～肌[kɐi55]，瘡疤，與囊（皮囊）同源，上古陽部，俗作𤹍雞；案，邢公畹《漢台語比較手冊》P377、陳孝玲《侗台語核心詞研究》P59認爲民族語對音與『囊』可比較	naang4 行囊，囊括,(白)naang1 囊膪；泡[mau53]（䅦）～肉，囊膪、奶脯肉,(語)nang1 ～肌[kɐi53]，瘡疤，與囊（皮囊）同源，上古陽部，俗作𤹍雞；案，邢公畹《漢台語比較手冊》P377、陳孝玲《侗台語核心詞研究》P59認爲民族語對音與『囊』可比較	nong4
6575	瓤	瓤	nong4 瓜瓤	naang4 瓜瓤	nong4
6576	囔	囔	nong4 囔囔，嘟囔	naang4 囔囔，嘟囔	nong4
6577	攮	攮	nong5 用刀攮	naang5 用刀攮	nong5
6578	曩	曩	nong5	naang5	nong5
6579	齉	齉	nong6 鼻塞	naang6 鼻塞	nong6
6580	饢	馕	nong4 一種烤製成的麪餅,nong5 拼命往嘴裏塞食物	naang4 一種烤製成的麪餅,naang5 拼命往嘴裏塞食物	nong4,nong5
6581	儾	儾	nong6 寛緩,(語)naang3 假借字，吊～～，吊貌、垂掛貌，或源自登登/蹬蹬，端組旁轉	naang6 寛緩,(語)naang3 假借字，吊～～，吊貌、垂掛貌，或源自登登/蹬蹬，端組旁轉	nong6
6582	鬞	鬞	nong4 亂髮,(白)nung1 ～鬤，窩囊、不整潔	nung4 亂髮,(白)nung3 ～鬤，窩囊、不整潔	nung4
6583	惱	恼	nu5	naau5	nou5
6584	瑙	瑙	nu5	naau5	nou5
6585	腦	脑	nu5	naau5	nou5
6586	堖	垴	nu5	naau5	nou5
6587	努	努	nu5 努力，努嘴	nu5 努力，努嘴	nou5
6588	奴	奴	nu4	nu4	nou4
6589	怒	怒	nu6	nu6	nou6
6590	弩	弩	nu5	nu5	nou5
6591	駑	驽	nu4	nu4	nou4
6592	孥	孥	nu4	nu4	nou4
6593	胬	胬	nu5	nu5	nou5
6594	砮	砮	nu5 石箭鏃,nu4 磨刀石	nu5 石箭鏃,nu4 磨刀石	nou5,nou4
6595	笯	笯	nu4	nu4	nou4
6596	內	内	nui6	nui6	noi6；(古)同納
6597	餒	馁	nui5 凍餒，氣餒	nui5 凍餒，氣餒	neoi5；(又)noi5 (俗)leoi5
6598	衄	衄	nuk6	noek5	nuk6
6599	恧	恧	nuk6	noek5	nuk6
6600	傉	傉	nuk6	noek5	nuk6
6601	朒	朒	nuk6	noek5	nuk6
6602	搙	搙	nuk1 揉搓，～麪粉，與𧰵旁轉	noek2 揉搓，～麪粉，與𧰵旁轉	nuk6
6603	弄	弄	nung6 玩弄,lung6 里弄；地名用字，弄拉（在馬山縣）	loeng6 玩弄；里弄；地名用字，弄拉（在馬山縣）	lung6
6604	農	农	nung4	noeng4	nung4
6605	濃	浓	nung4	noeng4	nung4
6606	膿	脓	nung4	noeng4	nung4
6607	儂	侬	nung4 我、你；姓,(又)nung1	noeng4 我、你；姓	nung4
6608	噥	哝	nung4	noeng4	nung4
6609	穠	秾	nung4	noeng4	nung4
6610	醲	𬪩	nung4	noeng4	nung4
6611	齈	齈	nung4 多涕	noeng4 多涕	nung4
6612	燶	㶶	nung1 俗字，焦、煳，本字𪒬	noeng1 俗字，焦、煳，本字𪒬	nung1
6613	憹	𢙐	nung4 㦀憹,nu4 懊憹	noeng4 㦀憹,naau4 懊憹	nung4,nou4
6614	𪒬	𪒬	nung1 焦、煳，俗字燶	noeng1 焦、煳，俗字燶	nung1
6615	女	女	nyu5 女人，婦女,(白)nyu2 女兒或女孩，崽女，孫女，息女（重孫女），姪女，友女（後起詞）	nyu5 女人，婦女，孫女，姪女，友女（後起詞）	neoi5
6616	釹	钕	nyu5	nyu5	neoi5
6617	籹	籹	nyu5	nyu5	neoi5
6618	嫩	嫩	nyun6	nun6	nyun6
6619	暖	暖	nyun5	nun5	nyun5
6620	屙	屙	o1 屙屎，屙尿	aa1 屙屎，屙尿	o1
6621	痾	疴	o1	aa1	o1
6622	哦	哦	o4 嘆詞，表應允或醒悟,o2 嘆詞，表驚奇,ngo4 吟哦,(語)o3 句末語氣詞，有得揀都冇錯～	o4 嘆詞，表應允或醒悟,o5 嘆詞，表驚奇,ngo4 吟哦,(語)o3 ～呵兵，戲曲中跑龍套的兵卒，又作哦嗬兵	1)ngo4:吟哦 2)o2:嘆詞 3)o6:嘆詞
6623	喔	喔	o1 嘆詞,ak1 雞啼聲	o1 嘆詞,oek2 雞啼聲	1)ak1:喔喔叫 2)o1:嘆詞
6624	婀	婀	o1	o1	o2；(又)o1
6625	妸	妸	o1	o1	o1
6626	哀	哀	oi1	aai1	oi1
6627	愛	爱	oi3	aai3	oi3
6628	藹	蔼	oi2 和藹	aai2 和藹	oi2
6629	曖	暧	oi2 曖昧,(又)oi3 本讀	aai3 曖昧	oi3；(又)oi2
6630	靄	霭	oi2 霧靄	aai2 霧靄	oi2
6631	靉	叆	oi2	aai2	oi2
6632	嬡	嫒	oi3	aai3	oi3
6633	璦	瑷	oi3	aai3	oi3
6634	毐	毐	oi2	aai2	oi2
6635	鎄	锿	oi1	aai1	oi1
6636	僾	𫣊	oi3	aai3	oi3
6637	㗒	㗒	oi1	aai1	oi1
6638	噁	恶	ok3 噁心,wu3 喑噁	aak2 噁心,wu3 喑噁	ok3,wu3
6639	堊	垩	ok3	aak2	ok3
6640	噁	𫫇	ok3 二噁英	aak2 二噁英	ok3
6641	肟	肟	ok3 有機化合物，英語oxime音譯,(又)wu1 讀同污	uk2 有機化合物，英語oxime音譯,(又)wu1 讀同污	ok3,wu1
6642	安	安	on1	aan1	on1
6643	按	按	on3	aan3	on3
6644	案	案	on3	aan3	on3
6645	氨	氨	on1	aan1	on1
6646	鞍	鞍	on1	aan1	on1
6647	摁	摁	on3 用手按壓	aan3 用手按壓,(語)an2 ～手模，按手印	on3
6648	桉	桉	on1 桉樹,on3 同案字；〈又〉桉樹	aan1 桉樹,aan3 同案字；〈又〉桉樹	on1,on3
6649	胺	胺	on3 有機化合物,aat3 肉敗,(語)ngat1 屙～尿，尿淋	aan3 有機化合物,aat2 肉敗	aat3,on3
6650	銨	铵	on2	aan2	on2
6651	鮟	𩽾	on1	aan1	on1
6652	鞌	鞌	on1	aan1	on1
6653	骯	肮	ong1 骯髒	aang1 骯髒	ong1
6654	盎	盎	ong3	aang3	ong3；盎士讀on1
6655	扒	扒	paa4 扒手，扒草，扒龍船（劃龍舟）；～灰佬，色鬼（指與兒媳私通者）；烹飪技法，煮半熟再油炸，最後用微火煮爛,baat3 扒皮,paa1 扒鴨（一道傳統菜）；〈外〉通行證，英語pass，已罕用，近代漢語寫作派司,(語)paa2 牛～，牛排,(白)mit1 撕、掐、掰，幫組白讀，方別切，擘也，俗字搣	baa4 扒手，扒草，扒龍船（劃龍舟）；牛～，牛排；～灰佬，色鬼（指與兒媳私通者）；烹飪技法，煮半熟再油炸，最後用微火煮爛,baat2 扒皮,paa1 扒鴨（一道傳統菜）,(白)mat2 撕、掐、掰，幫組白讀，博拔切，破聲，俗字搣	paa4
6656	爬	爬	paa4	baa4	paa4
6657	耙	耙	paa4 犁耙，耙田	baa4 犁耙，耙田	paa4
6658	杷	杷	paa4 枇杷	baa4 枇杷	paa4
6659	琶	琶	paa4 琵琶	baa4 琵琶	paa4
6660	鈀	钯	paa4 同耙字，釘鈀,baa2 金屬元素，符號Pd	baa4 同耙字，釘鈀,baa2 金屬元素，符號Pd	baa2,paa4
6661	筢	筢	paa4	baa4	paa4
6662	潖	潖	paa4	baa4	paa4
6663	掱	掱	paa4	baa4	paa4
6664	怕	怕	paa3	paa3	paa3
6665	趴	趴	paa1 趴下，馬趴；～落來，趴下來	paa1 趴下，馬趴；～落歸，趴下來	paa1
6666	帊	帊	paa3	paa3	paa3
6667	排	排	paai4	baai4	paai4
6668	牌	牌	paai4	baai4	paai4
6669	俳	俳	paai4	baai4	paai4
6670	𥱼	簰	paai4 竹排，又作簰/箄字	baai4 竹排，又作簰/箄字	paai4
6671	簰	簰	paai4 同𥱼字	baai4 同𥱼字	paai4
6672	篺	篺	paai4	baai4	paai4
6673	派	派	paai3 氣派，派送,(白)paai1 ～頭，氣派；夠～，有派頭	paai3 氣派，派送，派頭	paai3
6674	哌	哌	paai3	paai3	paai3
6675	蒎	蒎	paai3	paai3	paai3
6676	啪	啪	paak1 象聲詞，噼啪,(語)baak1 象聲詞，～～聲，啪啪響；～紐，按扣，扣紐時發啪聲得名；曬～～，陽光猛烈；噼[pɛk5]～筒，類似唧水筒，以溼紙團爲彈	piak2 象聲詞，噼啪,(語)baak3 ～子筒，噼啪筒，類似唧水筒，以溼紙團爲彈	paak1
6677	帕	帕	paak3 手帕，帕斯卡，讀同拍	piak2 手帕，帕斯卡，讀同拍	paak3
6678	拍	拍	paak3 拍照，節拍	piak2 拍照，節拍	paak3
6679	柏	柏	(白)paak3 柏樹，松柏,(文)baak3	(白)piak2 柏樹，松柏,(文)biak2	paak3；(又)baak3
6680	泊	泊	(白)paak3 湖泊，梁山泊；泊船，停泊,(文)bok6 淡泊，漂泊，落泊	(白)piak2 湖泊，梁山泊；泊船，停泊,(文)buk6 淡泊，漂泊，落泊	bok6；湖泊又讀baak3
6681	舶	舶	(白)paak3,(文)bok6	(白)piak2,(文)buk6	bok6；舶來品又讀paak3
6682	迫	迫	paak3 強迫，迫害，迫擊炮,(罕)bik1 訓讀逼	piak2 強迫，迫害，迫擊炮,(罕)bik2 訓讀逼	1)baak1:壓迫 2)bik1:迫擊炮
6683	魄	魄	paak3 魂魄，氣魄,tok3 落魄，又作落拓,(常)bok6 落魄，又作落泊/落薄	piak2 魂魄，氣魄,taak2 落魄，又作落拓,(又)buk6 落魄，又作落泊/落薄,(語)baak6 落魄	paak3
6684	珀	珀	paak3	piak2	paak3
6685	粕	粕	(白)paak3 糟粕,(文)pok3	(白)piak2 糟粕,(文)puk2	pok3；(又)paak3
6686	檗	檗	(白)paak3 黃檗，又作黃柏,(文)baak3	(白)piak2 黃檗，又作黃柏,(文)biak2	baak3,paak3
6687	𢫦	𢫦	paak3 同拍字,(白)maak1 砍、鋤，～一刀，已罕用	piak2 同拍字,(白)maak3 砍、鋤，～鉤[kɐu53]、～頭，鋤頭，～地，鋤地	paak3
6688	爿	爿	paan4	baan4	baan6,coeng4
6689	𨂝	𨂝	paan4 徒步涉水；爬	baan4 徒步涉水；爬	paan4
6690	攀	攀	paan1 高攀，攀登,(白)maan1 攀、扶	paan1 高攀，攀登,(白)maan1 攀、扶	paan1
6691	盼	盼	paan3	paan3	paan3
6692	襻	襻	paan3 紐襻	paan3 紐襻	paan3
6693	鋬	鋬	paan3 器物上供手提的部分	paan3 器物上供手提的部分；〈語〉量詞，庹，兩手平伸的距離，亞條索兩～長	paan3
6694	龐	庞	(白)paang4 龐大，龐雜；姓,(文)pong4	baang4 龐大，龐雜；姓	pong4
6695	棚	棚	paang4 草棚，棚架	baang4 草棚，棚架	paang4
6696	螃	螃	(白)paang4 螃蟹,(文)pong4	baang4 螃蟹	pong4
6697	蟛	蟛	paang4 蟛蜞；～鉗，小河蟹	baang4 蟛蜞；～鉗，小河蟹	paang4
6698	彭	彭	paang4	bang4	paang4
6699	澎	澎	paang4	bang4	paang4
6700	膨	膨	paang4 膨脹	bang4 膨脹	paang4
6701	鵬	鹏	paang4	bang4	paang4
6702	硼	硼	paang4	bang4	pang4；(又)paang4
6703	嘭	嘭	paang4 象聲詞,(語)baang4 象聲詞，呯[peŋ21]呤[leŋ21]～啷[laŋ21]，劈哩啪啦；詞綴，大/闊～～，大/寬貌，源自彭彭	bang4 象聲詞，呯呤[leŋ21]～啷[lɐŋ21]，劈哩啪啦,(又)baang4	paang4
6704	搒	搒	paang4 笞打,bong3 划船	bang4 笞打,baang3 划船	paang4,pong3
6705	㼞	㼞	paang3 罌屬,baang6 㼚屬,(語)paang1 搪瓷或金屬大碗，或爲本字，或爲盆罌的合音，又或擬敲擊聲得名	pang3 罌屬,bang6 㼚屬	pang3,paang1
6706	咆	咆	paau4 咆哮	baau4 咆哮	paau4
6707	庖	庖	paau4	baau4	paau4
6708	颮	飑	paau4 風聲,biu1 同飆字	baau4 風聲,biu1 同飆字	paau4,biu1
6709	狍	狍	paau4	baau4	paau4
6710	麅	狍	paau4	baau4	paau4
6711	泡	泡	paau1 燈泡，泡囊肉（囊膪）；量詞；〈語〉虛鬆不實，本字穮，另一說本字泡；〈外〉泡打粉，英語powder,paau3 浸泡，泡水,pu5 專指泡沫，即聚在一起的多個小泡，鹼～，肥皂泡沫，水～，水泡沫,(白)peu1 量詞；〈外〉泡打粉，英語powder,(白)peu3 氣泡，水泡（指水皰）；案，浸泡義用文讀，氣泡義用白讀，例如水泡、油泡，文讀表用水、油來泡，白讀表氣體在水、油中形成的泡兒,(語)maau1 虛鬆不實，本字䅦，另一說泡的白讀,(語)bok1 泡，豆腐～、魚～；皰，頭上生隻～、水～，本字㿺	paau1 量詞；〈語〉虛鬆不實，本字穮，另一說本字泡；〈外〉泡打粉，英語powder,paau3 浸泡，泡水；氣泡，水泡（指水皰）；魚～，魚鰾兒,paau5 專指泡沫，即聚在一起的多個小泡，鹼～，肥皂泡沫，水～，水泡沫,(語)maau1 虛鬆不實，本字䅦，另一說泡的白讀；泡囊肉（囊膪）,(語)buk3 皰，頭撞起一隻～，本字㿺	1)paau1:一泡尿，燈泡 2)pou5:泡沫 3)paau3:泡影；泡影又讀pou5
6712	穮	穮	paau1 禾虛貌；〈語〉虛鬆不實，一說本字泡,biu1 除草,(語)pau3 又音，虛鬆不實	paau1 禾虛貌；〈語〉虛鬆不實，一說本字泡,biu1 除草	biu1
6713	批	批	pai1 批改，批評，批發；抹，～灰，抹灰，～摥，用抹子抹平	pai1 批改，批評，批發；抹，～灰，抹灰，～牆，抹牆	pai1
6714	睥	睥	pai3 睥睨	pai3 睥睨	pai5；(又)pei5
6715	𠜱	𠜱	pai1 削，～皮,(白)mai1	pai1 削，～皮,(白)mai1	pai1
6716	瀕	濒	pan4	ban4	pan4
6717	貧	贫	pan4	ban4	pan4
6718	頻	频	pan4 頻繁	ban4 頻繁	pan4
6719	嬪	嫔	pan4 嬪妃,(常)ban1 俗讀，讀同賓	ban4 嬪妃,(常)ban1 俗讀，讀同賓	ban3
6720	牝	牝	pan5	ban5	pan5
6721	顰	颦	pan4	ban4	pan4
6722	玭	玭	pan4	ban4	pan4
6723	蘋	𬞟	pan4 大萍	ban4 大萍	pan4
6724	品	品	pan2 出品，品行	pan2 出品，品行,(又)pam2	ban2
6725	噴	喷	pan3 噴水，噴嚏，噴香；〈語〉手槍的俗稱，現代又指霰彈槍（口語稱沙噴）,(語)pan1 訓斥、罵	pan3 噴水，噴嚏，噴香,(語)pan1 訓斥、罵	pan3
6726	榀	榀	pan2	pan2,(又)pam2	ban2
6727	憑	凭	pang4 憑據，文憑	bang4 憑據，文憑	pang4
6728	朋	朋	pang4 朋友	bang4 朋友	pang4
6729	弸	弸	pang4 弓強貌,(白)paang1 量詞，庹，兩手平伸的距離，又或𢏳字	bang4 弓強貌,(白)paang1 量詞，庹，兩手平伸的距離，又或𢏳字	pang4
6730	鬅	鬅	pang4 鬅鬙	bang4 鬅鬙；〈語〉～鬙[ɬɐŋ21]倰[lɐŋ21]，不整潔	pang4
6731	凭	凭	pang4 同憑字,bang6 倚靠	bang4 同憑字,bang6 倚靠	pang4,bang6
6732	烹	烹	pang1 烹飪，烹調	pang1 烹飪，烹調	paang1
6733	匹	匹	pat1 一匹布，匹配；該量詞可表示筆，用於錢款，一～錢，一筆錢	pat2 一匹布，匹配；該量詞可表示件，一～事冇有，沒那麼回事	pat1
6734	苉	苉	pat1	pat2	pat1
6735	疋	疋	pat1 同匹字,ngaa5 通雅字,so1 足也	pat2 同匹字,jaa5 通雅字,su1 足也	pat1；通雅
6736	𠯔	𠯔	pat1 嘆詞，～斜咧[lɛ21]，呸	pat3 嘆詞，～斜[tsʰe21]咧[le21]，呸	pat1
6737	抔	抔	pau4	bau4	pau4
6738	裒	裒	pau4	bau4	fau4,pau4
6739	垺	垺	pau4 盛大,pui1 製陶模型；大,fu1 同郛字	bau4 盛大,pui1 製陶模型；大,fu1 同郛字	pau4,pui1,fu1
6740	剖	剖	pau2	pau2	fau2；(又)pau2
6741	掊	掊	pau2 擊,pau4 聚斂,(白)peu2 清除	pau2 擊,bau4 聚斂,(白)peu2 清除	pau2,pau4
6742	瓿	瓿	pau2	pau2	pau2
6743	劈	劈	pek3 劈開；～酒，豪飲	pik2 劈開；～酒，豪飲	pek3
6744	刨	刨	(白)peu4 削也；刨刀,(文)paau4	baau4 削也；刨刀	paau4
6745	匏	匏	(白)peu4 匏瓜,(文)paau4	baau4 匏瓜	paau4
6746	鉋	铇	(白)peu4 鉋刀,(文)paau4	baau4 鉋刀	paau4
6747	拋	抛	(白)peu1 拋開，拋棄,(文)paau1	paau1 拋開，拋棄；〈語〉兩方或幾方數量相等	paau1
6748	炮	炮	(白)peu3 槍炮，炮仗；炮製，炮烙，古讀平聲,(文)paau3	paau3 槍炮，炮仗；炮製，炮烙，古讀平聲	paau3
6749	跑	跑	(白)peu2 跑步,(白)peu4 獸用腳刨地,(文)paau2 跑步，奔跑,(文)paau4	paau2 跑步，奔跑,baau4 獸用腳刨地	paau2
6750	皰	疱	(白)peu3 皰疹，水皰,(文)paau3	paau3 皰疹，水皰	paau3
6751	脬	脬	(白)peu1 尿脬，卵脬；捧～，巴結、拍馬屁；大卵[lɔn55]～，疝氣,(文)paau1 捧～，巴結、拍馬屁；大卵[lɔn55]～，疝氣	paau1 尿脬，卵脬；捧卵～、捧～，巴結、拍馬屁	paau1
6752	奅	奅	(白)peu3 虛大；〈語〉車大～，吹牛，同車大炮,(文)paau3	paau3 虛大；〈語〉扯大～，吹牛，同扯大炮	paau3
6753	砲	砲	(白)peu3,(文)paau3	paau3	paau3
6754	彼	彼	pi2 彼此，彼岸	bi2 彼此，彼岸,(又)pi2	bei2
6755	疲	疲	pi4	bi4	pei4
6756	皮	皮	pi4	bi4	pei4
6757	脾	脾	pi4	bi4	pei4
6758	枇	枇	pi4 枇杷	bi4 枇杷	pei4
6759	毗	毗	pi4	bi4	pei4
6760	琵	琵	pi4 琵琶	bi4 琵琶	pei4
6761	鼙	鼙	pi4	bi4	pei4
6762	埤	埤	pi4 埤益,bi6 低溼地,pai3 埤堄	bi4 埤益,bi6 低溼地,pai3 埤堄	pei4,bei3
6763	蚍	蚍	pi4	bi4	pei4
6764	蜱	蜱	pi4	bi4	pei4
6765	貔	貔	pi4	bi4	pei4
6766	邳	邳	pi4	bi4	pei4
6767	郫	郫	pi4	bi4	pei4
6768	陴	陴	pi4	bi4	pei4
6769	鮍	鲏	pi4	bi4	pei4
6770	膍	膍	pi4	bi4	pei4
6771	鈚	𬬫	pi4 犁錧別名,pai1 鈚箭	bi4 犁錧別名,pai1 鈚箭	pei4,pai1
6772	佊	佊	pi2 不正,(白)me2 歪，～口，歪嘴，～撐[tʃʰaŋ33]撐[tʃʰaŋ33]，歪歪斜斜，俗字乜	bi2 不正,(又)pi2,(白)me2 歪，～口，歪嘴，～～笡[tʃʰɛ33]笡[tʃʰɛ33]，歪歪斜斜，～屎，感情脆弱、愛哭，俗字乜	bei2
6773	屁	屁	pi3	pi3	pei3
6774	披	披	pi1 披掛，雨披,(白)pe1 硬竹板，挨～凳，靠背椅；〈外〉撲克，打/耍～，打撲克，英語pair,(白)me1 動詞，揹，俗字孭	pi1 披掛，雨披,(白)pe1 竹～，建築用踏板，係將竹片用鐵絲連綴在一起製成；〈外〉撲克，打～，打撲克，英語pair,(白)me3 動詞，揹，俗字孭	pei1
6775	譬	譬	pi3 譬如，譬喻,(訓)bi2 訓讀比	pi3 譬如，譬喻,(訓)bi2 訓讀比	pei3
6776	鄙	鄙	pi2	pi2	pei2
6777	丕	丕	pi1	pi1	pei1
6778	呸	呸	pi1	pi1	pei1
6779	媲	媲	pi3 媲美,(訓)bi2 媲美又作比美，訓讀比	pi3 媲美,(訓)bi2 媲美又作比美，訓讀比	pei3,bei2
6780	痞	痞	pi2 痞子，地痞	pi2 痞子，地痞,(白)be5 發羊～，患羊角風	pei2；(語)mau1
6781	紕	纰	pi1 紕漏；〈語〉布類表面有毛刺,pi4 飾緣邊也	pi1 紕漏；〈語〉布類表面有毛刺,bi4 飾緣邊也	1)pei1:紕繆 2)pei4:縞冠素紕
6782	圮	圮	pi2	pi2	pei2
6783	嬖	嬖	pi3 嬖臣，寵嬖，讀同譬	pi3 嬖臣，寵嬖，讀同譬	pei3
6784	帔	帔	pi1 古代戲服,pi3 霞帔	pi1 古代戲服,pi3 霞帔	pei1,pei3
6785	淠	淠	pi3 淠河	pi3 淠河	pei3
6786	濞	濞	pi3	pi3	pei3
6787	砒	砒	pi1	pi1	pei1
6788	苤	苤	pi1	pi1	pei2
6789	鈹	铍	pi1 大針；長矛,pi4 金屬元素，符號Be	pi1 大針；長矛,bi4 金屬元素，符號Be	pei1,pei4
6790	吡	吡	pi2 詆毀,bi2 吡啶，吡咯	pi2 詆毀,bi2 吡啶，吡咯	pei2,bei2
6791	仳	仳	pi2	pi2	pei2
6792	伾	伾	pi1	pi1	pei1
6793	嚭	嚭	pi2	pi2	pei2
6794	狉	狉	pi1	pi1	pei1
6795	駓	𬳵	pi1	pi1	pei1
6796	庀	庀	pi2	pi2	pei2
6797	狓	狓	pi1	pi1	pei1
6798	僻	僻	pik1	pik2	pik1
6799	辟	辟	pik1 復辟，辟邪	pik2 復辟，辟邪	pik1；復辟又讀bik1
6800	闢	辟	pik1 開闢，精闢	pik2 開闢，精闢	pik1
6801	霹	霹	pik1	pik2	pik1
6802	癖	癖	pik1	pik2	pik1
6803	噼	噼	pik1 象聲詞，噼啪,(語)bek1 ～啪[pak5]筒，類似唧水筒，以溼紙團爲彈,(語)pet1 擬拍擊聲，打手～，打手掌；詞綴，薄～～，薄貌,(語)pet6 擬爆裂聲，～一槍，打一槍；詞綴，薄～～，薄貌	pik2 象聲詞，噼啪,(語)pet3 穮～～，（植物子實）不飽滿或（木頭）內部不結實	pik1,pet1,pet6
6804	鷿	䴙	pik1	pik2	pik1
6805	澼	澼	pik1	pik2	pik1
6806	甓	甓	pik1	pik2	pik1
6807	揊	揊	pik1 擊聲,(白)fik1 甩，與摒對轉	pik2 擊聲,(白)fik3 甩，與摒對轉	bik1
6808	擗	擗	pik1	pik2	pek6,pik1
6809	釽	釽	pik1	pik2	pik1
6810	鸊	䴙	pik1	pik2	pik1
6811	蝙	蝙	pin1,(又)bin1	bin1	pin1；(又)bin1;bin2
6812	駢	骈	pin4	bin4	pin4；(又)ping4
6813	胼	胼	pin4	bin4	pin4
6814	諞	谝	pin4 巧言,pin5 誇耀	bin4 巧言,bin5 誇耀	pin4,pin5
6815	楩	楩	pin4	bin4	pin4
6816	㛹	㛹	pin4	bin4	pin4
6817	𡎚	𡎚	pin4	bin4	pin4
6818	緶	缏	pin4 用針縫,bin1 通辮字	bin4 用針縫,ben5 通辮字,(又)bin5	pin4,bin1
6819	跰	跰	pin4	bin4	pin4
6820	偏	偏	pin1	pin1	pin1
6821	片	片	pin3 一片，藥片,(白)pen2 〈動〉片肉；〈名〉尿片，打水片（打水漂兒）	pin3 一片，藥片,(白)pen2 〈動〉片肉；〈名〉尿片	pin3；(語)pin2
6822	篇	篇	pin1 篇章，詩篇,(白)pen1 罕讀	pin1 篇章，詩篇	pin1
6823	編	编	pin1 編寫，郵編	pin1 編寫，郵編	pin1
6824	翩	翩	pin1	pin1	pin1
6825	遍	遍	pin3 一遍，遍地	pin3 一遍，遍地	pin3；(又)bin3
6826	騙	骗	pin3 騙馬；欺騙	pin3 騙馬；欺騙	pin3
6827	煸	煸	pin1	pin1	pin1
6828	蹁	蹁	pin1 蹁躚,pin4 足不正	pin1 蹁躚,bin4 足不正	pin4
6829	犏	犏	pin1	pin1	pin1
6830	坪	坪	ping4	bing4	ping4
6831	屏	屏	ping4 屏風,bing2 屏除，屏息,bing1 屏營	bing4 屏風,bing2 屏除，屏息,bing1 屏營	1)ping4:屏風 2)bing2:屏息;同摒
6832	平	平	ping4 和平，平坦,(白)peng4 便宜	bing4 和平，平坦,(白)biang4 便宜,(白)ben4 （簸箕等）底平	ping4
6833	瓶	瓶	ping4	bing4	ping4
6834	蘋	苹	ping4 蘋果	bing4 蘋果	ping4
6835	萍	萍	ping4	bing4	ping4
6836	評	评	ping4	bing4	ping4
6837	枰	枰	ping4	bing4	ping4
6838	鮃	鲆	ping4	bing4	ping4
6839	帡	帡	ping4	bing4	ping4
6840	泙	泙	ping4 水名,paang1 水聲	bing4 水名,pang1 水聲	ping4,paang1
6841	洴	洴	ping4	bing4	ping4
6842	玶	玶	ping4	bing4	ping4
6843	荓	荓	ping4	bing4	ping4
6844	蚲	蚲	ping4	bing4	ping4
6845	呯	呯	ping4 象聲詞,(白)peng4 象聲詞，打銅鑼聲；名詞，～～，小銅鑼,(語)peng1 ～～，鐵瓶蓋或小鐵盒，或爲象聲,(語)bing4 象聲詞，～呤[leŋ21]嘭[paŋ21]啷[laŋ21]，劈哩啪啦，～～韸[pɐm21]韸[pɐm21]，擬炮聲	bing4 象聲詞，～呤[leŋ21]嘭[pɐŋ21]啷[lɐŋ21]，劈哩啪啦，～～韸[pɐm21]韸[pɐm21]，擬炮聲	ping4
6846	拼	拼	ping3 拼湊，拼合；拼命，打拼,(又)ping1,(白)peng1 靠板，牀～，牀兩頭的靠板，高/低～，牀頭/尾的拼板	ping3 拼湊，拼合；拼命，打拼,(又)ping1	ping1；(又)ping3
6847	砰	砰	ping1	ping1	ping1
6848	聘	聘	ping3	ping3	ping3
6849	姘	姘	ping3 姘頭，讀同拼,(白)fing3 屌你老～㞓，詈語	ping3 姘頭，讀同拼	ping1
6850	抨	抨	ping1 抨擊，抨彈,(白)paang5 驅趕，～出去，趕出去，與拍對轉，古讀清平，今讀濁上	ping1 抨擊，抨彈,(白)biang5 驅趕，～出去，趕出去，與拍對轉，古讀清平，今讀濁上	ping1
6851	娉	娉	ping1 娉婷,ping3 同聘字，定婚	ping1 娉婷,ping3 同聘字，定婚	ping1
6852	怦	怦	ping1	ping1	ping1
6853	俜	俜	ping1	ping1	ping1
6854	涄	涄	ping1	ping1	ping1
6855	淜	淜	ping1 淜滂,paang4 淜湃	ping1 淜滂；〈語〉滂[pʰoŋ33]～藤，薜荔，古稱扶芳藤、滂藤,bang4 淜湃	ping1,pang4
6856	伻	伻	ping1	ping1	ping1
6857	匉	匉	ping1	ping1	ping1
6858	撇	撇	pit3 撇捺；撇開,(白)fit1 抽打，～一鞭	pit2 撇捺；撇開	pit3
6859	瞥	瞥	pit3	pit2	pit3
6860	氕	氕	pit3	pit2	pit3
6861	䥕	𬭯	pit3	pit2	pit3
6862	嫳	嫳	pit3	pit2	pit3
6863	瓢	瓢	piu4 水瓢，瓢潑,(語)maai1 本義瓢，光～，禿子，已罕用；案，邢公畹《漢台語比較手冊》P396認爲民族語對音與『瓢』可比較，故『瓢』爲同源字，上古宵部	biu4 水瓢，瓢潑；～羹，羹匙,(又)beu4,(語)maai1 本義瓢，～瓜，瓠子，～殼，瓠子做成的瓢；案，邢公畹《漢台語比較手冊》P396認爲民族語對音與『瓢』可比較，故『瓢』爲同源字，上古宵部	piu4
6864	剽	剽	piu4	biu4	piu5
6865	嫖	嫖	piu4 嫖賭，招嫖；～騇，嫖妓；案，嫖字分音作皮條	biu4 嫖賭，招嫖；～騇，嫖妓；案，嫖字分音作皮條	piu4
6866	鰾	鳔	piu3 魚鰾（口語稱魚泡[pɔk5]），讀同票	biu6 魚鰾（口語稱魚泡[pʰau55]）	piu5
6867	殍	殍	piu5	biu5	piu5
6868	莩	莩	piu5 同殍字,fu1 葭莩	biu5 同殍字,fu1 葭莩	piu5,fu1
6869	薸	薸	piu4 浮萍	biu4 浮萍	piu4
6870	慓	慓	piu5	biu5	piu5
6871	漂	漂	piu3 漂白；漂亮,piu1 漂浮	piu3 漂白；漂亮,piu1 漂浮；打～子，打水漂兒,(白)peu3 打～料[lɛu55]子，打水漂兒	1)piu1:漂泊 2)piu3:漂白，漂亮
6872	票	票	piu3 車票	piu3 車票	piu3
6873	飄	飘	piu1	piu1	piu1
6874	瞟	瞟	piu2	piu2	piu5
6875	嘌	嘌	piu1 疾速,piu3 嘌呤	piu1 疾速,piu3 嘌呤	piu1,piu3
6876	縹	缥	piu1 縹緲,piu2 青白色；青白色絹	piu1 縹緲,piu2 青白色；青白色絹	piu1,piu5
6877	螵	螵	piu1	piu1	piu1
6878	婆	婆	po4 婆婆[pʰɔ35]（外祖母），老婆（妻子）	bu4 阿婆（外祖母），老婆（妻子）	po4
6879	菩	菩	(習)po4 菩薩，菩提,(書)pu4	bu4 菩薩，菩提	pou4
6880	鄱	鄱	po4	bu4	po4；(又)bo3
6881	皤	皤	po4	bu4	po4
6882	坡	坡	po1	po1	bo1；(又)po1
6883	頗	颇	po2 頗有，頗爲；偏頗,(又)po1 偏頗	po2 頗有，頗爲；偏頗	po2；po1偏頗,(古人名)廉頗
6884	叵	叵	po2 不可的合音，叵測，叵耐	po2 不可的合音，叵測，叵耐	po2
6885	笸	笸	po2 笸籮（口語稱㬍籮）	po2 笸籮	po2
6886	鉕	钷	po2	po2	po2
6887	破	破	po3	pu3	po3
6888	朴	朴	pok3 木皮；朴刀；〈語〉布～，袼褙（用碎布拼成的鞋底原料），打布～，打袼褙（用碎布料製鞋底）,piu4 姓	puk2 木皮；朴刀,biu4 姓	pok3；piu4姓朴
6889	釙	钋	pok3	puk2	pok3
6890	旁	旁	pong4 旁邊，兩旁	baang4 旁邊，兩旁	pong4；(古)同傍bong6
6891	蚌	蚌	pong5 蚌殼，河蚌，蚌埠市	baang5 蚌殼，河蚌，蚌埠市	pong5
6892	滂	滂	pong4 滂沱	baang4 滂沱,(語)pung2 ～淜[pʰeŋ53]藤，薜荔，古稱扶芳藤、滂藤	pong4
6893	耪	耪	pong5	baang5	pong5
6894	蒡	蒡	pong4 隱荵,bong2 牛蒡	baang4 隱荵,baang2 牛蒡	pong4,bong6,bong2
6895	逄	逄	pong4	baang4	pong4
6896	雱	雱	pong4	baang4	pong4
6897	鰟	鳑	pong4 鰟鮍,fong4 同魴字	baang4 鰟鮍,fung4 同魴字	pong4,fong4
6898	徬	徬	pong4	baang4	pong4
6899	肨	肨	pong3 腫脹	paang3 腫脹	pong3
6900	胮	胮	pong1 腫,(語)paang1 臭～～，臭烘烘，俗字亨/烹	paang1 腫；〈語〉臭～～，臭烘烘，俗字亨/烹	pong1
6901	𩐨	𩐨	pong1 鼓聲,(又)pong4,(語)bong4 敲～～，敲大鑼	paang1 鼓聲,(又)baang4	bung1
6902	抱	抱	pu5 擁抱，抱怨	baau5 擁抱，抱怨	pou5
6903	袍	袍	pu4	baau4	pou4
6904	葡	葡	pu4	bu4	pou4
6905	蒲	蒲	pu4 菖蒲，蒲公英	bu4 菖蒲，蒲公英	pou4
6906	匍	匍	pu4 匍匐	bu4 匍匐	pou4
6907	莆	莆	pu4 莆田；姓,fu2 萐莆	bu4 莆田；姓,fu2 萐莆	pou4,fu2
6908	蒱	蒱	pu4	bu4	pou4
6909	酺	酺	pu4	bu4	pou4
6910	哺	哺	pu2 哺育，反哺，讀同甫,(又)bu6 本讀	pu2 哺育，反哺，讀同甫,(又)bu6 本讀	bou6
6911	圃	圃	pu2	pu2	pou2
6912	捕	捕	pu2 逮捕，捕捉，讀同甫,(又)bu6 本讀	pu2 逮捕，捕捉，讀同甫,(又)bu6 本讀	bou6
6913	普	普	pu2	pu2	pou2
6914	浦	浦	pu2	pu2	pou2
6915	甫	甫	pu2 杜甫，台甫，驚魂甫定	pu2 杜甫，台甫，驚魂甫定	1)fu2:台甫 2)pou2:十八甫（廣州市地名用字）
6916	脯	脯	pu2 果脯,pu4 胸脯，源自䔕	pu2 果脯,bu4 胸脯，源自䔕	1)fu2:杏脯 2)pou2:胸脯
6917	譜	谱	pu2	pu2	pou2
6918	輔	辅	pu2 輔助，輔導，讀同甫,(又)fu2 少數人的新讀	pu2 輔助，輔導，讀同甫,(又)fu2 少數人的新讀	fu6
6919	鋪	铺	pu3 店鋪,pu1 鋪設	pu3 店鋪,pu1 鋪設	1)pou1:鋪張 2)pou3:店鋪
6920	溥	溥	pu2	pu2	pou2
6921	氆	氆	pu2	pu2	pou2
6922	黼	黼	pu2,(又)fu2	pu2,(又)fu2	fu2
6923	潽	潽	pu2 水名,pu1 俗字，液體沸騰溢出，本字𩱚	pu2 水名,pu1 俗字，液體沸騰溢出，本字𩱚	pou2,pou1
6924	鐠	镨	pu2	pu2	pou2
6925	倍	倍	pui5	bui5	pui5
6926	培	培	pui4 培養，培植,bau6 培塿（小土丘）；〈語〉塿[lɐu22]～，不整潔、臃腫，古作培塿/部婁，俗字瘻婄/漏䏽	bui4 培養，培植,bau6 培塿（小土丘）；〈語〉塿[lɐu22]～，不整潔、臃腫，古作培塿/部婁，俗字瘻婄/漏䏽	pui4
6927	徘	徘	pui4	bui4	pui4
6928	賠	赔	pui4	bui4	pui4
6929	陪	陪	pui4	bui4	pui4
6930	蓓	蓓	pui5	bui5	pui4；(又)pui5
6931	裴	裴	pui4	bui4	pui4
6932	碚	碚	pui5	bui5	pui5
6933	錇	锫	pui4 化學元素	bui4 化學元素	pui4
6934	毰	毰	pui4 毰毸	bui4 毰毸	pui4
6935	佩	佩	pui3 佩服，玉佩	pui3 佩服，玉佩	pui3
6936	沛	沛	pui3	pui3	pui3
6937	胚	胚	pui1 胚胎,(常)pi1 俗讀，讀同丕	pui1 胚胎	pui1
6938	配	配	pui3	pui3	pui3
6939	坯	坯	pui1 土坯,(常)pi1 俗讀，讀同丕	pui1 土坯	pui1
6940	旆	旆	pui3	pui3	pui3
6941	醅	醅	pui1	pui1	pui1
6942	霈	霈	pui3	pui3	pui3
6943	琲	琲	pui3	pui3	pui3
6944	㾦	㾦	pui1 㾦㿔,pui3 痂也	pui1 㾦㿔,pui3 痂也	pui1,pui3
6945	仆	仆	puk1 仆倒，前仆後繼；趴，～住睡；～～趢[lʊk5]趢[lʊk5]，踉踉蹌蹌,fu6 頓也	puk2 仆倒，前仆後繼,fu3 頓也,(白)poek2 趴，～住睡；～落歸，掉下來；～～趢[lœk3]趢[lœk3]，踉踉蹌蹌；翻來～去，翻來覆去	fu6
6946	僕	仆	puk6 僕人，奴僕,(又)puk1 讀同仆	puk2 僕人，奴僕	buk6
6947	卜	卜	puk1 占卜，卜卦,(又)buk1	puk2 占卜，卜卦	buk1
6948	撲	扑	puk1 撲滅，反撲	puk2 撲滅，反撲；～燈蟲，飛蛾，也叫秿[pu24]燈蟲	pok3
6949	樸	朴	puk1 樸素，純樸,buk6 木名,(白)buk1 ～碌，柚子，進而合音爲[plʊk5],(白)bok1 又音，～碌，柚子，連讀易失去韻尾讀同波，又或合音爲[plɔk5]	puk2 樸素，純樸,boek6 木名；～子，柚子	pok3
6950	噗	噗	puk1	puk2	pok3
6951	璞	璞	puk1	puk2	pok3
6952	墣	墣	puk1	puk2	pok3
6953	醭	醭	puk1 醋生白醭	puk2 醋生白醭	pok3
6954	盆	盆	pun4	bun4	pun4
6955	盤	盘	pun4	bun4	pun4
6956	胖	胖	pun5 肥胖,pun4 心廣體胖,(又)pong3 肥胖，本字肨	bun5 肥胖,bun4 心廣體胖,(又)paang3 肥胖，本字肨	bun6；心廣體胖又讀pun4
6957	磐	磐	pun4	bun4	pun4
6958	蹣	蹒	pun4 蹣跚,mun4 跨越	bun4 蹣跚,mun4 跨越	mun4；(又)pun4
6959	柈	柈	pun4 同槃/盤字,bun6 柈子	bun4 同槃/盤字,bun6 柈子	pun4,bun6
6960	蟠	蟠	pun4	bun4	pun4
6961	槃	槃	pun4	bun4	pun4
6962	湓	湓	pun4 水涌；水名,pan3 水聲,(白)man3 泉水，俗字呇/汶	bun4 水涌；水名,pan3 水聲,(白)man3 泉水，俗字呇/汶	pun4
6963	判	判	pun3	pun3	pun3
6964	叛	叛	pun3 背叛，叛徒	pun3 背叛，叛徒,(又)bun6	bun6
6965	拚	拚	pun3 拚命，拚死，源自拌；～爛，耍賴、拼命	pun3 拚命，拚死，源自拌	pun3
6966	潘	潘	pun1 姓	pun1 姓	pun1
6967	泮	泮	pun3 泮宮，入泮,bun6 同畔字；地名，泮塘村（在橫縣），泮塘（在賓陽縣）	pun3 泮宮，入泮,bun6 同畔字；地名，泮塘村（在橫縣），泮塘（在賓陽縣）	pun3,bun6
6968	篷	篷	pung4	boeng4	pung4
6969	蓬	蓬	pung4 蓬勃，蓬鬆；～腫，腫脹,bung6 草木盛貌，本地引申作量詞，俗字唪,(白)pung1 蓬鬆；～頭～腦，披頭散髮，又作髼/鬔字；白～～，雪白,(白)mung1 （薯類）鬆軟粉麪，俗字蒙	boeng4 蓬勃，蓬鬆,boeng6 草木盛貌，本地引申作量詞，俗字唪,(白)poeng1 白～～，雪白,(白)moeng1 （薯類）鬆軟粉麪，俗字蒙	pung4或fung4
6970	芃	芃	pung4	boeng4	pung4
6971	韸	韸	pung4 鼓聲,(語)bung4 ～～聲，嘭嘭響,(語)bung1 脹～～，脹鼓鼓；（蒼蠅）趴，～住,(語)bam4 響～～，轟轟響；呯[peŋ21]呯[peŋ21]～～，擬炮聲；鴨～韸[pɐm35]，鴨的嗉胞,(語)bam2 鴨韸[pɐm21]～，鴨的嗉胞	boeng4 鼓聲,(語)bam4 象聲詞，獅子鼓響～～，獅子鼓砰砰響，呯呯～～，擬炮聲	pung4
6972	塳	塳	pung4 塵也,(白)pung1 灰塵大	boeng4 塵也	pung1
6973	捧	捧	pung2 捧場，吹捧；～脬，巴結、拍馬屁,(白)bung2 端，～菜，端菜	poeng2 捧場，吹捧；～卵脬、～脬，巴結、拍馬屁	pung2；(又)bung2
6974	碰	碰	pung3	poeng3	pung3
6975	椪	椪	pung3	poeng3	pung3
6976	潑	泼	put3 潑水，打潑，活潑,(又)but6 活潑，讀同撥	put2 潑水，打潑，活潑,(又)but6 活潑，讀同撥	put3
6977	鏺	䥽	put3	put2	put3
6978	醱	酦	put3 再釀酒,faat3 醱酵，同發酵	put2 再釀酒,faat2 醱酵，同發酵	put3,faat3
6979	啥	啥	saa2 晚起字，什麼	saa2 晚起字，什麼	saa2
6980	沙	沙	saa1 泥沙，沙漠；～牛，黃牛；〈語〉～州，好打扮、愛露臉，疑本字挲鬏	saa1 泥沙，沙漠；～牛，黃牛；～塵，輕浮、驕傲，～塵白醭，比喻人辦事輕浮、不牢靠	saa1
6981	砂	砂	saa1 砂糖，朱砂；同沙字	saa1 砂糖，朱砂；同沙字	saa1
6982	紗	纱	saa1 紗布，棉紗	saa1 紗布，棉紗	saa1
6983	耍	耍	saa2 戲耍，耍把戲；〈語〉玩，去～，去玩，講～笑，開玩笑	saa2 戲耍，耍把戲	saa2
6984	鯊	鲨	saa1	saa1	saa1
6985	裟	裟	saa1	saa1	saa1
6986	挲	挲	saa1 挓挲；摩挲（按着移動）,slo1 摩挲（撫摩）	saa1 挓挲；摩挲（按着移動）,slo1 摩挲（撫摩）	saa1,so1
6987	痧	痧	saa1 刮痧，發痧	saa1 刮痧，發痧	saa1
6988	唦	唦	saa1 象聲詞；語氣詞,(語)saa4 ～～滾，馬虎、亂哄哄；～哩[li55]躘[lʊŋ22]蹱[tʃʰʊŋ33]，莽撞	saa1 象聲詞；語氣詞	saa1
6989	㸺	㸺	saa1 母牛	saa1 母牛	saa1
6990	曬	晒	saai3 曬乾，暴曬，曬臺（陽臺）	saai3 曬乾，暴曬，曬臺（陽臺）	saai3
6991	甩	甩	saai2 甩手、扔，本字摋,(訓)lat1 脫落、掉，訓讀㪐，與碖[lɐn33]對轉，另一說脫[*kʰlo̠d]字上古複輔音的遺留	saai5 甩手、扔，本字摋；走路不穩，蹣跚,(訓)lat3 脫落、掉，訓讀㪐，與碖[lɐn55]對轉，另一說脫[*kʰlo̠d]字上古複輔音的遺留	lat1
6992	舐	舐	saai5 舐犢	si6 舐犢	saai5
6993	洓	洓	saak3	siak2	saak3
6994	摵	摵	saak3 捎；同槭字；〈語〉～飯，指菜開胃、下飯	siak2 捎；同槭字；〈語〉～飯，指菜開胃、下飯	cik1,saak3
6995	衫	衫	saam1	saam1	saam1
6996	芟	芟	saam1	saam1	saan1；(又)saam1
6997	穇	䅟	saam1 稴穇,caam2 穇子	saam1 稴穇,caam2 穇子	saam1,caam2
6998	釤	钐	saam1 金屬元素，符號Sm；姓,saam3 釤鐮，釤草,(又)sin3 俗字䥇	saam1 金屬元素，符號Sm；姓,saam3 釤鐮，釤草,(又)sin3 俗字䥇	saam1,sin3
6999	刪	删	saan1	saan1	saan1
7000	山	山	saan1	saan1	saan1
7001	拴	拴	saan1 拴住	saan1 拴住	saan1
7002	柵	栅	saan1 柵極,caak3 柵欄	saan1 柵極,ciak2 柵欄	1)caak3:籬笆柵 2)saan1:柵極
7003	栓	栓	saan1 消防栓，栓劑	saan1 消防栓，栓劑	saan1
7004	涮	涮	saan3 涮洗，涮羊肉	saan3 涮洗，涮羊肉	saan3
7005	珊	珊	saan1	saan1	saan1
7006	姍	姗	saan1	saan1	saan1
7007	孱	孱	saan4 孱弱,caan3 孱頭	saan4 孱弱,caan3 孱頭	saan4；caan3孱頭
7008	汕	汕	saan3	saan3	saan3
7009	潸	潸	saan1	saan1	saan1
7010	潺	潺	saan4	saan4	saan4
7011	疝	疝	saan3 疝氣	saan3 疝氣	saan3
7012	舢	舢	saan1 舢舨，舢板	saan1 舢舨，舢板	saan1
7013	訕	讪	saan3 訕笑，搭訕,(語)saan1 ～嗽[ʃɐu33]，髒話，已罕用	saan3 訕笑，搭訕	saan3
7014	跚	跚	saan1	saan1	saan1
7015	閂	闩	saan1 門閂，閂門	saan1 門閂，閂門	saan1
7016	僝	僝	saan4 僝僽,zyun6 具備	saan4 僝僽,zyun6 具備	saan4
7017	赸	赸	saan3	saan3	saan3
7018	牲	牲	saang1	siang1	sang1
7019	生	生	saang1 生活，學生；～成，本就、本來	siang1 生活，學生	sang1；(又)saang1
7020	甥	甥	saang1 外甥（姐妹之子；外孫），外甥女（姐妹之女；外孫女）	siang1 外甥（姐妹之子；外孫），外甥女（姐妹之女；外孫女）	sang1；(又)saang1
7021	笙	笙	saang1	siang1	sang1；(又)saang1
7022	眚	眚	saang2	siang2	saang2
7023	㨘	㨘	saang2 俗字，擦拭，疑本字漺/爽，上古陽部；訓斥、搶白；打	slang5 俗字，訓斥、搶白,(又)slaang5	saang2
7024	剎	刹	saat3 剎車，剎那，古剎	saat2 剎車，剎那，古剎	saat3；古剎又讀caat3
7025	殺	杀	saat3 殺敵，謀殺,saai3 減削也；衰也	saat2 殺敵，謀殺,saai3 減削也；衰也	1)saat3:殺敵 2)saai3:蕭殺
7026	煞	煞	saat3 惡煞，煞尾，煞費苦心,(語)saai5 白～～，蒼白	saat2 惡煞，煞尾，煞費苦心	saat3
7027	鎩	铩	saat3	saat2	saat3
7028	脎	脎	saat3	saat2	saat3
7029	䶡	䶡	saat6 咬物聲,zaak6 同齰字	saat6 咬物聲,ziak6 同齰字	saat6,zaak6,zit6
7030	哨	哨	saau3 哨兵，放哨，口哨；牙～～，齙牙貌,(白)seu3 ～牙，齙牙	saau3 哨兵，放哨，口哨；～牙，齙牙	saau3
7031	捎	捎	saau1 捎帶，捎信,(又)sliu1 讀同銷/消,(白)slaau4 揍、打，～一巴掌；很能吃，～齊，吃光；此處生母讀如邪母	saau1 捎帶，捎信；〈語〉用手橫掃抓住,(又)sliu1 讀同銷/消,(白)slaau4 揍、打，～一巴掌；很能吃，～得過癮，吃得過癮；此處生母讀如邪母	saau1
7032	梢	梢	saau1 樹梢，眉梢,(又)sliu1 讀同銷/消	saau1 樹梢，眉梢,(又)sliu1 讀同銷/消	saau1
7033	稍	稍	saau1 稍後，稍微（口語用稍爲）,(又)saau2	saau1 稍後，稍微（口語用稍爲）,(又)saau2 𥹉[nɐp24]～，不利索、動作慢	saau2
7034	睄	睄	saau3 小視,(白)slaau4 掃視，此處生母讀如邪母	saau3 小視,(白)slaau4 掃視，此處生母讀如邪母,(白)saau4 又音	saau3
7035	筲	筲	saau1 筲箕，斗筲,(白)sleu1 筲箕（多指小型筲箕）	saau1 筲箕，斗筲	saau1
7036	艄	艄	saau1	saau1	saau1
7037	蛸	蛸	saau1 蠨蛸,sliu1 螵蛸	saau1 蠨蛸,sliu1 螵蛸	saau1,siu1
7038	使	使	(習)sai2 使用，好使；出使，使者,(書)si2 使用,(書)si3 出使，使者	sai2 使用，好使；出使，使者	1)si2:古使 2)si3:公使；(語)sai2
7039	史	史	(習)sai2 歷史,(書)si2	sai2 歷史	si2
7040	柿	柿	sai6 柿子，柿餅；少部分老派有讀[tʃʰi21/tsʰɿ21]音	sai6 柿子，柿餅	ci2；(又)ci5
7041	篩	筛	sai1 篩子，篩選	sai1 篩子，篩選；〈語〉斟，～酒，本字釃	sai1
7042	駛	驶	sai2	sai2	sai2
7043	世	世	sai3	si3	sai3
7044	勢	势	sai3 勢力，形勢；手～，手藝、技藝；得～，（形容詞後）得很，奇怪得～，奇怪得很	si3 勢力，形勢；得～，（形容詞後）得很，渠猜碼癮得～，他划拳上癮得很；一～，（形容詞後）極了，臭一～，臭極了	sai3
7045	誓	誓	sai6	si3	sai6
7046	逝	逝	sai6	si3	sai6
7047	噬	噬	sai6 吞噬，反噬	si3 吞噬，反噬	sai6
7048	筮	筮	sai6	si3	sai6
7049	貰	贳	sai3	si3	sai3
7050	澨	澨	sai6	si3	sai6
7051	什	什	sam6 什麼，同甚麼,sap6 什錦，什物	sam6 什麼，同甚麼,sap6 什錦，什物	1)sap6:什一之稅 2)sam6:什麼；(俗)用作雜
7052	嬸	婶	sam2	sam2	sam2
7053	審	审	sam2	sam2	sam2
7054	忱	忱	sam4	sam4	sam4
7055	森	森	sam1	sam1	sam1
7056	沁	沁	sam3 沁人心脾	sam3 沁人心脾	sam3
7057	沈	沈	sam2 姓,cam4 沈沒,zam6 沒入水中，～水，溺水，俗字浸,(白)tam4 壓；塌下；案，知三讀如端，俗字坍	sam2 姓,zam4 沈沒,zam6 沒入水中，～落去，俗字浸,(白)dam4 壓；塌下；周～圍，四周圍、環中心部分；案，知三讀如端，俗字坍,(語)sam4 眯[mɐi55]～～，眼眯打瞌睡，又作沉字	1)cam4:浮沈 2)sam2:姓沈
7058	瀋	沈	sam2 瀋陽市	sam2 瀋陽市	sam2
7059	深	深	sam1	sam1	sam1
7060	甚	甚	sam6 甚至；甚麼，是（何）物的合音	sam6 甚至；甚麼，是（何）物的合音	sam6
7061	琛	琛	sam1	sam1	sam1
7062	葚	葚	sam6 桑葚	sam5 桑葚	sam6
7063	諗	谂	sam2 諗知，諗悉,(訓)nam2 訓讀恁，思考、想	sam2 諗知，諗悉,(訓)nam5 訓讀恁，思考、想	nam2,sam2
7064	諶	谌	sam4 信也；誠也；姓	sam4 信也；誠也；姓	sam4
7065	郴	郴	sam1	sam1	sam1
7066	瘮	瘆	sam3	sam3	sam3
7067	椹	椹	sam6 同葚字,zam1 墊板，砧板	sam5 同葚字,zam1 墊板，砧板	sam6,zam1
7068	煁	煁	sam4	sam4	sam4
7069	瞫	瞫	sam2 竊視,(白)sam3 偷看；細看；東張西望	sam2 竊視,(白)sam3 偷看；細看；東張西望	sam2
7070	綝	𬘭	sam1	sam1	sam1
7071	鰺	鲹	sam1	sam1	sam1
7072	罧	罧	sam3 積柴水中以取魚,(語)lam6 摞、碼、堆疊，～磚，俗字㨆，與拉對轉，此處生母讀如來母，又或臨字，古文作臨柴，猶積聚	sam3 積柴水中以取魚,(語)lam6 摞、碼、堆疊，～磚，俗字㨆，與拉對轉，此處生母讀如來母，又或臨字，古文作臨柴，猶積聚	sam1
7073	蔘	蔘	sam1 人蔘	sam1 人蔘	sam1
7074	伸	伸	san1 延伸，伸展,(白)can1 ～手，～懶腰，～直，又作抻/胂字	san1 延伸，伸展,(白)can1 ～手，～懶腰，～直，又作抻/胂字	san1
7075	呻	呻	san1 呻吟,(語)san3 訴苦，～窮，哭窮，～笨，懊悔	san1 呻吟,(語)san3 訴苦，～窮，哭窮	san1
7076	脣	唇	san4 口脣，脣齒,(老派)syun4	san4 口脣，脣齒	seon4
7077	慎	慎	san6	san6	san6
7078	晨	晨	san4	san4	san4
7079	淳	淳	san4,(老派)slyun4,(又)syun4,(又)slan4	san4	seon4
7080	申	申	san1	san1	san1
7081	瞬	瞬	san3 瞬間，轉瞬,(老派)syun3	san3 瞬間，轉瞬	seon3
7082	神	神	san4 精神，神聖,san1 神荼	san4 精神，神聖,san1 神荼	san4；神荼（門神）讀san1
7083	純	纯	san4 純粹，單純,(老派)slyun4,(又)syun4,(又)slan4	san4 純粹，單純	seon4
7084	紳	绅	san1	san1	san1
7085	腎	肾	san5	san5	san6；(又)san5
7086	身	身	san1 全身，身體,(古)jyun1 身毒，印度的古譯名	san1 全身，身體,(古)jyun1 身毒，印度的古譯名	san1；(古地名)gyun1身毒
7087	辰	辰	san4 星辰，時辰,(又)san2 馬～蓆，產自印尼的藤蓆	san4 星辰，時辰	san4
7088	醇	醇	san4 醇香，醇厚,(老派)slyun4,(又)syun4,(又)slan4	san4 醇香，醇厚	seon4
7089	順	顺	san6,(老派)syun6	san6	seon6
7090	娠	娠	san4 妊娠，讀同辰	san4 妊娠，讀同辰	san1；(又)zan3
7091	舜	舜	san6 堯舜,(老派)syun6	san3 堯舜	seon3
7092	蜃	蜃	san5	san5	san5
7093	宸	宸	san4	san4	san4
7094	砷	砷	san1	san1	san1
7095	胂	胂	san6 有機化合物,can1 伸身也	san6 有機化合物,can1 伸身也	san6
7096	蓴	莼	san4 蓴菜,(老派)slyun4,(又)syun4,(又)slan4	san4 蓴菜	seon4
7097	珅	珅	san1	san1	san1
7098	鉮	𬬹	san4	san4	san4
7099	脤	脤	san5 生肉；（芋頭等薯類）脆而不麪、不粉；（人）不機靈，～崽	san5 生肉；（芋頭等薯類）脆而不麪、不粉；（人）不機靈，～崽	san5
7100	昚	昚	san6	san6	san6
7101	蒓	莼	san4 蒓菜,(老派)slyun4,(又)syun4,(又)slan4	san4 蒓菜	seon4
7102	殉	殉	san4 殉葬，殉職,(老派)slyun4,(又)slan4	slan4 殉葬，殉職	seon1
7103	馴	驯	san4 馴養，馴服,(老派)slyun4,(又)slan4,(常)fan3 俗讀，讀同訓	slan4 馴養，馴服,(常)wan3 俗讀，讀同訓	seon4
7104	徇	徇	san4,(老派)slyun4,(又)slan4	slan4	seon1
7105	十	十	sap6 十足，第十；弱讀爲[a22]，二十、三十、四十分別記作廿、卅、卌；案，十一，有連讀音變[sɐp2jɐt5]➔[sɐʔ22jɐt5]➔[sɐʔ22ɐt5],(語)aa6 弱讀，數詞幾十幾的連讀音變	sap6 十足，第十；弱讀爲[a22]，二十、三十、四十分別記作廿、卅、卌,(語)aa6 弱讀，數詞幾十幾的連讀音變	sap6
7106	拾	拾	sap6 拾取	sap6 拾取	sap6
7107	溼	湿	sap1 潮溼，溼潤	sap2 潮溼，溼潤；豬～，豬肝，避諱肝/乾	sap1
7108	濕	湿	sap1 同溼字	sap2 同溼字	sap1
7109	辻	辻	sap6 日本漢字，讀同十	sap6 日本漢字，讀同十	sap6
7110	失	失	sat1 失去，丟失；忔[ŋɐt5]～，吝嗇,(白)set1 忔[ŋɛt5]～，吝嗇	sat2 失去，丟失,(白)set2 忔[ŋɛt3]～，吝嗇	sat1
7111	實	实	sat6 真實，老實；白～～，慘白,(白)set6 白～～，慘白	sat6 真實，老實；白～～，慘白	sat6
7112	室	室	sat1	sat2	sat1
7113	蝨	虱	sat1 蝨子（口語稱蝨乸），跳蝨（跳蚤）	sat2 蝨子（口語單用蝨），跳蝨（跳蚤），狗蝨（狗身上的跳蚤）	sat1
7114	鯴	鲺	sat1	sat2	sat1
7115	術	术	sat6 技術，術語,(老派)slyut6,(又)slat6	slat6 技術，術語	seot6
7116	述	述	sat6,(老派)slyut6,(又)slat6	slat6	seot6
7117	沭	沭	sat6,(老派)slyut6,(又)slat6	slat6	seot6
7118	秫	秫	sat6,(老派)slyut6,(又)slat6	slat6	seot6
7119	鉥	𬬸	sat6,(老派)slyut6,(又)slat6	slat6	seot6
7120	獸	兽	sau3	sau3	sau3
7121	受	受	sau6	sau6	sau6
7122	售	售	sau6	sau6	sau6
7123	守	守	sau2 守衛；太守，古讀去聲	sau2 守衛；太守，古讀去聲	1)sau2:保守 2)sau3:太守
7124	壽	寿	sau6	sau6	sau6
7125	手	手	sau2 上肢；豬手（豬前腿）；量詞，一手	sau2 上肢；豬手（豬前腿）；量詞，一手	sau2
7126	授	授	sau6	sau6	sau6
7127	收	收	sau1 豐收，收入；～尾[mi55]，後來，也逆同化爲收[ʃɐm55]尾[mi55]	sau1 豐收，收入	sau1
7128	瘦	瘦	sau3	sau3	sau3
7129	首	首	sau2 首先；自首	sau2 首先；自首	sau2
7130	狩	狩	sau3	sau3	sau3
7131	嗖	嗖	sau1 象聲詞,(語)su4 象聲詞，隻老鼠拖嘢～～聲，老鼠拖東西嘶嘶響	sau1 象聲詞	sau1
7132	溲	溲	sau1	sau1	sau1
7133	綬	绶	sau6	sau6	sau6
7134	廋	廋	sau1	sau1	sau1
7135	艏	艏	sau2	sau2	sau2
7136	奢	奢	se1 奢侈	se1 奢侈	ce1
7137	射	射	se6 射箭,jik6 無射,je6 僕射	se6 射箭,jik5 無射,jaa6 僕射	1)se6:射擊 2)je6:僕射
7138	社	社	se5	se5	se5
7139	捨	舍	se2 捨棄，捨得	se2 捨棄，捨得	se2
7140	舍	舍	se2 同捨字,se3 宿舍，舍間，隔籬鄰舍；姓,(又)se5 宿舍，隔籬鄰舍	se2 同捨字,se3 宿舍，舍間；姓,(白)si3 宿舍，隔籬鄰舍	se3；同捨
7141	蛇	蛇	se4 毒蛇，蛇行；〈語〉形容詞，懶,ji4 虛與委蛇	se4 毒蛇，蛇行；〈語〉形容詞，懶,ji4 虛與委蛇	1)se4:杯弓蛇影 2)ji4:委蛇
7142	赦	赦	se3	se3	se3
7143	賒	赊	se1	se1,(白)si1	se1
7144	麝	麝	se6 麝香	se6 麝香	se6
7145	佘	佘	se4 姓	se4 姓	se4
7146	厙	厍	se3	se3	se3
7147	猞	猞	se3	se3	se3
7148	闍	阇	se4 闍黎,du1 城門臺	se4 闍黎,du1 城門臺	se4,dou1
7149	畲	畲	se1 畲族	se1 畲族	se4
7150	畬	畬	se1 燒草耕田；畬族，今作畲；姓,jyu4 新田二歲	se1 燒草耕田；畬族，今作畲；姓,jyu4 新田二歲,(白)si1 畬地	se1,se4,jyu4
7151	騇	騇	se3 母馬；嫖～，嫖妓	se3 母馬；嫖～，嫖妓	se3
7152	虵	虵	se4 同蛇字,(語)e6 蚅～，蛤蚧，擬叫聲得名	se4 同蛇字	se4
7153	石	石	sek6 石頭，岩石；十斗，不從官話之訓讀擔去聲	sik6 石頭，岩石；十斗，不從官話之訓讀擔去聲	sek6；通擔daam3
7154	碩	硕	sek6	sik6	sek6
7155	炻	炻	sek6	sik6	sek6
7156	祏	祏	sek6	sik6	sek6
7157	鼫	鼫	sek6	sik6	sek6
7158	聲	声	seng1 聲音，笑聲	sing1 聲音，笑聲	sing1
7159	潲	潲	(白)seu3 豬潲；潲雨,(文)saau3	saau3 豬潲；潲雨	saau3
7160	事	事	si6,(老派)sy6	sai6	si6
7161	侍	侍	si6 服侍，侍衛,(老派)sy6 讀同事，類推音變	sai6 服侍，侍衛，讀同事	si6
7162	士	士	si6 士兵，護士,(老派)sy6,(外)si2 的～，出租車，英語taxi；巴～，公共汽車，英語bus；煙～，撲克的A，英語ace；邊[pɛn55]～，奔馳車，德語Benz,(外)sy2 老派，的士，巴士，煙士，邊[pɛn55]士	sai6 士兵，護士,(外)si6 的～，出租車，英語taxi；巴～，公共汽車，英語bus	si6
7163	師	师	si1,(老派)sy1	sai1	si1
7164	獅	狮	si1 獅子，舞獅,(老派)sy1	sai1 獅子，舞獅	si1
7165	仕	仕	si6,(老派)sy6	sai6	si6
7166	俟	俟	si6 俟機,ki4 万俟（複姓）,(老派)sy6	sai6 俟機,gi4 万俟（複姓）	zi6；(複姓)kei4万俟
7167	螄	蛳	si1,(老派)sy1	sai1	si1
7168	鶳	䴓	si1 鳥名；大雀名,(老派)sy1	sai1 鳥名；大雀名	si1
7169	溮	浉	si1,(老派)sy1	sai1	si1
7170	涘	涘	si6,(老派)sy6	sai6	zi6
7171	釃	酾	si1 濾（酒）；斟（酒）,(老派)sy1	sai1 濾（酒）；斟（酒）	si1
7172	鰤	𫚕	si1,(老派)sy1	sai1	si1
7173	鳾	䴓	si1 同鶳字,(老派)sy1	sai1 同鶳字	si1
7174	嗜	嗜	si3	si3	si3
7175	尸	尸	si1 尸位素餐	si1 尸位素餐	si1
7176	屍	尸	si1 屍骨，死屍	si1 屍骨，死屍	si1
7177	屎	屎	si2 屎尿，拉屎；菸～，菸油子；〈語〉差勁、水平低,(白)ke1 屎，曉母讀如溪母，俗字𡲢；光頭爺爺坐火車，坐到半路屙䐁～，取笑禿子的俗語,(白)e3 又音	si2 屎尿，拉屎；菸筒～，菸油子；〈語〉差勁、水平低	si2
7178	市	市	(白)si5 菜市，市場,(文)si6 利[li22/lɐi22]～，紅包	(白)si5 菜市，市場,(文)si6 利～，紅包	si5
7179	施	施	si1	si1	si1；(古)ji6義於子孫
7180	時	时	si4	si4	si4
7181	是	是	si6 是否，於是；冇～，不然，要冇～，要不然；～但，隨便	si6 是否，於是；冇～，不然；～但，隨便	si6
7182	氏	氏	si6 姓氏，氏族,zi1 月氏，閼氏	si6 姓氏，氏族,zi1 月氏，閼氏	si6；(古民族名)zi1月氏
7183	示	示	si6	si6	si6
7184	視	视	si6	si6	si6
7185	試	试	si3 考試，試卷，試驗,(又)si5 考試，試卷，前後字調感染	si3 考試，試卷，試驗	si3
7186	詩	诗	si1 唐詩，詩詞,(老派)sy1 讀同師，類推音變	si1 唐詩，詩詞	si1
7187	豉	豉	si6 豆豉；豉油，易受後字調類化爲陽平	si6 豆豉，豉油	si6
7188	塒	埘	si4	si4	si4
7189	蒔	莳	si4 蒔蘿,si6 蒔秧	si4 蒔蘿,si6 蒔秧	si4,si6
7190	蓍	蓍	si1	si1	si1
7191	諡	谥	si3 諡號	si3 諡號	si3
7192	鈰	铈	si5	si5	si5
7193	鰣	鲥	si4 鰣魚	si4 鰣魚	si4
7194	弑	弑	si3 弑君，篡弑	si3 弑君，篡弑	si3
7195	邿	邿	si1	si1	si1
7196	鳲	鸤	si1	si1	si1
7197	諟	𬤊	si6	si6	si6
7198	䏡	䏡	si6	si6	si6
7199	弒	弑	si3 同弑字	si3 同弑字	si3
7200	姼	姼	si4 姼母也；美女,(又)ci2,(白)di1 公～，老頭子，婆～，老太婆，已罕用，章組讀如端組，俗字啲	si4 姼母也；美女,(又)ci2	si4,ci2
7201	葹	葹	si1	si1	si1
7202	謚	谥	si3 同諡字	si3 同諡字	si3
7203	昰	昰	si6	si6	si6
7204	𩛌	𩛌	si6 嗜食,(老派)sy6	si6 嗜食,(白)ze6 ～䭑[lem21]，小孩嘴饞	si6
7205	絲	丝	si1 蛛絲，絲綢,(老派)sy1	sli1 蛛絲，絲綢	si1
7206	司	司	si1,(老派)sy1	sli1	si1
7207	嘶	嘶	si1 嘶鳴，嘶叫，讀同斯,(老派)sy1	sli1 嘶鳴，嘶叫，讀同斯	si1
7208	思	思	si1 思念；意思，古讀去聲,sloi1 于思,(老派)sy1	sli1 思念；意思，古讀去聲,slaai1 于思	1)si1:思想 2)si3:意思 3)soi1:于思
7209	撕	撕	si1 撕開，撕破,(老派)sy1	sli1 撕開，撕破	si1
7210	斯	斯	si1,(老派)sy1	sli1	si1
7211	私	私	si1 自私，私心，家私（家具）,(老派)sy1	sli1 自私，私心，家私（家具）	si1
7212	廝	厮	si1,(老派)sy1	sli1	si1
7213	泗	泗	si3,(老派)sy3	sli3	si3；(又)sei3
7214	駟	驷	si3,(老派)sy3	sli3	si3
7215	鷥	鸶	si1,(老派)sy1	sli1	si1
7216	澌	澌	si1 盡也,(老派)sy1,(語)sli1 陰～～，（天氣）陰沉沉、（人）性格木訥；冷～～，冷絲絲	sli1 盡也	si1
7217	緦	缌	si1,(老派)sy1	sli1	si1
7218	鍶	锶	si1,(老派)sy1	sli1	si1
7219	噝	咝	si1 象聲詞,(老派)sy1	sli1 象聲詞,(語)sli4 ～～襲[ɬɛp2]襲[ɬɛp2]，腳擦地向前移動的聲音	si1
7220	偲	偲	si1 偲偲,caai1 多才,(老派)sy1	sli1 偲偲,caai1 多才	si1,caai1
7221	凘	凘	si1,(老派)sy1	sli1	si1
7222	楒	楒	si1,(老派)sy1	sli1	si1
7223	虒	虒	si1,(老派)sy1	sli1	si1
7224	颸	飔	si1,(老派)sy1	sli1	si1
7225	㟃	㟃	si1,(老派)sy1	sli1	si1
7226	厶	厶	si1 私的古字；部首,(老派)sy1	sli1 私的古字；部首	si1,mau5
7227	罳	罳	si1,(老派)sy1	sli1	si1
7228	𥯨	𥯨	si1,(老派)sy1	sli1	si1
7229	巳	巳	si6 辰巳,(老派)sy6	zi6 辰巳	zi6
7230	祀	祀	si6 祭祀,(老派)sy6	zi6 祭祀	zi6
7231	式	式	sik1	sik2	sik1
7232	拭	拭	sik1	sik2	sik1
7233	色	色	sik1 顏色，色澤（口語稱色水）；色子（骰子），打～，擲色子，引申爲做莊、做東	sik2 顏色，色澤（口語稱色水）；色子（骰子），打～，擲色子，引申爲做莊、做東	sik1
7234	蝕	蚀	sik6 腐蝕，日蝕	sik6 腐蝕，日蝕	1)sik6:侵蝕 2)sit6:蝕本
7235	識	识	sik1 知識，識別,(古)zi3 標識，博聞強識	sik2 知識，識別,(古)zi3 標識，博聞強識	sik1；(古)zi3博聞強識
7236	適	适	sik1	sik2	sik1；(古)通嫡
7237	食	食	sik6 糧食，食物,(古)ci6 簞食壺漿,ji6 古人名，酈食其,(老派)cy6	sik6 糧食，食物,(古)zi6 簞食壺漿,ji6 古人名，酈食其	sik6；1)(古)zi6拿東西給人吃 2)(古人名)ji6食其
7238	飾	饰	sik1	sik2	sik1
7239	嗇	啬	sik1 吝嗇	sik2 吝嗇	sik1
7240	穡	穑	sik1	sik2	sik1
7241	螫	螫	sik1 蟲行毒	sik2 蟲行毒	sik1；(又)cik1
7242	軾	轼	sik1	sik2	sik1
7243	奭	奭	sik1	sik2	sik1
7244	銫	铯	sik1	sik2	sik1
7245	栻	栻	sik1	sik2	sik1
7246	襫	襫	sik1	sik2	sik1
7247	适	适	sik1 同適字,fut3 疾速	sik2 同適字,hut2 疾速	sik1,kut3
7248	蟾	蟾	sim4 蟾酥，蟾蜍（口語稱蠄蟝）	sam4 蟾酥，蟾蜍（口語稱蠄蟝）	sim4
7249	禪	禅	sim4 禪宗，禪師,sin6 禪讓，禪位，俗讀禪宗之禪	sim4 禪宗，禪師,syun6 禪讓，禪位，俗讀禪宗之禪	1)sim4:禪師 2)sin6:禪讓
7250	蟬	蝉	sim4	sim4	sim4
7251	贍	赡	sim6	sim6	sin6；(又)sim6
7252	閃	闪	sim2	sim2	sim2
7253	陝	陕	sim2 陝西	sim2 陝西	sim2
7254	嬋	婵	sim4	sim4	sim4
7255	苫	苫	(名)sim1 草苫子,(動)sim3 遮蓋	(名)sim1 草苫子,(動)sim3 遮蓋	sim1,sim3
7256	掞	掞	sim3 舒展,jim6 照耀	sim3 舒展,jim6 照耀	sim3,jim5
7257	晱	晱	sim2	sim2	sim2
7258	睒	睒	sim2	sim2	sim2
7259	扇	扇	sin3 扇子，風扇，一扇門	sin3 扇子，風扇，一扇門	sin3
7260	煽	煽	sin3 煽動，煽風點火	sin3 煽動，煽風點火	sin3
7261	羶	膻	sin1 羶味（口語稱臊味）,(又)saan1	sin1 羶味（口語稱臊味）	zin1
7262	騸	骟	sin3 騸馬，騸狗	sin3 騸馬，騸狗	sin3
7263	埏	埏	sin1 揉和,jin4 邊際	sin1 揉和,jyun4 邊際	sin1,saan1,jin4
7264	烻	烻	sin1 光,jin6 光熾	sin1 光,jyun6 光熾	jin3
7265	挻	挻	sin1 柔也；取也,(白)sen1 掀	sin1 柔也；取也	sin1,saan1
7266	搧	搧	sin1 搧耳光，搧巴掌，搧人；〈又〉搧動,sin3 搧動，搧風，搧扇子	sin1 搧耳光，搧巴掌，搧人；〈又〉搧動，～擛[jap2]擛[jap2]，來回搧動,sin3 搧動，搧風，搧扇子；〈語〉甩出去、滑倒,(白)sen1 搧一巴掌；搧火	sin3
7267	膻	膻	sin1 同羶字，膻味（口語稱臊味）,daan6 膻中,(又)saan1	sin1 同羶字，膻味（口語稱臊味）,daan6 膻中	zin1
7268	善	善	sin6	syun6	sin6
7269	擅	擅	sin6	syun6	sin6
7270	倩	倩	sin6 倩影，倩裝,cing3 請，倩人,(又)cin3	syun6 倩影，倩裝,cing3 請，倩人,(又)cin3	sin6；(又)sin3
7271	繕	缮	sin6	syun6	sin6
7272	膳	膳	sin6 膳食，藥膳	syun6 膳食，藥膳	sin6
7273	鱔	鳝	sin5 鱔魚，黃鱔，白鱔,(又)sin2 黃鱔	syun5 鱔魚，黃鱔，白鱔	sin5
7274	嬗	嬗	sin6	syun6	sin6
7275	箐	箐	sin6 竹木叢生的山谷,coeng1 竹名,zing1 笭箐	syun6 竹木叢生的山谷,ciang1 竹名,zing1 笭箐	sin3,coeng1,zing1
7276	鄯	鄯	sin6	syun6	sin6
7277	蟮	蟮	sin6 蛐蟮	syun6 蛐蟮	sin6
7278	墡	墡	sin6	syun6	sin6
7279	蒨	蒨	sin6	syun6	sin6
7280	墠	𫮃	sin6	syun6	sin6
7281	蟺	蟺	sin6 蟺蜎，蜿蟺	syun6 蟺蜎，蜿蟺	sin6
7282	乘	乘	sing4 乘坐,sing6 千乘	sing4 乘坐,sing6 千乘	1)sing4:乘車 2)sing6:千乘之國
7283	升	升	sing1 升級，上升，一升	sing1 升級，上升，一升	sing1
7284	聖	圣	sing3	sing3	sing3
7285	城	城	sing4 城市，城門，城區,(白)seng4 出城，入城，省城（省會）	sing4 城市，出城	sing4
7286	成	成	sing4 完成，成功,cing4 成數，幾成，一說本字程,(白)seng4 ～日，成天，冇～，不成，～班人，一班人	sing4 完成，成功；成數，幾成	sing4
7287	承	承	sing4	sing4	sing4
7288	盛	盛	sing6 旺盛；姓,sing4 盛滿	sing6 旺盛；姓,sing4 盛滿	sing6；盛飯又讀sing4
7289	繩	绳	sing4	sing4	sing4
7290	勝	胜	sing3 勝利；勝任，古讀平聲；方～，便條，通～，皇曆、曆書，避諱書/輸	sing3 勝利；勝任，古讀平聲；通～，皇曆、曆書，避諱書/輸	1)sing3:聖地 2)sing1:勝任
7291	誠	诚	sing4	sing4	sing4
7292	丞	丞	sing4	sing4	sing4
7293	塍	塍	sing4 田塍,(又)sing1	sing4 田塍,(又)sing1	sing4
7294	嵊	嵊	sing6	sing6	sing6
7295	晟	晟	sing4	sing4	sing4,sing6
7296	昇	昇	sing1 畢昇；旭日東昇	sing1 畢昇；旭日東昇	sing1
7297	宬	宬	sing4	sing4	sing4
7298	鋮	铖	sing4	sing4	sing4
7299	陞	陞	sing1 姓	sing1 姓	sing1
7300	珹	珹	sing4	sing4	sing4
7301	椉	椉	sing4 同乘字,sing6 同乘字	sing4 同乘字,sing6 同乘字	sing6,sing4
7302	胜	胜	sing3 同勝字,saang1 餼肉；肽的舊稱	sing3 同勝字,siang1 餼肉；肽的舊稱	sing3,sing1
7303	郕	郕	sing4	sing4	sing4
7304	𡷫	𡷫	sing4	sing4	sing4
7305	攝	摄	sip3	sip2	sip3
7306	涉	涉	sip3	sip2	sip3
7307	懾	慑	sip3	sip2	sip3
7308	歙	歙	sip3 地名，歙縣（在安徽）,kap1 同吸字	sip2 地名，歙縣（在安徽）,kap2 同吸字	sip3,kap1
7309	灄	滠	sip3	sip2	sip3
7310	舌	舌	sit6	sit6	sit3；(又)sit6
7311	少	少	siu3 少年,siu2 多少	siu3 少年,siu2 多少	1)siu2:多少 2)siu3:老少
7312	燒	烧	siu1 發燒，燒鵝；～～焫[nat3]焫[nat3]，指桑罵槐	siu1 發燒，燒鵝	siu1
7313	紹	绍	siu6	siu6	siu6
7314	肇	肇	siu6	siu6	siu6
7315	邵	邵	siu6	siu6	siu6
7316	韶	韶	siu4 韶華，韶光,(又)siu6 俗讀，讀同紹	siu4 韶華，韶光	siu4
7317	劭	劭	siu6	siu6	siu6
7318	苕	苕	siu4 紅苕,tiu4 凌霄花；苕菜	siu4 紅苕,diu4 凌霄花；苕菜	siu4,tiu4
7319	玿	玿	siu4	siu4	siu4
7320	柖	柖	siu4	siu4	siu4
7321	灑	洒	slaa2 灑水,(語)slaa4 詞綴，落雨～～，雨淅瀝貌；案，灑灑古文表連綿不絕，唐·錢珝《客舍寓懷》詩，灑灑灘聲晩霽時，客亭風袖半披垂	slaa2 灑水,(語)slaa4 詞綴，落雨～～，雨淅瀝貌，亂～～，雜亂；案，灑灑古文表連綿不絕，唐·錢珝《客舍寓懷》詩，灑灑灘聲晩霽時，客亭風袖半披垂	saa2
7322	卅	卅	slaa1 三十，三啊[a22]的合音，啊[a22]爲十的弱讀，口語作[ɬa55a22]	slaa1 三十，三啊[a22]的合音，啊[a22]爲十的弱讀，口語作[ɬa53a22]	saa1
7323	㩄	㩄	slaai1 浪費，俗字嘥	slaai1 浪費；一兩歲小兒死亡，俗字嘥	saai1
7324	嗮	嗮	slaai3 粵字，本地表完結、全部、完全或完成，可作完結義動詞、全稱量詞（範圍副詞）、程度副詞、結果補語、完成體標記（了1）、已然體標記（了2）和連詞（順序義/順承標記），一說本字澌/攦/煞，又作哂字；表完結、全稱、程度和結果時，現在多用齊,(語)laai3 語流音變，邊擦音弱化爲邊音	slaai3 粵字，表完全、全部，一說本字澌/攦/煞，本地用齊	saai3
7325	三	三	slaam1 三個；三思，古讀去聲；～點頭、～點、～星公，猜碼口令，數字三，猜碼時讀高降調	slaam1 三個；三思，古讀去聲；～點頭、～點、～星公、～星高照，猜碼口令，數字三	saam1；三思又讀saam3
7326	叁	叁	slaam1	slaam1	saam1
7327	仨	仨	slaam1	slaam1	saam1
7328	毿	毵	slaam1	slaam1	saam1
7329	弎	弎	slaam1	slaam1	saam1
7330	傘	伞	slaan3 傘兵，雨傘,(又)slaan2	slaan3 傘兵，雨傘	saan3
7331	散	散	slaan3 解散，分散,slaan2 鬆散，散彈槍；～紙/錢，零錢	slaan3 解散，分散,slaan2 鬆散，散彈槍；～紙/錢，零錢	1)saan3:散步 2)saan2:散文
7332	饊	馓	slaan2 米花糰	slaan2 米花糰	saan2
7333	潵	潵	slaan3 水散也,slaat3 潵河	slaan3 水散也,slaat2 潵河	saat3
7334	圾	圾	slaap3 垃圾，本字擸𢶍,(白)slap1 ～碎，瑣碎、零碎，本字𢶍	slaap2 垃圾，本字擸𢶍,(白)slap3 ～碎，瑣碎、零碎，本字𢶍	saap3
7335	霎	霎	slaap3 霎時，霎那，霎眼（轉眼）；～黑，黃昏、傍晚,(語)saap3 俗字，～氣，傷腦筋、傷氣，本字霅，散也	slaap2 霎時，霎那，霎眼（轉眼）,(語)saap2 俗字，～氣，傷腦筋、傷氣，本字霅，散也；～眼，超出一般，疑本字㵤，溢也	saap3
7336	颯	飒	slaap3 颯颯，颯爽	slaap2 颯颯，颯爽	saap3
7337	唼	唼	slaap3 唼喋,cip3 唼佞	slaap2 唼喋,cip2 唼佞	saap3,cip3
7338	歃	歃	slaap3 歃血	slaap2 歃血	saap3
7339	趿	趿	slaap3 進足,taat3 趿拉,(白)tet1 拖～鞋，拖鞋,(白)tep1 又音，拖～鞋，拖鞋，也可能爲跕字	slaap2 進足,taat2 趿拉,(白)tat2 ～跳跳，蹦蹦跳跳；走動、遊逛，到處～	saap3,taat3
7340	靸	靸	slaap3 小兒履,taat3 靸拉	slaap2 小兒履,taat2 靸拉	saap3,taat3
7341	霅	霅	slaap3 雨雹下貌,zip3 霅溪,saap3 散也；～氣，傷腦筋、傷氣，俗字霎	slaap2 雨雹下貌,zip2 霅溪,saap2 散也；～氣，傷腦筋、傷氣，俗字霎	saap3,zip3
7342	鎝	𨱏	slaap3 鏤,daap3 翻土農具	slaap2 鏤,daap2 翻土農具	saap3
7343	喢	喢	slaap3 多言；～戇[ŋɔŋ33]，傻瓜、言行無道理	slaap2 多言；～戇[ŋaŋ55]，傻瓜、言行無道理；（狗）兇，渠門口有隻狗～唅[hɐm21]唅[hɐm21]	saap3
7344	馺	馺	slaap3 馬行疾	slaap2 馬行疾；〈語〉地～，地鱉	saap3
7345	𠿓	𠿓	slaap3 醜；食貌；〈語〉吸食	slaap2 醜；食貌,(白)slap3 吸食，～粥，喝粥	saap3
7346	𢶍	𢶍	slaap3 擸𢶍，又作垃圾,(白)slap1 ～碎，瑣碎、零碎	slaap2 擸𢶍，又作垃圾,(白)slap3 ～碎，瑣碎、零碎	saap3
7347	𥈊	𥈊	slaap3 理睬，搭～，搭理	slaap2 理睬，搭～，搭理	saap3
7348	撒	撒	slaat3 撒手，撒種	slaat2 撒手，撒種	saat3
7349	薩	萨	slaat3 菩薩，拉薩；姓	slaat2 菩薩，拉薩；姓	saat3
7350	摋	𢫬	slaat3 側手擊,saai2 抖擻,saat3 雜糅,(語)slai4 揍、打	slaat2 側手擊,saai5 抖擻,saat2 雜糅,(語)slai4 揍、打	saat3
7351	徙	徙	slai2	slai2,(又)sli2	saai2
7352	洗	洗	slai2	slai2	sai2
7353	犀	犀	slai1	slai1	sai1
7354	細	细	slai3	slai3	sai3
7355	西	西	slai1	slai1	sai1
7356	壻	婿	slai3 女壻，夫壻	slai3 女壻，夫壻	sai3
7357	璽	玺	slai2 玉璽	slai2 玉璽,(又)sli2	saai2
7358	屣	屣	slai2 鞋；〈語〉踢、打	slai2 鞋	saai2
7359	恓	恓	slai1	slai1	sai1
7360	樨	樨	slai1	slai1	sai1
7361	硒	硒	slai1	slai1	sai1
7362	粞	粞	slai1	slai1	sai1
7363	茜	茜	slai1 用於人名,sin6 茜草	slai1 用於人名,syun6 茜草	sai1,sin6
7364	荽	荽	(習)slai1 芫荽,(書)slui1	(習)slai1 芫荽,(書)slui1	seoi1
7365	葸	葸	slai2	slai2	saai2
7366	枲	枲	slai2	slai2	saai2,sai2
7367	蓰	蓰	slai2	slai2	saai2
7368	舾	舾	slai1	slai1	sai1
7369	婿	婿	slai3 同壻字	slai3 同壻字	sai3
7370	諰	諰	slai2 恐懼,slaai1 ～譡[tɔŋ33]，奚落諷刺人	slai2 恐懼,slaai1 ～譡[taŋ55]，奚落諷刺人	saai2
7371	纚	𫄥	slai2 冠織也,li4 綝纚,(語)slaai4 詞綴，甜～～，甜絲絲；案，纚纚古文表連綿不絕，唐·柳宗元《夢歸賦》，風纚纚以經耳兮，類行舟迅而不息	slai2 冠織也,li4 綝纚,(語)slai4 詞綴，眼眯[mɐi55]～～，眼睏、眼皮眯成縫；眼～，眼睏睜不開；案，纚纚古文表連綿不絕，唐·柳宗元《夢歸賦》，風纚纚以經耳兮，類行舟迅而不息,(語)sai4 詞綴，笑～～，笑吟吟	saai2,lei4
7372	塞	塞	slak1 塞車，堵塞,soi3 邊塞，塞外	slak2 塞車，堵塞,saai3 邊塞，塞外,(語)slak3 打～呃[ɐk5]，打嗝	1)sak1:堵塞 2)coi3:塞外
7373	噻	噻	slak1 噻吩，噻唑；〈語〉大約、數量少、某、任何，～百個，近百個，～日，很少幾天，～時，有時，冇有～分錢，沒有一分錢，本字息，上古職部,(語)slak6 形容詞後綴，醒～，精神,(語)slaak6 又音，炩[leŋ33]～～，鋥亮	slak2 噻吩，噻唑,(語)slak6 形容詞後綴，醒～，精神，默[mɐk2]～，死亡	sak1
7374	揌	揌	slak1 通塞字,sloi1 擡揌；〈語〉吃的俗稱，～得，能吃，～客，吃客	slak2 通塞字,slaai1 擡揌	sak1
7375	心	心	slam1	slam1	sam1
7376	芯	芯	slam1	slam1	sam1
7377	糝	糁	slam2 撒；粉末,(又)slaam2	(動)slam2 撒，～啲灰、～啲古月粉,(名)slaam2 粉末，退熱～	sam2
7378	伈	伈	slam2	slam2	sam2
7379	信	信	slan3,(老派)slyun3	slan3	seon3
7380	新	新	slan1	slan1	san1
7381	筍	笋	slan2,(老派)slyun2	slan2	seon2
7382	薪	薪	slan1	slan1	san1
7383	訊	讯	slan3,(老派)slyun3	slan3	seon3
7384	詢	询	slan4,(老派)slyun4	slan4	seon1
7385	辛	辛	slan1	slan1	san1
7386	迅	迅	slan3,(老派)slyun3	slan3	seon3
7387	鋅	锌	slan1	slan1	san1
7388	汛	汛	slan3,(老派)slyun3	slan3	seon3
7389	荀	荀	slan4,(老派)slyun4	slan4	seon1
7390	莘	莘	slan1	slan1	san1
7391	囟	囟	slan3 囟門，囟骨,(老派)slyun3	slan3 囟門，囟骨	seon3
7392	峋	峋	slan4,(老派)slyun4	slan4	seon1
7393	恂	恂	slan4 恐懼貌；〈語〉發抖，～擻[ɬu21]擻[ɬu21]，發抖貌,(老派)slyun4,(白)slen4 發抖	slan4 恐懼貌；〈語〉發抖，～邪[ɬe21]邪[ɬe21]，發抖貌	seon1
7394	榫	榫	slan2 榫頭，榫眼,(老派)slyun2	slan2 榫頭，榫眼	seon2
7395	洵	洵	slan4,(老派)slyun4	slan4	seon1
7396	珣	珣	slan4,(老派)slyun4	slan4	seon1
7397	蕈	蕈	slan3 香蕈，俗作香信,taam4 植物名,(老派)slyun3	slan3 香蕈，俗作香信,daam4 植物名	seon3
7398	詵	诜	slan1	slan1	san1
7399	郇	郇	slan4 周朝國名,waan4 姓,(老派)slyun4	slan4 周朝國名,waan4 姓	seon1,waan4
7400	侁	侁	slan1	slan1	san1
7401	屾	屾	slan1	slan1	san1
7402	栒	栒	slan2 栒虡,slan4 木名,(老派)slyun2,(老派)slyun4	slan2 栒虡,slan4 木名	ceon4,seon2
7403	燊	燊	slan1	slan1	san1
7404	甡	甡	slan1	slan1	san1
7405	駪	𬳽	slan1	slan1	san1
7406	遜	逊	slan3,(老派)slyun3	slun3	seon3
7407	巽	巽	slan3,(老派)slyun3	slun3	seon3
7408	噀	噀	slan3,(老派)slyun3	slun3	seon3
7409	擤	擤	slang3 擤鼻涕；大～，花錢大手大腳	slang3 擤鼻涕；大～，花錢大手大腳	sang3
7410	㿇	㿇	slap1 小痛,zap6 痺疾,(白)slep1 辣痛；案，或與習有關，疊詞習習古有辛辣、痛癢義	slap2 小痛,zap6 痺疾	sap1
7411	卹	恤	slat1 撫卹,(老派)slyut1	slat2 撫卹	seot1
7412	恤	恤	slat1 體恤，恤衫（英語shirt）,(老派)slyut1	slat2 體恤，恤衫（英語shirt）	seot1
7413	悉	悉	slat1 悉心，熟悉（有時也訓讀熟識）	slat2 悉心，熟悉	sik1
7414	戌	戌	slat1 戊戌，戌時,(老派)slyut1	slat2 戊戌，戌時	seot1
7415	摔	摔	slat1 摔手，摔打，摔倒，摔跤,(老派)slyut1,(又)soi1 摔倒，摔跤	slat2 摔手，摔打，摔倒，摔跤,(又)sui1 摔倒，摔跤	seot1
7416	率	率	slat1 率領,lat6 效率,(老派)slyut1 率領,(老派)lyut6 效率	slat2 率領,lat5 效率	1)seot1:率領 2)leot6:效率
7417	瑟	瑟	slat1 琴瑟，瑟縮	slat2 琴瑟，瑟縮	sat1
7418	膝	膝	slat1 膝蓋，促膝；～頭、～頭哥，膝蓋，有時語流音變爲[ɬɐk5]	slat2 膝蓋，促膝；～頭、～頭蓋、～頭尖，膝蓋	sat1
7419	蟋	蟋	slat1 蟋蟀[tʃɐt5]	slat2 蟋蟀[tʃɐt3]	sik1
7420	窣	窣	slat1	slat2	seot1
7421	窸	窸	slat1	slat2	sik1
7422	璱	璱	slat1	slat2	sat1
7423	修	修	slau1	slau1	sau1
7424	嗽	嗽	slau3 咳嗽,(語)sau3 訕[ʃan55]～，髒話，已罕用	slau3 咳嗽	sau3
7425	宿	宿	slau3 星宿，舊時俗讀住宿之宿,sluk1 住宿，一宿；餿、酸臭，俗字餿；〈舊〉星宿，俗讀	slau3 星宿，舊時俗讀住宿之宿,sloek2 住宿，一宿；餿、酸臭，俗字餿；〈舊〉星宿，俗讀	1)suk1:住宿 2)sau3:星宿
7426	搜	搜	slau2 搜查，搜索	slau2 搜查，搜索	sau2；(又)sau1
7427	秀	秀	slau3	slau3	sau3
7428	繡	绣	slau3 繡花，刺繡	slau3 繡花，刺繡	sau3
7429	羞	羞	slau1	slau1	sau1
7430	艘	艘	slau2	slau2	sau2；本讀sau1
7431	蒐	蒐	slau1 草名；春獵；蒐集，蒐羅	slau1 草名；春獵；蒐集，蒐羅	sau2；(又)sau1
7432	鏽	锈	slau3 鐵鏽，不鏽鋼	slau3 鐵鏽，不鏽鋼	sau3
7433	叟	叟	slau2	slau2	sau2
7434	嗾	嗾	slau2 嗾使,(語)soe4 唆使、挑撥，又作𡂡字	slau2 嗾使,(語)syu3 唆使、挑撥，分音作射豬，又作𡂡字	sau2；(語)zuk6
7435	擻	擞	slau2 抖擻,(白)slu4 詞綴，恂[ɬɐn21]～～，發抖貌；～～灑[ɬa21]灑[ɬa21]，做事拖泥帶水；案，韻母演變同漱字，元曲作簌簌	slau2 抖擻,(白)slu4 詞綴，落雨～～，雨唰唰地下；散～～，鬆散貌；案，韻母演變同漱字，元曲作簌簌	sau2
7436	藪	薮	slau2	slau2	sau2
7437	颼	飕	slau1 冷颼颼	slau1 冷颼颼	sau1
7438	餿	馊	slau1 飯餿，餿水,(訓)sluk1 食物過宿，訓讀宿	slau1 飯餿，餿水,(訓)sloek2 食物過宿，訓讀宿	sau1；(語)suk1
7439	滫	滫	slau2	slau2	sau2
7440	琇	琇	slau3	slau3	sau3
7441	饈	馐	slau1	slau1	sau1
7442	螋	螋	slau2	slau2	sau2
7443	脩	脩	slau1	slau1	sau1
7444	瞍	瞍	slau2	slau2	sau2
7445	鎪	锼	slau2	slau2	sau2
7446	謏	𫍲	slau2 謏訹,sliu2 謏聞	slau2 謏訹,sliu2 謏聞	sau2,siu2
7447	䗛	䗛	slau1	slau1	sau1
7448	鄋	鄋	slau1	slau1	sau1
7449	銹	锈	slau3 同鏽字	slau3 同鏽字	sau3
7450	綉	绣	slau3 同繡字	slau3 同繡字	sau3
7451	些	些	sle1 一些，些少	sle1 一些，些少	se1
7452	寫	写	sle2	sle2	se2
7453	卸	卸	sle3	sle3	se3
7454	瀉	泻	sle3 傾瀉，瀉藥,(白)sle2 倒～，溢出、打潑	sle3 傾瀉，瀉藥	se3
7455	卌	卌	sle3 四十，四啊[a22]的合音，啊[a22]爲十的弱讀，口語作[ɬi33a22]	sle3 四十，四啊[a22]的合音，啊[a22]爲十的弱讀，口語作[ɬi55a22]	se3
7456	錫	锡	slek3	slik2	sek3；(又)sik3
7457	腥	腥	(白)sleng1 腥臭，魚腥草,(文)sling1	sling1 腥臭，魚腥草	sing1；(語)seng1
7458	鉎	鉎	(白)sleng3 鐵鏽，又作鍟字,(文)sling3	sling3 鐵鏽，又作鍟字	sang1,seng3
7459	𤗈	𤗈	(白)slep3 小楔；墊，用楔子嵌穩,(文)slip3	(白)slep2 小楔；墊，用楔子嵌穩，～平檯腳，墊平桌腳,(文)slip2	sip3
7460	四	四	sli3 第四，四海；～紅中、～紅四、～紅，猜碼口令，數字四	sli3 第四，四海；～季發財、～季來財、～紅四、～紅，猜碼口令，數字四	sei3
7461	死	死	sli2	sli2	sei2；(又)si2
7462	肆	肆	sli3 四字的大寫,si3 放肆,(老派)sy3 放肆	sli3 四字的大寫；放肆	1)si3:肆無忌憚 2)sei3:四字的大寫
7463	釋	释	slik1 釋放，解釋，讀同析	sik2 釋放，解釋	sik1
7464	媳	媳	slik1 婆媳，媳婦	slik2 婆媳，媳婦	sik1
7465	息	息	slik1 休息，息怒；滴～，小巧,(白)slak1 ～崽，重孫子，～女[ny35]，重孫女，上古職部，俗字塞；大約、數量少、某、任何，～百個，近百個，～日，很少幾天，～時，有時，冇有～分錢，沒有一分錢，上古職部，俗字噻	slik2 休息，息怒；滴～，小巧,(白)slak2 孫～，重孫，女～，重孫女，上古職部，俗字塞	sik1
7466	惜	惜	slik1 可惜,(白)slek3 儆[kɛŋ22]～，珍惜（物）；疼愛（人）	slik2 可惜,(白)slek3 珍惜（物）；疼愛（人）	sik1
7467	昔	昔	slik1	slik2	sik1
7468	晰	晰	slik1	slik2	sik1
7469	析	析	slik1	slik2	sik1
7470	熄	熄	slik1	slik2	sik1
7471	淅	淅	slik1	slik2	sik1
7472	蜥	蜥	slik1	slik2	sik1
7473	潟	潟	slik1	slik2	sik1
7474	皙	皙	slik1 白皙	slik2 白皙；白～～，（人）白淨	sik1
7475	舄	舄	slik1	slik2	sik1
7476	螅	螅	slik1	slik2	sik1
7477	棤	棤	slik1,(又)coek3	slik2,(又)ciak2	sik1,coek3
7478	菥	菥	slik1	slik2	sik1
7479	裼	裼	slik3 袒裼,tai3 載衣之褓	slik2 袒裼,tai3 載衣之褓	sik3,tai3
7480	瘜	瘜	slik1	slik2	sik1
7481	蒠	蒠	slik1	slik2	sik1
7482	仙	仙	slin1	slin1	sin1
7483	先	先	slin1 先後，祖先；～～，早先、最初；〈語〉（稱物時）秤尾高，本字䙴,(語)lin1 語流音變，邊擦音弱化爲邊音，用於小句句末，作先行體或再次體標記，未緊～，先別急，等下～，先等下，係噉～，先這樣吧，恁/試/睇過～，先想想/試試/看看，着多一件衫～，再多穿一件衣服	slin1 先後，祖先；小句句末虛詞，你行～、等渠來～；〈語〉（稱物時）秤尾高，本字䙴	sin1
7484	線	线	slin3 針線，線條；姓	slin3 針線，線條；姓	sin3
7485	羨	羡	slin3 羨慕，豔羨	slin3 羨慕，豔羨	sin6
7486	腺	腺	slin3	slin3	sin3
7487	冼	冼	slin2	slin2	sin2
7488	氙	氙	slin1	slin1	sin1
7489	燹	燹	slin2	slin2	sin2
7490	秈	籼	slin1	slin1	sin1
7491	跣	跣	slin2	slin2	sin2
7492	酰	酰	slin1	slin1	sin1
7493	銑	铣	slin2	slin2	sin2
7494	霰	霰	slin3 雨霰，雪霰；霰彈（口語稱散[ɬan35]彈）	slin3 雨霰，雪霰；霰彈（口語稱散[ɬan33]彈）	sin3
7495	筅	筅	slin2	slin2	sin2
7496	䤼	𬭣	slin3	slin3	sin3
7497	癬	癣	slin2 腳癬，皮癬,(常)slyun2 俗讀	slyun2 腳癬，皮癬	sin2
7498	鮮	鲜	slin2 鮮少；朝鮮，古讀平聲,slin1 新鮮；鮮卑	slyun2 鮮少；朝鮮，古讀平聲,slyun1 新鮮；鮮卑	1)sin1:鮮果 2)sin2:鮮見
7499	蘚	藓	slin2	slyun2	sin2
7500	獮	狝	slin2	slyun2	sin2
7501	禒	禒	slin2	slyun2	sin2
7502	尟	尟	slin2	slyun2	sin2
7503	鏾	𫔌	slin3 ～雞，閹雞（名詞），又作線字,slaan3 弩	slyun3 ～雞，閹雞（名詞），又作線字,slaan3 弩	sin3
7504	姓	姓	sling3	sling3	sing3
7505	性	性	sling3	sling3	sing3
7506	星	星	sling1 流星，星星,(白)sleng1 天星	sling1 流星，天星	sing1
7507	猩	猩	sling1	sling1	sing1
7508	省	省	sling2 反省，省悟,saang2 節省，省份	sling2 反省，省悟,siang2 節省，省份	1)saang2:廣東省 2)sing2:反省
7509	醒	醒	sling2 醒目，醒悟，覺醒,(白)sleng2 提醒，睡醒	sling2 醒目，睡醒	sing2
7510	惺	惺	sling1	sling1	sing1
7511	煋	煋	sling1	sling1	sing1
7512	瑆	瑆	sling1	sling1	sing1
7513	騂	骍	sling1	sling1	sing1
7514	箵	箵	sling2	sling2	sing2
7515	躞	躞	slip3	slip2	sip3
7516	屑	屑	slit3 不屑；木屑	slit2 不屑；木屑	sit3
7517	楔	楔	slit3 楔子	slit2 楔子	sit3
7518	揳	揳	slit3 塞	slit2 塞	sit3
7519	偰	偰	slit3	slit2	sit3
7520	榍	榍	slit3	slit2	sit3
7521	薛	薛	slit3 姓,(常)slyut3 俗讀	slyut2 姓	sit3
7522	泄	泄	slit3 泄漏，發泄	slyut2 泄漏，發泄	sit3
7523	褻	亵	slit3	slyut2	sit3
7524	燮	燮	slit3	slyut2	sit3
7525	渫	渫	slit3 除去；泄；姓,dip6 渫渫,(白)sep6 同煠字，用水熬煮,(文)saap6 水名	slyut2 除去；泄；姓,dip6 渫渫,saap6 水名；同煠字，用水熬煮	sit3,dip6
7526	紲	绁	slit3	slyut2	sit3
7527	𤫉	𤫉	slit3	slyut2	sit3
7528	洩	泄	slit3 同泄字	slyut2 同泄字	sit3
7529	媟	媟	slit3	slyut2	sit3
7530	躠	躠	slit3 蹩躠,slaat3 跋躠,(語)slaat6 仰/坐/睡跋[pʰat2]～，仰八叉/癱坐/癱睡貌	slyut2 蹩躠,slaat2 跋躠,(語)slaat6 澀[kip3]～～，很澀	sit3
7531	禼	𫧯	slit3	slyut2	sit3
7532	嘯	啸	sliu3	sliu3	siu3
7533	宵	宵	sliu1	sliu1	siu1
7534	小	小	sliu2	sliu2	siu2
7535	消	消	sliu1	sliu1	siu1
7536	瀟	潇	sliu1	sliu1	siu1
7537	硝	硝	sliu1	sliu1	siu1
7538	笑	笑	sliu3	sliu3	siu3
7539	簫	箫	sliu1	sliu1	siu1
7540	蕭	萧	sliu1	sliu1	siu1
7541	銷	销	sliu1	sliu1	siu1
7542	霄	霄	sliu1	sliu1	siu1
7543	逍	逍	sliu1	sliu1	siu1
7544	筱	筱	sliu2	sliu2	siu2
7545	綃	绡	sliu1	sliu1	siu1
7546	魈	魈	sliu1	sliu1	siu1
7547	翛	翛	sliu1	sliu1	siu1
7548	蠨	蟏	sliu1	sliu1	siu1
7549	篠	篠	sliu2	sliu2	siu2
7550	咲	咲	sliu3	sliu3	siu3
7551	傻	傻	slo4	slo4	so4
7552	唆	唆	slo1 囉唆，唆使，教唆	slo1 囉唆，唆使，教唆	so1
7553	嗦	嗦	slo1 哆嗦；囉嗦，同囉唆	slo1 哆嗦；囉嗦，同囉唆	so1
7554	所	所	slo2	slo2	so2
7555	梭	梭	slo1 織布梭，穿梭,(白)slo4 詞綴，碖[lɐn33]～～，紛紛落下貌，實爲擻/簌[ɬu21]的音變，梭梭爲元曲寫法	slo1 織布梭，穿梭,(白)so4 ～～聲，下雨聲，實爲擻/簌[ɬu21]的音變，梭梭爲元曲寫法,(語)slo4 簸[po21]～邏，樹冠覆蓋面大，遮陽好	so1
7556	娑	娑	slo1 婆娑，摩娑	slo1 婆娑，摩娑	so1
7557	莎	莎	slo1 莎草,saa1 莎士比亞	slo1 莎草,saa1 莎士比亞	1)so1:莎草 2)saa1:莎士比亞
7558	蓑	蓑	slo1 蓑衣，蓑草	slo1 蓑衣，蓑草	so1
7559	桫	桫	slo1	slo1	so1
7560	羧	羧	slo1	slo1	so1
7561	睃	睃	slo1,(又)zan3	slo1,(又)zan3	so1,zeon3
7562	趖	趖	slo1	slo1	so1
7563	瑣	琐	slo2 瑣碎，繁瑣	slu2 瑣碎，繁瑣	so2
7564	鎖	锁	slo2	slu2	so2
7565	嗩	唢	slo2	slu2	so2
7566	璅	璅	slo2 同瑣字,zu2 似玉的石	slu2 同瑣字,zaau2 似玉的石	so2,zou2
7567	削	削	sloek3 削皮，剝削	sliak2 削皮，剝削	soek3
7568	廂	厢	sloeng1	sliang1	soeng1
7569	想	想	sloeng2 思想，想象；案，冇想，有語流音變[ɬœŋ35]➔[lœŋ35]，邊擦音弱化爲邊音	sliang2 思想，想象	soeng2
7570	湘	湘	sloeng1	sliang1	soeng1
7571	相	相	sloeng3 相貌，相片；影～，照相；小～，小氣；能幹、厲害，耍遊戲噉～,sloeng1 互相，相反	sliang3 相貌，相片；假～，做作、假正經；小～，小氣；老～，長得顯老,sliang1 互相，相反	1)soeng1:互相 2)soeng3:相貌
7572	箱	箱	sloeng1	sliang1	soeng1
7573	鑲	镶	sloeng1	sliang1	soeng1
7574	襄	襄	sloeng1	sliang1	soeng1
7575	緗	缃	sloeng1	sliang1	soeng1
7576	驤	骧	sloeng1	sliang1	soeng1
7577	鯗	鲞	sloeng2 魚乾	sliang2 魚乾	soeng2
7578	瓖	瓖	sloeng1	sliang1	soeng1
7579	葙	葙	sloeng1	sliang1	soeng1
7580	纕	𬙋	sloeng1	sliang1	soeng1
7581	霜	霜	sloeng1,(又)soeng1	sung1	soeng1
7582	孀	孀	sloeng1,(又)soeng1	sung1	soeng1
7583	礵	礵	sloeng1,(又)soeng1	sung1	soeng1
7584	驦	骦	sloeng1,(又)soeng1	sung1	soeng1
7585	鸘	鹴	sloeng1,(又)soeng1	sung1	soeng1
7586	鷞	𮭪	sloeng1,(又)soeng1	sung1	soeng1
7587	騻	𫘭	sloeng1,(又)soeng1	sung1	soeng1
7588	腮	腮	sloi1 腮幫，面腮	slaai1 腮幫，面腮；～巴，腮幫子	soi1
7589	鰓	鳃	sloi1	slaai1	soi1
7590	毸	毸	sloi1 毰毸	slaai1 毰毸	soi1
7591	顋	顋	sloi1	slaai1	soi1
7592	索	索	slok3 繩索；求索，古讀山責切、山戟切,(白)saak3 量詞，邊、塊、片，兩～，兩片，～角，邊角，肋～骨，肋骨，索字古有量詞義，俗字𤖴/析/𢱢	slaak2 繩索；求索，古讀山責切、山戟切,(白)siak2 量詞，邊、塊、片，兩～，兩片，肋～骨，肋骨，索字古有量詞義，俗字𤖴/析/𢱢,(白)saak2 又音，量詞	sok3；搜尋義又讀saak3
7593	朔	朔	slok3 朔月，朔方	slaak2 朔月，朔方	sok3
7594	搠	搠	slok3	slaak2	sok3
7595	槊	槊	slok3	slaak2	sok3
7596	蒴	蒴	slok3	slaak2	sok3
7597	溹	溹	slok3 溹河,saak3 溹溹	slaak2 溹河,siak2 溹溹	sok3
7598	塑	塑	(習)slok3 塑像，塑料，塑造，讀同朔,(書)slu3	slu3 塑像，塑料，塑造	sou3,sok3
7599	溯	溯	slok3 追溯，讀同朔,(又)slu3 本讀	slu3 追溯	sou3
7600	喪	丧	slong3 喪失,slong1 喪事	slaang3 喪失,slaang1 喪事	1)song3:喪失 2)song1:喪事
7601	嗓	嗓	slong1 嗓子，嗓音，讀同桑,(又)slong2 本讀	slaang1 嗓子，嗓音，讀同桑,(又)slaang2 本讀	song2
7602	桑	桑	slong1	slaang1	song1
7603	搡	搡	slong2 推搡；〈語〉掙扎	slaang2 推搡；〈語〉掙扎	song2
7604	顙	颡	slong2	slaang2	song2
7605	磉	磉	slong2 柱下石	slaang2 柱下石	song2
7606	𦅇	𫄪	slong1 淺黃,(又)slong3,(語)song3 詞綴，黃～～，黃澄澄	slaang1 淺黃,(又)slaang3	song1
7607	嫂	嫂	slu2	slaau2	sou2
7608	掃	扫	slu3 掃地；掃把	slaau3 掃地；掃把	sou3
7609	搔	搔	slu1	slaau1	sou1
7610	騷	骚	slu1 風騷，騷動	slaau1 風騷，騷動；縮～，退縮、打退堂鼓	sou1
7611	臊	臊	slu1 臊味，腥臊；～蝦崽，小娃娃，已罕用,slu3 害臊	slaau1 臊味，腥臊；～甲，蟑螂，古稱蜚，臭蟲也,slaau3 害臊	sou1,sou3
7612	繅	缫	slu1	slaau1	sou1
7613	埽	埽	slu3	slaau3	sou3
7614	瘙	瘙	slu3	slaau3	sou3
7615	溞	溞	slu1	slaau1	sou1
7616	䕅	䕅	slu2	slaau2	sou2
7617	漱	漱	slu3 漱口	slu3 漱口	sau3
7618	甦	甦	slu1 甦醒，復甦	slu1 甦醒，復甦	sou1
7619	素	素	slu3	slu3	sou3
7620	蘇	苏	slu1 紫蘇；姓	slu1 紫蘇；姓	sou1
7621	訴	诉	slu3	slu3	sou3
7622	酥	酥	slu1 酥油，酥脆	slu1 酥油，酥脆	sou1
7623	鬚	须	slu1 鬍鬚，鬚根,(又)slyu1,(又)syu1	slu1 鬍鬚，鬚根,(又)slyu1	sou1
7624	穌	稣	slu1	slu1	sou1
7625	嗉	嗉	slu3 嗉囊，嗉子,(語)slui3 雞嗉,(語)slyu3 又音	slu3 嗉囊，嗉子,(語)slyu3 雞嗉	sou3
7626	愫	愫	slu3	slu3	sou3
7627	傃	傃	slu3	slu3	sou3
7628	囌	苏	slu1 嚕囌	slu1 嚕囌	sou1
7629	愬	愬	slu3 同訴字,saak3 驚懼貌	slu3 同訴字,siak2 驚懼貌	sou3
7630	膆	膆	slu3 同嗉字,(語)slui3 雞膆,(語)slyu3 又音	slu3 同嗉字,(語)slyu3 雞膆	sou3
7631	歲	岁	slui3	slui3	seoi3
7632	碎	碎	slui3	slui3	seoi3
7633	祟	祟	slui3 作祟，鬼鬼祟祟（口語稱鬼鬼鼠鼠）	slui3 作祟，鬼鬼祟祟（口語稱鬼鬼鼠鼠、鬼頭鬼鼠/腦、鼠頭鼠腦）	seoi6
7634	雖	虽	slui1 雖然，雖說,(又)slyu1 雖然，語流音變	slui1 雖然，雖說	seoi1
7635	綏	绥	slui1 綏靖，扶綏縣,(常)slyu1 語流音變	slui1 綏靖，扶綏縣,(又)slyu1 語流音變	seoi1
7636	濉	濉	slui1	slui1	seoi1
7637	眭	眭	slui1 姓,kwai4 目深惡視	slui1 姓,gwai4 目深惡視	seoi1
7638	睢	睢	slui1	slui1	seoi1
7639	誶	谇	slui3	slui3	seoi6
7640	葰	葰	slui1 廉薑,zan3 大	slui1 廉薑,zan3 大	seoi1,zeon3
7641	浽	浽	slui1 浽溦（小雨）；〈語〉溾浽（污穢、骯髒），又作渨涹，此處讀息遺切，音義交錯,nui5 溾浽	slui1 浽溦（小雨）；〈語〉溾浽（污穢、骯髒），又作渨涹，此處讀息遺切，音義交錯；～壺，尿壺,nui5 溾浽	neoi5,seoi1
7642	粟	粟	sluk1 粟米，罌粟；包～，玉米	sloek2 粟米，罌粟	suk1
7643	肅	肃	sluk1 嚴肅，肅立	sloek2 嚴肅，肅立	suk1
7644	夙	夙	sluk1	sloek2	suk1
7645	僳	僳	sluk1	sloek2	suk1
7646	蓿	蓿	sluk1	sloek2	suk1
7647	驌	骕	sluk1	sloek2	suk1
7648	鷫	鹔	sluk1	sloek2	suk1
7649	洬	洬	sluk1 洬洬,slok3 大風雨貌	sloek2 洬洬,slaak2 大風雨貌,(語)sluk3 象聲詞，落雨～～，唰唰地下着雨	sok3,suk1
7650	宋	宋	slung3	sloeng3	sung3
7651	鬆	松	slung1 放鬆	sloeng1 放鬆	sung1
7652	聳	耸	slung2 聳立，高聳；〈語〉金～，骨灰（或骨殖）罈子，實爲骨冢的音變	sloeng2 聳立，高聳；〈語〉骨～，骨灰（或骨殖）罈子，實爲骨冢的音變	sung2
7653	送	送	slung3 贈送，送別；〈語〉下飯的菜，俗字餸	sloeng3 贈送，送別；〈語〉下飯的菜，俗字餸	sung3
7654	嵩	嵩	slung1	sloeng1	sung1
7655	慫	怂	slung2 慫恿,(又)cung2	sloeng2 慫恿	sung2
7656	悚	悚	slung2	sloeng2	sung2
7657	淞	淞	slung1	sloeng1	sung1
7658	忪	忪	slung1 惺忪,zung1 怔忪	sloeng1 惺忪,zoeng1 怔忪	sung1,zung1
7659	竦	竦	slung2	sloeng2	sung2
7660	菘	菘	slung1	sloeng1	sung1
7661	㩳	㧐	slung2	sloeng2	sung2
7662	凇	凇	slung1	sloeng1	sung1
7663	娀	娀	slung1	sloeng1	sung1
7664	崧	崧	slung1	sloeng1	sung1
7665	倯	倯	slung1 懶；蠢,(白)slung4 笨、傻，因聲符松轉讀邪母，俗字㞞	sloeng1 懶；蠢,(白)sloeng4 ～～邪邪，無精打采，因聲符松轉讀邪母，俗字㞞	sung1
7666	㞞	𪨊	slung4 俗字，笨、傻，本字倯，因聲符松轉讀邪母	sloeng4 俗字，～～邪邪，無精打采，本字倯，因聲符松轉讀邪母	sung4
7667	絮	絮	slyu3	slyu3	seoi5；(又)seoi6
7668	需	需	slyu1	slyu1	seoi1
7669	須	须	slyu1 必須，須臾	slyu1 必須，須臾	seoi1；(古)通鬚
7670	胥	胥	slyu1	slyu1	seoi1
7671	嬃	媭	slyu1	slyu1	seoi1
7672	湑	湑	slyu1 水名,slyu2 濾酒去渣	slyu1 水名,slyu2 濾酒去渣	seoi2,seoi1
7673	糈	糈	slyu2	slyu2	seoi2
7674	諝	谞	slyu1	slyu1	seoi1
7675	醑	醑	slyu2	slyu2	seoi2
7676	繻	𦈡	slyu1	slyu1	seoi1
7677	孫	孙	slyun1	slun1	syun1；(古)同遜
7678	損	损	slyun2 損失，破損；〈語〉（皮膚）損傷、破傷，～手	slun2 損失，破損	syun2
7679	算	算	slyun3	slun3	syun3
7680	蒜	蒜	slyun3	slun3	syun3
7681	酸	酸	slyun1 酸味	slun1 酸味	syun1
7682	痠	酸	slyun1 痠痛	slun1 痠痛	syun1
7683	蓀	荪	slyun1	slun1	syun1
7684	飧	飧	slyun1	slun1	syun1
7685	猻	狲	slyun1	slun1	syun1
7686	狻	狻	slyun1	slun1	syun1
7687	筭	筭	slyun3	slun3	syun3
7688	宣	宣	slyun1	slyun1	syun1
7689	旋	旋	slyun4 旋轉；旋風,(白)zyun6 髮～、頭～，頭髮旋兒；兩隻～，兩個頭髮旋兒	slyun4 旋轉；旋風,(白)zyun6 頭生～，頭髮旋兒	syun4
7690	渲	渲	slyun3 渲染,(又)slyun1 讀同宣	slyun3 渲染,(又)slyun1 讀同宣	hyun1,syun3
7691	選	选	slyun2	slyun2	syun2
7692	漩	漩	slyun4	slyun4	syun4
7693	悛	悛	slyun1	slyun1	syun1
7694	瑄	瑄	slyun1	slyun1	syun1
7695	璇	璇	slyun4	slyun4	syun4
7696	璿	璇	slyun4	slyun4	syun4
7697	愃	愃	slyun1	slyun1	syun2,hyun1
7698	暶	暶	slyun4	slyun4	syun4
7699	䃠	碹	slyun4	slyun4	syun4
7700	揎	揎	slyun1	slyun1	syun1
7701	鏇	镟	slyun4 鏇牀	slyun4 鏇牀	syun4
7702	雪	雪	slyut3 冰雪，雪白,(白)slyut1 白～～，雪白	slyut2 冰雪，雪白	syut3
7703	鱈	鳕	slyut3	slyut2	syut3
7704	梳	梳	so1 梳頭	su1 梳頭	so1
7705	疏	疏	so1 疏遠，稀疏,so3 註疏，上疏，俗讀稀疏之疏	su1 疏遠，稀疏,su3 註疏，上疏，俗讀稀疏之疏	1)so1:疏導 2)so3:注疏
7706	蔬	蔬	so1	su1	so1
7707	爍	烁	soek3 閃爍，鑠金	siak2 閃爍，鑠金	soek3
7708	鑠	铄	soek3	siak2	soek3
7709	上	上	soeng6 方位詞，上面,soeng5 動詞，上山	sang6 方位詞，上面,sang5 動詞，上山	1)soeng6:上面 2)soeng5:上山
7710	尚	尚	soeng6 高尚，尚且,(白)soeng2 和尚	sang6 高尚，尚且，和尚	soeng6
7711	緔	绱	soeng5 緔鞋，即上鞋	sang5 緔鞋，即上鞋	soeng5
7712	鞝	鞝	soeng5 鞝鞋，同緔鞋,zoeng2 扇馬鞍皮	sang5 鞝鞋，同緔鞋,ziang2 扇馬鞍皮	soeng5,zoeng2
7713	傷	伤	soeng1	siang1	soeng1
7714	商	商	soeng1	siang1	soeng1
7715	裳	裳	soeng4 衣裳	siang4 衣裳	soeng4
7716	賞	赏	soeng2	siang2	soeng2
7717	殤	殇	soeng1	siang1	soeng1
7718	觴	觞	soeng1	siang1	soeng1
7719	熵	熵	soeng1	siang1	soeng1
7720	墒	墒	soeng1	siang1	soeng1
7721	雙	双	soeng1 一雙；雙生	sung1 一雙；雙生	soeng1
7722	瀧	泷	soeng1 瀧水，瀧岡,lung4 急流的水	sung1 瀧水，瀧岡,loeng4 急流的水	soeng1,lung4
7723	賽	赛	soi3 比賽，賽跑	saai3 比賽，賽跑	coi3
7724	嗍	嗍	sok3 俗字，吮吸，本字欶	suk2 俗字，吮吸，本字欶	sok3
7725	欶	欶	sok3 吮吸，～田螺，吸田螺，～粉，吸毒，俗字嗍	suk2 吮吸，～田螺，吸田螺，～粉，吸毒，俗字嗍	sok3
7726	爽	爽	song2	saang2	song2
7727	塽	塽	song2	saang2	song2
7728	數	数	(名)su3 數目,(動)su2 數一數,sok3 數見不鮮	(名)su3 數目,(動)su2 數一數,suk2 數見不鮮	1)sou3:數目 2)sou2:數算 3)sok3:數見不鮮
7729	穗	穗	sui6 穀穗,(又)slui6	slui6 穀穗,(又)sui6	seoi6
7730	遂	遂	sui6 順遂	slui6 順遂,(又)sui6	seoi6
7731	隧	隧	sui6 隧道	slui6 隧道,(又)sui6	seoi6
7732	燧	燧	sui6	slui6,(又)sui6	seoi6
7733	邃	邃	sui6 深邃，邃古	slui6 深邃，邃古,(又)sui6	seoi6
7734	旞	旞	sui6	slui6,(又)sui6	seoi6
7735	璲	璲	sui6	slui6,(又)sui6	seoi6
7736	穟	穟	sui6	slui6,(又)sui6	seoi6
7737	襚	襚	sui6	slui6,(又)sui6	seoi6
7738	鐩	𬭼	sui6	slui6,(又)sui6	seoi6
7739	䡵	𫟦	sui6	slui6,(又)sui6	seoi6
7740	繐	穗	sui6 帽繐,(又)slui6	slui6 帽繐,(又)sui6	seoi6
7741	蔧	蔧	sui6 王蔧,(又)wai6	slui6 王蔧,(又)wai6	wai6,seoi6
7742	垂	垂	sui4 垂直，下垂	sui4 垂直，下垂	seoi4
7743	帥	帅	sui3 元帥，帥印；帥氣	sui3 元帥，帥印；帥氣	seoi3；同率seot1率領
7744	水	水	sui2 清水，水平；比喻差勁、次，～貨，次貨；錢的喻稱，一蔸～，十元（又喻十歲），一䊆～，一百元，一紮～，一千元	sui2 清水，水平；比喻差勁、次，～貨，次貨；錢的喻稱，一撇～，一千元（因千字第一筆爲撇），一方～，一萬元（因方與萬的簡化字万形近）	seoi2
7745	瑞	瑞	sui6 祥瑞，瑞雪,(又)slui6	sui6 祥瑞，瑞雪	seoi6
7746	睡	睡	sui6	sui6	seoi6
7747	衰	衰	sui1 衰老，衰落；倒楣,(古)cui1 減也；同縗字，齊衰,(又)soi1 衰老，衰落，語流音變	sui1 衰老，衰落；倒楣,(古)cui1 減也；同縗字，齊衰	seoi1；(古)同縗ceoi1 等衰
7748	誰	谁	sui4	sui4	seoi4
7749	髓	髓	sui2	sui2	seoi5
7750	稅	税	sui3	sui3	seoi3
7751	陲	陲	sui4	sui4	seoi4
7752	倕	倕	sui4	sui4	seoi4
7753	圌	圌	sui4 圌山,cyun4 同篅字	sui4 圌山,zyun4 同篅字	seoi4,cyun4
7754	帨	帨	sui3	sui3	seoi3
7755	税	税	sui3	sui3	seoi3
7756	叔	叔	suk1	soek2	suk1
7757	屬	属	suk6 屬於，家屬,(古)zuk1 屬文，屬望；通囑字	soek6 屬於，家屬,(古)zoek2 屬文，屬望；通囑字	1)suk6:家屬 2)zuk1:屬文
7758	淑	淑	suk6 賢淑，淑女,(又)suk1	soek6 賢淑，淑女,(又)soek2	suk6
7759	熟	熟	suk6 煮熟	soek6 煮熟	suk6
7760	縮	缩	suk1 縮短，退縮,(又)sluk1 讀聲符宿	soek2 縮短，退縮；～騷，退縮、打退堂鼓	suk1
7761	蜀	蜀	suk6 蜀國，蜀道,(常)zuk1 俗讀，讀同燭	soek6 蜀國，蜀道,(又)zoek2 讀同燭	suk6
7762	贖	赎	suk6	soek6	suk6
7763	倏	倏	suk1	soek2	suk1
7764	塾	塾	suk6	soek6	suk6
7765	孰	孰	suk6	soek6	suk6
7766	菽	菽	suk6	soek6	suk6
7767	謖	谡	suk1 謖謖，馬謖,(又)sluk1	soek2 謖謖，馬謖	suk1
7768	婌	婌	suk6	soek6	suk6
7769	蹜	蹜	suk1,(又)sluk1	soek2	suk1
7770	儵	儵	suk1	soek2	suk1
7771	緒	绪	syu3 情緒，緒論,(又)slyu3	slyu3 情緒，緒論	seoi5
7772	書	书	syu1	syu1	syu1
7773	墅	墅	syu5 別墅	syu5 別墅	seoi5；(又)seoi6
7774	庶	庶	syu3	syu3	syu3
7775	恕	恕	syu3	syu3	syu3
7776	抒	抒	syu1	syu1	syu1
7777	暑	暑	syu2	syu2	syu2
7778	曙	曙	syu5	syu5	cyu5；(又)syu5
7779	樞	枢	syu1 樞紐，中樞,(又)kyu1 讀同區	syu1 樞紐，中樞	syu1
7780	樹	树	syu6	syu6	syu6
7781	殊	殊	syu4	syu4	syu4
7782	豎	竖	syu6 橫豎，豎琴	syu6 橫豎，豎琴	syu6
7783	署	署	syu5 署名，專署，部署	syu3 署名，專署，部署	cyu5；(又)syu5
7784	舒	舒	syu1	syu1	syu1
7785	薯	薯	syu4 番薯，馬鈴薯，本字藷	syu4 番薯，馬鈴薯，本字藷	syu4；(又)syu5
7786	輸	输	syu1 輸贏；運輸	syu1 輸贏；運輸	syu1
7787	鼠	鼠	syu2	syu2	syu2
7788	戍	戍	syu3 戍守，衛戍,(又)slyu1,(又)sloe1 ～住，纏着，已罕用	syu3 戍守，衛戍	syu3
7789	黍	黍	syu2	syu2	syu2
7790	攄	摅	syu1	syu1	syu1
7791	樗	樗	syu1	syu1	syu1
7792	毹	毹	syu1 氍毹,(又)jyu4	syu1 氍毹,(又)jyu4	jyu4,syu1
7793	澍	澍	syu6	syu6	syu6
7794	紓	纾	syu1	syu1	syu1
7795	腧	腧	syu3	syu3	syu3
7796	蜍	蜍	syu4 蟾蜍（口語稱蠄蟝）	syu4 蟾蜍（口語稱蠄蟝）	ceoi4
7797	摴	摴	syu1	syu1	syu1
7798	殳	殳	syu4	syu4	syu4
7799	鄃	鄃	syu1	syu1	syu1
7800	陎	陎	syu4	syu4	syu4
7801	癙	癙	syu2	syu2	syu2
7802	裋	裋	syu6	syu6	syu6
7803	藷	𫉄	syu4 通薯字,zyu1 藷蔗	syu4 通薯字,zyu1 藷蔗	syu4,zyu1
7804	吮	吮	syun5	san5	syun5
7805	船	船	syun4	syun4	syun4
7806	腨	腨	syun6	syun6	syun6
7807	舡	舡	syun4,(又)gong1	syun4,(又)gaang1	syun4,gong1
7808	說	说	syut3 說話，小說,sui3 遊說，說服，俗讀說話之說,jyut6 通悅字	syut2 說話，小說,sui3 遊說，說服，俗讀說話之說,jyut5 通悅字	1)syut3:說話 2)seoi3:游說；(古)同悅
7809	他	他	taa1	taa1	taa1
7810	她	她	taa1 晚起字，他字女性	taa1 晚起字，他字女性	taa1
7811	它	它	taa1	taa1	taa1
7812	鉈	铊	taa1 金屬元素，符號Tl,to4 秤砣	taa1 金屬元素，符號Tl,do4 秤砣	taa1,to4
7813	怹	怹	taa1 他的敬稱	taa1 他的敬稱	taa1
7814	太	太	taai3	taai3	taai3
7815	態	态	taai3	taai3	taai3
7816	汰	汰	taai3	taai3	taai3
7817	泰	泰	taai3	taai3	taai3
7818	貸	贷	taai3 貸款，借貸,(又)doi6	taai3 貸款，借貸,(又)daai6	taai3
7819	呔	呔	(外)taai1 車～，車胎，英語tyre,toi2 語不正，本字㘆	(外)taai1 車～，車胎，英語tyre,taai2 語不正，本字㘆	taai1,toi2
7820	鈦	钛	taai3	taai3	taai3
7821	肽	肽	taai3	taai3	taai3
7822	酞	酞	taai3	taai3	taai3
7823	𧘹	𧘹	(外)taai1 領～，領帶，英語tie，罕用，口語多用領帶	(外)taai1 領～，領帶，英語tie，罕用，口語多用領帶	taai1
7824	罈	坛	taam4 酒罈，源自壜	daam4 酒罈，源自壜	taam4
7825	淡	淡	(白)taam5 清淡，鹹淡，淡季，多用於味道或生意淡；地名，淡村,(文)daam6 淡泊，平淡，淡定（澹定），淡妝，多用於形容心情或顏色	daam5 清淡，淡泊，淡季，淡定（澹定）；地名，淡村	daam6；(語)taam5
7826	潭	潭	taam4 泥潭，深潭；姓	daam4 泥潭，深潭；姓	taam4
7827	痰	痰	taam4 吐痰，痰盂	daam4 吐痰，痰盂	taam4
7828	談	谈	taam4	daam4	taam4
7829	譚	谭	taam4	daam4	taam4
7830	覃	覃	taam4 覃思；姓,cam4 姓，源自鐔	daam4 覃思；姓,zam4 姓，源自鐔	1)taam4:覃第 2)cam4:姓覃
7831	曇	昙	taam4	daam4	taam4
7832	郯	郯	taam4	daam4	taam4
7833	鐔	镡	taam4 古兵器，似劍而小；姓,cam4 姓	daam4 古兵器，似劍而小；姓,zam4 姓	taam4,cam4
7834	倓	倓	taam4 倓然,daam6 通賧字	daam4 倓然,daam6 通賧字	taam4
7835	惔	惔	taam4 火燒,daam6 通憺字	daam4 火燒,daam6 通憺字	taam4,daam6
7836	蟫	蟫	taam4 蠹魚,cam4 蟫蟫	daam4 蠹魚,zam4 蟫蟫	taam4
7837	錟	锬	taam4 長矛,cim1 同銛字，鋒利	daam4 長矛,cim1 同銛字，鋒利	taam4,cim1
7838	埮	埮	taam4 同壜字,taam3 壏埮	daam4 同壜字,taam3 壏埮	taam3,taam4
7839	燂	燂	taam4 燒熱	daam4 燒熱；〈語〉火燻，屋～灰	taam4
7840	醰	醰	taam4 醇厚,(白)dam1 詞綴，酸～～，很酸，與嗒對轉	daam4 醇厚	taam4
7841	壜	坛	taam4 甒屬；地名用字，壜洛（在南寧興寧區）、壜澤（在南寧良慶區），與榃同源，源自潭（深水池）	daam4 甒屬；地名用字，壜洛（在南寧興寧區）、壜澤（在南寧良慶區），與榃同源，源自潭（深水池）	taam4
7842	𧽼	𧽼	taam4 走貌,(白)tam4 ～～轉，團團轉,(語)dam4 圓～～、圓～陀[tœ21]，圓溜溜	daam4 走貌,(白)dam4 ～～轉，團團轉	taam4,tam4
7843	探	探	taam3 探路，試探,(白)tam3 裝入（衣袋）	taam3 探路，試探,(白)tam3 裝入（衣袋）	taam3
7844	貪	贪	taam1	taam1	taam1
7845	菼	菼	taam2	taam2	taam2
7846	舕	舕	taam3 吐舌貌,(白)tam3 哄騙，尤指哄孩子，俗字噤/𧨾；案，19世紀粵文獻中寫作噤，借義字，韻會或作𦧈，引韓愈同宿聯句，巧舌千皆𦧈，故而粵音本義爲巧舌，本字爲舕	taam3 吐舌貌,(白)tam3 哄騙，尤指哄孩子，俗字噤/𧨾；案，19世紀粵文獻中寫作噤，借義字，韻會或作𦧈，引韓愈同宿聯句，巧舌千皆𦧈，故而粵音本義爲巧舌，本字爲舕	taam3
7847	䐺	䐺	taam3 食味美,daam6 肥貌，與𦛚旁轉	taam3 食味美,daam6 肥貌，與𦛚旁轉,(白)dam3 肥～～，矮胖貌，矮～～，又矮又胖	taam3
7848	壇	坛	taan4 花壇，論壇	daan4 花壇，論壇	taan4
7849	檀	檀	taan4	daan4	taan4
7850	嘆	叹	taan3 嘆息，嘆氣；～茶，品茶，～世界，享清福，一說本字儃	taan3 嘆息，嘆氣；～茶，品茶，～世界，享清福，一說本字儃	taan3
7851	坦	坦	taan2	taan2	taan2
7852	攤	摊	taan1 擺攤，攤開	taan1 擺攤，攤開	taan1
7853	毯	毯	taan2	taan2	taan2；(又)taam2
7854	灘	滩	taan1	taan1	taan1
7855	炭	炭	taan3	taan3	taan3
7856	癱	瘫	taan2 癱瘓，面癱,(又)taan1	taan2 癱瘓，面癱,(又)taan1	taan2；(又)taan1
7857	碳	碳	taan3	taan3	taan3
7858	歎	叹	taan3 詠歎，讚歎	taan3 詠歎，讚歎	taan3
7859	坍	坍	taan1 坍方，坍塌,(又)taam1,(訓)tam4 壓；塌下；案，本字沈/沉，知三讀如端	taan1 坍方，坍塌,(又)taam1,(訓)dam4 壓；塌下；周～圍，四周圍、環中心部分；案，本字沈/沉，知三讀如端	taan1
7860	袒	袒	taan2	taan2	taan2
7861	忐	忐	taan2 忐忑，源自憳忒/怛惕	taan2 忐忑，源自憳忒/怛惕	taan2
7862	鉭	钽	taan2,(又)daan3	taan2,(又)daan3	taan2,daan3
7863	嘽	啴	taan1 嘽嘽,cin2 寬舒	taan1 嘽嘽,cin2 寬舒	taan1,cin2
7864	璮	璮	taan2	taan2	taan2
7865	塌	塌	taap3 倒塌，塌方,dap1 垂下，俗字耷，古讀濁入，堕也,(又)taat3 塌臺；黑～～，形容臉色陰沉，後字逆同化；～皮、～傷皮，蹭破皮兒,(白)map1 凹，端組、泥明母旁轉，俗字凹,(白)mep1 又音，凹	taap2 倒塌，塌方；扤[ŋat24]～皮，蹭破皮兒,dap2 垂下，俗字耷，古讀濁入，堕也,(又)taat2 拖塌，同拖沓/拖遝,(白)maap3 凹，端組、泥明母旁轉，俗字凹,(白)map3 又音	taap3
7866	塔	塔	taap3	taap2	taap3
7867	榻	榻	taap3 牀榻，榻榻米,(又)taat3 榻榻米，後字逆同化	taap2 牀榻，榻榻米,(又)taat2 榻榻米，後字逆同化	taap3
7868	漯	漯	taap3 古水名,lui5 同㶟/灅字,lok3 漯河市，本作螺	taap2 古水名,lui5 同㶟/灅字,laak2 漯河市，本作螺	taap3,leoi5,lok3
7869	褟	褟	taap3	taap2	taap3
7870	鰨	鳎	taap3 鰨目魚,(又)taat3	taap2 鰨目魚,(又)taat2	taap3,taat3
7871	溻	溻	taap3 溻溼，溼溻溻,(又)taat3 溼溻溻，後字逆同化	taap2 溻溼，溼溻溻,(又)taat2 溼溻溻，後字逆同化	taap3
7872	闒	阘	taap3 闒茸,daap6 樓上戶	taap2 闒茸,daap6 樓上戶	taap3,daap6
7873	鞳	鞳	taap3 鏜鞳,(語)tep1 剪物聲,(語)taap1 又音，剪物聲	taap2 鏜鞳	daap6,taap3
7874	溚	溚	taap3 焦油舊稱；古水名,daap3 溼，溼溚溚	taap2 焦油舊稱；古水名,daap2 溼，溼溚溚	taap3,dap6
7875	嚃	嚃	taap3	taap2	daap6,taap3
7876	搨	搨	taap3 搨本，搨印	taap2 搨本，搨印	taap3
7877	錔	錔	(名)taap3 器物錔頭，筆～，筆帽,(動)tap1 套上,(白)nap1 閉，～嘴，端組旁轉，罕用	(名)taap2 器物錔頭,(動)tap2 套上；貼近	daap6,taap3
7878	䍇	䍇	taap3 平底罈子，埕埕～～，罈罈罐罐	taap2 平底罈子，埕埕～～，罈罈罐罐，金～，骨灰（或骨殖）罈子，金當爲骨的音變	taap3
7879	撻	挞	taat3 撻伐；蛋撻，英語tart；～一巴掌，打一巴掌	taat2 撻伐；蛋撻，英語tart,(白)tet2 擦（屁股），屙屎冇得閒～，忙的誇張說法	taat3
7880	躂	跶	taat3 踢躂，蹓躂,(白)daat3 摔倒；躺倒，～落牀；拍打、用力摔，～膏藥，該義又俗作撻字	taat2 踢躂，蹓躂,(白)daat2 摔倒，～班，留級、蹲班；躺倒，～落牀；用力摔，該義又俗作撻字	taat3
7881	韃	鞑	taat3	taat2	taat3
7882	遢	遢	taat3 邋遢	taat2 邋遢	taat3
7883	闥	闼	taat3	taat2	taat3
7884	澾	㳠	taat3 滑也；～頭，光頭，～頭佬，禿子	taat2 滑也；～頭，光頭,(白)tet3 滑～～，（路等）很滑；光頭～，禿子	taat3
7885	㒓	𠉂	taat3	taat2	taat3
7886	啼	啼	tai4	dai4	tai4
7887	堤	堤	tai4 河堤，堤壩	dai4 河堤，堤壩	tai4
7888	提	提	tai4	dai4	tai4
7889	蹄	蹄	tai4	dai4	tai4
7890	題	题	tai4	dai4	tai4
7891	娣	娣	tai5,(又)dai6	dai5,(又)dai6	tai5；(又)dai6
7892	綈	绨	tai4	dai4	tai4
7893	緹	缇	tai4	dai4	tai4
7894	荑	荑	tai4 初生葉貌,ji4 莁荑；芟刈	dai4 初生葉貌,ji4 莁荑；芟刈	tai4,ji4
7895	醍	醍	tai4	dai4	tai4
7896	鯷	鳀	tai4	dai4	tai4
7897	鵜	鹈	tai4	dai4	tai4
7898	媞	媞	tai4 媞媞,si6 諦也	dai4 媞媞,si6 諦也,(白)sai5 ～草，莎草、香附，《爾雅》薃侯，莎，其實媞，此處讀承紙切，音義交錯	tai4,si6
7899	禔	禔	tai4	dai4	tai4
7900	騠	𫘨	tai4	dai4	tai4
7901	瑅	瑅	tai4	dai4	tai4
7902	遆	遆	tai4	dai4	tai4
7903	隄	隄	tai4	dai4	tai4
7904	鶗	𫛸	tai4	dai4	tai4
7905	埞	埞	tai4 同堤/隄字,deng6 俗字，地方，本字定，另一說地方的合音	dai4 同堤/隄字,den6 俗字，地方，本字壂	deng6
7906	體	体	tai2	tai2	tai2
7907	剃	剃	tai3	tai3	tai3
7908	屜	屉	tai3 抽屜	tai3 抽屜	tai3
7909	替	替	tai3	tai3	tai3
7910	梯	梯	tai1	tai1	tai1
7911	涕	涕	tai3 鼻涕	tai3 鼻涕	tai3
7912	嚏	嚏	tai3	tai3	tai3
7913	銻	锑	tai1 金屬元素，符號Sb；〈語〉金屬鋁，因色近故稱，～崽，硬幣，～桶，鋁桶	tai1 金屬元素，符號Sb；〈語〉金屬鋁，因色近故稱，～崽，硬幣，～桶，鋁桶	tai1
7914	睇	睇	tai2 看；試/恁/行/喃/問～過，試試/想想/走走/唸唸/問問看,(古)dai6 傾視也	tai2 視也（口語用看）,(古)dai6 傾視也	tai2
7915	鷈	䴘	tai1	tai1	tai1
7916	鷉	䴘	tai1	tai1	tai1
7917	髢	髢	tai3	tai3	tai3
7918	薙	薙	tai3	tai3	tai3
7919	慝	慝	tak1 惡,nik6 隠情飾非	tak2 惡,nik5 隠情飾非	tik1
7920	忑	忑	tak1 忐忑，源自憳忒/怛惕	tak2 忐忑，源自憳忒/怛惕	tik1
7921	忒	忒	tak1 忒好，忒大	tak2 忒好，忒大,(語)tak3 梯～田，梯田	tik1
7922	鋱	铽	tak1	tak2	tik1
7923	脦	脦	tak1 肋脦，不正容止也,(白)daak1 肋[lak5]～，不整潔	tak2 肋脦，不正容止也,(白)daak3 肋[lak5]～，不整潔	tik1
7924	氹	氹	tam5 俗字，小水坑，本字窞	dam5 俗字，小水坑，本字窞	tam5
7925	凼	凼	tam5 同氹字	dam5 同氹字	tam5
7926	榃	榃	tam4 俗字，水塘，源自潭（深水池）；地名，榃蒙（在賓陽縣）、榃冷村（在橫縣）	dam4 俗字，水塘，源自潭（深水池）；地名，榃蒙（在賓陽縣）、榃冷村（在橫縣）	dam4
7927	囤	囤	(動)tan4 囤積，囤貨,(名)dan2 米囤，糧囤	dan4 〈動〉囤積，囤貨；〈名〉米囤，糧囤	tyun4,deon6
7928	屯	屯	tan4 村屯，屯兵；肥～～，胖貌，姣～～，風騷,dan6 地名，屯里,(語)lan5 溢出，～出，溢出；案，邢公畹《漢台語比較手冊》P217認爲民族語對音與『屯』可比較，滿也、盈也，上古文部，另一說本字稛，滿也，讀同𦓾，力準切	dan4 村屯，屯兵；肥～～，胖貌,dan6 地名，屯里,(語)lan5 溢出，～出，溢出；案，邢公畹《漢台語比較手冊》P217認爲民族語對音與『屯』可比較，滿也、盈也，上古文部，另一說本字稛，滿也，讀同𦓾，力準切	tyun4；同迍zeon1
7929	臀	臀	tan4 臀部，臀圍	dan4 臀部，臀圍	tyun4
7930	豚	豚	tan4 海豚，河豚	dan4 海豚，河豚	tyun4
7931	魨	鲀	tan4	dan4	tyun4
7932	坉	坉	tan4 以草裹土築城及填水；田隴,dan6 同沌字；塞	dan4 以草裹土築城及填水；田隴,dan6 同沌字；塞	nang4,tyun4
7933	忳	忳	tan4 憂也；亂也；〈語〉發抖，手～腳震，手腳發抖，震～～，發抖,zan1 同諄字,(老派)zyun1	dan4 憂也；亂也,zan1 同諄字	tyun4,zeon1
7934	吞	吞	tan1	tan1	tan1
7935	褪	褪	tan3 移動、挪動，向裏頭～；後退，～後，後退，～車，倒車,tui3 褪色	tan3 移動、挪動，向裏頭～；後退，～後，後退，～車，倒車,tui3 褪色,(又)tun3 （蛇、蟬等）蛻（皮），蛇～皮，蛇蛻皮	1)tan3:把袖子褪下來 2)teoi3:褪色
7936	飩	饨	tan1 餛飩	tan1 餛飩	tan1
7937	暾	暾	tan1	tan1	tan1
7938	氽	氽	tan2	tan2	tan2
7939	疼	疼	tang4	dang4	1)tang4:疼痛 2)tung3:肚子疼，疼愛
7940	藤	藤	tang4	dang4	tang4
7941	謄	誊	tang4 謄寫	dang4 謄寫	tang4
7942	騰	腾	tang4	dang4	tang4
7943	滕	滕	tang4	dang4	tang4
7944	縢	縢	tang4	dang4	tang4
7945	鰧	䲢	tang4	dang4	tang4
7946	籐	籐	tang4	dang4	tang4
7947	膯	膯	tang1 飽	tang1 飽；〈語〉脹、膨脹，菜乾浸～去、球～喇 	tang1
7948	鼟	鼟	tang1	tang1	tang1
7949	頭	头	tau4	dau4	tau4
7950	投	投	tau4	dau4	tau4
7951	骰	骰	tau4 骰子,(訓)sik1 訓讀色；坊間戲稱骰子王爲骰魔（諧音色魔）	dau4 骰子,(訓)sik2 訓讀色；坊間戲稱骰子王爲骰魔（諧音色魔）	sik1；(又)tau4
7952	偷	偷	tau1	tau1	tau1
7953	透	透	tau3 透明，熟透；～火，生火	tau3 透明，熟透；～火，生火	tau3
7954	㪗	㪗	tau2 ～氣，歇氣，又作敨字	tau2 ～氣，歇氣，又作敨字	tau2
7955	踢	踢	tek3 踢球，猛踢；一腳～，一手包辦	tik2 踢球，猛踢；一腳～，一手包辦	tek3
7956	艇	艇	teng5 遊艇，快艇；底～，內褲	diang5 遊艇，快艇	teng5
7957	廳	厅	teng1	ting1	teng1
7958	聽	听	(白)teng1 聽見，聽從，聽裝,ting3 聽任，聽政，俗讀聽見之聽,(文)ting1 聽見；〈語〉～日，明日，天光的合音	ting1 聽見，聽從，聽裝,ting3 聽任，聽政，俗讀聽見之聽	1)ting1:聽見 2)ting3:聽其自然
7959	汀	汀	(白)teng1 汀洲，水門汀,(文)ting1	ting1 汀洲，水門汀	ting1
7960	剔	剔	tik1 挑剔，剔牙,(白)tek3 剔除，剔骨	tik2 挑剔，剔除	tik1
7961	惕	惕	tik1 警惕，惕勵，怛惕	tik2 警惕，惕勵，怛惕	tik1
7962	逖	逖	tik1,(又)dik6	tik2,(又)dik6	dik6,tik1
7963	俶	俶	tik1 俶儻，即倜儻,cuk1 始也；整也	tik2 俶儻，即倜儻,coek2 始也；整也	tik1,cuk1
7964	倜	倜	tik1	tik2	tik1
7965	趯	趯	tik1 跳貌；～算盤，打算盤，由鉤或挑義引申而來,(白)tek3 一～，漢字筆畫之一，即挑；～土旁，提土旁，～手旁，提手旁,(訓)dek3 跑、出奔，本字迪	tik2 跳貌；一～，漢字筆畫之一，即挑；～土旁，提土旁，～手旁，提手旁,(訓)dik2 跑、出奔，本字迪	tik1,dek3
7966	恬	恬	tim4	dim4	tim4
7967	甜	甜	tim4	dim4	tim4
7968	湉	湉	tim4	dim4	tim4
7969	菾	菾	tim4	dim4	tim4
7970	添	添	tim1	tim1	tim1
7971	舔	舔	tim2 以舌取物，本字餂,(白)lem2 舔，～碗，當爲餂[*kʰle̠mʔ]字上古複輔音的遺留	tim2 以舌取物，本字餂,(白)lem5 舔，～碗，當爲餂[*kʰle̠mʔ]字上古複輔音的遺留,(語)gem5 舔，～碗，又作䭑字	tim2
7972	忝	忝	tim2	tim2	tim2
7973	栝	栝	tim2 撥火棍；木杖,gwaat3 櫽；檜樹	tim2 撥火棍；木杖,gwaat2 櫽；檜樹	gwaa1,kut3
7974	掭	掭	tim2 掭筆，本字㮇	tim2 掭筆，本字㮇	tim3
7975	黇	黇	tim1	tim1	tim1
7976	㮇	㮇	tim2 㮇筆	tim2 㮇筆	tim3
7977	填	填	tin4	din4	tin4
7978	滇	滇	tin4 水流貌,din1 滇池；雲南	din4 水流貌,din1 滇池；雲南	tin4
7979	田	田	tin4 單用專指水田；種田，田園	din4 單用專指水田；種田，田園	tin4
7980	闐	阗	tin4	din4	tin4
7981	殄	殄	tin5	din5	tin5
7982	畋	畋	tin4	din4	tin4
7983	沺	沺	tin4	din4	tin4
7984	畑	畑	tin4 日本漢字，讀同田	din4 日本漢字，讀同田	tin4
7985	畠	畠	tin4 日本漢字，讀同田,zi1 同甾字,(老派)zy1	din4 日本漢字，讀同田,zi1 同甾字	tin4
7986	鿬	鿬	tin4	din4	tin4
7987	天	天	tin1	tin1	tin1
7988	町	町	tin2 町疃,ting2 町畦,ding1 地名，畹町（在雲南），西門町（在臺灣）	tin2 町疃,ting2 町畦,ding1 地名，畹町（在雲南），西門町（在臺灣）	tin2,ting1,ting5,ding1
7989	亭	亭	ting4 涼亭，亭子；量詞，種，阿～嘢，這種東西，又作停字	ding4 涼亭，亭子	ting4
7990	停	停	ting4 停止，停留；量詞，種，阿～嘢，這種東西，古字作亭	ding4 停止，停留	ting4
7991	庭	庭	ting4	ding4	ting4
7992	廷	廷	ting4	ding4	ting4
7993	蜓	蜓	ting4 蜻蜓	ding4 蜻蜓	ting4
7994	婷	婷	ting4	ding4	ting4
7995	梃	梃	ting5	ding5	ting5
7996	霆	霆	ting4	ding4	ting4
7997	莛	莛	ting4	ding4	ting4
7998	葶	葶	ting4	ding4	ting4
7999	鋌	铤	ting5 鋌而走險,ding6 銅鐵礦石；通錠字	ding5 鋌而走險,ding6 銅鐵礦石；通錠字	ting5
8000	渟	渟	ting4	ding4	ting4
8001	烶	烶	ting5	ding5	ting5
8002	䗴	䗴	ting4	ding4	ting4
8003	挺	挺	ting2 挺胸，堅挺	ting2 挺胸，堅挺	ting5
8004	侹	侹	ting2	ting2	ting5
8005	圢	圢	ting2	ting2	ting5
8006	桯	桯	ting1 桯子，桯凳	ting1 桯子，桯凳	ting1
8007	珽	珽	ting2	ting2	ting5
8008	頲	颋	ting2	ting2	ting5
8009	綎	𬘩	ting1,(又)ting4	ting1,(又)ding4	ting1,ting4
8010	鞓	鞓	ting1	ting1	ting1
8011	帖	帖	tip3 碑帖，請帖，妥帖	tip2 碑帖，請帖，妥帖	tip3
8012	貼	贴	tip3 體貼，貼身，補貼	tip2 體貼，貼身，補貼	tip3
8013	萜	萜	tip3	tip2	tip3
8014	跕	跕	tip3 跕屣,dip3 墜落	tip2 跕屣,dip2 墜落	tip3,dip3
8015	鐵	铁	tit3	tit2	tit3
8016	餮	餮	tit3	tit2	tit3
8017	條	条	tiu4 條件，字條；量詞，一條魚，一條橋（一座橋），一條村（一座村），一條炮（一隻象棋的炮）	diu4 條件，字條；量詞，一條魚，一條橋（一座橋），一條村（一座村）	tiu4
8018	迢	迢	tiu4	diu4	siu4
8019	窕	窕	tiu5	diu5	tiu5
8020	笤	笤	tiu4	diu4	tiu4
8021	蜩	蜩	tiu4	diu4	tiu4
8022	髫	髫	tiu4	diu4	tiu4
8023	嬥	嬥	tiu4 身材修長而美好,diu6 嬥嬈	diu4 身材修長而美好,diu6 嬥嬈	tiu4,tiu5
8024	鰷	鲦	tiu4	diu4	tiu4
8025	齠	龆	tiu4	diu4	tiu4
8026	岧	岧	tiu4	diu4	tiu4
8027	挑	挑	tiu1 挑擔，挑戰，挑選,(古)tu1 挑達,(白)teu2 提，～水，提水	tiu1 挑擔，挑戰，挑選,(古)taau1 挑達,(白)teu2 提，～水，提水	1)tiu1:挑水，挑戰 2)tou1:挑達
8028	跳	跳	tiu3 跳高，跳舞；～皮，調皮、頑皮	tiu3 跳高，跳舞；～皮，調皮、頑皮	tiu3
8029	佻	佻	tiu1 輕佻,tiu4 佻佻	tiu1 輕佻,diu4 佻佻	tiu1；(又)tiu4
8030	眺	眺	tiu3	tiu3	tiu3
8031	糶	粜	tiu3	tiu3	tiu3
8032	朓	朓	tiu3	tiu3	tiu3
8033	祧	祧	tiu1	tiu1	tiu1
8034	舵	舵	to5 舵手，掌舵,(白)taai5 掌舵，俗字舦,(又)to4,(又)do6	daa5 舵手，掌舵,(白)daai5 掌舵，俗字舦,(又)do6	to4
8035	柁	柁	to5 同舵字,to4 木葉落；房柁,(白)taai5	daa5 同舵字,do4 木葉落；房柁,(白)daai5	taai5,to5,to4
8036	馱	驮	to4 馱起,do6 馱子；地名，馱盧	do4 馱起,do6 馱子；地名，馱盧	to4
8037	駝	驼	to4 駝背，駱駝,(白)to2 阿～，羅鍋兒、駝背的人	do4 駝背，駱駝	to4
8038	鴕	鸵	to4	do4	to4
8039	佗	佗	to4	do4	to4
8040	沱	沱	to4	do4	to4
8041	跎	跎	to4 蹉跎	do4 蹉跎	to4
8042	陀	陀	to4 陀螺，肉陀,(白)to1 圓～螺[lɔ55]，圓滾滾,(語)doe4 圓𧽼[tɐm21]～，圓溜溜	do4 陀螺，肉陀,(白)do3 圝～螺[lo55]，形容很圓	to4
8043	坨	坨	to4	do4	to4
8044	砣	砣	to4	do4	to4
8045	酡	酡	to4	do4	to4
8046	鼉	鼍	to4	do4	to4
8047	鮀	𬶍	to4	do4	to4
8048	堶	堶	to4	do4	to4
8049	陁	陁	to4 盤陁，同盤陀	do4 盤陁，同盤陀	to4
8050	鼧	鼧	to4	do4	to4
8051	唾	唾	to3 唾液，唾棄,(白)toe3 ～口水，吐口水，已罕讀	to3 唾液，唾棄	to3；(又)toe3
8052	妥	妥	to5 妥當，穩妥,(又)to2	to2 妥當，穩妥	to5；(又)to2
8053	拖	拖	to1 拖拉，拖船	to1 拖拉，拖船,(白)taa1 拖、拉，老木斗犁禁得～，比喻人老但禁得熬	to1
8054	橢	椭	to5 橢圓,(又)to2	to2 橢圓	to5
8055	拕	拕	to1	to1	to1
8056	台	台	toi4 兄台；台州，天台山,ji4 我也；同怡字	daai4 兄台；台州，天台山,ji4 我也；同怡字	toi4
8057	臺	台	toi4 平臺，臺階	daai4 平臺，臺階	toi4
8058	颱	台	toi4 颱風	daai4 颱風	toi4
8059	苔	苔	toi4 青苔,toi1 舌苔	daai4 青苔,taai1 舌苔	1)toi4:青苔 2)toi1:舌苔
8060	檯	台	toi4 櫃檯，檯面	daai4 櫃檯，檯面	toi4
8061	擡	抬	toi4 擡頭，擡高	daai4 擡頭，擡高	toi4
8062	跆	跆	toi4	daai4	toi4
8063	炱	炱	toi4	daai4	toi4
8064	薹	薹	toi4 蒜薹	daai4 蒜薹	toi4
8065	邰	邰	toi4	daai4	toi4
8066	鮐	鲐	toi4	daai4	toi4
8067	抬	抬	toi4 同擡字	daai4 同擡字	toi4
8068	儓	儓	toi4	daai4	toi4
8069	胎	胎	toi1 胎兒，懷胎	taai1 胎兒，懷胎	toi1
8070	㘆	㘆	toi2 語不正	taai2 語不正	toi2
8071	托	托	tok3 托起，烘托	taak2 托起，烘托	tok3
8072	託	托	tok3 委託，託付	taak2 委託，託付	tok3
8073	拓	拓	tok3 開拓，拓展,taap3 同搨字，拓本，拓印	taak2 開拓，拓展,taap2 同搨字，拓本，拓印,(語)taak3 眼白阞[lak5]～，眼睜睜	1)tok3:開拓 2)taap3:拓本
8074	庹	庹	tok3 量詞，兩臂平伸的距離（口語用弸）；姓	taak2 量詞，兩臂平伸的距離（口語用弸或鋬）；姓	tok3
8075	柝	柝	tok3	taak2	tok3
8076	橐	橐	tok3	taak2	tok3
8077	侂	侂	tok3	taak2	tok3
8078	籜	箨	tok3	taak2	tok3
8079	蘀	萚	tok3	taak2	tok3
8080	跅	跅	tok3	taak2	tok3
8081	飥	饦	tok3 餺飥	taak2 餺飥	tok3
8082	唐	唐	tong4	daang4	tong4
8083	堂	堂	tong4 廳堂，堂兄；量詞，一堂課，一堂被（一牀被子），一堂蚊帳（一頂蚊帳）	daang4 廳堂，堂兄；量詞，一堂課	tong4
8084	塘	塘	tong4	daang4	tong4
8085	棠	棠	tong4	daang4	tong4
8086	糖	糖	tong4	daang4	tong4；(語)tong2
8087	醣	糖	tong4	daang4	tong4
8088	膛	膛	tong4	daang4	tong4
8089	搪	搪	tong4	daang4	tong4
8090	螳	螳	tong4 螳螂（口語稱馬螂扛）	daang4 螳螂（口語稱馬螂扛）	tong4
8091	樘	樘	tong4	daang4	tong4
8092	溏	溏	tong4	daang4	tong4
8093	瑭	瑭	tong4	daang4	tong4
8094	餳	饧	tong4 同餹字,cing4 飴，糖稀	daang4 同餹字,zing4 飴，糖稀	tong4,cing4
8095	螗	螗	tong4	daang4	tong4
8096	䣘	䣘	tong4	daang4	tong4
8097	鄌	鄌	tong4	daang4	tong4
8098	赯	赯	tong4	daang4	tong4
8099	坣	坣	tong4	daang4	tong4
8100	倘	倘	tong2 倘若，倘使,coeng4 倘佯，同徜徉	taang2 倘若，倘使,siang4 倘佯，同徜徉	tong2,soeng4
8101	湯	汤	tong1 雞湯，湯圓；宰殺，俗字劏,(古)soeng1 浩浩湯湯	taang1 雞湯，湯圓；宰殺，俗字劏,(古)siang1 浩浩湯湯	tong1；(古)soeng1浩浩湯湯
8102	淌	淌	tong2	taang2	tong2
8103	燙	烫	tong3	taang3	tong3
8104	趟	趟	tong3 一趟，趟馬	taang3 一趟，趟馬	tong3
8105	躺	躺	tong2	taang2	tong2
8106	帑	帑	tong2	taang2	tong2；(古)同孥nou4
8107	鏜	镗	tong1 象聲詞，鏜鞳,tong4 加工零件之法	taang1 象聲詞，鏜鞳,daang4 加工零件之法	tong1；同搪tong4
8108	儻	傥	tong2	taang2	tong2
8109	羰	羰	tong1	taang1	tong1
8110	蹚	蹚	tong1 蹚水，蹚渾水；蹚地,(常)tong2 俗讀，讀同躺/淌/倘	taang1 蹚水，蹚渾水；蹚地,(常)taang2 俗讀，讀同躺/淌/倘	tong1,tong2
8111	嘡	嘡	tong1	taang1	tong1
8112	耥	耥	tong2 耥耙	taang1 耥耙，又稱攤耙、摥耙	tong2
8113	鐋	铴	tong1 鐋鑼,tong3 平木石器；熱酒	taang1 鐋鑼,taang3 平木石器；熱酒	tong1,tong3
8114	钂	镋	tong2	taang1	tong2
8115	摥	摥	tong3 推，～櫳門，推式房門，批～，用抹子抹平	taang3 推，～耙，耥耙，～櫳門，推式房門	tong3
8116	劏	㓥	tong1 俗字，宰殺，本字湯；路名，劏羊街，今當陽街	taang1 俗字，宰殺，本字湯；路名，劏羊街，今當陽街	tong1
8117	掏	掏	tu4 掏錢	daau4 掏錢	tou4
8118	桃	桃	tu4	daau4	tou4
8119	濤	涛	tu4	daau4	tou4
8120	淘	淘	tu4 淘米，淘氣	daau4 淘米，淘氣	tou4
8121	萄	萄	tu4	daau4	tou4
8122	逃	逃	tu4	daau4	tou4
8123	陶	陶	tu4 陶冶，陶器,jiu4 古人名，皋陶	daau4 陶冶，陶器,jiu4 古人名，皋陶	tou4；(古人名)jiu4皋陶
8124	啕	啕	tu4	daau4	tou4
8125	燾	焘	tu4 人名用字,du6 覆蓋	daau4 人名用字,daau6 覆蓋	dou6,tou4
8126	檮	梼	tu4	daau4	tou4
8127	綯	绹	tu4 絞也	daau4 拴，亞隻牛～住木根腳	tou4
8128	鼗	鼗	tu4	daau4	tou4
8129	騊	𫘦	tu4	daau4	tou4
8130	匋	匋	tu4	daau4	tou4
8131	咷	咷	tu4	daau4	tou4
8132	醄	醄	tu4	daau4	tou4
8133	鞀	鞀	tu4	daau4	tou4
8134	䄻	䄻	tu4	daau4	tou4
8135	圖	图	tu4	du4	tou4
8136	屠	屠	tu4	du4	tou4；(古人名)ceoi4休屠
8137	徒	徒	tu4	du4	tou4
8138	塗	涂	tu4 泥塗，塗抹	du4 泥塗，塗抹	tou4
8139	肚	肚	tu5 豬肚；肚皮	du5 肚皮；〈又〉豬肚,du2 豬肚	tou5
8140	途	途	tu4	du4	tou4
8141	荼	荼	tu4 荼毒，如火如荼,syu1 神荼	du4 荼毒，如火如荼,syu1 神荼	tou4；神荼（門神）讀syu1
8142	梌	梌	tu4	du4	tou4
8143	稌	稌	tu4	du4	tou4
8144	酴	酴	tu4	du4	tou4
8145	駼	𬳿	tu4	du4	tou4
8146	涂	涂	tu4 姓；通塗/途字,cyu4 水名，滁河	du4 姓；通塗/途字,zyu4 水名，滁河	tou4,ceoi4
8147	瘏	瘏	tu4	du4	tou4
8148	套	套	tu3	taau3	tou3
8149	滔	滔	tu1	taau1	tou1
8150	討	讨	tu2	taau2	tou2
8151	韜	韬	tu1	taau1	tou1
8152	絛	绦	tu1	taau1	tou1
8153	饕	饕	tu1	taau1	tou1
8154	弢	弢	tu1	taau1	tou1
8155	慆	慆	tu1	taau1	tou1
8156	搯	搯	tu1 掏，挖取	taau1 掏，挖取	tou1
8157	縚	縚	tu1	taau1	tou1
8158	䵚	䵚	tu2	taau2	tou2
8159	兔	兔	tu3	tu3	tou3
8160	吐	吐	tu3 吐痰；嘔吐	tu3 吐痰；嘔吐	tou3
8161	土	土	tu2	tu2	tou2
8162	堍	堍	tu3	tu3	tou3
8163	菟	菟	tu3 菟絲,tu4 於菟	tu3 菟絲,du4 於菟	tou3,tou4
8164	釷	钍	tu2	tu2	tou2
8165	㻬	㻬	tu1 㻬琈	tu1 㻬琈	tou1,syu1
8166	頹	颓	tui4 頹廢，傾頹；〈語〉蠢笨	dui4 頹廢，傾頹；〈語〉蠢笨，耽[tɐm53]～，遲鈍、傻	teoi4
8167	魋	魋	tui4 獸名	dui4 獸名	teoi4
8168	隤	𬯎	tui4	dui4	teoi4
8169	穨	穨	tui4	dui4	teoi4
8170	尵	𪨇	tui4	dui4	teoi4
8171	推	推	tui1 推開，推動,(白)nui1 推搡，端組旁轉	tui1 推開，推動,(白)nui1 推搡，冇～跌我，端組旁轉	teoi1
8172	腿	腿	tui2	tui2	teoi2
8173	蛻	蜕	tui3	tui3	teoi3
8174	退	退	tui3	tui3	teoi3
8175	煺	煺	tui3	tui3	teoi3
8176	焞	焞	tui1 盛,tan1 光明	tui1 盛,tan1 光明	tan1,teoi1
8177	侻	侻	tui3 舒緩貌,tyut3 簡易	tui3 舒緩貌,tut2 簡易	teoi3,tyut3
8178	𢬳	𢬳	tuk1	toek2 扽，出力～，～斷	tuk1
8179	禿	秃	tuk1 禿頂，光禿禿,(訓)tyut1 光～～，光禿禿，本字脫	tuk2 禿頂，光禿禿	tuk1
8180	同	同	tung4 共同，同時；連詞，和；疑問代詞，～點，怎麼	doeng4 共同，同時；疑問代詞，～能[nɐŋ24]，怎麼，能爲哪樣的合音,(語)dang4 又音，疑問代詞，～能[nɐŋ24]，怎麼，能爲哪樣的合音，也有讀[tɐn21nɐŋ55]	tung4
8181	彤	彤	tung4 彤雲，紅彤彤,(白)tung1 紅彤彤，又作紅通通	doeng4 彤雲，紅彤彤,(語)doeng3 紅彤彤	tung4
8182	桐	桐	tung4	doeng4	tung4
8183	瞳	瞳	tung4	doeng4	tung4
8184	童	童	tung4	doeng4	tung4
8185	筒	筒	tung4 竹筒，筒骨（豬的腿骨和脛骨）；量詞，一筒膠卷（一捲膠卷），一筒鼻涕（一鼻子鼻涕）	doeng4 竹筒，筒骨（豬的腿骨和脛骨）；量詞	tung4；(語)tung2
8186	銅	铜	tung4	doeng4	tung4
8187	僮	僮	tung4 書僮,zong6 僮族	doeng4 書僮,zaang6 僮族	1)tung4:書僮 2)zong6:僮族
8188	潼	潼	tung4	doeng4	tung4
8189	佟	佟	tung4	doeng4	tung4
8190	艟	艟	tung4 艨艟，讀同童,(又)cung1 本讀	doeng4 艨艟，讀同童,(又)coeng1 本讀	cung1,tung4
8191	茼	茼	tung4 茼蒿	doeng4 茼蒿,(又)daang4 茼蒿，又作塘蒿	tung4
8192	酮	酮	tung4	doeng4	tung4
8193	砼	砼	tung4	doeng4	tung4
8194	仝	仝	tung4 姓	doeng4 姓	tung4
8195	哃	哃	tung4	doeng4	tung4
8196	曈	曈	tung4	doeng4	tung4
8197	烔	烔	tung4	doeng4	tung4
8198	穜	穜	tung4 先種後熟的農作物	doeng4 先種後熟的農作物	tung4,zung3,zung2
8199	峂	峂	tung4	doeng4	tung4
8200	𦒍	𦒍	tung4	doeng4	tung4
8201	衕	同	tung4 衚衕	doeng4 衚衕	dung6,tung4
8202	朣	朣	tung4	doeng4	tung4
8203	犝	犝	tung4	doeng4 牛犝，未受過訓的小牛	tung4
8204	桶	桶	tung2 水桶，櫃桶（抽屜）；～裙，襯裙	toeng2 水桶，櫃桶（抽屜）	tung2
8205	痛	痛	tung3	toeng3	tung3
8206	統	统	tung2	toeng2	tung2
8207	通	通	tung1	toeng1	tung1
8208	捅	捅	tung2 捅破，捅穿,(白)dung2 捅，與𧰵對轉,(白)nung2 捅，～一刀，端組旁轉	toeng2 捅破，捅穿,(白)noeng2 推搡，端組旁轉,(語)dung2 用棍子捅、戳，～亞隻木瓜落來；～訂帽，一種鳥，頭上有一撮長毛，像戴了一頂帽子，故名	tung2
8209	熥	熥	tung1	toeng1	tung1
8210	嗵	嗵	tung1	toeng1	tung1
8211	㛚	㛚	tung2	toeng2	tung2
8212	樋	樋	tung1	toeng1	tung1
8213	團	团	tyun4 團結	dun4 團結	tyun4
8214	斷	断	tyun5 折斷，斷絕，保留濁上,dyun3 判斷，決斷，斷估	dun5 折斷，斷絕,dun3 判斷，決斷	1)dyun6:斷絕 2)dyun3:判斷；(語)tyun5折斷
8215	糰	团	tyun4 糯米糰	dun4 糯米糰	tyun4
8216	摶	抟	tyun4	dun4	tyun4
8217	湍	湍	tyun1	tun1	teon1；(俗)cyun2
8218	疃	疃	tyun2	tun2	teon2
8219	彖	彖	tyun3	tun3	teon3
8220	煓	煓	tyun1	tun1	tyun1
8221	猯	猯	tyun1	tun1	teon1
8222	脫	脱	tyut3 脫離，解脫,(白)tyut1 光～～，光禿禿	tut2 脫離，解脫,(白)tot3 滑，～滑梯，滑滑梯	tyut3
8223	挩	捝	tyut3 解脫；遺漏,sui3 擦拭	tut2 解脫；遺漏,sui3 擦拭	seoi3,tyut3
8224	奧	奥	u3	aau3	ou3
8225	懊	懊	u3 懊惱；懊悔	aau3 懊惱；懊悔	ou3
8226	澳	澳	u3	aau3	ou3
8227	襖	袄	u3 棉襖，讀同懊	aau3 棉襖，讀同懊,(又)aau2	ou3；(又)ou2
8228	噢	噢	u3 嘆詞,jyu2 噢咻,(語)u2 表驚奇	aau3 嘆詞,jyu2 噢咻	ou3；或o1
8229	媼	媪	u2 老媼，媼嫗	aau2 老媼，媼嫗,(白)waau2 阿～，舊時稱母親	ou2
8230	鏖	鏖	u1,(又)ngu4	aau1,(又)ngaau4	ngou4；(又)ou1
8231	燠	燠	u3 甚熱,jyu3 燠休,juk1 熱；暖	aau3 甚熱,jyu3 燠休,joek2 熱；暖	ou3,jyu3,juk1
8232	嶴	岙	u3	aau3	ou3
8233	隩	隩	u3 通奧字,juk1 河岸彎曲處	aau3 通奧字,joek2 河岸彎曲處	ou3,juk1
8234	圫	圫	u3	aau3	ou3
8235	墺	墺	u3	aau3	ou3
8236	熝	熝	u1 同𤏶字，煨熟,luk6 煉也,(語)luk1 燙	aau1 同𤏶字，煨熟,loek5 煉也；〈語〉燙	ou1,luk6
8237	爊	爊	u1 同𤏶字，煨熟	aau1 同𤏶字，煨熟	ou1
8238	𤏶	爊	u1 煨熟，後作爊	aau1 煨熟，後作爊	ou1
8239	鿫	鿫	u3	aau3	ou3
8240	䴈	𬸩	u2	aau2	ou2
8241	屋	屋	uk1 房屋，屋檐，屋頂；～起、～底、～企[kʰi35]，家，源自屋下，避諱下，轉讀企/起	oek2 房屋，屋檐，屋頂	uk1
8242	剭	剭	uk1	oek2	uk1
8243	甕	瓮	ung3 酒甕，入甕；～缸，水缸；量詞	oeng3 酒甕，入甕；～缸，水缸；量詞	ung3
8244	蕹	蕹	ung3 蕹菜	oeng3 蕹菜	ung3
8245	瓮	瓮	ung3 罌也	oeng3 罌也	ung3
8246	齆	齆	ung3	oeng3	ung3
8247	䐥	䐥	ung3	oeng3	ung3
8248	划	划	waa4 划船，划槳，划算（口語稱抵值），划拳（口語稱猜碼）,(又)waa1 划船，划槳	waa4 划船，划槳，划算（口語稱抵值），划拳（口語稱猜碼）	1)waa1:划船 2)faa3:划不來
8249	華	华	waa4 中華,waa6 華山、姓，俗讀中華之華	waa4 中華,waa6 華山、姓，俗讀中華之華	1)waa4:中華 2)waa6:華山，姓華；(古)同花
8250	哇	哇	waa1 擬哭聲；嘔吐,waa3 語氣詞，啊[a33]受前字收音[-u]影響的音變，月光裏頭有白兔～？,(白)we2 嘔吐，想～，噁心，俗字噦,(語)waa4 嘆詞，表讚歎	waa1 擬哭聲；嘔吐,waa2 語氣詞，啊[a33]受前字收音[-u]影響的音變，吃了飯再去好冇好～？,(白)we2 嘔吐，～得勢，嘔吐得厲害，俗字噦,(語)waa4 嘆詞，表讚歎	waa1
8251	嘩	哗	waa1 象聲詞，水流聲；同譁字	waa1 象聲詞，水流聲；同譁字	1)waa1:同譁 2)waa4:象聲詞
8252	譁	哗	waa1 譁然，喧譁	waa1 譁然，喧譁	waa1
8253	娃	娃	waa1 娃娃,(白)waa2 娃[wa21]～崽，嬰兒；阿～，暱稱小孩	waa1 娃娃,(白)waa5 娃[wa21]～，嬰兒	waa1
8254	樺	桦	waa4 樺樹	waa4 樺樹	waa4；(又)waa6
8255	窪	洼	waa1	waa1	waa1
8256	畫	画	(白)waa2 名詞，圖畫,waak6 動詞，畫圖,(文)waa6 畫眉鳥，易受後字調類化爲陽平	waa6 名詞，圖畫，畫眉鳥；動詞，畫圖	1)waa6:圖畫 2)waak6:畫個圈；(語)waa2圖畫
8257	蛙	蛙	waa1 青蛙，蛙泳,(白)kwe2 小青蛙，擬小蛙鳴聲得名，與蛙同源，上古支部，俗字𧊅	waa1 青蛙，蛙泳,(白)kwe2 ～子，小青蛙，擬小蛙鳴聲得名，與蛙同源，上古支部，俗字𧊅	waa1
8258	話	话	waa6 講話，話題，白話,(白)waa2 話劇	waa6 講話，話劇，平話	waa6
8259	踝	踝	waa5	waa5	waa5
8260	鏵	铧	waa4	waa4	waa4
8261	驊	骅	waa4	waa4	waa4
8262	咼	呙	waa1 嘴歪斜,go1 姓	waa1 嘴歪斜,gu1 姓	waa1,gwo1
8263	窊	窊	waa1	waa1	waa1
8264	觟	觟	waa6 有角母羊,haai5 觟䚦	waa6 有角母羊,haai5 觟䚦	waa6,haai6
8265	畖	畖	waa1	waa1	waa1
8266	喎	㖞	waa1 同咼字，嘴歪,wo3 語氣詞，表提醒、醒悟或出人意料，新嘅博物館現在好靚啊～、都算你係長壽咯～，實爲噃[pɔ33]的弱讀（即[p-]➔[w-]），噃已不用,(又)wo1 變調，語氣詞，表肯定或讚歎，間屋整得靚～！	waa1 同咼字，嘴歪,wo2 語氣詞，表提醒、醒悟、出人意料、肯定或讚歎，進而弱讀爲[wə33]，明日你要來～、渠學習成績好～，實爲噃[po33]的弱讀（即[p-]➔[w-]），噃已不用	waa1,wo3,wo5
8267	崋	崋	waa4,(又)waa6	waa4,(又)waa6	waa6
8268	搳	搳	waa4 搳拳,hat6 擖也	waa4 搳拳,hat6 擖也	waa1,hat6
8269	壞	坏	waai6	waai6	waai6
8270	懷	怀	waai4	waai4	waai4
8271	槐	槐	waai4	waai4	waai4
8272	歪	歪	waai1 俗字，歪曲，歪斜，本字竵,(訓)me2 斜，本字佊，俗字乜	waai1 俗字，歪曲，歪斜，本字竵,(訓)me2 斜，本字佊，俗字乜	waai1
8273	淮	淮	waai4	waai4	waai4
8274	耲	耲	waai4	waai4	waai4
8275	惑	惑	waak6	huk6	waak6
8276	或	或	waak6 或者，或許，弱讀爲[wa22]	huk6 或者，或許	waak6
8277	掝	掝	waak6 裂開,kwik1 破裂聲,(語)wak6 假借字，～手，招手，疑本字劃,(語)jak6 假借字，移～，不穩重，本字不明	huk6 裂開,kwik2 破裂聲,(語)waak5 假借字，～手，招手，疑本字劃,(語)jak6 假借字，浮[pɐu21]遊踣～，遊手好閒，本字不明	waak6,kwik1
8278	劃	划	waak6 計劃，劃分	waak6 計劃，劃分	waak6
8279	獲	获	(白)waak6 獲得,(文)wok6	wiak6 獲得	wok6
8280	穫	获	(白)waak6 收穫,(文)wok6	wiak6 收穫	wok6
8281	嚄	嚄	(白)waak6 嚄唶,o2 嘆詞,ho1 嘆詞,(文)wok6	wiak6 嚄唶,o5 嘆詞,ho1 嘆詞	wok6,o2,ho1
8282	嫿	婳	waak6	wiak6	waak6
8283	砉	砉	waak6	wiak6	waak6
8284	騞	𬴃	waak6 騞然	wiak6 騞然	waak6
8285	謋	𰵼	waak6	wiak6	waak6
8286	㩇	㩇	waak6 擘也,zaak3 裂聲,(訓)slaak1 ～開邊[pɛn55]，剖成兩半，本字不明	wiak6 擘也,ziak2 裂聲,(訓)slaak3 （樹枝等）折斷，本字不明	waak6
8287	籰	籰	(白)waak6 收絲器,(文)wok6	wiak6 收絲器	wok6
8288	㗲	𠵾	waak6	wiak6	waak1
8289	𦑌	𦑌	waak6 飛聲,(語)fak6 跳～～，（脈搏）跳動貌	wiak6 飛聲	waak6
8290	頑	顽	waan4 頑童，冥頑,(又)ngaan4,(訓)maan4 ～皮，～固，訓讀蠻	ngaan4 頑童，冥頑,(訓)maan4 ～皮，～固，訓讀蠻	waan4
8291	宦	宦	waan6	waan6	waan6
8292	幻	幻	waan6	waan6	waan6
8293	彎	弯	waan1	waan1	waan1
8294	患	患	waan6	waan6	waan6
8295	挽	挽	waan5 挽留，挽手，挽住,(白)wen5 罕讀,(白)waan2 挽手，挽住	waan2 挽留，挽手，挽住	waan5
8296	輓	挽	waan5 輓聯，輓歌	waan2 輓聯，輓歌	waan5
8297	灣	湾	waan1	waan1	waan1
8298	玩	玩	(白)waan2 玩耍，玩笑；玩世，古玩,(文)waan6,(書)wun6 玩世，古玩	waan6 玩耍，玩笑；玩世，古玩,(書)wun6 玩世，古玩	1)wun6:玩弄 2)waan4:玩耍
8299	環	环	waan4 環境，循環,(白)wen4 耳環	waan4 環境，耳環	waan4
8300	還	还	waan4 〈副〉還有，還是,(白)wen4 〈動〉還錢，還原；用在動詞後作趨向補語，相當於回，樹一斬就長～、方向盤打～方向、衫褲收～返來；〈連〉連用表互不相干，講～講，做～做，或表讓步，我去～去，但冇食飯	waan4 〈副〉還有，還是；〈動〉還錢，還原；〈連〉連用表互不相干，渠～渠，我～我	waan4；通旋
8301	綰	绾	waan2	waan2	waan2
8302	豢	豢	waan6	waan6	waan6
8303	寰	寰	waan4	waan4	waan4
8304	漶	漶	waan6	waan6	waan6
8305	繯	缳	waan6 投繯，繯首,(又)waan4	waan6 投繯，繯首,(又)waan4	waan4,waan6
8306	鬟	鬟	waan4	waan4	waan4
8307	壪	塆	waan1	waan1	waan1
8308	䴉	鹮	waan4	waan4	waan4
8309	嬛	嬛	waan4 琅嬛,king4 美好；同煢字,hyun1 便嬛	waan4 琅嬛,ging4 美好；同煢字,hyun1 便嬛	waan4,king4,hyun1
8310	澴	澴	waan4	waan4	waan4
8311	鍰	锾	waan4	waan4	waan4
8312	鐶	镮	waan4	waan4	waan4
8313	闤	阛	waan4	waan4	waan4
8314	轘	𮝹	waan4 轘轅,waan6 轘刑	waan4 轘轅,waan6 轘刑	waan4,waan6
8315	橫	横	waang4 橫豎；蠻橫，古讀去聲,(語)waang1 搞～，搞砸	wiang4 橫豎；蠻橫，古讀去聲	waang4
8316	斡	斡	waat3 斡旋；地名，陸斡鎮（在武鳴縣）	waat2 斡旋；地名，陸斡鎮（在武鳴縣）	waat3；(少數民族名)wo1達斡爾
8317	嗗	嗗	waat3 飲聲,gut6 象聲詞，飲聲，～～聲，吞咽聲，引申作喝，～茶，喝茶，～酒，飲酒,(又)got6 ～～聲，吞咽聲；～酒，飲酒	waat2 飲聲,gut6 象聲詞，飲聲，引申作喝,(又)got6,(又)got3	gut6
8318	遺	遗	wai4 遺失,(古)wai6 贈也,(又)ji4	ji4 遺失,(古)wai6 贈也,(又)jyu4	wai4；(古)wai6遺贈
8319	揮	挥	(白)wai1 揮手，指揮,(文)fai1	kwai1 揮手，指揮；～春，春聯,(又)wai1 揮手	fai1
8320	輝	辉	(白)wai1 光輝，輝煌,(文)fai1	kwai1 光輝，輝煌,(又)wai1	fai1
8321	麾	麾	(白)wai1,(文)fai1	kwai1,(又)wai1	fai1
8322	翬	翚	(白)wai1,(文)fai1	kwai1,(又)wai1	fai1
8323	隳	隳	(白)wai1,(文)fai1	kwai1,(又)wai1	fai1
8324	暉	晖	(白)wai1,(文)fai1	kwai1,(又)wai1	fai1
8325	撝	㧑	(白)wai1,(文)fai1	kwai1,(又)wai1	fai1
8326	褘	袆	(白)wai1,(文)fai1	kwai1,(又)wai1	fai1,wai4
8327	煇	𪸩	(白)wai1,(文)fai1	kwai1,(又)wai1	fai1
8328	偉	伟	wai2 偉大，雄偉	wai2 偉大，雄偉	wai5
8329	位	位	wai6 位置，地位，座位,(白)wai2 單位，坐位，一位，各位	wai6 位置，地位，單位	wai6
8330	卉	卉	wai2	wai2	wai2
8331	衛	卫	wai6 保衛，衛生	wai6 保衛，衛生	wai6
8332	唯	唯	wai4 唯獨，唯物論,wai2 唯唯諾諾	wai4 唯獨，唯物論,wai2 唯唯諾諾	1)wai4:同惟 2)wai2:唯唯諾諾
8333	喂	喂	wai3 嘆詞，喚叫聲；同餧/餵字,wai1 恐也；嘆詞，表反感，常讀高降調[wɐi53]，～！到底邊個加叻？,(語)wai2 句首爲嘆詞，表引起注意，句末爲語氣詞，表祈使或疑問	wai3 嘆詞，喚叫聲,wai1 恐也,wui3 同餧/餵字,(語)wai5 句首爲嘆詞，表引起注意，句末爲語氣詞，表祈使或疑問	wai3
8334	圍	围	wai4	wai4	wai4
8335	委	委	wai2 委託,wai1 虛與委蛇	wai2 委託,wai1 虛與委蛇	1)wai2:委屈 2)wai1:虛與委蛇ji4
8336	威	威	wai1	wai1	wai1
8337	尉	尉	wai3 太尉,wat1 尉遲（複姓）	wai3 太尉,wat2 尉遲（複姓）	1)wai3:太尉 2)wat1:尉遲
8338	帷	帷	wai4	wai4	wai4
8339	惟	惟	wai4 惟恐	wai4 惟恐	wai4
8340	惠	惠	wai6	wai6	wai6
8341	慧	慧	wai6 智慧，慧眼,(常)wai3 智慧，前字調類化	wai6 智慧，慧眼	wai6
8342	慰	慰	wai3	wai3	wai3
8343	毀	毁	wai2 毀滅	wai2 毀滅	wai2
8344	燬	毁	wai2 焚燬	wai2 焚燬	wai2
8345	畏	畏	wai3	wai3	wai3
8346	穢	秽	wai3	wai3	wai3
8347	緯	纬	wai2	wai2	wai5
8348	維	维	wai4 維護	wai4 維護	wai4
8349	胃	胃	wai6	wai6	wai6
8350	葦	苇	wai4 蘆葦，葦蓆，讀同韋	wai4 蘆葦，葦蓆，讀同韋	wai5
8351	萎	萎	wai2 枯萎，萎縮，氣萎	wai2 枯萎，萎縮，氣萎	1)wai1:哲人其萎 2)wai2:枯萎
8352	蔚	蔚	wai3 蔚然,wat1 地名，蔚縣（在河北）	wai3 蔚然,wat2 地名，蔚縣（在河北）	wai3；wat1蔚縣
8353	諱	讳	wai6	wai6	wai5
8354	謂	谓	wai6	wai6	wai6
8355	違	违	wai4	wai4	wai4
8356	蝟	猬	wai6 刺蝟，蝟集,(常)wai3 刺蝟，前字調類化	wai6 刺蝟，蝟集	wai6
8357	爲	为	wai4 作爲；〈語〉計算，～過，算起來，～得過，划得來，～冇過，划不來,wai6 爲了,(白)wai1 難爲	wai4 作爲；〈語〉計算，～得過（做得過），划得來，～冇過（做冇過），划不來,wai6 爲了	1)wai4:人爲 2)wai6:爲了
8358	喟	喟	wai6 喟嘆，讀同胃/謂	wai6 喟嘆，讀同胃/謂	wai2
8359	彗	彗	wai6	wai6	seoi6,wai6
8360	渭	渭	wai6	wai6	wai6
8361	猥	猥	wai3 猥瑣，讀同畏	wai3 猥瑣，讀同畏	wai2；(又)wui1
8362	痿	痿	wai2	wai2	wai2
8363	蕙	蕙	wai6	wai6	wai6
8364	諉	诿	wai2	wai2	wai2
8365	闈	闱	wai4	wai4	wai4
8366	韋	韦	wai4	wai4	wai5；(又)wai4
8367	崴	崴	wai1 崴嵬；崴子	wai1 崴嵬；崴子	wai1
8368	幃	帏	wai4	wai4	wai4
8369	恚	恚	wai6	wai6	wai6
8370	潿	涠	wai4	wai4	wai4
8371	濰	潍	wai4	wai4	wai4
8372	煒	炜	wai2	wai2	wai5
8373	瑋	玮	wai2	wai2	wai5
8374	葳	葳	wai1	wai1	wai1
8375	虺	虺	wai2 虺蛇,fui1 虺隤	wai2 虺蛇,hui1 虺隤	wai2,fui1
8376	蟪	蟪	wai6	wai6	wai6
8377	逶	逶	wai1	wai1	wai1
8378	霨	霨	wai3	wai3	wai3
8379	韙	韪	wai2	wai2	wai5
8380	橞	橞	wai6	wai6	wai6
8381	煟	煟	wai6	wai6	wai6
8382	碨	碨	wai2 碨磊,wai3 石磨	wai2 碨磊,wai3 石磨	wai2,wai3
8383	翽	翙	wai3	wai3	wai3
8384	湋	𣲗	wai4	wai4	wai4
8385	暐	𬀩	wai2	wai2	wai5
8386	譓	𬤝	wai6	wai6	wai6
8387	鏏	𬭬	wai6	wai6	wai6
8388	琟	琟	wai4	wai4	wai4
8389	螱	螱	wai3	wai3	wai3
8390	䲁	鳚	wai3	wai3	wai3
8391	𠅤	𠅤	wai6	wai6	wai6
8392	蔿	𫇭	wai2	wai2	wai2
8393	憓	憓	wai6	wai6	wai6
8394	譭	毁	wai2 詆譭	wai2 詆譭	wai2
8395	溾	溾	wai1 溾浽,(語)wui1 溾浽（污穢、骯髒），又作渨涹	wai1 溾浽,(語)wui1 溾浽（污穢、骯髒），又作渨涹	waai1,wui6
8396	潓	潓	wai6	wai6	wai6
8397	骫	骫	wai2	wai2	wai2
8398	韡	𮧵	wai2	wai2	wai5
8399	媁	媁	wai1 好看、漂亮，～水，俗字威	wai1 好看、漂亮，～水，俗字威	wai4
8400	餵	喂	wai3 餵養，餵飯	wui3 餵養，餵飯	wai3
8401	餧	餧	wai3 餧飯，後作餵,nui5 同餒字	wui3 餧飯，後作餵,nui5 同餒字	wai3,neoi5
8402	混	混	(白)wan2 相混，混合，混亂,(文)wan6 混帳，矇混,(語)kwan2 ～社會，出去～，～喺一起，讀同緄	(白)kwan2 相混，混合，混亂，讀同緄,(文)wan6 混帳，矇混	wan6
8403	云	云	wan4 詩云，人云亦云	wan4 詩云，人云亦云	wan4
8404	雲	云	wan4 彩雲，雲集	wan4 彩雲，雲集	wan4
8405	允	允	wan5 允許，應允,(罕)jan5	wan5 允許，應允,(又)jan5	wan5
8406	勻	匀	wan4 均勻，勻稱,(罕)jan4	wan4 均勻，勻稱	wan4
8407	婚	婚	(白)wan1 結婚，婚姻,(文)fan1	wan1 結婚，婚姻	fan1
8408	昏	昏	(白)wan1 昏迷，黃昏，昏暗；～～沉沉，頭腦不清醒，～～七七，暈頭轉向，七七當爲襯字，元曲寫法，如炒炒七七,(文)fan1	wan1 昏迷，黃昏，昏暗；～嗲[te21]嗲[te21]，暈頭轉向、頭暈不舒服	fan1
8409	暈	晕	(形)wan4 頭暈,(動)wan1 暈車，暈倒，源自昏,(名)wan6 日暈	wan1 〈形〉頭暈；〈動〉暈車，暈倒，源自昏,(名)wan6 日暈	1)wan6:日暈 2)wan4:頭暈
8410	渾	浑	wan4 渾濁，渾身，渾然	wan4 渾濁，渾身，渾然	wan4
8411	溫	温	wan1 溫習，體溫,(白)wan2 尋找，俗字搵，抑或受搵字形影響，導致此字義讀彼字音；案，《篆隸萬象名義》尋也，《正字通》朱註訓尋繹，《江湖尺牘分韻撮要合集》尋繹也	wan1 溫習，體溫	wan1
8412	燻	熏	(白)wan1 煙燻，燻肉，與爩對轉,(文)fan1	wan1 煙燻，燻肉，與爩對轉	fan1
8413	瘟	瘟	wan1	wan1	wan1
8414	穩	稳	wan2	wan2	wan2
8415	耘	耘	wan4	wan4	wan4
8416	葷	荤	(白)wan1,(文)fan1	wan1	fan1
8417	蘊	蕴	wan3	wan3	wan5；(又)wan3
8418	運	运	wan6	wan6	wan6
8419	醞	酝	wan3	wan3	wan5；(又)wan3
8420	隕	陨	wan5	wan5	wan5
8421	韻	韵	wan6	wan6	wan6
8422	魂	魂	wan4 鬼魂，魂魄；後綴成分，鬼～都失/折[ʃit2]、鬼～啊失/折[ʃit2]，極了，也省略作鬼魂、鬼魂失	wan4 鬼魂，魂魄；失～鬼，指怕事的人	wan4
8423	勳	勋	(白)wan1 功勳，勳章,(文)fan1	wan1 功勳，勳章	fan1
8424	熏	熏	(白)wan1 熏陶，熏風,(文)fan1	wan1 熏陶，熏風	fan1
8425	尹	尹	wan5 姓,(罕)jan5	wan5 姓,(又)jan5	wan5
8426	慍	愠	wan3 慍色，慍怒	wan3 慍色，慍怒,(語)wat6 憋，～氣，憋氣、有怨氣，疑本字屈	wan3
8427	熨	熨	wan6 熨斗，本字熅,wat1 熨帖,(訓)tong3 熨斗，訓讀燙，另一說訓讀摥	wan6 熨斗，本字熅,wat2 熨帖,(訓)taang3 熨斗，訓讀燙，另一說訓讀摥	tong3；通燙；熨斗又讀wan6；熨貼又讀wat1
8428	琿	珲	wan4 玉名；琿春市,(白)wai1 璦琿,(文)fai1 璦琿	wan4 玉名；琿春市,kwai1 璦琿,(又)wai1 璦琿	1)wan4:琿春縣 2)fai1:璦琿
8429	筠	筠	wan4 筠竹,gwan1 地名，筠連（在四川）	wan4 筠竹,kwan1 地名，筠連（在四川）	wan4；(縣名)gwan1筠連
8430	紜	纭	wan4	wan4	wan4
8431	薰	薰	(白)wan1 薰衣草，薰香,(文)fan1	wan1 薰衣草，薰香	fan1
8432	醺	醺	(白)wan1,(文)fan1	wan1	fan1
8433	餛	馄	wan4 餛飩	wan4 餛飩	wan4
8434	惲	恽	wan6	wan6	wan6
8435	昀	昀	wan4	wan4	wan4
8436	曛	曛	(白)wan1,(文)fan1	wan1	fan1
8437	殞	殒	wan5	wan5	wan5
8438	氳	氲	wan1 氤氳，氛氳	wan1 氤氳，氛氳	wan1
8439	溷	溷	wan6	wan6	wan6
8440	狁	狁	wan5	wan5	wan5
8441	芸	芸	wan4 芸香，芸芸	wan4 芸香，芸芸	wan4
8442	蕓	芸	wan4 蕓薹	wan4 蕓薹	wan4
8443	諢	诨	wan6	wan6	wan6
8444	贇	赟	wan1	wan1	wan1
8445	鄆	郓	wan6	wan6	wan6
8446	鄖	郧	wan4	wan4	wan4
8447	鋆	鋆	wan4 金,(白)kwan1 人名用字,(文)gwan1	wan4 金,kwan1 人名用字	gwan1,wan4
8448	閽	阍	(白)wan1,(文)fan1	wan1	fan1
8449	韞	韫	wan3	wan3	wan3
8450	妘	妘	wan4	wan4	wan4
8451	惛	惛	wan1 糊塗	wan1 糊塗	fan1,man5
8452	沄	沄	wan4	wan4	wan4
8453	澐	沄	wan4	wan4	wan4
8454	溳	涢	wan4	wan4	wan4
8455	熅	煴	wan1 無焰的火,wan6 熨	wan1 無焰的火,wan6 熨	wan1,wan6
8456	獯	獯	(白)wan1,(文)fan1	wan1	fan1
8457	篔	筼	wan4	wan4	wan4
8458	縕	缊	wan1 絪縕,wan3 亂麻；舊絮	wan1 絪縕,wan3 亂麻；舊絮	wan1,wan3
8459	薀	蕰	wan1 水草名,wan3 通蘊字，積聚	wan1 水草名,wan3 通蘊字，積聚	wan1,wan3
8460	轀	辒	wan1	wan1	wan1
8461	馧	馧	wan1 香,wat1 馧馞	wan1 香,wat2 馧馞	wan1,wat1
8462	纁	𫄸	(白)wan1,(文)fan1	wan1	fan1
8463	頵	𫖳	wan1,(又)gwan1	wan1,(又)gwan1	gwan1,wan1
8464	鰮	鳁	wan1	wan1	wan1
8465	勛	勋	(白)wan1 勳的古字,(文)fan1	wan1 勳的古字	fan1
8466	圂	圂	wan6	wan6	wan6
8467	搵	揾	wan2 沒也；〈語〉俗字，找，本字溫，《篆隸萬象名義》尋也，《正字通》朱註訓尋繹，《江湖尺牘分韻撮要合集》尋繹也,wan3 按、壓	wan2 沒也,wan3 按、壓	wan3,wan2
8468	畇	畇	wan4	wan4	wan4
8469	撔	撔	wang6 橫也；〈語〉繞道、抄近路，或爲屈路行的合音，又或暀[kʷɐŋ22]（圈、繞）的音變	wiang6 橫也,(語)waang5 繞道、抄近路，或爲屈路行的合音，又或暀[kʷɐŋ22]（圈、繞）的音變	wang6
8470	屈	屈	wat1 委屈，屈服；姓；～路行，繞道走；～頭雞，未孵出殼死在蛋裏的小雞兒；困、囚禁，～喺屋，悶在家,(白)gwat6 禿、不尖，～袖，短袖，～頭巷，死衚衕，俗字倔/掘/橛	wat2 委屈，屈服；姓；～着腳，扭傷腳；～頭雞，未孵出殼死在蛋裏的小雞兒,(白)gwat6 禿、不尖，～頭巷，死衚衕，俗字倔/掘/橛	wat1
8471	鬱	郁	wat1 憂鬱	wat2 憂鬱	wat1
8472	聿	聿	wat6,(又)lat6,(又)lyut6	wat6,(又)lat5	wat6；(俗)leot6
8473	菀	菀	wat1 茂盛,jyun2 紫菀	wat2 茂盛,jyun2 紫菀	wat1,jyun2
8474	鷸	鹬	wat6	wat5	wat6
8475	潏	潏	wat6 水流貌	wat5 水流貌	wat6
8476	燏	燏	wat6	wat5	wat6
8477	矞	矞	wat6	wat5	wat6
8478	膃	腽	wat1	wat2	wat1
8479	詘	诎	wat1 辭塞；彎曲,cyut1 同黜字,(又)cat1	wat2 辭塞；彎曲,cat2 同黜字	wat1,zeot1
8480	遹	遹	wat6	wat5	wat6
8481	㳚	㳚	wat1	wat2	wat1
8482	䓛	䓛	wat1,(又)gwat1	wat2,(又)gwat2	wat1,gwat1
8483	榲	榅	wat1,(又)wan1	wat2,(又)wan1	wan1,wat1
8484	抇	抇	wat6 同搰字，掘也；〈語〉攪動	wat6 同搰字，掘也,(語)wat5 攪動，～糨糊，攪糨糊	wat6
8485	搰	搰	wat6 掘也；擾亂,fat1 搰搰	wat6 掘也；擾亂,wat2 搰搰	wat6,fat1
8486	爩	爩	wat1 煙氣；〈語〉燻，與燻對轉，俗字煀	wat2 煙氣；〈語〉燻，與燻對轉，俗字煀	wat1
8487	搲	搲	(白)we2 撓，抓,(文)waa2	(白)we2 撓，抓,(文)waa2	waa2,we2
8488	鯇	鲩	(白)wen5 鯇魚,(文)waan5	waan5 鯇魚	waan5
8489	滑	滑	(白)wet6 地滑，光滑,gwat1 滑稽,(文)waat6 滑冰，滑雪；〈又〉滑稽,(語)wet1 ～魚，黃鱔；魚～～，魚兒，童語	waat6 地滑，滑冰；〈又〉滑稽,gwat2 滑稽,(語)waat3 生～～，（雞、魚等）活蹦亂跳	waat6；(古)gwat1滑稽
8490	猾	猾	(白)wet6 狡猾,(文)waat6	waat6 狡猾	waat6
8491	挖	挖	(白)wet3,(文)waat3	(白)wet2,(文)waat2	waat3
8492	域	域	wik6 區域，領域,(又)jik6	wik5 區域，領域	wik6
8493	蜮	蜮	wik6	wik5	wik6
8494	閾	阈	wik6	wik5	wik6
8495	棫	棫	wik6	wik5	wik6
8496	詠	咏	wing5 歌詠，詠歎，讀同永	wing5 歌詠，詠歎，讀同永	wing6
8497	永	永	wing5	wing5	wing5
8498	泳	泳	wing5 游泳，泳裝，讀同永	wing5 游泳，泳裝，讀同永	wing6
8499	穎	颖	wing5,(又)jing2	wing5,(又)jan5	wing6
8500	潁	颍	wing5,(又)jing2	wing5,(又)jan5	wing6
8501	栐	栐	wing5	wing5	wing5
8502	咏	咏	wing5 同詠字	wing5 同詠字	wing6
8503	和	和	wo4 和平，和氣，和棋；和麪,wo6 附和，唱和,wu4 打麻將和牌，又作胡牌,(語)ho4 連詞、介詞，我和你，官話借詞	ho4 和平，和氣，和棋；和麪,ho6 附和，唱和,hu4 打麻將和牌，又作胡牌；〈又〉和氣，和尚,(語)ho3 暖～～，暖烘烘	1)wo4:和氣 2)wo6:和詩
8504	龢	龢	wo4	ho4,(又)hu4	wo4
8505	禾	禾	wo4 禾苗，禾稈（稻稈），禾鐮（鐮刀）；～線，稻穗，又稱穀線	hu4 禾苗，禾稈（稻稈），禾鐮（鐮刀）	wo4
8506	盉	盉	wo4	hu4	wo4
8507	渦	涡	wo1 漩渦,go1 渦河	o1 漩渦,gu1 渦河	wo1；(地名)gwo1渦河
8508	禍	祸	wo6 禍害，災禍	o6 禍害，災禍	wo6
8509	窩	窝	wo1	o1	wo1
8510	蝸	蜗	wo1	o1	wo1
8511	倭	倭	wo1 倭寇,(古)wai1 倭遲,(古)wo2 倭墮	o1 倭寇,(古)wai1 倭遲,(古)o2 倭墮	wo1；(古)wai1倭遲
8512	萵	莴	wo1 萵筍，萵苣	o1 萵筍，萵苣	wo1
8513	媧	娲	wo1	o1	wo1
8514	踒	踒	wo1 踒腳	o1 踒腳	wo1
8515	涴	涴	wo3 污染；弄髒,jyun2 涴演,jyun1 地名，涴市（在湖北）,(訓)wo5 ～蛋，散黃蛋、變質蛋，本字毈，杜果切，聲母脫落，與撾/蝸/媧音變類似	o3 污染；弄髒,jyun2 涴演,jyun1 地名，涴市（在湖北）,(訓)o5 ～蛋，散黃蛋、變質蛋，本字毈，杜果切，聲母脫落，與撾/蝸/媧音變類似	wo3
8516	捰	捰	wo2 摘也,lo3 理也,lo2 廝捰	o2 摘也,lo3 理也；〈語〉倒，～垃圾，倒垃圾,lo2 廝捰	wo2
8517	䰀	䰀	wo2	o2	wo2
8518	𤆏	𤆏	wo3	o3 蒐集成堆來燒，～草	wo3
8519	矱	矱	wok3	uk2	wok3
8520	蠖	蠖	wok6	wiak6	wok6
8521	濩	濩	wok6 煮,wu6 布散	wiak6 煮,hu6 布散	wok6,wu6
8522	彠	彟	wok6	wiak6	wok6
8523	鸌	鹱	wok6	wiak6	wok6
8524	鑊	镬	wok6 鍋；量詞，一～菜，一鍋菜	wuk6 鍋；量詞	wok6
8525	凰	凰	wong4	hung4	wong4
8526	惶	惶	wong4	hung4	wong4
8527	旺	旺	wong6 興旺，旺盛,(白)gwang6 月～，月暈，日～，日暈，云母讀如群母，又作暀字	hung6 興旺，旺盛；〈語〉捧場，渠娶老婆我哋去～哈下（捧捧場）,(白)gwaang2 月～，月暈，日～，日暈，云母讀如群母，又作暀字	wong6
8528	煌	煌	wong4	hung4	wong4
8529	王	王	wong4 王朝,(古)wong6 王天下	hung4 王朝,(古)hung6 王天下	wong4；(古)wong6王天下
8530	皇	皇	wong4	hung4	wong4
8531	簧	簧	wong4 彈簧	hung4 彈簧	wong4
8532	蝗	蝗	wong4	hung4	wong4
8533	黃	黄	wong4	hung4	wong4
8534	徨	徨	wong4	hung4	wong4
8535	璜	璜	wong4	hung4	wong4
8536	篁	篁	wong4	hung4	wong4
8537	遑	遑	wong4	hung4	wong4
8538	隍	隍	wong4	hung4	wong4
8539	湟	湟	wong4	hung4	wong4
8540	潢	潢	wong4	hung4	wong4
8541	蟥	蟥	wong4 螞蟥	hung4 螞蟥	wong4
8542	鰉	鳇	wong4	hung4	wong4
8543	喤	喤	wong4	hung4	wong4
8544	媓	媓	wong4	hung4	wong4
8545	艎	艎	wong4	hung4	wong4
8546	鍠	锽	wong4	hung4	wong4
8547	瑝	瑝	wong4 玉聲	hung4 玉聲	waang4
8548	癀	癀	wong4	hung4	wong4
8549	鐄	𨱑	wong4 大鐘	hung4 大鐘	wong4
8550	磺	磺	wong4 硫磺，磺胺，磺化反应	hung4 硫磺，磺胺，磺化反应	wong4
8551	餭	𫗮	wong4	hung4	wong4
8552	往	往	wong5	ung5	wong5
8553	枉	枉	wong2	ung2	wong2
8554	汪	汪	wong1 汪洋，水汪汪；姓,(語)wau1 象聲詞，狗吠聲，狗～～	ung1 汪洋，水汪汪；姓,(語)wau3 象聲詞，狗吠聲，狗～～	wong1
8555	尪	尪	wong1	ung1	wong1
8556	暀	暀	wong5 光；德；是,wong6 同旺字,(白)gwang6 量詞，圈、繞；名詞，月～，月暈，日～，日暈，云母讀如群母，即旺字，日暈	ung5 光；德；是,hung6 同旺字,(白)gwang6 量詞，圈、繞；名詞，眼～，眼圈兒,(白)gwaang2 名詞，月～，月暈，日～，日暈，云母讀如群母，即旺字，日暈	wong5,wong6
8557	乎	乎	wu4 幾乎，在乎；〈語〉貌[mau55/ma55]～，副詞，頗、蠻，貌似乎之省且語流音變，又弱讀爲貌啊[a22]，俗作貓胡/嗎胡/貓啊/嗎啊,fu1 同呼字	hu4 幾乎，在乎；〈語〉貌[ma53]～，副詞，頗、蠻，貌似乎之省且語流音變，俗作嗎胡,hu1 同呼字	fu4
8558	互	互	wu6 互相，相互,(常)ng6 俗讀，匣母讀如疑母	hu6 互相，相互,(老派)ngu6 俗讀，匣母讀如疑母,(又)ng6 俗讀，匣母讀如疑母	wu6
8559	壺	壶	wu4	hu4	wu4
8560	弧	弧	wu4	hu4	wu4
8561	戶	户	wu6	hu6	wu6
8562	護	护	wu6	hu6	wu6
8563	滬	沪	wu6	hu6	wu6
8564	湖	湖	wu4	hu4	wu4
8565	狐	狐	wu4	hu4	wu4
8566	糊	糊	wu4 糊塗，芝麻糊	hu4 糊塗，芝麻糊	wu4
8567	胡	胡	wu4 胡琴	hu4 胡琴	wu4
8568	鬍	胡	wu4 鬍鬚	hu4 鬍鬚	wu4
8569	葫	葫	wu4 葫蘆,(白)ku4 葫蘆，又作瓠字，匣母讀如群母	hu4 葫蘆	wu4
8570	蝴	蝴	wu4	hu4	wu4
8571	扈	扈	wu6	hu6	wu6
8572	瑚	瑚	wu4	hu4	wu4
8573	瓠	瓠	wu4 瓠蘆，同葫蘆,wu6 瓠瓜，瓠子,wok6 瓠落,(白)ku4 瓠蘆，即葫蘆，匣母讀如群母；〈又〉瓠瓜,(訓)pu4 瓠瓜，同蒲瓜，蒲實爲浮	hu4 瓠蘆，同葫蘆,hu6 瓠瓜，瓠子,huk6 瓠落,(白)gu6 瓠子瓜，匣母讀如群母	wu6
8574	怙	怙	wu6	hu6	wu6
8575	猢	猢	wu4	hu4	wu4
8576	祜	祜	wu2	hu2	wu2
8577	醐	醐	wu4	hu4	wu4
8578	鶘	鹕	wu4	hu4	wu4
8579	煳	煳	wu4 燒煳，烤煳	hu4 燒煳，烤煳	wu4
8580	冱	冱	wu6	hu6	wu6
8581	嫭	嫭	wu6	hu6	wu6
8582	岵	岵	wu6	hu6	wu6
8583	昈	昈	wu6	hu6	wu6
8584	鄠	鄠	wu6	hu6	wu6
8585	鱯	鳠	wu6	hu6	wu6
8586	枑	枑	wu6	hu6	wu6
8587	餬	糊	wu4 餬口	hu4 餬口	wu4
8588	衚	胡	wu4 衚衕	hu4 衚衕	wu4
8589	芋	芋	wu6 芋頭，易受後字調類化爲陽平；～蒙，芋葉莖	jyu6 芋頭；～蒙，芋葉莖	wu6
8590	烏	乌	wu1	wu1,(又)u1	wu1
8591	嗚	呜	wu1 嗚呼，嗚咽,(語)u1 ～呼[hu55]，表無奈或幸災樂禍,(語)u3 又音，～呼[hu33]	wu1 嗚呼，嗚咽	wu1
8592	惡	恶	wu3 可惡，厭惡,ok3 善惡，惡人	wu3 可惡，厭惡,aak2 善惡，惡人	1)ok3:惡霸、惡心 2)wu3:可惡 3)wu1:惡可乎
8593	污	污	wu1 污泥，貪污	wu1 污泥，貪污	wu1
8594	汙	污	wu1 同污字	wu1 同污字	waa1,wu1
8595	圬	圬	wu1	wu1	wu1
8596	塢	坞	wu1 山塢，船塢，讀同烏	wu1 山塢，船塢，讀同烏	1)wu2:山塢 2)ou3:船塢
8597	鎢	钨	wu1	wu1	wu1
8598	鄔	邬	wu1	wu1	wu1
8599	靰	靰	wu1	wu1	wu1
8600	洿	洿	wu1	wu1	wu1
8601	會	会	wui6 開會，會議；會計；會稽,wui5 冇～，不會，語流中易變陰去,(白)wui2 社會，會員，委員會，大會堂	wai6 開會，會議，社會；冇～，不會；會計；會稽	1)wui6:會師，會計 2)wui5:學會了；(古)kui2會稽，會計又讀kui2
8602	回	回	wui4	wai4	wui4
8603	迴	回	wui4	wai4	wui4
8604	徊	徊	wui4	wai4	wui4
8605	匯	汇	wui6 匯聚，外匯	wai6 匯聚，外匯	wui6
8606	彙	汇	(習)wui6 詞彙，彙集，讀同匯,(書)wai6	wai6 詞彙，彙集	wai6；(又)wui6,leoi6
8607	繪	绘	wui6	wai6	kui2；(又)kui3
8608	燴	烩	wui6	wai6	wui6
8609	茴	茴	wui4 茴香	wai4 茴香	wui4
8610	蛔	蛔	wui4	wai4	wui4
8611	洄	洄	wui4	wai4	wui4
8612	薈	荟	wui6 蘆薈，薈萃，讀同會	wai6 蘆薈，薈萃，讀同會	wui6
8613	烠	烠	wui4	wai4	wui4
8614	繢	缋	wui6	wai6	kui2
8615	鮰	𫚔	wui4 鮠魚	wai4 鮠魚	wui4
8616	偎	偎	wui1 依偎，偎傍,(又)wai3 讀同畏	wui1 依偎，偎傍,(又)wai3 讀同畏	wui1
8617	煨	煨	wui1 煨番薯	wui1 煨番薯	wui1
8618	隈	隈	wui1	wui1	wui1
8619	鰃	鳂	wui1	wui1	wui1
8620	椳	椳	wui1	wui1	wui1
8621	皖	皖	wun5 安徽	waan5 安徽	wun5
8622	緩	缓	wun5	waan2	wun6
8623	喚	唤	wun6	wan6	wun6
8624	換	换	wun6	wan6	wun6
8625	渙	涣	wun6	wan6	wun6
8626	煥	焕	wun6	wan6	wun6
8627	瘓	痪	wun6	wan6	wun6
8628	奐	奂	wun6	wan6	wun6
8629	逭	逭	wun6	wan6	wun6
8630	婉	婉	wun2 婉轉	wun2 婉轉	jyun2
8631	宛	宛	wun2 宛如,jyun1 古地名，大宛	wun2 宛如,jyun1 古地名，大宛	jyun2；(古地名)jyun1大宛
8632	惋	惋	wun2 惋惜	wun2 惋惜	jyun2
8633	碗	碗	wun2	wun2	wun2
8634	腕	腕	wun2	wun2	wun2
8635	豌	豌	wun2 豌豆	wun2 豌豆	wun2；(又)wun1
8636	剜	剜	wun2	wun2	wun2；(又)wun1
8637	垣	垣	wun4	wun4	wun4
8638	桓	桓	wun4 盤桓；姓,(又)waan4	wun4 盤桓；姓,(又)waan4	wun4
8639	蜿	蜿	wun2 蜿蜒	wun2 蜿蜒	jyun2；(又)jyun1
8640	洹	洹	wun4	wun4	wun4
8641	浣	浣	wun5	wun5	wun2,wun5
8642	萑	萑	wun4	wun4	wun4
8643	妧	妧	wun6 美好貌,jyun4 人名用字	wun6 美好貌,jyun4 人名用字	wun6,jyun4
8644	婠	婠	wun1	wun1	wun1
8645	峘	峘	wun4	wun4	wun4
8646	荁	荁	wun4	wun4	wun4
8647	貆	貆	wun4	wun4	wun4
8648	瓛	𤩽	wun4	wun4	wun4
8649	綄	𬘫	wun4 候風羽,wun5 纏繞	wun4 候風羽,wun5 纏繞	wun4,wun5
8650	㬊	㬊	wun5	wun5	wun6
8651	椀	椀	wun2	wun2	wun2
8652	澣	澣	wun5	wun5	wun5
8653	帵	帵	wun2	wun2	jyun2
8654	活	活	wut6	wat6	wut6
8655	佸	佸	wut6	wat6	wut6
8656	乍	乍	zaa3 乍到，乍暖,(語)slaa6 量詞，一～雨，一陣雨	zaa3 乍到，乍暖,(語)slo6 量詞，一小陣，啱先落了一～雨	zaa3
8657	咋	咋	zaa3 同乍字；咋辦；咋呼,zaak3 大聲；同齚/齰字，咋舌,(白)jaak3 同齚/齰字	zaa3 同乍字；咋辦；咋呼,ziak2 大聲；同齚/齰字，咋舌,(白)jaak3 㕭[jau53]㕭[jau53]～～，吵吵嚷嚷	zaa3
8658	咱	咱	zaa1 北方俗字，自家的合音	zaa1 北方俗字，自家的合音	zaa1
8659	喳	喳	zaa1 擬鳥聲，吱吱喳喳；吱喳蟲（知了）,caa1 擬人聲，嘁嘁喳喳，打喳喳,(白)jaa1 吆～～，叫喳喳,(語)zaa4 豬屎～，喜鵲；詞綴，衝/追/趯～～，急衝/追/跑貌，嘈～～，嘈雜貌，吆～～，叫喳喳,(語)jaa4 吆～～，叫喳喳,(語)ze4 笑～～，笑嘻嘻，吆～～，叫喳喳	zaa1 擬鳥聲，吱吱喳喳,caa1 擬人聲，嘁嘁喳喳，打喳喳,(語)zaa3 ～喇[la55]蟲，蟬	1)zaa1:喳喳叫 2)caa1:打渣渣
8660	抓	抓	(訓)zaa1 握、拿，俗字揸，本字摣/𠭯,zaau2 搔、撓，又側交切,(訓)jaa1 白讀，握、拿,(白)jaau1 搔、撓，俗字撓	(訓)zaa1 握、拿，俗字揸，本字摣/𠭯,zaau2 搔、撓，又側交切,(訓)njaa1 白讀，握、拿,(白)njaau1 搔、撓，俗字撓	zaau2；(又)zaa1
8661	榨	榨	zaa3 榨油	zaa3 榨油	zaa3
8662	渣	渣	zaa1 殘渣，渣滓,(白)jaa1 食～米，窩囊廢、白活；水瓜～，水瓜絡，絲瓜～，絲瓜絡	zaa1 殘渣，渣滓,(白)njaa3 甘蔗～，豆腐～；絲瓜～，絲瓜絡，水瓜～，水瓜絡	zaa1
8663	炸	炸	zaa3 炸彈，本字灹；油炸，本字煠,(白)zeu3 用油炸，本字㷹,(文)zaau3	zaa3 炸彈，本字灹；油炸，本字煠,zaau3 用油炸，本字㷹	zaa3
8664	詐	诈	zaa3	zaa3	zaa3
8665	蚱	蚱	zaa3	zaa3	zaa3
8666	撾	挝	zaa1 敲、打,wo1 老撾，讀同濄/渦	zaa1 敲、打,o1 老撾，讀同濄/渦	zaa1,wo1
8667	楂	楂	zaa1 山楂	zaa1 山楂	zaa1
8668	砟	砟	zaa2 砟子,zaa3 碑石,zok6 砟硌	zaa2 砟子,zaa3 碑石,zaak6 砟硌	zaa2,zaa3,zok6
8669	笮	笮	zaa3 榨酒器,zaak3 狹窄；姓；〈語〉壓，俗字矺/磧,zok6 竹索	zaa3 榨酒器,ziak2 狹窄；姓；〈語〉壓，俗字矺/磧,zaak6 竹索	zaa3,zaak3,zok6
8670	苴	苴	zaa2 土苴；〈語〉劣質的,caa4 枯草,zyu1 苴麻	zaa2 土苴,zaa4 枯草,zyu1 苴麻,(語)zaa5 劣質的	zaa2,caa4,zeoi1
8671	拃	拃	zaa3 張開大拇指與中指測長度（口語用抸）；量詞	zaa3 張開大拇指與中指測長度（口語用抸）；量詞	zaa3
8672	揸	揸	zaa1 同摣/𠭯字，握、拿,(白)jaa1	zaa1 同摣/𠭯字，握、拿,(白)njaa1	zaa1
8673	猹	猹	zaa1	zaa1	zaa1
8674	吒	吒	zaa1 哪吒	zaa1 哪吒	zaa1:木吒
8675	奓	奓	zaa1 地名，奓河、奓山（在湖北）,zaa3 張開	zaa1 地名，奓河、奓山（在湖北）,zaa3 張開	zaa1,zaa3
8676	挓	挓	zaa1	zaa1	zaa1
8677	溠	溠	zaa3	zaa3	zaa3
8678	痄	痄	zaa3 痄腮	zaa3 痄腮	zaa3
8679	髽	髽	zaa1	zaa1	zaa1
8680	鮓	鲊	zaa2 鮓肉	zaa2 鮓肉	zaa2
8681	齇	齇	zaa1	zaa1	zaa1
8682	䃎	䃎	zaa3 地名用字	zaa3 地名用字	zaa3
8683	鮺	鲝	zaa2	zaa2	zaa2
8684	喒	喒	zaa1	zaa1	zaa1
8685	樝	樝	zaa1 山樝，又作山柤	zaa1 山樝，又作山柤	zaa1
8686	煠	煠	zaa3 油炸之炸本字,(白)sep6 用水熬煮，又作渫字,(文)saap6	zaa3 油炸之炸本字,saap6 用水熬煮，又作渫字	zaa3,saap6
8687	苲	苲	zaa2 苲草	zaa2 苲草	zaa3
8688	摣	摣	zaa1 握、拿,(白)jaa1	zaa1 握、拿,(白)njaa1	zaa1
8689	灹	灹	zaa3 火聲	zaa3 火聲	zaa3
8690	𧨊	𧨊	zaa6 𧧝～，囉唆、糾纏	zaa6 𧧝～，囉唆、糾纏	zaa6
8691	債	债	zaai3	zaai3	zaai3
8692	寨	寨	zaai6	zaai6	zaai6
8693	齋	斋	zaai1	zaai1	zaai1
8694	瘵	瘵	zaai3	zaai3	zaai3
8695	砦	砦	zaai6	zaai6	zaai6
8696	䍉	䍉	zaai2	zaai2	zaak3,zaai2
8697	宅	宅	zaak6	ziak6	zaak6
8698	擇	择	zaak6 擇菜，選擇	ziak6 擇菜，選擇	zaak6
8699	擲	掷	zaak6 投擲，古字擿,(又)zik1	ziak6 投擲，古字擿,(又)zaak6 ～陀螺，～色子,(又)zing6 讀同鄭	zaak6
8700	摘	摘	zaak6	ziak2	zaak6
8701	澤	泽	zaak6	ziak6	zaak6
8702	窄	窄	zaak3	ziak2	zaak3
8703	責	责	zaak3	ziak2	zaak3；同債
8704	嘖	啧	zaak3 嘖嘖，嘖有煩言,(語)jaak3 齞[jɛn55]～～，咧嘴；肕[jɛn55]～～，難纏、臉皮厚	ziak2 嘖嘖，嘖有煩言,(語)njaak3 乾～～，水分少	zaak3；嘖有煩言又讀zik1
8705	翟	翟	zaak6 姓,dik6 長尾野雞	ziak6 姓,dik6 長尾野雞	1)zaak6:姓翟 2)dik6:長尾
8706	躑	踯	zaak6 躑躅	ziak6 躑躅	zaak6
8707	磔	磔	zaak6 張也開也	ziak2 張也開也	zaak6
8708	簀	箦	zaak3	ziak2	zaak3
8709	舴	舴	zaak3	ziak2	zaak3
8710	謫	谪	zaak6	ziak2	zaak6
8711	賾	赜	zaak3	ziak2	zaak3
8712	迮	迮	zaak3	ziak2	zaak3
8713	擿	擿	zaak6 搔，撓；投擲，後作擲,tik1 挑出；揭露,(又)zik1	ziak6 搔，撓；投擲，後作擲,tik2 挑出；揭露	zaak6,tik1
8714	蹢	蹢	zaak6 蹢躅，同躑躅,dik1 蹄	ziak6 蹢躅，同躑躅,dik2 蹄	zaak6,dik1
8715	唶	唶	zaak3 嚄唶,ze3 歎聲	ziak2 嚄唶,ze3 歎聲	zaak3,ze3
8716	矺	矺	zaak3 磓也；同磔字,daap3 擲地聲,(語)baap1 摔，隻手錶捱～落地去，手錶被摔落地下，此處端母讀如幫母,(語)paap1 又音，摔聲，𢴬得～～聲，摔打得嘭嘭響,(語)bap1 （把爛泥）用力甩、糊上，攞泥～住，此處端母讀如幫母,(語)pap1 又音，石擲物聲、球破聲	ziak2 磓也；同磔字,daap2 擲地聲,(語)baap3 （把爛泥）用力甩、糊上，～泥上牆，此處端母讀如幫母	zaak3
8717	齰	𫜬	zaak3 齧也，齰舌,(白)jaak3 齧也，今引申作吃（飯），～飯	ziak2 齧也，齰舌	zaak3
8718	泎	泎	zaak6 水落貌	ziak6 水落貌,(白)slaak6 潑、灑，米～出來喇	zaak6
8719	嶄	崭	zaam2	zaam2	zaam2；(又)zaam3
8720	暫	暂	zaam6	zaam6	zaam6
8721	站	站	zaam6 站立；車站	zaam6 站立；車站	zaam6
8722	湛	湛	zaam3	zaam3	zaam3
8723	簪	簪	zaam1	zaam1	zaam1
8724	糌	糌	zaam1 糌粑	zaam1 糌粑	zaam1
8725	鏨	錾	(白)zaam2 鏨花，鏨子,(文)zaam6	zaam6 鏨花，鏨子,(又)zaam5 鏨子	zaam6
8726	偡	偡	zaam3 齊整；打～苗，有序的隊伍或場面突然間亂了	zaam3 齊整	zaam3
8727	寁	寁	zaam2	zaam2	zaam2
8728	蹔	𫏐	zaam6	zaam6	zaam6
8729	䁪	𥇢	zaam2	zaam2	zaam2
8730	棧	栈	(白)zaan2 客棧，棧房,(文)zaan6 棧道，馬棧	zaan6 客棧；棧道,(白)saan6 碗～，碗櫃	zaan6
8731	綻	绽	zaan6 破綻，綻放,(白)zaan3 縫補（鞋子），～花鞋，繡製花鞋，～鞋底，納鞋底，老派用法	zaan6 破綻，綻放	zaan6
8732	賺	赚	zaan6 賺錢，賺取；～得，免得、省得,(白)zaan2 ～得，免得、省得	zaan6 賺錢，賺取	zaan6
8733	讚	赞	zaan3 稱讚，讚揚	zaan3 稱讚，讚揚	zaan3
8734	贊	赞	zaan3 贊助，贊成	zaan3 贊助，贊成	zaan3
8735	昝	昝	zaan2 姓	zaan2 姓	zaan2
8736	瓚	瓒	zaan3	zaan3	zaan3
8737	趲	趱	zaan2 趕路；移、挪；走～，走板、錯位	zaan2 趕路；移、挪；走～，走板、錯位	zaan2
8738	驏	骣	zaan2	zaan2	zaan2
8739	琖	琖	zaan2	zaan2	zaan2
8740	灒	𪷽	zaan3 水濺，又作濽字,(語)daan6 濺,(語)zaan6 又音，濺	zaan3 水濺，又作濽字,(語)zaan6 濺,(語)zaat3 又音，濺，捱汽車～得一身泥水	zaan3
8741	䋎	䋎	zaan6 補縫,(白)daan3 絎、粗縫（被子），～被，做被臥，讀聲符旦，又或上古知組讀如端組遺留,(白)naan3 又音，絎、粗縫（被子）、～被，做被臥，猶似端組旁轉，俗字𦍀	zaan6 補縫,(白)daan3 絎、粗縫（被子），～被，釘被子，～被針，釘被子的針，讀聲符旦，又或上古知組讀如端組遺留	zaan6
8742	䗃	䗃	zaan6 馬䗃	zaan6 馬䗃,(白)ken5 蛾～，螻蛄、土狗	zaan6
8743	㜺	㜺	zaan2 好看、漂亮	(白)zon2 好看、漂亮，亞架電視件～冇～？,(文)zaan2 好看、漂亮，亞件衫夠～喇	zaan2
8744	爭	争	zaang1 爭取，鬥爭；欠、差,(又)caang1 欠、差	ziang1 爭取，鬥爭；欠、差	zang1
8745	㬹	㬹	zaang1 肘、腳跟，俗字踭	ziang1 肘、腳跟，俗字踭，本地稱䐁[tœk3]，腳～	zaang1
8746	䂻	䂻	zaang6 硬塞；撐、飽肚	ziang6 硬塞；撐、飽肚	zaang6
8747	雜	杂	zaap6	zaap6	zaap6
8748	眨	眨	zaap3 眨眼,(白)jap1 眨，～～眼、～眼，又作同源字䁒,(白)jaap3 眨眼	zaap2 眨眼,(白)jaap2 眨，～～眼,(白)zep2 ～眼，擠眼	zaap3；(語)zaam2
8749	閘	闸	zaap6 水閘，閘門，本字牐；馬～，坐具，即馬紮/馬札	zaap6 水閘，閘門，本字牐；馬～，坐具，即馬紮/馬札	zaap6
8750	匝	匝	zaap3 一匝，匝道	zaap2 一匝，匝道,(白)njaap3 ～縐[ȵɐu55]，心裏煩躁；～鬇[ȵɐŋ55]、～鬇[ȵɐŋ55]鬇[ȵɐŋ55]，（頭髮、鬍鬚、麻線、雜草等）多而亂	zaap3
8751	咂	咂	zaap3 咂嘴	zaap2 咂嘴,(白)zep3 ～口脣，咂嘴脣；～相，咂嘴貌	zaap3
8752	鍘	铡	(訓)zaap6 鍘刀，訓讀閘	(訓)zaap6 鍘刀，訓讀閘	zaap6
8753	劄	劄	zaap3 用針劄，劄記；～馬步、～屙屎馬，又作紮/扎字	zaap2 用針劄，劄記；～馬步、～屙屎馬，又作紮/扎字	zaap3,zaat3
8754	抸	抸	zaap3 持也,(白)jaap3 拃，張開大拇指與中指測長度；量詞，一～，一拃	zaap2 持也,(白)njap3 拃，張開大拇指與中指測長度；量詞，一～，一拃	zaap3
8755	牐	牐	zaap6 閉城之門	zaap6 閉城之門	zaap6
8756	𥀈	𥀈	zaap3 皮老,(白)jaap3 皮膚刺癢；發～，心煩	zaap2 皮老,(白)njaap3 皮膚刺癢，癢～～，非常癢	zaap3
8757	扎	扎	zaat3 扎針，掙扎,(語)zaap3 同紮字，～馬步、～屙屎馬，又作劄字,(語)zaap6 同紮字，馬～，坐具，又作閘字，一說本作馬棧，棧爲簀音轉	zaat2 扎針，掙扎,(語)zaap2 同紮字，～馬步、～屙屎馬，又作劄字,(語)zaap6 同紮字，馬～，坐具，又作閘字，一說本作馬棧，棧爲簀音轉	zaat3
8758	紮	扎	zaat3 包紮，駐紮，一紮,(語)zaap3 ～馬步、～屙屎馬，又作劄字,(語)zaap6 馬～，坐具，又作閘字，一說本作馬棧，棧爲簀音轉	zaat2 包紮，駐紮，一紮,(語)zaap2 ～馬步、～屙屎馬，又作劄字,(語)zaap6 馬～，坐具，又作閘字，一說本作馬棧，棧爲簀音轉	zaat3
8759	砸	砸	zaat6 晚起字，砸傷，搞砸，本字㩵	zaat6 晚起字，砸傷，搞砸，本字㩵,(訓)jaat6 （建築物等）下陷，牆腳～喇，訓讀㩵	zaap3
8760	軋	轧	zaat3 碾軋；軋鋼；象聲詞,(語)jaat3 粗～～，粗糙、粗澀	zaat2 碾軋；軋鋼；象聲詞,(語)njaat3 粗～～，粗糙、粗澀	zaat3
8761	札	札	zaat3 筆札，信札	zaat2 筆札，信札	zaat3
8762	哳	哳	zaat3	zaat2	zaat3
8763	拶	拶	zaat3 逼，擠壓,zaan2 拶子	zaat2 逼，擠壓,zaan2 拶子	zaat3,zaan2
8764	蚻	蚻	zaat3 小蟬	zaat2 小蟬	zaat3
8765	甴	甴	zaat6 俗字，曱～，蟑螂，本字甲蚻，前字受後字逆同化,(又)zat6	zaat6 俗字，曱～，蟑螂，本字甲蚻，前字受後字逆同化，又稱臊甲	zaat6
8766	嘲	嘲	zaau1 嘲諷，嘲笑,(又)ciu4 讀同朝/潮	zaau1 嘲諷，嘲笑,(又)ziu4 讀同朝/潮	zaau1
8767	找	找	zaau2 尋找，源自抓,(白)zeu2 找錢	zaau2 尋找，找錢，源自抓	zaau2
8768	啁	啁	zaau1 啁哳；啁嘐,zau1 啁啾,(白)zeu1 吱吱～～，唧唧喳喳	zaau1 啁哳；啁嘐,zau1 啁啾,(白)zeu3 ～嘐[lɛu55]，嘴巴厲害	zau1
8769	劑	剂	zai1 藥劑，一劑藥	zai3 藥劑，一劑藥	zai1
8770	擠	挤	zai1 排擠，擠迫，擁擠；〈語〉放置，老派用法，本字躋,(語)zi1 動詞或形容詞，擁、擁擠，官話借詞,(語)e3 擠靠、套近乎	zai2 排擠，擠迫，擁擠,(語)zai1 攢聚，檯上亞啲嘢～做一起,(語)ze3 動詞或形容詞，擁、擁擠	zai1
8771	濟	济	zai3 經濟,zai2 人才濟濟；濟南	zai3 經濟,zai2 人才濟濟；濟南	1)zai3:救濟 2)zai2:人才濟濟
8772	滯	滞	zai6 停滯，滯留；翳～、肚～，消化不良；罷～，罷了	zai6 停滯，滯留；肚～，消化不良	zai6
8773	祭	祭	zai3 祭祖,zaai3 姓	zai3 祭祖,zaai3 姓	zai3
8774	際	际	zai3	zai3	zai3
8775	霽	霁	zai3	zai3	zai3
8776	齎	赍	zai1	zai1	zai1
8777	躋	跻	zai1 躋身，攀躋；〈語〉放置，老派用法，俗字擠	zai1 躋身，攀躋	zai1
8778	齏	齑	zai1	zai1	zai1
8779	漈	漈	zai3	zai3	zai3
8780	穄	穄	zai3 穄子	zai3 穄子	zai3
8781	隮	𬯀	zai1	zai1	zai1
8782	鰶	𬶭	zai3	zai3	zai3,man5
8783	磜	磜	zai3,(又)cai3	zai3,(又)cai3	zai3
8784	嚌	哜	zai6 嚐,gaai1 嚌嚌	zai6 嚐,gaai1 嚌嚌	zai6
8785	狾	狾	zai3	zai3	zai3
8786	制	制	zai3 制度，制止；〈語〉開關，剎～，制動器，俗字掣	zi3 制度，制止；〈語〉開關，燈～，燈開關，俗字掣	zai3
8787	製	制	zai3 製造，製作	zi3 製造，製作	zai3
8788	掣	掣	zai3 掣肘，風馳電掣，讀同制,(又)cit3 本讀	zi3 掣肘，風馳電掣，讀同制,(又)cyut2 本讀	zai3；風馳電掣又讀cit3
8789	䎺	䎺	zai3 入意；聞也，冇～，不願意，老派用法	zi3 入意；聞也	zai3
8790	側	侧	zak1 側面，兩側	zak2 側面，兩側	zak1
8791	則	则	zak1	zak2	zak1
8792	鯽	鲫	(白)zak1 鯽魚，俗字鰂,(文)zik1	(白)zak2 鯽魚，俗字鰂,(文)zik2	zik1
8793	仄	仄	zak1	zak2	zak1
8794	昃	昃	zak1	zak2	zak1
8795	鰂	鲗	zak1 鯽的俗字,cak6 烏鰂，即烏賊	zak2 鯽的俗字,cak6 烏鰂，即烏賊	zak1,caak6
8796	怎	怎	zam2 後起字，作（何）物的合音	zam2 後起字，作（何）物的合音	zam2
8797	斟	斟	zam1	zam1	zam1
8798	枕	枕	(名)zam2 枕頭；〈語〉趼，手～、腳～,(動)zam3 枕藉，枕戈待旦	(名)zam2 枕頭,(動)zam3 枕藉，枕戈待旦	1)zam2:枕頭 2)zam3:枕著枕頭
8799	浸	浸	zam3 浸泡，水浸（水淹）；〈語〉又音，量詞，層,(語)cam3 量詞，層（用於花生衣、紙皮、灰塵等），與輯對轉，或爲層深的合音	zam3 浸泡，水浸（水淹）	zam3
8800	針	针	zam1 針線，針對	zam1 針線，針對	zam1
8801	鍼	针	zam1 鍼砭，鍼灸	zam1 鍼砭，鍼灸	zam1
8802	朕	朕	zam6	zam6	zam6
8803	砧	砧	zam1 擣衣石；同椹字，砧板	zam1 擣衣石；同椹字，砧板	zam1
8804	箴	箴	zam1	zam1	zam1
8805	鴆	鸩	zam6	zam6	zam6
8806	譖	谮	zam3 譖言，毀譖	zam3 譖言，毀譖	zam3,cam3
8807	揕	揕	zam3 刺也；擊也	zam3 刺也；擊也,(白)nam3 （用尖物）扎、刺、戳，～一針，知端泥母旁轉	zam3
8808	祲	祲	zam1,(又)cam1	zam1,(又)cam1	zam1
8809	葴	葴	zam1	zam1	zam1
8810	瑊	瑊	zam1	zam1	zam1
8811	鍖	鍖	zam1 同椹字,cam2 鍖銋；〈語〉鑔聲,(白)cem2 ～～，小鈸，擬聲得名	zam1 同椹字,cam2 鍖銋	zam1
8812	俊	俊	zan3	zan3	zeon3
8813	准	准	zan2 批准，准予,(老派)zyun2	zan2 批准，准予	zeon2
8814	準	准	zan2 標準，準備,(老派)zyun2	zan2 標準，準備	zeon2
8815	儘	尽	zan6 儘管，儘量	zan6 儘管，儘量	1)zeon6:儘量 2)zeon2:儘管
8816	盡	尽	zan6 耗盡，盡力；遴[lɐn22]～，不利索、麻煩	zan6 耗盡，盡力；遴[lɐn22]～，不利索、麻煩	zeon6
8817	峻	峻	zan3 峻嶺,(白)slen3 璺[mɛn33]～，邊緣；勉強,(白)slan3 又音，璺[mɐn33]～，邊緣；勉強	zan3 峻嶺,(白)slen3 璺[mɛn55]～，邊緣；勉強	zeon3
8818	振	振	zan3 振作，振奮，共振	zan3 振作，振奮，共振	zan3
8819	晉	晋	zan3	zan3	zeon3
8820	津	津	zan1,(老派)zyun1	zan1	zeon1
8821	珍	珍	zan1	zan1	zan1
8822	真	真	zan1	zan1	zan1
8823	竣	竣	zan3	zan3	zeon3
8824	諄	谆	zan1,(老派)zyun1	zan1	zeon1
8825	進	进	zan3	zan3	zeon3
8826	鎮	镇	zan3	zan3	zan3
8827	陣	阵	zan6 佈陣，陣雨；阿/嚕/舊～時，這/那/舊時候,(又)zan2 舊～時，過去,(語)zam6 量詞，股，一～味/氣/隨，受味字逆同化變讀韻尾，俗字朕	zan6 佈陣，陣雨	zan6
8828	震	震	zan3 地震，震驚，震撼	zan3 地震，震驚，震撼	zan3
8829	駿	骏	zan3	zan3	zeon3
8830	圳	圳	zan3 深圳；溝渠，本字甽,(老派)zyun3	zan3 深圳；溝渠，本字甽	zan3
8831	榛	榛	zan1	zan1	zeon1
8832	浚	浚	zan3 深也；疏通,slan3 浚河，浚縣,(老派)slyun3	zan3 深也；疏通,slan3 浚河，浚縣	zeon3；(地名)seon3浚縣
8833	濬	濬	zan3 深也；疏通,slan3 濬河，濬縣,(老派)slyun3	zan3 深也；疏通,slan3 濬河，濬縣	zeon3；(地名)seon3濬縣
8834	甄	甄	zan1 甄別；姓,(又)jan1 讀同垔/堙	zan1 甄別；姓,(又)an1 讀同垔/堙	jan1；(又)zan1
8835	肫	肫	zan1 肫摯，肫肫；雞肫，鴨肫,(老派)zyun1,(訓)kan5 禽類的胃（百姓以爲禽的腎），本字䐃,(訓)san5 訓讀腎	zan1 肫摯，肫肫；雞肫，鴨肫,(訓)gan5 禽類的胃（百姓以爲禽的腎），本字䐃,(訓)san5 訓讀腎	zeon1
8836	臻	臻	zan1	zan1	zeon1
8837	賑	赈	zan3	zan3	zan3
8838	雋	隽	zan3 同俊字,syun5 雋永	zan3 同俊字,san5 雋永	zeon3；雋永又讀syun5
8839	濜	浕	zan6	zan6	zeon6
8840	溱	溱	zan1 溱頭河,can4 溱潼	zan1 溱頭河,zan4 溱潼	ceon4,zeon1
8841	燼	烬	zan6	zan6	zeon6
8842	縉	缙	zan3	zan3	zeon3
8843	胗	胗	zan1 俗字，雞胗，本字肫,can2 嘴脣潰瘍；同疹/疹字	zan1 俗字，雞胗，本字肫,zan2 嘴脣潰瘍；同疹/疹字	zan1,can2
8844	藎	荩	zan6	zan6	zeon2
8845	蓁	蓁	zan1 草盛貌,can4 蓁椒	zan1 草盛貌,zan4 蓁椒	zeon1,ceon4
8846	隼	隼	zan2 鷹隼，讀同準,(老派)zyun2,(又)slan2 本讀,(又)slyun2 本讀	zan2 鷹隼，讀同準,(又)slan2 本讀	zeon2
8847	晙	晙	zan3	zan3	zeon3
8848	溍	溍	zan3	zan3	zeon3
8849	焌	焌	zan3 點火,cyut1 使火熄滅；一種烹調法	zan3 點火,cat2 使火熄滅；一種烹調法	zeon3,ceot1,zeot1
8850	珒	珒	zan1,(老派)zyun1	zan1	zeon1
8851	璡	琎	zan3	zan3	zeon3
8852	瑧	瑧	zan1	zan1	zeon1
8853	瑱	瑱	zan3 通鎮字；瑱圭,tin3 玉名；耳飾	zan3 通鎮字；瑱圭,tin3 玉名；耳飾	zan3,tin3
8854	畯	畯	zan3	zan3	zeon3
8855	禛	禛	zan1	zan1	zan1
8856	窀	窀	zan1,(老派)zyun1	zan1	zeon1
8857	紖	纼	zan6	zan6	zan6
8858	贐	赆	zan6	zan6	zeon2
8859	綧	𬘯	zan2,(老派)zyun2	zan2	zeon2
8860	瑨	瑨	zan3	zan3	zeon3
8861	衠	衠	zan1,(老派)zyun1	zan1	zeon1
8862	埻	埻	zan2 箭靶,dui1 欑塗所覆,(老派)zyun2	zan2 箭靶,dui1 欑塗所覆	zeon2
8863	搢	搢	zan3	zan3	zeon3
8864	獉	獉	zan1	zan1	zeon1
8865	甽	甽	zan3 溝渠,hyun2 同畎字,(老派)zyun3	zan3 溝渠,hyun2 同畎字	zan3,hyun2
8866	迍	迍	zan1 迍邅,tan4 迍迍，源自屯屯；〈語〉來回走動,(老派)zyun1	zan1 迍邅,dan4 迍迍，源自屯屯	zeon1,tyun4
8867	餕	馂	zan3	zan3	zeon3
8868	攢	攒	(白)zan2 積攢，與儹同源,cyun4 攢聚,(文)zaan2	(白)zon2 積攢；聚積，亞啲嘢～做一堆，與儹同源,zun4 攢聚,(文)zaan2 慳～，積攢,(又)zan2 ～拾，收拾，～錢，攢錢	zaan2,cyun4
8869	樽	樽	zan1 盛酒器；〈語〉瓶,(老派)zyun1	zun1 盛酒器,(語)zan1 瓶	zeon1
8870	嶟	嶟	zan1,(老派)zyun1	zun1	zeon1
8871	僧	僧	zang1 僧人，高僧，讀同曾/增	zang1 僧人，高僧，讀同曾/增,(又)slang1	zang1
8872	增	增	zang1	zang1	zang1
8873	憎	憎	zang1	zang1	zang1
8874	掙	挣	zang1 掙脫，掙扎,zang6 掙錢,(又)zaang1 掙脫	zang1 掙脫，掙扎,zang6 掙錢,(語)zang3 懵[wɐŋ22]～～，發呆；案，明代小說中掙掙表發呆貌	1)zang1:掙扎 2)zaang6:掙錢
8875	曾	曾	zang1 姓,cang4 曾經	zang1 姓,zang4 曾經	1)zang1:曾祖 2)cang4:曾經
8876	猙	狰	zang1	zang1	zang1
8877	睜	睁	zang1	zang1	zang1
8878	箏	筝	zang1 風箏	zang1 風箏	zang1
8879	贈	赠	zang6	zang6	zang6
8880	崢	峥	zang1	zang1	zang1
8881	諍	诤	zang3 諍言	zang3 諍言	zang3
8882	錚	铮	zang1	zang1	zang1
8883	噌	噌	zang1 象聲詞；泓噌；叱責,cang1 噌吰,(語)zang4 詞綴，趯/行/打～～，紛紛跑/走/打貌	zang1 象聲詞；泓噌；叱責,cang1 噌吰	cang1,zang1
8884	琤	琤	zang1	zang1	zang1
8885	甑	甑	zang3 飯甑，甑子	zang3 飯甑，甑子	zang6
8886	繒	缯	zang1 絲織品總稱,zang6 綁；紮	zang1 絲織品總稱,zang6 綁；紮	zang1,zang6
8887	罾	罾	zang1 魚～，魚網；扳[man55]～，一種大罾,(又)zang3	zang1 魚～，魚網	zang1
8888	矰	矰	zang1	zang1	zang1
8889	綪	𬘬	zang1 屈曲,sin6 赤繒；青赤色	zang1 屈曲,syun6 赤繒；青赤色	zang1,sin6
8890	䎖	䎖	zang1	zang1	zang1
8891	鬙	鬙	zang1 鬅鬙,(語)slang1 倰[lɐŋ21]～，不整潔	zang1 鬅鬙,(語)slang4 鬅[pɐŋ21]～倰[lɐŋ21]，不整潔	zang1,sang1
8892	䒏	䒏	zang1 䒐䒏，神亂,cang3 䒐䒏，色惡	zang1 䒐䒏，神亂,cang3 䒐䒏，色惡,(白)slaang3 䒐[maŋ55]䒐[maŋ55]～～，隨隨便便、不正經	zang1
8893	䦛	䦶	zang1	zang1	zaang1
8894	鬇	鬇	zang1 髪亂,(白)jang3 倰[lɐŋ21]～，窩囊、不整潔	zang1 髪亂,(白)njang3 匝[ȵap5]～、匝[ȵap5]～～，（頭髮、鬍鬚、麻線、雜草等）多而亂	zang1
8895	習	习	zap6	zap6	zaap6
8896	執	执	zap1 執行，執筆；檢查，～漏，檢漏,(白)jap1 撮、抓，～手指算，扳指頭算；量詞，一～頭髮，一綹頭髮，一～毛，一撮毛	zap2 執行，執筆；檢查，～漏，檢漏,(白)njap2 撮、抓；量詞，一～米，一撮米；～跇[ȵɐi55]，舊時稱小孩兒身體上的毛病	zap1
8897	汁	汁	zap1	zap2	zap1
8898	襲	袭	zap6 襲擊，偷襲,(白)slap6 動詞詞綴，落雨～～，下雨貌，哭～～，啜泣貌，拖～～，拖着鞋走，跟～～，跟隨貌，行～～，漫步走，拜～～，虔誠地拜；形容詞詞綴，溼～～，溼淋淋，亂～～，雜亂貌，爛～～，破破爛爛，諧～～，粗糙，跛[pɐi55]～～，瘸得很，磨[mɔ55]～～，磨蹭，盲～～，眼力不好、瞎摸，俗字趿/霅/喋/霎；案，邪母白讀，襲襲表陣陣，與習習/霫霫同源，金·董解元《西廂記諸宮調》卷七，愁欹單枕，夜深無寐，襲襲靜聞沉屑,(白)slep6 又音	zap6 襲擊，偷襲,(白)slap6 詞綴，爛～～，衣服破爛貌；動作慢、遲鈍，渠做事情手腳～一勢，一件事做幾耐，俗字趿/霅/喋/霎；案，邪母白讀，襲襲表陣陣，與習習/霫霫同源，金·董解元《西廂記諸宮調》卷七，愁欹單枕，夜深無寐，襲襲靜聞沉屑,(白)slep6 又音，拖～鞋，拖鞋；詞綴，拖～～，趿拉，慢～～，行動慢，噝[ɬi21]噝[ɬi21]～～，腳擦地向前移動的聲音,(白)sep6 又音，詞綴，溼～～，溼淋淋	zaap6
8899	集	集	zap6	zap6	zaap6
8900	臢	臜	zap1 腌臢（不潔）	zap2 腌臢（不潔）	zim1
8901	隰	隰	zap6	zap6	zaap6
8902	嶍	嶍	zap6	zap6	zaap6
8903	縶	絷	zap1	zap2	zap1
8904	鰼	鳛	zap6	zap6	zaap6
8905	霫	霫	zap6 大雨	zap6 大雨	zap6
8906	㗱	㗱	zap6 噍也；咬～～，咂着嘴啃,(語)zep1 吸奶聲,(語)zep6 咀嚼聲	zap6 噍也	zaap6,zep6
8907	姪	侄	zat6 姪子，姪女，內姪，堂姪	zat6 姪子，姪女，內姪，堂姪	zat6
8908	卒	卒	zat1 兵卒，卒業；～之，終歸,(古)cyut1 通猝字,(老派)zyut1	zat2 兵卒，卒業,(古)cat2 通猝字	zeot1；(古)同猝cyut3
8909	嫉	嫉	zat6	zat6	zat6
8910	朮	术	zat6 白朮，蒼朮，俗讀同術/述,(老派)zyut6	zat6 白朮，蒼朮，俗讀同術/述	seot6
8911	疾	疾	zat6 疾病，殘疾；〈語〉個子瘦小，～崽	zat6 疾病；〈語〉個子瘦小，～崽	zat6
8912	窒	窒	zat6 窒息，窒礙；停頓，～下，停頓一下,(白)zat1 動詞，塞；名詞，瓶塞；屈～，狹小侷促,(白)dat1 頂撞，知三讀如端	zat6 窒息，窒礙,(白)zat2 動詞，塞；名詞，瓶塞；屈～，狹小侷促,(白)zaat6 肚～，消化不良	zat6
8913	質	质	zat1 質量，品質,zi3 人質，俗讀質量之質	zat2 質量，品質,zi3 人質，俗讀質量之質	1)zat1:物質 2)zi3:人質
8914	侄	侄	zat6 同姪字,zat1 堅也	zat6 同姪字,zat2 堅也	zat6
8915	蛭	蛭	zat6	zat6	zat6
8916	桎	桎	zat6	zat6	zat6
8917	蒺	蒺	zat6	zat6	zat6
8918	騭	骘	zat1	zat2	zat1
8919	晊	晊	zat1	zat2	zat1
8920	銍	铚	zat6	zat6	zat6
8921	鑕	锧	zat1	zat2	zat1
8922	櫍	𬃊	zat1	zat2	zat1
8923	庢	厔	zat6 盩庢縣	zat6 盩庢縣	zat6
8924	挃	挃	zat6 撞；割禾聲,(白)dat1 用力往下放，知三讀如端，與扽對轉，俗字𠱂	zat6 撞；割禾聲,(白)dat2 用力往下放，知三讀如端，與扽對轉，俗字𠱂	zat6
8925	礩	礩	zat1 柱下石,zat6 通窒字,(又)zi3 柱下石	zat2 柱下石,zat6 通窒字,(又)zi3 柱下石	zat1,zat6,zi3
8926	膣	膣	zat6	zat6	zat6
8927	周	周	zau1 周圍，四周，周全；姓；～時，經常、時常	zau1 周圍，四周，周全；姓；～時，經常、時常	zau1
8928	週	周	zau1 週期，週刊，週末	zau1 週期，週刊，週末	zau1
8929	咒	咒	zau3	zau3	zau3
8930	奏	奏	zau3	zau3	zau3
8931	宙	宙	zau6	zau6	zau6
8932	就	就	zau6 遷就，就近；案，就係（光是）/就係要（快要），有連讀音變[tʃɐu22hɐi22/tʃɐu22hɐi22jiu33]➔[tʃɐi22hɐi22/tʃɐi22hɐi22jiu33]➔[tʃɐi22hɐi22/tʃɐi22jiu33]，後字逆同化變讀韻尾，而快要義老派則說就來[lɐi21]，無連讀音變,(語)a6 弱讀，進而爲[ə22]，石灰見水～燒啊、舊時䭐一隻苦瓜三兩肉～得啊	zau6 遷就，就近	zau6
8933	州	州	zau1 九州，州縣；〈語〉沙～，好打扮、愛露臉，疑本字挲鬏	zau1 九州，州縣	zau1
8934	帚	帚	zau2	zau2	zaau2
8935	揍	揍	zau3	zau3	zau3
8936	揪	揪	zau1 同揫字，揪住	zau1 同揫字，揪住	zau1
8937	晝	昼	zau3	zau3	zau3
8938	洲	洲	zau1 綠洲，沙洲，亞洲	zau1 綠洲，沙洲，亞洲	zau1
8939	皺	皱	zau3 皺紋，褶皺,(白)jau3 皺眉頭，皺紋；～巴渣、～癟[pɛt2]癟[pɛt2]，皺巴巴	zau3 皺紋，褶皺,(白)njau3 皺眉頭，皺紋；～兀[ŋɛt5]兀[ŋɛt5]，皺巴巴	zau3
8940	肘	肘	zau2	zau2	zaau2
8941	舟	舟	zau1	zau1	zau1
8942	袖	袖	zau6	zau6	zau6
8943	走	走	zau2 走路；奔走，～日本崽，逃避日本兵	zau2 走路；奔走，～難，逃難	zau2
8944	酒	酒	zau2	zau2	zau2
8945	驟	骤	zau6	zau6	zaau6
8946	啾	啾	zau1 啾唧	zau1 啾唧	zau1
8947	岫	岫	zau6	zau6	zau6
8948	紂	纣	zau6 桀紂	zau6 桀紂	zau6
8949	冑	胄	zau6 甲冑，介冑	zau6 甲冑，介冑	zau6
8950	鄒	邹	zau1	zau1	zau1
8951	籀	籀	zau6	zau6	zau6
8952	縐	绉	zau3 文縐縐，縐紗,(白)jau3 縐巴巴，縐紋	zau3 文縐縐，縐紗,(白)njau3 縐巴巴，縐紋	zau3
8953	胄	胄	zau6 貴胄，世胄	zau6 貴胄，世胄	zau6
8954	謅	诌	zau1 瞎謅，胡謅	zau1 瞎謅，胡謅	zau1
8955	諏	诹	zau1	zau1	zau1
8956	陬	陬	zau1	zau1	zau1
8957	鷲	鹫	zau6	zau6	zau6
8958	㥮	㤘	zau3,(又)caau2	zau3,(又)caau2	zau3
8959	葤	荮	zau6 裹也；量詞	zau6 裹也,(白)zau5 量詞，一小串，一～葡萄/荔枝/龍眼	zau6
8960	鬏	鬏	zau1 梳個鬏，本字𩭓	zau1 梳個鬏，本字𩭓	cau1
8961	僦	僦	zau6	zau6	zau6
8962	婤	婤	zau1	zau1	cau1,zau1
8963	賙	赒	zau1	zau1	zau1
8964	輈	辀	zau1	zau1	zau1
8965	鄹	鄹	zau1	zau1	zau1
8966	酎	酎	zau6	zau6	zau6
8967	騶	驺	zau1	zau1	zau1
8968	鮦	鲖	zau6 鮦陽,tung4 鮦魚	zau6 鮦陽,doeng4 鮦魚	zau6,tung4
8969	鯫	鲰	zau1	zau1	zau1
8970	鵃	鸼	zau1	zau1	zau1
8971	㑳	㑇	zau3	zau3	zau3
8972	㠇	㠇	zau6	zau6	zau6
8973	僽	僽	zau3 僝僽	zau3 僝僽	zau3
8974	喌	喌	zau1 呼雞聲,(又)zuk1	zau1 呼雞聲,(又)zoek2	zau1,zuk1
8975	掫	掫	zau1 巡夜打更,cau1 拿取東西,(白)jau1 拿、提	zau1 巡夜打更,cau1 拿取東西,(白)njau1 拿、提	zau1
8976	揫	揫	zau1 揫住	zau1 揫住	zau1
8977	盩	盩	zau1 盩庢縣	zau1 盩庢縣	zau1
8978	譸	诪	zau1	zau1	zau1
8979	緅	𮉪	zau1	zau1	zau1
8980	借	借	ze3 借用，借貸，假借	ze3 借用，借貸，假借,(白)zi3	ze3
8981	姐	姐	ze2 姐妹，表姐，堂姐，七姐（織女）,(白)ze1 阿姐，家姐，姑姐，姐[tʃɛ55/tʃɛ21]姐（年齡較大前字讀陰平，年齡較小前字讀陽平）	ze2 姐妹，阿姐，表姐，堂姐	ze2
8982	者	者	ze2	ze2	ze2
8983	蔗	蔗	ze3 甘蔗，蔗糖	ze3 甘蔗，蔗糖,(白)zi3	ze3
8984	藉	藉	ze3 藉口，慰藉，憑藉,zik6 狼藉	ze3 藉口，慰藉，憑藉,zik6 狼藉,(白)zi3	zik6；藉口又讀ze3
8985	謝	谢	ze6 多謝；姓	ze6 多謝,(白)zi6 姓；～夜/日，昨夜/日	ze6
8986	這	这	ze5 這些，這麼	ze5 這些，這麼	ze3；(又)ze5
8987	遮	遮	ze1 遮蓋，遮擋；傘	ze1 遮蓋，遮擋,(白)zi1	ze1
8988	嗟	嗟	ze1	ze1	ze1
8989	榭	榭	ze6	ze6	ze6
8990	赭	赭	ze2	ze2	ze2
8991	鷓	鹧	ze3 鷓鴣	ze3 鷓鴣,(白)zi3	ze3
8992	柘	柘	ze3	ze3	ze3
8993	鍺	锗	ze2	ze2	ze2
8994	䗪	䗪	ze3	ze3	ze3
8995	啫	啫	ze1 啫啫煲，啫喱,(又)zoe1 啫啫煲；～～聲，油炸聲,(又)zoe4 ～～聲，炮捻子點着聲	ze1 啫啫煲，啫喱	ze1,zek1
8996	嗻	嗻	ze3 多語之貌,ze1 唓嗻	ze3 多語之貌,ze1 唓嗻	ze1
8997	塮	塮	ze6	ze6	ze6
8998	毑	毑	ze2	ze2	ze2
8999	隻	只	zek3 一隻，隻身,(又)zik3	zik2 一隻，隻身	zek3
9000	蓆	席	zek6 草蓆	zik6 草蓆	zek6；(又)zik6
9001	脊	脊	zek3,(又)zik3	zik2	zek3
9002	瘠	瘠	zek3,(又)zik3	zik2	zek3
9003	摭	摭	zek3	zik2	zek3
9004	跖	跖	zek3	zik2	zek3
9005	嵴	嵴	zek3	zik2	zek3
9006	褯	褯	zek6 褯子,(又)zik6	zik6 褯子	zik6
9007	蹐	蹐	zek3,(又)zik3	zik2	zek3,zik3
9008	鶺	鹡	zek3,(又)zik3	zik2	zek3,zik3
9009	蹠	蹠	zek3,(又)zik3	zik2	zek3,zik3
9010	斬	斩	(白)zem2,(文)zaam2	zaam2	zaam2
9011	蘸	蘸	(白)zem3 蘸墨，蘸醬,(文)zaam3	zaam3 蘸墨，蘸醬	zaam3
9012	盞	盏	(白)zen2 燈盞，一盞燈,(文)zaan2	zaan2 燈盞，一盞燈	zaan2
9013	井	井	(白)zeng2 水井，井井有條,(文)zing2 井井有條	zing2 水井，井井有條	zeng2；井井有條，井然又讀zing2
9014	阱	阱	(白)zeng2 陷阱,(文)zing6	zing6 陷阱	zing6；(又)zeng2
9015	肼	肼	zeng2	zing2	zeng2
9016	汫	汫	zeng2	zing2	zeng2
9017	爪	爪	(白)zeu2 爪牙，雞爪,(文)zaau2,(白)jeu2 雞爪,(白)jaau2 雞爪	zaau2 爪牙，雞爪,(白)njaau2 雞爪	zaau2
9018	罩	罩	(白)zeu3 罩住，口罩,(文)zaau3 口罩	zaau3 罩住，口罩	zaau3
9019	櫂	棹	(白)zeu6 槳；划，～艇,(文)zaau6 ～忌，忌諱,(白)jaau6 划，～手，揮手	zaau6 槳；划，～龍船；～忌，忌諱,(白)jaau6 划，～過，掠過	zaau6；通棹
9020	笊	笊	(白)zeu3 笊籬,(文)zaau3	zaau3 笊籬	zaau3
9021	棹	棹	(白)zeu6 同櫂字,(文)zaau6,(白)jaau6 划，～手，揮手	zaau6 同櫂字,(白)jaau6 划，～過，掠過	zaau6
9022	㷹	㷹	(白)zeu3 用油炸；油～鬼，油條,(文)zaau3 油～鬼，油條	zaau3 用油炸；油～鬼，油條	zaau3
9023	之	之	zi1	zi1	zi1
9024	仔	仔	zi2 仔細；仔肩,zai2 俗字，仔女，雞仔，本字崽，另一說子字止攝白讀,(老派)zy2 仔細；仔肩	zi2 仔細；仔肩,zaai2 俗字，仔女，雞仔，本字崽，另一說子字止攝白讀	1)zi2:仔細 2)zai2:香港仔；(古)zi1:仔肩
9025	茲	兹	zi1 茲日,ci4 古國名，龜茲,(老派)zy1,(老派)cy4	zi1 茲日,zi4 古國名，龜茲	1)zi1:念茲在茲 2)ci4:龜茲
9026	只	只	zi2 只有，只好	zi2 只有，只好	zi2
9027	吱	吱	zi1	zi1	zi1
9028	咨	咨	zi1,(老派)zy1	zi1	zi1
9029	諮	咨	zi1,(老派)zy1	zi1	zi1
9030	址	址	zi2	zi2	zi2
9031	姊	姊	zi2 姊妹，姊弟,(老派)zy2	zi2 姊妹，姊弟	zi2
9032	姿	姿	zi1 姿勢，舞姿,(老派)zy1	zi1 姿勢，舞姿	zi1
9033	子	子	zi2 子孫，瓜子，一輩子，沒法子,(白)zi1 一下子，一陣子，等/過/睇下子，等/過/睇陣子,(老派)zy2,(老派)zy1 白讀	zi2 子孫，瓜子，一下子，一輩子	zi2
9034	字	字	zi6 文字，字畫；一個～，五分鐘,(老派)zy6	zi6 文字，字畫；一個～，五分鐘	zi6
9035	志	志	zi3 志向	zi3 志向	zi3
9036	誌	志	zi3 雜誌	zi3 雜誌	zi3
9037	指	指	zi2	zi2	zi2
9038	摯	挚	zi3	zi3	zi3
9039	支	支	zi1 支持，支付，地支；～～整整，不停地做，弄來弄去,(白)ji1 ～～觸[jʊk5]觸[jʊk5]，活絡、動來動去，俗作迻迻逳逳	zi1 支持，支付，地支,(白)nji3 ～～觸[ȵok5]觸[ȵok5]，活絡、動來動去，俗作迻迻逳逳	zi1
9040	旨	旨	zi2	zi2	zi2
9041	智	智	zi3	zi3	zi3
9042	枝	枝	zi1 樹枝，荔枝，一枝花	zi1 樹枝，荔枝，一枝花；青～～，青紫色,(白)nji3 觸[ȵœk5]～觸[ȵœk5]杈[ȵa55]，活絡、不穩固，俗作逳枝逳杈	zi1
9043	止	止	zi2	zi2	zi2
9044	治	治	zi6	zi6	zi6；(古)ci4治家
9045	滋	滋	zi1,(老派)zy1	zi1	zi1
9046	知	知	zi1 知道；知識,zi3 通智字；姓	zi1 知道；知識,zi3 通智字；姓	1)zi1:知道 2)zi3:通智
9047	稚	稚	zi6 幼稚，稚嫩,(常)zi3 幼稚，前字調類化	zi6 幼稚，稚嫩	zi6
9048	紫	紫	zi2,(老派)zy2	zi2	zi2
9049	紙	纸	zi2	zi2	zi2
9050	置	置	zi3	zi3	zi3
9051	肢	肢	zi1	zi1	zi1
9052	脂	脂	zi1 胭脂，脂肪	zi1 胭脂，脂肪	zi1
9053	自	自	zi6 自己，各自,(老派)zy6	zi6 自己，各自,(白)zi3 捫[mon55]～，怕羞	zi6
9054	至	至	zi3 至少，甚至；副詞，纔、最、再	zi3 至少，甚至；副詞，纔、最、再	zi3
9055	緻	致	zi3 細緻，精緻	zi3 細緻，精緻,(白)di6 緊密、無縫隙，亞塊門板冇夠～，這塊門板不夠緊密；案，知三讀如端	zi3
9056	致	致	zi3 導致，致敬	zi3 導致，致敬	zi3
9057	芝	芝	zi1	zi1	zi1
9058	蜘	蜘	zi1 蜘蛛	zi1 蜘蛛	zi1
9059	資	资	zi1,(老派)zy1	zi1	zi1
9060	趾	趾	zi2	zi2	zi2
9061	籽	籽	zi2,(老派)zy2	zi2	zi2
9062	兕	兕	zi6,(老派)zy6	zi6	zi6
9063	咫	咫	zi2	zi2	zi2
9064	孜	孜	zi1,(老派)zy1	zi1	zi1
9065	孳	孳	zi1,(老派)zy1	zi1	zi1
9066	峙	峙	zi6 對峙,si6 繁峙縣	zi6 對峙,si6 繁峙縣	si6；(又)ci5
9067	徵	徵	zi2 五音之一	zi2 五音之一	zi2:宮商角徵羽
9068	恣	恣	zi1 恣意，恣睢，讀同資,(老派)zy1	zi1 恣意，恣睢，讀同資	1)zi3:恣意 2)zi1:恣睢
9069	梓	梓	zi2,(老派)zy2	zi2	zi2
9070	淄	淄	zi1,(老派)zy1	zi1	zi1
9071	滓	滓	zi2 渣滓，泥滓,(老派)zy2,(訓)zai2 茶滓（即茶𣗺、茶子餅），訓讀崽	zi2 渣滓，泥滓,(訓)zaai2 訓讀崽	zi2
9072	痔	痔	zi6	zi6	zi6
9073	痣	痣	zi3	zi3	zi3
9074	祉	祉	zi2 福祉，祉祿；神～牌，神位、靈位	zi2 福祉，祉祿	zi2
9075	祗	祗	zi1	zi1	zi1
9076	緇	缁	zi1,(老派)zy1	zi1	zi1
9077	耜	耜	zi6,(老派)zy6	zi6	zi6
9078	輊	轾	zi3	zi3	zi3
9079	輜	辎	zi1 輜重,(老派)zy1	zi1 輜重	zi1
9080	雉	雉	zi6 雉雞	zi6 雉雞	zi6
9081	髭	髭	zi1,(老派)zy1	zi1	zi1
9082	呲	呲	zi1 同齜字,ci1 嫌食也；申斥，斥責,(老派)zy1,(老派)cy1	zi1 同齜字,ci1 嫌食也；申斥，斥責	zi1,ci1
9083	嵫	嵫	zi1,(老派)zy1	zi1	zi1
9084	彘	彘	zi6	zi6	zi6
9085	枳	枳	zi2	zi2	zi2
9086	梔	栀	zi1 梔子花	zi1 梔子花	zi1
9087	沚	沚	zi2	zi2	zi2
9088	甾	甾	zi1 同淄字,zoi1 有機化合物,(老派)zy1	zi1 同淄字,zaai1 有機化合物	zi1,zoi1
9089	眥	眦	zi6 眼眶,ci1 睚眥，讀同疵,(老派)zy6,(老派)cy1	zi6 眼眶,ci1 睚眥，讀同疵	zi6
9090	秭	秭	zi2,(老派)zy2	zi2	zi2
9091	胝	胝	zi1	zi1	zi1
9092	芷	芷	zi2	zi2	zi2
9093	觶	觯	zi3	zi3	zi3
9094	訾	訾	zi2 詆毁,zi1 衡量；姓,(老派)zy2,(老派)zy1	zi2 詆毁,zi1 衡量；姓	zi2,zi1
9095	豸	豸	zi6 蟲豸，獬豸,(又)zaai6	zi6 蟲豸，獬豸,(又)zaai6	zi6,zaai6
9096	贄	贽	zi3	zi3	zi3
9097	趑	趑	zi1,(老派)zy1	zi1	zi1
9098	躓	踬	zi3	zi3	zi3
9099	酯	酯	zi2	zi2	zi2
9100	錙	锱	zi1,(老派)zy1	zi1	zi1
9101	鯔	鲻	zi1,(老派)zy1	zi1	zi1
9102	鷙	鸷	zi3	zi3	zi3
9103	齜	龇	zi1 齜牙,(老派)zy1	zi1 齜牙	zi1,ji1
9104	巵	卮	zi1 巵言，玉巵	zi1 巵言，玉巵	zi1
9105	嗞	嗞	zi1,(老派)zy1	zi1	zi1
9106	貲	赀	zi1,(老派)zy1	zi1	zi1
9107	孖	孖	zi1 雙生子，本讀,(訓)maa1 孿生、連帶，源自巴（靠近、貼近）的旁轉；雙孖井，古井又泛指地名，現爲文物點,(訓)me1 白讀，～指，六指兒，源自巴,(老派)zy1 本讀	zi1 雙生子，本讀,(訓)maa1 孿生、連帶，源自巴（靠近、貼近）的旁轉；雙孖井，古井又泛指地名，現爲文物點,(訓)me1 白讀，～指，六指兒，源自巴	maa1
9108	庤	庤	zi6	zi6	zi6
9109	忮	忮	zi3	zi3	zi3
9110	扺	扺	zi2	zi2	zi2
9111	榰	榰	zi1	zi1	zi1
9112	滍	滍	zi6	zi6	zi6
9113	畤	畤	zi6	zi6	zi6
9114	疐	疐	zi3 跋前疐後	zi3 跋前疐後	zi3
9115	笫	笫	zi2,(老派)zy2	zi2	zi2
9116	粢	粢	zi1,(老派)zy1	zi1	zi1
9117	耔	耔	zi2,(老派)zy2	zi2	zi2
9118	茈	茈	zi2 茈草,ci4 鳧茈,caai4 茈胡,(老派)cy4,(老派)zy2	zi2 茈草,zi4 鳧茈,zaai4 茈胡	zi2,ci4,caai4
9119	跱	跱	zi6	zi6	ci5
9120	軹	轵	zi2	zi2	zi2
9121	鄑	鄑	zi1,(老派)zy1	zi1	zi1
9122	鎡	镃	zi1,(老派)zy1	zi1	zi1
9123	黹	黹	zi2	zi2	zi2
9124	鼒	鼒	zi1,(老派)zy1	zi1	zi1
9125	梽	梽	zi3	zi3	zi3
9126	茋	茋	zi2	zi2	zi2
9127	虸	虸	zi2,(老派)zy2	zi2	zi2
9128	𦭜	𦭜	zi1	zi1	zi1
9129	卮	卮	zi1 同巵字	zi1 同巵字	zi1
9130	倳	倳	zi3,(老派)zy3	zi3	zi3
9131	剚	剚	zi3,(老派)zy3	zi3	zi3
9132	呰	呰	zi2,(老派)zy2	zi2	zi2
9133	寘	寘	zi3	zi3	zi3
9134	恉	恉	zi2	zi2	zi2
9135	椥	椥	zi1	zi1	zi1
9136	牸	牸	zi6 牸牛,(老派)zy6	zi6 牸牛	zi6
9137	疻	疻	zi2	zi2	zi2
9138	胾	胾	zi3 切成大塊的肉,(老派)zy3	zi3 切成大塊的肉,(白)nge3 搭秤～，稱肉時爲補數搭配的肉、婦女改嫁帶的兒女的侮稱,(白)je3 又音，搭秤～，帶犢兒,(白)nje3 ～～，瘦豬肉，童語	zi3
9139	菑	菑	zi1 田一歲,zoi1 同災字,(老派)zy1	zi1 田一歲,zaai1 同災字	zi1
9140	衹	衹	zi2 通祇字,ki4 衹衼	zi2 通祇字,gi4 衹衼	zi2,kei4
9141	阯	阯	zi2	zi2	zi2
9142	㨁	㨁	zi6 投；持,zik6 拄杖,(白)zaai6 投擲，韻母演變同踩/跐字，俗字拽	zi6 投；持,zik6 拄杖,(白)zaai1 投擲，韻母演變同踩/跐字，俗字拽	zi6,zik6
9143	啙	啙	zi2,(老派)zy2	zi2	zi2
9144	值	值	zik6	zik6	zik6
9145	即	即	zik1 即刻，立即；～管，儘管、只管，～係，就是，弱讀爲[tʃi55],(語)zi1 弱讀，即管，即係	zik2 即刻，立即	zik1
9146	唧	唧	zik1 啾唧，唧咕，唧唧	zik2 啾唧，唧咕，唧唧	zik1
9147	夕	夕	zik6	zik6	zik6
9148	寂	寂	zik6 寂寞	zik6 寂寞	zik6
9149	席	席	zik6 主席，酒席,zek6 草席	zik6 主席，酒席，草席	zik6
9150	植	植	zik6	zik6	zik6
9151	殖	殖	zik6	zik6	zik6
9152	直	直	zik6	zik6	zik6
9153	積	积	zik1 積極，堆積；〈外〉撲克的J，英語Jack	zik2 積極，堆積	zik1
9154	籍	籍	zik6	zik6	zik6
9155	織	织	zik1	zik2	zik1
9156	績	绩	zik1	zik2	zik1
9157	職	职	zik1	zik2	zik1
9158	跡	迹	zik1 足跡，跡象	zik2 足跡，跡象	zik1
9159	蹟	迹	zik1 古蹟，遺蹟	zik2 古蹟，遺蹟	zik1
9160	汐	汐	zik6	zik6	zik6
9161	漬	渍	(訓)zik1 污漬，浸漬，訓讀積	(訓)zik2 污漬，浸漬，訓讀積	zik1
9162	炙	炙	zik1 炙熱	zik2 炙熱	zek3
9163	稷	稷	zik1	zik2	zik1
9164	埴	埴	zik6	zik6	zik6
9165	幘	帻	zik1,(又)zaak3	zik2,(又)ziak2	zaak3,zik1
9166	湜	湜	zik6	zik6	sat6,zik6
9167	磧	碛	zik1 沙磧	zik2 沙磧	zik1
9168	蟄	蛰	zik6 驚蟄，宋代俗省作京直	zik6 驚蟄，宋代俗省作京直	zik6
9169	陟	陟	zik1	zik2	zik1
9170	堲	堲	zik1	zik2	zik1
9171	稙	稙	zik6 早種禾	zik6 早種禾	zik6
9172	穸	穸	zik6	zik6	zik6
9173	耤	耤	zik6	zik6	zik6
9174	勣	𪟝	zik1	zik2	zik1
9175	襀	𫌀	zik1	zik2	zik1
9176	矽	矽	zik6 硅的舊稱，英語Silicon	zik6 硅的舊稱，英語Silicon	zik6
9177	膱	膱	zik1 油敗；脯脡,(白)jek3 臭油～，油變質的氣味，即哈喇,(白)ek3 弱讀	zik2 油敗；脯脡	zik1,jek3
9178	踖	踖	zik1	zik2	zik1
9179	佔	占	zim3 佔領，侵佔	zim3 佔領，侵佔	zim3
9180	占	占	zim1 占卜，占卦	zim1 占卜，占卦	zim1
9181	尖	尖	zim1	zim1	zim1
9182	沾	沾	zim1	zim1	zim1
9183	漸	渐	zim6 逐漸,zim1 漸染	zim6 逐漸,zim1 漸染	1)zim6:逐漸 2)zim1:歐風東漸
9184	瞻	瞻	zim1 瞻仰，觀瞻	zim1 瞻仰，觀瞻	zim1
9185	詹	詹	zim1	zim1	zim1
9186	覘	觇	zim1 窺視,daam1 擡頭	zim1 窺視,daam1 擡頭	zim1
9187	譫	谵	zim1	zim1	zim1
9188	颭	飐	zim2	zim2	zim2
9189	嶦	嶦	zim1	zim1	zim1
9190	霑	霑	zim1	zim1	zim1
9191	剪	剪	zin2	zin2	zin2
9192	戰	战	zin3	zin3	zin3
9193	濺	溅	zin6 濺水，讀同賤，與瀄對轉,zin1 濺濺，水疾流貌,(訓)daan6 訓讀灒/濽,(訓)zaan6 又音，訓讀灒/濽	zin6 濺水，讀同賤，與瀄對轉,zin1 濺濺，水疾流貌,(訓)zaan6 訓讀灒/濽	1)zin3:水花四濺 2)zin1:流水濺濺
9194	煎	煎	zin1 煎熬，油煎	zin1 煎熬，油煎	zin1
9195	箭	箭	zin3	zin3	zin3
9196	賤	贱	zin6	zin6	zin6
9197	踐	践	zin2 實踐	zin2 實踐	cin5；(又)zin6
9198	輾	辗	zin2 輾轉,nen2 水輾，後作碾	zin2 輾轉,nen2 水輾，後作碾	zin2
9199	顫	颤	zin3 顫抖，打顫,(訓)zan3 訓讀震，打～、打冷～，發抖，元代作打戰、打寒戰	zin3 顫抖，打顫	zin3
9200	薦	荐	zin3 推薦，薦引	zin3 推薦，薦引	zin3
9201	湔	湔	zin1 湔洗，湔滌	zin1 湔洗，湔滌	zin1
9202	餞	饯	zin3 餞行，蜜餞	zin6 餞行，蜜餞	zin3
9203	戩	戬	zin2	zin2	zin2
9204	旃	旃	zin1	zin1	zin1
9205	牮	牮	zin3	zin3	zin3
9206	韉	鞯	zin1	zin1	zin1
9207	戔	戋	zin1	zin1	zin1,caan4
9208	栴	栴	zin1	zin1	zin1
9209	翦	翦	zin2	zin2	zin2
9210	譾	谫	zin2	zin2	zin2
9211	鱣	鳣	zin1 鱘鰉魚	zin1 鱘鰉魚	zin1
9212	鸇	鹯	zin1	zin1	zin1
9213	饘	𫗴	zin1	zin1	zin1
9214	諓	𬣡	zin2	zin2	zin2
9215	荐	荐	zin3 草蓆；屢次	zin3 草蓆；屢次	zin3
9216	皽	皽	zin2 死皮；〈語〉趼，起～，起趼子	zin2 死皮	zin2
9217	邅	邅	zin1	zin1	zin1
9218	展	展	zin2 展開，伸展	zyun2 展開，伸展	zin2
9219	氈	毡	zin1 毛氈，氈帽	zyun1 毛氈，氈帽	zin1
9220	搌	搌	zin2	zyun2	zin2
9221	蹍	蹍	zin2 足踏貌；〈語〉腱子肉，牛～，牛腱子	zyun2 足踏貌	zin2
9222	剩	剩	(白)zing6 剩餘，剩菜,(文)sing6	sing6 剩餘，剩菜	sing6
9223	賸	賸	(白)zing6,(文)sing6	sing6	sing6
9224	偵	侦	zing1 偵察	zing1 偵察	zing1
9225	淨	净	zing6 淨重，淨化；～係，光是、單是,(白)zeng6 乾淨，白淨	zing6 淨重，乾淨	zing6
9226	征	征	zing1 征伐，長征	zing1 征伐，長征	zing1
9227	徵	征	zing1 徵求，特徵	zing1 徵求，特徵	zing1:徵求
9228	怔	怔	zing1	zing1	zing1
9229	拯	拯	zing2 拯救	zing2 拯救	cing2
9230	政	政	zing3	zing3	zing3
9231	整	整	zing2	zing2	zing2
9232	晶	晶	zing1	zing1	zing1
9233	正	正	zing1 正月,zing3 正確，方正；～式、～經，確實,(白)zeng3 ～嘢，好貨	zing1 正月,zing3 正確，方正；～經，確實	1)zing3:正中 2)zing1:正月
9234	症	症	zing3 症狀	zing3 症狀	zing3
9235	癥	症	zing1 癥結	zing1 癥結	zing1
9236	睛	睛	zing1 眼睛	zing1 眼睛	zing1
9237	精	精	zing1 精神，妖精；〈又〉～靈[leŋ55]，機靈,(白)zeng1 聰明、機智；～靈[lɛŋ55]，機靈，實爲精的分音	zing1 精神，妖精；～靈[leŋ53]，機靈，實爲精的分音	zing1
9238	蒸	蒸	zing1	zing1	zing1
9239	證	证	zing3	zing3	zing3
9240	貞	贞	zing1	zing1	zing1
9241	鄭	郑	zing6	zing6	zeng6
9242	靖	靖	zing6	zing6	zing6
9243	靜	静	zing6	zing6	zing6
9244	幀	帧	zing3	zing3	zing3
9245	旌	旌	zing1	zing1	zing1；(又)sing1
9246	楨	桢	zing1	zing1	zing1
9247	禎	祯	zing1	zing1	zing1
9248	菁	菁	zing1	zing1	zing1
9249	婧	婧	zing6	zing6	zing6
9250	鉦	钲	zing1 古樂器	zing1 古樂器	zing1,zing3
9251	靚	靓	zing6 裝飾也,(訓)leng3 漂亮，本字令，善也，～笠笠，很漂亮	zing6 裝飾也,(訓)liang3 漂亮，本字令，善也	leng3,zing6
9252	腈	腈	zing1 精肉；有機化合物,(又)cing4 讀同晴	zing1 精肉；有機化合物,(又)zing4 讀同晴	cing1
9253	鶄	䴖	zing1	zing1	zing1
9254	湞	浈	zing1	zing1	zing1
9255	烝	烝	zing1	zing1	zing1
9256	竫	竫	zing6	zing6	zing6
9257	鼱	鼱	zing1	zing1	zing1
9258	摺	折	zip3 摺疊，摺被，存摺，摺扇,(白)jep3 捲起，～衫袖/褲腳，捲起衣袖/褲腿，俗字擪	zip2 摺疊，摺被，存摺，摺扇	zip3
9259	接	接	zip3	zip2	zip3
9260	楫	楫	zip3 舟楫,cap1 通輯字，聚也；〈又〉舟楫，讀同咠/輯	zip2 舟楫,cap2 通輯字，聚也；〈又〉舟楫，讀同咠/輯	zip3
9261	褶	褶	zip3 皺褶，百褶裙	zip2 皺褶，百褶裙	zip3或zaap6
9262	輒	辄	zip3	zip2	zip3
9263	浹	浃	zip3 浹洽，汗流浹背,(又)gaap3 汗流浹背	zip2 浹洽，汗流浹背,(又)gaap2 汗流浹背	gaap3,zip3
9264	讋	詟	zip3	zip2	zip3
9265	截	截	zit6 截斷，攔截；量詞,(白)zet6 白～～，慘白；溶癟[pɛt2]～，（飯、麪條等）軟爛；細碎物摩擦聲	zit6 截斷，攔截；量詞,(白)slet6 表少量，一～鹽、一～油	zit6
9266	捷	捷	zit6 快捷，敏捷,(又)zit3	zit6 快捷，敏捷	zit6
9267	睫	睫	zit6 睫毛	zit6 睫毛	zit6
9268	節	节	zit3	zit2	zit3
9269	轍	辙	zit3	zit2	cit3
9270	櫛	栉	zit3 櫛比，讀同節	zit2 櫛比，讀同節	zit3
9271	婕	婕	zit3 婕妤	zit2 婕妤	zit3
9272	癤	疖	zit3	zit2	zit3
9273	岊	岊	zit3	zit2	zit3
9274	擳	擳	zit3 挃擳,(白)zet1 擠（牙膏）；胳肢（動詞）	zit2 挃擳,(白)zet3 擠（牙膏）；胳肢（動詞）	zit3,zit1
9275	瀄	瀄	zit3 瀄汨，泌瀄,(白)zet1 擠水濺出，與濺對轉；泌～，同義複用，引申爲排斥、開除	zit2 瀄汨，泌瀄,(白)zet3 擠水濺出，與濺對轉	zit3,zit1
9276	㘉	㘉	zit3 咇㘉	zit2 咇㘉	zit3
9277	哲	哲	zit3	zyut2	zit3
9278	折	折	zit3 折斷，打折；弄折了,sit6 折本，折抵（吃虧）	zyut2 折斷，打折；弄折了,syut6 折本，折抵（吃虧）	1)zit3:折磨 2)zip3:存折
9279	浙	浙	zit3	zyut2	zit3
9280	蜇	蜇	zit3 蜇人；海蜇（口語稱蜇皮）	zyut2 蜇人；海蜇（口語稱蜇皮）	zit3
9281	踅	踅	(訓)zit3 折回，訓讀折	(訓)zyut2 折回，訓讀折	cyut3
9282	晢	晢	zit3,(又)zai3	zyut2,(又)zai3	zai3,zit3
9283	喆	喆	zit3	zyut2	zit3
9284	䇽	䇽	zit3	zyut2	zit3
9285	兆	兆	ziu6	ziu6	siu6
9286	剿	剿	ziu2 剿滅，清剿,(白)ceu1 同抄字，剿襲，剿說,(文)caau1	ziu2 剿滅，清剿,caau1 同抄字，剿襲，剿說,(又)giu2 讀同繳	ziu2；同抄，剿襲
9287	召	召	ziu6 號召，密召，召見,siu6 姓；周朝國名,(訓)ziu1 召喚，召集，徵召，訓讀招	ziu6 號召，密召，召見,siu6 姓；周朝國名,(訓)ziu1 召喚，召集，徵召，訓讀招	ziu6；(古人名)siu6召公
9288	招	招	ziu1 招手，招牌；～紙，廣告紙（海報或商品上的商標紙）	ziu1 招手，招牌	ziu1
9289	朝	朝	ziu1 朝早，今朝,ciu4 朝代，朝向；朝鮮，古讀陟遙切	ziu1 朝早，今朝,ziu4 朝代，朝向；朝鮮，古讀陟遙切	1)ziu1:朝夕 2)ciu4:朝代
9290	椒	椒	ziu1	ziu1	ziu1
9291	沼	沼	ziu2 沼澤，沼氣,(常)ziu1 俗讀，讀同招	ziu2 沼澤，沼氣,(常)ziu1 俗讀，讀同招	ziu2
9292	焦	焦	ziu1 焦土，焦點,(白)zeu1 飯～，鍋巴	ziu1 焦土，焦點	ziu1
9293	照	照	ziu3	ziu3	ziu3
9294	礁	礁	ziu1	ziu1	ziu1
9295	蕉	蕉	ziu1 芭蕉	ziu1 芭蕉	ziu1
9296	趙	赵	ziu6	ziu6	ziu6
9297	詔	诏	ziu3 詔書，詔告,(常)ziu1 俗讀，讀同招	ziu3 詔書，詔告,(常)ziu1 俗讀，讀同招	ziu3
9298	醮	醮	ziu3 打醮	ziu3 打醮	ziu3
9299	鷦	鹪	ziu1	ziu1	ziu1
9300	噍	噍	ziu6 嚼	ziu6 嚼	ziu6
9301	僬	僬	ziu1 僬僥,ziu3 僬僬	ziu1 僬僥,ziu3 僬僬	ziu1,ziu3
9302	旐	旐	ziu6	ziu6	siu6
9303	曌	曌	ziu3	ziu3	ziu3
9304	燋	燋	ziu1 引火用的柴	ziu1 引火用的柴	ziu1
9305	皭	皭	ziu3,(又)zoek3	ziu3,(又)ziak2	ziu3,zoek6
9306	鉊	𬬿	ziu1	ziu1	ziu1
9307	鮡	𬶐	ziu6,(又)siu6	ziu6,(又)siu6	siu6
9308	勦	勦	ziu2 勞也,caau4 輕捷也；勞也；〈語〉皺、枯萎	ziu2 勞也,zaau4 輕捷也；勞也	ziu2
9309	摷	摷	ziu2 拘擊,caau1 取	ziu2 拘擊,caau1 取	ziu6
9310	炤	炤	ziu3 同照字,ciu1 同昭字	ziu3 同照字,ciu1 同昭字	ziu3
9311	佐	佐	zo2 輔佐，佐料；姓	zo2 輔佐，佐料；姓	zo3；(俗)zo2
9312	助	助	zo6	zo6	zo6
9313	左	左	zo2	zo2	zo2
9314	座	座	zo6	zo6	zo6
9315	阻	阻	zo2	zo2	zo2
9316	俎	俎	zo2	zo2	zo2
9317	詛	诅	zo2 詛咒	zo2 詛咒	zo3；(又)zo2
9318	唑	唑	zo6 咔唑，噻唑	zo6 咔唑，噻唑	zo6
9319	咗	咗	zo2 粵字，表完成，本字着/著；本地用嗮，但極其老派用[tʃœ35/tʃɛ35]➔[hœ35/hɛ35]，相當於作結果補語的嗮，未虛化爲完成體標記，與咗同源，現今老派只餘[hœ35]，食～啲飯，吃了這飯，見林亦《廣西粵方言的完成體和已然體標記》，收錄於2014年盧小群等《漢語方言時體問題新探索》；案，廣州的演變構擬[*tʃœk2-35]➔[*tʃœ35]➔[tʃɔ35]➔[tsɔ35]，南寧的演變構擬[*tʃœk2-35]➔[tʃœ35/tʃɛ35]➔[hœ35/hɛ35],zo1 俗字，阿吱阿～，說三道四，源自吱嗻，嗻多言也，演變構擬[*tʃɛ55]➔[*tʃœ55]➔[tʃɔ55]	zo2 粵字，表完成，本字着/著，本地用了	zo2
9320	嚼	嚼	zoek3	ziak2	zoek3
9321	灼	灼	zoek3 灼熱，燒灼	ziak2 灼熱，燒灼	zoek3
9322	爵	爵	zoek3	ziak2	zoek3
9323	着	着	zoek6 着涼，睡着；棋高一着（口語用招）,zoek3 衣着，着衫	ziak6 着涼，睡着；棋高一着（口語用招）,ziak2 衣着，着衫	1)zoek3:衣着 2)zoek6:看着，着涼
9324	酌	酌	zoek3	ziak2	zoek3
9325	勺	勺	zoek3 通酌字,soek6 湯勺，勺子	ziak2 通酌字,siak6 湯勺，勺子	zoek3
9326	斫	斫	zoek3 斧刃；斧砍	ziak2 斧刃；斧砍	zoek3
9327	芍	芍	zoek3 芍藥,(又)soek6	ziak2 芍藥,(又)siak6	zoek3
9328	妁	妁	zoek3	ziak2	zoek3
9329	爝	爝	zoek3	ziak2	zoek3
9330	鐯	䦃	zoek3	ziak2	zoek3
9331	汋	汋	zoek3 激水聲；通酌字	ziak2 激水聲；通酌字	zoek3
9332	禚	禚	zoek3	ziak2	zoek3
9333	斮	斮	zoek3 斬也	ziak2 斬也	zoek3
9334	卓	卓	(舊)zoek3 卓越，卓著,(新)zok3	zuk2 卓越，卓著	coek3
9335	桌	桌	(舊)zoek3 桌面，書桌,(新)zok3	zuk2 桌面，書桌	coek3；(又)zoek3；同棹zaau6
9336	倬	倬	zoek3 顯著；大,(又)zok3	zuk2 顯著；大	coek3
9337	䓬	䓬	zoek3,(又)zok3	zuk2	coek3
9338	晫	晫	zoek3,(又)zok3	zuk2	zoek3
9339	丈	丈	zoeng6 丈夫，丈量,(白)zoeng2 姨丈，姑丈	ziang6 丈夫，姨丈，丈量	zoeng6
9340	仗	仗	zoeng3 打仗，勝仗，敗仗,zoeng6 倚仗，炮仗，儀仗，仗義	ziang3 打仗，勝仗，敗仗,ziang6 倚仗，炮仗，儀仗，仗義	1)zoeng3:打仗 2)zoeng6:仗義執言
9341	像	像	zoeng6	ziang6	zoeng6
9342	匠	匠	zoeng6	ziang6	zoeng6
9343	獎	奖	zoeng2	ziang2	zoeng2
9344	將	将	zoeng3 大將,zoeng1 將來,coeng1 請也，將子無怒	ziang3 大將,ziang1 將來,ciang1 請也，將子無怒	1)zoeng1:將來 2)zoeng3:將領
9345	帳	帐	zoeng3 蚊帳，帳篷	ziang3 蚊帳，帳篷	zoeng3
9346	張	张	zoeng1	ziang1	zoeng1；(古)zoeng3夕張
9347	彰	彰	zoeng1	ziang1	zoeng1
9348	掌	掌	zoeng2	ziang2	zoeng2
9349	杖	杖	zoeng6	ziang6	zoeng6
9350	槳	桨	zoeng2	ziang2	zoeng2
9351	樟	樟	zoeng1	ziang1	zoeng1
9352	橡	橡	zoeng6 橡樹	ziang6 橡樹	zoeng6
9353	漿	浆	zoeng1 豆漿，漿糊	ziang1 豆漿，漿糊	zoeng1
9354	漲	涨	zoeng3 漲水，漲價；漲大,(又)zoeng2 漲水，漲價	ziang3 漲水，漲價；漲大,(又)ziang2 漲水，漲價	zoeng3；漲價又讀zoeng2
9355	章	章	zoeng1	ziang1	zoeng1
9356	脹	胀	zoeng3	ziang3	zoeng3
9357	蔣	蒋	zoeng2	ziang2	zoeng2
9358	象	象	zoeng6	ziang6	zoeng6
9359	賬	账	zoeng3 賬目，記賬	ziang3 賬目，記賬	zoeng3
9360	醬	酱	zoeng3	ziang3	zoeng3
9361	長	长	zoeng2 生長,coeng4 長短,(古)zoeng6 身無長物，俗讀長短之長	ziang2 生長,ziang4 長短,(古)ziang6 身無長物，俗讀長短之長	1)coeng4:長短＜長物又讀zoeng6＞ 2)zoeng2:長幼
9362	障	障	zoeng3 保障	ziang3 保障	zoeng3
9363	幛	幛	zoeng3	ziang3	zoeng3
9364	漳	漳	zoeng1	ziang1	zoeng1
9365	獐	獐	zoeng1	ziang1	zoeng1
9366	璋	璋	zoeng1	ziang1	zoeng1
9367	瘴	瘴	zoeng3 瘴氣	ziang3 瘴氣	zoeng3
9368	蟑	蟑	zoeng1	ziang1	zoeng1
9369	仉	仉	zoeng2 姓	ziang2 姓	zoeng2
9370	嶂	嶂	zoeng3	ziang3	zoeng3
9371	嫜	嫜	zoeng1	ziang1	zoeng1
9372	暲	暲	zoeng1	ziang1	zoeng1
9373	鄣	鄣	zoeng1	ziang1	zoeng1
9374	鱂	鳉	zoeng1	ziang1	zoeng1
9375	螿	螀	zoeng1	ziang1	zoeng1
9376	礃	礃	zoeng2	ziang2	zoeng2
9377	餦	𫗠	zoeng1	ziang1	zoeng1
9378	再	再	zoi3	zaai3	zoi3
9379	哉	哉	zoi1	zaai1	zoi1
9380	在	在	zoi6 現在，在位，實在（形容詞，誠實）,(白)zoi2 實在（副詞，的確、確實）	zaai6 現在，在位，實在（誠實；的確、確實）	zoi6
9381	宰	宰	zoi2	zaai2	zoi2
9382	栽	栽	zoi1	zaai1	zoi1
9383	災	灾	zoi1	zaai1	zoi1
9384	載	载	zoi2 年載，俗讀載重之載,zoi3 載重，滿載，記載	zaai2 年載，俗讀載重之載,zaai3 載重，滿載，記載	1)zoi3:載貨 2)zoi2:一年半載
9385	崽	崽	zoi2 子也,(白)zai2 小子或動物幼子，俗字仔	zaai2 小子或動物幼子，俗字仔	zoi2
9386	儎	傤	zoi3	zaai3	zoi3
9387	作	作	zok3 工作，作坊,(又)zok6 仵～佬，擡棺者	zaak2 工作，作坊	zok3
9388	鑿	凿	zok6 開鑿；鑿子；～大，吹牛	zaak6 開鑿；鑿子,(白)zak6 刺、扎，用筷子～看過，扣肉得𱤜,(白)zaak3 鋤	zok6
9389	昨	昨	zok6 昨晚，昨日，語流中易變[tʃɔ22/tʃʰɔ22],(語)zo6 語流音變,(語)co6 又音，語流音變	zaak6 昨晚，昨日,(訓)zi6 昨夜/日，本字謝	zok3；(又)zok6
9390	怍	怍	zok6	zaak6	zok6
9391	柞	柞	zok6 柞木，柞蠶,zaa3 地名，柞水（在陝西）,zaak3 砍，斜斫	zaak6 柞木，柞蠶,zaa3 地名，柞水（在陝西）,ziak2 砍，斜斫	zok6,zaa3,zaak3
9392	酢	酢	zok6 酬酢,cu3 酢漿草；同醋字	zaak6 酬酢,cu3 酢漿草；同醋字	zok6,cou3
9393	岞	岞	zok6	zaak6	zok6
9394	捉	捉	zok3 捉拿，捕捉，語流中也有讀[tʃʊk3]	zuk2 捉拿，捕捉	zuk1
9395	琢	琢	zok3 琢磨，雕琢	zuk2 琢磨，雕琢	doek3
9396	濯	濯	zok6	zuk6	zok6
9397	擢	擢	zok6	zuk6	zok6
9398	浞	浞	zok6 水溼	zuk6 水溼	zok6
9399	涿	涿	zok3 地名，涿州、涿鹿（在河北）	zuk2 地名，涿州、涿鹿（在河北）	doek3
9400	諑	诼	zok3 謠諑	zuk2 謠諑	doek3
9401	椓	椓	zok3	zuk2	doek3
9402	鷟	𬸦	zok6	zuk6	zok6
9403	䐁	䐁	zok3 臀；肥,duk1 容器或物體底部，也指方位盡頭，又作㞘字；量詞，泡（用於屎尿），另一說本字涿；地名，葫蘆～，即葫蘆頂，因白沙半島盡頭似葫蘆底得名，上建大橋稱葫蘆頂大橋，後被官員改爲葫蘆鼎，原意已失	zuk2 臀；肥,doek2 容器或物體底部，也指方位盡頭，腳～，腳跟，又作㞘字；量詞，泡（用於屎尿），另一說本字涿；地名，葫蘆～，即葫蘆頂，因白沙半島盡頭似葫蘆底得名，上建大橋稱葫蘆頂大橋，後被官員改爲葫蘆鼎，原意已失	doek3,duk1
9404	壯	壮	zong3 強壯	zaang3 強壯	zong3
9405	妝	妆	zong1 化妝，妝扮	zaang1 化妝，妝扮	zong1
9406	莊	庄	zong1	zaang1	zong1
9407	狀	状	zong6	zaang6	zong6
9408	臟	脏	zong6 內臟，五臟	zaang6 內臟，五臟	zong6
9409	髒	脏	zong1 骯髒	zaang1 骯髒	zong1
9410	葬	葬	zong3	zaang3	zong3
9411	藏	藏	zong6 寶藏,cong4 隱藏	zaang6 寶藏,zaang4 隱藏	1)cong4:埋藏 2)zong6:寶藏
9412	裝	装	zong1	zaang1	zong1
9413	贓	赃	zong1 贓物，貪贓	zaang1 贓物，貪贓	zong1
9414	奘	奘	zong6 粗大；玄奘	zaang6 粗大；玄奘	zong1；(又)zong6
9415	臧	臧	zong1	zaang1	zong1
9416	牂	牂	zong1	zaang1	zong1
9417	駔	驵	zong2 壯馬；駔儈,zu2 駿馬,cong2 駔子（流氓）	zaang2 壯馬；駔儈,zu2 駿馬,caang2 駔子（流氓）	cong2,zong2,zou2
9418	撞	撞	zong6	zung6	zong6
9419	樁	桩	zong1	zung1	zong1
9420	漴	漴	zong6	zung6	zong6
9421	早	早	zu2	zaau2	zou2
9422	棗	枣	zu2	zaau2	zou2
9423	澡	澡	zu2	zaau2	cou3；(又)zou2
9424	糟	糟	zu1	zaau1	zou1
9425	藻	藻	zu2 水藻，小球藻,(常)cu3 俗讀，讀同燥/躁	zaau2 水藻，小球藻	zou2
9426	蚤	蚤	zu2 跳蚤（口語稱狗蝨、跳蝨）	zaau2 跳蚤（口語稱跳蝨）	zou2
9427	造	造	zu6 製造，造船，早造；造詣，古讀七到切	zaau6 製造，造船，早造；造詣，古讀七到切,(白)zaau5 ～火，生火，麻雀～竇，麻雀建窩	1)zou6:造船 2)cou3:造詣
9428	遭	遭	zu1	zaau1	zou1
9429	皁	皂	zu6 皁角，青紅皁白	zaau6 皁角，青紅皁白	zou6
9430	竈	灶	zu3 爐竈，竈神	zaau3 爐竈，竈神	zou3
9431	璪	璪	zu2	zaau2	zou2
9432	唕	唣	zu6 囉唕	zaau6 囉唕	zou6
9433	慥	慥	zu6 慥慥,(又)cu3	zaau6 慥慥,(又)caau3	cou3,zou6
9434	簉	簉	zu6	zaau6	zou6
9435	皂	皂	zu6 肥皂，皂莢	zaau6 肥皂，皂莢	zou6
9436	做	做	zu3 做工，做人	zu3 做工，做人	zou6
9437	祖	祖	zu2 祖先，祖宗；阿～、～～，曾祖父或曾祖母，面稱	zu2 祖先，祖宗	zou2
9438	租	租	zu1	zu1	zou1
9439	組	组	zu2	zu2	zou2
9440	祚	祚	zu6	zu6	zou6
9441	胙	胙	zu6	zu6	zou6
9442	珇	珇	zu2	zu2	zeoi2,zou2
9443	阼	阼	zu6	zu6	zou6
9444	嘴	嘴	zui2 嘴巴，多嘴，瓶嘴,(白)jui2 ～一啖，咬一口，已罕用	zui2 嘴巴，多嘴，瓶嘴	zeoi2
9445	墜	坠	zui6	zui6	zeoi6
9446	最	最	zui3	zui3	zeoi3
9447	椎	椎	zui1 椎骨，頸椎，椎子,cui4 同槌/捶字,(白)jui1 椎子（榛子）	zui1 椎骨，頸椎，椎子,zui4 同槌/捶字	1)zeoi1:椎骨 2)ceoi4:鐵椎
9448	綴	缀	zui3 點綴，綴合,(又)zui6	zui3 點綴，綴合,(又)zui6	zeoi6
9449	罪	罪	zui6	zui6	zeoi6
9450	贅	赘	zui6 累贅，贅言,(又)zui3 沉～，囉唆，當源自冗贅，讀成沉贅	zui6 累贅，贅言	zeoi6
9451	追	追	zui1	zui1	zeoi1
9452	醉	醉	zui3	zui3	zeoi3
9453	錐	锥	zui1 圓錐，鐵錐,(白)jui1 鐵錐；鑽、刺	zui1 圓錐，鐵錐	zeoi1
9454	惴	惴	zui3	zui3	zeoi3
9455	縋	缒	zui6	zui6	zeoi6
9456	蕞	蕞	zui3	zui3	zeoi3
9457	騅	骓	zui1	zui1	zeoi1
9458	檇	槜	zui3 檇李	zui3 檇李	zeoi3
9459	觜	觜	zui2 鳥嘴,zi1 二十八宿之一,(老派)zy1	zui2 鳥嘴,zi1 二十八宿之一	zeoi2,zi1
9460	隹	隹	zui1	zui1	zeoi1
9461	㙍	㙍	zui3 地名用字	zui3 地名用字	zeoi3
9462	晬	晬	zui3	zui3	zeoi3
9463	脧	脧	zui1 赤子陰	zui1 赤子陰	zeoi1
9464	膇	膇	zui6	zui6	zeoi6,deoi3
9465	鐲	镯	zuk6 手鐲，鐲子,(舊)zuk1 俗讀，讀同燭	cuk2 手鐲，鐲子	zuk1
9466	俗	俗	zuk6 風俗，俗世,(又)suk6,(又)sluk6	sloek6 風俗，俗世	zuk6
9467	囑	嘱	zuk1 囑咐，遺囑	zoek2 囑咐，遺囑	zuk1
9468	族	族	zuk6	zoek6	zuk6
9469	燭	烛	zuk1	zoek2	zuk1
9470	矚	瞩	zuk1	zoek2	zuk1
9471	祝	祝	zuk1	zoek2	zuk1
9472	竹	竹	zuk1	zoek2	zuk1
9473	粥	粥	zuk1	zoek2	zuk1
9474	續	续	zuk6	zoek6	zuk6
9475	足	足	zuk1 滿足，足球；百～，蜈蚣	zoek2 滿足，足球,(又)sloek2 百～，蜈蚣	zuk1；(古)zeoi3足恭
9476	軸	轴	zuk6	zoek6	zuk6
9477	逐	逐	zuk6	zoek6	zuk6
9478	妯	妯	zuk6	zoek6	zuk6
9479	竺	竺	zuk1	zoek2	zuk1
9480	躅	躅	zuk6 躑躅	zoek6 躑躅	zuk6
9481	鏃	镞	zuk6	zoek6	zuk6
9482	瘃	瘃	zuk1	zoek2	zuk1
9483	柷	柷	zuk1 柷敔	zoek2 柷敔	zuk1
9484	舳	舳	zuk6	zoek6	zuk6
9485	蠋	蠋	zuk1	zoek2	zuk1
9486	濁	浊	zuk6	zuk6	zuk6
9487	冢	冢	zung2 枯冢，衣冠冢	coeng2 枯冢，衣冠冢	cung2
9488	中	中	zung3 中計，打中；〈語〉同、正好同處在、恰好同處於，～一間房、～一隻部門、～一天、～一個班,zung1 中間，當中	zoeng3 中計，打中；〈語〉動詞後表完成或曾經發生，𱤜（未曾）來～，還沒來，冇來～，沒來過,zoeng1 中間，當中	1)zung1:中央 2)zung3:中毒
9489	仲	仲	zung6 伯仲，仲裁；〈語〉副詞，還、仍，本字重	zoeng6 伯仲，仲裁；〈語〉副詞，還、仍，本字重,(語)zung6 又音，副詞，還、仍	zung6
9490	眾	众	zung3 同衆字	zoeng3 同衆字	zung3
9491	宗	宗	zung1	zoeng1	zung1
9492	忠	忠	zung1	zoeng1	zung1
9493	總	总	zung2	zoeng2	zung2
9494	棕	棕	zung1 同椶字，棕色，棕櫚	zoeng1 同椶字，棕色，棕櫚	zung1；同㯶
9495	種	种	zung3 種植,zung2 種類	zoeng3 種植,zoeng2 種類	1)zung2:種子 2)zung3:種植
9496	縱	纵	zung6 放縱；縱橫，古讀平聲	zoeng3 放縱,zoeng1 縱橫	1)zung3:縱虎歸山 2)zung1:縱橫
9497	終	终	zung1	zoeng1	zung1
9498	綜	综	zung1 綜合；織縷，古讀去聲	zoeng1 綜合；織縷，古讀去聲	zung1；(又)zung3
9499	腫	肿	zung2	zoeng2	zung2
9500	衷	衷	zung1	zoeng1	zung1 或 cung1
9501	訟	讼	zung6	zoeng6	zung6
9502	誦	诵	zung6	zoeng6	zung6
9503	蹤	踪	zung1	zoeng1	zung1
9504	鍾	钟	zung1 鍾情，鍾愛	zoeng1 鍾情，鍾愛	zung1
9505	鐘	钟	zung1 鬧鐘	zoeng1 鬧鐘	zung1
9506	頌	颂	zung6	zoeng6	zung6
9507	衆	众	zung3 衆多，大衆	zoeng3 衆多，大衆	zung3
9508	踵	踵	zung2	zoeng2	zung2；(又)dung2
9509	鬃	鬃	zung1	zoeng1	zung1
9510	傯	偬	zung2	zoeng2	zung2
9511	瘲	疭	zung3 瘛瘲	zoeng3 瘛瘲	zung3
9512	盅	盅	zung1 酒盅，一盅酒，源自鍾，酒器也	zoeng1 酒盅，一盅酒，源自鍾，酒器也	zung1
9513	糉	粽	zung3 糉子	zoeng3 糉子	zung2
9514	螽	螽	zung1	zoeng1	zung1
9515	倧	倧	zung1	zoeng1	zung1
9516	柊	柊	zung1,(又)dung1	zoeng1,(又)doeng1	dung1
9517	舯	舯	zung1	zoeng1	zung1
9518	鬷	鬷	zung1	zoeng1	zung1
9519	腙	腙	zung1	zoeng1	zung1
9520	茽	茽	zung6	zoeng6	zung6
9521	粽	粽	zung3 同糉字	zoeng3 同糉字	zung3；(又)zung2
9522	摠	摠	zung2	zoeng2	zung2
9523	騣	騣	zung1	zoeng1	zung1
9524	䁓	䁓	zung1 視也,(語)zong1 偷看，偷～，俗字裝	zoeng1 視也,(語)zaang1 偷看，～看，俗字裝	zung1,zong1
9525	䝋	䝋	zung3 公豬	zoeng3 公豬	zung1；(又)zung3
9526	椶	棕	zung1 椶色，椶櫚	zoeng1 椶色，椶櫚	zung1
9527	蹱	蹱	zung1 躘蹱,(白)cung3 唦[ʃa21]哩[li55]躘[lʊŋ22]～，莽撞；躘[lʊŋ22]躘[lʊŋ22]～～，踉踉蹌蹌	zoeng1 躘蹱,(又)coeng3	zung1
9528	㙡	𭎂	zung1	zoeng1	zung1
9529	主	主	zyu2	zyu2	zyu2
9530	住	住	zyu6 居住，住所；用於動詞後表持續體，啲小學生都爭～發言，這些小學生都爭着發言，也表進行體，我而家打～字，我現在正在打字，表進行體老派多用緊	zyu6 居住，住所；用於動詞後表持續體，渠在門口徛～，他在門口站着	zyu6
9531	嶼	屿	zyu6 島嶼,(又)jyu5 讀同與	zyu6 島嶼,(又)jyu5 讀同與	1)zeoi6:島嶼 2)jyu4:大嶼山
9532	序	序	zyu6	zyu6	zeoi6
9533	拄	拄	zyu2 拄柺杖,(又)cyu5 讀同柱	zyu2 拄柺杖,(又)zyu5 讀同柱	zyu2
9534	朱	朱	zyu1 朱砂，朱漆；姓	zyu1 朱砂，朱漆；姓	zyu1
9535	硃	朱	zyu1 硃砂，同朱砂	zyu1 硃砂，同朱砂	zyu1
9536	株	株	zyu1	zyu1	zyu1
9537	沮	沮	zyu2 沮喪，沮遏,(古)zyu1 沮水,(古)zyu3 沮洳	zyu2 沮喪，沮遏,(古)zyu1 沮水,(古)zyu3 沮洳	zeoi2；(古)zeoi3沮洳；zeoi1沮水
9538	注	注	zyu3 注意	zyu3 注意	zyu3
9539	註	注	zyu3 註解	zyu3 註解	zyu3
9540	煮	煮	zyu2 煮飯，煮粥	zyu2 煮飯，煮粥	zyu2
9541	豬	猪	zyu1 豬肉，養豬；～嘴，噘嘴,(白)doe1 ～嘴，噘嘴，知三讀如端	zyu1 豬肉，養豬,(白)dyu1 ～嘴，噘嘴，知三讀如端	zyu1
9542	珠	珠	zyu1 珍珠，珠算	zyu1 珍珠，珠算,(白)dyu1 皮膚上的小疙瘩，蚊子～，被蚊子叮後腫起的小包；姣～，戲稱粉刺；～突[tœk5/tok5]，疙瘩；案，章組讀如端組	zyu1
9543	聚	聚	zyu6 聚會，聚餐,(又)zyu3 團聚，凝聚	zyu6 聚會，凝聚	zeoi6
9544	著	著	zyu3 著作，顯著,zoek3 衣著，著衫，俗作着,zoek6 著涼，睡著；棋高一著（口語用招）；俗作着	zyu3 著作，顯著,ziak2 衣著，著衫，俗作着,ziak6 著涼，睡著；棋高一著（口語用招）；俗作着	1)zyu3:著述 2)zoek3:衣著 3)zoek6:看著，著涼；另參考4145【着】字
9545	蛀	蛀	zyu3 蛀牙，蛀蟲	zyu3 蛀牙，蛀蟲,(白)dyu3 （馬蜂）蟄，（蚊蟲）叮，章組讀如端組	zyu3
9546	蛛	蛛	zyu1	zyu1	zyu1
9547	諸	诸	zyu1	zyu1	zyu1
9548	鑄	铸	zyu3	zyu3	zyu3
9549	駐	驻	zyu3,(又)zyu6	zyu3	zyu3
9550	敘	叙	zyu6 記敘，敘事	zyu6 記敘，敘事	zeoi6
9551	侏	侏	zyu1	zyu1	zyu1
9552	咀	咀	zyu2 咀嚼	zyu2 咀嚼	zeoi2
9553	渚	渚	zyu2	zyu2	zyu2
9554	狙	狙	zyu1	zyu1	zeoi1
9555	疽	疽	zyu1	zyu1	zeoi1
9556	茱	茱	zyu1	zyu1	zyu1
9557	誅	诛	zyu1	zyu1	zyu1
9558	銖	铢	zyu1	zyu1	zyu1；(又)syu4
9559	齟	龃	zyu2	zyu2	zeoi2
9560	姝	姝	zyu1,(又)syu1	zyu1,(又)syu1	zyu1,syu1
9561	櫧	槠	zyu1	zyu1	zyu1
9562	洙	洙	zyu1	zyu1	zyu1
9563	漵	溆	zyu6	zyu6	zeoi6
9564	瀦	潴	zyu1	zyu1	zyu1
9565	炷	炷	zyu3	zyu3	zyu3
9566	箸	箸	zyu6 下箸，箸籠；量詞，一～菜，一夾菜	zyu6 下箸，箸籠；量詞	zyu6
9567	翥	翥	zyu3	zyu3	zyu3
9568	菹	菹	zyu1	zyu1	zeoi1
9569	趄	趄	zyu1 趑趄,ce3 傾斜；趔趄	zyu1 趑趄,ce3 傾斜；趔趄	zeoi1,ce3,cit3
9570	邾	邾	zyu1	zyu1	zyu1
9571	雎	雎	zyu1	zyu1	zeoi1
9572	麈	麈	zyu2	zyu2	zyu2
9573	垿	垿	zyu6	zyu6	zeoi6
9574	娵	娵	zyu1	zyu1	zeoi1
9575	岨	岨	zyu1 石山戴土,zo2 同阻字，險要,zyu2 岨峿	zyu1 石山戴土,zo2 同阻字，險要,zyu2 岨峿	zeoi1,zeoi2
9576	櫫	橥	zyu1	zyu1	zyu1
9577	疰	疰	zyu3	zyu3	zyu3
9578	砠	砠	zyu1 同岨字	zyu1 同岨字	zeoi1
9579	芧	芧	zyu6 橡樹或橡實,cyu5 同苧字	zyu6 橡樹或橡實,zyu5 同苧字	zeoi6,cyu5
9580	跙	跙	zyu6 行不進也,ce2 足利；〈語〉走開、離去，俗字扯	zyu6 行不進也,ce2 足利；〈語〉走開、離去，俗字扯	zeoi1
9581	鉏	𬬺	zyu2 鉏鋙,cyu4 古國名；姓,co4 同鋤字	zyu2 鉏鋙,zyu4 古國名；姓,zo4 同鋤字	co4,ceoi4,zeoi2
9582	鑽	钻	(名)zyun3 鑽子,(動)zyun1 鑽研	(名)zon3 鑽子,(動)zon1 鑽研,(白)njon3 用錐子等鑽，～穿窿喇	zyun3
9583	纂	纂	zyun2 編纂，纂修	zon2 編纂，纂修	zyun2
9584	攥	攥	zyun6 纂的分化字，攥緊，攥拳	zon6 纂的分化字，攥緊，攥拳,(白)zan5 手指聚攏擠壓，～啲汁出來,(白)zen5 用手虎口緊按，～手～腳、～頸	zaan6
9585	纘	缵	zyun2	zon2	zyun2
9586	尊	尊	zyun1	zun1	zyun1；同撙zeon1
9587	遵	遵	zyun1	zun1	zeon1
9588	撙	撙	zyun2	zun2	zyun2
9589	躦	躜	zyun1	zun1	zyun1
9590	鱒	鳟	zyun1	zun1	zyun1
9591	僔	僔	zyun2	zun2	zyun2
9592	噂	噂	zyun2	zun2	zyun2
9593	鐏	𨱔	zyun1	zun1	zyun3,zeon1
9594	專	专	zyun1	zyun1	zyun1
9595	傳	传	zyun6 傳記，自傳,cyun4 傳達，宣傳，傳奇	zyun6 傳記，自傳,zyun4 傳達，宣傳，傳奇	1)cyun4:傳達 2)zyun6:小傳
9596	撰	撰	zyun6 撰寫，杜撰	zyun6 撰寫，杜撰	zaan6
9597	磚	砖	zyun1	zyun1	zyun1
9598	轉	转	zyun3 轉動，公轉；轉彎，轉身，轉頭,zyun2 轉移，轉送，旋轉	zyun3 轉動，公轉；轉彎，轉身，轉頭,zyun2 轉移，轉送，旋轉	1)zyun2:轉送 2)zyun3:轉得快
9599	囀	啭	zyun2	zyun2	zyun2
9600	篆	篆	zyun6	zyun6	syun6
9601	膞	䏝	zyun1 雞膞	zyun1 雞膞	zyun1
9602	鐫	镌	zyun1	zyun1	zyun1,zeon3
9603	顓	颛	zyun1	zyun1	zyun1
9604	饌	馔	zyun6	zyun6	zaan6
9605	僎	僎	zyun6 具備	zyun6 具備	zaan6
9606	瑑	瑑	zyun6	zyun6	syun6
9607	耑	耑	zyun1 同專字,dyun1 端的古字；姓	zyun1 同專字,dun1 端的古字；姓	zyun1,dyun1
9608	䉵	䉵	zyun6	zyun6	zaan6
9609	朘	朘	zyun1 縮減；剝削	zyun1 縮減；剝削	zyun1
9610	籑	籑	zyun6	zyun6	zaan6
9611	譔	譔	zyun6	zyun6	zaan6
9612	蟀	蟀	zyut1 ～～，蟋蟀,(又)zat1 蟋[ɬɐt5]蟀	zat2 ～～，蟋蟀；蟋[ɬɐt3]蟀	seot1
9613	捽	捽	zyut6 揪	zat6 揪	zyut6
9614	崒	崒	zyut6,(又)zat1,(又)zyut1	zat6,(又)zat2	zeot1,zyut6
9615	㰵	㰵	zyut1 吮吸；飲,(又)zat1,(白)zoet1 吮吸；吻	zat2 吮吸；飲,(白)zot3 吮吸，～瀰[me21]，吸奶；吻，～嘴，親嘴	zeot1
9616	拙	拙	zyut3 拙作，笨拙，勤能補拙,(又)zyut6 笨拙，前字調類化；勤能補拙	zyut2 拙作，笨拙，勤能補拙	zyut3
9617	絕	绝	zyut6	zyut6	zyut6
9618	茁	茁	zyut3	zyut2	zyut3
9619	啜	啜	zyut3 喝；哭泣,caai3 姓	zyut2 喝；哭泣,caai3 姓,(白)slot6 象聲詞，吃麪條吃得～～聲,(語)sot3 象聲詞，欶牛奶欶得～～聲	zyut3,ceoi3
9620	絀	绌	zyut3	zyut2	zyut3
9621	輟	辍	zyut3	zyut2	zyut3
9622	梲	棁	zyut3 梁上短柱,tyut3 杖	zyut2 梁上短柱,tut2 杖	zyut3,tyut3
9623	裰	裰	zyut3	zyut2	zyut3
9624	剟	剟	zyut3	zyut2	zyut3
9625	叕	叕	zyut3	zyut2	zyut3
9626	惙	惙	zyut3	zyut2	zyut3
9627	歠	歠	zyut3	zyut2	zyut3
9628	腏	腏	zyut3 骨間髓,(語)cot6 假借字，男陰，戳物的合音，俗字戳；詈語，～頭，龜頭，笨～，笨蛋、膿包；後綴成分，～死，要死，貴～死，貴得要死；程度副詞，噉～屎，這麼差勁，也說噉㞓屎，老～屎，裝老成、裝老練，也說老㞓屎	zyut2 骨間髓,(語)cot6 假借字，男陰，戳物的合音，俗字戳；詈語，～頭，龜頭；後綴成分，～死，要死，貴～死，貴得要死；程度副詞，老～屎，年紀不大卻裝老成、自作聰明	zyut3
